/----------------------------------------------------------------------------\
 |  yosys -- Yosys Open SYnthesis Suite                                       |
 |  Copyright (C) 2012 - 2025  Claire Xenia Wolf <claire@yosyshq.com>         |
 |  Distributed under an ISC-like license, type "license" to see terms        |
 \----------------------------------------------------------------------------/
 Yosys 0.56 (git sha1 9c447ad9d4b1ea589369364eea38b4d70da2c599, x86_64-w64-mingw32-g++ 15.2.0 -march=nocona -msahf -mtune=generic -O2 -fstack-protector-strong -O3)

-- Executing script file `C:\Users\satheesh\chiploop-saas\.tmp_lec_repro\combined_multiclock.ys' --

1. Executing Verilog-2005 frontend: C:\Users\satheesh\chiploop-saas\.tmp_workflow_a51ebfb7\fpga\handoff\rtl\adaptive_aero_control_top.v
Parsing SystemVerilog input from `C:\Users\satheesh\chiploop-saas\.tmp_workflow_a51ebfb7\fpga\handoff\rtl\adaptive_aero_control_top.v' to AST representation.
Generating RTLIL representation for module `\adaptive_aero_control_top'.
Successfully finished Verilog frontend.

2. Executing Verilog-2005 frontend: C:\Users\satheesh\chiploop-saas\.tmp_workflow_a51ebfb7\fpga\handoff\rtl\adaptive_aero_control_top_actuator_safety.v
Parsing SystemVerilog input from `C:\Users\satheesh\chiploop-saas\.tmp_workflow_a51ebfb7\fpga\handoff\rtl\adaptive_aero_control_top_actuator_safety.v' to AST representation.
Generating RTLIL representation for module `\adaptive_aero_control_top_actuator_safety'.
Successfully finished Verilog frontend.

3. Executing Verilog-2005 frontend: C:\Users\satheesh\chiploop-saas\.tmp_workflow_a51ebfb7\fpga\handoff\rtl\adaptive_aero_control_top_mmio.v
Parsing SystemVerilog input from `C:\Users\satheesh\chiploop-saas\.tmp_workflow_a51ebfb7\fpga\handoff\rtl\adaptive_aero_control_top_mmio.v' to AST representation.
Generating RTLIL representation for module `\adaptive_aero_control_top_mmio'.
Successfully finished Verilog frontend.

4. Executing Verilog-2005 frontend: C:\Users\satheesh\chiploop-saas\.tmp_workflow_a51ebfb7\fpga\handoff\rtl\adaptive_aero_control_top_request_fsm.v
Parsing SystemVerilog input from `C:\Users\satheesh\chiploop-saas\.tmp_workflow_a51ebfb7\fpga\handoff\rtl\adaptive_aero_control_top_request_fsm.v' to AST representation.
Generating RTLIL representation for module `\adaptive_aero_control_top_request_fsm'.
Successfully finished Verilog frontend.

5. Executing Verilog-2005 frontend: C:\Users\satheesh\chiploop-saas\.tmp_workflow_a51ebfb7\fpga\handoff\rtl\adaptive_aero_control_top_spi_fpga_top.sv
Parsing SystemVerilog input from `C:\Users\satheesh\chiploop-saas\.tmp_workflow_a51ebfb7\fpga\handoff\rtl\adaptive_aero_control_top_spi_fpga_top.sv' to AST representation.
Generating RTLIL representation for module `\adaptive_aero_control_top_spi_fpga_top'.
Successfully finished Verilog frontend.

6. Executing PREP pass.

6.1. Executing HIERARCHY pass (managing design hierarchy).

6.1.1. Analyzing design hierarchy..
Top module:  \adaptive_aero_control_top_spi_fpga_top
Used module:     \adaptive_aero_control_top
Used module:         \adaptive_aero_control_top_actuator_safety
Used module:         \adaptive_aero_control_top_request_fsm
Used module:         \adaptive_aero_control_top_mmio

6.1.2. Analyzing design hierarchy..
Top module:  \adaptive_aero_control_top_spi_fpga_top
Used module:     \adaptive_aero_control_top
Used module:         \adaptive_aero_control_top_actuator_safety
Used module:         \adaptive_aero_control_top_request_fsm
Used module:         \adaptive_aero_control_top_mmio
Removed 0 unused modules.

6.2. Executing PROC pass (convert processes to netlists).

6.2.1. Executing PROC_CLEAN pass (remove empty switches from decision trees).
Found and cleaned up 1 empty switch in `\adaptive_aero_control_top_request_fsm.$proc$C:\Users\satheesh\chiploop-saas\.tmp_workflow_a51ebfb7\fpga\handoff\rtl\adaptive_aero_control_top_request_fsm.v:137$86'.
Cleaned up 1 empty switch.

6.2.2. Executing PROC_RMDEAD pass (remove dead branches from decision trees).
Marked 1 switch rules as full_case in process $proc$C:\Users\satheesh\chiploop-saas\.tmp_workflow_a51ebfb7\fpga\handoff\rtl\adaptive_aero_control_top_spi_fpga_top.sv:61$114 in module adaptive_aero_control_top_spi_fpga_top.
Marked 1 switch rules as full_case in process $proc$C:\Users\satheesh\chiploop-saas\.tmp_workflow_a51ebfb7\fpga\handoff\rtl\adaptive_aero_control_top_spi_fpga_top.sv:52$111 in module adaptive_aero_control_top_spi_fpga_top.
Marked 1 switch rules as full_case in process $proc$C:\Users\satheesh\chiploop-saas\.tmp_workflow_a51ebfb7\fpga\handoff\rtl\adaptive_aero_control_top_spi_fpga_top.sv:48$110 in module adaptive_aero_control_top_spi_fpga_top.
Marked 1 switch rules as full_case in process $proc$C:\Users\satheesh\chiploop-saas\.tmp_workflow_a51ebfb7\fpga\handoff\rtl\adaptive_aero_control_top_request_fsm.v:237$108 in module adaptive_aero_control_top_request_fsm.
Marked 9 switch rules as full_case in process $proc$C:\Users\satheesh\chiploop-saas\.tmp_workflow_a51ebfb7\fpga\handoff\rtl\adaptive_aero_control_top_request_fsm.v:137$86 in module adaptive_aero_control_top_request_fsm.
Marked 2 switch rules as full_case in process $proc$C:\Users\satheesh\chiploop-saas\.tmp_workflow_a51ebfb7\fpga\handoff\rtl\adaptive_aero_control_top_mmio.v:156$83 in module adaptive_aero_control_top_mmio.
Marked 3 switch rules as full_case in process $proc$C:\Users\satheesh\chiploop-saas\.tmp_workflow_a51ebfb7\fpga\handoff\rtl\adaptive_aero_control_top_actuator_safety.v:87$25 in module adaptive_aero_control_top_actuator_safety.
Removed a total of 0 dead cases.

6.2.3. Executing PROC_PRUNE pass (remove redundant assignments in processes).
Removed 30 redundant assignments.
Promoted 23 assignments to connections.

6.2.4. Executing PROC_INIT pass (extract init attributes).

6.2.5. Executing PROC_ARST pass (detect async resets in processes).
Found async reset \reset_n in `\adaptive_aero_control_top_spi_fpga_top.$proc$C:\Users\satheesh\chiploop-saas\.tmp_workflow_a51ebfb7\fpga\handoff\rtl\adaptive_aero_control_top_spi_fpga_top.sv:61$114'.
Found async reset \spi_cs_n in `\adaptive_aero_control_top_spi_fpga_top.$proc$C:\Users\satheesh\chiploop-saas\.tmp_workflow_a51ebfb7\fpga\handoff\rtl\adaptive_aero_control_top_spi_fpga_top.sv:48$110'.
Found async reset \reset_n in `\adaptive_aero_control_top_request_fsm.$proc$C:\Users\satheesh\chiploop-saas\.tmp_workflow_a51ebfb7\fpga\handoff\rtl\adaptive_aero_control_top_request_fsm.v:237$108'.
Found async reset \reset_n in `\adaptive_aero_control_top_mmio.$proc$C:\Users\satheesh\chiploop-saas\.tmp_workflow_a51ebfb7\fpga\handoff\rtl\adaptive_aero_control_top_mmio.v:156$83'.
Found async reset \reset_n in `\adaptive_aero_control_top_actuator_safety.$proc$C:\Users\satheesh\chiploop-saas\.tmp_workflow_a51ebfb7\fpga\handoff\rtl\adaptive_aero_control_top_actuator_safety.v:87$25'.

6.2.6. Executing PROC_ROM pass (convert switches to ROMs).
Converted 0 switches.
<suppressed ~21 debug messages>

6.2.7. Executing PROC_MUX pass (convert decision trees to multiplexers).
Creating decoders for process `\adaptive_aero_control_top_spi_fpga_top.$proc$C:\Users\satheesh\chiploop-saas\.tmp_workflow_a51ebfb7\fpga\handoff\rtl\adaptive_aero_control_top_spi_fpga_top.sv:0$118'.
Creating decoders for process `\adaptive_aero_control_top_spi_fpga_top.$proc$C:\Users\satheesh\chiploop-saas\.tmp_workflow_a51ebfb7\fpga\handoff\rtl\adaptive_aero_control_top_spi_fpga_top.sv:61$114'.
     1/5: $0\tx_snapshot[118:0]
     2/5: $0\spi_cs_prev[0:0]
     3/5: $0\spi_cs_sync[0:0]
     4/5: $0\spi_cs_meta[0:0]
     5/5: $0\rx_active[132:0]
Creating decoders for process `\adaptive_aero_control_top_spi_fpga_top.$proc$C:\Users\satheesh\chiploop-saas\.tmp_workflow_a51ebfb7\fpga\handoff\rtl\adaptive_aero_control_top_spi_fpga_top.sv:52$111'.
     1/2: $0\tx_shift[118:0]
     2/2: $0\rx_shift[132:0]
Creating decoders for process `\adaptive_aero_control_top_spi_fpga_top.$proc$C:\Users\satheesh\chiploop-saas\.tmp_workflow_a51ebfb7\fpga\handoff\rtl\adaptive_aero_control_top_spi_fpga_top.sv:48$110'.
     1/1: $0\spi_active[0:0]
Creating decoders for process `\adaptive_aero_control_top_request_fsm.$proc$C:\Users\satheesh\chiploop-saas\.tmp_workflow_a51ebfb7\fpga\handoff\rtl\adaptive_aero_control_top_request_fsm.v:237$108'.
     1/18: $0\model_rsp_ready_r[0:0]
     2/18: $0\model_req_valid_r[0:0]
     3/18: $0\model_req_desc_r[63:0]
     4/18: $0\fault_summary_r[15:0]
     5/18: $0\age_counter_r[31:0]
     6/18: $0\selected_cmd_valid_r[0:0]
     7/18: $0\selected_cmd_r[15:0]
     8/18: $0\irq_pulse_r[0:0]
     9/18: $0\fallback_active_r[0:0]
    10/18: $0\service_error_r[0:0]
    11/18: $0\envelope_violation_r[0:0]
    12/18: $0\timeout_expired_r[0:0]
    13/18: $0\stale_reject_r[0:0]
    14/18: $0\response_received_r[0:0]
    15/18: $0\pending_r[0:0]
    16/18: $0\response_req_id_r[7:0]
    17/18: $0\outstanding_req_id_r[7:0]
    18/18: $0\state_r[7:0]
Creating decoders for process `\adaptive_aero_control_top_request_fsm.$proc$C:\Users\satheesh\chiploop-saas\.tmp_workflow_a51ebfb7\fpga\handoff\rtl\adaptive_aero_control_top_request_fsm.v:137$86'.
     1/61: $8\next_state[7:0]
     2/61: $3\selected_cmd_next[15:0]
     3/61: $3\selected_cmd_valid_next[0:0]
     4/61: $4\next_age_counter[31:0]
     5/61: $7\next_state[7:0]
     6/61: $7\next_pending[0:0]
     7/61: $1\next_outstanding_req_id[7:0]
     8/61: $6\next_fault_summary[15:0] [15:5]
     9/61: $6\next_fault_summary[15:0] [4]
    10/61: $6\next_fault_summary[15:0] [3:2]
    11/61: $6\next_fault_summary[15:0] [1]
    12/61: $6\next_fault_summary[15:0] [0]
    13/61: $3\next_age_counter[31:0]
    14/61: $6\next_irq_pulse[0:0]
    15/61: $2\selected_cmd_valid_next[0:0]
    16/61: $2\selected_cmd_next[15:0]
    17/61: $6\next_pending[0:0]
    18/61: $6\next_state[7:0]
    19/61: $6\next_fallback_active[0:0]
    20/61: $2\next_service_error[0:0]
    21/61: $2\next_stale_reject[0:0]
    22/61: $5\next_fault_summary[15:0]
    23/61: $2\next_age_counter[31:0]
    24/61: $5\next_irq_pulse[0:0]
    25/61: $5\next_fallback_active[0:0]
    26/61: $1\next_service_error[0:0]
    27/61: $1\next_stale_reject[0:0]
    28/61: $5\next_pending[0:0]
    29/61: $5\next_state[7:0]
    30/61: $1\selected_cmd_valid_next[0:0]
    31/61: $1\selected_cmd_next[15:0]
    32/61: $1\next_response_received[0:0]
    33/61: $1\response_ok[0:0]
    34/61: $1\id_match[0:0]
    35/61: $1\next_response_req_id[7:0]
    36/61: $4\next_fault_summary[2:2]
    37/61: $4\next_irq_pulse[0:0]
    38/61: $4\next_pending[0:0]
    39/61: $4\next_state[7:0]
    40/61: $4\next_fallback_active[0:0]
    41/61: $1\next_envelope_violation[0:0]
    42/61: $3\next_fault_summary[3:3]
    43/61: $3\next_pending[0:0]
    44/61: $3\next_state[7:0]
    45/61: $3\next_irq_pulse[0:0]
    46/61: $3\next_fallback_active[0:0]
    47/61: $2\next_fault_summary[0:0]
    48/61: $2\next_pending[0:0]
    49/61: $2\next_state[7:0]
    50/61: $2\next_irq_pulse[0:0]
    51/61: $2\next_fallback_active[0:0]
    52/61: $2\next_timeout_expired[0:0]
    53/61: $2\timeout_bad[0:0]
    54/61: $1\timeout_bad[0:0]
    55/61: $1\next_fault_summary[0:0]
    56/61: $1\next_irq_pulse[0:0]
    57/61: $1\next_fallback_active[0:0]
    58/61: $1\next_timeout_expired[0:0]
    59/61: $1\next_pending[0:0]
    60/61: $1\next_state[7:0]
    61/61: $1\next_age_counter[31:0]
Creating decoders for process `\adaptive_aero_control_top_mmio.$proc$C:\Users\satheesh\chiploop-saas\.tmp_workflow_a51ebfb7\fpga\handoff\rtl\adaptive_aero_control_top_mmio.v:156$83'.
     1/20: $0\wb_dat_o_r[31:0]
     2/20: $0\wb_err_o_r[0:0]
     3/20: $0\wb_ack_o_r[0:0]
     4/20: $0\r_status_flags[7:0]
     5/20: $0\r_command_mode[3:0]
     6/20: $0\r_timestamp[31:0]
     7/20: $0\r_flow_handle[15:0]
     8/20: $0\r_geometry_handle[15:0]
     9/20: $0\r_request_id[7:0]
    10/20: $0\r_request_issue[0:0]
    11/20: $0\r_allow_multi_outstanding[0:0]
    12/20: $0\r_force_safe_mode[0:0]
    13/20: $0\r_fallback_cmd[15:0]
    14/20: $0\r_rate_limit_step[15:0]
    15/20: $0\r_rate_limit_en[0:0]
    16/20: $0\r_clamp_max[15:0]
    17/20: $0\r_clamp_min[15:0]
    18/20: $0\r_timeout_cycles[31:0]
    19/20: $0\r_oper_en_max[15:0]
    20/20: $0\r_oper_en_min[15:0]
Creating decoders for process `\adaptive_aero_control_top_actuator_safety.$proc$C:\Users\satheesh\chiploop-saas\.tmp_workflow_a51ebfb7\fpga\handoff\rtl\adaptive_aero_control_top_actuator_safety.v:87$25'.
     1/4: $0\actuator_cmd_valid_r[0:0]
     2/4: $0\actuator_cmd_r[15:0]
     3/4: $0\reg_clamp_active_r[0:0]
     4/4: $0\last_accepted_cmd_r[15:0]

6.2.8. Executing PROC_DLATCH pass (convert process syncs to latches).
No latch inferred for signal `\adaptive_aero_control_top_spi_fpga_top.\spi_miso' from process `\adaptive_aero_control_top_spi_fpga_top.$proc$C:\Users\satheesh\chiploop-saas\.tmp_workflow_a51ebfb7\fpga\handoff\rtl\adaptive_aero_control_top_spi_fpga_top.sv:0$118'.
No latch inferred for signal `\adaptive_aero_control_top_request_fsm.\selected_cmd_next' from process `\adaptive_aero_control_top_request_fsm.$proc$C:\Users\satheesh\chiploop-saas\.tmp_workflow_a51ebfb7\fpga\handoff\rtl\adaptive_aero_control_top_request_fsm.v:137$86'.
No latch inferred for signal `\adaptive_aero_control_top_request_fsm.\selected_cmd_valid_next' from process `\adaptive_aero_control_top_request_fsm.$proc$C:\Users\satheesh\chiploop-saas\.tmp_workflow_a51ebfb7\fpga\handoff\rtl\adaptive_aero_control_top_request_fsm.v:137$86'.
No latch inferred for signal `\adaptive_aero_control_top_request_fsm.\next_state' from process `\adaptive_aero_control_top_request_fsm.$proc$C:\Users\satheesh\chiploop-saas\.tmp_workflow_a51ebfb7\fpga\handoff\rtl\adaptive_aero_control_top_request_fsm.v:137$86'.
No latch inferred for signal `\adaptive_aero_control_top_request_fsm.\next_outstanding_req_id' from process `\adaptive_aero_control_top_request_fsm.$proc$C:\Users\satheesh\chiploop-saas\.tmp_workflow_a51ebfb7\fpga\handoff\rtl\adaptive_aero_control_top_request_fsm.v:137$86'.
No latch inferred for signal `\adaptive_aero_control_top_request_fsm.\next_response_req_id' from process `\adaptive_aero_control_top_request_fsm.$proc$C:\Users\satheesh\chiploop-saas\.tmp_workflow_a51ebfb7\fpga\handoff\rtl\adaptive_aero_control_top_request_fsm.v:137$86'.
No latch inferred for signal `\adaptive_aero_control_top_request_fsm.\next_pending' from process `\adaptive_aero_control_top_request_fsm.$proc$C:\Users\satheesh\chiploop-saas\.tmp_workflow_a51ebfb7\fpga\handoff\rtl\adaptive_aero_control_top_request_fsm.v:137$86'.
No latch inferred for signal `\adaptive_aero_control_top_request_fsm.\next_response_received' from process `\adaptive_aero_control_top_request_fsm.$proc$C:\Users\satheesh\chiploop-saas\.tmp_workflow_a51ebfb7\fpga\handoff\rtl\adaptive_aero_control_top_request_fsm.v:137$86'.
No latch inferred for signal `\adaptive_aero_control_top_request_fsm.\next_stale_reject' from process `\adaptive_aero_control_top_request_fsm.$proc$C:\Users\satheesh\chiploop-saas\.tmp_workflow_a51ebfb7\fpga\handoff\rtl\adaptive_aero_control_top_request_fsm.v:137$86'.
No latch inferred for signal `\adaptive_aero_control_top_request_fsm.\next_timeout_expired' from process `\adaptive_aero_control_top_request_fsm.$proc$C:\Users\satheesh\chiploop-saas\.tmp_workflow_a51ebfb7\fpga\handoff\rtl\adaptive_aero_control_top_request_fsm.v:137$86'.
No latch inferred for signal `\adaptive_aero_control_top_request_fsm.\next_envelope_violation' from process `\adaptive_aero_control_top_request_fsm.$proc$C:\Users\satheesh\chiploop-saas\.tmp_workflow_a51ebfb7\fpga\handoff\rtl\adaptive_aero_control_top_request_fsm.v:137$86'.
No latch inferred for signal `\adaptive_aero_control_top_request_fsm.\next_service_error' from process `\adaptive_aero_control_top_request_fsm.$proc$C:\Users\satheesh\chiploop-saas\.tmp_workflow_a51ebfb7\fpga\handoff\rtl\adaptive_aero_control_top_request_fsm.v:137$86'.
No latch inferred for signal `\adaptive_aero_control_top_request_fsm.\next_fallback_active' from process `\adaptive_aero_control_top_request_fsm.$proc$C:\Users\satheesh\chiploop-saas\.tmp_workflow_a51ebfb7\fpga\handoff\rtl\adaptive_aero_control_top_request_fsm.v:137$86'.
No latch inferred for signal `\adaptive_aero_control_top_request_fsm.\next_irq_pulse' from process `\adaptive_aero_control_top_request_fsm.$proc$C:\Users\satheesh\chiploop-saas\.tmp_workflow_a51ebfb7\fpga\handoff\rtl\adaptive_aero_control_top_request_fsm.v:137$86'.
No latch inferred for signal `\adaptive_aero_control_top_request_fsm.\next_age_counter' from process `\adaptive_aero_control_top_request_fsm.$proc$C:\Users\satheesh\chiploop-saas\.tmp_workflow_a51ebfb7\fpga\handoff\rtl\adaptive_aero_control_top_request_fsm.v:137$86'.
No latch inferred for signal `\adaptive_aero_control_top_request_fsm.\next_fault_summary' from process `\adaptive_aero_control_top_request_fsm.$proc$C:\Users\satheesh\chiploop-saas\.tmp_workflow_a51ebfb7\fpga\handoff\rtl\adaptive_aero_control_top_request_fsm.v:137$86'.
No latch inferred for signal `\adaptive_aero_control_top_request_fsm.\req_desc_comb' from process `\adaptive_aero_control_top_request_fsm.$proc$C:\Users\satheesh\chiploop-saas\.tmp_workflow_a51ebfb7\fpga\handoff\rtl\adaptive_aero_control_top_request_fsm.v:137$86'.
No latch inferred for signal `\adaptive_aero_control_top_request_fsm.\cmd_raw' from process `\adaptive_aero_control_top_request_fsm.$proc$C:\Users\satheesh\chiploop-saas\.tmp_workflow_a51ebfb7\fpga\handoff\rtl\adaptive_aero_control_top_request_fsm.v:137$86'.
No latch inferred for signal `\adaptive_aero_control_top_request_fsm.\envelope_bad' from process `\adaptive_aero_control_top_request_fsm.$proc$C:\Users\satheesh\chiploop-saas\.tmp_workflow_a51ebfb7\fpga\handoff\rtl\adaptive_aero_control_top_request_fsm.v:137$86'.
No latch inferred for signal `\adaptive_aero_control_top_request_fsm.\timeout_bad' from process `\adaptive_aero_control_top_request_fsm.$proc$C:\Users\satheesh\chiploop-saas\.tmp_workflow_a51ebfb7\fpga\handoff\rtl\adaptive_aero_control_top_request_fsm.v:137$86'.
No latch inferred for signal `\adaptive_aero_control_top_request_fsm.\id_match' from process `\adaptive_aero_control_top_request_fsm.$proc$C:\Users\satheesh\chiploop-saas\.tmp_workflow_a51ebfb7\fpga\handoff\rtl\adaptive_aero_control_top_request_fsm.v:137$86'.
No latch inferred for signal `\adaptive_aero_control_top_request_fsm.\response_ok' from process `\adaptive_aero_control_top_request_fsm.$proc$C:\Users\satheesh\chiploop-saas\.tmp_workflow_a51ebfb7\fpga\handoff\rtl\adaptive_aero_control_top_request_fsm.v:137$86'.
No latch inferred for signal `\adaptive_aero_control_top_request_fsm.\issue_req' from process `\adaptive_aero_control_top_request_fsm.$proc$C:\Users\satheesh\chiploop-saas\.tmp_workflow_a51ebfb7\fpga\handoff\rtl\adaptive_aero_control_top_request_fsm.v:137$86'.

6.2.9. Executing PROC_DFF pass (convert process syncs to FFs).
Creating register for signal `\adaptive_aero_control_top_spi_fpga_top.\rx_active' using process `\adaptive_aero_control_top_spi_fpga_top.$proc$C:\Users\satheesh\chiploop-saas\.tmp_workflow_a51ebfb7\fpga\handoff\rtl\adaptive_aero_control_top_spi_fpga_top.sv:61$114'.
  created $adff cell `$procdff$574' with positive edge clock and positive level reset.
Creating register for signal `\adaptive_aero_control_top_spi_fpga_top.\tx_snapshot' using process `\adaptive_aero_control_top_spi_fpga_top.$proc$C:\Users\satheesh\chiploop-saas\.tmp_workflow_a51ebfb7\fpga\handoff\rtl\adaptive_aero_control_top_spi_fpga_top.sv:61$114'.
  created $adff cell `$procdff$579' with positive edge clock and positive level reset.
Creating register for signal `\adaptive_aero_control_top_spi_fpga_top.\spi_cs_meta' using process `\adaptive_aero_control_top_spi_fpga_top.$proc$C:\Users\satheesh\chiploop-saas\.tmp_workflow_a51ebfb7\fpga\handoff\rtl\adaptive_aero_control_top_spi_fpga_top.sv:61$114'.
  created $adff cell `$procdff$584' with positive edge clock and positive level reset.
Creating register for signal `\adaptive_aero_control_top_spi_fpga_top.\spi_cs_sync' using process `\adaptive_aero_control_top_spi_fpga_top.$proc$C:\Users\satheesh\chiploop-saas\.tmp_workflow_a51ebfb7\fpga\handoff\rtl\adaptive_aero_control_top_spi_fpga_top.sv:61$114'.
  created $adff cell `$procdff$589' with positive edge clock and positive level reset.
Creating register for signal `\adaptive_aero_control_top_spi_fpga_top.\spi_cs_prev' using process `\adaptive_aero_control_top_spi_fpga_top.$proc$C:\Users\satheesh\chiploop-saas\.tmp_workflow_a51ebfb7\fpga\handoff\rtl\adaptive_aero_control_top_spi_fpga_top.sv:61$114'.
  created $adff cell `$procdff$594' with positive edge clock and positive level reset.
Creating register for signal `\adaptive_aero_control_top_spi_fpga_top.\rx_shift' using process `\adaptive_aero_control_top_spi_fpga_top.$proc$C:\Users\satheesh\chiploop-saas\.tmp_workflow_a51ebfb7\fpga\handoff\rtl\adaptive_aero_control_top_spi_fpga_top.sv:52$111'.
  created $dff cell `$procdff$595' with positive edge clock.
Creating register for signal `\adaptive_aero_control_top_spi_fpga_top.\tx_shift' using process `\adaptive_aero_control_top_spi_fpga_top.$proc$C:\Users\satheesh\chiploop-saas\.tmp_workflow_a51ebfb7\fpga\handoff\rtl\adaptive_aero_control_top_spi_fpga_top.sv:52$111'.
  created $dff cell `$procdff$596' with positive edge clock.
Creating register for signal `\adaptive_aero_control_top_spi_fpga_top.\spi_active' using process `\adaptive_aero_control_top_spi_fpga_top.$proc$C:\Users\satheesh\chiploop-saas\.tmp_workflow_a51ebfb7\fpga\handoff\rtl\adaptive_aero_control_top_spi_fpga_top.sv:48$110'.
  created $adff cell `$procdff$599' with positive edge clock and positive level reset.
Creating register for signal `\adaptive_aero_control_top_request_fsm.\state_r' using process `\adaptive_aero_control_top_request_fsm.$proc$C:\Users\satheesh\chiploop-saas\.tmp_workflow_a51ebfb7\fpga\handoff\rtl\adaptive_aero_control_top_request_fsm.v:237$108'.
  created $adff cell `$procdff$604' with positive edge clock and positive level reset.
Creating register for signal `\adaptive_aero_control_top_request_fsm.\outstanding_req_id_r' using process `\adaptive_aero_control_top_request_fsm.$proc$C:\Users\satheesh\chiploop-saas\.tmp_workflow_a51ebfb7\fpga\handoff\rtl\adaptive_aero_control_top_request_fsm.v:237$108'.
  created $adff cell `$procdff$609' with positive edge clock and positive level reset.
Creating register for signal `\adaptive_aero_control_top_request_fsm.\response_req_id_r' using process `\adaptive_aero_control_top_request_fsm.$proc$C:\Users\satheesh\chiploop-saas\.tmp_workflow_a51ebfb7\fpga\handoff\rtl\adaptive_aero_control_top_request_fsm.v:237$108'.
  created $adff cell `$procdff$614' with positive edge clock and positive level reset.
Creating register for signal `\adaptive_aero_control_top_request_fsm.\pending_r' using process `\adaptive_aero_control_top_request_fsm.$proc$C:\Users\satheesh\chiploop-saas\.tmp_workflow_a51ebfb7\fpga\handoff\rtl\adaptive_aero_control_top_request_fsm.v:237$108'.
  created $adff cell `$procdff$619' with positive edge clock and positive level reset.
Creating register for signal `\adaptive_aero_control_top_request_fsm.\response_received_r' using process `\adaptive_aero_control_top_request_fsm.$proc$C:\Users\satheesh\chiploop-saas\.tmp_workflow_a51ebfb7\fpga\handoff\rtl\adaptive_aero_control_top_request_fsm.v:237$108'.
  created $adff cell `$procdff$624' with positive edge clock and positive level reset.
Creating register for signal `\adaptive_aero_control_top_request_fsm.\stale_reject_r' using process `\adaptive_aero_control_top_request_fsm.$proc$C:\Users\satheesh\chiploop-saas\.tmp_workflow_a51ebfb7\fpga\handoff\rtl\adaptive_aero_control_top_request_fsm.v:237$108'.
  created $adff cell `$procdff$629' with positive edge clock and positive level reset.
Creating register for signal `\adaptive_aero_control_top_request_fsm.\timeout_expired_r' using process `\adaptive_aero_control_top_request_fsm.$proc$C:\Users\satheesh\chiploop-saas\.tmp_workflow_a51ebfb7\fpga\handoff\rtl\adaptive_aero_control_top_request_fsm.v:237$108'.
  created $adff cell `$procdff$634' with positive edge clock and positive level reset.
Creating register for signal `\adaptive_aero_control_top_request_fsm.\envelope_violation_r' using process `\adaptive_aero_control_top_request_fsm.$proc$C:\Users\satheesh\chiploop-saas\.tmp_workflow_a51ebfb7\fpga\handoff\rtl\adaptive_aero_control_top_request_fsm.v:237$108'.
  created $adff cell `$procdff$639' with positive edge clock and positive level reset.
Creating register for signal `\adaptive_aero_control_top_request_fsm.\service_error_r' using process `\adaptive_aero_control_top_request_fsm.$proc$C:\Users\satheesh\chiploop-saas\.tmp_workflow_a51ebfb7\fpga\handoff\rtl\adaptive_aero_control_top_request_fsm.v:237$108'.
  created $adff cell `$procdff$644' with positive edge clock and positive level reset.
Creating register for signal `\adaptive_aero_control_top_request_fsm.\fallback_active_r' using process `\adaptive_aero_control_top_request_fsm.$proc$C:\Users\satheesh\chiploop-saas\.tmp_workflow_a51ebfb7\fpga\handoff\rtl\adaptive_aero_control_top_request_fsm.v:237$108'.
  created $adff cell `$procdff$649' with positive edge clock and positive level reset.
Creating register for signal `\adaptive_aero_control_top_request_fsm.\irq_pulse_r' using process `\adaptive_aero_control_top_request_fsm.$proc$C:\Users\satheesh\chiploop-saas\.tmp_workflow_a51ebfb7\fpga\handoff\rtl\adaptive_aero_control_top_request_fsm.v:237$108'.
  created $adff cell `$procdff$654' with positive edge clock and positive level reset.
Creating register for signal `\adaptive_aero_control_top_request_fsm.\selected_cmd_r' using process `\adaptive_aero_control_top_request_fsm.$proc$C:\Users\satheesh\chiploop-saas\.tmp_workflow_a51ebfb7\fpga\handoff\rtl\adaptive_aero_control_top_request_fsm.v:237$108'.
  created $adff cell `$procdff$659' with positive edge clock and positive level reset.
Creating register for signal `\adaptive_aero_control_top_request_fsm.\selected_cmd_valid_r' using process `\adaptive_aero_control_top_request_fsm.$proc$C:\Users\satheesh\chiploop-saas\.tmp_workflow_a51ebfb7\fpga\handoff\rtl\adaptive_aero_control_top_request_fsm.v:237$108'.
  created $adff cell `$procdff$664' with positive edge clock and positive level reset.
Creating register for signal `\adaptive_aero_control_top_request_fsm.\age_counter_r' using process `\adaptive_aero_control_top_request_fsm.$proc$C:\Users\satheesh\chiploop-saas\.tmp_workflow_a51ebfb7\fpga\handoff\rtl\adaptive_aero_control_top_request_fsm.v:237$108'.
  created $adff cell `$procdff$669' with positive edge clock and positive level reset.
Creating register for signal `\adaptive_aero_control_top_request_fsm.\fault_summary_r' using process `\adaptive_aero_control_top_request_fsm.$proc$C:\Users\satheesh\chiploop-saas\.tmp_workflow_a51ebfb7\fpga\handoff\rtl\adaptive_aero_control_top_request_fsm.v:237$108'.
  created $adff cell `$procdff$674' with positive edge clock and positive level reset.
Creating register for signal `\adaptive_aero_control_top_request_fsm.\model_req_desc_r' using process `\adaptive_aero_control_top_request_fsm.$proc$C:\Users\satheesh\chiploop-saas\.tmp_workflow_a51ebfb7\fpga\handoff\rtl\adaptive_aero_control_top_request_fsm.v:237$108'.
  created $adff cell `$procdff$679' with positive edge clock and positive level reset.
Creating register for signal `\adaptive_aero_control_top_request_fsm.\model_req_valid_r' using process `\adaptive_aero_control_top_request_fsm.$proc$C:\Users\satheesh\chiploop-saas\.tmp_workflow_a51ebfb7\fpga\handoff\rtl\adaptive_aero_control_top_request_fsm.v:237$108'.
  created $adff cell `$procdff$684' with positive edge clock and positive level reset.
Creating register for signal `\adaptive_aero_control_top_request_fsm.\model_rsp_ready_r' using process `\adaptive_aero_control_top_request_fsm.$proc$C:\Users\satheesh\chiploop-saas\.tmp_workflow_a51ebfb7\fpga\handoff\rtl\adaptive_aero_control_top_request_fsm.v:237$108'.
  created $adff cell `$procdff$689' with positive edge clock and positive level reset.
Creating register for signal `\adaptive_aero_control_top_mmio.\r_oper_en_min' using process `\adaptive_aero_control_top_mmio.$proc$C:\Users\satheesh\chiploop-saas\.tmp_workflow_a51ebfb7\fpga\handoff\rtl\adaptive_aero_control_top_mmio.v:156$83'.
  created $adff cell `$procdff$694' with positive edge clock and positive level reset.
Creating register for signal `\adaptive_aero_control_top_mmio.\r_oper_en_max' using process `\adaptive_aero_control_top_mmio.$proc$C:\Users\satheesh\chiploop-saas\.tmp_workflow_a51ebfb7\fpga\handoff\rtl\adaptive_aero_control_top_mmio.v:156$83'.
  created $adff cell `$procdff$699' with positive edge clock and positive level reset.
Creating register for signal `\adaptive_aero_control_top_mmio.\r_timeout_cycles' using process `\adaptive_aero_control_top_mmio.$proc$C:\Users\satheesh\chiploop-saas\.tmp_workflow_a51ebfb7\fpga\handoff\rtl\adaptive_aero_control_top_mmio.v:156$83'.
  created $adff cell `$procdff$704' with positive edge clock and positive level reset.
Creating register for signal `\adaptive_aero_control_top_mmio.\r_clamp_min' using process `\adaptive_aero_control_top_mmio.$proc$C:\Users\satheesh\chiploop-saas\.tmp_workflow_a51ebfb7\fpga\handoff\rtl\adaptive_aero_control_top_mmio.v:156$83'.
  created $adff cell `$procdff$709' with positive edge clock and positive level reset.
Creating register for signal `\adaptive_aero_control_top_mmio.\r_clamp_max' using process `\adaptive_aero_control_top_mmio.$proc$C:\Users\satheesh\chiploop-saas\.tmp_workflow_a51ebfb7\fpga\handoff\rtl\adaptive_aero_control_top_mmio.v:156$83'.
  created $adff cell `$procdff$714' with positive edge clock and positive level reset.
Creating register for signal `\adaptive_aero_control_top_mmio.\r_rate_limit_en' using process `\adaptive_aero_control_top_mmio.$proc$C:\Users\satheesh\chiploop-saas\.tmp_workflow_a51ebfb7\fpga\handoff\rtl\adaptive_aero_control_top_mmio.v:156$83'.
  created $adff cell `$procdff$719' with positive edge clock and positive level reset.
Creating register for signal `\adaptive_aero_control_top_mmio.\r_rate_limit_step' using process `\adaptive_aero_control_top_mmio.$proc$C:\Users\satheesh\chiploop-saas\.tmp_workflow_a51ebfb7\fpga\handoff\rtl\adaptive_aero_control_top_mmio.v:156$83'.
  created $adff cell `$procdff$724' with positive edge clock and positive level reset.
Creating register for signal `\adaptive_aero_control_top_mmio.\r_fallback_cmd' using process `\adaptive_aero_control_top_mmio.$proc$C:\Users\satheesh\chiploop-saas\.tmp_workflow_a51ebfb7\fpga\handoff\rtl\adaptive_aero_control_top_mmio.v:156$83'.
  created $adff cell `$procdff$729' with positive edge clock and positive level reset.
Creating register for signal `\adaptive_aero_control_top_mmio.\r_force_safe_mode' using process `\adaptive_aero_control_top_mmio.$proc$C:\Users\satheesh\chiploop-saas\.tmp_workflow_a51ebfb7\fpga\handoff\rtl\adaptive_aero_control_top_mmio.v:156$83'.
  created $adff cell `$procdff$734' with positive edge clock and positive level reset.
Creating register for signal `\adaptive_aero_control_top_mmio.\r_allow_multi_outstanding' using process `\adaptive_aero_control_top_mmio.$proc$C:\Users\satheesh\chiploop-saas\.tmp_workflow_a51ebfb7\fpga\handoff\rtl\adaptive_aero_control_top_mmio.v:156$83'.
  created $adff cell `$procdff$739' with positive edge clock and positive level reset.
Creating register for signal `\adaptive_aero_control_top_mmio.\r_request_issue' using process `\adaptive_aero_control_top_mmio.$proc$C:\Users\satheesh\chiploop-saas\.tmp_workflow_a51ebfb7\fpga\handoff\rtl\adaptive_aero_control_top_mmio.v:156$83'.
  created $adff cell `$procdff$744' with positive edge clock and positive level reset.
Creating register for signal `\adaptive_aero_control_top_mmio.\r_request_id' using process `\adaptive_aero_control_top_mmio.$proc$C:\Users\satheesh\chiploop-saas\.tmp_workflow_a51ebfb7\fpga\handoff\rtl\adaptive_aero_control_top_mmio.v:156$83'.
  created $adff cell `$procdff$749' with positive edge clock and positive level reset.
Creating register for signal `\adaptive_aero_control_top_mmio.\r_geometry_handle' using process `\adaptive_aero_control_top_mmio.$proc$C:\Users\satheesh\chiploop-saas\.tmp_workflow_a51ebfb7\fpga\handoff\rtl\adaptive_aero_control_top_mmio.v:156$83'.
  created $adff cell `$procdff$754' with positive edge clock and positive level reset.
Creating register for signal `\adaptive_aero_control_top_mmio.\r_flow_handle' using process `\adaptive_aero_control_top_mmio.$proc$C:\Users\satheesh\chiploop-saas\.tmp_workflow_a51ebfb7\fpga\handoff\rtl\adaptive_aero_control_top_mmio.v:156$83'.
  created $adff cell `$procdff$759' with positive edge clock and positive level reset.
Creating register for signal `\adaptive_aero_control_top_mmio.\r_timestamp' using process `\adaptive_aero_control_top_mmio.$proc$C:\Users\satheesh\chiploop-saas\.tmp_workflow_a51ebfb7\fpga\handoff\rtl\adaptive_aero_control_top_mmio.v:156$83'.
  created $adff cell `$procdff$764' with positive edge clock and positive level reset.
Creating register for signal `\adaptive_aero_control_top_mmio.\r_command_mode' using process `\adaptive_aero_control_top_mmio.$proc$C:\Users\satheesh\chiploop-saas\.tmp_workflow_a51ebfb7\fpga\handoff\rtl\adaptive_aero_control_top_mmio.v:156$83'.
  created $adff cell `$procdff$769' with positive edge clock and positive level reset.
Creating register for signal `\adaptive_aero_control_top_mmio.\r_status_flags' using process `\adaptive_aero_control_top_mmio.$proc$C:\Users\satheesh\chiploop-saas\.tmp_workflow_a51ebfb7\fpga\handoff\rtl\adaptive_aero_control_top_mmio.v:156$83'.
  created $adff cell `$procdff$774' with positive edge clock and positive level reset.
Creating register for signal `\adaptive_aero_control_top_mmio.\wb_dat_o_r' using process `\adaptive_aero_control_top_mmio.$proc$C:\Users\satheesh\chiploop-saas\.tmp_workflow_a51ebfb7\fpga\handoff\rtl\adaptive_aero_control_top_mmio.v:156$83'.
  created $adff cell `$procdff$779' with positive edge clock and positive level reset.
Creating register for signal `\adaptive_aero_control_top_mmio.\wb_ack_o_r' using process `\adaptive_aero_control_top_mmio.$proc$C:\Users\satheesh\chiploop-saas\.tmp_workflow_a51ebfb7\fpga\handoff\rtl\adaptive_aero_control_top_mmio.v:156$83'.
  created $adff cell `$procdff$784' with positive edge clock and positive level reset.
Creating register for signal `\adaptive_aero_control_top_mmio.\wb_err_o_r' using process `\adaptive_aero_control_top_mmio.$proc$C:\Users\satheesh\chiploop-saas\.tmp_workflow_a51ebfb7\fpga\handoff\rtl\adaptive_aero_control_top_mmio.v:156$83'.
  created $adff cell `$procdff$789' with positive edge clock and positive level reset.
Creating register for signal `\adaptive_aero_control_top_actuator_safety.\last_accepted_cmd_r' using process `\adaptive_aero_control_top_actuator_safety.$proc$C:\Users\satheesh\chiploop-saas\.tmp_workflow_a51ebfb7\fpga\handoff\rtl\adaptive_aero_control_top_actuator_safety.v:87$25'.
  created $adff cell `$procdff$794' with positive edge clock and positive level reset.
Creating register for signal `\adaptive_aero_control_top_actuator_safety.\actuator_cmd_r' using process `\adaptive_aero_control_top_actuator_safety.$proc$C:\Users\satheesh\chiploop-saas\.tmp_workflow_a51ebfb7\fpga\handoff\rtl\adaptive_aero_control_top_actuator_safety.v:87$25'.
  created $adff cell `$procdff$799' with positive edge clock and positive level reset.
Creating register for signal `\adaptive_aero_control_top_actuator_safety.\actuator_cmd_valid_r' using process `\adaptive_aero_control_top_actuator_safety.$proc$C:\Users\satheesh\chiploop-saas\.tmp_workflow_a51ebfb7\fpga\handoff\rtl\adaptive_aero_control_top_actuator_safety.v:87$25'.
  created $adff cell `$procdff$804' with positive edge clock and positive level reset.
Creating register for signal `\adaptive_aero_control_top_actuator_safety.\reg_clamp_active_r' using process `\adaptive_aero_control_top_actuator_safety.$proc$C:\Users\satheesh\chiploop-saas\.tmp_workflow_a51ebfb7\fpga\handoff\rtl\adaptive_aero_control_top_actuator_safety.v:87$25'.
  created $adff cell `$procdff$809' with positive edge clock and positive level reset.

6.2.10. Executing PROC_MEMWR pass (convert process memory writes to cells).

6.2.11. Executing PROC_CLEAN pass (remove empty switches from decision trees).
Removing empty process `adaptive_aero_control_top_spi_fpga_top.$proc$C:\Users\satheesh\chiploop-saas\.tmp_workflow_a51ebfb7\fpga\handoff\rtl\adaptive_aero_control_top_spi_fpga_top.sv:0$118'.
Found and cleaned up 1 empty switch in `\adaptive_aero_control_top_spi_fpga_top.$proc$C:\Users\satheesh\chiploop-saas\.tmp_workflow_a51ebfb7\fpga\handoff\rtl\adaptive_aero_control_top_spi_fpga_top.sv:61$114'.
Removing empty process `adaptive_aero_control_top_spi_fpga_top.$proc$C:\Users\satheesh\chiploop-saas\.tmp_workflow_a51ebfb7\fpga\handoff\rtl\adaptive_aero_control_top_spi_fpga_top.sv:61$114'.
Found and cleaned up 2 empty switches in `\adaptive_aero_control_top_spi_fpga_top.$proc$C:\Users\satheesh\chiploop-saas\.tmp_workflow_a51ebfb7\fpga\handoff\rtl\adaptive_aero_control_top_spi_fpga_top.sv:52$111'.
Removing empty process `adaptive_aero_control_top_spi_fpga_top.$proc$C:\Users\satheesh\chiploop-saas\.tmp_workflow_a51ebfb7\fpga\handoff\rtl\adaptive_aero_control_top_spi_fpga_top.sv:52$111'.
Removing empty process `adaptive_aero_control_top_spi_fpga_top.$proc$C:\Users\satheesh\chiploop-saas\.tmp_workflow_a51ebfb7\fpga\handoff\rtl\adaptive_aero_control_top_spi_fpga_top.sv:48$110'.
Removing empty process `adaptive_aero_control_top_request_fsm.$proc$C:\Users\satheesh\chiploop-saas\.tmp_workflow_a51ebfb7\fpga\handoff\rtl\adaptive_aero_control_top_request_fsm.v:237$108'.
Found and cleaned up 9 empty switches in `\adaptive_aero_control_top_request_fsm.$proc$C:\Users\satheesh\chiploop-saas\.tmp_workflow_a51ebfb7\fpga\handoff\rtl\adaptive_aero_control_top_request_fsm.v:137$86'.
Removing empty process `adaptive_aero_control_top_request_fsm.$proc$C:\Users\satheesh\chiploop-saas\.tmp_workflow_a51ebfb7\fpga\handoff\rtl\adaptive_aero_control_top_request_fsm.v:137$86'.
Found and cleaned up 3 empty switches in `\adaptive_aero_control_top_mmio.$proc$C:\Users\satheesh\chiploop-saas\.tmp_workflow_a51ebfb7\fpga\handoff\rtl\adaptive_aero_control_top_mmio.v:156$83'.
Removing empty process `adaptive_aero_control_top_mmio.$proc$C:\Users\satheesh\chiploop-saas\.tmp_workflow_a51ebfb7\fpga\handoff\rtl\adaptive_aero_control_top_mmio.v:156$83'.
Found and cleaned up 6 empty switches in `\adaptive_aero_control_top_actuator_safety.$proc$C:\Users\satheesh\chiploop-saas\.tmp_workflow_a51ebfb7\fpga\handoff\rtl\adaptive_aero_control_top_actuator_safety.v:87$25'.
Removing empty process `adaptive_aero_control_top_actuator_safety.$proc$C:\Users\satheesh\chiploop-saas\.tmp_workflow_a51ebfb7\fpga\handoff\rtl\adaptive_aero_control_top_actuator_safety.v:87$25'.
Cleaned up 21 empty switches.

6.2.12. Executing OPT_EXPR pass (perform const folding).
Optimizing module adaptive_aero_control_top_spi_fpga_top.
<suppressed ~14 debug messages>
Optimizing module adaptive_aero_control_top_request_fsm.
<suppressed ~37 debug messages>
Optimizing module adaptive_aero_control_top_mmio.
<suppressed ~42 debug messages>
Optimizing module adaptive_aero_control_top_actuator_safety.
<suppressed ~9 debug messages>
Optimizing module adaptive_aero_control_top.

6.3. Executing FLATTEN pass (flatten design).
Deleting now unused module adaptive_aero_control_top_request_fsm.
Deleting now unused module adaptive_aero_control_top_mmio.
Deleting now unused module adaptive_aero_control_top_actuator_safety.
Deleting now unused module adaptive_aero_control_top.
<suppressed ~4 debug messages>

6.4. Executing FUTURE pass.

6.5. Executing OPT_EXPR pass (perform const folding).
Optimizing module adaptive_aero_control_top_spi_fpga_top.
<suppressed ~8 debug messages>

6.6. Executing OPT_CLEAN pass (remove unused cells and wires).
Finding unused cells or wires in module \adaptive_aero_control_top_spi_fpga_top..
Removed 103 unused cells and 439 unused wires.
<suppressed ~123 debug messages>

6.7. Executing CHECK pass (checking for obvious problems).
Checking module adaptive_aero_control_top_spi_fpga_top...
Found and reported 0 problems.

6.8. Executing OPT pass (performing simple optimizations).

6.8.1. Executing OPT_EXPR pass (perform const folding).
Optimizing module adaptive_aero_control_top_spi_fpga_top.

6.8.2. Executing OPT_MERGE pass (detect identical cells).
Finding identical cells in module `\adaptive_aero_control_top_spi_fpga_top'.
<suppressed ~60 debug messages>
Removed a total of 20 cells.

6.8.3. Executing OPT_MUXTREE pass (detect dead branches in mux trees).
Running muxtree optimizer on module \adaptive_aero_control_top_spi_fpga_top..
  Creating internal representation of mux trees.
  Evaluating internal representation of mux trees.
  Analyzing evaluation results.
    dead port 2/2 on $mux $flatten\u_core.\u_fsm.$procmux$154.
    dead port 2/2 on $mux $flatten\u_core.\u_fsm.$procmux$160.
    dead port 2/2 on $mux $flatten\u_core.\u_fsm.$procmux$166.
    dead port 2/2 on $mux $flatten\u_core.\u_fsm.$procmux$172.
    dead port 2/2 on $mux $flatten\u_core.\u_fsm.$procmux$178.
    dead port 2/2 on $mux $flatten\u_core.\u_fsm.$procmux$184.
    dead port 2/2 on $mux $flatten\u_core.\u_fsm.$procmux$189.
    dead port 2/2 on $mux $flatten\u_core.\u_fsm.$procmux$206.
    dead port 2/2 on $mux $flatten\u_core.\u_fsm.$procmux$212.
    dead port 2/2 on $mux $flatten\u_core.\u_fsm.$procmux$218.
    dead port 2/2 on $mux $flatten\u_core.\u_fsm.$procmux$224.
    dead port 2/2 on $mux $flatten\u_core.\u_fsm.$procmux$230.
    dead port 2/2 on $mux $flatten\u_core.\u_fsm.$procmux$311.
    dead port 2/2 on $mux $flatten\u_core.\u_fsm.$procmux$317.
    dead port 2/2 on $mux $flatten\u_core.\u_fsm.$procmux$323.
    dead port 2/2 on $mux $flatten\u_core.\u_fsm.$procmux$329.
    dead port 2/2 on $mux $flatten\u_core.\u_fsm.$procmux$335.
    dead port 2/2 on $mux $flatten\u_core.\u_fsm.$procmux$341.
    dead port 2/2 on $mux $flatten\u_core.\u_fsm.$procmux$347.
Removed 19 multiplexer ports.
<suppressed ~44 debug messages>

6.8.4. Executing OPT_REDUCE pass (consolidate $*mux and $reduce_* inputs).
  Optimizing cells in module \adaptive_aero_control_top_spi_fpga_top.
    New ctrl vector for $pmux cell $flatten\u_core.\u_mmio.$procmux$427: $auto$opt_reduce.cc:137:opt_pmux$815
  Optimizing cells in module \adaptive_aero_control_top_spi_fpga_top.
Performed a total of 1 changes.

6.8.5. Executing OPT_MERGE pass (detect identical cells).
Finding identical cells in module `\adaptive_aero_control_top_spi_fpga_top'.
<suppressed ~18 debug messages>
Removed a total of 6 cells.

6.8.6. Executing OPT_CLEAN pass (remove unused cells and wires).
Finding unused cells or wires in module \adaptive_aero_control_top_spi_fpga_top..
Removed 0 unused cells and 46 unused wires.
<suppressed ~5 debug messages>

6.8.7. Executing OPT_EXPR pass (perform const folding).
Optimizing module adaptive_aero_control_top_spi_fpga_top.

6.8.8. Rerunning OPT passes. (Maybe there is more to do..)

6.8.9. Executing OPT_MUXTREE pass (detect dead branches in mux trees).
Running muxtree optimizer on module \adaptive_aero_control_top_spi_fpga_top..
  Creating internal representation of mux trees.
  Evaluating internal representation of mux trees.
  Analyzing evaluation results.
Removed 0 multiplexer ports.
<suppressed ~44 debug messages>

6.8.10. Executing OPT_REDUCE pass (consolidate $*mux and $reduce_* inputs).
  Optimizing cells in module \adaptive_aero_control_top_spi_fpga_top.
Performed a total of 0 changes.

6.8.11. Executing OPT_MERGE pass (detect identical cells).
Finding identical cells in module `\adaptive_aero_control_top_spi_fpga_top'.
Removed a total of 0 cells.

6.8.12. Executing OPT_CLEAN pass (remove unused cells and wires).
Finding unused cells or wires in module \adaptive_aero_control_top_spi_fpga_top..

6.8.13. Executing OPT_EXPR pass (perform const folding).
Optimizing module adaptive_aero_control_top_spi_fpga_top.

6.8.14. Finished OPT passes. (There is nothing left to do.)

6.9. Executing WREDUCE pass (reducing word size of cells).
Removed top 7 bits (of 8) from port B of cell adaptive_aero_control_top_spi_fpga_top.$flatten\u_core.\u_fsm.$eq$C:\Users\satheesh\chiploop-saas\.tmp_workflow_a51ebfb7\fpga\handoff\rtl\adaptive_aero_control_top_request_fsm.v:161$88 ($eq).
Removed top 31 bits (of 32) from port B of cell adaptive_aero_control_top_spi_fpga_top.$flatten\u_core.\u_fsm.$add$C:\Users\satheesh\chiploop-saas\.tmp_workflow_a51ebfb7\fpga\handoff\rtl\adaptive_aero_control_top_request_fsm.v:162$89 ($add).
Removed top 6 bits (of 8) from port B of cell adaptive_aero_control_top_spi_fpga_top.$flatten\u_core.\u_fsm.$eq$C:\Users\satheesh\chiploop-saas\.tmp_workflow_a51ebfb7\fpga\handoff\rtl\adaptive_aero_control_top_request_fsm.v:232$107 ($eq).
Removed top 7 bits (of 8) from mux cell adaptive_aero_control_top_spi_fpga_top.$flatten\u_core.\u_fsm.$procmux$210 ($mux).
Removed top 5 bits (of 8) from port B of cell adaptive_aero_control_top_spi_fpga_top.$flatten\u_core.\u_mmio.$ne$C:\Users\satheesh\chiploop-saas\.tmp_workflow_a51ebfb7\fpga\handoff\rtl\adaptive_aero_control_top_mmio.v:123$47 ($ne).
Removed top 4 bits (of 8) from port B of cell adaptive_aero_control_top_spi_fpga_top.$flatten\u_core.\u_mmio.$ne$C:\Users\satheesh\chiploop-saas\.tmp_workflow_a51ebfb7\fpga\handoff\rtl\adaptive_aero_control_top_mmio.v:123$49 ($ne).
Removed top 4 bits (of 8) from port B of cell adaptive_aero_control_top_spi_fpga_top.$flatten\u_core.\u_mmio.$ne$C:\Users\satheesh\chiploop-saas\.tmp_workflow_a51ebfb7\fpga\handoff\rtl\adaptive_aero_control_top_mmio.v:124$51 ($ne).
Removed top 3 bits (of 8) from port B of cell adaptive_aero_control_top_spi_fpga_top.$flatten\u_core.\u_mmio.$ne$C:\Users\satheesh\chiploop-saas\.tmp_workflow_a51ebfb7\fpga\handoff\rtl\adaptive_aero_control_top_mmio.v:124$53 ($ne).
Removed top 3 bits (of 8) from port B of cell adaptive_aero_control_top_spi_fpga_top.$flatten\u_core.\u_mmio.$ne$C:\Users\satheesh\chiploop-saas\.tmp_workflow_a51ebfb7\fpga\handoff\rtl\adaptive_aero_control_top_mmio.v:124$55 ($ne).
Removed top 3 bits (of 8) from port B of cell adaptive_aero_control_top_spi_fpga_top.$flatten\u_core.\u_mmio.$ne$C:\Users\satheesh\chiploop-saas\.tmp_workflow_a51ebfb7\fpga\handoff\rtl\adaptive_aero_control_top_mmio.v:125$57 ($ne).
Removed top 3 bits (of 8) from port B of cell adaptive_aero_control_top_spi_fpga_top.$flatten\u_core.\u_mmio.$ne$C:\Users\satheesh\chiploop-saas\.tmp_workflow_a51ebfb7\fpga\handoff\rtl\adaptive_aero_control_top_mmio.v:125$59 ($ne).
Removed top 2 bits (of 8) from port B of cell adaptive_aero_control_top_spi_fpga_top.$flatten\u_core.\u_mmio.$ne$C:\Users\satheesh\chiploop-saas\.tmp_workflow_a51ebfb7\fpga\handoff\rtl\adaptive_aero_control_top_mmio.v:125$61 ($ne).
Removed top 2 bits (of 8) from port B of cell adaptive_aero_control_top_spi_fpga_top.$flatten\u_core.\u_mmio.$ne$C:\Users\satheesh\chiploop-saas\.tmp_workflow_a51ebfb7\fpga\handoff\rtl\adaptive_aero_control_top_mmio.v:126$63 ($ne).
Removed top 2 bits (of 8) from port B of cell adaptive_aero_control_top_spi_fpga_top.$flatten\u_core.\u_mmio.$ne$C:\Users\satheesh\chiploop-saas\.tmp_workflow_a51ebfb7\fpga\handoff\rtl\adaptive_aero_control_top_mmio.v:126$65 ($ne).
Removed top 2 bits (of 8) from port B of cell adaptive_aero_control_top_spi_fpga_top.$flatten\u_core.\u_mmio.$ne$C:\Users\satheesh\chiploop-saas\.tmp_workflow_a51ebfb7\fpga\handoff\rtl\adaptive_aero_control_top_mmio.v:126$67 ($ne).
Removed top 2 bits (of 8) from port B of cell adaptive_aero_control_top_spi_fpga_top.$flatten\u_core.\u_mmio.$ne$C:\Users\satheesh\chiploop-saas\.tmp_workflow_a51ebfb7\fpga\handoff\rtl\adaptive_aero_control_top_mmio.v:127$69 ($ne).
Removed top 2 bits (of 8) from port B of cell adaptive_aero_control_top_spi_fpga_top.$flatten\u_core.\u_mmio.$ne$C:\Users\satheesh\chiploop-saas\.tmp_workflow_a51ebfb7\fpga\handoff\rtl\adaptive_aero_control_top_mmio.v:127$71 ($ne).
Removed top 2 bits (of 8) from port B of cell adaptive_aero_control_top_spi_fpga_top.$flatten\u_core.\u_mmio.$ne$C:\Users\satheesh\chiploop-saas\.tmp_workflow_a51ebfb7\fpga\handoff\rtl\adaptive_aero_control_top_mmio.v:127$73 ($ne).
Removed top 2 bits (of 8) from port B of cell adaptive_aero_control_top_spi_fpga_top.$flatten\u_core.\u_mmio.$ne$C:\Users\satheesh\chiploop-saas\.tmp_workflow_a51ebfb7\fpga\handoff\rtl\adaptive_aero_control_top_mmio.v:128$75 ($ne).
Removed top 1 bits (of 8) from port B of cell adaptive_aero_control_top_spi_fpga_top.$flatten\u_core.\u_mmio.$ne$C:\Users\satheesh\chiploop-saas\.tmp_workflow_a51ebfb7\fpga\handoff\rtl\adaptive_aero_control_top_mmio.v:128$77 ($ne).
Removed top 1 bits (of 8) from port B of cell adaptive_aero_control_top_spi_fpga_top.$flatten\u_core.\u_mmio.$ne$C:\Users\satheesh\chiploop-saas\.tmp_workflow_a51ebfb7\fpga\handoff\rtl\adaptive_aero_control_top_mmio.v:128$79 ($ne).
Removed top 1 bits (of 8) from port B of cell adaptive_aero_control_top_spi_fpga_top.$flatten\u_core.\u_mmio.$ne$C:\Users\satheesh\chiploop-saas\.tmp_workflow_a51ebfb7\fpga\handoff\rtl\adaptive_aero_control_top_mmio.v:129$81 ($ne).
Removed top 1 bits (of 8) from port B of cell adaptive_aero_control_top_spi_fpga_top.$flatten\u_core.\u_mmio.$procmux$375_CMP0 ($eq).
Removed top 1 bits (of 8) from port B of cell adaptive_aero_control_top_spi_fpga_top.$flatten\u_core.\u_mmio.$procmux$376_CMP0 ($eq).
Removed top 1 bits (of 8) from port B of cell adaptive_aero_control_top_spi_fpga_top.$flatten\u_core.\u_mmio.$procmux$377_CMP0 ($eq).
Removed top 2 bits (of 8) from port B of cell adaptive_aero_control_top_spi_fpga_top.$flatten\u_core.\u_mmio.$procmux$378_CMP0 ($eq).
Removed top 2 bits (of 8) from port B of cell adaptive_aero_control_top_spi_fpga_top.$flatten\u_core.\u_mmio.$procmux$379_CMP0 ($eq).
Removed top 2 bits (of 8) from port B of cell adaptive_aero_control_top_spi_fpga_top.$flatten\u_core.\u_mmio.$procmux$380_CMP0 ($eq).
Removed top 2 bits (of 8) from port B of cell adaptive_aero_control_top_spi_fpga_top.$flatten\u_core.\u_mmio.$procmux$381_CMP0 ($eq).
Removed top 2 bits (of 8) from port B of cell adaptive_aero_control_top_spi_fpga_top.$flatten\u_core.\u_mmio.$procmux$382_CMP0 ($eq).
Removed top 2 bits (of 8) from port B of cell adaptive_aero_control_top_spi_fpga_top.$flatten\u_core.\u_mmio.$procmux$383_CMP0 ($eq).
Removed top 2 bits (of 8) from port B of cell adaptive_aero_control_top_spi_fpga_top.$flatten\u_core.\u_mmio.$procmux$384_CMP0 ($eq).
Removed top 2 bits (of 8) from port B of cell adaptive_aero_control_top_spi_fpga_top.$flatten\u_core.\u_mmio.$procmux$385_CMP0 ($eq).
Removed top 3 bits (of 8) from port B of cell adaptive_aero_control_top_spi_fpga_top.$flatten\u_core.\u_mmio.$procmux$386_CMP0 ($eq).
Removed top 3 bits (of 8) from port B of cell adaptive_aero_control_top_spi_fpga_top.$flatten\u_core.\u_mmio.$procmux$387_CMP0 ($eq).
Removed top 3 bits (of 8) from port B of cell adaptive_aero_control_top_spi_fpga_top.$flatten\u_core.\u_mmio.$procmux$388_CMP0 ($eq).
Removed top 3 bits (of 8) from port B of cell adaptive_aero_control_top_spi_fpga_top.$flatten\u_core.\u_mmio.$procmux$389_CMP0 ($eq).
Removed top 4 bits (of 8) from port B of cell adaptive_aero_control_top_spi_fpga_top.$flatten\u_core.\u_mmio.$procmux$390_CMP0 ($eq).
Removed top 4 bits (of 8) from port B of cell adaptive_aero_control_top_spi_fpga_top.$flatten\u_core.\u_mmio.$procmux$391_CMP0 ($eq).
Removed top 5 bits (of 8) from port B of cell adaptive_aero_control_top_spi_fpga_top.$flatten\u_core.\u_mmio.$procmux$392_CMP0 ($eq).
Removed top 7 bits (of 8) from wire adaptive_aero_control_top_spi_fpga_top.$flatten\u_core.\u_fsm.$6\next_state[7:0].

6.10. Executing OPT_CLEAN pass (remove unused cells and wires).
Finding unused cells or wires in module \adaptive_aero_control_top_spi_fpga_top..
Removed 0 unused cells and 1 unused wires.
<suppressed ~1 debug messages>

6.11. Executing MEMORY_COLLECT pass (generating $mem cells).

6.12. Executing OPT pass (performing simple optimizations).

6.12.1. Executing OPT_EXPR pass (perform const folding).
Optimizing module adaptive_aero_control_top_spi_fpga_top.

6.12.2. Executing OPT_MERGE pass (detect identical cells).
Finding identical cells in module `\adaptive_aero_control_top_spi_fpga_top'.
<suppressed ~3 debug messages>
Removed a total of 1 cells.

6.12.3. Executing OPT_CLEAN pass (remove unused cells and wires).
Finding unused cells or wires in module \adaptive_aero_control_top_spi_fpga_top..
Removed 0 unused cells and 1 unused wires.
<suppressed ~1 debug messages>

6.12.4. Finished fast OPT passes.

6.13. Printing statistics.

=== adaptive_aero_control_top_spi_fpga_top ===

   Number of wires:                398
   Number of wire bits:           4341
   Number of public wires:         247
   Number of public wire bits:    3058
   Number of ports:                  7
   Number of port bits:              7
   Number of memories:               0
   Number of memory bits:            0
   Number of processes:              0
   Number of cells:                223
     $add                            1
     $adff                          46
     $and                            3
     $dff                            2
     $eq                            21
     $ge                             1
     $gt                             1
     $logic_and                     26
     $logic_not                      6
     $logic_or                       4
     $mux                           85
     $ne                            19
     $pmux                           1
     $reduce_bool                    2
     $reduce_or                      1
     $scopeinfo                      4

6.14. Executing CHECK pass (checking for obvious problems).
Checking module adaptive_aero_control_top_spi_fpga_top...
Found and reported 0 problems.

7. Executing MEMORY pass.

7.1. Executing OPT_MEM pass (optimize memories).
Performed a total of 0 transformations.

7.2. Executing OPT_MEM_PRIORITY pass (removing unnecessary memory write priority relations).
Performed a total of 0 transformations.

7.3. Executing OPT_MEM_FEEDBACK pass (finding memory read-to-write feedback paths).

7.4. Executing MEMORY_BMUX2ROM pass (converting muxes to ROMs).

7.5. Executing MEMORY_DFF pass (merging $dff cells to $memrd).

7.6. Executing OPT_CLEAN pass (remove unused cells and wires).
Finding unused cells or wires in module \adaptive_aero_control_top_spi_fpga_top..

7.7. Executing MEMORY_SHARE pass (consolidating $memrd/$memwr cells).

7.8. Executing OPT_MEM_WIDEN pass (optimize memories where all ports are wide).
Performed a total of 0 transformations.

7.9. Executing OPT_CLEAN pass (remove unused cells and wires).
Finding unused cells or wires in module \adaptive_aero_control_top_spi_fpga_top..

7.10. Executing MEMORY_COLLECT pass (generating $mem cells).

7.11. Executing MEMORY_MAP pass (converting memories to logic and flip-flops).

8. Executing OPT_CLEAN pass (remove unused cells and wires).
Finding unused cells or wires in module \adaptive_aero_control_top_spi_fpga_top..
Renaming module \adaptive_aero_control_top_spi_fpga_top to \gold.

9. Executing Verilog-2005 frontend: C:\Users\satheesh\chiploop-saas\.tmp_lec_repro\generic.v
Parsing SystemVerilog input from `C:\Users\satheesh\chiploop-saas\.tmp_lec_repro\generic.v' to AST representation.
Warning: Encountered `parallel_case' comment! Such legacy hot comments are supported by Yosys, but are not part of any formal language specification. Using the Verilog `parallel_case' attribute or the SystemVerilog `unique' or `priority' keywords is recommended!
Generating RTLIL representation for module `\adaptive_aero_control_top'.
Generating RTLIL representation for module `\adaptive_aero_control_top_actuator_safety'.
Generating RTLIL representation for module `\adaptive_aero_control_top_mmio'.
Generating RTLIL representation for module `\adaptive_aero_control_top_request_fsm'.
Generating RTLIL representation for module `\adaptive_aero_control_top_spi_fpga_top'.
Successfully finished Verilog frontend.

10. Executing PREP pass.

10.1. Executing HIERARCHY pass (managing design hierarchy).

10.1.1. Analyzing design hierarchy..
Top module:  \adaptive_aero_control_top_spi_fpga_top
Used module:     \adaptive_aero_control_top
Used module:         \adaptive_aero_control_top_actuator_safety
Used module:         \adaptive_aero_control_top_mmio
Used module:         \adaptive_aero_control_top_request_fsm

10.1.2. Analyzing design hierarchy..
Top module:  \adaptive_aero_control_top_spi_fpga_top
Used module:     \adaptive_aero_control_top
Used module:         \adaptive_aero_control_top_actuator_safety
Used module:         \adaptive_aero_control_top_mmio
Used module:         \adaptive_aero_control_top_request_fsm
Removed 0 unused modules.

10.2. Executing PROC pass (convert processes to netlists).

10.2.1. Executing PROC_CLEAN pass (remove empty switches from decision trees).
Cleaned up 0 empty switches.

10.2.2. Executing PROC_RMDEAD pass (remove dead branches from decision trees).
Marked 1 switch rules as full_case in process $proc$C:\Users\satheesh\chiploop-saas\.tmp_lec_repro\generic.v:1121$1115 in module adaptive_aero_control_top_spi_fpga_top.
Marked 1 switch rules as full_case in process $proc$C:\Users\satheesh\chiploop-saas\.tmp_lec_repro\generic.v:1118$1113 in module adaptive_aero_control_top_spi_fpga_top.
Marked 1 switch rules as full_case in process $proc$C:\Users\satheesh\chiploop-saas\.tmp_lec_repro\generic.v:1115$1111 in module adaptive_aero_control_top_spi_fpga_top.
Marked 1 switch rules as full_case in process $proc$C:\Users\satheesh\chiploop-saas\.tmp_lec_repro\generic.v:1112$1109 in module adaptive_aero_control_top_spi_fpga_top.
Marked 1 switch rules as full_case in process $proc$C:\Users\satheesh\chiploop-saas\.tmp_lec_repro\generic.v:1109$1107 in module adaptive_aero_control_top_spi_fpga_top.
Marked 1 switch rules as full_case in process $proc$C:\Users\satheesh\chiploop-saas\.tmp_lec_repro\generic.v:1100$1099 in module adaptive_aero_control_top_spi_fpga_top.
Marked 1 switch rules as full_case in process $proc$C:\Users\satheesh\chiploop-saas\.tmp_lec_repro\generic.v:977$1050 in module adaptive_aero_control_top_request_fsm.
Marked 1 switch rules as full_case in process $proc$C:\Users\satheesh\chiploop-saas\.tmp_lec_repro\generic.v:974$1048 in module adaptive_aero_control_top_request_fsm.
Marked 1 switch rules as full_case in process $proc$C:\Users\satheesh\chiploop-saas\.tmp_lec_repro\generic.v:971$1046 in module adaptive_aero_control_top_request_fsm.
Marked 1 switch rules as full_case in process $proc$C:\Users\satheesh\chiploop-saas\.tmp_lec_repro\generic.v:968$1044 in module adaptive_aero_control_top_request_fsm.
Marked 1 switch rules as full_case in process $proc$C:\Users\satheesh\chiploop-saas\.tmp_lec_repro\generic.v:965$1042 in module adaptive_aero_control_top_request_fsm.
Marked 1 switch rules as full_case in process $proc$C:\Users\satheesh\chiploop-saas\.tmp_lec_repro\generic.v:962$1040 in module adaptive_aero_control_top_request_fsm.
Marked 1 switch rules as full_case in process $proc$C:\Users\satheesh\chiploop-saas\.tmp_lec_repro\generic.v:959$1038 in module adaptive_aero_control_top_request_fsm.
Marked 1 switch rules as full_case in process $proc$C:\Users\satheesh\chiploop-saas\.tmp_lec_repro\generic.v:956$1036 in module adaptive_aero_control_top_request_fsm.
Marked 1 switch rules as full_case in process $proc$C:\Users\satheesh\chiploop-saas\.tmp_lec_repro\generic.v:928$1009 in module adaptive_aero_control_top_request_fsm.
Marked 1 switch rules as full_case in process $proc$C:\Users\satheesh\chiploop-saas\.tmp_lec_repro\generic.v:924$1007 in module adaptive_aero_control_top_request_fsm.
Marked 1 switch rules as full_case in process $proc$C:\Users\satheesh\chiploop-saas\.tmp_lec_repro\generic.v:920$1005 in module adaptive_aero_control_top_request_fsm.
Marked 1 switch rules as full_case in process $proc$C:\Users\satheesh\chiploop-saas\.tmp_lec_repro\generic.v:917$1003 in module adaptive_aero_control_top_request_fsm.
Marked 1 switch rules as full_case in process $proc$C:\Users\satheesh\chiploop-saas\.tmp_lec_repro\generic.v:914$1001 in module adaptive_aero_control_top_request_fsm.
Marked 1 switch rules as full_case in process $proc$C:\Users\satheesh\chiploop-saas\.tmp_lec_repro\generic.v:911$999 in module adaptive_aero_control_top_request_fsm.
Marked 1 switch rules as full_case in process $proc$C:\Users\satheesh\chiploop-saas\.tmp_lec_repro\generic.v:907$997 in module adaptive_aero_control_top_request_fsm.
Marked 1 switch rules as full_case in process $proc$C:\Users\satheesh\chiploop-saas\.tmp_lec_repro\generic.v:902$995 in module adaptive_aero_control_top_request_fsm.
Marked 1 switch rules as full_case in process $proc$C:\Users\satheesh\chiploop-saas\.tmp_lec_repro\generic.v:0$988 in module adaptive_aero_control_top_mmio.
Marked 1 switch rules as full_case in process $proc$C:\Users\satheesh\chiploop-saas\.tmp_lec_repro\generic.v:642$967 in module adaptive_aero_control_top_mmio.
Marked 1 switch rules as full_case in process $proc$C:\Users\satheesh\chiploop-saas\.tmp_lec_repro\generic.v:639$965 in module adaptive_aero_control_top_mmio.
Marked 1 switch rules as full_case in process $proc$C:\Users\satheesh\chiploop-saas\.tmp_lec_repro\generic.v:636$963 in module adaptive_aero_control_top_mmio.
Marked 1 switch rules as full_case in process $proc$C:\Users\satheesh\chiploop-saas\.tmp_lec_repro\generic.v:583$911 in module adaptive_aero_control_top_mmio.
Marked 1 switch rules as full_case in process $proc$C:\Users\satheesh\chiploop-saas\.tmp_lec_repro\generic.v:580$909 in module adaptive_aero_control_top_mmio.
Marked 1 switch rules as full_case in process $proc$C:\Users\satheesh\chiploop-saas\.tmp_lec_repro\generic.v:577$907 in module adaptive_aero_control_top_mmio.
Marked 1 switch rules as full_case in process $proc$C:\Users\satheesh\chiploop-saas\.tmp_lec_repro\generic.v:574$905 in module adaptive_aero_control_top_mmio.
Marked 1 switch rules as full_case in process $proc$C:\Users\satheesh\chiploop-saas\.tmp_lec_repro\generic.v:571$903 in module adaptive_aero_control_top_mmio.
Marked 1 switch rules as full_case in process $proc$C:\Users\satheesh\chiploop-saas\.tmp_lec_repro\generic.v:568$901 in module adaptive_aero_control_top_mmio.
Marked 1 switch rules as full_case in process $proc$C:\Users\satheesh\chiploop-saas\.tmp_lec_repro\generic.v:565$899 in module adaptive_aero_control_top_mmio.
Marked 1 switch rules as full_case in process $proc$C:\Users\satheesh\chiploop-saas\.tmp_lec_repro\generic.v:562$897 in module adaptive_aero_control_top_mmio.
Marked 1 switch rules as full_case in process $proc$C:\Users\satheesh\chiploop-saas\.tmp_lec_repro\generic.v:559$895 in module adaptive_aero_control_top_mmio.
Marked 1 switch rules as full_case in process $proc$C:\Users\satheesh\chiploop-saas\.tmp_lec_repro\generic.v:556$893 in module adaptive_aero_control_top_mmio.
Marked 1 switch rules as full_case in process $proc$C:\Users\satheesh\chiploop-saas\.tmp_lec_repro\generic.v:553$891 in module adaptive_aero_control_top_mmio.
Marked 1 switch rules as full_case in process $proc$C:\Users\satheesh\chiploop-saas\.tmp_lec_repro\generic.v:550$889 in module adaptive_aero_control_top_mmio.
Marked 1 switch rules as full_case in process $proc$C:\Users\satheesh\chiploop-saas\.tmp_lec_repro\generic.v:547$887 in module adaptive_aero_control_top_mmio.
Marked 1 switch rules as full_case in process $proc$C:\Users\satheesh\chiploop-saas\.tmp_lec_repro\generic.v:544$885 in module adaptive_aero_control_top_mmio.
Marked 1 switch rules as full_case in process $proc$C:\Users\satheesh\chiploop-saas\.tmp_lec_repro\generic.v:541$883 in module adaptive_aero_control_top_mmio.
Marked 1 switch rules as full_case in process $proc$C:\Users\satheesh\chiploop-saas\.tmp_lec_repro\generic.v:538$881 in module adaptive_aero_control_top_mmio.
Marked 1 switch rules as full_case in process $proc$C:\Users\satheesh\chiploop-saas\.tmp_lec_repro\generic.v:535$879 in module adaptive_aero_control_top_mmio.
Marked 1 switch rules as full_case in process $proc$C:\Users\satheesh\chiploop-saas\.tmp_lec_repro\generic.v:319$854 in module adaptive_aero_control_top_actuator_safety.
Marked 1 switch rules as full_case in process $proc$C:\Users\satheesh\chiploop-saas\.tmp_lec_repro\generic.v:316$852 in module adaptive_aero_control_top_actuator_safety.
Marked 1 switch rules as full_case in process $proc$C:\Users\satheesh\chiploop-saas\.tmp_lec_repro\generic.v:313$850 in module adaptive_aero_control_top_actuator_safety.
Marked 1 switch rules as full_case in process $proc$C:\Users\satheesh\chiploop-saas\.tmp_lec_repro\generic.v:280$818 in module adaptive_aero_control_top_actuator_safety.
Removed a total of 0 dead cases.

10.2.3. Executing PROC_PRUNE pass (remove redundant assignments in processes).
Removed 21 redundant assignments.
Promoted 4 assignments to connections.

10.2.4. Executing PROC_INIT pass (extract init attributes).

10.2.5. Executing PROC_ARST pass (detect async resets in processes).
Found async reset \spi_cs_n in `\adaptive_aero_control_top_spi_fpga_top.$proc$C:\Users\satheesh\chiploop-saas\.tmp_lec_repro\generic.v:1121$1115'.
Found async reset \reset_n in `\adaptive_aero_control_top_spi_fpga_top.$proc$C:\Users\satheesh\chiploop-saas\.tmp_lec_repro\generic.v:1118$1113'.
Found async reset \reset_n in `\adaptive_aero_control_top_spi_fpga_top.$proc$C:\Users\satheesh\chiploop-saas\.tmp_lec_repro\generic.v:1115$1111'.
Found async reset \reset_n in `\adaptive_aero_control_top_spi_fpga_top.$proc$C:\Users\satheesh\chiploop-saas\.tmp_lec_repro\generic.v:1112$1109'.
Found async reset \reset_n in `\adaptive_aero_control_top_spi_fpga_top.$proc$C:\Users\satheesh\chiploop-saas\.tmp_lec_repro\generic.v:1109$1107'.
Found async reset \reset_n in `\adaptive_aero_control_top_spi_fpga_top.$proc$C:\Users\satheesh\chiploop-saas\.tmp_lec_repro\generic.v:1100$1099'.
Found async reset \reset_n in `\adaptive_aero_control_top_request_fsm.$proc$C:\Users\satheesh\chiploop-saas\.tmp_lec_repro\generic.v:977$1050'.
Found async reset \reset_n in `\adaptive_aero_control_top_request_fsm.$proc$C:\Users\satheesh\chiploop-saas\.tmp_lec_repro\generic.v:974$1048'.
Found async reset \reset_n in `\adaptive_aero_control_top_request_fsm.$proc$C:\Users\satheesh\chiploop-saas\.tmp_lec_repro\generic.v:971$1046'.
Found async reset \reset_n in `\adaptive_aero_control_top_request_fsm.$proc$C:\Users\satheesh\chiploop-saas\.tmp_lec_repro\generic.v:968$1044'.
Found async reset \reset_n in `\adaptive_aero_control_top_request_fsm.$proc$C:\Users\satheesh\chiploop-saas\.tmp_lec_repro\generic.v:965$1042'.
Found async reset \reset_n in `\adaptive_aero_control_top_request_fsm.$proc$C:\Users\satheesh\chiploop-saas\.tmp_lec_repro\generic.v:962$1040'.
Found async reset \reset_n in `\adaptive_aero_control_top_request_fsm.$proc$C:\Users\satheesh\chiploop-saas\.tmp_lec_repro\generic.v:959$1038'.
Found async reset \reset_n in `\adaptive_aero_control_top_request_fsm.$proc$C:\Users\satheesh\chiploop-saas\.tmp_lec_repro\generic.v:956$1036'.
Found async reset \reset_n in `\adaptive_aero_control_top_request_fsm.$proc$C:\Users\satheesh\chiploop-saas\.tmp_lec_repro\generic.v:928$1009'.
Found async reset \reset_n in `\adaptive_aero_control_top_request_fsm.$proc$C:\Users\satheesh\chiploop-saas\.tmp_lec_repro\generic.v:924$1007'.
Found async reset \reset_n in `\adaptive_aero_control_top_request_fsm.$proc$C:\Users\satheesh\chiploop-saas\.tmp_lec_repro\generic.v:920$1005'.
Found async reset \reset_n in `\adaptive_aero_control_top_request_fsm.$proc$C:\Users\satheesh\chiploop-saas\.tmp_lec_repro\generic.v:917$1003'.
Found async reset \reset_n in `\adaptive_aero_control_top_request_fsm.$proc$C:\Users\satheesh\chiploop-saas\.tmp_lec_repro\generic.v:914$1001'.
Found async reset \reset_n in `\adaptive_aero_control_top_request_fsm.$proc$C:\Users\satheesh\chiploop-saas\.tmp_lec_repro\generic.v:911$999'.
Found async reset \reset_n in `\adaptive_aero_control_top_request_fsm.$proc$C:\Users\satheesh\chiploop-saas\.tmp_lec_repro\generic.v:907$997'.
Found async reset \reset_n in `\adaptive_aero_control_top_request_fsm.$proc$C:\Users\satheesh\chiploop-saas\.tmp_lec_repro\generic.v:902$995'.
Found async reset \reset_n in `\adaptive_aero_control_top_mmio.$proc$C:\Users\satheesh\chiploop-saas\.tmp_lec_repro\generic.v:642$967'.
Found async reset \reset_n in `\adaptive_aero_control_top_mmio.$proc$C:\Users\satheesh\chiploop-saas\.tmp_lec_repro\generic.v:639$965'.
Found async reset \reset_n in `\adaptive_aero_control_top_mmio.$proc$C:\Users\satheesh\chiploop-saas\.tmp_lec_repro\generic.v:636$963'.
Found async reset \reset_n in `\adaptive_aero_control_top_mmio.$proc$C:\Users\satheesh\chiploop-saas\.tmp_lec_repro\generic.v:583$911'.
Found async reset \reset_n in `\adaptive_aero_control_top_mmio.$proc$C:\Users\satheesh\chiploop-saas\.tmp_lec_repro\generic.v:580$909'.
Found async reset \reset_n in `\adaptive_aero_control_top_mmio.$proc$C:\Users\satheesh\chiploop-saas\.tmp_lec_repro\generic.v:577$907'.
Found async reset \reset_n in `\adaptive_aero_control_top_mmio.$proc$C:\Users\satheesh\chiploop-saas\.tmp_lec_repro\generic.v:574$905'.
Found async reset \reset_n in `\adaptive_aero_control_top_mmio.$proc$C:\Users\satheesh\chiploop-saas\.tmp_lec_repro\generic.v:571$903'.
Found async reset \reset_n in `\adaptive_aero_control_top_mmio.$proc$C:\Users\satheesh\chiploop-saas\.tmp_lec_repro\generic.v:568$901'.
Found async reset \reset_n in `\adaptive_aero_control_top_mmio.$proc$C:\Users\satheesh\chiploop-saas\.tmp_lec_repro\generic.v:565$899'.
Found async reset \reset_n in `\adaptive_aero_control_top_mmio.$proc$C:\Users\satheesh\chiploop-saas\.tmp_lec_repro\generic.v:562$897'.
Found async reset \reset_n in `\adaptive_aero_control_top_mmio.$proc$C:\Users\satheesh\chiploop-saas\.tmp_lec_repro\generic.v:559$895'.
Found async reset \reset_n in `\adaptive_aero_control_top_mmio.$proc$C:\Users\satheesh\chiploop-saas\.tmp_lec_repro\generic.v:556$893'.
Found async reset \reset_n in `\adaptive_aero_control_top_mmio.$proc$C:\Users\satheesh\chiploop-saas\.tmp_lec_repro\generic.v:553$891'.
Found async reset \reset_n in `\adaptive_aero_control_top_mmio.$proc$C:\Users\satheesh\chiploop-saas\.tmp_lec_repro\generic.v:550$889'.
Found async reset \reset_n in `\adaptive_aero_control_top_mmio.$proc$C:\Users\satheesh\chiploop-saas\.tmp_lec_repro\generic.v:547$887'.
Found async reset \reset_n in `\adaptive_aero_control_top_mmio.$proc$C:\Users\satheesh\chiploop-saas\.tmp_lec_repro\generic.v:544$885'.
Found async reset \reset_n in `\adaptive_aero_control_top_mmio.$proc$C:\Users\satheesh\chiploop-saas\.tmp_lec_repro\generic.v:541$883'.
Found async reset \reset_n in `\adaptive_aero_control_top_mmio.$proc$C:\Users\satheesh\chiploop-saas\.tmp_lec_repro\generic.v:538$881'.
Found async reset \reset_n in `\adaptive_aero_control_top_mmio.$proc$C:\Users\satheesh\chiploop-saas\.tmp_lec_repro\generic.v:535$879'.
Found async reset \reset_n in `\adaptive_aero_control_top_actuator_safety.$proc$C:\Users\satheesh\chiploop-saas\.tmp_lec_repro\generic.v:319$854'.
Found async reset \reset_n in `\adaptive_aero_control_top_actuator_safety.$proc$C:\Users\satheesh\chiploop-saas\.tmp_lec_repro\generic.v:316$852'.
Found async reset \reset_n in `\adaptive_aero_control_top_actuator_safety.$proc$C:\Users\satheesh\chiploop-saas\.tmp_lec_repro\generic.v:313$850'.
Found async reset \reset_n in `\adaptive_aero_control_top_actuator_safety.$proc$C:\Users\satheesh\chiploop-saas\.tmp_lec_repro\generic.v:280$818'.

10.2.6. Executing PROC_ROM pass (convert switches to ROMs).
Converted 0 switches.
<suppressed ~28 debug messages>

10.2.7. Executing PROC_MUX pass (convert decision trees to multiplexers).
Creating decoders for process `\adaptive_aero_control_top_spi_fpga_top.$proc$C:\Users\satheesh\chiploop-saas\.tmp_lec_repro\generic.v:1121$1115'.
     1/1: $0\spi_active[0:0]
Creating decoders for process `\adaptive_aero_control_top_spi_fpga_top.$proc$C:\Users\satheesh\chiploop-saas\.tmp_lec_repro\generic.v:1118$1113'.
     1/1: $0\spi_cs_prev[0:0]
Creating decoders for process `\adaptive_aero_control_top_spi_fpga_top.$proc$C:\Users\satheesh\chiploop-saas\.tmp_lec_repro\generic.v:1115$1111'.
     1/1: $0\spi_cs_sync[0:0]
Creating decoders for process `\adaptive_aero_control_top_spi_fpga_top.$proc$C:\Users\satheesh\chiploop-saas\.tmp_lec_repro\generic.v:1112$1109'.
     1/1: $0\spi_cs_meta[0:0]
Creating decoders for process `\adaptive_aero_control_top_spi_fpga_top.$proc$C:\Users\satheesh\chiploop-saas\.tmp_lec_repro\generic.v:1109$1107'.
     1/1: $0\tx_snapshot[118:0]
Creating decoders for process `\adaptive_aero_control_top_spi_fpga_top.$proc$C:\Users\satheesh\chiploop-saas\.tmp_lec_repro\generic.v:1105$1103'.
     1/1: $0\tx_shift[118:0]
Creating decoders for process `\adaptive_aero_control_top_spi_fpga_top.$proc$C:\Users\satheesh\chiploop-saas\.tmp_lec_repro\generic.v:1103$1101'.
     1/1: $0\rx_shift[132:0]
Creating decoders for process `\adaptive_aero_control_top_spi_fpga_top.$proc$C:\Users\satheesh\chiploop-saas\.tmp_lec_repro\generic.v:1100$1099'.
     1/1: $0\rx_active[132:0]
Creating decoders for process `\adaptive_aero_control_top_request_fsm.$proc$C:\Users\satheesh\chiploop-saas\.tmp_lec_repro\generic.v:977$1050'.
     1/1: $0\age_counter_r[31:0]
Creating decoders for process `\adaptive_aero_control_top_request_fsm.$proc$C:\Users\satheesh\chiploop-saas\.tmp_lec_repro\generic.v:974$1048'.
     1/1: $0\selected_cmd_valid_r[0:0]
Creating decoders for process `\adaptive_aero_control_top_request_fsm.$proc$C:\Users\satheesh\chiploop-saas\.tmp_lec_repro\generic.v:971$1046'.
     1/1: $0\irq_pulse_r[0:0]
Creating decoders for process `\adaptive_aero_control_top_request_fsm.$proc$C:\Users\satheesh\chiploop-saas\.tmp_lec_repro\generic.v:968$1044'.
     1/1: $0\fallback_active_r[0:0]
Creating decoders for process `\adaptive_aero_control_top_request_fsm.$proc$C:\Users\satheesh\chiploop-saas\.tmp_lec_repro\generic.v:965$1042'.
     1/1: $0\service_error_r[0:0]
Creating decoders for process `\adaptive_aero_control_top_request_fsm.$proc$C:\Users\satheesh\chiploop-saas\.tmp_lec_repro\generic.v:962$1040'.
     1/1: $0\envelope_violation_r[0:0]
Creating decoders for process `\adaptive_aero_control_top_request_fsm.$proc$C:\Users\satheesh\chiploop-saas\.tmp_lec_repro\generic.v:959$1038'.
     1/1: $0\response_received_r[0:0]
Creating decoders for process `\adaptive_aero_control_top_request_fsm.$proc$C:\Users\satheesh\chiploop-saas\.tmp_lec_repro\generic.v:956$1036'.
     1/1: $0\state_r[7:0]
Creating decoders for process `\adaptive_aero_control_top_request_fsm.$proc$C:\Users\satheesh\chiploop-saas\.tmp_lec_repro\generic.v:928$1009'.
     1/1: $0\timeout_expired_r[0:0]
Creating decoders for process `\adaptive_aero_control_top_request_fsm.$proc$C:\Users\satheesh\chiploop-saas\.tmp_lec_repro\generic.v:924$1007'.
     1/1: $0\_065_[55:0]
Creating decoders for process `\adaptive_aero_control_top_request_fsm.$proc$C:\Users\satheesh\chiploop-saas\.tmp_lec_repro\generic.v:920$1005'.
     1/1: $0\pending_r[0:0]
Creating decoders for process `\adaptive_aero_control_top_request_fsm.$proc$C:\Users\satheesh\chiploop-saas\.tmp_lec_repro\generic.v:917$1003'.
     1/1: $0\selected_cmd_r[15:0]
Creating decoders for process `\adaptive_aero_control_top_request_fsm.$proc$C:\Users\satheesh\chiploop-saas\.tmp_lec_repro\generic.v:914$1001'.
     1/1: $0\response_req_id_r[7:0]
Creating decoders for process `\adaptive_aero_control_top_request_fsm.$proc$C:\Users\satheesh\chiploop-saas\.tmp_lec_repro\generic.v:911$999'.
     1/1: $0\outstanding_req_id_r[7:0]
Creating decoders for process `\adaptive_aero_control_top_request_fsm.$proc$C:\Users\satheesh\chiploop-saas\.tmp_lec_repro\generic.v:907$997'.
     1/1: $0\_060_[2:0]
Creating decoders for process `\adaptive_aero_control_top_request_fsm.$proc$C:\Users\satheesh\chiploop-saas\.tmp_lec_repro\generic.v:902$995'.
     1/1: $0\_059_[12:0]
Creating decoders for process `\adaptive_aero_control_top_mmio.$proc$C:\Users\satheesh\chiploop-saas\.tmp_lec_repro\generic.v:0$988'.
     1/1: $1\_143_$func$C:\Users\satheesh\chiploop-saas\.tmp_lec_repro\generic.v:692$875.$result[31:0]$993
Creating decoders for process `\adaptive_aero_control_top_mmio.$proc$C:\Users\satheesh\chiploop-saas\.tmp_lec_repro\generic.v:642$967'.
     1/1: $0\wb_err_o_r[0:0]
Creating decoders for process `\adaptive_aero_control_top_mmio.$proc$C:\Users\satheesh\chiploop-saas\.tmp_lec_repro\generic.v:639$965'.
     1/1: $0\wb_ack_o_r[0:0]
Creating decoders for process `\adaptive_aero_control_top_mmio.$proc$C:\Users\satheesh\chiploop-saas\.tmp_lec_repro\generic.v:636$963'.
     1/1: $0\wb_dat_o_r[31:0]
Creating decoders for process `\adaptive_aero_control_top_mmio.$proc$C:\Users\satheesh\chiploop-saas\.tmp_lec_repro\generic.v:583$911'.
     1/1: $0\r_oper_en_min[15:0]
Creating decoders for process `\adaptive_aero_control_top_mmio.$proc$C:\Users\satheesh\chiploop-saas\.tmp_lec_repro\generic.v:580$909'.
     1/1: $0\r_request_id[7:0]
Creating decoders for process `\adaptive_aero_control_top_mmio.$proc$C:\Users\satheesh\chiploop-saas\.tmp_lec_repro\generic.v:577$907'.
     1/1: $0\r_rate_limit_step[15:0]
Creating decoders for process `\adaptive_aero_control_top_mmio.$proc$C:\Users\satheesh\chiploop-saas\.tmp_lec_repro\generic.v:574$905'.
     1/1: $0\r_allow_multi_outstanding[0:0]
Creating decoders for process `\adaptive_aero_control_top_mmio.$proc$C:\Users\satheesh\chiploop-saas\.tmp_lec_repro\generic.v:571$903'.
     1/1: $0\r_rate_limit_en[0:0]
Creating decoders for process `\adaptive_aero_control_top_mmio.$proc$C:\Users\satheesh\chiploop-saas\.tmp_lec_repro\generic.v:568$901'.
     1/1: $0\r_status_flags[7:0]
Creating decoders for process `\adaptive_aero_control_top_mmio.$proc$C:\Users\satheesh\chiploop-saas\.tmp_lec_repro\generic.v:565$899'.
     1/1: $0\r_geometry_handle[15:0]
Creating decoders for process `\adaptive_aero_control_top_mmio.$proc$C:\Users\satheesh\chiploop-saas\.tmp_lec_repro\generic.v:562$897'.
     1/1: $0\r_clamp_max[15:0]
Creating decoders for process `\adaptive_aero_control_top_mmio.$proc$C:\Users\satheesh\chiploop-saas\.tmp_lec_repro\generic.v:559$895'.
     1/1: $0\r_flow_handle[15:0]
Creating decoders for process `\adaptive_aero_control_top_mmio.$proc$C:\Users\satheesh\chiploop-saas\.tmp_lec_repro\generic.v:556$893'.
     1/1: $0\r_force_safe_mode[0:0]
Creating decoders for process `\adaptive_aero_control_top_mmio.$proc$C:\Users\satheesh\chiploop-saas\.tmp_lec_repro\generic.v:553$891'.
     1/1: $0\r_clamp_min[15:0]
Creating decoders for process `\adaptive_aero_control_top_mmio.$proc$C:\Users\satheesh\chiploop-saas\.tmp_lec_repro\generic.v:550$889'.
     1/1: $0\r_command_mode[3:0]
Creating decoders for process `\adaptive_aero_control_top_mmio.$proc$C:\Users\satheesh\chiploop-saas\.tmp_lec_repro\generic.v:547$887'.
     1/1: $0\r_timeout_cycles[31:0]
Creating decoders for process `\adaptive_aero_control_top_mmio.$proc$C:\Users\satheesh\chiploop-saas\.tmp_lec_repro\generic.v:544$885'.
     1/1: $0\r_request_issue[0:0]
Creating decoders for process `\adaptive_aero_control_top_mmio.$proc$C:\Users\satheesh\chiploop-saas\.tmp_lec_repro\generic.v:541$883'.
     1/1: $0\r_fallback_cmd[15:0]
Creating decoders for process `\adaptive_aero_control_top_mmio.$proc$C:\Users\satheesh\chiploop-saas\.tmp_lec_repro\generic.v:538$881'.
     1/1: $0\r_oper_en_max[15:0]
Creating decoders for process `\adaptive_aero_control_top_mmio.$proc$C:\Users\satheesh\chiploop-saas\.tmp_lec_repro\generic.v:535$879'.
     1/1: $0\r_timestamp[31:0]
Creating decoders for process `\adaptive_aero_control_top_actuator_safety.$proc$C:\Users\satheesh\chiploop-saas\.tmp_lec_repro\generic.v:319$854'.
     1/1: $0\reg_clamp_active_r[0:0]
Creating decoders for process `\adaptive_aero_control_top_actuator_safety.$proc$C:\Users\satheesh\chiploop-saas\.tmp_lec_repro\generic.v:316$852'.
     1/1: $0\actuator_cmd_valid_r[0:0]
Creating decoders for process `\adaptive_aero_control_top_actuator_safety.$proc$C:\Users\satheesh\chiploop-saas\.tmp_lec_repro\generic.v:313$850'.
     1/1: $0\actuator_cmd_r[15:0]
Creating decoders for process `\adaptive_aero_control_top_actuator_safety.$proc$C:\Users\satheesh\chiploop-saas\.tmp_lec_repro\generic.v:280$818'.
     1/1: $0\last_accepted_cmd_r[15:0]

10.2.8. Executing PROC_DLATCH pass (convert process syncs to latches).
No latch inferred for signal `\adaptive_aero_control_top_mmio.\_143_$func$C:\Users\satheesh\chiploop-saas\.tmp_lec_repro\generic.v:692$875.s' from process `\adaptive_aero_control_top_mmio.$proc$C:\Users\satheesh\chiploop-saas\.tmp_lec_repro\generic.v:0$988'.
No latch inferred for signal `\adaptive_aero_control_top_mmio.\_143_$func$C:\Users\satheesh\chiploop-saas\.tmp_lec_repro\generic.v:692$875.b' from process `\adaptive_aero_control_top_mmio.$proc$C:\Users\satheesh\chiploop-saas\.tmp_lec_repro\generic.v:0$988'.
No latch inferred for signal `\adaptive_aero_control_top_mmio.\_143_$func$C:\Users\satheesh\chiploop-saas\.tmp_lec_repro\generic.v:692$875.$result' from process `\adaptive_aero_control_top_mmio.$proc$C:\Users\satheesh\chiploop-saas\.tmp_lec_repro\generic.v:0$988'.
No latch inferred for signal `\adaptive_aero_control_top_mmio.\_143_$func$C:\Users\satheesh\chiploop-saas\.tmp_lec_repro\generic.v:692$874.$result' from process `\adaptive_aero_control_top_mmio.$proc$C:\Users\satheesh\chiploop-saas\.tmp_lec_repro\generic.v:0$988'.

10.2.9. Executing PROC_DFF pass (convert process syncs to FFs).
Creating register for signal `\adaptive_aero_control_top_spi_fpga_top.\spi_active' using process `\adaptive_aero_control_top_spi_fpga_top.$proc$C:\Users\satheesh\chiploop-saas\.tmp_lec_repro\generic.v:1121$1115'.
  created $adff cell `$procdff$1195' with positive edge clock and positive level reset.
Creating register for signal `\adaptive_aero_control_top_spi_fpga_top.\spi_cs_prev' using process `\adaptive_aero_control_top_spi_fpga_top.$proc$C:\Users\satheesh\chiploop-saas\.tmp_lec_repro\generic.v:1118$1113'.
  created $adff cell `$procdff$1200' with positive edge clock and positive level reset.
Creating register for signal `\adaptive_aero_control_top_spi_fpga_top.\spi_cs_sync' using process `\adaptive_aero_control_top_spi_fpga_top.$proc$C:\Users\satheesh\chiploop-saas\.tmp_lec_repro\generic.v:1115$1111'.
  created $adff cell `$procdff$1205' with positive edge clock and positive level reset.
Creating register for signal `\adaptive_aero_control_top_spi_fpga_top.\spi_cs_meta' using process `\adaptive_aero_control_top_spi_fpga_top.$proc$C:\Users\satheesh\chiploop-saas\.tmp_lec_repro\generic.v:1112$1109'.
  created $adff cell `$procdff$1210' with positive edge clock and positive level reset.
Creating register for signal `\adaptive_aero_control_top_spi_fpga_top.\tx_snapshot' using process `\adaptive_aero_control_top_spi_fpga_top.$proc$C:\Users\satheesh\chiploop-saas\.tmp_lec_repro\generic.v:1109$1107'.
  created $adff cell `$procdff$1215' with positive edge clock and positive level reset.
Creating register for signal `\adaptive_aero_control_top_spi_fpga_top.\tx_shift' using process `\adaptive_aero_control_top_spi_fpga_top.$proc$C:\Users\satheesh\chiploop-saas\.tmp_lec_repro\generic.v:1105$1103'.
  created $dff cell `$procdff$1216' with positive edge clock.
Creating register for signal `\adaptive_aero_control_top_spi_fpga_top.\rx_shift' using process `\adaptive_aero_control_top_spi_fpga_top.$proc$C:\Users\satheesh\chiploop-saas\.tmp_lec_repro\generic.v:1103$1101'.
  created $dff cell `$procdff$1217' with positive edge clock.
Creating register for signal `\adaptive_aero_control_top_spi_fpga_top.\rx_active' using process `\adaptive_aero_control_top_spi_fpga_top.$proc$C:\Users\satheesh\chiploop-saas\.tmp_lec_repro\generic.v:1100$1099'.
  created $adff cell `$procdff$1222' with positive edge clock and positive level reset.
Creating register for signal `\adaptive_aero_control_top_request_fsm.\age_counter_r' using process `\adaptive_aero_control_top_request_fsm.$proc$C:\Users\satheesh\chiploop-saas\.tmp_lec_repro\generic.v:977$1050'.
  created $adff cell `$procdff$1227' with positive edge clock and positive level reset.
Creating register for signal `\adaptive_aero_control_top_request_fsm.\selected_cmd_valid_r' using process `\adaptive_aero_control_top_request_fsm.$proc$C:\Users\satheesh\chiploop-saas\.tmp_lec_repro\generic.v:974$1048'.
  created $adff cell `$procdff$1232' with positive edge clock and positive level reset.
Creating register for signal `\adaptive_aero_control_top_request_fsm.\irq_pulse_r' using process `\adaptive_aero_control_top_request_fsm.$proc$C:\Users\satheesh\chiploop-saas\.tmp_lec_repro\generic.v:971$1046'.
  created $adff cell `$procdff$1237' with positive edge clock and positive level reset.
Creating register for signal `\adaptive_aero_control_top_request_fsm.\fallback_active_r' using process `\adaptive_aero_control_top_request_fsm.$proc$C:\Users\satheesh\chiploop-saas\.tmp_lec_repro\generic.v:968$1044'.
  created $adff cell `$procdff$1242' with positive edge clock and positive level reset.
Creating register for signal `\adaptive_aero_control_top_request_fsm.\service_error_r' using process `\adaptive_aero_control_top_request_fsm.$proc$C:\Users\satheesh\chiploop-saas\.tmp_lec_repro\generic.v:965$1042'.
  created $adff cell `$procdff$1247' with positive edge clock and positive level reset.
Creating register for signal `\adaptive_aero_control_top_request_fsm.\envelope_violation_r' using process `\adaptive_aero_control_top_request_fsm.$proc$C:\Users\satheesh\chiploop-saas\.tmp_lec_repro\generic.v:962$1040'.
  created $adff cell `$procdff$1252' with positive edge clock and positive level reset.
Creating register for signal `\adaptive_aero_control_top_request_fsm.\response_received_r' using process `\adaptive_aero_control_top_request_fsm.$proc$C:\Users\satheesh\chiploop-saas\.tmp_lec_repro\generic.v:959$1038'.
  created $adff cell `$procdff$1257' with positive edge clock and positive level reset.
Creating register for signal `\adaptive_aero_control_top_request_fsm.\state_r' using process `\adaptive_aero_control_top_request_fsm.$proc$C:\Users\satheesh\chiploop-saas\.tmp_lec_repro\generic.v:956$1036'.
  created $adff cell `$procdff$1262' with positive edge clock and positive level reset.
Creating register for signal `\adaptive_aero_control_top_request_fsm.\timeout_expired_r' using process `\adaptive_aero_control_top_request_fsm.$proc$C:\Users\satheesh\chiploop-saas\.tmp_lec_repro\generic.v:928$1009'.
  created $adff cell `$procdff$1267' with positive edge clock and positive level reset.
Creating register for signal `\adaptive_aero_control_top_request_fsm.\_065_' using process `\adaptive_aero_control_top_request_fsm.$proc$C:\Users\satheesh\chiploop-saas\.tmp_lec_repro\generic.v:924$1007'.
  created $adff cell `$procdff$1272' with positive edge clock and positive level reset.
Creating register for signal `\adaptive_aero_control_top_request_fsm.\pending_r' using process `\adaptive_aero_control_top_request_fsm.$proc$C:\Users\satheesh\chiploop-saas\.tmp_lec_repro\generic.v:920$1005'.
  created $adff cell `$procdff$1277' with positive edge clock and positive level reset.
Creating register for signal `\adaptive_aero_control_top_request_fsm.\selected_cmd_r' using process `\adaptive_aero_control_top_request_fsm.$proc$C:\Users\satheesh\chiploop-saas\.tmp_lec_repro\generic.v:917$1003'.
  created $adff cell `$procdff$1282' with positive edge clock and positive level reset.
Creating register for signal `\adaptive_aero_control_top_request_fsm.\response_req_id_r' using process `\adaptive_aero_control_top_request_fsm.$proc$C:\Users\satheesh\chiploop-saas\.tmp_lec_repro\generic.v:914$1001'.
  created $adff cell `$procdff$1287' with positive edge clock and positive level reset.
Creating register for signal `\adaptive_aero_control_top_request_fsm.\outstanding_req_id_r' using process `\adaptive_aero_control_top_request_fsm.$proc$C:\Users\satheesh\chiploop-saas\.tmp_lec_repro\generic.v:911$999'.
  created $adff cell `$procdff$1292' with positive edge clock and positive level reset.
Creating register for signal `\adaptive_aero_control_top_request_fsm.\_060_' using process `\adaptive_aero_control_top_request_fsm.$proc$C:\Users\satheesh\chiploop-saas\.tmp_lec_repro\generic.v:907$997'.
  created $adff cell `$procdff$1297' with positive edge clock and positive level reset.
Creating register for signal `\adaptive_aero_control_top_request_fsm.\_059_' using process `\adaptive_aero_control_top_request_fsm.$proc$C:\Users\satheesh\chiploop-saas\.tmp_lec_repro\generic.v:902$995'.
  created $adff cell `$procdff$1302' with positive edge clock and positive level reset.
Creating register for signal `\adaptive_aero_control_top_mmio.\wb_err_o_r' using process `\adaptive_aero_control_top_mmio.$proc$C:\Users\satheesh\chiploop-saas\.tmp_lec_repro\generic.v:642$967'.
  created $adff cell `$procdff$1307' with positive edge clock and positive level reset.
Creating register for signal `\adaptive_aero_control_top_mmio.\wb_ack_o_r' using process `\adaptive_aero_control_top_mmio.$proc$C:\Users\satheesh\chiploop-saas\.tmp_lec_repro\generic.v:639$965'.
  created $adff cell `$procdff$1312' with positive edge clock and positive level reset.
Creating register for signal `\adaptive_aero_control_top_mmio.\wb_dat_o_r' using process `\adaptive_aero_control_top_mmio.$proc$C:\Users\satheesh\chiploop-saas\.tmp_lec_repro\generic.v:636$963'.
  created $adff cell `$procdff$1317' with positive edge clock and positive level reset.
Creating register for signal `\adaptive_aero_control_top_mmio.\r_oper_en_min' using process `\adaptive_aero_control_top_mmio.$proc$C:\Users\satheesh\chiploop-saas\.tmp_lec_repro\generic.v:583$911'.
  created $adff cell `$procdff$1322' with positive edge clock and positive level reset.
Creating register for signal `\adaptive_aero_control_top_mmio.\r_request_id' using process `\adaptive_aero_control_top_mmio.$proc$C:\Users\satheesh\chiploop-saas\.tmp_lec_repro\generic.v:580$909'.
  created $adff cell `$procdff$1327' with positive edge clock and positive level reset.
Creating register for signal `\adaptive_aero_control_top_mmio.\r_rate_limit_step' using process `\adaptive_aero_control_top_mmio.$proc$C:\Users\satheesh\chiploop-saas\.tmp_lec_repro\generic.v:577$907'.
  created $adff cell `$procdff$1332' with positive edge clock and positive level reset.
Creating register for signal `\adaptive_aero_control_top_mmio.\r_allow_multi_outstanding' using process `\adaptive_aero_control_top_mmio.$proc$C:\Users\satheesh\chiploop-saas\.tmp_lec_repro\generic.v:574$905'.
  created $adff cell `$procdff$1337' with positive edge clock and positive level reset.
Creating register for signal `\adaptive_aero_control_top_mmio.\r_rate_limit_en' using process `\adaptive_aero_control_top_mmio.$proc$C:\Users\satheesh\chiploop-saas\.tmp_lec_repro\generic.v:571$903'.
  created $adff cell `$procdff$1342' with positive edge clock and positive level reset.
Creating register for signal `\adaptive_aero_control_top_mmio.\r_status_flags' using process `\adaptive_aero_control_top_mmio.$proc$C:\Users\satheesh\chiploop-saas\.tmp_lec_repro\generic.v:568$901'.
  created $adff cell `$procdff$1347' with positive edge clock and positive level reset.
Creating register for signal `\adaptive_aero_control_top_mmio.\r_geometry_handle' using process `\adaptive_aero_control_top_mmio.$proc$C:\Users\satheesh\chiploop-saas\.tmp_lec_repro\generic.v:565$899'.
  created $adff cell `$procdff$1352' with positive edge clock and positive level reset.
Creating register for signal `\adaptive_aero_control_top_mmio.\r_clamp_max' using process `\adaptive_aero_control_top_mmio.$proc$C:\Users\satheesh\chiploop-saas\.tmp_lec_repro\generic.v:562$897'.
  created $adff cell `$procdff$1357' with positive edge clock and positive level reset.
Creating register for signal `\adaptive_aero_control_top_mmio.\r_flow_handle' using process `\adaptive_aero_control_top_mmio.$proc$C:\Users\satheesh\chiploop-saas\.tmp_lec_repro\generic.v:559$895'.
  created $adff cell `$procdff$1362' with positive edge clock and positive level reset.
Creating register for signal `\adaptive_aero_control_top_mmio.\r_force_safe_mode' using process `\adaptive_aero_control_top_mmio.$proc$C:\Users\satheesh\chiploop-saas\.tmp_lec_repro\generic.v:556$893'.
  created $adff cell `$procdff$1367' with positive edge clock and positive level reset.
Creating register for signal `\adaptive_aero_control_top_mmio.\r_clamp_min' using process `\adaptive_aero_control_top_mmio.$proc$C:\Users\satheesh\chiploop-saas\.tmp_lec_repro\generic.v:553$891'.
  created $adff cell `$procdff$1372' with positive edge clock and positive level reset.
Creating register for signal `\adaptive_aero_control_top_mmio.\r_command_mode' using process `\adaptive_aero_control_top_mmio.$proc$C:\Users\satheesh\chiploop-saas\.tmp_lec_repro\generic.v:550$889'.
  created $adff cell `$procdff$1377' with positive edge clock and positive level reset.
Creating register for signal `\adaptive_aero_control_top_mmio.\r_timeout_cycles' using process `\adaptive_aero_control_top_mmio.$proc$C:\Users\satheesh\chiploop-saas\.tmp_lec_repro\generic.v:547$887'.
  created $adff cell `$procdff$1382' with positive edge clock and positive level reset.
Creating register for signal `\adaptive_aero_control_top_mmio.\r_request_issue' using process `\adaptive_aero_control_top_mmio.$proc$C:\Users\satheesh\chiploop-saas\.tmp_lec_repro\generic.v:544$885'.
  created $adff cell `$procdff$1387' with positive edge clock and positive level reset.
Creating register for signal `\adaptive_aero_control_top_mmio.\r_fallback_cmd' using process `\adaptive_aero_control_top_mmio.$proc$C:\Users\satheesh\chiploop-saas\.tmp_lec_repro\generic.v:541$883'.
  created $adff cell `$procdff$1392' with positive edge clock and positive level reset.
Creating register for signal `\adaptive_aero_control_top_mmio.\r_oper_en_max' using process `\adaptive_aero_control_top_mmio.$proc$C:\Users\satheesh\chiploop-saas\.tmp_lec_repro\generic.v:538$881'.
  created $adff cell `$procdff$1397' with positive edge clock and positive level reset.
Creating register for signal `\adaptive_aero_control_top_mmio.\r_timestamp' using process `\adaptive_aero_control_top_mmio.$proc$C:\Users\satheesh\chiploop-saas\.tmp_lec_repro\generic.v:535$879'.
  created $adff cell `$procdff$1402' with positive edge clock and positive level reset.
Creating register for signal `\adaptive_aero_control_top_actuator_safety.\reg_clamp_active_r' using process `\adaptive_aero_control_top_actuator_safety.$proc$C:\Users\satheesh\chiploop-saas\.tmp_lec_repro\generic.v:319$854'.
  created $adff cell `$procdff$1407' with positive edge clock and positive level reset.
Creating register for signal `\adaptive_aero_control_top_actuator_safety.\actuator_cmd_valid_r' using process `\adaptive_aero_control_top_actuator_safety.$proc$C:\Users\satheesh\chiploop-saas\.tmp_lec_repro\generic.v:316$852'.
  created $adff cell `$procdff$1412' with positive edge clock and positive level reset.
Creating register for signal `\adaptive_aero_control_top_actuator_safety.\actuator_cmd_r' using process `\adaptive_aero_control_top_actuator_safety.$proc$C:\Users\satheesh\chiploop-saas\.tmp_lec_repro\generic.v:313$850'.
  created $adff cell `$procdff$1417' with positive edge clock and positive level reset.
Creating register for signal `\adaptive_aero_control_top_actuator_safety.\last_accepted_cmd_r' using process `\adaptive_aero_control_top_actuator_safety.$proc$C:\Users\satheesh\chiploop-saas\.tmp_lec_repro\generic.v:280$818'.
  created $adff cell `$procdff$1422' with positive edge clock and positive level reset.

10.2.10. Executing PROC_MEMWR pass (convert process memory writes to cells).

10.2.11. Executing PROC_CLEAN pass (remove empty switches from decision trees).
Removing empty process `adaptive_aero_control_top_spi_fpga_top.$proc$C:\Users\satheesh\chiploop-saas\.tmp_lec_repro\generic.v:1121$1115'.
Removing empty process `adaptive_aero_control_top_spi_fpga_top.$proc$C:\Users\satheesh\chiploop-saas\.tmp_lec_repro\generic.v:1118$1113'.
Removing empty process `adaptive_aero_control_top_spi_fpga_top.$proc$C:\Users\satheesh\chiploop-saas\.tmp_lec_repro\generic.v:1115$1111'.
Removing empty process `adaptive_aero_control_top_spi_fpga_top.$proc$C:\Users\satheesh\chiploop-saas\.tmp_lec_repro\generic.v:1112$1109'.
Removing empty process `adaptive_aero_control_top_spi_fpga_top.$proc$C:\Users\satheesh\chiploop-saas\.tmp_lec_repro\generic.v:1109$1107'.
Found and cleaned up 1 empty switch in `\adaptive_aero_control_top_spi_fpga_top.$proc$C:\Users\satheesh\chiploop-saas\.tmp_lec_repro\generic.v:1105$1103'.
Removing empty process `adaptive_aero_control_top_spi_fpga_top.$proc$C:\Users\satheesh\chiploop-saas\.tmp_lec_repro\generic.v:1105$1103'.
Found and cleaned up 1 empty switch in `\adaptive_aero_control_top_spi_fpga_top.$proc$C:\Users\satheesh\chiploop-saas\.tmp_lec_repro\generic.v:1103$1101'.
Removing empty process `adaptive_aero_control_top_spi_fpga_top.$proc$C:\Users\satheesh\chiploop-saas\.tmp_lec_repro\generic.v:1103$1101'.
Found and cleaned up 1 empty switch in `\adaptive_aero_control_top_spi_fpga_top.$proc$C:\Users\satheesh\chiploop-saas\.tmp_lec_repro\generic.v:1100$1099'.
Removing empty process `adaptive_aero_control_top_spi_fpga_top.$proc$C:\Users\satheesh\chiploop-saas\.tmp_lec_repro\generic.v:1100$1099'.
Removing empty process `adaptive_aero_control_top_request_fsm.$proc$C:\Users\satheesh\chiploop-saas\.tmp_lec_repro\generic.v:977$1050'.
Removing empty process `adaptive_aero_control_top_request_fsm.$proc$C:\Users\satheesh\chiploop-saas\.tmp_lec_repro\generic.v:974$1048'.
Removing empty process `adaptive_aero_control_top_request_fsm.$proc$C:\Users\satheesh\chiploop-saas\.tmp_lec_repro\generic.v:971$1046'.
Removing empty process `adaptive_aero_control_top_request_fsm.$proc$C:\Users\satheesh\chiploop-saas\.tmp_lec_repro\generic.v:968$1044'.
Removing empty process `adaptive_aero_control_top_request_fsm.$proc$C:\Users\satheesh\chiploop-saas\.tmp_lec_repro\generic.v:965$1042'.
Removing empty process `adaptive_aero_control_top_request_fsm.$proc$C:\Users\satheesh\chiploop-saas\.tmp_lec_repro\generic.v:962$1040'.
Removing empty process `adaptive_aero_control_top_request_fsm.$proc$C:\Users\satheesh\chiploop-saas\.tmp_lec_repro\generic.v:959$1038'.
Removing empty process `adaptive_aero_control_top_request_fsm.$proc$C:\Users\satheesh\chiploop-saas\.tmp_lec_repro\generic.v:956$1036'.
Found and cleaned up 1 empty switch in `\adaptive_aero_control_top_request_fsm.$proc$C:\Users\satheesh\chiploop-saas\.tmp_lec_repro\generic.v:928$1009'.
Removing empty process `adaptive_aero_control_top_request_fsm.$proc$C:\Users\satheesh\chiploop-saas\.tmp_lec_repro\generic.v:928$1009'.
Removing empty process `adaptive_aero_control_top_request_fsm.$proc$C:\Users\satheesh\chiploop-saas\.tmp_lec_repro\generic.v:924$1007'.
Found and cleaned up 1 empty switch in `\adaptive_aero_control_top_request_fsm.$proc$C:\Users\satheesh\chiploop-saas\.tmp_lec_repro\generic.v:920$1005'.
Removing empty process `adaptive_aero_control_top_request_fsm.$proc$C:\Users\satheesh\chiploop-saas\.tmp_lec_repro\generic.v:920$1005'.
Found and cleaned up 1 empty switch in `\adaptive_aero_control_top_request_fsm.$proc$C:\Users\satheesh\chiploop-saas\.tmp_lec_repro\generic.v:917$1003'.
Removing empty process `adaptive_aero_control_top_request_fsm.$proc$C:\Users\satheesh\chiploop-saas\.tmp_lec_repro\generic.v:917$1003'.
Found and cleaned up 1 empty switch in `\adaptive_aero_control_top_request_fsm.$proc$C:\Users\satheesh\chiploop-saas\.tmp_lec_repro\generic.v:914$1001'.
Removing empty process `adaptive_aero_control_top_request_fsm.$proc$C:\Users\satheesh\chiploop-saas\.tmp_lec_repro\generic.v:914$1001'.
Found and cleaned up 1 empty switch in `\adaptive_aero_control_top_request_fsm.$proc$C:\Users\satheesh\chiploop-saas\.tmp_lec_repro\generic.v:911$999'.
Removing empty process `adaptive_aero_control_top_request_fsm.$proc$C:\Users\satheesh\chiploop-saas\.tmp_lec_repro\generic.v:911$999'.
Removing empty process `adaptive_aero_control_top_request_fsm.$proc$C:\Users\satheesh\chiploop-saas\.tmp_lec_repro\generic.v:907$997'.
Found and cleaned up 1 empty switch in `\adaptive_aero_control_top_request_fsm.$proc$C:\Users\satheesh\chiploop-saas\.tmp_lec_repro\generic.v:902$995'.
Removing empty process `adaptive_aero_control_top_request_fsm.$proc$C:\Users\satheesh\chiploop-saas\.tmp_lec_repro\generic.v:902$995'.
Found and cleaned up 1 empty switch in `\adaptive_aero_control_top_mmio.$proc$C:\Users\satheesh\chiploop-saas\.tmp_lec_repro\generic.v:0$988'.
Removing empty process `adaptive_aero_control_top_mmio.$proc$C:\Users\satheesh\chiploop-saas\.tmp_lec_repro\generic.v:0$988'.
Removing empty process `adaptive_aero_control_top_mmio.$proc$C:\Users\satheesh\chiploop-saas\.tmp_lec_repro\generic.v:642$967'.
Removing empty process `adaptive_aero_control_top_mmio.$proc$C:\Users\satheesh\chiploop-saas\.tmp_lec_repro\generic.v:639$965'.
Removing empty process `adaptive_aero_control_top_mmio.$proc$C:\Users\satheesh\chiploop-saas\.tmp_lec_repro\generic.v:636$963'.
Found and cleaned up 1 empty switch in `\adaptive_aero_control_top_mmio.$proc$C:\Users\satheesh\chiploop-saas\.tmp_lec_repro\generic.v:583$911'.
Removing empty process `adaptive_aero_control_top_mmio.$proc$C:\Users\satheesh\chiploop-saas\.tmp_lec_repro\generic.v:583$911'.
Found and cleaned up 1 empty switch in `\adaptive_aero_control_top_mmio.$proc$C:\Users\satheesh\chiploop-saas\.tmp_lec_repro\generic.v:580$909'.
Removing empty process `adaptive_aero_control_top_mmio.$proc$C:\Users\satheesh\chiploop-saas\.tmp_lec_repro\generic.v:580$909'.
Found and cleaned up 1 empty switch in `\adaptive_aero_control_top_mmio.$proc$C:\Users\satheesh\chiploop-saas\.tmp_lec_repro\generic.v:577$907'.
Removing empty process `adaptive_aero_control_top_mmio.$proc$C:\Users\satheesh\chiploop-saas\.tmp_lec_repro\generic.v:577$907'.
Found and cleaned up 1 empty switch in `\adaptive_aero_control_top_mmio.$proc$C:\Users\satheesh\chiploop-saas\.tmp_lec_repro\generic.v:574$905'.
Removing empty process `adaptive_aero_control_top_mmio.$proc$C:\Users\satheesh\chiploop-saas\.tmp_lec_repro\generic.v:574$905'.
Found and cleaned up 1 empty switch in `\adaptive_aero_control_top_mmio.$proc$C:\Users\satheesh\chiploop-saas\.tmp_lec_repro\generic.v:571$903'.
Removing empty process `adaptive_aero_control_top_mmio.$proc$C:\Users\satheesh\chiploop-saas\.tmp_lec_repro\generic.v:571$903'.
Found and cleaned up 1 empty switch in `\adaptive_aero_control_top_mmio.$proc$C:\Users\satheesh\chiploop-saas\.tmp_lec_repro\generic.v:568$901'.
Removing empty process `adaptive_aero_control_top_mmio.$proc$C:\Users\satheesh\chiploop-saas\.tmp_lec_repro\generic.v:568$901'.
Found and cleaned up 1 empty switch in `\adaptive_aero_control_top_mmio.$proc$C:\Users\satheesh\chiploop-saas\.tmp_lec_repro\generic.v:565$899'.
Removing empty process `adaptive_aero_control_top_mmio.$proc$C:\Users\satheesh\chiploop-saas\.tmp_lec_repro\generic.v:565$899'.
Found and cleaned up 1 empty switch in `\adaptive_aero_control_top_mmio.$proc$C:\Users\satheesh\chiploop-saas\.tmp_lec_repro\generic.v:562$897'.
Removing empty process `adaptive_aero_control_top_mmio.$proc$C:\Users\satheesh\chiploop-saas\.tmp_lec_repro\generic.v:562$897'.
Found and cleaned up 1 empty switch in `\adaptive_aero_control_top_mmio.$proc$C:\Users\satheesh\chiploop-saas\.tmp_lec_repro\generic.v:559$895'.
Removing empty process `adaptive_aero_control_top_mmio.$proc$C:\Users\satheesh\chiploop-saas\.tmp_lec_repro\generic.v:559$895'.
Found and cleaned up 1 empty switch in `\adaptive_aero_control_top_mmio.$proc$C:\Users\satheesh\chiploop-saas\.tmp_lec_repro\generic.v:556$893'.
Removing empty process `adaptive_aero_control_top_mmio.$proc$C:\Users\satheesh\chiploop-saas\.tmp_lec_repro\generic.v:556$893'.
Found and cleaned up 1 empty switch in `\adaptive_aero_control_top_mmio.$proc$C:\Users\satheesh\chiploop-saas\.tmp_lec_repro\generic.v:553$891'.
Removing empty process `adaptive_aero_control_top_mmio.$proc$C:\Users\satheesh\chiploop-saas\.tmp_lec_repro\generic.v:553$891'.
Found and cleaned up 1 empty switch in `\adaptive_aero_control_top_mmio.$proc$C:\Users\satheesh\chiploop-saas\.tmp_lec_repro\generic.v:550$889'.
Removing empty process `adaptive_aero_control_top_mmio.$proc$C:\Users\satheesh\chiploop-saas\.tmp_lec_repro\generic.v:550$889'.
Found and cleaned up 1 empty switch in `\adaptive_aero_control_top_mmio.$proc$C:\Users\satheesh\chiploop-saas\.tmp_lec_repro\generic.v:547$887'.
Removing empty process `adaptive_aero_control_top_mmio.$proc$C:\Users\satheesh\chiploop-saas\.tmp_lec_repro\generic.v:547$887'.
Found and cleaned up 1 empty switch in `\adaptive_aero_control_top_mmio.$proc$C:\Users\satheesh\chiploop-saas\.tmp_lec_repro\generic.v:544$885'.
Removing empty process `adaptive_aero_control_top_mmio.$proc$C:\Users\satheesh\chiploop-saas\.tmp_lec_repro\generic.v:544$885'.
Found and cleaned up 1 empty switch in `\adaptive_aero_control_top_mmio.$proc$C:\Users\satheesh\chiploop-saas\.tmp_lec_repro\generic.v:541$883'.
Removing empty process `adaptive_aero_control_top_mmio.$proc$C:\Users\satheesh\chiploop-saas\.tmp_lec_repro\generic.v:541$883'.
Found and cleaned up 1 empty switch in `\adaptive_aero_control_top_mmio.$proc$C:\Users\satheesh\chiploop-saas\.tmp_lec_repro\generic.v:538$881'.
Removing empty process `adaptive_aero_control_top_mmio.$proc$C:\Users\satheesh\chiploop-saas\.tmp_lec_repro\generic.v:538$881'.
Found and cleaned up 1 empty switch in `\adaptive_aero_control_top_mmio.$proc$C:\Users\satheesh\chiploop-saas\.tmp_lec_repro\generic.v:535$879'.
Removing empty process `adaptive_aero_control_top_mmio.$proc$C:\Users\satheesh\chiploop-saas\.tmp_lec_repro\generic.v:535$879'.
Removing empty process `adaptive_aero_control_top_actuator_safety.$proc$C:\Users\satheesh\chiploop-saas\.tmp_lec_repro\generic.v:319$854'.
Removing empty process `adaptive_aero_control_top_actuator_safety.$proc$C:\Users\satheesh\chiploop-saas\.tmp_lec_repro\generic.v:316$852'.
Removing empty process `adaptive_aero_control_top_actuator_safety.$proc$C:\Users\satheesh\chiploop-saas\.tmp_lec_repro\generic.v:313$850'.
Found and cleaned up 1 empty switch in `\adaptive_aero_control_top_actuator_safety.$proc$C:\Users\satheesh\chiploop-saas\.tmp_lec_repro\generic.v:280$818'.
Removing empty process `adaptive_aero_control_top_actuator_safety.$proc$C:\Users\satheesh\chiploop-saas\.tmp_lec_repro\generic.v:280$818'.
Cleaned up 28 empty switches.

10.2.12. Executing OPT_EXPR pass (perform const folding).
Optimizing module adaptive_aero_control_top_spi_fpga_top.
<suppressed ~13 debug messages>
Optimizing module adaptive_aero_control_top_request_fsm.
<suppressed ~32 debug messages>
Optimizing module adaptive_aero_control_top_mmio.
<suppressed ~40 debug messages>
Optimizing module adaptive_aero_control_top_actuator_safety.
<suppressed ~8 debug messages>
Optimizing module adaptive_aero_control_top.

10.3. Executing FLATTEN pass (flatten design).
Deleting now unused module adaptive_aero_control_top_request_fsm.
Deleting now unused module adaptive_aero_control_top_mmio.
Deleting now unused module adaptive_aero_control_top_actuator_safety.
Deleting now unused module adaptive_aero_control_top.
<suppressed ~4 debug messages>

10.4. Executing FUTURE pass.

10.5. Executing OPT_EXPR pass (perform const folding).
Optimizing module adaptive_aero_control_top_spi_fpga_top.
<suppressed ~8 debug messages>

10.6. Executing OPT_CLEAN pass (remove unused cells and wires).
Finding unused cells or wires in module \adaptive_aero_control_top_spi_fpga_top..
Removed 139 unused cells and 487 unused wires.
<suppressed ~188 debug messages>

10.7. Executing CHECK pass (checking for obvious problems).
Checking module adaptive_aero_control_top_spi_fpga_top...
Found and reported 0 problems.

10.8. Executing OPT pass (performing simple optimizations).

10.8.1. Executing OPT_EXPR pass (perform const folding).
Optimizing module adaptive_aero_control_top_spi_fpga_top.
<suppressed ~1 debug messages>

10.8.2. Executing OPT_MERGE pass (detect identical cells).
Finding identical cells in module `\adaptive_aero_control_top_spi_fpga_top'.
Removed a total of 0 cells.

10.8.3. Executing OPT_MUXTREE pass (detect dead branches in mux trees).
Running muxtree optimizer on module \adaptive_aero_control_top_spi_fpga_top..
  Creating internal representation of mux trees.
  Evaluating internal representation of mux trees.
  Analyzing evaluation results.
    dead port 2/2 on $mux $flatten\u_core.\u_safety.$ternary$C:\Users\satheesh\chiploop-saas\.tmp_lec_repro\generic.v:330$864.
Removed 1 multiplexer ports.
<suppressed ~46 debug messages>

10.8.4. Executing OPT_REDUCE pass (consolidate $*mux and $reduce_* inputs).
  Optimizing cells in module \adaptive_aero_control_top_spi_fpga_top.
Performed a total of 0 changes.

10.8.5. Executing OPT_MERGE pass (detect identical cells).
Finding identical cells in module `\adaptive_aero_control_top_spi_fpga_top'.
Removed a total of 0 cells.

10.8.6. Executing OPT_CLEAN pass (remove unused cells and wires).
Finding unused cells or wires in module \adaptive_aero_control_top_spi_fpga_top..

10.8.7. Executing OPT_EXPR pass (perform const folding).
Optimizing module adaptive_aero_control_top_spi_fpga_top.

10.8.8. Rerunning OPT passes. (Maybe there is more to do..)

10.8.9. Executing OPT_MUXTREE pass (detect dead branches in mux trees).
Running muxtree optimizer on module \adaptive_aero_control_top_spi_fpga_top..
  Creating internal representation of mux trees.
  Evaluating internal representation of mux trees.
  Analyzing evaluation results.
Removed 0 multiplexer ports.
<suppressed ~46 debug messages>

10.8.10. Executing OPT_REDUCE pass (consolidate $*mux and $reduce_* inputs).
  Optimizing cells in module \adaptive_aero_control_top_spi_fpga_top.
Performed a total of 0 changes.

10.8.11. Executing OPT_MERGE pass (detect identical cells).
Finding identical cells in module `\adaptive_aero_control_top_spi_fpga_top'.
Removed a total of 0 cells.

10.8.12. Executing OPT_CLEAN pass (remove unused cells and wires).
Finding unused cells or wires in module \adaptive_aero_control_top_spi_fpga_top..

10.8.13. Executing OPT_EXPR pass (perform const folding).
Optimizing module adaptive_aero_control_top_spi_fpga_top.

10.8.14. Finished OPT passes. (There is nothing left to do.)

10.9. Executing WREDUCE pass (reducing word size of cells).
Removed top 5 bits (of 8) from port B of cell adaptive_aero_control_top_spi_fpga_top.$flatten\u_core.\u_mmio.$ne$C:\Users\satheesh\chiploop-saas\.tmp_lec_repro\generic.v:618$945 ($ne).
Removed top 4 bits (of 8) from port B of cell adaptive_aero_control_top_spi_fpga_top.$flatten\u_core.\u_mmio.$ne$C:\Users\satheesh\chiploop-saas\.tmp_lec_repro\generic.v:619$946 ($ne).
Removed top 4 bits (of 8) from port B of cell adaptive_aero_control_top_spi_fpga_top.$flatten\u_core.\u_mmio.$ne$C:\Users\satheesh\chiploop-saas\.tmp_lec_repro\generic.v:620$947 ($ne).
Removed top 3 bits (of 8) from port B of cell adaptive_aero_control_top_spi_fpga_top.$flatten\u_core.\u_mmio.$ne$C:\Users\satheesh\chiploop-saas\.tmp_lec_repro\generic.v:621$948 ($ne).
Removed top 3 bits (of 8) from port B of cell adaptive_aero_control_top_spi_fpga_top.$flatten\u_core.\u_mmio.$ne$C:\Users\satheesh\chiploop-saas\.tmp_lec_repro\generic.v:622$949 ($ne).
Removed top 3 bits (of 8) from port B of cell adaptive_aero_control_top_spi_fpga_top.$flatten\u_core.\u_mmio.$ne$C:\Users\satheesh\chiploop-saas\.tmp_lec_repro\generic.v:623$950 ($ne).
Removed top 3 bits (of 8) from port B of cell adaptive_aero_control_top_spi_fpga_top.$flatten\u_core.\u_mmio.$ne$C:\Users\satheesh\chiploop-saas\.tmp_lec_repro\generic.v:624$951 ($ne).
Removed top 2 bits (of 8) from port B of cell adaptive_aero_control_top_spi_fpga_top.$flatten\u_core.\u_mmio.$ne$C:\Users\satheesh\chiploop-saas\.tmp_lec_repro\generic.v:625$952 ($ne).
Removed top 2 bits (of 8) from port B of cell adaptive_aero_control_top_spi_fpga_top.$flatten\u_core.\u_mmio.$ne$C:\Users\satheesh\chiploop-saas\.tmp_lec_repro\generic.v:626$953 ($ne).
Removed top 2 bits (of 8) from port B of cell adaptive_aero_control_top_spi_fpga_top.$flatten\u_core.\u_mmio.$ne$C:\Users\satheesh\chiploop-saas\.tmp_lec_repro\generic.v:627$954 ($ne).
Removed top 2 bits (of 8) from port B of cell adaptive_aero_control_top_spi_fpga_top.$flatten\u_core.\u_mmio.$ne$C:\Users\satheesh\chiploop-saas\.tmp_lec_repro\generic.v:628$955 ($ne).
Removed top 2 bits (of 8) from port B of cell adaptive_aero_control_top_spi_fpga_top.$flatten\u_core.\u_mmio.$ne$C:\Users\satheesh\chiploop-saas\.tmp_lec_repro\generic.v:629$956 ($ne).
Removed top 2 bits (of 8) from port B of cell adaptive_aero_control_top_spi_fpga_top.$flatten\u_core.\u_mmio.$ne$C:\Users\satheesh\chiploop-saas\.tmp_lec_repro\generic.v:630$957 ($ne).
Removed top 2 bits (of 8) from port B of cell adaptive_aero_control_top_spi_fpga_top.$flatten\u_core.\u_mmio.$ne$C:\Users\satheesh\chiploop-saas\.tmp_lec_repro\generic.v:631$958 ($ne).
Removed top 2 bits (of 8) from port B of cell adaptive_aero_control_top_spi_fpga_top.$flatten\u_core.\u_mmio.$ne$C:\Users\satheesh\chiploop-saas\.tmp_lec_repro\generic.v:632$959 ($ne).
Removed top 1 bits (of 8) from port B of cell adaptive_aero_control_top_spi_fpga_top.$flatten\u_core.\u_mmio.$ne$C:\Users\satheesh\chiploop-saas\.tmp_lec_repro\generic.v:633$960 ($ne).
Removed top 1 bits (of 8) from port B of cell adaptive_aero_control_top_spi_fpga_top.$flatten\u_core.\u_mmio.$ne$C:\Users\satheesh\chiploop-saas\.tmp_lec_repro\generic.v:634$961 ($ne).
Removed top 1 bits (of 8) from port B of cell adaptive_aero_control_top_spi_fpga_top.$flatten\u_core.\u_mmio.$ne$C:\Users\satheesh\chiploop-saas\.tmp_lec_repro\generic.v:635$962 ($ne).
Removed top 1 bits (of 8) from port B of cell adaptive_aero_control_top_spi_fpga_top.$flatten\u_core.\u_mmio.$eq$C:\Users\satheesh\chiploop-saas\.tmp_lec_repro\generic.v:693$969 ($eq).
Removed top 1 bits (of 8) from port B of cell adaptive_aero_control_top_spi_fpga_top.$flatten\u_core.\u_mmio.$eq$C:\Users\satheesh\chiploop-saas\.tmp_lec_repro\generic.v:694$970 ($eq).
Removed top 1 bits (of 8) from port B of cell adaptive_aero_control_top_spi_fpga_top.$flatten\u_core.\u_mmio.$eq$C:\Users\satheesh\chiploop-saas\.tmp_lec_repro\generic.v:695$971 ($eq).
Removed top 2 bits (of 8) from port B of cell adaptive_aero_control_top_spi_fpga_top.$flatten\u_core.\u_mmio.$eq$C:\Users\satheesh\chiploop-saas\.tmp_lec_repro\generic.v:696$972 ($eq).
Removed top 2 bits (of 8) from port B of cell adaptive_aero_control_top_spi_fpga_top.$flatten\u_core.\u_mmio.$eq$C:\Users\satheesh\chiploop-saas\.tmp_lec_repro\generic.v:697$973 ($eq).
Removed top 2 bits (of 8) from port B of cell adaptive_aero_control_top_spi_fpga_top.$flatten\u_core.\u_mmio.$eq$C:\Users\satheesh\chiploop-saas\.tmp_lec_repro\generic.v:698$974 ($eq).
Removed top 5 bits (of 8) from port B of cell adaptive_aero_control_top_spi_fpga_top.$flatten\u_core.\u_mmio.$eq$C:\Users\satheesh\chiploop-saas\.tmp_lec_repro\generic.v:699$975 ($eq).
Removed top 2 bits (of 8) from port B of cell adaptive_aero_control_top_spi_fpga_top.$flatten\u_core.\u_mmio.$eq$C:\Users\satheesh\chiploop-saas\.tmp_lec_repro\generic.v:701$977 ($eq).
Removed top 2 bits (of 8) from port B of cell adaptive_aero_control_top_spi_fpga_top.$flatten\u_core.\u_mmio.$eq$C:\Users\satheesh\chiploop-saas\.tmp_lec_repro\generic.v:702$978 ($eq).
Removed top 2 bits (of 8) from port B of cell adaptive_aero_control_top_spi_fpga_top.$flatten\u_core.\u_mmio.$eq$C:\Users\satheesh\chiploop-saas\.tmp_lec_repro\generic.v:703$979 ($eq).
Removed top 2 bits (of 8) from port B of cell adaptive_aero_control_top_spi_fpga_top.$flatten\u_core.\u_mmio.$eq$C:\Users\satheesh\chiploop-saas\.tmp_lec_repro\generic.v:704$980 ($eq).
Removed top 2 bits (of 8) from port B of cell adaptive_aero_control_top_spi_fpga_top.$flatten\u_core.\u_mmio.$eq$C:\Users\satheesh\chiploop-saas\.tmp_lec_repro\generic.v:705$981 ($eq).
Removed top 4 bits (of 8) from port B of cell adaptive_aero_control_top_spi_fpga_top.$flatten\u_core.\u_mmio.$eq$C:\Users\satheesh\chiploop-saas\.tmp_lec_repro\generic.v:706$982 ($eq).
Removed top 3 bits (of 8) from port B of cell adaptive_aero_control_top_spi_fpga_top.$flatten\u_core.\u_mmio.$eq$C:\Users\satheesh\chiploop-saas\.tmp_lec_repro\generic.v:707$983 ($eq).
Removed top 3 bits (of 8) from port B of cell adaptive_aero_control_top_spi_fpga_top.$flatten\u_core.\u_mmio.$eq$C:\Users\satheesh\chiploop-saas\.tmp_lec_repro\generic.v:708$984 ($eq).
Removed top 3 bits (of 8) from port B of cell adaptive_aero_control_top_spi_fpga_top.$flatten\u_core.\u_mmio.$eq$C:\Users\satheesh\chiploop-saas\.tmp_lec_repro\generic.v:709$985 ($eq).
Removed top 3 bits (of 8) from port B of cell adaptive_aero_control_top_spi_fpga_top.$flatten\u_core.\u_mmio.$eq$C:\Users\satheesh\chiploop-saas\.tmp_lec_repro\generic.v:710$986 ($eq).
Removed top 4 bits (of 8) from port B of cell adaptive_aero_control_top_spi_fpga_top.$flatten\u_core.\u_mmio.$eq$C:\Users\satheesh\chiploop-saas\.tmp_lec_repro\generic.v:711$987 ($eq).
Removed top 7 bits (of 8) from port B of cell adaptive_aero_control_top_spi_fpga_top.$flatten\u_core.\u_fsm.$eq$C:\Users\satheesh\chiploop-saas\.tmp_lec_repro\generic.v:938$1018 ($eq).
Removed top 6 bits (of 8) from port B of cell adaptive_aero_control_top_spi_fpga_top.$flatten\u_core.\u_fsm.$eq$C:\Users\satheesh\chiploop-saas\.tmp_lec_repro\generic.v:941$1021 ($eq).
Removed top 7 bits (of 8) from mux cell adaptive_aero_control_top_spi_fpga_top.$flatten\u_core.\u_fsm.$ternary$C:\Users\satheesh\chiploop-saas\.tmp_lec_repro\generic.v:992$1064 ($mux).
Removed top 12 bits (of 16) from mux cell adaptive_aero_control_top_spi_fpga_top.$flatten\u_core.\u_fsm.$ternary$C:\Users\satheesh\chiploop-saas\.tmp_lec_repro\generic.v:995$1067 ($mux).
Removed top 31 bits (of 32) from port B of cell adaptive_aero_control_top_spi_fpga_top.$flatten\u_core.\u_fsm.$add$C:\Users\satheesh\chiploop-saas\.tmp_lec_repro\generic.v:900$994 ($add).

10.10. Executing OPT_CLEAN pass (remove unused cells and wires).
Finding unused cells or wires in module \adaptive_aero_control_top_spi_fpga_top..

10.11. Executing MEMORY_COLLECT pass (generating $mem cells).

10.12. Executing OPT pass (performing simple optimizations).

10.12.1. Executing OPT_EXPR pass (perform const folding).
Optimizing module adaptive_aero_control_top_spi_fpga_top.

10.12.2. Executing OPT_MERGE pass (detect identical cells).
Finding identical cells in module `\adaptive_aero_control_top_spi_fpga_top'.
<suppressed ~3 debug messages>
Removed a total of 1 cells.

10.12.3. Executing OPT_CLEAN pass (remove unused cells and wires).
Finding unused cells or wires in module \adaptive_aero_control_top_spi_fpga_top..

10.12.4. Finished fast OPT passes.

10.13. Printing statistics.

=== adaptive_aero_control_top_spi_fpga_top ===

   Number of wires:                413
   Number of wire bits:           4908
   Number of public wires:         387
   Number of public wire bits:    4260
   Number of ports:                  7
   Number of port bits:              7
   Number of memories:               0
   Number of memory bits:            0
   Number of processes:              0
   Number of cells:                221
     $add                            1
     $adff                          44
     $and                            3
     $dff                            2
     $eq                            21
     $ge                             1
     $gt                             1
     $logic_and                     26
     $logic_not                      6
     $logic_or                       4
     $mux                           69
     $ne                            19
     $pmux                           1
     $reduce_and                    14
     $reduce_or                      5
     $scopeinfo                      4

10.14. Executing CHECK pass (checking for obvious problems).
Checking module adaptive_aero_control_top_spi_fpga_top...
Found and reported 0 problems.

11. Executing MEMORY pass.

11.1. Executing OPT_MEM pass (optimize memories).
Performed a total of 0 transformations.

11.2. Executing OPT_MEM_PRIORITY pass (removing unnecessary memory write priority relations).
Performed a total of 0 transformations.

11.3. Executing OPT_MEM_FEEDBACK pass (finding memory read-to-write feedback paths).

11.4. Executing MEMORY_BMUX2ROM pass (converting muxes to ROMs).

11.5. Executing MEMORY_DFF pass (merging $dff cells to $memrd).

11.6. Executing OPT_CLEAN pass (remove unused cells and wires).
Finding unused cells or wires in module \adaptive_aero_control_top_spi_fpga_top..

11.7. Executing MEMORY_SHARE pass (consolidating $memrd/$memwr cells).

11.8. Executing OPT_MEM_WIDEN pass (optimize memories where all ports are wide).
Performed a total of 0 transformations.

11.9. Executing OPT_CLEAN pass (remove unused cells and wires).
Finding unused cells or wires in module \adaptive_aero_control_top_spi_fpga_top..

11.10. Executing MEMORY_COLLECT pass (generating $mem cells).

11.11. Executing MEMORY_MAP pass (converting memories to logic and flip-flops).

12. Executing OPT_CLEAN pass (remove unused cells and wires).
Finding unused cells or wires in module \adaptive_aero_control_top_spi_fpga_top..
Renaming module \adaptive_aero_control_top_spi_fpga_top to \gate.

13. Executing ASYNC2SYNC pass.
Replacing gate.$flatten\u_core.\u_fsm.$procdff$1227 ($adff): ARST=\reset_n, D=\u_core.u_fsm.next_age_counter, Q=\u_core.u_fsm.age_counter_r
Replacing gate.$flatten\u_core.\u_fsm.$procdff$1237 ($adff): ARST=\reset_n, D=\u_core.u_fsm.next_irq_pulse, Q=\u_core.u_fsm.irq_pulse_r
Replacing gate.$flatten\u_core.\u_fsm.$procdff$1242 ($adff): ARST=\reset_n, D=\u_core.u_fsm.next_fallback_active, Q=\u_core.u_fsm.fallback_active_r
Replacing gate.$flatten\u_core.\u_fsm.$procdff$1247 ($adff): ARST=\reset_n, D=\u_core.u_fsm.next_service_error, Q=\u_core.u_fsm.service_error_r
Replacing gate.$flatten\u_core.\u_fsm.$procdff$1252 ($adff): ARST=\reset_n, D=\u_core.u_fsm.next_envelope_violation, Q=\u_core.u_fsm.envelope_violation_r
Replacing gate.$flatten\u_core.\u_fsm.$procdff$1257 ($adff): ARST=\reset_n, D=\u_core.u_fsm.next_response_received, Q=\u_core.u_fsm.response_received_r
Replacing gate.$flatten\u_core.\u_fsm.$procdff$1262 ($adff): ARST=\reset_n, D=\u_core.u_fsm.next_state, Q=\u_core.u_fsm.state_r
Replacing gate.$flatten\u_core.\u_fsm.$procdff$1267 ($adff): ARST=\reset_n, D=$flatten\u_core.\u_fsm.$0\timeout_expired_r[0:0], Q=\u_core.u_fsm.timeout_expired_r
Replacing gate.$flatten\u_core.\u_fsm.$procdff$1272 ($adff): ARST=\reset_n, D={ \u_core.u_mmio.r_timestamp \u_core.u_mmio.r_geometry_handle [15:8] \u_core.u_mmio.r_flow_handle [15:8] \u_core.u_mmio.r_request_id }, Q=\u_core.u_fsm._065_
Replacing gate.$flatten\u_core.\u_fsm.$procdff$1277 ($adff): ARST=\reset_n, D=$flatten\u_core.\u_fsm.$0\pending_r[0:0], Q=\u_core.u_fsm.pending_r
Replacing gate.$flatten\u_core.\u_fsm.$procdff$1287 ($adff): ARST=\reset_n, D=$flatten\u_core.\u_fsm.$0\response_req_id_r[7:0], Q=\u_core.u_fsm.response_req_id_r
Replacing gate.$flatten\u_core.\u_fsm.$procdff$1292 ($adff): ARST=\reset_n, D=$flatten\u_core.\u_fsm.$0\outstanding_req_id_r[7:0], Q=\u_core.u_fsm.outstanding_req_id_r
Replacing gate.$flatten\u_core.\u_fsm.$procdff$1297 ($adff): ARST=\reset_n, D={ \u_core.u_fsm.next_fault_summary [3:2] \u_core.u_fsm.next_fault_summary [0] }, Q=\u_core.u_fsm._060_
Replacing gate.$flatten\u_core.\u_fsm.$procdff$1302 ($adff): ARST=\reset_n, D=$flatten\u_core.\u_fsm.$0\_059_[12:0], Q=\u_core.u_fsm._059_
Replacing gate.$flatten\u_core.\u_mmio.$procdff$1307 ($adff): ARST=\reset_n, D=\u_core.u_mmio._001_, Q=\u_core.u_mmio.wb_err_o_r
Replacing gate.$flatten\u_core.\u_mmio.$procdff$1312 ($adff): ARST=\reset_n, D=\u_core.u_mmio.access, Q=\u_core.u_mmio.wb_ack_o_r
Replacing gate.$flatten\u_core.\u_mmio.$procdff$1317 ($adff): ARST=\reset_n, D=\u_core.u_mmio._000_, Q=\u_core.u_mmio.wb_dat_o_r
Replacing gate.$flatten\u_core.\u_mmio.$procdff$1322 ($adff): ARST=\reset_n, D=$flatten\u_core.\u_mmio.$0\r_oper_en_min[15:0], Q=\u_core.u_mmio.r_oper_en_min
Replacing gate.$flatten\u_core.\u_mmio.$procdff$1327 ($adff): ARST=\reset_n, D=$flatten\u_core.\u_mmio.$0\r_request_id[7:0], Q=\u_core.u_mmio.r_request_id
Replacing gate.$flatten\u_core.\u_mmio.$procdff$1332 ($adff): ARST=\reset_n, D=$flatten\u_core.\u_mmio.$0\r_rate_limit_step[15:0], Q=\u_core.u_mmio.r_rate_limit_step
Replacing gate.$flatten\u_core.\u_mmio.$procdff$1337 ($adff): ARST=\reset_n, D=$flatten\u_core.\u_mmio.$0\r_allow_multi_outstanding[0:0], Q=\u_core.u_mmio.r_allow_multi_outstanding
Replacing gate.$flatten\u_core.\u_mmio.$procdff$1342 ($adff): ARST=\reset_n, D=$flatten\u_core.\u_mmio.$0\r_rate_limit_en[0:0], Q=\u_core.u_mmio.r_rate_limit_en
Replacing gate.$flatten\u_core.\u_mmio.$procdff$1347 ($adff): ARST=\reset_n, D=$flatten\u_core.\u_mmio.$0\r_status_flags[7:0], Q=\u_core.u_mmio.r_status_flags
Replacing gate.$flatten\u_core.\u_mmio.$procdff$1352 ($adff): ARST=\reset_n, D=$flatten\u_core.\u_mmio.$0\r_geometry_handle[15:0], Q=\u_core.u_mmio.r_geometry_handle
Replacing gate.$flatten\u_core.\u_mmio.$procdff$1357 ($adff): ARST=\reset_n, D=$flatten\u_core.\u_mmio.$0\r_clamp_max[15:0], Q=\u_core.u_mmio.r_clamp_max
Replacing gate.$flatten\u_core.\u_mmio.$procdff$1362 ($adff): ARST=\reset_n, D=$flatten\u_core.\u_mmio.$0\r_flow_handle[15:0], Q=\u_core.u_mmio.r_flow_handle
Replacing gate.$flatten\u_core.\u_mmio.$procdff$1367 ($adff): ARST=\reset_n, D=$flatten\u_core.\u_mmio.$0\r_force_safe_mode[0:0], Q=\u_core.u_mmio.r_force_safe_mode
Replacing gate.$flatten\u_core.\u_mmio.$procdff$1372 ($adff): ARST=\reset_n, D=$flatten\u_core.\u_mmio.$0\r_clamp_min[15:0], Q=\u_core.u_mmio.r_clamp_min
Replacing gate.$flatten\u_core.\u_mmio.$procdff$1377 ($adff): ARST=\reset_n, D=$flatten\u_core.\u_mmio.$0\r_command_mode[3:0], Q=\u_core.u_mmio.r_command_mode
Replacing gate.$flatten\u_core.\u_mmio.$procdff$1382 ($adff): ARST=\reset_n, D=$flatten\u_core.\u_mmio.$0\r_timeout_cycles[31:0], Q=\u_core.u_mmio.r_timeout_cycles
Replacing gate.$flatten\u_core.\u_mmio.$procdff$1387 ($adff): ARST=\reset_n, D=$flatten\u_core.\u_mmio.$0\r_request_issue[0:0], Q=\u_core.u_mmio.r_request_issue
Replacing gate.$flatten\u_core.\u_mmio.$procdff$1392 ($adff): ARST=\reset_n, D=$flatten\u_core.\u_mmio.$0\r_fallback_cmd[15:0], Q=\u_core.u_mmio.r_fallback_cmd
Replacing gate.$flatten\u_core.\u_mmio.$procdff$1397 ($adff): ARST=\reset_n, D=$flatten\u_core.\u_mmio.$0\r_oper_en_max[15:0], Q=\u_core.u_mmio.r_oper_en_max
Replacing gate.$flatten\u_core.\u_mmio.$procdff$1402 ($adff): ARST=\reset_n, D=$flatten\u_core.\u_mmio.$0\r_timestamp[31:0], Q=\u_core.u_mmio.r_timestamp
Replacing gate.$flatten\u_core.\u_safety.$procdff$1407 ($adff): ARST=\reset_n, D=\u_core.u_safety._03_, Q=\u_core.u_safety.reg_clamp_active_r
Replacing gate.$flatten\u_core.\u_safety.$procdff$1412 ($adff): ARST=\reset_n, D=1'0, Q=\u_core.u_safety.actuator_cmd_valid_r
Replacing gate.$flatten\u_core.\u_safety.$procdff$1417 ($adff): ARST=\reset_n, D=\u_core.u_mmio.r_fallback_cmd, Q=\u_core.u_safety.actuator_cmd_r
Replacing gate.$flatten\u_core.\u_safety.$procdff$1422 ($adff): ARST=\reset_n, D=$flatten\u_core.\u_safety.$0\last_accepted_cmd_r[15:0], Q=\u_core.u_safety.last_accepted_cmd_r
Replacing gate.$procdff$1195 ($adff): ARST=\spi_cs_n, D=1'1, Q=\spi_active
Replacing gate.$procdff$1200 ($adff): ARST=\reset_n, D=\spi_cs_sync, Q=\spi_cs_prev
Replacing gate.$procdff$1205 ($adff): ARST=\reset_n, D=\spi_cs_meta, Q=\spi_cs_sync
Replacing gate.$procdff$1210 ($adff): ARST=\reset_n, D=\spi_cs_n, Q=\spi_cs_meta
Replacing gate.$procdff$1215 ($adff): ARST=\reset_n, D={ \u_core.u_mmio.wb_dat_o_r \u_core.u_mmio.wb_ack_o_r \u_core.u_mmio.wb_err_o_r 8'00000000 \u_core.u_fsm._065_ 2'01 \u_core.u_safety.actuator_cmd_r \u_core.u_safety.actuator_cmd_valid_r \u_core.u_fsm.fallback_active_r \u_core.u_fsm.irq_pulse_r }, Q=\tx_snapshot
Replacing gate.$procdff$1222 ($adff): ARST=\reset_n, D=$0\rx_active[132:0], Q=\rx_active
Replacing gold.$flatten\u_core.\u_fsm.$procdff$604 ($adff): ARST=\reset_n, D=\u_core.u_fsm.next_state, Q=\u_core.u_fsm.state_r
Replacing gold.$flatten\u_core.\u_fsm.$procdff$609 ($adff): ARST=\reset_n, D=\u_core.u_fsm.next_outstanding_req_id, Q=\u_core.u_fsm.outstanding_req_id_r
Replacing gold.$flatten\u_core.\u_fsm.$procdff$614 ($adff): ARST=\reset_n, D=\u_core.u_fsm.next_response_req_id, Q=\u_core.u_fsm.response_req_id_r
Replacing gold.$flatten\u_core.\u_fsm.$procdff$619 ($adff): ARST=\reset_n, D=\u_core.u_fsm.next_pending, Q=\u_core.u_fsm.pending_r
Replacing gold.$flatten\u_core.\u_fsm.$procdff$624 ($adff): ARST=\reset_n, D=\u_core.u_fsm.next_response_received, Q=\u_core.u_fsm.response_received_r
Replacing gold.$flatten\u_core.\u_fsm.$procdff$629 ($adff): ARST=\reset_n, D=\u_core.u_fsm.next_service_error, Q=\u_core.u_fsm.stale_reject_r
Replacing gold.$flatten\u_core.\u_fsm.$procdff$634 ($adff): ARST=\reset_n, D=\u_core.u_fsm.next_timeout_expired, Q=\u_core.u_fsm.timeout_expired_r
Replacing gold.$flatten\u_core.\u_fsm.$procdff$639 ($adff): ARST=\reset_n, D=\u_core.u_fsm.next_envelope_violation, Q=\u_core.u_fsm.envelope_violation_r
Replacing gold.$flatten\u_core.\u_fsm.$procdff$644 ($adff): ARST=\reset_n, D=\u_core.u_fsm.next_service_error, Q=\u_core.u_fsm.service_error_r
Replacing gold.$flatten\u_core.\u_fsm.$procdff$649 ($adff): ARST=\reset_n, D=\u_core.u_fsm.next_fallback_active, Q=\u_core.u_fsm.fallback_active_r
Replacing gold.$flatten\u_core.\u_fsm.$procdff$654 ($adff): ARST=\reset_n, D=\u_core.u_fsm.next_irq_pulse, Q=\u_core.u_fsm.irq_pulse_r
Replacing gold.$flatten\u_core.\u_fsm.$procdff$669 ($adff): ARST=\reset_n, D=\u_core.u_fsm.next_age_counter, Q=\u_core.u_fsm.age_counter_r
Replacing gold.$flatten\u_core.\u_fsm.$procdff$674 ($adff): ARST=\reset_n, D=\u_core.u_fsm.next_fault_summary, Q=\u_core.u_fsm.fault_summary_r
Replacing gold.$flatten\u_core.\u_fsm.$procdff$679 ($adff): ARST=\reset_n, D={ 8'00000000 \u_core.u_mmio.r_timestamp \u_core.u_mmio.r_geometry_handle [15:8] \u_core.u_mmio.r_flow_handle [15:8] \u_core.u_mmio.r_request_id }, Q=\u_core.u_fsm.model_req_desc_r
Replacing gold.$flatten\u_core.\u_fsm.$procdff$684 ($adff): ARST=\reset_n, D=\u_core.u_fsm.model_req_valid_r, Q=\u_core.u_fsm.model_req_valid_r
Replacing gold.$flatten\u_core.\u_fsm.$procdff$689 ($adff): ARST=\reset_n, D=\u_core.u_fsm.model_rsp_ready_r, Q=\u_core.u_fsm.model_rsp_ready_r
Replacing gold.$flatten\u_core.\u_mmio.$procdff$694 ($adff): ARST=\reset_n, D=$flatten\u_core.\u_mmio.$0\r_oper_en_min[15:0], Q=\u_core.u_mmio.r_oper_en_min
Replacing gold.$flatten\u_core.\u_mmio.$procdff$699 ($adff): ARST=\reset_n, D=$flatten\u_core.\u_mmio.$0\r_oper_en_max[15:0], Q=\u_core.u_mmio.r_oper_en_max
Replacing gold.$flatten\u_core.\u_mmio.$procdff$704 ($adff): ARST=\reset_n, D=$flatten\u_core.\u_mmio.$0\r_timeout_cycles[31:0], Q=\u_core.u_mmio.r_timeout_cycles
Replacing gold.$flatten\u_core.\u_mmio.$procdff$709 ($adff): ARST=\reset_n, D=$flatten\u_core.\u_mmio.$0\r_clamp_min[15:0], Q=\u_core.u_mmio.r_clamp_min
Replacing gold.$flatten\u_core.\u_mmio.$procdff$714 ($adff): ARST=\reset_n, D=$flatten\u_core.\u_mmio.$0\r_clamp_max[15:0], Q=\u_core.u_mmio.r_clamp_max
Replacing gold.$flatten\u_core.\u_mmio.$procdff$719 ($adff): ARST=\reset_n, D=$flatten\u_core.\u_mmio.$0\r_rate_limit_en[0:0], Q=\u_core.u_mmio.r_rate_limit_en
Replacing gold.$flatten\u_core.\u_mmio.$procdff$724 ($adff): ARST=\reset_n, D=$flatten\u_core.\u_mmio.$0\r_rate_limit_step[15:0], Q=\u_core.u_mmio.r_rate_limit_step
Replacing gold.$flatten\u_core.\u_mmio.$procdff$729 ($adff): ARST=\reset_n, D=$flatten\u_core.\u_mmio.$0\r_fallback_cmd[15:0], Q=\u_core.u_mmio.r_fallback_cmd
Replacing gold.$flatten\u_core.\u_mmio.$procdff$734 ($adff): ARST=\reset_n, D=$flatten\u_core.\u_mmio.$0\r_force_safe_mode[0:0], Q=\u_core.u_mmio.r_force_safe_mode
Replacing gold.$flatten\u_core.\u_mmio.$procdff$739 ($adff): ARST=\reset_n, D=$flatten\u_core.\u_mmio.$0\r_allow_multi_outstanding[0:0], Q=\u_core.u_mmio.r_allow_multi_outstanding
Replacing gold.$flatten\u_core.\u_mmio.$procdff$744 ($adff): ARST=\reset_n, D=$flatten\u_core.\u_mmio.$0\r_request_issue[0:0], Q=\u_core.u_mmio.r_request_issue
Replacing gold.$flatten\u_core.\u_mmio.$procdff$749 ($adff): ARST=\reset_n, D=$flatten\u_core.\u_mmio.$0\r_request_id[7:0], Q=\u_core.u_mmio.r_request_id
Replacing gold.$flatten\u_core.\u_mmio.$procdff$754 ($adff): ARST=\reset_n, D=$flatten\u_core.\u_mmio.$0\r_geometry_handle[15:0], Q=\u_core.u_mmio.r_geometry_handle
Replacing gold.$flatten\u_core.\u_mmio.$procdff$759 ($adff): ARST=\reset_n, D=$flatten\u_core.\u_mmio.$0\r_flow_handle[15:0], Q=\u_core.u_mmio.r_flow_handle
Replacing gold.$flatten\u_core.\u_mmio.$procdff$764 ($adff): ARST=\reset_n, D=$flatten\u_core.\u_mmio.$0\r_timestamp[31:0], Q=\u_core.u_mmio.r_timestamp
Replacing gold.$flatten\u_core.\u_mmio.$procdff$769 ($adff): ARST=\reset_n, D=$flatten\u_core.\u_mmio.$0\r_command_mode[3:0], Q=\u_core.u_mmio.r_command_mode
Replacing gold.$flatten\u_core.\u_mmio.$procdff$774 ($adff): ARST=\reset_n, D=$flatten\u_core.\u_mmio.$0\r_status_flags[7:0], Q=\u_core.u_mmio.r_status_flags
Replacing gold.$flatten\u_core.\u_mmio.$procdff$779 ($adff): ARST=\reset_n, D=$flatten\u_core.\u_mmio.$0\wb_dat_o_r[31:0], Q=\u_core.u_mmio.wb_dat_o_r
Replacing gold.$flatten\u_core.\u_mmio.$procdff$784 ($adff): ARST=\reset_n, D=\u_core.u_mmio.access, Q=\u_core.u_mmio.wb_ack_o_r
Replacing gold.$flatten\u_core.\u_mmio.$procdff$789 ($adff): ARST=\reset_n, D=$flatten\u_core.\u_mmio.$0\wb_err_o_r[0:0], Q=\u_core.u_mmio.wb_err_o_r
Replacing gold.$flatten\u_core.\u_safety.$procdff$794 ($adff): ARST=\reset_n, D=$flatten\u_core.\u_safety.$0\last_accepted_cmd_r[15:0], Q=\u_core.u_safety.last_accepted_cmd_r
Replacing gold.$flatten\u_core.\u_safety.$procdff$799 ($adff): ARST=\reset_n, D=\u_core.u_mmio.r_fallback_cmd, Q=\u_core.u_safety.actuator_cmd_r
Replacing gold.$flatten\u_core.\u_safety.$procdff$804 ($adff): ARST=\reset_n, D=1'0, Q=\u_core.u_safety.actuator_cmd_valid_r
Replacing gold.$flatten\u_core.\u_safety.$procdff$809 ($adff): ARST=\reset_n, D=$flatten\u_core.\u_safety.$0\reg_clamp_active_r[0:0], Q=\u_core.u_safety.reg_clamp_active_r
Replacing gold.$procdff$574 ($adff): ARST=\reset_n, D=$0\rx_active[132:0], Q=\rx_active
Replacing gold.$procdff$579 ($adff): ARST=\reset_n, D={ \u_core.u_mmio.wb_dat_o_r \u_core.u_mmio.wb_ack_o_r \u_core.u_mmio.wb_err_o_r \u_core.u_fsm.model_req_desc_r \u_core.u_fsm.model_req_valid_r \u_core.u_fsm.model_rsp_ready_r \u_core.u_safety.actuator_cmd_r \u_core.u_safety.actuator_cmd_valid_r \u_core.u_fsm.fallback_active_r \u_core.u_fsm.irq_pulse_r }, Q=\tx_snapshot
Replacing gold.$procdff$584 ($adff): ARST=\reset_n, D=\spi_cs_n, Q=\spi_cs_meta
Replacing gold.$procdff$589 ($adff): ARST=\reset_n, D=\spi_cs_meta, Q=\spi_cs_sync
Replacing gold.$procdff$594 ($adff): ARST=\reset_n, D=\spi_cs_sync, Q=\spi_cs_prev
Replacing gold.$procdff$599 ($adff): ARST=\spi_cs_n, D=1'1, Q=\spi_active

14. Executing CLK2FFLOGIC pass (convert clocked FFs to generic $ff cells).

14.1. Executing PEEPOPT pass (run peephole optimizers).
Replacing gate.$procdff$1222 ($sdff): CLK=\clk, D=$0\rx_active[132:0], Q=$auto$async2sync.cc:234:execute$1513
Replacing gate.$procdff$1215 ($sdff): CLK=\clk, D={ \u_core.u_mmio.wb_dat_o_r \u_core.u_mmio.wb_ack_o_r \u_core.u_mmio.wb_err_o_r 8'00000000 \u_core.u_fsm._065_ 2'01 \u_core.u_safety.actuator_cmd_r \u_core.u_safety.actuator_cmd_valid_r \u_core.u_fsm.fallback_active_r \u_core.u_fsm.irq_pulse_r }, Q=$auto$async2sync.cc:234:execute$1511
Replacing gate.$procdff$1210 ($sdff): CLK=\clk, D=\spi_cs_n, Q=$auto$async2sync.cc:234:execute$1509
Replacing gate.$procdff$1205 ($sdff): CLK=\clk, D=\spi_cs_meta, Q=$auto$async2sync.cc:234:execute$1507
Replacing gate.$procdff$1200 ($sdff): CLK=\clk, D=\spi_cs_sync, Q=$auto$async2sync.cc:234:execute$1505
Replacing gate.$procdff$1195 ($sdff): CLK=\spi_sclk, D=1'1, Q=$auto$async2sync.cc:234:execute$1503
Replacing gate.$flatten\u_core.\u_safety.$procdff$1422 ($sdff): CLK=\clk, D=$flatten\u_core.\u_safety.$0\last_accepted_cmd_r[15:0], Q=$auto$async2sync.cc:234:execute$1501
Replacing gate.$flatten\u_core.\u_safety.$procdff$1417 ($sdff): CLK=\clk, D=\u_core.u_mmio.r_fallback_cmd, Q=$auto$async2sync.cc:234:execute$1499
Replacing gate.$flatten\u_core.\u_safety.$procdff$1412 ($sdff): CLK=\clk, D=1'0, Q=$auto$async2sync.cc:234:execute$1497
Replacing gate.$flatten\u_core.\u_safety.$procdff$1407 ($sdff): CLK=\clk, D=\u_core.u_safety._03_, Q=$auto$async2sync.cc:234:execute$1495
Replacing gate.$flatten\u_core.\u_mmio.$procdff$1402 ($sdff): CLK=\clk, D=$flatten\u_core.\u_mmio.$0\r_timestamp[31:0], Q=$auto$async2sync.cc:234:execute$1493
Replacing gate.$flatten\u_core.\u_mmio.$procdff$1397 ($sdff): CLK=\clk, D=$flatten\u_core.\u_mmio.$0\r_oper_en_max[15:0], Q=$auto$async2sync.cc:234:execute$1491
Replacing gate.$flatten\u_core.\u_mmio.$procdff$1392 ($sdff): CLK=\clk, D=$flatten\u_core.\u_mmio.$0\r_fallback_cmd[15:0], Q=$auto$async2sync.cc:234:execute$1489
Replacing gate.$flatten\u_core.\u_mmio.$procdff$1387 ($sdff): CLK=\clk, D=$flatten\u_core.\u_mmio.$0\r_request_issue[0:0], Q=$auto$async2sync.cc:234:execute$1487
Replacing gate.$flatten\u_core.\u_mmio.$procdff$1382 ($sdff): CLK=\clk, D=$flatten\u_core.\u_mmio.$0\r_timeout_cycles[31:0], Q=$auto$async2sync.cc:234:execute$1485
Replacing gate.$flatten\u_core.\u_mmio.$procdff$1377 ($sdff): CLK=\clk, D=$flatten\u_core.\u_mmio.$0\r_command_mode[3:0], Q=$auto$async2sync.cc:234:execute$1483
Replacing gate.$flatten\u_core.\u_mmio.$procdff$1372 ($sdff): CLK=\clk, D=$flatten\u_core.\u_mmio.$0\r_clamp_min[15:0], Q=$auto$async2sync.cc:234:execute$1481
Replacing gate.$flatten\u_core.\u_mmio.$procdff$1367 ($sdff): CLK=\clk, D=$flatten\u_core.\u_mmio.$0\r_force_safe_mode[0:0], Q=$auto$async2sync.cc:234:execute$1479
Replacing gate.$flatten\u_core.\u_mmio.$procdff$1362 ($sdff): CLK=\clk, D=$flatten\u_core.\u_mmio.$0\r_flow_handle[15:0], Q=$auto$async2sync.cc:234:execute$1477
Replacing gate.$flatten\u_core.\u_mmio.$procdff$1357 ($sdff): CLK=\clk, D=$flatten\u_core.\u_mmio.$0\r_clamp_max[15:0], Q=$auto$async2sync.cc:234:execute$1475
Replacing gate.$flatten\u_core.\u_mmio.$procdff$1352 ($sdff): CLK=\clk, D=$flatten\u_core.\u_mmio.$0\r_geometry_handle[15:0], Q=$auto$async2sync.cc:234:execute$1473
Replacing gate.$flatten\u_core.\u_mmio.$procdff$1347 ($sdff): CLK=\clk, D=$flatten\u_core.\u_mmio.$0\r_status_flags[7:0], Q=$auto$async2sync.cc:234:execute$1471
Replacing gate.$flatten\u_core.\u_mmio.$procdff$1342 ($sdff): CLK=\clk, D=$flatten\u_core.\u_mmio.$0\r_rate_limit_en[0:0], Q=$auto$async2sync.cc:234:execute$1469
Replacing gate.$flatten\u_core.\u_mmio.$procdff$1337 ($sdff): CLK=\clk, D=$flatten\u_core.\u_mmio.$0\r_allow_multi_outstanding[0:0], Q=$auto$async2sync.cc:234:execute$1467
Replacing gate.$flatten\u_core.\u_mmio.$procdff$1332 ($sdff): CLK=\clk, D=$flatten\u_core.\u_mmio.$0\r_rate_limit_step[15:0], Q=$auto$async2sync.cc:234:execute$1465
Replacing gate.$flatten\u_core.\u_mmio.$procdff$1327 ($sdff): CLK=\clk, D=$flatten\u_core.\u_mmio.$0\r_request_id[7:0], Q=$auto$async2sync.cc:234:execute$1463
Replacing gate.$flatten\u_core.\u_mmio.$procdff$1322 ($sdff): CLK=\clk, D=$flatten\u_core.\u_mmio.$0\r_oper_en_min[15:0], Q=$auto$async2sync.cc:234:execute$1461
Replacing gate.$flatten\u_core.\u_mmio.$procdff$1317 ($sdff): CLK=\clk, D=\u_core.u_mmio._000_, Q=$auto$async2sync.cc:234:execute$1459
Replacing gate.$flatten\u_core.\u_mmio.$procdff$1312 ($sdff): CLK=\clk, D=\u_core.u_mmio.access, Q=$auto$async2sync.cc:234:execute$1457
Replacing gate.$flatten\u_core.\u_mmio.$procdff$1307 ($sdff): CLK=\clk, D=\u_core.u_mmio._001_, Q=$auto$async2sync.cc:234:execute$1455
Replacing gate.$flatten\u_core.\u_fsm.$procdff$1302 ($sdff): CLK=\clk, D=$flatten\u_core.\u_fsm.$0\_059_[12:0], Q=$auto$async2sync.cc:234:execute$1453
Replacing gate.$flatten\u_core.\u_fsm.$procdff$1297 ($sdff): CLK=\clk, D={ \u_core.u_fsm.next_fault_summary [3:2] \u_core.u_fsm.next_fault_summary [0] }, Q=$auto$async2sync.cc:234:execute$1451
Replacing gate.$flatten\u_core.\u_fsm.$procdff$1292 ($sdff): CLK=\clk, D=$flatten\u_core.\u_fsm.$0\outstanding_req_id_r[7:0], Q=$auto$async2sync.cc:234:execute$1449
Replacing gate.$flatten\u_core.\u_fsm.$procdff$1287 ($sdff): CLK=\clk, D=$flatten\u_core.\u_fsm.$0\response_req_id_r[7:0], Q=$auto$async2sync.cc:234:execute$1447
Replacing gate.$flatten\u_core.\u_fsm.$procdff$1277 ($sdff): CLK=\clk, D=$flatten\u_core.\u_fsm.$0\pending_r[0:0], Q=$auto$async2sync.cc:234:execute$1445
Replacing gate.$flatten\u_core.\u_fsm.$procdff$1272 ($sdff): CLK=\clk, D={ \u_core.u_mmio.r_timestamp \u_core.u_mmio.r_geometry_handle [15:8] \u_core.u_mmio.r_flow_handle [15:8] \u_core.u_mmio.r_request_id }, Q=$auto$async2sync.cc:234:execute$1443
Replacing gate.$flatten\u_core.\u_fsm.$procdff$1267 ($sdff): CLK=\clk, D=$flatten\u_core.\u_fsm.$0\timeout_expired_r[0:0], Q=$auto$async2sync.cc:234:execute$1441
Replacing gate.$flatten\u_core.\u_fsm.$procdff$1262 ($sdff): CLK=\clk, D=\u_core.u_fsm.next_state, Q=$auto$async2sync.cc:234:execute$1439
Replacing gate.$flatten\u_core.\u_fsm.$procdff$1257 ($sdff): CLK=\clk, D=\u_core.u_fsm.next_response_received, Q=$auto$async2sync.cc:234:execute$1437
Replacing gate.$flatten\u_core.\u_fsm.$procdff$1252 ($sdff): CLK=\clk, D=\u_core.u_fsm.next_envelope_violation, Q=$auto$async2sync.cc:234:execute$1435
Replacing gate.$flatten\u_core.\u_fsm.$procdff$1247 ($sdff): CLK=\clk, D=\u_core.u_fsm.next_service_error, Q=$auto$async2sync.cc:234:execute$1433
Replacing gate.$flatten\u_core.\u_fsm.$procdff$1242 ($sdff): CLK=\clk, D=\u_core.u_fsm.next_fallback_active, Q=$auto$async2sync.cc:234:execute$1431
Replacing gate.$flatten\u_core.\u_fsm.$procdff$1237 ($sdff): CLK=\clk, D=\u_core.u_fsm.next_irq_pulse, Q=$auto$async2sync.cc:234:execute$1429
Replacing gate.$flatten\u_core.\u_fsm.$procdff$1227 ($sdff): CLK=\clk, D=\u_core.u_fsm.next_age_counter, Q=$auto$async2sync.cc:234:execute$1427
Replacing gate.$procdff$1216 ($dff): CLK=\spi_sclk, D=$0\tx_shift[118:0], Q=\tx_shift
Replacing gate.$procdff$1217 ($dff): CLK=\spi_sclk, D=$0\rx_shift[132:0], Q=\rx_shift
Replacing gold.$procdff$599 ($sdff): CLK=\spi_sclk, D=1'1, Q=$auto$async2sync.cc:234:execute$1605
Replacing gold.$procdff$594 ($sdff): CLK=\clk, D=\spi_cs_sync, Q=$auto$async2sync.cc:234:execute$1603
Replacing gold.$procdff$589 ($sdff): CLK=\clk, D=\spi_cs_meta, Q=$auto$async2sync.cc:234:execute$1601
Replacing gold.$procdff$584 ($sdff): CLK=\clk, D=\spi_cs_n, Q=$auto$async2sync.cc:234:execute$1599
Replacing gold.$procdff$579 ($sdff): CLK=\clk, D={ \u_core.u_mmio.wb_dat_o_r \u_core.u_mmio.wb_ack_o_r \u_core.u_mmio.wb_err_o_r \u_core.u_fsm.model_req_desc_r \u_core.u_fsm.model_req_valid_r \u_core.u_fsm.model_rsp_ready_r \u_core.u_safety.actuator_cmd_r \u_core.u_safety.actuator_cmd_valid_r \u_core.u_fsm.fallback_active_r \u_core.u_fsm.irq_pulse_r }, Q=$auto$async2sync.cc:234:execute$1597
Replacing gold.$procdff$574 ($sdff): CLK=\clk, D=$0\rx_active[132:0], Q=$auto$async2sync.cc:234:execute$1595
Replacing gold.$flatten\u_core.\u_safety.$procdff$809 ($sdff): CLK=\clk, D=$flatten\u_core.\u_safety.$0\reg_clamp_active_r[0:0], Q=$auto$async2sync.cc:234:execute$1593
Replacing gold.$flatten\u_core.\u_safety.$procdff$804 ($sdff): CLK=\clk, D=1'0, Q=$auto$async2sync.cc:234:execute$1591
Replacing gold.$flatten\u_core.\u_safety.$procdff$799 ($sdff): CLK=\clk, D=\u_core.u_mmio.r_fallback_cmd, Q=$auto$async2sync.cc:234:execute$1589
Replacing gold.$flatten\u_core.\u_safety.$procdff$794 ($sdff): CLK=\clk, D=$flatten\u_core.\u_safety.$0\last_accepted_cmd_r[15:0], Q=$auto$async2sync.cc:234:execute$1587
Replacing gold.$flatten\u_core.\u_mmio.$procdff$789 ($sdff): CLK=\clk, D=$flatten\u_core.\u_mmio.$0\wb_err_o_r[0:0], Q=$auto$async2sync.cc:234:execute$1585
Replacing gold.$flatten\u_core.\u_mmio.$procdff$784 ($sdff): CLK=\clk, D=\u_core.u_mmio.access, Q=$auto$async2sync.cc:234:execute$1583
Replacing gold.$flatten\u_core.\u_mmio.$procdff$779 ($sdff): CLK=\clk, D=$flatten\u_core.\u_mmio.$0\wb_dat_o_r[31:0], Q=$auto$async2sync.cc:234:execute$1581
Replacing gold.$flatten\u_core.\u_mmio.$procdff$774 ($sdff): CLK=\clk, D=$flatten\u_core.\u_mmio.$0\r_status_flags[7:0], Q=$auto$async2sync.cc:234:execute$1579
Replacing gold.$flatten\u_core.\u_mmio.$procdff$769 ($sdff): CLK=\clk, D=$flatten\u_core.\u_mmio.$0\r_command_mode[3:0], Q=$auto$async2sync.cc:234:execute$1577
Replacing gold.$flatten\u_core.\u_mmio.$procdff$764 ($sdff): CLK=\clk, D=$flatten\u_core.\u_mmio.$0\r_timestamp[31:0], Q=$auto$async2sync.cc:234:execute$1575
Replacing gold.$flatten\u_core.\u_mmio.$procdff$759 ($sdff): CLK=\clk, D=$flatten\u_core.\u_mmio.$0\r_flow_handle[15:0], Q=$auto$async2sync.cc:234:execute$1573
Replacing gold.$flatten\u_core.\u_mmio.$procdff$754 ($sdff): CLK=\clk, D=$flatten\u_core.\u_mmio.$0\r_geometry_handle[15:0], Q=$auto$async2sync.cc:234:execute$1571
Replacing gold.$flatten\u_core.\u_mmio.$procdff$749 ($sdff): CLK=\clk, D=$flatten\u_core.\u_mmio.$0\r_request_id[7:0], Q=$auto$async2sync.cc:234:execute$1569
Replacing gold.$flatten\u_core.\u_mmio.$procdff$744 ($sdff): CLK=\clk, D=$flatten\u_core.\u_mmio.$0\r_request_issue[0:0], Q=$auto$async2sync.cc:234:execute$1567
Replacing gold.$flatten\u_core.\u_mmio.$procdff$739 ($sdff): CLK=\clk, D=$flatten\u_core.\u_mmio.$0\r_allow_multi_outstanding[0:0], Q=$auto$async2sync.cc:234:execute$1565
Replacing gold.$flatten\u_core.\u_mmio.$procdff$734 ($sdff): CLK=\clk, D=$flatten\u_core.\u_mmio.$0\r_force_safe_mode[0:0], Q=$auto$async2sync.cc:234:execute$1563
Replacing gold.$flatten\u_core.\u_mmio.$procdff$729 ($sdff): CLK=\clk, D=$flatten\u_core.\u_mmio.$0\r_fallback_cmd[15:0], Q=$auto$async2sync.cc:234:execute$1561
Replacing gold.$flatten\u_core.\u_mmio.$procdff$724 ($sdff): CLK=\clk, D=$flatten\u_core.\u_mmio.$0\r_rate_limit_step[15:0], Q=$auto$async2sync.cc:234:execute$1559
Replacing gold.$flatten\u_core.\u_mmio.$procdff$719 ($sdff): CLK=\clk, D=$flatten\u_core.\u_mmio.$0\r_rate_limit_en[0:0], Q=$auto$async2sync.cc:234:execute$1557
Replacing gold.$flatten\u_core.\u_mmio.$procdff$714 ($sdff): CLK=\clk, D=$flatten\u_core.\u_mmio.$0\r_clamp_max[15:0], Q=$auto$async2sync.cc:234:execute$1555
Replacing gold.$flatten\u_core.\u_mmio.$procdff$709 ($sdff): CLK=\clk, D=$flatten\u_core.\u_mmio.$0\r_clamp_min[15:0], Q=$auto$async2sync.cc:234:execute$1553
Replacing gold.$flatten\u_core.\u_mmio.$procdff$704 ($sdff): CLK=\clk, D=$flatten\u_core.\u_mmio.$0\r_timeout_cycles[31:0], Q=$auto$async2sync.cc:234:execute$1551
Replacing gold.$flatten\u_core.\u_mmio.$procdff$699 ($sdff): CLK=\clk, D=$flatten\u_core.\u_mmio.$0\r_oper_en_max[15:0], Q=$auto$async2sync.cc:234:execute$1549
Replacing gold.$flatten\u_core.\u_mmio.$procdff$694 ($sdff): CLK=\clk, D=$flatten\u_core.\u_mmio.$0\r_oper_en_min[15:0], Q=$auto$async2sync.cc:234:execute$1547
Replacing gold.$flatten\u_core.\u_fsm.$procdff$689 ($sdff): CLK=\clk, D=\u_core.u_fsm.model_rsp_ready_r, Q=$auto$async2sync.cc:234:execute$1545
Replacing gold.$flatten\u_core.\u_fsm.$procdff$684 ($sdff): CLK=\clk, D=\u_core.u_fsm.model_req_valid_r, Q=$auto$async2sync.cc:234:execute$1543
Replacing gold.$flatten\u_core.\u_fsm.$procdff$679 ($sdff): CLK=\clk, D={ 8'00000000 \u_core.u_mmio.r_timestamp \u_core.u_mmio.r_geometry_handle [15:8] \u_core.u_mmio.r_flow_handle [15:8] \u_core.u_mmio.r_request_id }, Q=$auto$async2sync.cc:234:execute$1541
Replacing gold.$flatten\u_core.\u_fsm.$procdff$674 ($sdff): CLK=\clk, D=\u_core.u_fsm.next_fault_summary, Q=$auto$async2sync.cc:234:execute$1539
Replacing gold.$flatten\u_core.\u_fsm.$procdff$669 ($sdff): CLK=\clk, D=\u_core.u_fsm.next_age_counter, Q=$auto$async2sync.cc:234:execute$1537
Replacing gold.$flatten\u_core.\u_fsm.$procdff$654 ($sdff): CLK=\clk, D=\u_core.u_fsm.next_irq_pulse, Q=$auto$async2sync.cc:234:execute$1535
Replacing gold.$flatten\u_core.\u_fsm.$procdff$649 ($sdff): CLK=\clk, D=\u_core.u_fsm.next_fallback_active, Q=$auto$async2sync.cc:234:execute$1533
Replacing gold.$flatten\u_core.\u_fsm.$procdff$644 ($sdff): CLK=\clk, D=\u_core.u_fsm.next_service_error, Q=$auto$async2sync.cc:234:execute$1531
Replacing gold.$flatten\u_core.\u_fsm.$procdff$639 ($sdff): CLK=\clk, D=\u_core.u_fsm.next_envelope_violation, Q=$auto$async2sync.cc:234:execute$1529
Replacing gold.$flatten\u_core.\u_fsm.$procdff$634 ($sdff): CLK=\clk, D=\u_core.u_fsm.next_timeout_expired, Q=$auto$async2sync.cc:234:execute$1527
Replacing gold.$flatten\u_core.\u_fsm.$procdff$629 ($sdff): CLK=\clk, D=\u_core.u_fsm.next_service_error, Q=$auto$async2sync.cc:234:execute$1525
Replacing gold.$flatten\u_core.\u_fsm.$procdff$624 ($sdff): CLK=\clk, D=\u_core.u_fsm.next_response_received, Q=$auto$async2sync.cc:234:execute$1523
Replacing gold.$flatten\u_core.\u_fsm.$procdff$619 ($sdff): CLK=\clk, D=\u_core.u_fsm.next_pending, Q=$auto$async2sync.cc:234:execute$1521
Replacing gold.$flatten\u_core.\u_fsm.$procdff$614 ($sdff): CLK=\clk, D=\u_core.u_fsm.next_response_req_id, Q=$auto$async2sync.cc:234:execute$1519
Replacing gold.$flatten\u_core.\u_fsm.$procdff$609 ($sdff): CLK=\clk, D=\u_core.u_fsm.next_outstanding_req_id, Q=$auto$async2sync.cc:234:execute$1517
Replacing gold.$flatten\u_core.\u_fsm.$procdff$604 ($sdff): CLK=\clk, D=\u_core.u_fsm.next_state, Q=$auto$async2sync.cc:234:execute$1515
Replacing gold.$procdff$595 ($dff): CLK=\spi_sclk, D=$0\rx_shift[132:0], Q=\rx_shift
Replacing gold.$procdff$596 ($dff): CLK=\spi_sclk, D=$0\tx_shift[118:0], Q=\tx_shift

15. Executing EQUIV_MAKE pass (creating equiv checking module).
Presumably equivalent wires: clk_gold (\clk_gold), clk_gate (\clk_gate) -> clk
Presumably equivalent wires: core_actuator_cmd_o_gold (\u_core.u_safety.actuator_cmd_r_gold), core_actuator_cmd_o_gate (\u_core.u_safety.actuator_cmd_r_gate) -> core_actuator_cmd_o
Presumably equivalent wires: core_actuator_cmd_valid_o_gold (\u_core.u_safety.actuator_cmd_valid_r_gold), core_actuator_cmd_valid_o_gate (\u_core.u_safety.actuator_cmd_valid_r_gate) -> core_actuator_cmd_valid_o
Presumably equivalent wires: core_fault_o_gold (\u_core.u_fsm.fallback_active_r_gold), core_fault_o_gate (\u_core.u_fsm.fallback_active_r_gate) -> core_fault_o
Presumably equivalent wires: core_irq_o_gold (\u_core.u_fsm.irq_pulse_r_gold), core_irq_o_gate (\u_core.u_fsm.irq_pulse_r_gate) -> core_irq_o
Presumably equivalent wires: core_model_req_desc_o_gold (\u_core.u_fsm.model_req_desc_r_gold), core_model_req_desc_o_gate ({ 8'00000000 \u_core.u_fsm._065__gate }) -> core_model_req_desc_o
Presumably equivalent wires: core_model_req_ready_i_gold (\rx_active_gold [67]), core_model_req_ready_i_gate (\rx_active_gate [67]) -> core_model_req_ready_i
Presumably equivalent wires: core_model_req_valid_o_gold (\u_core.u_fsm.model_req_valid_r_gold), core_model_req_valid_o_gate (1'0) -> core_model_req_valid_o
Presumably equivalent wires: core_model_rsp_desc_i_gold (\rx_active_gold [131:68]), core_model_rsp_desc_i_gate (\rx_active_gate [131:68]) -> core_model_rsp_desc_i
Presumably equivalent wires: core_model_rsp_ready_o_gold (\u_core.u_fsm.model_rsp_ready_r_gold), core_model_rsp_ready_o_gate (1'1) -> core_model_rsp_ready_o
Presumably equivalent wires: core_model_rsp_valid_i_gold (\rx_active_gold [132]), core_model_rsp_valid_i_gate (\rx_active_gate [132]) -> core_model_rsp_valid_i
Presumably equivalent wires: core_response_gold ({ \u_core.u_mmio.wb_dat_o_r_gold \u_core.u_mmio.wb_ack_o_r_gold \u_core.u_mmio.wb_err_o_r_gold \u_core.u_fsm.model_req_desc_r_gold \u_core.u_fsm.model_req_valid_r_gold \u_core.u_fsm.model_rsp_ready_r_gold \u_core.u_safety.actuator_cmd_r_gold \u_core.u_safety.actuator_cmd_valid_r_gold \u_core.u_fsm.fallback_active_r_gold \u_core.u_fsm.irq_pulse_r_gold }), core_response_gate ({ \u_core.u_mmio.wb_dat_o_r_gate \u_core.u_mmio.wb_ack_o_r_gate \u_core.u_mmio.wb_err_o_r_gate 8'00000000 \u_core.u_fsm._065__gate 2'01 \u_core.u_safety.actuator_cmd_r_gate \u_core.u_safety.actuator_cmd_valid_r_gate \u_core.u_fsm.fallback_active_r_gate \u_core.u_fsm.irq_pulse_r_gate }) -> core_response
Presumably equivalent wires: core_wb_ack_o_gold (\u_core.u_mmio.wb_ack_o_r_gold), core_wb_ack_o_gate (\u_core.u_mmio.wb_ack_o_r_gate) -> core_wb_ack_o
Presumably equivalent wires: core_wb_adr_i_gold (\rx_active_gold [31:0]), core_wb_adr_i_gate (\rx_active_gate [31:0]) -> core_wb_adr_i
Presumably equivalent wires: core_wb_cyc_i_gold (\rx_active_gold [66]), core_wb_cyc_i_gate (\rx_active_gate [66]) -> core_wb_cyc_i
Presumably equivalent wires: core_wb_dat_i_gold (\rx_active_gold [63:32]), core_wb_dat_i_gate (\rx_active_gate [63:32]) -> core_wb_dat_i
Presumably equivalent wires: core_wb_dat_o_gold (\u_core.u_mmio.wb_dat_o_r_gold), core_wb_dat_o_gate (\u_core.u_mmio.wb_dat_o_r_gate) -> core_wb_dat_o
Presumably equivalent wires: core_wb_err_o_gold (\u_core.u_mmio.wb_err_o_r_gold), core_wb_err_o_gate (\u_core.u_mmio.wb_err_o_r_gate) -> core_wb_err_o
Presumably equivalent wires: core_wb_stb_i_gold (\rx_active_gold [65]), core_wb_stb_i_gate (\rx_active_gate [65]) -> core_wb_stb_i
Presumably equivalent wires: core_wb_we_i_gold (\rx_active_gold [64]), core_wb_we_i_gate (\rx_active_gate [64]) -> core_wb_we_i
Presumably equivalent wires: fault_indicator_gold (1'0), fault_indicator_gate (1'0) -> fault_indicator
Presumably equivalent wires: reset_n_gold (\reset_n_gold), reset_n_gate (\reset_n_gate) -> reset_n
Presumably equivalent wires: rx_active_gold (\rx_active_gold), rx_active_gate (\rx_active_gate) -> rx_active
Presumably equivalent wires: rx_shift_gold ($auto$rtlil.cc:3098:Mux$2716_gold), rx_shift_gate ($auto$rtlil.cc:3098:Mux$2154_gate) -> rx_shift
Presumably equivalent wires: spi_active_gold (\spi_active_gold), spi_active_gate (\spi_active_gate) -> spi_active
Presumably equivalent wires: spi_cs_meta_gold (\spi_cs_meta_gold), spi_cs_meta_gate (\spi_cs_meta_gate) -> spi_cs_meta
Presumably equivalent wires: spi_cs_n_gold (\spi_cs_n_gold), spi_cs_n_gate (\spi_cs_n_gate) -> spi_cs_n
Presumably equivalent wires: spi_cs_prev_gold (\spi_cs_prev_gold), spi_cs_prev_gate (\spi_cs_prev_gate) -> spi_cs_prev
Presumably equivalent wires: spi_cs_sync_gold (\spi_cs_sync_gold), spi_cs_sync_gate (\spi_cs_sync_gate) -> spi_cs_sync
Presumably equivalent wires: spi_miso_gold (\spi_miso_gold), spi_miso_gate (\spi_miso_gate) -> spi_miso
Presumably equivalent wires: spi_mosi_gold (\spi_mosi_gold), spi_mosi_gate (\spi_mosi_gate) -> spi_mosi
Presumably equivalent wires: spi_sclk_gold (\spi_sclk_gold), spi_sclk_gate (\spi_sclk_gate) -> spi_sclk
Presumably equivalent wires: tx_shift_gold ($auto$rtlil.cc:3098:Mux$2726_gold), tx_shift_gate ($auto$rtlil.cc:3098:Mux$2144_gate) -> tx_shift
Presumably equivalent wires: tx_snapshot_gold (\tx_snapshot_gold), tx_snapshot_gate (\tx_snapshot_gate) -> tx_snapshot
Presumably equivalent wires: u_core.actuator_cmd_o_gold (\u_core.u_safety.actuator_cmd_r_gold), u_core.actuator_cmd_o_gate (\u_core.u_safety.actuator_cmd_r_gate) -> u_core.actuator_cmd_o
Presumably equivalent wires: u_core.actuator_cmd_valid_o_gold (\u_core.u_safety.actuator_cmd_valid_r_gold), u_core.actuator_cmd_valid_o_gate (\u_core.u_safety.actuator_cmd_valid_r_gate) -> u_core.actuator_cmd_valid_o
Presumably equivalent wires: u_core.cfg_allow_multi_outstanding_gold (\u_core.u_mmio.r_allow_multi_outstanding_gold), u_core.cfg_allow_multi_outstanding_gate (\u_core.u_mmio.r_allow_multi_outstanding_gate) -> u_core.cfg_allow_multi_outstanding
Presumably equivalent wires: u_core.cfg_clamp_max_gold (\u_core.u_mmio.r_clamp_max_gold), u_core.cfg_clamp_max_gate (\u_core.u_mmio.r_clamp_max_gate) -> u_core.cfg_clamp_max
Presumably equivalent wires: u_core.cfg_clamp_min_gold (\u_core.u_mmio.r_clamp_min_gold), u_core.cfg_clamp_min_gate (\u_core.u_mmio.r_clamp_min_gate) -> u_core.cfg_clamp_min
Presumably equivalent wires: u_core.cfg_command_mode_gold (\u_core.u_mmio.r_command_mode_gold), u_core.cfg_command_mode_gate (\u_core.u_mmio.r_command_mode_gate) -> u_core.cfg_command_mode
Presumably equivalent wires: u_core.cfg_fallback_cmd_gold (\u_core.u_mmio.r_fallback_cmd_gold), u_core.cfg_fallback_cmd_gate (\u_core.u_mmio.r_fallback_cmd_gate) -> u_core.cfg_fallback_cmd
Presumably equivalent wires: u_core.cfg_flow_handle_gold (\u_core.u_mmio.r_flow_handle_gold), u_core.cfg_flow_handle_gate (\u_core.u_mmio.r_flow_handle_gate) -> u_core.cfg_flow_handle
Presumably equivalent wires: u_core.cfg_force_safe_mode_gold (\u_core.u_mmio.r_force_safe_mode_gold), u_core.cfg_force_safe_mode_gate (\u_core.u_mmio.r_force_safe_mode_gate) -> u_core.cfg_force_safe_mode
Presumably equivalent wires: u_core.cfg_geometry_handle_gold (\u_core.u_mmio.r_geometry_handle_gold), u_core.cfg_geometry_handle_gate (\u_core.u_mmio.r_geometry_handle_gate) -> u_core.cfg_geometry_handle
Presumably equivalent wires: u_core.cfg_oper_en_max_gold (\u_core.u_mmio.r_oper_en_max_gold), u_core.cfg_oper_en_max_gate (\u_core.u_mmio.r_oper_en_max_gate) -> u_core.cfg_oper_en_max
Presumably equivalent wires: u_core.cfg_oper_en_min_gold (\u_core.u_mmio.r_oper_en_min_gold), u_core.cfg_oper_en_min_gate (\u_core.u_mmio.r_oper_en_min_gate) -> u_core.cfg_oper_en_min
Presumably equivalent wires: u_core.cfg_rate_limit_en_gold (\u_core.u_mmio.r_rate_limit_en_gold), u_core.cfg_rate_limit_en_gate (\u_core.u_mmio.r_rate_limit_en_gate) -> u_core.cfg_rate_limit_en
Presumably equivalent wires: u_core.cfg_rate_limit_step_gold (\u_core.u_mmio.r_rate_limit_step_gold), u_core.cfg_rate_limit_step_gate (\u_core.u_mmio.r_rate_limit_step_gate) -> u_core.cfg_rate_limit_step
Presumably equivalent wires: u_core.cfg_request_id_gold (\u_core.u_mmio.r_request_id_gold), u_core.cfg_request_id_gate (\u_core.u_mmio.r_request_id_gate) -> u_core.cfg_request_id
Presumably equivalent wires: u_core.cfg_request_issue_gold (\u_core.u_mmio.r_request_issue_gold), u_core.cfg_request_issue_gate (\u_core.u_mmio.r_request_issue_gate) -> u_core.cfg_request_issue
Presumably equivalent wires: u_core.cfg_status_flags_gold (\u_core.u_mmio.r_status_flags_gold), u_core.cfg_status_flags_gate (\u_core.u_mmio.r_status_flags_gate) -> u_core.cfg_status_flags
Presumably equivalent wires: u_core.cfg_timeout_cycles_gold (\u_core.u_mmio.r_timeout_cycles_gold), u_core.cfg_timeout_cycles_gate (\u_core.u_mmio.r_timeout_cycles_gate) -> u_core.cfg_timeout_cycles
Presumably equivalent wires: u_core.cfg_timestamp_gold (\u_core.u_mmio.r_timestamp_gold), u_core.cfg_timestamp_gate (\u_core.u_mmio.r_timestamp_gate) -> u_core.cfg_timestamp
Presumably equivalent wires: u_core.clk_gold (\clk_gold), u_core.clk_gate (\clk_gate) -> u_core.clk
Presumably equivalent wires: u_core.fault_o_gold (\u_core.u_fsm.fallback_active_r_gold), u_core.fault_o_gate (\u_core.u_fsm.fallback_active_r_gate) -> u_core.fault_o
Presumably equivalent wires: u_core.irq_o_gold (\u_core.u_fsm.irq_pulse_r_gold), u_core.irq_o_gate (\u_core.u_fsm.irq_pulse_r_gate) -> u_core.irq_o
Presumably equivalent wires: u_core.last_accepted_cmd_o_gold (\u_core.u_safety.last_accepted_cmd_r_gold), u_core.last_accepted_cmd_o_gate (\u_core.u_safety.last_accepted_cmd_r_gate) -> u_core.last_accepted_cmd_o
Presumably equivalent wires: u_core.model_req_desc_o_gold (\u_core.u_fsm.model_req_desc_r_gold), u_core.model_req_desc_o_gate ({ 8'00000000 \u_core.u_fsm._065__gate }) -> u_core.model_req_desc_o
Presumably equivalent wires: u_core.model_req_ready_i_gold (\rx_active_gold [67]), u_core.model_req_ready_i_gate (\rx_active_gate [67]) -> u_core.model_req_ready_i
Presumably equivalent wires: u_core.model_req_valid_o_gold (\u_core.u_fsm.model_req_valid_r_gold), u_core.model_req_valid_o_gate (1'0) -> u_core.model_req_valid_o
Presumably equivalent wires: u_core.model_rsp_desc_i_gold (\rx_active_gold [131:68]), u_core.model_rsp_desc_i_gate (\rx_active_gate [131:68]) -> u_core.model_rsp_desc_i
Presumably equivalent wires: u_core.model_rsp_ready_o_gold (\u_core.u_fsm.model_rsp_ready_r_gold), u_core.model_rsp_ready_o_gate (1'1) -> u_core.model_rsp_ready_o
Presumably equivalent wires: u_core.model_rsp_valid_i_gold (\rx_active_gold [132]), u_core.model_rsp_valid_i_gate (\rx_active_gate [132]) -> u_core.model_rsp_valid_i
Presumably equivalent wires: u_core.reg_capabilities_gold (31), u_core.reg_capabilities_gate (31) -> u_core.reg_capabilities
Presumably equivalent wires: u_core.reg_clamp_active_gold (\u_core.u_safety.reg_clamp_active_r_gold), u_core.reg_clamp_active_gate (\u_core.u_safety.reg_clamp_active_r_gate) -> u_core.reg_clamp_active
Presumably equivalent wires: u_core.reg_envelope_violation_gold (\u_core.u_fsm.envelope_violation_r_gold), u_core.reg_envelope_violation_gate (\u_core.u_fsm.envelope_violation_r_gate) -> u_core.reg_envelope_violation
Presumably equivalent wires: u_core.reg_fallback_active_gold (\u_core.u_fsm.fallback_active_r_gold), u_core.reg_fallback_active_gate (\u_core.u_fsm.fallback_active_r_gate) -> u_core.reg_fallback_active
Presumably equivalent wires: u_core.reg_fault_summary_gold (\u_core.u_fsm.fault_summary_r_gold), u_core.reg_fault_summary_gate ({ \u_core.u_fsm._059__gate [12:1] \u_core.u_fsm._060__gate [2:1] \u_core.u_fsm._059__gate [0] \u_core.u_fsm._060__gate [0] }) -> u_core.reg_fault_summary
Presumably equivalent wires: u_core.reg_irq_pulse_gold (\u_core.u_fsm.irq_pulse_r_gold), u_core.reg_irq_pulse_gate (\u_core.u_fsm.irq_pulse_r_gate) -> u_core.reg_irq_pulse
Presumably equivalent wires: u_core.reg_last_accepted_cmd_gold (\u_core.u_safety.last_accepted_cmd_r_gold), u_core.reg_last_accepted_cmd_gate (\u_core.u_safety.last_accepted_cmd_r_gate) -> u_core.reg_last_accepted_cmd
Presumably equivalent wires: u_core.reg_outstanding_req_id_gold (\u_core.u_fsm.outstanding_req_id_r_gold), u_core.reg_outstanding_req_id_gate (\u_core.u_fsm.outstanding_req_id_r_gate) -> u_core.reg_outstanding_req_id
Presumably equivalent wires: u_core.reg_pending_gold (\u_core.u_fsm.pending_r_gold), u_core.reg_pending_gate (\u_core.u_fsm.pending_r_gate) -> u_core.reg_pending
Presumably equivalent wires: u_core.reg_response_received_gold (\u_core.u_fsm.response_received_r_gold), u_core.reg_response_received_gate (\u_core.u_fsm.response_received_r_gate) -> u_core.reg_response_received
Presumably equivalent wires: u_core.reg_response_req_id_gold (\u_core.u_fsm.response_req_id_r_gold), u_core.reg_response_req_id_gate (\u_core.u_fsm.response_req_id_r_gate) -> u_core.reg_response_req_id
Presumably equivalent wires: u_core.reg_service_error_gold (\u_core.u_fsm.service_error_r_gold), u_core.reg_service_error_gate (\u_core.u_fsm.service_error_r_gate) -> u_core.reg_service_error
Presumably equivalent wires: u_core.reg_stale_reject_gold (\u_core.u_fsm.stale_reject_r_gold), u_core.reg_stale_reject_gate (\u_core.u_fsm.service_error_r_gate) -> u_core.reg_stale_reject
Presumably equivalent wires: u_core.reg_state_gold (\u_core.u_fsm.state_r_gold), u_core.reg_state_gate (\u_core.u_fsm.state_r_gate) -> u_core.reg_state
Presumably equivalent wires: u_core.reg_timeout_expired_gold (\u_core.u_fsm.timeout_expired_r_gold), u_core.reg_timeout_expired_gate (\u_core.u_fsm.timeout_expired_r_gate) -> u_core.reg_timeout_expired
Presumably equivalent wires: u_core.reg_version_gold (65536), u_core.reg_version_gate (65536) -> u_core.reg_version
Presumably equivalent wires: u_core.reset_n_gold (\reset_n_gold), u_core.reset_n_gate (\reset_n_gate) -> u_core.reset_n
Presumably equivalent wires: u_core.u_fsm.age_counter_r_gold (\u_core.u_fsm.age_counter_r_gold), u_core.u_fsm.age_counter_r_gate (\u_core.u_fsm.age_counter_r_gate) -> u_core.u_fsm.age_counter_r
Presumably equivalent wires: u_core.u_fsm.cfg_allow_multi_outstanding_gold (\u_core.u_mmio.r_allow_multi_outstanding_gold), u_core.u_fsm.cfg_allow_multi_outstanding_gate (\u_core.u_mmio.r_allow_multi_outstanding_gate) -> u_core.u_fsm.cfg_allow_multi_outstanding
Presumably equivalent wires: u_core.u_fsm.cfg_command_mode_gold (\u_core.u_mmio.r_command_mode_gold), u_core.u_fsm.cfg_command_mode_gate (\u_core.u_mmio.r_command_mode_gate) -> u_core.u_fsm.cfg_command_mode
Presumably equivalent wires: u_core.u_fsm.cfg_flow_handle_gold (\u_core.u_mmio.r_flow_handle_gold), u_core.u_fsm.cfg_flow_handle_gate (\u_core.u_mmio.r_flow_handle_gate) -> u_core.u_fsm.cfg_flow_handle
Presumably equivalent wires: u_core.u_fsm.cfg_force_safe_mode_gold (\u_core.u_mmio.r_force_safe_mode_gold), u_core.u_fsm.cfg_force_safe_mode_gate (\u_core.u_mmio.r_force_safe_mode_gate) -> u_core.u_fsm.cfg_force_safe_mode
Presumably equivalent wires: u_core.u_fsm.cfg_geometry_handle_gold (\u_core.u_mmio.r_geometry_handle_gold), u_core.u_fsm.cfg_geometry_handle_gate (\u_core.u_mmio.r_geometry_handle_gate) -> u_core.u_fsm.cfg_geometry_handle
Presumably equivalent wires: u_core.u_fsm.cfg_oper_en_max_gold (\u_core.u_mmio.r_oper_en_max_gold), u_core.u_fsm.cfg_oper_en_max_gate (\u_core.u_mmio.r_oper_en_max_gate) -> u_core.u_fsm.cfg_oper_en_max
Presumably equivalent wires: u_core.u_fsm.cfg_oper_en_min_gold (\u_core.u_mmio.r_oper_en_min_gold), u_core.u_fsm.cfg_oper_en_min_gate (\u_core.u_mmio.r_oper_en_min_gate) -> u_core.u_fsm.cfg_oper_en_min
Presumably equivalent wires: u_core.u_fsm.cfg_request_id_gold (\u_core.u_mmio.r_request_id_gold), u_core.u_fsm.cfg_request_id_gate (\u_core.u_mmio.r_request_id_gate) -> u_core.u_fsm.cfg_request_id
Presumably equivalent wires: u_core.u_fsm.cfg_request_issue_gold (\u_core.u_mmio.r_request_issue_gold), u_core.u_fsm.cfg_request_issue_gate (\u_core.u_mmio.r_request_issue_gate) -> u_core.u_fsm.cfg_request_issue
Presumably equivalent wires: u_core.u_fsm.cfg_status_flags_gold (\u_core.u_mmio.r_status_flags_gold), u_core.u_fsm.cfg_status_flags_gate (\u_core.u_mmio.r_status_flags_gate) -> u_core.u_fsm.cfg_status_flags
Presumably equivalent wires: u_core.u_fsm.cfg_timeout_cycles_gold (\u_core.u_mmio.r_timeout_cycles_gold), u_core.u_fsm.cfg_timeout_cycles_gate (\u_core.u_mmio.r_timeout_cycles_gate) -> u_core.u_fsm.cfg_timeout_cycles
Presumably equivalent wires: u_core.u_fsm.cfg_timestamp_gold (\u_core.u_mmio.r_timestamp_gold), u_core.u_fsm.cfg_timestamp_gate (\u_core.u_mmio.r_timestamp_gate) -> u_core.u_fsm.cfg_timestamp
Presumably equivalent wires: u_core.u_fsm.clk_gold (\clk_gold), u_core.u_fsm.clk_gate (\clk_gate) -> u_core.u_fsm.clk
Presumably equivalent wires: u_core.u_fsm.cmd_raw_gold ({ \u_core.u_mmio.r_oper_en_min_gold [7:0] \u_core.u_mmio.r_oper_en_max_gold [7:0] }), u_core.u_fsm.cmd_raw_gate ({ \u_core.u_mmio.r_oper_en_min_gate [7:0] \u_core.u_mmio.r_oper_en_max_gate [7:0] }) -> u_core.u_fsm.cmd_raw
Presumably equivalent wires: u_core.u_fsm.envelope_bad_gold (\u_core.u_fsm.envelope_bad_gold), u_core.u_fsm.envelope_bad_gate (\u_core.u_fsm.envelope_bad_gate) -> u_core.u_fsm.envelope_bad
Presumably equivalent wires: u_core.u_fsm.envelope_violation_r_gold (\u_core.u_fsm.envelope_violation_r_gold), u_core.u_fsm.envelope_violation_r_gate (\u_core.u_fsm.envelope_violation_r_gate) -> u_core.u_fsm.envelope_violation_r
Presumably equivalent wires: u_core.u_fsm.fallback_active_r_gold (\u_core.u_fsm.fallback_active_r_gold), u_core.u_fsm.fallback_active_r_gate (\u_core.u_fsm.fallback_active_r_gate) -> u_core.u_fsm.fallback_active_r
Presumably equivalent wires: u_core.u_fsm.fault_summary_r_gold (\u_core.u_fsm.fault_summary_r_gold), u_core.u_fsm.fault_summary_r_gate ({ \u_core.u_fsm._059__gate [12:1] \u_core.u_fsm._060__gate [2:1] \u_core.u_fsm._059__gate [0] \u_core.u_fsm._060__gate [0] }) -> u_core.u_fsm.fault_summary_r
Presumably equivalent wires: u_core.u_fsm.irq_pulse_r_gold (\u_core.u_fsm.irq_pulse_r_gold), u_core.u_fsm.irq_pulse_r_gate (\u_core.u_fsm.irq_pulse_r_gate) -> u_core.u_fsm.irq_pulse_r
Presumably equivalent wires: u_core.u_fsm.issue_req_gold (\u_core.u_mmio.r_request_issue_gold), u_core.u_fsm.issue_req_gate (\u_core.u_mmio.r_request_issue_gate) -> u_core.u_fsm.issue_req
Presumably equivalent wires: u_core.u_fsm.model_req_desc_o_gold (\u_core.u_fsm.model_req_desc_r_gold), u_core.u_fsm.model_req_desc_o_gate ({ 8'00000000 \u_core.u_fsm._065__gate }) -> u_core.u_fsm.model_req_desc_o
Presumably equivalent wires: u_core.u_fsm.model_req_desc_r_gold (\u_core.u_fsm.model_req_desc_r_gold), u_core.u_fsm.model_req_desc_r_gate ({ 8'00000000 \u_core.u_fsm._065__gate }) -> u_core.u_fsm.model_req_desc_r
Presumably equivalent wires: u_core.u_fsm.model_req_ready_i_gold (\rx_active_gold [67]), u_core.u_fsm.model_req_ready_i_gate (\rx_active_gate [67]) -> u_core.u_fsm.model_req_ready_i
Presumably equivalent wires: u_core.u_fsm.model_req_valid_o_gold (\u_core.u_fsm.model_req_valid_r_gold), u_core.u_fsm.model_req_valid_o_gate (1'0) -> u_core.u_fsm.model_req_valid_o
Presumably equivalent wires: u_core.u_fsm.model_req_valid_r_gold (\u_core.u_fsm.model_req_valid_r_gold), u_core.u_fsm.model_req_valid_r_gate (1'0) -> u_core.u_fsm.model_req_valid_r
Presumably equivalent wires: u_core.u_fsm.model_rsp_desc_i_gold (\rx_active_gold [131:68]), u_core.u_fsm.model_rsp_desc_i_gate (\rx_active_gate [131:68]) -> u_core.u_fsm.model_rsp_desc_i
Presumably equivalent wires: u_core.u_fsm.model_rsp_ready_o_gold (\u_core.u_fsm.model_rsp_ready_r_gold), u_core.u_fsm.model_rsp_ready_o_gate (1'1) -> u_core.u_fsm.model_rsp_ready_o
Presumably equivalent wires: u_core.u_fsm.model_rsp_ready_r_gold (\u_core.u_fsm.model_rsp_ready_r_gold), u_core.u_fsm.model_rsp_ready_r_gate (1'1) -> u_core.u_fsm.model_rsp_ready_r
Presumably equivalent wires: u_core.u_fsm.model_rsp_valid_i_gold (\rx_active_gold [132]), u_core.u_fsm.model_rsp_valid_i_gate (\rx_active_gate [132]) -> u_core.u_fsm.model_rsp_valid_i
Presumably equivalent wires: u_core.u_fsm.next_age_counter_gold (\u_core.u_fsm.next_age_counter_gold), u_core.u_fsm.next_age_counter_gate (\u_core.u_fsm.next_age_counter_gate) -> u_core.u_fsm.next_age_counter
Presumably equivalent wires: u_core.u_fsm.next_envelope_violation_gold (\u_core.u_fsm.next_envelope_violation_gold), u_core.u_fsm.next_envelope_violation_gate (\u_core.u_fsm.next_envelope_violation_gate) -> u_core.u_fsm.next_envelope_violation
Presumably equivalent wires: u_core.u_fsm.next_fallback_active_gold (\u_core.u_fsm.next_fallback_active_gold), u_core.u_fsm.next_fallback_active_gate (\u_core.u_fsm.next_fallback_active_gate) -> u_core.u_fsm.next_fallback_active
Presumably equivalent wires: u_core.u_fsm.next_fault_summary_gold (\u_core.u_fsm.next_fault_summary_gold), u_core.u_fsm.next_fault_summary_gate ({ 12'x \u_core.u_fsm.next_fault_summary_gate [3:0] }) -> u_core.u_fsm.next_fault_summary
Presumably equivalent wires: u_core.u_fsm.next_irq_pulse_gold (\u_core.u_fsm.next_irq_pulse_gold), u_core.u_fsm.next_irq_pulse_gate (\u_core.u_fsm.next_irq_pulse_gate) -> u_core.u_fsm.next_irq_pulse
Presumably equivalent wires: u_core.u_fsm.next_pending_gold (\u_core.u_fsm.next_pending_gold), u_core.u_fsm.next_pending_gate (\u_core.u_fsm.next_pending_gate) -> u_core.u_fsm.next_pending
Presumably equivalent wires: u_core.u_fsm.next_response_received_gold (\u_core.u_fsm.next_response_received_gold), u_core.u_fsm.next_response_received_gate (\u_core.u_fsm.next_response_received_gate) -> u_core.u_fsm.next_response_received
Presumably equivalent wires: u_core.u_fsm.next_service_error_gold (\u_core.u_fsm.next_service_error_gold), u_core.u_fsm.next_service_error_gate (\u_core.u_fsm.next_service_error_gate) -> u_core.u_fsm.next_service_error
Presumably equivalent wires: u_core.u_fsm.next_stale_reject_gold (\u_core.u_fsm.next_service_error_gold), u_core.u_fsm.next_stale_reject_gate (\u_core.u_fsm.next_service_error_gate) -> u_core.u_fsm.next_stale_reject
Presumably equivalent wires: u_core.u_fsm.next_state_gold (\u_core.u_fsm.next_state_gold), u_core.u_fsm.next_state_gate (\u_core.u_fsm.next_state_gate) -> u_core.u_fsm.next_state
Presumably equivalent wires: u_core.u_fsm.outstanding_req_id_r_gold (\u_core.u_fsm.outstanding_req_id_r_gold), u_core.u_fsm.outstanding_req_id_r_gate (\u_core.u_fsm.outstanding_req_id_r_gate) -> u_core.u_fsm.outstanding_req_id_r
Presumably equivalent wires: u_core.u_fsm.pending_r_gold (\u_core.u_fsm.pending_r_gold), u_core.u_fsm.pending_r_gate (\u_core.u_fsm.pending_r_gate) -> u_core.u_fsm.pending_r
Presumably equivalent wires: u_core.u_fsm.reg_envelope_violation_gold (\u_core.u_fsm.envelope_violation_r_gold), u_core.u_fsm.reg_envelope_violation_gate (\u_core.u_fsm.envelope_violation_r_gate) -> u_core.u_fsm.reg_envelope_violation
Presumably equivalent wires: u_core.u_fsm.reg_fallback_active_gold (\u_core.u_fsm.fallback_active_r_gold), u_core.u_fsm.reg_fallback_active_gate (\u_core.u_fsm.fallback_active_r_gate) -> u_core.u_fsm.reg_fallback_active
Presumably equivalent wires: u_core.u_fsm.reg_fault_summary_gold (\u_core.u_fsm.fault_summary_r_gold), u_core.u_fsm.reg_fault_summary_gate ({ \u_core.u_fsm._059__gate [12:1] \u_core.u_fsm._060__gate [2:1] \u_core.u_fsm._059__gate [0] \u_core.u_fsm._060__gate [0] }) -> u_core.u_fsm.reg_fault_summary
Presumably equivalent wires: u_core.u_fsm.reg_irq_pulse_gold (\u_core.u_fsm.irq_pulse_r_gold), u_core.u_fsm.reg_irq_pulse_gate (\u_core.u_fsm.irq_pulse_r_gate) -> u_core.u_fsm.reg_irq_pulse
Presumably equivalent wires: u_core.u_fsm.reg_outstanding_req_id_gold (\u_core.u_fsm.outstanding_req_id_r_gold), u_core.u_fsm.reg_outstanding_req_id_gate (\u_core.u_fsm.outstanding_req_id_r_gate) -> u_core.u_fsm.reg_outstanding_req_id
Presumably equivalent wires: u_core.u_fsm.reg_pending_gold (\u_core.u_fsm.pending_r_gold), u_core.u_fsm.reg_pending_gate (\u_core.u_fsm.pending_r_gate) -> u_core.u_fsm.reg_pending
Presumably equivalent wires: u_core.u_fsm.reg_response_received_gold (\u_core.u_fsm.response_received_r_gold), u_core.u_fsm.reg_response_received_gate (\u_core.u_fsm.response_received_r_gate) -> u_core.u_fsm.reg_response_received
Presumably equivalent wires: u_core.u_fsm.reg_response_req_id_gold (\u_core.u_fsm.response_req_id_r_gold), u_core.u_fsm.reg_response_req_id_gate (\u_core.u_fsm.response_req_id_r_gate) -> u_core.u_fsm.reg_response_req_id
Presumably equivalent wires: u_core.u_fsm.reg_service_error_gold (\u_core.u_fsm.service_error_r_gold), u_core.u_fsm.reg_service_error_gate (\u_core.u_fsm.service_error_r_gate) -> u_core.u_fsm.reg_service_error
Presumably equivalent wires: u_core.u_fsm.reg_stale_reject_gold (\u_core.u_fsm.stale_reject_r_gold), u_core.u_fsm.reg_stale_reject_gate (\u_core.u_fsm.service_error_r_gate) -> u_core.u_fsm.reg_stale_reject
Presumably equivalent wires: u_core.u_fsm.reg_state_gold (\u_core.u_fsm.state_r_gold), u_core.u_fsm.reg_state_gate (\u_core.u_fsm.state_r_gate) -> u_core.u_fsm.reg_state
Presumably equivalent wires: u_core.u_fsm.reg_timeout_expired_gold (\u_core.u_fsm.timeout_expired_r_gold), u_core.u_fsm.reg_timeout_expired_gate (\u_core.u_fsm.timeout_expired_r_gate) -> u_core.u_fsm.reg_timeout_expired
Presumably equivalent wires: u_core.u_fsm.req_desc_comb_gold ({ 8'00000000 \u_core.u_mmio.r_timestamp_gold \u_core.u_mmio.r_geometry_handle_gold [15:8] \u_core.u_mmio.r_flow_handle_gold [15:8] \u_core.u_mmio.r_request_id_gold }), u_core.u_fsm.req_desc_comb_gate ({ 8'00000000 \u_core.u_mmio.r_timestamp_gate \u_core.u_mmio.r_geometry_handle_gate [15:8] \u_core.u_mmio.r_flow_handle_gate [15:8] \u_core.u_mmio.r_request_id_gate }) -> u_core.u_fsm.req_desc_comb
Presumably equivalent wires: u_core.u_fsm.reset_n_gold (\reset_n_gold), u_core.u_fsm.reset_n_gate (\reset_n_gate) -> u_core.u_fsm.reset_n
Presumably equivalent wires: u_core.u_fsm.response_received_r_gold (\u_core.u_fsm.response_received_r_gold), u_core.u_fsm.response_received_r_gate (\u_core.u_fsm.response_received_r_gate) -> u_core.u_fsm.response_received_r
Presumably equivalent wires: u_core.u_fsm.response_req_id_r_gold (\u_core.u_fsm.response_req_id_r_gold), u_core.u_fsm.response_req_id_r_gate (\u_core.u_fsm.response_req_id_r_gate) -> u_core.u_fsm.response_req_id_r
Presumably equivalent wires: u_core.u_fsm.service_error_r_gold (\u_core.u_fsm.service_error_r_gold), u_core.u_fsm.service_error_r_gate (\u_core.u_fsm.service_error_r_gate) -> u_core.u_fsm.service_error_r
Presumably equivalent wires: u_core.u_fsm.stale_reject_r_gold (\u_core.u_fsm.stale_reject_r_gold), u_core.u_fsm.stale_reject_r_gate (\u_core.u_fsm.service_error_r_gate) -> u_core.u_fsm.stale_reject_r
Presumably equivalent wires: u_core.u_fsm.state_r_gold (\u_core.u_fsm.state_r_gold), u_core.u_fsm.state_r_gate (\u_core.u_fsm.state_r_gate) -> u_core.u_fsm.state_r
Presumably equivalent wires: u_core.u_fsm.timeout_bad_gold (\u_core.u_fsm.timeout_bad_gold), u_core.u_fsm.timeout_bad_gate (\u_core.u_fsm.timeout_bad_gate) -> u_core.u_fsm.timeout_bad
Presumably equivalent wires: u_core.u_fsm.timeout_expired_r_gold (\u_core.u_fsm.timeout_expired_r_gold), u_core.u_fsm.timeout_expired_r_gate (\u_core.u_fsm.timeout_expired_r_gate) -> u_core.u_fsm.timeout_expired_r
Presumably equivalent wires: u_core.u_mmio.access_gold (\u_core.u_mmio.access_gold), u_core.u_mmio.access_gate (\u_core.u_mmio.access_gate) -> u_core.u_mmio.access
Presumably equivalent wires: u_core.u_mmio.addr_word_gold (\rx_active_gold [7:0]), u_core.u_mmio.addr_word_gate (\rx_active_gate [7:0]) -> u_core.u_mmio.addr_word
Presumably equivalent wires: u_core.u_mmio.cfg_allow_multi_outstanding_gold (\u_core.u_mmio.r_allow_multi_outstanding_gold), u_core.u_mmio.cfg_allow_multi_outstanding_gate (\u_core.u_mmio.r_allow_multi_outstanding_gate) -> u_core.u_mmio.cfg_allow_multi_outstanding
Presumably equivalent wires: u_core.u_mmio.cfg_clamp_max_gold (\u_core.u_mmio.r_clamp_max_gold), u_core.u_mmio.cfg_clamp_max_gate (\u_core.u_mmio.r_clamp_max_gate) -> u_core.u_mmio.cfg_clamp_max
Presumably equivalent wires: u_core.u_mmio.cfg_clamp_min_gold (\u_core.u_mmio.r_clamp_min_gold), u_core.u_mmio.cfg_clamp_min_gate (\u_core.u_mmio.r_clamp_min_gate) -> u_core.u_mmio.cfg_clamp_min
Presumably equivalent wires: u_core.u_mmio.cfg_command_mode_gold (\u_core.u_mmio.r_command_mode_gold), u_core.u_mmio.cfg_command_mode_gate (\u_core.u_mmio.r_command_mode_gate) -> u_core.u_mmio.cfg_command_mode
Presumably equivalent wires: u_core.u_mmio.cfg_fallback_cmd_gold (\u_core.u_mmio.r_fallback_cmd_gold), u_core.u_mmio.cfg_fallback_cmd_gate (\u_core.u_mmio.r_fallback_cmd_gate) -> u_core.u_mmio.cfg_fallback_cmd
Presumably equivalent wires: u_core.u_mmio.cfg_flow_handle_gold (\u_core.u_mmio.r_flow_handle_gold), u_core.u_mmio.cfg_flow_handle_gate (\u_core.u_mmio.r_flow_handle_gate) -> u_core.u_mmio.cfg_flow_handle
Presumably equivalent wires: u_core.u_mmio.cfg_force_safe_mode_gold (\u_core.u_mmio.r_force_safe_mode_gold), u_core.u_mmio.cfg_force_safe_mode_gate (\u_core.u_mmio.r_force_safe_mode_gate) -> u_core.u_mmio.cfg_force_safe_mode
Presumably equivalent wires: u_core.u_mmio.cfg_geometry_handle_gold (\u_core.u_mmio.r_geometry_handle_gold), u_core.u_mmio.cfg_geometry_handle_gate (\u_core.u_mmio.r_geometry_handle_gate) -> u_core.u_mmio.cfg_geometry_handle
Presumably equivalent wires: u_core.u_mmio.cfg_oper_en_max_gold (\u_core.u_mmio.r_oper_en_max_gold), u_core.u_mmio.cfg_oper_en_max_gate (\u_core.u_mmio.r_oper_en_max_gate) -> u_core.u_mmio.cfg_oper_en_max
Presumably equivalent wires: u_core.u_mmio.cfg_oper_en_min_gold (\u_core.u_mmio.r_oper_en_min_gold), u_core.u_mmio.cfg_oper_en_min_gate (\u_core.u_mmio.r_oper_en_min_gate) -> u_core.u_mmio.cfg_oper_en_min
Presumably equivalent wires: u_core.u_mmio.cfg_rate_limit_en_gold (\u_core.u_mmio.r_rate_limit_en_gold), u_core.u_mmio.cfg_rate_limit_en_gate (\u_core.u_mmio.r_rate_limit_en_gate) -> u_core.u_mmio.cfg_rate_limit_en
Presumably equivalent wires: u_core.u_mmio.cfg_rate_limit_step_gold (\u_core.u_mmio.r_rate_limit_step_gold), u_core.u_mmio.cfg_rate_limit_step_gate (\u_core.u_mmio.r_rate_limit_step_gate) -> u_core.u_mmio.cfg_rate_limit_step
Presumably equivalent wires: u_core.u_mmio.cfg_request_id_gold (\u_core.u_mmio.r_request_id_gold), u_core.u_mmio.cfg_request_id_gate (\u_core.u_mmio.r_request_id_gate) -> u_core.u_mmio.cfg_request_id
Presumably equivalent wires: u_core.u_mmio.cfg_request_issue_gold (\u_core.u_mmio.r_request_issue_gold), u_core.u_mmio.cfg_request_issue_gate (\u_core.u_mmio.r_request_issue_gate) -> u_core.u_mmio.cfg_request_issue
Presumably equivalent wires: u_core.u_mmio.cfg_status_flags_gold (\u_core.u_mmio.r_status_flags_gold), u_core.u_mmio.cfg_status_flags_gate (\u_core.u_mmio.r_status_flags_gate) -> u_core.u_mmio.cfg_status_flags
Presumably equivalent wires: u_core.u_mmio.cfg_timeout_cycles_gold (\u_core.u_mmio.r_timeout_cycles_gold), u_core.u_mmio.cfg_timeout_cycles_gate (\u_core.u_mmio.r_timeout_cycles_gate) -> u_core.u_mmio.cfg_timeout_cycles
Presumably equivalent wires: u_core.u_mmio.cfg_timestamp_gold (\u_core.u_mmio.r_timestamp_gold), u_core.u_mmio.cfg_timestamp_gate (\u_core.u_mmio.r_timestamp_gate) -> u_core.u_mmio.cfg_timestamp
Presumably equivalent wires: u_core.u_mmio.clk_gold (\clk_gold), u_core.u_mmio.clk_gate (\clk_gate) -> u_core.u_mmio.clk
Presumably equivalent wires: u_core.u_mmio.illegal_addr_gold (\u_core.u_mmio.illegal_addr_gold), u_core.u_mmio.illegal_addr_gate (\u_core.u_mmio.illegal_addr_gate) -> u_core.u_mmio.illegal_addr
Presumably equivalent wires: u_core.u_mmio.r_allow_multi_outstanding_gold (\u_core.u_mmio.r_allow_multi_outstanding_gold), u_core.u_mmio.r_allow_multi_outstanding_gate (\u_core.u_mmio.r_allow_multi_outstanding_gate) -> u_core.u_mmio.r_allow_multi_outstanding
Presumably equivalent wires: u_core.u_mmio.r_clamp_max_gold (\u_core.u_mmio.r_clamp_max_gold), u_core.u_mmio.r_clamp_max_gate (\u_core.u_mmio.r_clamp_max_gate) -> u_core.u_mmio.r_clamp_max
Presumably equivalent wires: u_core.u_mmio.r_clamp_min_gold (\u_core.u_mmio.r_clamp_min_gold), u_core.u_mmio.r_clamp_min_gate (\u_core.u_mmio.r_clamp_min_gate) -> u_core.u_mmio.r_clamp_min
Presumably equivalent wires: u_core.u_mmio.r_command_mode_gold (\u_core.u_mmio.r_command_mode_gold), u_core.u_mmio.r_command_mode_gate (\u_core.u_mmio.r_command_mode_gate) -> u_core.u_mmio.r_command_mode
Presumably equivalent wires: u_core.u_mmio.r_fallback_cmd_gold (\u_core.u_mmio.r_fallback_cmd_gold), u_core.u_mmio.r_fallback_cmd_gate (\u_core.u_mmio.r_fallback_cmd_gate) -> u_core.u_mmio.r_fallback_cmd
Presumably equivalent wires: u_core.u_mmio.r_flow_handle_gold (\u_core.u_mmio.r_flow_handle_gold), u_core.u_mmio.r_flow_handle_gate (\u_core.u_mmio.r_flow_handle_gate) -> u_core.u_mmio.r_flow_handle
Presumably equivalent wires: u_core.u_mmio.r_force_safe_mode_gold (\u_core.u_mmio.r_force_safe_mode_gold), u_core.u_mmio.r_force_safe_mode_gate (\u_core.u_mmio.r_force_safe_mode_gate) -> u_core.u_mmio.r_force_safe_mode
Presumably equivalent wires: u_core.u_mmio.r_geometry_handle_gold (\u_core.u_mmio.r_geometry_handle_gold), u_core.u_mmio.r_geometry_handle_gate (\u_core.u_mmio.r_geometry_handle_gate) -> u_core.u_mmio.r_geometry_handle
Presumably equivalent wires: u_core.u_mmio.r_oper_en_max_gold (\u_core.u_mmio.r_oper_en_max_gold), u_core.u_mmio.r_oper_en_max_gate (\u_core.u_mmio.r_oper_en_max_gate) -> u_core.u_mmio.r_oper_en_max
Presumably equivalent wires: u_core.u_mmio.r_oper_en_min_gold (\u_core.u_mmio.r_oper_en_min_gold), u_core.u_mmio.r_oper_en_min_gate (\u_core.u_mmio.r_oper_en_min_gate) -> u_core.u_mmio.r_oper_en_min
Presumably equivalent wires: u_core.u_mmio.r_rate_limit_en_gold (\u_core.u_mmio.r_rate_limit_en_gold), u_core.u_mmio.r_rate_limit_en_gate (\u_core.u_mmio.r_rate_limit_en_gate) -> u_core.u_mmio.r_rate_limit_en
Presumably equivalent wires: u_core.u_mmio.r_rate_limit_step_gold (\u_core.u_mmio.r_rate_limit_step_gold), u_core.u_mmio.r_rate_limit_step_gate (\u_core.u_mmio.r_rate_limit_step_gate) -> u_core.u_mmio.r_rate_limit_step
Presumably equivalent wires: u_core.u_mmio.r_request_id_gold (\u_core.u_mmio.r_request_id_gold), u_core.u_mmio.r_request_id_gate (\u_core.u_mmio.r_request_id_gate) -> u_core.u_mmio.r_request_id
Presumably equivalent wires: u_core.u_mmio.r_request_issue_gold (\u_core.u_mmio.r_request_issue_gold), u_core.u_mmio.r_request_issue_gate (\u_core.u_mmio.r_request_issue_gate) -> u_core.u_mmio.r_request_issue
Presumably equivalent wires: u_core.u_mmio.r_status_flags_gold (\u_core.u_mmio.r_status_flags_gold), u_core.u_mmio.r_status_flags_gate (\u_core.u_mmio.r_status_flags_gate) -> u_core.u_mmio.r_status_flags
Presumably equivalent wires: u_core.u_mmio.r_timeout_cycles_gold (\u_core.u_mmio.r_timeout_cycles_gold), u_core.u_mmio.r_timeout_cycles_gate (\u_core.u_mmio.r_timeout_cycles_gate) -> u_core.u_mmio.r_timeout_cycles
Presumably equivalent wires: u_core.u_mmio.r_timestamp_gold (\u_core.u_mmio.r_timestamp_gold), u_core.u_mmio.r_timestamp_gate (\u_core.u_mmio.r_timestamp_gate) -> u_core.u_mmio.r_timestamp
Presumably equivalent wires: u_core.u_mmio.reg_capabilities_gold (31), u_core.u_mmio.reg_capabilities_gate (31) -> u_core.u_mmio.reg_capabilities
Presumably equivalent wires: u_core.u_mmio.reg_clamp_active_gold (\u_core.u_safety.reg_clamp_active_r_gold), u_core.u_mmio.reg_clamp_active_gate (\u_core.u_safety.reg_clamp_active_r_gate) -> u_core.u_mmio.reg_clamp_active
Presumably equivalent wires: u_core.u_mmio.reg_envelope_violation_gold (\u_core.u_fsm.envelope_violation_r_gold), u_core.u_mmio.reg_envelope_violation_gate (\u_core.u_fsm.envelope_violation_r_gate) -> u_core.u_mmio.reg_envelope_violation
Presumably equivalent wires: u_core.u_mmio.reg_fallback_active_gold (\u_core.u_fsm.fallback_active_r_gold), u_core.u_mmio.reg_fallback_active_gate (\u_core.u_fsm.fallback_active_r_gate) -> u_core.u_mmio.reg_fallback_active
Presumably equivalent wires: u_core.u_mmio.reg_fault_summary_gold (\u_core.u_fsm.fault_summary_r_gold), u_core.u_mmio.reg_fault_summary_gate ({ \u_core.u_fsm._059__gate [12:1] \u_core.u_fsm._060__gate [2:1] \u_core.u_fsm._059__gate [0] \u_core.u_fsm._060__gate [0] }) -> u_core.u_mmio.reg_fault_summary
Presumably equivalent wires: u_core.u_mmio.reg_irq_pulse_gold (\u_core.u_fsm.irq_pulse_r_gold), u_core.u_mmio.reg_irq_pulse_gate (\u_core.u_fsm.irq_pulse_r_gate) -> u_core.u_mmio.reg_irq_pulse
Presumably equivalent wires: u_core.u_mmio.reg_last_accepted_cmd_gold (\u_core.u_safety.last_accepted_cmd_r_gold), u_core.u_mmio.reg_last_accepted_cmd_gate (\u_core.u_safety.last_accepted_cmd_r_gate) -> u_core.u_mmio.reg_last_accepted_cmd
Presumably equivalent wires: u_core.u_mmio.reg_outstanding_req_id_gold (\u_core.u_fsm.outstanding_req_id_r_gold), u_core.u_mmio.reg_outstanding_req_id_gate (\u_core.u_fsm.outstanding_req_id_r_gate) -> u_core.u_mmio.reg_outstanding_req_id
Presumably equivalent wires: u_core.u_mmio.reg_pending_gold (\u_core.u_fsm.pending_r_gold), u_core.u_mmio.reg_pending_gate (\u_core.u_fsm.pending_r_gate) -> u_core.u_mmio.reg_pending
Presumably equivalent wires: u_core.u_mmio.reg_response_received_gold (\u_core.u_fsm.response_received_r_gold), u_core.u_mmio.reg_response_received_gate (\u_core.u_fsm.response_received_r_gate) -> u_core.u_mmio.reg_response_received
Presumably equivalent wires: u_core.u_mmio.reg_response_req_id_gold (\u_core.u_fsm.response_req_id_r_gold), u_core.u_mmio.reg_response_req_id_gate (\u_core.u_fsm.response_req_id_r_gate) -> u_core.u_mmio.reg_response_req_id
Presumably equivalent wires: u_core.u_mmio.reg_service_error_gold (\u_core.u_fsm.service_error_r_gold), u_core.u_mmio.reg_service_error_gate (\u_core.u_fsm.service_error_r_gate) -> u_core.u_mmio.reg_service_error
Presumably equivalent wires: u_core.u_mmio.reg_stale_reject_gold (\u_core.u_fsm.stale_reject_r_gold), u_core.u_mmio.reg_stale_reject_gate (\u_core.u_fsm.service_error_r_gate) -> u_core.u_mmio.reg_stale_reject
Presumably equivalent wires: u_core.u_mmio.reg_state_gold (\u_core.u_fsm.state_r_gold), u_core.u_mmio.reg_state_gate (\u_core.u_fsm.state_r_gate) -> u_core.u_mmio.reg_state
Presumably equivalent wires: u_core.u_mmio.reg_timeout_expired_gold (\u_core.u_fsm.timeout_expired_r_gold), u_core.u_mmio.reg_timeout_expired_gate (\u_core.u_fsm.timeout_expired_r_gate) -> u_core.u_mmio.reg_timeout_expired
Presumably equivalent wires: u_core.u_mmio.reg_version_gold (65536), u_core.u_mmio.reg_version_gate (65536) -> u_core.u_mmio.reg_version
Presumably equivalent wires: u_core.u_mmio.reset_n_gold (\reset_n_gold), u_core.u_mmio.reset_n_gate (\reset_n_gate) -> u_core.u_mmio.reset_n
Presumably equivalent wires: u_core.u_mmio.wb_ack_o_gold (\u_core.u_mmio.wb_ack_o_r_gold), u_core.u_mmio.wb_ack_o_gate (\u_core.u_mmio.wb_ack_o_r_gate) -> u_core.u_mmio.wb_ack_o
Presumably equivalent wires: u_core.u_mmio.wb_ack_o_r_gold (\u_core.u_mmio.wb_ack_o_r_gold), u_core.u_mmio.wb_ack_o_r_gate (\u_core.u_mmio.wb_ack_o_r_gate) -> u_core.u_mmio.wb_ack_o_r
Presumably equivalent wires: u_core.u_mmio.wb_adr_i_gold (\rx_active_gold [31:0]), u_core.u_mmio.wb_adr_i_gate (\rx_active_gate [31:0]) -> u_core.u_mmio.wb_adr_i
Presumably equivalent wires: u_core.u_mmio.wb_cyc_i_gold (\rx_active_gold [66]), u_core.u_mmio.wb_cyc_i_gate (\rx_active_gate [66]) -> u_core.u_mmio.wb_cyc_i
Presumably equivalent wires: u_core.u_mmio.wb_dat_i_gold (\rx_active_gold [63:32]), u_core.u_mmio.wb_dat_i_gate (\rx_active_gate [63:32]) -> u_core.u_mmio.wb_dat_i
Presumably equivalent wires: u_core.u_mmio.wb_dat_o_gold (\u_core.u_mmio.wb_dat_o_r_gold), u_core.u_mmio.wb_dat_o_gate (\u_core.u_mmio.wb_dat_o_r_gate) -> u_core.u_mmio.wb_dat_o
Presumably equivalent wires: u_core.u_mmio.wb_dat_o_r_gold (\u_core.u_mmio.wb_dat_o_r_gold), u_core.u_mmio.wb_dat_o_r_gate (\u_core.u_mmio.wb_dat_o_r_gate) -> u_core.u_mmio.wb_dat_o_r
Presumably equivalent wires: u_core.u_mmio.wb_err_o_gold (\u_core.u_mmio.wb_err_o_r_gold), u_core.u_mmio.wb_err_o_gate (\u_core.u_mmio.wb_err_o_r_gate) -> u_core.u_mmio.wb_err_o
Presumably equivalent wires: u_core.u_mmio.wb_err_o_r_gold (\u_core.u_mmio.wb_err_o_r_gold), u_core.u_mmio.wb_err_o_r_gate (\u_core.u_mmio.wb_err_o_r_gate) -> u_core.u_mmio.wb_err_o_r
Presumably equivalent wires: u_core.u_mmio.wb_stb_i_gold (\rx_active_gold [65]), u_core.u_mmio.wb_stb_i_gate (\rx_active_gate [65]) -> u_core.u_mmio.wb_stb_i
Presumably equivalent wires: u_core.u_mmio.wb_we_i_gold (\rx_active_gold [64]), u_core.u_mmio.wb_we_i_gate (\rx_active_gate [64]) -> u_core.u_mmio.wb_we_i
Presumably equivalent wires: u_core.u_mmio.write_access_gold (\u_core.u_mmio.write_access_gold), u_core.u_mmio.write_access_gate (\u_core.u_mmio.write_access_gate) -> u_core.u_mmio.write_access
Presumably equivalent wires: u_core.u_safety.actuator_cmd_o_gold (\u_core.u_safety.actuator_cmd_r_gold), u_core.u_safety.actuator_cmd_o_gate (\u_core.u_safety.actuator_cmd_r_gate) -> u_core.u_safety.actuator_cmd_o
Presumably equivalent wires: u_core.u_safety.actuator_cmd_r_gold (\u_core.u_safety.actuator_cmd_r_gold), u_core.u_safety.actuator_cmd_r_gate (\u_core.u_safety.actuator_cmd_r_gate) -> u_core.u_safety.actuator_cmd_r
Presumably equivalent wires: u_core.u_safety.actuator_cmd_valid_o_gold (\u_core.u_safety.actuator_cmd_valid_r_gold), u_core.u_safety.actuator_cmd_valid_o_gate (\u_core.u_safety.actuator_cmd_valid_r_gate) -> u_core.u_safety.actuator_cmd_valid_o
Presumably equivalent wires: u_core.u_safety.actuator_cmd_valid_r_gold (\u_core.u_safety.actuator_cmd_valid_r_gold), u_core.u_safety.actuator_cmd_valid_r_gate (\u_core.u_safety.actuator_cmd_valid_r_gate) -> u_core.u_safety.actuator_cmd_valid_r
Presumably equivalent wires: u_core.u_safety.cfg_clamp_max_gold (\u_core.u_mmio.r_clamp_max_gold), u_core.u_safety.cfg_clamp_max_gate (\u_core.u_mmio.r_clamp_max_gate) -> u_core.u_safety.cfg_clamp_max
Presumably equivalent wires: u_core.u_safety.cfg_clamp_min_gold (\u_core.u_mmio.r_clamp_min_gold), u_core.u_safety.cfg_clamp_min_gate (\u_core.u_mmio.r_clamp_min_gate) -> u_core.u_safety.cfg_clamp_min
Presumably equivalent wires: u_core.u_safety.cfg_fallback_cmd_gold (\u_core.u_mmio.r_fallback_cmd_gold), u_core.u_safety.cfg_fallback_cmd_gate (\u_core.u_mmio.r_fallback_cmd_gate) -> u_core.u_safety.cfg_fallback_cmd
Presumably equivalent wires: u_core.u_safety.cfg_rate_limit_en_gold (\u_core.u_mmio.r_rate_limit_en_gold), u_core.u_safety.cfg_rate_limit_en_gate (\u_core.u_mmio.r_rate_limit_en_gate) -> u_core.u_safety.cfg_rate_limit_en
Presumably equivalent wires: u_core.u_safety.cfg_rate_limit_step_gold (\u_core.u_mmio.r_rate_limit_step_gold), u_core.u_safety.cfg_rate_limit_step_gate (\u_core.u_mmio.r_rate_limit_step_gate) -> u_core.u_safety.cfg_rate_limit_step
Presumably equivalent wires: u_core.u_safety.clamp_max_eff_gold (\u_core.u_mmio.r_clamp_max_gold), u_core.u_safety.clamp_max_eff_gate (\u_core.u_mmio.r_clamp_max_gate) -> u_core.u_safety.clamp_max_eff
Presumably equivalent wires: u_core.u_safety.clamp_min_eff_gold (\u_core.u_mmio.r_clamp_min_gold), u_core.u_safety.clamp_min_eff_gate (\u_core.u_mmio.r_clamp_min_gate) -> u_core.u_safety.clamp_min_eff
Presumably equivalent wires: u_core.u_safety.clk_gold (\clk_gold), u_core.u_safety.clk_gate (\clk_gate) -> u_core.u_safety.clk
Presumably equivalent wires: u_core.u_safety.last_accepted_cmd_o_gold (\u_core.u_safety.last_accepted_cmd_r_gold), u_core.u_safety.last_accepted_cmd_o_gate (\u_core.u_safety.last_accepted_cmd_r_gate) -> u_core.u_safety.last_accepted_cmd_o
Presumably equivalent wires: u_core.u_safety.last_accepted_cmd_r_gold (\u_core.u_safety.last_accepted_cmd_r_gold), u_core.u_safety.last_accepted_cmd_r_gate (\u_core.u_safety.last_accepted_cmd_r_gate) -> u_core.u_safety.last_accepted_cmd_r
Presumably equivalent wires: u_core.u_safety.reg_clamp_active_gold (\u_core.u_safety.reg_clamp_active_r_gold), u_core.u_safety.reg_clamp_active_gate (\u_core.u_safety.reg_clamp_active_r_gate) -> u_core.u_safety.reg_clamp_active
Presumably equivalent wires: u_core.u_safety.reg_clamp_active_r_gold (\u_core.u_safety.reg_clamp_active_r_gold), u_core.u_safety.reg_clamp_active_r_gate (\u_core.u_safety.reg_clamp_active_r_gate) -> u_core.u_safety.reg_clamp_active_r
Presumably equivalent wires: u_core.u_safety.reg_envelope_violation_gold (\u_core.u_fsm.envelope_violation_r_gold), u_core.u_safety.reg_envelope_violation_gate (\u_core.u_fsm.envelope_violation_r_gate) -> u_core.u_safety.reg_envelope_violation
Presumably equivalent wires: u_core.u_safety.reg_fallback_active_gold (\u_core.u_fsm.fallback_active_r_gold), u_core.u_safety.reg_fallback_active_gate (\u_core.u_fsm.fallback_active_r_gate) -> u_core.u_safety.reg_fallback_active
Presumably equivalent wires: u_core.u_safety.reg_last_accepted_cmd_gold (\u_core.u_safety.last_accepted_cmd_r_gold), u_core.u_safety.reg_last_accepted_cmd_gate (\u_core.u_safety.last_accepted_cmd_r_gate) -> u_core.u_safety.reg_last_accepted_cmd
Presumably equivalent wires: u_core.u_safety.reg_pending_gold (\u_core.u_fsm.pending_r_gold), u_core.u_safety.reg_pending_gate (\u_core.u_fsm.pending_r_gate) -> u_core.u_safety.reg_pending
Presumably equivalent wires: u_core.u_safety.reg_service_error_gold (\u_core.u_fsm.service_error_r_gold), u_core.u_safety.reg_service_error_gate (\u_core.u_fsm.service_error_r_gate) -> u_core.u_safety.reg_service_error
Presumably equivalent wires: u_core.u_safety.reg_stale_reject_gold (\u_core.u_fsm.stale_reject_r_gold), u_core.u_safety.reg_stale_reject_gate (\u_core.u_fsm.service_error_r_gate) -> u_core.u_safety.reg_stale_reject
Presumably equivalent wires: u_core.u_safety.reg_timeout_expired_gold (\u_core.u_fsm.timeout_expired_r_gold), u_core.u_safety.reg_timeout_expired_gate (\u_core.u_fsm.timeout_expired_r_gate) -> u_core.u_safety.reg_timeout_expired
Presumably equivalent wires: u_core.u_safety.reset_n_gold (\reset_n_gold), u_core.u_safety.reset_n_gate (\reset_n_gate) -> u_core.u_safety.reset_n
Presumably equivalent wires: u_core.u_safety.selected_cmd_o_gold (16'0000000000000000), u_core.u_safety.selected_cmd_o_gate (16'0000000000000000) -> u_core.u_safety.selected_cmd_o
Presumably equivalent wires: u_core.u_safety.selected_cmd_valid_o_gold (1'0), u_core.u_safety.selected_cmd_valid_o_gate (1'0) -> u_core.u_safety.selected_cmd_valid_o
Presumably equivalent wires: u_core.wb_ack_o_gold (\u_core.u_mmio.wb_ack_o_r_gold), u_core.wb_ack_o_gate (\u_core.u_mmio.wb_ack_o_r_gate) -> u_core.wb_ack_o
Presumably equivalent wires: u_core.wb_adr_i_gold (\rx_active_gold [31:0]), u_core.wb_adr_i_gate (\rx_active_gate [31:0]) -> u_core.wb_adr_i
Presumably equivalent wires: u_core.wb_cyc_i_gold (\rx_active_gold [66]), u_core.wb_cyc_i_gate (\rx_active_gate [66]) -> u_core.wb_cyc_i
Presumably equivalent wires: u_core.wb_dat_i_gold (\rx_active_gold [63:32]), u_core.wb_dat_i_gate (\rx_active_gate [63:32]) -> u_core.wb_dat_i
Presumably equivalent wires: u_core.wb_dat_o_gold (\u_core.u_mmio.wb_dat_o_r_gold), u_core.wb_dat_o_gate (\u_core.u_mmio.wb_dat_o_r_gate) -> u_core.wb_dat_o
Presumably equivalent wires: u_core.wb_err_o_gold (\u_core.u_mmio.wb_err_o_r_gold), u_core.wb_err_o_gate (\u_core.u_mmio.wb_err_o_r_gate) -> u_core.wb_err_o
Presumably equivalent wires: u_core.wb_stb_i_gold (\rx_active_gold [65]), u_core.wb_stb_i_gate (\rx_active_gate [65]) -> u_core.wb_stb_i
Presumably equivalent wires: u_core.wb_we_i_gold (\rx_active_gold [64]), u_core.wb_we_i_gate (\rx_active_gate [64]) -> u_core.wb_we_i
Changing input B of cell $auto$ff.cc:526:unmap_srst$2123_gate ($mux): \u_core.u_fsm.next_age_counter_gate -> \u_core.u_fsm.next_age_counter
Changing input B of cell $auto$ff.cc:526:unmap_srst$2111_gate ($mux): \u_core.u_fsm.next_irq_pulse_gate -> \u_core.u_fsm.next_irq_pulse
Changing input B of cell $auto$ff.cc:526:unmap_srst$2099_gate ($mux): \u_core.u_fsm.next_fallback_active_gate -> \u_core.u_fsm.next_fallback_active
Changing input B of cell $auto$ff.cc:526:unmap_srst$2087_gate ($mux): \u_core.u_fsm.next_service_error_gate -> \u_core.u_fsm.next_service_error
Changing input B of cell $auto$ff.cc:526:unmap_srst$2075_gate ($mux): \u_core.u_fsm.next_envelope_violation_gate -> \u_core.u_fsm.next_envelope_violation
Changing input B of cell $auto$ff.cc:526:unmap_srst$2063_gate ($mux): \u_core.u_fsm.next_response_received_gate -> \u_core.u_fsm.next_response_received
Changing input B of cell $auto$ff.cc:526:unmap_srst$2051_gate ($mux): \u_core.u_fsm.next_state_gate -> \u_core.u_fsm.next_state
Changing input B of cell $auto$ff.cc:526:unmap_srst$2027_gate ($mux): { \u_core.u_mmio.r_timestamp_gate \u_core.u_mmio.r_geometry_handle_gate [15:8] \u_core.u_mmio.r_flow_handle_gate [15:8] \u_core.u_mmio.r_request_id_gate } -> { \u_core.u_mmio.r_timestamp \u_core.u_mmio.r_geometry_handle [15:8] \u_core.u_mmio.r_flow_handle [15:8] \u_core.u_mmio.r_request_id }
Changing input B of cell $auto$ff.cc:526:unmap_srst$1979_gate ($mux): { \u_core.u_fsm.next_fault_summary_gate [3:2] \u_core.u_fsm.next_fault_summary_gate [0] } -> { \u_core.u_fsm.next_fault_summary [3:2] \u_core.u_fsm.next_fault_summary [0] }
Changing input B of cell $auto$ff.cc:526:unmap_srst$1943_gate ($mux): \u_core.u_mmio.access_gate -> \u_core.u_mmio.access
Changing input B of cell $auto$ff.cc:526:unmap_srst$1691_gate ($mux): \u_core.u_mmio.r_fallback_cmd_gate -> \u_core.u_mmio.r_fallback_cmd
Changing input B of cell $auto$ff.cc:526:unmap_srst$1655_gate ($mux): \spi_cs_sync_gate -> \spi_cs_sync
Changing input B of cell $auto$ff.cc:526:unmap_srst$1643_gate ($mux): \spi_cs_meta_gate -> \spi_cs_meta
Changing input B of cell $auto$ff.cc:526:unmap_srst$1619_gate ($mux): { \u_core.u_mmio.wb_dat_o_r_gate \u_core.u_mmio.wb_ack_o_r_gate \u_core.u_mmio.wb_err_o_r_gate 8'00000000 \u_core.u_fsm._065__gate 2'01 \u_core.u_safety.actuator_cmd_r_gate \u_core.u_safety.actuator_cmd_valid_r_gate \u_core.u_fsm.fallback_active_r_gate \u_core.u_fsm.irq_pulse_r_gate } -> { \u_core.u_mmio.wb_dat_o_r \u_core.u_mmio.wb_ack_o_r \u_core.u_mmio.wb_err_o_r 8'00000000 \u_core.u_fsm._065__gate 2'01 \u_core.u_safety.actuator_cmd_r \u_core.u_safety.actuator_cmd_valid_r \u_core.u_fsm.fallback_active_r \u_core.u_fsm.irq_pulse_r }
Changing input A of cell $flatten\u_core.\u_fsm.$add$C:\Users\satheesh\chiploop-saas\.tmp_lec_repro\generic.v:900$994_gate ($add): \u_core.u_fsm.age_counter_r_gate -> \u_core.u_fsm.age_counter_r
Changing input A of cell $flatten\u_core.\u_fsm.$eq$C:\Users\satheesh\chiploop-saas\.tmp_lec_repro\generic.v:938$1018_gate ($eq): \u_core.u_fsm.state_r_gate -> \u_core.u_fsm.state_r
Changing input A of cell $flatten\u_core.\u_fsm.$eq$C:\Users\satheesh\chiploop-saas\.tmp_lec_repro\generic.v:939$1019_gate ($eq): \rx_active_gate [75:68] -> \rx_active [75:68]
Changing input B of cell $flatten\u_core.\u_fsm.$eq$C:\Users\satheesh\chiploop-saas\.tmp_lec_repro\generic.v:939$1019_gate ($eq): \u_core.u_fsm.outstanding_req_id_r_gate -> \u_core.u_fsm.outstanding_req_id_r
Changing input A of cell $flatten\u_core.\u_fsm.$ge$C:\Users\satheesh\chiploop-saas\.tmp_lec_repro\generic.v:942$1022_gate ($ge): \u_core.u_fsm.age_counter_r_gate -> \u_core.u_fsm.age_counter_r
Changing input B of cell $flatten\u_core.\u_fsm.$ge$C:\Users\satheesh\chiploop-saas\.tmp_lec_repro\generic.v:942$1022_gate ($ge): \u_core.u_mmio.r_timeout_cycles_gate -> \u_core.u_mmio.r_timeout_cycles
Changing input A of cell $flatten\u_core.\u_fsm.$gt$C:\Users\satheesh\chiploop-saas\.tmp_lec_repro\generic.v:943$1023_gate ($gt): \u_core.u_mmio.r_oper_en_min_gate -> \u_core.u_mmio.r_oper_en_min
Changing input B of cell $flatten\u_core.\u_fsm.$gt$C:\Users\satheesh\chiploop-saas\.tmp_lec_repro\generic.v:943$1023_gate ($gt): \u_core.u_mmio.r_oper_en_max_gate -> \u_core.u_mmio.r_oper_en_max
Changing input A of cell $flatten\u_core.\u_fsm.$logic_and$C:\Users\satheesh\chiploop-saas\.tmp_lec_repro\generic.v:948$1028_gate ($logic_and): \u_core.u_mmio.r_request_issue_gate -> \u_core.u_mmio.r_request_issue
Changing input A of cell $flatten\u_core.\u_fsm.$logic_not$C:\Users\satheesh\chiploop-saas\.tmp_lec_repro\generic.v:951$1031_gate ($logic_not): \u_core.u_fsm.timeout_bad_gate -> \u_core.u_fsm.timeout_bad
Changing input A of cell $flatten\u_core.\u_fsm.$logic_not$C:\Users\satheesh\chiploop-saas\.tmp_lec_repro\generic.v:952$1032_gate ($logic_not): \u_core.u_fsm.pending_r_gate -> \u_core.u_fsm.pending_r
Changing input A of cell $flatten\u_core.\u_fsm.$logic_not$C:\Users\satheesh\chiploop-saas\.tmp_lec_repro\generic.v:953$1033_gate ($logic_not): \u_core.u_mmio.r_force_safe_mode_gate -> \u_core.u_mmio.r_force_safe_mode
Changing input A of cell $flatten\u_core.\u_fsm.$logic_not$C:\Users\satheesh\chiploop-saas\.tmp_lec_repro\generic.v:954$1034_gate ($logic_not): \u_core.u_fsm.envelope_bad_gate -> \u_core.u_fsm.envelope_bad
Changing input A of cell $flatten\u_core.\u_fsm.$procmux$1124_gate ($mux): \u_core.u_fsm.timeout_expired_r_gate -> \u_core.u_fsm.timeout_expired_r
Changing input A of cell $flatten\u_core.\u_fsm.$procmux$1126_gate ($mux): \u_core.u_fsm.pending_r_gate -> \u_core.u_fsm.pending_r
Changing input B of cell $flatten\u_core.\u_fsm.$procmux$1126_gate ($mux): \u_core.u_fsm.next_pending_gate -> \u_core.u_fsm.next_pending
Changing input A of cell $flatten\u_core.\u_fsm.$procmux$1130_gate ($mux): \u_core.u_fsm.response_req_id_r_gate -> \u_core.u_fsm.response_req_id_r
Changing input B of cell $flatten\u_core.\u_fsm.$procmux$1130_gate ($mux): \rx_active_gate [75:68] -> \rx_active [75:68]
Changing input S of cell $flatten\u_core.\u_fsm.$procmux$1130_gate ($mux): \rx_active_gate [132] -> \rx_active [132]
Changing input A of cell $flatten\u_core.\u_fsm.$procmux$1132_gate ($mux): \u_core.u_fsm.outstanding_req_id_r_gate -> \u_core.u_fsm.outstanding_req_id_r
Changing input B of cell $flatten\u_core.\u_fsm.$procmux$1132_gate ($mux): \u_core.u_mmio.r_request_id_gate -> \u_core.u_mmio.r_request_id
Changing input S of cell $flatten\u_core.\u_fsm.$procmux$1134_gate ($mux): \rx_active_gate [132] -> \rx_active [132]
Changing input A of cell $flatten\u_core.\u_fsm.$reduce_or$C:\Users\satheesh\chiploop-saas\.tmp_lec_repro\generic.v:933$1013_gate ($reduce_or): { \u_core.u_mmio.r_force_safe_mode_gate \u_core.u_fsm.envelope_bad_gate \rx_active_gate [132] \u_core.u_fsm._041__gate \u_core.u_fsm._052__gate } -> { \u_core.u_mmio.r_force_safe_mode \u_core.u_fsm.envelope_bad \rx_active [132] \u_core.u_fsm._041__gate \u_core.u_fsm._052__gate }
Changing input A of cell $flatten\u_core.\u_fsm.$reduce_or$C:\Users\satheesh\chiploop-saas\.tmp_lec_repro\generic.v:934$1014_gate ($reduce_or): { \u_core.u_mmio.r_force_safe_mode_gate \u_core.u_fsm.envelope_bad_gate \rx_active_gate [132] \u_core.u_fsm._046__gate \u_core.u_fsm._052__gate } -> { \u_core.u_mmio.r_force_safe_mode \u_core.u_fsm.envelope_bad \rx_active [132] \u_core.u_fsm._046__gate \u_core.u_fsm._052__gate }
Changing input A of cell $flatten\u_core.\u_fsm.$reduce_or$C:\Users\satheesh\chiploop-saas\.tmp_lec_repro\generic.v:955$1035_gate ($reduce_or): \u_core.u_mmio.r_timeout_cycles_gate -> \u_core.u_mmio.r_timeout_cycles
Changing input S of cell $flatten\u_core.\u_fsm.$ternary$C:\Users\satheesh\chiploop-saas\.tmp_lec_repro\generic.v:1000$1072_gate ($mux): \rx_active_gate [132] -> \rx_active [132]
Changing input S of cell $flatten\u_core.\u_fsm.$ternary$C:\Users\satheesh\chiploop-saas\.tmp_lec_repro\generic.v:1001$1073_gate ($mux): \rx_active_gate [132] -> \rx_active [132]
Changing input S of cell $flatten\u_core.\u_fsm.$ternary$C:\Users\satheesh\chiploop-saas\.tmp_lec_repro\generic.v:1004$1076_gate ($mux): \rx_active_gate [132] -> \rx_active [132]
Changing input S of cell $flatten\u_core.\u_fsm.$ternary$C:\Users\satheesh\chiploop-saas\.tmp_lec_repro\generic.v:1005$1077_gate ($mux): \u_core.u_fsm.envelope_bad_gate -> \u_core.u_fsm.envelope_bad
Changing input S of cell $flatten\u_core.\u_fsm.$ternary$C:\Users\satheesh\chiploop-saas\.tmp_lec_repro\generic.v:1006$1078_gate ($mux): \u_core.u_fsm.envelope_bad_gate -> \u_core.u_fsm.envelope_bad
Changing input S of cell $flatten\u_core.\u_fsm.$ternary$C:\Users\satheesh\chiploop-saas\.tmp_lec_repro\generic.v:1007$1079_gate ($mux): \u_core.u_fsm.envelope_bad_gate -> \u_core.u_fsm.envelope_bad
Changing input S of cell $flatten\u_core.\u_fsm.$ternary$C:\Users\satheesh\chiploop-saas\.tmp_lec_repro\generic.v:1008$1080_gate ($mux): \u_core.u_fsm.envelope_bad_gate -> \u_core.u_fsm.envelope_bad
Changing input S of cell $flatten\u_core.\u_fsm.$ternary$C:\Users\satheesh\chiploop-saas\.tmp_lec_repro\generic.v:1009$1081_gate ($mux): \u_core.u_fsm.envelope_bad_gate -> \u_core.u_fsm.envelope_bad
Changing input S of cell $flatten\u_core.\u_fsm.$ternary$C:\Users\satheesh\chiploop-saas\.tmp_lec_repro\generic.v:1010$1082_gate ($mux): \u_core.u_fsm.envelope_bad_gate -> \u_core.u_fsm.envelope_bad
Changing input S of cell $flatten\u_core.\u_fsm.$ternary$C:\Users\satheesh\chiploop-saas\.tmp_lec_repro\generic.v:1011$1083_gate ($mux): \u_core.u_mmio.r_force_safe_mode_gate -> \u_core.u_mmio.r_force_safe_mode
Changing input S of cell $flatten\u_core.\u_fsm.$ternary$C:\Users\satheesh\chiploop-saas\.tmp_lec_repro\generic.v:1012$1084_gate ($mux): \u_core.u_mmio.r_force_safe_mode_gate -> \u_core.u_mmio.r_force_safe_mode
Changing input S of cell $flatten\u_core.\u_fsm.$ternary$C:\Users\satheesh\chiploop-saas\.tmp_lec_repro\generic.v:1013$1085_gate ($mux): \u_core.u_mmio.r_force_safe_mode_gate -> \u_core.u_mmio.r_force_safe_mode
Changing input A of cell $flatten\u_core.\u_fsm.$ternary$C:\Users\satheesh\chiploop-saas\.tmp_lec_repro\generic.v:1014$1086_gate ($mux): \u_core.u_fsm.timeout_bad_gate -> \u_core.u_fsm.timeout_bad
Changing input S of cell $flatten\u_core.\u_fsm.$ternary$C:\Users\satheesh\chiploop-saas\.tmp_lec_repro\generic.v:1014$1086_gate ($mux): \u_core.u_mmio.r_force_safe_mode_gate -> \u_core.u_mmio.r_force_safe_mode
Changing input S of cell $flatten\u_core.\u_fsm.$ternary$C:\Users\satheesh\chiploop-saas\.tmp_lec_repro\generic.v:1015$1087_gate ($mux): \u_core.u_mmio.r_force_safe_mode_gate -> \u_core.u_mmio.r_force_safe_mode
Changing input A of cell $flatten\u_core.\u_fsm.$ternary$C:\Users\satheesh\chiploop-saas\.tmp_lec_repro\generic.v:1018$1090_gate ($mux): \u_core.u_fsm.state_r_gate -> \u_core.u_fsm.state_r
Changing input A of cell $flatten\u_core.\u_fsm.$ternary$C:\Users\satheesh\chiploop-saas\.tmp_lec_repro\generic.v:1019$1091_gate ($mux): \u_core.u_fsm.fallback_active_r_gate -> \u_core.u_fsm.fallback_active_r
Changing input A of cell $flatten\u_core.\u_fsm.$ternary$C:\Users\satheesh\chiploop-saas\.tmp_lec_repro\generic.v:1023$1095_gate ($mux): \u_core.u_fsm.fallback_active_r_gate -> \u_core.u_fsm.fallback_active_r
Changing input A of cell $flatten\u_core.\u_fsm.$ternary$C:\Users\satheesh\chiploop-saas\.tmp_lec_repro\generic.v:1025$1097_gate ($mux): \u_core.u_fsm.state_r_gate -> \u_core.u_fsm.state_r
Changing input A of cell $flatten\u_core.\u_fsm.$ternary$C:\Users\satheesh\chiploop-saas\.tmp_lec_repro\generic.v:1026$1098_gate ($mux): \u_core.u_fsm.age_counter_r_gate -> \u_core.u_fsm.age_counter_r
Changing input S of cell $flatten\u_core.\u_fsm.$ternary$C:\Users\satheesh\chiploop-saas\.tmp_lec_repro\generic.v:995$1067_gate ($mux): \rx_active_gate [132] -> \rx_active [132]
Changing input S of cell $flatten\u_core.\u_fsm.$ternary$C:\Users\satheesh\chiploop-saas\.tmp_lec_repro\generic.v:996$1068_gate ($mux): \rx_active_gate [132] -> \rx_active [132]
Changing input S of cell $flatten\u_core.\u_fsm.$ternary$C:\Users\satheesh\chiploop-saas\.tmp_lec_repro\generic.v:997$1069_gate ($mux): \rx_active_gate [132] -> \rx_active [132]
Changing input S of cell $flatten\u_core.\u_fsm.$ternary$C:\Users\satheesh\chiploop-saas\.tmp_lec_repro\generic.v:998$1070_gate ($mux): \rx_active_gate [132] -> \rx_active [132]
Changing input S of cell $flatten\u_core.\u_fsm.$ternary$C:\Users\satheesh\chiploop-saas\.tmp_lec_repro\generic.v:999$1071_gate ($mux): \rx_active_gate [132] -> \rx_active [132]
Changing input A of cell $flatten\u_core.\u_mmio.$and$C:\Users\satheesh\chiploop-saas\.tmp_lec_repro\generic.v:532$876_gate ($and): \rx_active_gate [66] -> \rx_active [66]
Changing input B of cell $flatten\u_core.\u_mmio.$and$C:\Users\satheesh\chiploop-saas\.tmp_lec_repro\generic.v:532$876_gate ($and): \rx_active_gate [65] -> \rx_active [65]
Changing input A of cell $flatten\u_core.\u_mmio.$and$C:\Users\satheesh\chiploop-saas\.tmp_lec_repro\generic.v:533$877_gate ($and): \u_core.u_mmio.access_gate -> \u_core.u_mmio.access
Changing input B of cell $flatten\u_core.\u_mmio.$and$C:\Users\satheesh\chiploop-saas\.tmp_lec_repro\generic.v:533$877_gate ($and): \rx_active_gate [64] -> \rx_active [64]
Changing input A of cell $flatten\u_core.\u_mmio.$and$C:\Users\satheesh\chiploop-saas\.tmp_lec_repro\generic.v:534$878_gate ($and): \u_core.u_mmio.access_gate -> \u_core.u_mmio.access
Changing input B of cell $flatten\u_core.\u_mmio.$and$C:\Users\satheesh\chiploop-saas\.tmp_lec_repro\generic.v:534$878_gate ($and): \u_core.u_mmio.illegal_addr_gate -> \u_core.u_mmio.illegal_addr
Changing input A of cell $flatten\u_core.\u_mmio.$eq$C:\Users\satheesh\chiploop-saas\.tmp_lec_repro\generic.v:693$969_gate ($eq): \rx_active_gate [7:0] -> \rx_active [7:0]
Changing input A of cell $flatten\u_core.\u_mmio.$eq$C:\Users\satheesh\chiploop-saas\.tmp_lec_repro\generic.v:694$970_gate ($eq): \rx_active_gate [7:0] -> \rx_active [7:0]
Changing input A of cell $flatten\u_core.\u_mmio.$eq$C:\Users\satheesh\chiploop-saas\.tmp_lec_repro\generic.v:695$971_gate ($eq): \rx_active_gate [7:0] -> \rx_active [7:0]
Changing input A of cell $flatten\u_core.\u_mmio.$eq$C:\Users\satheesh\chiploop-saas\.tmp_lec_repro\generic.v:696$972_gate ($eq): \rx_active_gate [7:0] -> \rx_active [7:0]
Changing input A of cell $flatten\u_core.\u_mmio.$eq$C:\Users\satheesh\chiploop-saas\.tmp_lec_repro\generic.v:697$973_gate ($eq): \rx_active_gate [7:0] -> \rx_active [7:0]
Changing input A of cell $flatten\u_core.\u_mmio.$eq$C:\Users\satheesh\chiploop-saas\.tmp_lec_repro\generic.v:698$974_gate ($eq): \rx_active_gate [7:0] -> \rx_active [7:0]
Changing input A of cell $flatten\u_core.\u_mmio.$eq$C:\Users\satheesh\chiploop-saas\.tmp_lec_repro\generic.v:699$975_gate ($eq): \rx_active_gate [7:0] -> \rx_active [7:0]
Changing input A of cell $flatten\u_core.\u_mmio.$eq$C:\Users\satheesh\chiploop-saas\.tmp_lec_repro\generic.v:701$977_gate ($eq): \rx_active_gate [7:0] -> \rx_active [7:0]
Changing input A of cell $flatten\u_core.\u_mmio.$eq$C:\Users\satheesh\chiploop-saas\.tmp_lec_repro\generic.v:702$978_gate ($eq): \rx_active_gate [7:0] -> \rx_active [7:0]
Changing input A of cell $flatten\u_core.\u_mmio.$eq$C:\Users\satheesh\chiploop-saas\.tmp_lec_repro\generic.v:703$979_gate ($eq): \rx_active_gate [7:0] -> \rx_active [7:0]
Changing input A of cell $flatten\u_core.\u_mmio.$eq$C:\Users\satheesh\chiploop-saas\.tmp_lec_repro\generic.v:704$980_gate ($eq): \rx_active_gate [7:0] -> \rx_active [7:0]
Changing input A of cell $flatten\u_core.\u_mmio.$eq$C:\Users\satheesh\chiploop-saas\.tmp_lec_repro\generic.v:705$981_gate ($eq): \rx_active_gate [7:0] -> \rx_active [7:0]
Changing input A of cell $flatten\u_core.\u_mmio.$eq$C:\Users\satheesh\chiploop-saas\.tmp_lec_repro\generic.v:706$982_gate ($eq): \rx_active_gate [7:0] -> \rx_active [7:0]
Changing input A of cell $flatten\u_core.\u_mmio.$eq$C:\Users\satheesh\chiploop-saas\.tmp_lec_repro\generic.v:707$983_gate ($eq): \rx_active_gate [7:0] -> \rx_active [7:0]
Changing input A of cell $flatten\u_core.\u_mmio.$eq$C:\Users\satheesh\chiploop-saas\.tmp_lec_repro\generic.v:708$984_gate ($eq): \rx_active_gate [7:0] -> \rx_active [7:0]
Changing input A of cell $flatten\u_core.\u_mmio.$eq$C:\Users\satheesh\chiploop-saas\.tmp_lec_repro\generic.v:709$985_gate ($eq): \rx_active_gate [7:0] -> \rx_active [7:0]
Changing input A of cell $flatten\u_core.\u_mmio.$eq$C:\Users\satheesh\chiploop-saas\.tmp_lec_repro\generic.v:710$986_gate ($eq): \rx_active_gate [7:0] -> \rx_active [7:0]
Changing input A of cell $flatten\u_core.\u_mmio.$eq$C:\Users\satheesh\chiploop-saas\.tmp_lec_repro\generic.v:711$987_gate ($eq): \rx_active_gate [7:0] -> \rx_active [7:0]
Changing input A of cell $flatten\u_core.\u_mmio.$logic_not$C:\Users\satheesh\chiploop-saas\.tmp_lec_repro\generic.v:700$976_gate ($logic_not): \rx_active_gate [7:0] -> \rx_active [7:0]
Changing input A of cell $flatten\u_core.\u_mmio.$ne$C:\Users\satheesh\chiploop-saas\.tmp_lec_repro\generic.v:618$945_gate ($ne): \rx_active_gate [7:0] -> \rx_active [7:0]
Changing input A of cell $flatten\u_core.\u_mmio.$ne$C:\Users\satheesh\chiploop-saas\.tmp_lec_repro\generic.v:619$946_gate ($ne): \rx_active_gate [7:0] -> \rx_active [7:0]
Changing input A of cell $flatten\u_core.\u_mmio.$ne$C:\Users\satheesh\chiploop-saas\.tmp_lec_repro\generic.v:620$947_gate ($ne): \rx_active_gate [7:0] -> \rx_active [7:0]
Changing input A of cell $flatten\u_core.\u_mmio.$ne$C:\Users\satheesh\chiploop-saas\.tmp_lec_repro\generic.v:621$948_gate ($ne): \rx_active_gate [7:0] -> \rx_active [7:0]
Changing input A of cell $flatten\u_core.\u_mmio.$ne$C:\Users\satheesh\chiploop-saas\.tmp_lec_repro\generic.v:622$949_gate ($ne): \rx_active_gate [7:0] -> \rx_active [7:0]
Changing input A of cell $flatten\u_core.\u_mmio.$ne$C:\Users\satheesh\chiploop-saas\.tmp_lec_repro\generic.v:623$950_gate ($ne): \rx_active_gate [7:0] -> \rx_active [7:0]
Changing input A of cell $flatten\u_core.\u_mmio.$ne$C:\Users\satheesh\chiploop-saas\.tmp_lec_repro\generic.v:624$951_gate ($ne): \rx_active_gate [7:0] -> \rx_active [7:0]
Changing input A of cell $flatten\u_core.\u_mmio.$ne$C:\Users\satheesh\chiploop-saas\.tmp_lec_repro\generic.v:625$952_gate ($ne): \rx_active_gate [7:0] -> \rx_active [7:0]
Changing input A of cell $flatten\u_core.\u_mmio.$ne$C:\Users\satheesh\chiploop-saas\.tmp_lec_repro\generic.v:626$953_gate ($ne): \rx_active_gate [7:0] -> \rx_active [7:0]
Changing input A of cell $flatten\u_core.\u_mmio.$ne$C:\Users\satheesh\chiploop-saas\.tmp_lec_repro\generic.v:627$954_gate ($ne): \rx_active_gate [7:0] -> \rx_active [7:0]
Changing input A of cell $flatten\u_core.\u_mmio.$ne$C:\Users\satheesh\chiploop-saas\.tmp_lec_repro\generic.v:628$955_gate ($ne): \rx_active_gate [7:0] -> \rx_active [7:0]
Changing input A of cell $flatten\u_core.\u_mmio.$ne$C:\Users\satheesh\chiploop-saas\.tmp_lec_repro\generic.v:629$956_gate ($ne): \rx_active_gate [7:0] -> \rx_active [7:0]
Changing input A of cell $flatten\u_core.\u_mmio.$ne$C:\Users\satheesh\chiploop-saas\.tmp_lec_repro\generic.v:630$957_gate ($ne): \rx_active_gate [7:0] -> \rx_active [7:0]
Changing input A of cell $flatten\u_core.\u_mmio.$ne$C:\Users\satheesh\chiploop-saas\.tmp_lec_repro\generic.v:631$958_gate ($ne): \rx_active_gate [7:0] -> \rx_active [7:0]
Changing input A of cell $flatten\u_core.\u_mmio.$ne$C:\Users\satheesh\chiploop-saas\.tmp_lec_repro\generic.v:632$959_gate ($ne): \rx_active_gate [7:0] -> \rx_active [7:0]
Changing input A of cell $flatten\u_core.\u_mmio.$ne$C:\Users\satheesh\chiploop-saas\.tmp_lec_repro\generic.v:633$960_gate ($ne): \rx_active_gate [7:0] -> \rx_active [7:0]
Changing input A of cell $flatten\u_core.\u_mmio.$ne$C:\Users\satheesh\chiploop-saas\.tmp_lec_repro\generic.v:634$961_gate ($ne): \rx_active_gate [7:0] -> \rx_active [7:0]
Changing input A of cell $flatten\u_core.\u_mmio.$ne$C:\Users\satheesh\chiploop-saas\.tmp_lec_repro\generic.v:635$962_gate ($ne): \rx_active_gate [7:0] -> \rx_active [7:0]
Changing input B of cell $flatten\u_core.\u_mmio.$procmux$1137_gate ($pmux): { 31'0000000000000000000000000000000 \u_core.u_fsm.irq_pulse_r_gate 16'0000000000000000 \u_core.u_fsm._059__gate [12:1] \u_core.u_fsm._060__gate [2:1] \u_core.u_fsm._059__gate [0] \u_core.u_fsm._060__gate [0] 16'0000000000000000 \u_core.u_safety.last_accepted_cmd_r_gate 24'000000000000000000000000 \u_core.u_fsm.response_req_id_r_gate 24'000000000000000000000000 \u_core.u_fsm.outstanding_req_id_r_gate 16'0000000000000000 \u_core.u_fsm.service_error_r_gate \u_core.u_fsm.envelope_violation_r_gate \u_core.u_fsm.fallback_active_r_gate \u_core.u_safety.reg_clamp_active_r_gate \u_core.u_fsm.timeout_expired_r_gate \u_core.u_fsm.service_error_r_gate \u_core.u_fsm.response_received_r_gate \u_core.u_fsm.pending_r_gate \u_core.u_fsm.state_r_gate \u_core.u_mmio.r_timestamp_gate \u_core.u_mmio.r_status_flags_gate 4'0000 \u_core.u_mmio.r_command_mode_gate \u_core.u_mmio.r_flow_handle_gate 8'00000000 \u_core.u_mmio.r_request_id_gate \u_core.u_mmio.r_geometry_handle_gate 16'0000000000000000 \u_core.u_mmio.r_fallback_cmd_gate 16'0000000000000000 \u_core.u_mmio.r_rate_limit_step_gate 16'0000000000000000 \u_core.u_mmio.r_clamp_max_gate 16'0000000000000000 \u_core.u_mmio.r_clamp_min_gate \u_core.u_mmio.r_timeout_cycles_gate 16'0000000000000000 \u_core.u_mmio.r_oper_en_max_gate 16'0000000000000000 \u_core.u_mmio.r_oper_en_min_gate 28'0000000000000000000000000000 \u_core.u_mmio.r_rate_limit_en_gate \u_core.u_mmio.r_allow_multi_outstanding_gate \u_core.u_mmio.r_force_safe_mode_gate \u_core.u_mmio.r_request_issue_gate 64'0000000000000000000000000001111100000000000000010000000000000000 } -> { 31'0000000000000000000000000000000 \u_core.u_fsm.irq_pulse_r 16'0000000000000000 \u_core.u_fsm._059__gate [12:1] \u_core.u_fsm._060__gate [2:1] \u_core.u_fsm._059__gate [0] \u_core.u_fsm._060__gate [0] 16'0000000000000000 \u_core.u_safety.last_accepted_cmd_r 24'000000000000000000000000 \u_core.u_fsm.response_req_id_r 24'000000000000000000000000 \u_core.u_fsm.outstanding_req_id_r 16'0000000000000000 \u_core.u_fsm.service_error_r \u_core.u_fsm.envelope_violation_r \u_core.u_fsm.fallback_active_r \u_core.u_safety.reg_clamp_active_r \u_core.u_fsm.timeout_expired_r \u_core.u_fsm.service_error_r \u_core.u_fsm.response_received_r \u_core.u_fsm.pending_r \u_core.u_fsm.state_r \u_core.u_mmio.r_timestamp \u_core.u_mmio.r_status_flags 4'0000 \u_core.u_mmio.r_command_mode \u_core.u_mmio.r_flow_handle 8'00000000 \u_core.u_mmio.r_request_id \u_core.u_mmio.r_geometry_handle 16'0000000000000000 \u_core.u_mmio.r_fallback_cmd 16'0000000000000000 \u_core.u_mmio.r_rate_limit_step 16'0000000000000000 \u_core.u_mmio.r_clamp_max 16'0000000000000000 \u_core.u_mmio.r_clamp_min \u_core.u_mmio.r_timeout_cycles 16'0000000000000000 \u_core.u_mmio.r_oper_en_max 16'0000000000000000 \u_core.u_mmio.r_oper_en_min 28'0000000000000000000000000000 \u_core.u_mmio.r_rate_limit_en \u_core.u_mmio.r_allow_multi_outstanding \u_core.u_mmio.r_force_safe_mode \u_core.u_mmio.r_request_issue 64'0000000000000000000000000001111100000000000000010000000000000000 }
Changing input A of cell $flatten\u_core.\u_mmio.$procmux$1157_gate ($mux): \u_core.u_mmio.r_oper_en_min_gate -> \u_core.u_mmio.r_oper_en_min
Changing input B of cell $flatten\u_core.\u_mmio.$procmux$1157_gate ($mux): \rx_active_gate [47:32] -> \rx_active [47:32]
Changing input A of cell $flatten\u_core.\u_mmio.$procmux$1159_gate ($mux): \u_core.u_mmio.r_request_id_gate -> \u_core.u_mmio.r_request_id
Changing input B of cell $flatten\u_core.\u_mmio.$procmux$1159_gate ($mux): \rx_active_gate [47:40] -> \rx_active [47:40]
Changing input A of cell $flatten\u_core.\u_mmio.$procmux$1161_gate ($mux): \u_core.u_mmio.r_rate_limit_step_gate -> \u_core.u_mmio.r_rate_limit_step
Changing input B of cell $flatten\u_core.\u_mmio.$procmux$1161_gate ($mux): \rx_active_gate [47:32] -> \rx_active [47:32]
Changing input A of cell $flatten\u_core.\u_mmio.$procmux$1163_gate ($mux): \u_core.u_mmio.r_allow_multi_outstanding_gate -> \u_core.u_mmio.r_allow_multi_outstanding
Changing input B of cell $flatten\u_core.\u_mmio.$procmux$1163_gate ($mux): \rx_active_gate [34] -> \rx_active [34]
Changing input A of cell $flatten\u_core.\u_mmio.$procmux$1165_gate ($mux): \u_core.u_mmio.r_rate_limit_en_gate -> \u_core.u_mmio.r_rate_limit_en
Changing input B of cell $flatten\u_core.\u_mmio.$procmux$1165_gate ($mux): \rx_active_gate [35] -> \rx_active [35]
Changing input A of cell $flatten\u_core.\u_mmio.$procmux$1167_gate ($mux): \u_core.u_mmio.r_status_flags_gate -> \u_core.u_mmio.r_status_flags
Changing input B of cell $flatten\u_core.\u_mmio.$procmux$1167_gate ($mux): \rx_active_gate [63:56] -> \rx_active [63:56]
Changing input A of cell $flatten\u_core.\u_mmio.$procmux$1169_gate ($mux): \u_core.u_mmio.r_geometry_handle_gate -> \u_core.u_mmio.r_geometry_handle
Changing input B of cell $flatten\u_core.\u_mmio.$procmux$1169_gate ($mux): \rx_active_gate [63:48] -> \rx_active [63:48]
Changing input A of cell $flatten\u_core.\u_mmio.$procmux$1171_gate ($mux): \u_core.u_mmio.r_clamp_max_gate -> \u_core.u_mmio.r_clamp_max
Changing input B of cell $flatten\u_core.\u_mmio.$procmux$1171_gate ($mux): \rx_active_gate [47:32] -> \rx_active [47:32]
Changing input A of cell $flatten\u_core.\u_mmio.$procmux$1173_gate ($mux): \u_core.u_mmio.r_flow_handle_gate -> \u_core.u_mmio.r_flow_handle
Changing input B of cell $flatten\u_core.\u_mmio.$procmux$1173_gate ($mux): \rx_active_gate [47:32] -> \rx_active [47:32]
Changing input A of cell $flatten\u_core.\u_mmio.$procmux$1175_gate ($mux): \u_core.u_mmio.r_force_safe_mode_gate -> \u_core.u_mmio.r_force_safe_mode
Changing input B of cell $flatten\u_core.\u_mmio.$procmux$1175_gate ($mux): \rx_active_gate [33] -> \rx_active [33]
Changing input A of cell $flatten\u_core.\u_mmio.$procmux$1177_gate ($mux): \u_core.u_mmio.r_clamp_min_gate -> \u_core.u_mmio.r_clamp_min
Changing input B of cell $flatten\u_core.\u_mmio.$procmux$1177_gate ($mux): \rx_active_gate [47:32] -> \rx_active [47:32]
Changing input A of cell $flatten\u_core.\u_mmio.$procmux$1179_gate ($mux): \u_core.u_mmio.r_command_mode_gate -> \u_core.u_mmio.r_command_mode
Changing input B of cell $flatten\u_core.\u_mmio.$procmux$1179_gate ($mux): \rx_active_gate [51:48] -> \rx_active [51:48]
Changing input A of cell $flatten\u_core.\u_mmio.$procmux$1181_gate ($mux): \u_core.u_mmio.r_timeout_cycles_gate -> \u_core.u_mmio.r_timeout_cycles
Changing input B of cell $flatten\u_core.\u_mmio.$procmux$1181_gate ($mux): \rx_active_gate [63:32] -> \rx_active [63:32]
Changing input A of cell $flatten\u_core.\u_mmio.$procmux$1183_gate ($mux): \u_core.u_mmio.r_request_issue_gate -> \u_core.u_mmio.r_request_issue
Changing input B of cell $flatten\u_core.\u_mmio.$procmux$1183_gate ($mux): \rx_active_gate [32] -> \rx_active [32]
Changing input A of cell $flatten\u_core.\u_mmio.$procmux$1185_gate ($mux): \u_core.u_mmio.r_fallback_cmd_gate -> \u_core.u_mmio.r_fallback_cmd
Changing input B of cell $flatten\u_core.\u_mmio.$procmux$1185_gate ($mux): \rx_active_gate [47:32] -> \rx_active [47:32]
Changing input A of cell $flatten\u_core.\u_mmio.$procmux$1187_gate ($mux): \u_core.u_mmio.r_oper_en_max_gate -> \u_core.u_mmio.r_oper_en_max
Changing input B of cell $flatten\u_core.\u_mmio.$procmux$1187_gate ($mux): \rx_active_gate [47:32] -> \rx_active [47:32]
Changing input A of cell $flatten\u_core.\u_mmio.$procmux$1189_gate ($mux): \u_core.u_mmio.r_timestamp_gate -> \u_core.u_mmio.r_timestamp
Changing input B of cell $flatten\u_core.\u_mmio.$procmux$1189_gate ($mux): \rx_active_gate [63:32] -> \rx_active [63:32]
Changing input A of cell $flatten\u_core.\u_mmio.$reduce_and$C:\Users\satheesh\chiploop-saas\.tmp_lec_repro\generic.v:586$913_gate ($reduce_and): { \u_core.u_mmio.write_access_gate \u_core.u_mmio._057__gate } -> { \u_core.u_mmio.write_access \u_core.u_mmio._057__gate }
Changing input A of cell $flatten\u_core.\u_mmio.$reduce_and$C:\Users\satheesh\chiploop-saas\.tmp_lec_repro\generic.v:587$914_gate ($reduce_and): { \u_core.u_mmio.write_access_gate \u_core.u_mmio._065__gate } -> { \u_core.u_mmio.write_access \u_core.u_mmio._065__gate }
Changing input A of cell $flatten\u_core.\u_mmio.$reduce_and$C:\Users\satheesh\chiploop-saas\.tmp_lec_repro\generic.v:588$915_gate ($reduce_and): { \u_core.u_mmio.write_access_gate \u_core.u_mmio._060__gate } -> { \u_core.u_mmio.write_access \u_core.u_mmio._060__gate }
Changing input A of cell $flatten\u_core.\u_mmio.$reduce_and$C:\Users\satheesh\chiploop-saas\.tmp_lec_repro\generic.v:589$916_gate ($reduce_and): { \u_core.u_mmio.write_access_gate \u_core.u_mmio._014__gate } -> { \u_core.u_mmio.write_access \u_core.u_mmio._014__gate }
Changing input A of cell $flatten\u_core.\u_mmio.$reduce_and$C:\Users\satheesh\chiploop-saas\.tmp_lec_repro\generic.v:590$917_gate ($reduce_and): { \u_core.u_mmio.write_access_gate \u_core.u_mmio._064__gate } -> { \u_core.u_mmio.write_access \u_core.u_mmio._064__gate }
Changing input A of cell $flatten\u_core.\u_mmio.$reduce_and$C:\Users\satheesh\chiploop-saas\.tmp_lec_repro\generic.v:591$918_gate ($reduce_and): { \u_core.u_mmio.write_access_gate \u_core.u_mmio._058__gate } -> { \u_core.u_mmio.write_access \u_core.u_mmio._058__gate }
Changing input A of cell $flatten\u_core.\u_mmio.$reduce_and$C:\Users\satheesh\chiploop-saas\.tmp_lec_repro\generic.v:592$919_gate ($reduce_and): { \u_core.u_mmio.write_access_gate \u_core.u_mmio._063__gate } -> { \u_core.u_mmio.write_access \u_core.u_mmio._063__gate }
Changing input A of cell $flatten\u_core.\u_mmio.$reduce_and$C:\Users\satheesh\chiploop-saas\.tmp_lec_repro\generic.v:593$920_gate ($reduce_and): { \u_core.u_mmio.write_access_gate \u_core.u_mmio._067__gate } -> { \u_core.u_mmio.write_access \u_core.u_mmio._067__gate }
Changing input A of cell $flatten\u_core.\u_mmio.$reduce_and$C:\Users\satheesh\chiploop-saas\.tmp_lec_repro\generic.v:594$921_gate ($reduce_and): { \u_core.u_mmio.write_access_gate \u_core.u_mmio._062__gate } -> { \u_core.u_mmio.write_access \u_core.u_mmio._062__gate }
Changing input A of cell $flatten\u_core.\u_mmio.$reduce_and$C:\Users\satheesh\chiploop-saas\.tmp_lec_repro\generic.v:595$922_gate ($reduce_and): { \u_core.u_mmio.write_access_gate \u_core.u_mmio._059__gate } -> { \u_core.u_mmio.write_access \u_core.u_mmio._059__gate }
Changing input A of cell $flatten\u_core.\u_mmio.$reduce_and$C:\Users\satheesh\chiploop-saas\.tmp_lec_repro\generic.v:596$923_gate ($reduce_and): { \u_core.u_mmio.write_access_gate \u_core.u_mmio._061__gate } -> { \u_core.u_mmio.write_access \u_core.u_mmio._061__gate }
Changing input A of cell $flatten\u_core.\u_mmio.$reduce_and$C:\Users\satheesh\chiploop-saas\.tmp_lec_repro\generic.v:597$924_gate ($reduce_and): { \u_core.u_mmio.write_access_gate \u_core.u_mmio._066__gate } -> { \u_core.u_mmio.write_access \u_core.u_mmio._066__gate }
Changing input A of cell $flatten\u_core.\u_mmio.$reduce_or$C:\Users\satheesh\chiploop-saas\.tmp_lec_repro\generic.v:617$944_gate ($reduce_or): \rx_active_gate [7:0] -> \rx_active [7:0]
Changing input A of cell $flatten\u_core.\u_safety.$logic_or$C:\Users\satheesh\chiploop-saas\.tmp_lec_repro\generic.v:294$831_gate ($logic_or): \u_core.u_fsm.fallback_active_r_gate -> \u_core.u_fsm.fallback_active_r
Changing input B of cell $flatten\u_core.\u_safety.$logic_or$C:\Users\satheesh\chiploop-saas\.tmp_lec_repro\generic.v:294$831_gate ($logic_or): \u_core.u_fsm.envelope_violation_r_gate -> \u_core.u_fsm.envelope_violation_r
Changing input B of cell $flatten\u_core.\u_safety.$logic_or$C:\Users\satheesh\chiploop-saas\.tmp_lec_repro\generic.v:295$832_gate ($logic_or): \u_core.u_fsm.timeout_expired_r_gate -> \u_core.u_fsm.timeout_expired_r
Changing input B of cell $flatten\u_core.\u_safety.$logic_or$C:\Users\satheesh\chiploop-saas\.tmp_lec_repro\generic.v:296$833_gate ($logic_or): \u_core.u_fsm.service_error_r_gate -> \u_core.u_fsm.service_error_r
Changing input B of cell $flatten\u_core.\u_safety.$logic_or$C:\Users\satheesh\chiploop-saas\.tmp_lec_repro\generic.v:297$834_gate ($logic_or): \u_core.u_fsm.service_error_r_gate -> \u_core.u_fsm.service_error_r
Changing input A of cell $flatten\u_core.\u_safety.$ne$C:\Users\satheesh\chiploop-saas\.tmp_lec_repro\generic.v:308$845_gate ($ne): \u_core.u_mmio.r_fallback_cmd_gate -> \u_core.u_mmio.r_fallback_cmd
Changing input B of cell $flatten\u_core.\u_safety.$ne$C:\Users\satheesh\chiploop-saas\.tmp_lec_repro\generic.v:308$845_gate ($ne): \u_core.u_safety.last_accepted_cmd_r_gate -> \u_core.u_safety.last_accepted_cmd_r
Changing input A of cell $flatten\u_core.\u_safety.$procmux$1191_gate ($mux): \u_core.u_safety.last_accepted_cmd_r_gate -> \u_core.u_safety.last_accepted_cmd_r
Changing input B of cell $flatten\u_core.\u_safety.$procmux$1191_gate ($mux): \u_core.u_mmio.r_fallback_cmd_gate -> \u_core.u_mmio.r_fallback_cmd
Changing input A of cell $logic_and$C:\Users\satheesh\chiploop-saas\.tmp_lec_repro\generic.v:1107$1105_gate ($logic_and): \spi_cs_sync_gate -> \spi_cs_sync
Changing input A of cell $logic_not$C:\Users\satheesh\chiploop-saas\.tmp_lec_repro\generic.v:1108$1106_gate ($logic_not): \spi_cs_prev_gate -> \spi_cs_prev
Changing input A of cell $procmux$1122_gate ($mux): \rx_active_gate -> \rx_active
Changing input A of cell $ternary$C:\Users\satheesh\chiploop-saas\.tmp_lec_repro\generic.v:1124$1116_gate ($mux): { \tx_snapshot_gate [117:0] 1'0 } -> { \tx_snapshot [117:0] 1'0 }
Changing input S of cell $ternary$C:\Users\satheesh\chiploop-saas\.tmp_lec_repro\generic.v:1124$1116_gate ($mux): \spi_active_gate -> \spi_active
Changing input A of cell $ternary$C:\Users\satheesh\chiploop-saas\.tmp_lec_repro\generic.v:1125$1117_gate ($mux): \tx_snapshot_gate [118] -> \tx_snapshot [118]
Changing input S of cell $ternary$C:\Users\satheesh\chiploop-saas\.tmp_lec_repro\generic.v:1125$1117_gate ($mux): \spi_active_gate -> \spi_active
Changing input B of cell $auto$ff.cc:526:unmap_srst$2695_gold ($mux): \u_core.u_fsm.next_state_gold -> \u_core.u_fsm.next_state
Changing input B of cell $auto$ff.cc:526:unmap_srst$2659_gold ($mux): \u_core.u_fsm.next_pending_gold -> \u_core.u_fsm.next_pending
Changing input B of cell $auto$ff.cc:526:unmap_srst$2647_gold ($mux): \u_core.u_fsm.next_response_received_gold -> \u_core.u_fsm.next_response_received
Changing input B of cell $auto$ff.cc:526:unmap_srst$2635_gold ($mux): \u_core.u_fsm.next_service_error_gold -> \u_core.u_fsm.next_service_error
Changing input B of cell $auto$ff.cc:526:unmap_srst$2611_gold ($mux): \u_core.u_fsm.next_envelope_violation_gold -> \u_core.u_fsm.next_envelope_violation
Changing input B of cell $auto$ff.cc:526:unmap_srst$2599_gold ($mux): \u_core.u_fsm.next_service_error_gold -> \u_core.u_fsm.next_service_error
Changing input B of cell $auto$ff.cc:526:unmap_srst$2587_gold ($mux): \u_core.u_fsm.next_fallback_active_gold -> \u_core.u_fsm.next_fallback_active
Changing input B of cell $auto$ff.cc:526:unmap_srst$2575_gold ($mux): \u_core.u_fsm.next_irq_pulse_gold -> \u_core.u_fsm.next_irq_pulse
Changing input B of cell $auto$ff.cc:526:unmap_srst$2563_gold ($mux): \u_core.u_fsm.next_age_counter_gold -> \u_core.u_fsm.next_age_counter
Changing input B of cell $auto$ff.cc:526:unmap_srst$2551_gold ($mux): \u_core.u_fsm.next_fault_summary_gold -> \u_core.u_fsm.next_fault_summary
Changing input B of cell $auto$ff.cc:526:unmap_srst$2539_gold ($mux): { 8'00000000 \u_core.u_mmio.r_timestamp_gold \u_core.u_mmio.r_geometry_handle_gold [15:8] \u_core.u_mmio.r_flow_handle_gold [15:8] \u_core.u_mmio.r_request_id_gold } -> { 8'00000000 \u_core.u_mmio.r_timestamp \u_core.u_mmio.r_geometry_handle [15:8] \u_core.u_mmio.r_flow_handle [15:8] \u_core.u_mmio.r_request_id }
Changing input B of cell $auto$ff.cc:526:unmap_srst$2527_gold ($mux): \u_core.u_fsm.model_req_valid_r_gold -> \u_core.u_fsm.model_req_valid_r
Changing input B of cell $auto$ff.cc:526:unmap_srst$2515_gold ($mux): \u_core.u_fsm.model_rsp_ready_r_gold -> \u_core.u_fsm.model_rsp_ready_r
Changing input B of cell $auto$ff.cc:526:unmap_srst$2287_gold ($mux): \u_core.u_mmio.access_gold -> \u_core.u_mmio.access
Changing input B of cell $auto$ff.cc:526:unmap_srst$2251_gold ($mux): \u_core.u_mmio.r_fallback_cmd_gold -> \u_core.u_mmio.r_fallback_cmd
Changing input B of cell $auto$ff.cc:526:unmap_srst$2203_gold ($mux): { \u_core.u_mmio.wb_dat_o_r_gold \u_core.u_mmio.wb_ack_o_r_gold \u_core.u_mmio.wb_err_o_r_gold \u_core.u_fsm.model_req_desc_r_gold \u_core.u_fsm.model_req_valid_r_gold \u_core.u_fsm.model_rsp_ready_r_gold \u_core.u_safety.actuator_cmd_r_gold \u_core.u_safety.actuator_cmd_valid_r_gold \u_core.u_fsm.fallback_active_r_gold \u_core.u_fsm.irq_pulse_r_gold } -> { \u_core.u_mmio.wb_dat_o_r \u_core.u_mmio.wb_ack_o_r \u_core.u_mmio.wb_err_o_r \u_core.u_fsm.model_req_desc_r \u_core.u_fsm.model_req_valid_r \u_core.u_fsm.model_rsp_ready_r \u_core.u_safety.actuator_cmd_r \u_core.u_safety.actuator_cmd_valid_r \u_core.u_fsm.fallback_active_r \u_core.u_fsm.irq_pulse_r }
Changing input B of cell $auto$ff.cc:526:unmap_srst$2179_gold ($mux): \spi_cs_meta_gold -> \spi_cs_meta
Changing input B of cell $auto$ff.cc:526:unmap_srst$2167_gold ($mux): \spi_cs_sync_gold -> \spi_cs_sync
Changing input A of cell $flatten\u_core.\u_fsm.$add$C:\Users\satheesh\chiploop-saas\.tmp_workflow_a51ebfb7\fpga\handoff\rtl\adaptive_aero_control_top_request_fsm.v:162$89_gold ($add): \u_core.u_fsm.age_counter_r_gold -> \u_core.u_fsm.age_counter_r
Changing input A of cell $flatten\u_core.\u_fsm.$eq$C:\Users\satheesh\chiploop-saas\.tmp_workflow_a51ebfb7\fpga\handoff\rtl\adaptive_aero_control_top_request_fsm.v:161$88_gold ($eq): \u_core.u_fsm.state_r_gold -> \u_core.u_fsm.state_r
Changing input A of cell $flatten\u_core.\u_fsm.$eq$C:\Users\satheesh\chiploop-saas\.tmp_workflow_a51ebfb7\fpga\handoff\rtl\adaptive_aero_control_top_request_fsm.v:193$93_gold ($eq): \rx_active_gold [75:68] -> \rx_active [75:68]
Changing input B of cell $flatten\u_core.\u_fsm.$eq$C:\Users\satheesh\chiploop-saas\.tmp_workflow_a51ebfb7\fpga\handoff\rtl\adaptive_aero_control_top_request_fsm.v:193$93_gold ($eq): \u_core.u_fsm.outstanding_req_id_r_gold -> \u_core.u_fsm.outstanding_req_id_r
Changing input A of cell $flatten\u_core.\u_fsm.$ge$C:\Users\satheesh\chiploop-saas\.tmp_workflow_a51ebfb7\fpga\handoff\rtl\adaptive_aero_control_top_request_fsm.v:163$91_gold ($ge): \u_core.u_fsm.age_counter_r_gold -> \u_core.u_fsm.age_counter_r
Changing input B of cell $flatten\u_core.\u_fsm.$ge$C:\Users\satheesh\chiploop-saas\.tmp_workflow_a51ebfb7\fpga\handoff\rtl\adaptive_aero_control_top_request_fsm.v:163$91_gold ($ge): \u_core.u_mmio.r_timeout_cycles_gold -> \u_core.u_mmio.r_timeout_cycles
Changing input A of cell $flatten\u_core.\u_fsm.$gt$C:\Users\satheesh\chiploop-saas\.tmp_workflow_a51ebfb7\fpga\handoff\rtl\adaptive_aero_control_top_request_fsm.v:155$87_gold ($gt): \u_core.u_mmio.r_oper_en_min_gold -> \u_core.u_mmio.r_oper_en_min
Changing input B of cell $flatten\u_core.\u_fsm.$gt$C:\Users\satheesh\chiploop-saas\.tmp_workflow_a51ebfb7\fpga\handoff\rtl\adaptive_aero_control_top_request_fsm.v:155$87_gold ($gt): \u_core.u_mmio.r_oper_en_max_gold -> \u_core.u_mmio.r_oper_en_max
Changing input A of cell $flatten\u_core.\u_fsm.$logic_and$C:\Users\satheesh\chiploop-saas\.tmp_workflow_a51ebfb7\fpga\handoff\rtl\adaptive_aero_control_top_request_fsm.v:216$101_gold ($logic_and): \u_core.u_mmio.r_request_issue_gold -> \u_core.u_mmio.r_request_issue
Changing input A of cell $flatten\u_core.\u_fsm.$logic_not$C:\Users\satheesh\chiploop-saas\.tmp_workflow_a51ebfb7\fpga\handoff\rtl\adaptive_aero_control_top_request_fsm.v:194$94_gold ($logic_not): \u_core.u_fsm.timeout_bad_gold -> \u_core.u_fsm.timeout_bad
Changing input A of cell $flatten\u_core.\u_fsm.$logic_not$C:\Users\satheesh\chiploop-saas\.tmp_workflow_a51ebfb7\fpga\handoff\rtl\adaptive_aero_control_top_request_fsm.v:194$96_gold ($logic_not): \u_core.u_fsm.envelope_bad_gold -> \u_core.u_fsm.envelope_bad
Changing input A of cell $flatten\u_core.\u_fsm.$logic_not$C:\Users\satheesh\chiploop-saas\.tmp_workflow_a51ebfb7\fpga\handoff\rtl\adaptive_aero_control_top_request_fsm.v:194$98_gold ($logic_not): \u_core.u_mmio.r_force_safe_mode_gold -> \u_core.u_mmio.r_force_safe_mode
Changing input A of cell $flatten\u_core.\u_fsm.$logic_not$C:\Users\satheesh\chiploop-saas\.tmp_workflow_a51ebfb7\fpga\handoff\rtl\adaptive_aero_control_top_request_fsm.v:216$100_gold ($logic_not): \u_core.u_fsm.pending_r_gold -> \u_core.u_fsm.pending_r
Changing input A of cell $flatten\u_core.\u_fsm.$ne$C:\Users\satheesh\chiploop-saas\.tmp_workflow_a51ebfb7\fpga\handoff\rtl\adaptive_aero_control_top_request_fsm.v:163$90_gold ($reduce_bool): \u_core.u_mmio.r_timeout_cycles_gold -> \u_core.u_mmio.r_timeout_cycles
Changing input A of cell $flatten\u_core.\u_fsm.$procmux$148_gold ($mux): \u_core.u_fsm.outstanding_req_id_r_gold -> \u_core.u_fsm.outstanding_req_id_r
Changing input B of cell $flatten\u_core.\u_fsm.$procmux$148_gold ($mux): \u_core.u_mmio.r_request_id_gold -> \u_core.u_mmio.r_request_id
Changing input A of cell $flatten\u_core.\u_fsm.$procmux$152_gold ($mux): \u_core.u_fsm.fault_summary_r_gold [15:5] -> \u_core.u_fsm.fault_summary_r [15:5]
Changing input A of cell $flatten\u_core.\u_fsm.$procmux$233_gold ($mux): { \u_core.u_fsm.fault_summary_r_gold [15:4] $flatten\u_core.\u_fsm.$3\next_fault_summary[3:3]_gold $flatten\u_core.\u_fsm.$4\next_fault_summary[2:2]_gold \u_core.u_fsm.fault_summary_r_gold [1] $flatten\u_core.\u_fsm.$1\next_fault_summary[0:0]_gold } -> { \u_core.u_fsm.fault_summary_r [15:4] $flatten\u_core.\u_fsm.$3\next_fault_summary[3:3]_gold $flatten\u_core.\u_fsm.$4\next_fault_summary[2:2]_gold \u_core.u_fsm.fault_summary_r [1] $flatten\u_core.\u_fsm.$1\next_fault_summary[0:0]_gold }
Changing input S of cell $flatten\u_core.\u_fsm.$procmux$233_gold ($mux): \rx_active_gold [132] -> \rx_active [132]
Changing input S of cell $flatten\u_core.\u_fsm.$procmux$236_gold ($mux): \rx_active_gold [132] -> \rx_active [132]
Changing input S of cell $flatten\u_core.\u_fsm.$procmux$239_gold ($mux): \rx_active_gold [132] -> \rx_active [132]
Changing input S of cell $flatten\u_core.\u_fsm.$procmux$242_gold ($mux): \rx_active_gold [132] -> \rx_active [132]
Changing input S of cell $flatten\u_core.\u_fsm.$procmux$245_gold ($mux): \rx_active_gold [132] -> \rx_active [132]
Changing input S of cell $flatten\u_core.\u_fsm.$procmux$251_gold ($mux): \rx_active_gold [132] -> \rx_active [132]
Changing input S of cell $flatten\u_core.\u_fsm.$procmux$254_gold ($mux): \rx_active_gold [132] -> \rx_active [132]
Changing input S of cell $flatten\u_core.\u_fsm.$procmux$263_gold ($mux): \rx_active_gold [132] -> \rx_active [132]
Changing input A of cell $flatten\u_core.\u_fsm.$procmux$272_gold ($mux): \u_core.u_fsm.response_req_id_r_gold -> \u_core.u_fsm.response_req_id_r
Changing input B of cell $flatten\u_core.\u_fsm.$procmux$272_gold ($mux): \rx_active_gold [75:68] -> \rx_active [75:68]
Changing input S of cell $flatten\u_core.\u_fsm.$procmux$272_gold ($mux): \rx_active_gold [132] -> \rx_active [132]
Changing input A of cell $flatten\u_core.\u_fsm.$procmux$275_gold ($mux): \u_core.u_fsm.fault_summary_r_gold [2] -> \u_core.u_fsm.fault_summary_r [2]
Changing input S of cell $flatten\u_core.\u_fsm.$procmux$275_gold ($mux): \u_core.u_fsm.envelope_bad_gold -> \u_core.u_fsm.envelope_bad
Changing input S of cell $flatten\u_core.\u_fsm.$procmux$278_gold ($mux): \u_core.u_fsm.envelope_bad_gold -> \u_core.u_fsm.envelope_bad
Changing input S of cell $flatten\u_core.\u_fsm.$procmux$281_gold ($mux): \u_core.u_fsm.envelope_bad_gold -> \u_core.u_fsm.envelope_bad
Changing input S of cell $flatten\u_core.\u_fsm.$procmux$284_gold ($mux): \u_core.u_fsm.envelope_bad_gold -> \u_core.u_fsm.envelope_bad
Changing input S of cell $flatten\u_core.\u_fsm.$procmux$287_gold ($mux): \u_core.u_fsm.envelope_bad_gold -> \u_core.u_fsm.envelope_bad
Changing input S of cell $flatten\u_core.\u_fsm.$procmux$290_gold ($mux): \u_core.u_fsm.envelope_bad_gold -> \u_core.u_fsm.envelope_bad
Changing input A of cell $flatten\u_core.\u_fsm.$procmux$293_gold ($mux): \u_core.u_fsm.fault_summary_r_gold [3] -> \u_core.u_fsm.fault_summary_r [3]
Changing input S of cell $flatten\u_core.\u_fsm.$procmux$293_gold ($mux): \u_core.u_mmio.r_force_safe_mode_gold -> \u_core.u_mmio.r_force_safe_mode
Changing input S of cell $flatten\u_core.\u_fsm.$procmux$296_gold ($mux): \u_core.u_mmio.r_force_safe_mode_gold -> \u_core.u_mmio.r_force_safe_mode
Changing input S of cell $flatten\u_core.\u_fsm.$procmux$299_gold ($mux): \u_core.u_mmio.r_force_safe_mode_gold -> \u_core.u_mmio.r_force_safe_mode
Changing input A of cell $flatten\u_core.\u_fsm.$procmux$302_gold ($mux): \u_core.u_fsm.timeout_bad_gold -> \u_core.u_fsm.timeout_bad
Changing input S of cell $flatten\u_core.\u_fsm.$procmux$302_gold ($mux): \u_core.u_mmio.r_force_safe_mode_gold -> \u_core.u_mmio.r_force_safe_mode
Changing input S of cell $flatten\u_core.\u_fsm.$procmux$305_gold ($mux): \u_core.u_mmio.r_force_safe_mode_gold -> \u_core.u_mmio.r_force_safe_mode
Changing input A of cell $flatten\u_core.\u_fsm.$procmux$309_gold ($mux): \u_core.u_fsm.fault_summary_r_gold [0] -> \u_core.u_fsm.fault_summary_r [0]
Changing input A of cell $flatten\u_core.\u_fsm.$procmux$315_gold ($mux): \u_core.u_fsm.pending_r_gold -> \u_core.u_fsm.pending_r
Changing input A of cell $flatten\u_core.\u_fsm.$procmux$321_gold ($mux): \u_core.u_fsm.state_r_gold -> \u_core.u_fsm.state_r
Changing input A of cell $flatten\u_core.\u_fsm.$procmux$333_gold ($mux): \u_core.u_fsm.fallback_active_r_gold -> \u_core.u_fsm.fallback_active_r
Changing input A of cell $flatten\u_core.\u_fsm.$procmux$339_gold ($mux): \u_core.u_fsm.timeout_expired_r_gold -> \u_core.u_fsm.timeout_expired_r
Changing input A of cell $flatten\u_core.\u_fsm.$procmux$353_gold ($mux): \u_core.u_fsm.fault_summary_r_gold [0] -> \u_core.u_fsm.fault_summary_r [0]
Changing input A of cell $flatten\u_core.\u_fsm.$procmux$359_gold ($mux): \u_core.u_fsm.fallback_active_r_gold -> \u_core.u_fsm.fallback_active_r
Changing input A of cell $flatten\u_core.\u_fsm.$procmux$362_gold ($mux): \u_core.u_fsm.timeout_expired_r_gold -> \u_core.u_fsm.timeout_expired_r
Changing input A of cell $flatten\u_core.\u_fsm.$procmux$365_gold ($mux): \u_core.u_fsm.pending_r_gold -> \u_core.u_fsm.pending_r
Changing input A of cell $flatten\u_core.\u_fsm.$procmux$368_gold ($mux): \u_core.u_fsm.state_r_gold -> \u_core.u_fsm.state_r
Changing input A of cell $flatten\u_core.\u_fsm.$procmux$371_gold ($mux): \u_core.u_fsm.age_counter_r_gold -> \u_core.u_fsm.age_counter_r
Changing input A of cell $flatten\u_core.\u_mmio.$and$C:\Users\satheesh\chiploop-saas\.tmp_workflow_a51ebfb7\fpga\handoff\rtl\adaptive_aero_control_top_mmio.v:119$42_gold ($and): \rx_active_gold [66] -> \rx_active [66]
Changing input B of cell $flatten\u_core.\u_mmio.$and$C:\Users\satheesh\chiploop-saas\.tmp_workflow_a51ebfb7\fpga\handoff\rtl\adaptive_aero_control_top_mmio.v:119$42_gold ($and): \rx_active_gold [65] -> \rx_active [65]
Changing input A of cell $flatten\u_core.\u_mmio.$and$C:\Users\satheesh\chiploop-saas\.tmp_workflow_a51ebfb7\fpga\handoff\rtl\adaptive_aero_control_top_mmio.v:120$43_gold ($and): \u_core.u_mmio.access_gold -> \u_core.u_mmio.access
Changing input B of cell $flatten\u_core.\u_mmio.$and$C:\Users\satheesh\chiploop-saas\.tmp_workflow_a51ebfb7\fpga\handoff\rtl\adaptive_aero_control_top_mmio.v:120$43_gold ($and): \rx_active_gold [64] -> \rx_active [64]
Changing input A of cell $flatten\u_core.\u_mmio.$and$C:\Users\satheesh\chiploop-saas\.tmp_workflow_a51ebfb7\fpga\handoff\rtl\adaptive_aero_control_top_mmio.v:180$85_gold ($and): \u_core.u_mmio.access_gold -> \u_core.u_mmio.access
Changing input B of cell $flatten\u_core.\u_mmio.$and$C:\Users\satheesh\chiploop-saas\.tmp_workflow_a51ebfb7\fpga\handoff\rtl\adaptive_aero_control_top_mmio.v:180$85_gold ($and): \u_core.u_mmio.illegal_addr_gold -> \u_core.u_mmio.illegal_addr
Changing input A of cell $flatten\u_core.\u_mmio.$ne$C:\Users\satheesh\chiploop-saas\.tmp_workflow_a51ebfb7\fpga\handoff\rtl\adaptive_aero_control_top_mmio.v:123$46_gold ($reduce_bool): \rx_active_gold [7:0] -> \rx_active [7:0]
Changing input A of cell $flatten\u_core.\u_mmio.$ne$C:\Users\satheesh\chiploop-saas\.tmp_workflow_a51ebfb7\fpga\handoff\rtl\adaptive_aero_control_top_mmio.v:123$47_gold ($ne): \rx_active_gold [7:0] -> \rx_active [7:0]
Changing input A of cell $flatten\u_core.\u_mmio.$ne$C:\Users\satheesh\chiploop-saas\.tmp_workflow_a51ebfb7\fpga\handoff\rtl\adaptive_aero_control_top_mmio.v:123$49_gold ($ne): \rx_active_gold [7:0] -> \rx_active [7:0]
Changing input A of cell $flatten\u_core.\u_mmio.$ne$C:\Users\satheesh\chiploop-saas\.tmp_workflow_a51ebfb7\fpga\handoff\rtl\adaptive_aero_control_top_mmio.v:124$51_gold ($ne): \rx_active_gold [7:0] -> \rx_active [7:0]
Changing input A of cell $flatten\u_core.\u_mmio.$ne$C:\Users\satheesh\chiploop-saas\.tmp_workflow_a51ebfb7\fpga\handoff\rtl\adaptive_aero_control_top_mmio.v:124$53_gold ($ne): \rx_active_gold [7:0] -> \rx_active [7:0]
Changing input A of cell $flatten\u_core.\u_mmio.$ne$C:\Users\satheesh\chiploop-saas\.tmp_workflow_a51ebfb7\fpga\handoff\rtl\adaptive_aero_control_top_mmio.v:124$55_gold ($ne): \rx_active_gold [7:0] -> \rx_active [7:0]
Changing input A of cell $flatten\u_core.\u_mmio.$ne$C:\Users\satheesh\chiploop-saas\.tmp_workflow_a51ebfb7\fpga\handoff\rtl\adaptive_aero_control_top_mmio.v:125$57_gold ($ne): \rx_active_gold [7:0] -> \rx_active [7:0]
Changing input A of cell $flatten\u_core.\u_mmio.$ne$C:\Users\satheesh\chiploop-saas\.tmp_workflow_a51ebfb7\fpga\handoff\rtl\adaptive_aero_control_top_mmio.v:125$59_gold ($ne): \rx_active_gold [7:0] -> \rx_active [7:0]
Changing input A of cell $flatten\u_core.\u_mmio.$ne$C:\Users\satheesh\chiploop-saas\.tmp_workflow_a51ebfb7\fpga\handoff\rtl\adaptive_aero_control_top_mmio.v:125$61_gold ($ne): \rx_active_gold [7:0] -> \rx_active [7:0]
Changing input A of cell $flatten\u_core.\u_mmio.$ne$C:\Users\satheesh\chiploop-saas\.tmp_workflow_a51ebfb7\fpga\handoff\rtl\adaptive_aero_control_top_mmio.v:126$63_gold ($ne): \rx_active_gold [7:0] -> \rx_active [7:0]
Changing input A of cell $flatten\u_core.\u_mmio.$ne$C:\Users\satheesh\chiploop-saas\.tmp_workflow_a51ebfb7\fpga\handoff\rtl\adaptive_aero_control_top_mmio.v:126$65_gold ($ne): \rx_active_gold [7:0] -> \rx_active [7:0]
Changing input A of cell $flatten\u_core.\u_mmio.$ne$C:\Users\satheesh\chiploop-saas\.tmp_workflow_a51ebfb7\fpga\handoff\rtl\adaptive_aero_control_top_mmio.v:126$67_gold ($ne): \rx_active_gold [7:0] -> \rx_active [7:0]
Changing input A of cell $flatten\u_core.\u_mmio.$ne$C:\Users\satheesh\chiploop-saas\.tmp_workflow_a51ebfb7\fpga\handoff\rtl\adaptive_aero_control_top_mmio.v:127$69_gold ($ne): \rx_active_gold [7:0] -> \rx_active [7:0]
Changing input A of cell $flatten\u_core.\u_mmio.$ne$C:\Users\satheesh\chiploop-saas\.tmp_workflow_a51ebfb7\fpga\handoff\rtl\adaptive_aero_control_top_mmio.v:127$71_gold ($ne): \rx_active_gold [7:0] -> \rx_active [7:0]
Changing input A of cell $flatten\u_core.\u_mmio.$ne$C:\Users\satheesh\chiploop-saas\.tmp_workflow_a51ebfb7\fpga\handoff\rtl\adaptive_aero_control_top_mmio.v:127$73_gold ($ne): \rx_active_gold [7:0] -> \rx_active [7:0]
Changing input A of cell $flatten\u_core.\u_mmio.$ne$C:\Users\satheesh\chiploop-saas\.tmp_workflow_a51ebfb7\fpga\handoff\rtl\adaptive_aero_control_top_mmio.v:128$75_gold ($ne): \rx_active_gold [7:0] -> \rx_active [7:0]
Changing input A of cell $flatten\u_core.\u_mmio.$ne$C:\Users\satheesh\chiploop-saas\.tmp_workflow_a51ebfb7\fpga\handoff\rtl\adaptive_aero_control_top_mmio.v:128$77_gold ($ne): \rx_active_gold [7:0] -> \rx_active [7:0]
Changing input A of cell $flatten\u_core.\u_mmio.$ne$C:\Users\satheesh\chiploop-saas\.tmp_workflow_a51ebfb7\fpga\handoff\rtl\adaptive_aero_control_top_mmio.v:128$79_gold ($ne): \rx_active_gold [7:0] -> \rx_active [7:0]
Changing input A of cell $flatten\u_core.\u_mmio.$ne$C:\Users\satheesh\chiploop-saas\.tmp_workflow_a51ebfb7\fpga\handoff\rtl\adaptive_aero_control_top_mmio.v:129$81_gold ($ne): \rx_active_gold [7:0] -> \rx_active [7:0]
Changing input B of cell $flatten\u_core.\u_mmio.$procmux$374_gold ($pmux): { 92'00000000000000010000000000000000000000000000000000000000000111110000000000000000000000000000 \u_core.u_mmio.r_rate_limit_en_gold \u_core.u_mmio.r_allow_multi_outstanding_gold \u_core.u_mmio.r_force_safe_mode_gold \u_core.u_mmio.r_request_issue_gold 16'0000000000000000 \u_core.u_mmio.r_oper_en_min_gold 16'0000000000000000 \u_core.u_mmio.r_oper_en_max_gold \u_core.u_mmio.r_timeout_cycles_gold 16'0000000000000000 \u_core.u_mmio.r_clamp_min_gold 16'0000000000000000 \u_core.u_mmio.r_clamp_max_gold 16'0000000000000000 \u_core.u_mmio.r_rate_limit_step_gold 16'0000000000000000 \u_core.u_mmio.r_fallback_cmd_gold 8'00000000 \u_core.u_mmio.r_request_id_gold \u_core.u_mmio.r_geometry_handle_gold \u_core.u_mmio.r_status_flags_gold 4'0000 \u_core.u_mmio.r_command_mode_gold \u_core.u_mmio.r_flow_handle_gold \u_core.u_mmio.r_timestamp_gold 16'0000000000000000 \u_core.u_fsm.service_error_r_gold \u_core.u_fsm.envelope_violation_r_gold \u_core.u_fsm.fallback_active_r_gold \u_core.u_safety.reg_clamp_active_r_gold \u_core.u_fsm.timeout_expired_r_gold \u_core.u_fsm.stale_reject_r_gold \u_core.u_fsm.response_received_r_gold \u_core.u_fsm.pending_r_gold \u_core.u_fsm.state_r_gold 24'000000000000000000000000 \u_core.u_fsm.outstanding_req_id_r_gold 24'000000000000000000000000 \u_core.u_fsm.response_req_id_r_gold 16'0000000000000000 \u_core.u_safety.last_accepted_cmd_r_gold 16'0000000000000000 \u_core.u_fsm.fault_summary_r_gold 31'0000000000000000000000000000000 \u_core.u_fsm.irq_pulse_r_gold } -> { 92'00000000000000010000000000000000000000000000000000000000000111110000000000000000000000000000 \u_core.u_mmio.r_rate_limit_en \u_core.u_mmio.r_allow_multi_outstanding \u_core.u_mmio.r_force_safe_mode \u_core.u_mmio.r_request_issue 16'0000000000000000 \u_core.u_mmio.r_oper_en_min 16'0000000000000000 \u_core.u_mmio.r_oper_en_max \u_core.u_mmio.r_timeout_cycles 16'0000000000000000 \u_core.u_mmio.r_clamp_min 16'0000000000000000 \u_core.u_mmio.r_clamp_max 16'0000000000000000 \u_core.u_mmio.r_rate_limit_step 16'0000000000000000 \u_core.u_mmio.r_fallback_cmd 8'00000000 \u_core.u_mmio.r_request_id \u_core.u_mmio.r_geometry_handle \u_core.u_mmio.r_status_flags 4'0000 \u_core.u_mmio.r_command_mode \u_core.u_mmio.r_flow_handle \u_core.u_mmio.r_timestamp 16'0000000000000000 \u_core.u_fsm.service_error_r \u_core.u_fsm.envelope_violation_r \u_core.u_fsm.fallback_active_r \u_core.u_safety.reg_clamp_active_r \u_core.u_fsm.timeout_expired_r \u_core.u_fsm.stale_reject_r \u_core.u_fsm.response_received_r \u_core.u_fsm.pending_r \u_core.u_fsm.state_r 24'000000000000000000000000 \u_core.u_fsm.outstanding_req_id_r 24'000000000000000000000000 \u_core.u_fsm.response_req_id_r 16'0000000000000000 \u_core.u_safety.last_accepted_cmd_r 16'0000000000000000 \u_core.u_fsm.fault_summary_r 31'0000000000000000000000000000000 \u_core.u_fsm.irq_pulse_r }
Changing input A of cell $flatten\u_core.\u_mmio.$procmux$375_CMP0_gold ($eq): \rx_active_gold [7:0] -> \rx_active [7:0]
Changing input A of cell $flatten\u_core.\u_mmio.$procmux$376_CMP0_gold ($eq): \rx_active_gold [7:0] -> \rx_active [7:0]
Changing input A of cell $flatten\u_core.\u_mmio.$procmux$377_CMP0_gold ($eq): \rx_active_gold [7:0] -> \rx_active [7:0]
Changing input A of cell $flatten\u_core.\u_mmio.$procmux$378_CMP0_gold ($eq): \rx_active_gold [7:0] -> \rx_active [7:0]
Changing input A of cell $flatten\u_core.\u_mmio.$procmux$379_CMP0_gold ($eq): \rx_active_gold [7:0] -> \rx_active [7:0]
Changing input A of cell $flatten\u_core.\u_mmio.$procmux$380_CMP0_gold ($eq): \rx_active_gold [7:0] -> \rx_active [7:0]
Changing input A of cell $flatten\u_core.\u_mmio.$procmux$381_CMP0_gold ($eq): \rx_active_gold [7:0] -> \rx_active [7:0]
Changing input A of cell $flatten\u_core.\u_mmio.$procmux$382_CMP0_gold ($eq): \rx_active_gold [7:0] -> \rx_active [7:0]
Changing input A of cell $flatten\u_core.\u_mmio.$procmux$383_CMP0_gold ($eq): \rx_active_gold [7:0] -> \rx_active [7:0]
Changing input A of cell $flatten\u_core.\u_mmio.$procmux$384_CMP0_gold ($eq): \rx_active_gold [7:0] -> \rx_active [7:0]
Changing input A of cell $flatten\u_core.\u_mmio.$procmux$385_CMP0_gold ($eq): \rx_active_gold [7:0] -> \rx_active [7:0]
Changing input A of cell $flatten\u_core.\u_mmio.$procmux$386_CMP0_gold ($eq): \rx_active_gold [7:0] -> \rx_active [7:0]
Changing input A of cell $flatten\u_core.\u_mmio.$procmux$387_CMP0_gold ($eq): \rx_active_gold [7:0] -> \rx_active [7:0]
Changing input A of cell $flatten\u_core.\u_mmio.$procmux$388_CMP0_gold ($eq): \rx_active_gold [7:0] -> \rx_active [7:0]
Changing input A of cell $flatten\u_core.\u_mmio.$procmux$389_CMP0_gold ($eq): \rx_active_gold [7:0] -> \rx_active [7:0]
Changing input A of cell $flatten\u_core.\u_mmio.$procmux$390_CMP0_gold ($eq): \rx_active_gold [7:0] -> \rx_active [7:0]
Changing input A of cell $flatten\u_core.\u_mmio.$procmux$391_CMP0_gold ($eq): \rx_active_gold [7:0] -> \rx_active [7:0]
Changing input A of cell $flatten\u_core.\u_mmio.$procmux$392_CMP0_gold ($eq): \rx_active_gold [7:0] -> \rx_active [7:0]
Changing input A of cell $flatten\u_core.\u_mmio.$procmux$393_CMP0_gold ($logic_not): \rx_active_gold [7:0] -> \rx_active [7:0]
Changing input A of cell $flatten\u_core.\u_mmio.$procmux$395_gold ($mux): \u_core.u_mmio.r_status_flags_gold -> \u_core.u_mmio.r_status_flags
Changing input B of cell $flatten\u_core.\u_mmio.$procmux$395_gold ($mux): \rx_active_gold [63:56] -> \rx_active [63:56]
Changing input A of cell $flatten\u_core.\u_mmio.$procmux$397_gold ($mux): \u_core.u_mmio.r_status_flags_gold -> \u_core.u_mmio.r_status_flags
Changing input S of cell $flatten\u_core.\u_mmio.$procmux$397_gold ($mux): \u_core.u_mmio.write_access_gold -> \u_core.u_mmio.write_access
Changing input A of cell $flatten\u_core.\u_mmio.$procmux$400_gold ($mux): \u_core.u_mmio.r_command_mode_gold -> \u_core.u_mmio.r_command_mode
Changing input B of cell $flatten\u_core.\u_mmio.$procmux$400_gold ($mux): \rx_active_gold [51:48] -> \rx_active [51:48]
Changing input A of cell $flatten\u_core.\u_mmio.$procmux$402_gold ($mux): \u_core.u_mmio.r_command_mode_gold -> \u_core.u_mmio.r_command_mode
Changing input S of cell $flatten\u_core.\u_mmio.$procmux$402_gold ($mux): \u_core.u_mmio.write_access_gold -> \u_core.u_mmio.write_access
Changing input A of cell $flatten\u_core.\u_mmio.$procmux$404_gold ($mux): \u_core.u_mmio.r_timestamp_gold -> \u_core.u_mmio.r_timestamp
Changing input B of cell $flatten\u_core.\u_mmio.$procmux$404_gold ($mux): \rx_active_gold [63:32] -> \rx_active [63:32]
Changing input A of cell $flatten\u_core.\u_mmio.$procmux$406_gold ($mux): \u_core.u_mmio.r_timestamp_gold -> \u_core.u_mmio.r_timestamp
Changing input S of cell $flatten\u_core.\u_mmio.$procmux$406_gold ($mux): \u_core.u_mmio.write_access_gold -> \u_core.u_mmio.write_access
Changing input A of cell $flatten\u_core.\u_mmio.$procmux$409_gold ($mux): \u_core.u_mmio.r_flow_handle_gold -> \u_core.u_mmio.r_flow_handle
Changing input B of cell $flatten\u_core.\u_mmio.$procmux$409_gold ($mux): \rx_active_gold [47:32] -> \rx_active [47:32]
Changing input A of cell $flatten\u_core.\u_mmio.$procmux$411_gold ($mux): \u_core.u_mmio.r_flow_handle_gold -> \u_core.u_mmio.r_flow_handle
Changing input S of cell $flatten\u_core.\u_mmio.$procmux$411_gold ($mux): \u_core.u_mmio.write_access_gold -> \u_core.u_mmio.write_access
Changing input A of cell $flatten\u_core.\u_mmio.$procmux$415_gold ($mux): \u_core.u_mmio.r_geometry_handle_gold -> \u_core.u_mmio.r_geometry_handle
Changing input B of cell $flatten\u_core.\u_mmio.$procmux$415_gold ($mux): \rx_active_gold [63:48] -> \rx_active [63:48]
Changing input A of cell $flatten\u_core.\u_mmio.$procmux$417_gold ($mux): \u_core.u_mmio.r_geometry_handle_gold -> \u_core.u_mmio.r_geometry_handle
Changing input S of cell $flatten\u_core.\u_mmio.$procmux$417_gold ($mux): \u_core.u_mmio.write_access_gold -> \u_core.u_mmio.write_access
Changing input A of cell $flatten\u_core.\u_mmio.$procmux$421_gold ($mux): \u_core.u_mmio.r_request_id_gold -> \u_core.u_mmio.r_request_id
Changing input B of cell $flatten\u_core.\u_mmio.$procmux$421_gold ($mux): \rx_active_gold [47:40] -> \rx_active [47:40]
Changing input A of cell $flatten\u_core.\u_mmio.$procmux$423_gold ($mux): \u_core.u_mmio.r_request_id_gold -> \u_core.u_mmio.r_request_id
Changing input S of cell $flatten\u_core.\u_mmio.$procmux$423_gold ($mux): \u_core.u_mmio.write_access_gold -> \u_core.u_mmio.write_access
Changing input A of cell $flatten\u_core.\u_mmio.$procmux$427_gold ($mux): \u_core.u_mmio.r_request_issue_gold -> \u_core.u_mmio.r_request_issue
Changing input B of cell $flatten\u_core.\u_mmio.$procmux$427_gold ($mux): \rx_active_gold [32] -> \rx_active [32]
Changing input A of cell $flatten\u_core.\u_mmio.$procmux$430_gold ($mux): \u_core.u_mmio.r_request_issue_gold -> \u_core.u_mmio.r_request_issue
Changing input S of cell $flatten\u_core.\u_mmio.$procmux$430_gold ($mux): \u_core.u_mmio.write_access_gold -> \u_core.u_mmio.write_access
Changing input A of cell $flatten\u_core.\u_mmio.$procmux$442_gold ($mux): \u_core.u_mmio.r_allow_multi_outstanding_gold -> \u_core.u_mmio.r_allow_multi_outstanding
Changing input B of cell $flatten\u_core.\u_mmio.$procmux$442_gold ($mux): \rx_active_gold [34] -> \rx_active [34]
Changing input A of cell $flatten\u_core.\u_mmio.$procmux$444_gold ($mux): \u_core.u_mmio.r_allow_multi_outstanding_gold -> \u_core.u_mmio.r_allow_multi_outstanding
Changing input S of cell $flatten\u_core.\u_mmio.$procmux$444_gold ($mux): \u_core.u_mmio.write_access_gold -> \u_core.u_mmio.write_access
Changing input A of cell $flatten\u_core.\u_mmio.$procmux$456_gold ($mux): \u_core.u_mmio.r_force_safe_mode_gold -> \u_core.u_mmio.r_force_safe_mode
Changing input B of cell $flatten\u_core.\u_mmio.$procmux$456_gold ($mux): \rx_active_gold [33] -> \rx_active [33]
Changing input A of cell $flatten\u_core.\u_mmio.$procmux$458_gold ($mux): \u_core.u_mmio.r_force_safe_mode_gold -> \u_core.u_mmio.r_force_safe_mode
Changing input S of cell $flatten\u_core.\u_mmio.$procmux$458_gold ($mux): \u_core.u_mmio.write_access_gold -> \u_core.u_mmio.write_access
Changing input A of cell $flatten\u_core.\u_mmio.$procmux$463_gold ($mux): \u_core.u_mmio.r_fallback_cmd_gold -> \u_core.u_mmio.r_fallback_cmd
Changing input B of cell $flatten\u_core.\u_mmio.$procmux$463_gold ($mux): \rx_active_gold [47:32] -> \rx_active [47:32]
Changing input A of cell $flatten\u_core.\u_mmio.$procmux$465_gold ($mux): \u_core.u_mmio.r_fallback_cmd_gold -> \u_core.u_mmio.r_fallback_cmd
Changing input S of cell $flatten\u_core.\u_mmio.$procmux$465_gold ($mux): \u_core.u_mmio.write_access_gold -> \u_core.u_mmio.write_access
Changing input A of cell $flatten\u_core.\u_mmio.$procmux$471_gold ($mux): \u_core.u_mmio.r_rate_limit_step_gold -> \u_core.u_mmio.r_rate_limit_step
Changing input B of cell $flatten\u_core.\u_mmio.$procmux$471_gold ($mux): \rx_active_gold [47:32] -> \rx_active [47:32]
Changing input A of cell $flatten\u_core.\u_mmio.$procmux$473_gold ($mux): \u_core.u_mmio.r_rate_limit_step_gold -> \u_core.u_mmio.r_rate_limit_step
Changing input S of cell $flatten\u_core.\u_mmio.$procmux$473_gold ($mux): \u_core.u_mmio.write_access_gold -> \u_core.u_mmio.write_access
Changing input A of cell $flatten\u_core.\u_mmio.$procmux$485_gold ($mux): \u_core.u_mmio.r_rate_limit_en_gold -> \u_core.u_mmio.r_rate_limit_en
Changing input B of cell $flatten\u_core.\u_mmio.$procmux$485_gold ($mux): \rx_active_gold [35] -> \rx_active [35]
Changing input A of cell $flatten\u_core.\u_mmio.$procmux$487_gold ($mux): \u_core.u_mmio.r_rate_limit_en_gold -> \u_core.u_mmio.r_rate_limit_en
Changing input S of cell $flatten\u_core.\u_mmio.$procmux$487_gold ($mux): \u_core.u_mmio.write_access_gold -> \u_core.u_mmio.write_access
Changing input A of cell $flatten\u_core.\u_mmio.$procmux$494_gold ($mux): \u_core.u_mmio.r_clamp_max_gold -> \u_core.u_mmio.r_clamp_max
Changing input B of cell $flatten\u_core.\u_mmio.$procmux$494_gold ($mux): \rx_active_gold [47:32] -> \rx_active [47:32]
Changing input A of cell $flatten\u_core.\u_mmio.$procmux$496_gold ($mux): \u_core.u_mmio.r_clamp_max_gold -> \u_core.u_mmio.r_clamp_max
Changing input S of cell $flatten\u_core.\u_mmio.$procmux$496_gold ($mux): \u_core.u_mmio.write_access_gold -> \u_core.u_mmio.write_access
Changing input A of cell $flatten\u_core.\u_mmio.$procmux$504_gold ($mux): \u_core.u_mmio.r_clamp_min_gold -> \u_core.u_mmio.r_clamp_min
Changing input B of cell $flatten\u_core.\u_mmio.$procmux$504_gold ($mux): \rx_active_gold [47:32] -> \rx_active [47:32]
Changing input A of cell $flatten\u_core.\u_mmio.$procmux$506_gold ($mux): \u_core.u_mmio.r_clamp_min_gold -> \u_core.u_mmio.r_clamp_min
Changing input S of cell $flatten\u_core.\u_mmio.$procmux$506_gold ($mux): \u_core.u_mmio.write_access_gold -> \u_core.u_mmio.write_access
Changing input A of cell $flatten\u_core.\u_mmio.$procmux$515_gold ($mux): \u_core.u_mmio.r_timeout_cycles_gold -> \u_core.u_mmio.r_timeout_cycles
Changing input B of cell $flatten\u_core.\u_mmio.$procmux$515_gold ($mux): \rx_active_gold [63:32] -> \rx_active [63:32]
Changing input A of cell $flatten\u_core.\u_mmio.$procmux$517_gold ($mux): \u_core.u_mmio.r_timeout_cycles_gold -> \u_core.u_mmio.r_timeout_cycles
Changing input S of cell $flatten\u_core.\u_mmio.$procmux$517_gold ($mux): \u_core.u_mmio.write_access_gold -> \u_core.u_mmio.write_access
Changing input A of cell $flatten\u_core.\u_mmio.$procmux$527_gold ($mux): \u_core.u_mmio.r_oper_en_max_gold -> \u_core.u_mmio.r_oper_en_max
Changing input B of cell $flatten\u_core.\u_mmio.$procmux$527_gold ($mux): \rx_active_gold [47:32] -> \rx_active [47:32]
Changing input A of cell $flatten\u_core.\u_mmio.$procmux$529_gold ($mux): \u_core.u_mmio.r_oper_en_max_gold -> \u_core.u_mmio.r_oper_en_max
Changing input S of cell $flatten\u_core.\u_mmio.$procmux$529_gold ($mux): \u_core.u_mmio.write_access_gold -> \u_core.u_mmio.write_access
Changing input A of cell $flatten\u_core.\u_mmio.$procmux$540_gold ($mux): \u_core.u_mmio.r_oper_en_min_gold -> \u_core.u_mmio.r_oper_en_min
Changing input B of cell $flatten\u_core.\u_mmio.$procmux$540_gold ($mux): \rx_active_gold [47:32] -> \rx_active [47:32]
Changing input A of cell $flatten\u_core.\u_mmio.$procmux$542_gold ($mux): \u_core.u_mmio.r_oper_en_min_gold -> \u_core.u_mmio.r_oper_en_min
Changing input S of cell $flatten\u_core.\u_mmio.$procmux$542_gold ($mux): \u_core.u_mmio.write_access_gold -> \u_core.u_mmio.write_access
Changing input A of cell $flatten\u_core.\u_safety.$logic_or$C:\Users\satheesh\chiploop-saas\.tmp_workflow_a51ebfb7\fpga\handoff\rtl\adaptive_aero_control_top_actuator_safety.v:102$32_gold ($logic_or): \u_core.u_fsm.fallback_active_r_gold -> \u_core.u_fsm.fallback_active_r
Changing input B of cell $flatten\u_core.\u_safety.$logic_or$C:\Users\satheesh\chiploop-saas\.tmp_workflow_a51ebfb7\fpga\handoff\rtl\adaptive_aero_control_top_actuator_safety.v:102$32_gold ($logic_or): \u_core.u_fsm.envelope_violation_r_gold -> \u_core.u_fsm.envelope_violation_r
Changing input B of cell $flatten\u_core.\u_safety.$logic_or$C:\Users\satheesh\chiploop-saas\.tmp_workflow_a51ebfb7\fpga\handoff\rtl\adaptive_aero_control_top_actuator_safety.v:102$33_gold ($logic_or): \u_core.u_fsm.timeout_expired_r_gold -> \u_core.u_fsm.timeout_expired_r
Changing input B of cell $flatten\u_core.\u_safety.$logic_or$C:\Users\satheesh\chiploop-saas\.tmp_workflow_a51ebfb7\fpga\handoff\rtl\adaptive_aero_control_top_actuator_safety.v:102$34_gold ($logic_or): \u_core.u_fsm.stale_reject_r_gold -> \u_core.u_fsm.stale_reject_r
Changing input B of cell $flatten\u_core.\u_safety.$logic_or$C:\Users\satheesh\chiploop-saas\.tmp_workflow_a51ebfb7\fpga\handoff\rtl\adaptive_aero_control_top_actuator_safety.v:102$35_gold ($logic_or): \u_core.u_fsm.service_error_r_gold -> \u_core.u_fsm.service_error_r
Changing input A of cell $flatten\u_core.\u_safety.$ne$C:\Users\satheesh\chiploop-saas\.tmp_workflow_a51ebfb7\fpga\handoff\rtl\adaptive_aero_control_top_actuator_safety.v:99$31_gold ($ne): \u_core.u_mmio.r_fallback_cmd_gold -> \u_core.u_mmio.r_fallback_cmd
Changing input B of cell $flatten\u_core.\u_safety.$ne$C:\Users\satheesh\chiploop-saas\.tmp_workflow_a51ebfb7\fpga\handoff\rtl\adaptive_aero_control_top_actuator_safety.v:99$31_gold ($ne): \u_core.u_safety.last_accepted_cmd_r_gold -> \u_core.u_safety.last_accepted_cmd_r
Changing input A of cell $flatten\u_core.\u_safety.$procmux$566_gold ($mux): \u_core.u_safety.last_accepted_cmd_r_gold -> \u_core.u_safety.last_accepted_cmd_r
Changing input B of cell $flatten\u_core.\u_safety.$procmux$566_gold ($mux): \u_core.u_mmio.r_fallback_cmd_gold -> \u_core.u_mmio.r_fallback_cmd
Changing input A of cell $logic_and$C:\Users\satheesh\chiploop-saas\.tmp_workflow_a51ebfb7\fpga\handoff\rtl\adaptive_aero_control_top_spi_fpga_top.sv:67$117_gold ($logic_and): \spi_cs_sync_gold -> \spi_cs_sync
Changing input A of cell $logic_not$C:\Users\satheesh\chiploop-saas\.tmp_workflow_a51ebfb7\fpga\handoff\rtl\adaptive_aero_control_top_spi_fpga_top.sv:67$116_gold ($logic_not): \spi_cs_prev_gold -> \spi_cs_prev
Changing input A of cell $procmux$120_gold ($mux): \rx_active_gold -> \rx_active
Changing input A of cell $procmux$123_gold ($mux): { \tx_snapshot_gold [117:0] 1'0 } -> { \tx_snapshot [117:0] 1'0 }
Changing input S of cell $procmux$123_gold ($mux): \spi_active_gold -> \spi_active
Changing input A of cell $ternary$C:\Users\satheesh\chiploop-saas\.tmp_workflow_a51ebfb7\fpga\handoff\rtl\adaptive_aero_control_top_spi_fpga_top.sv:71$119_gold ($mux): \tx_snapshot_gold [118] -> \tx_snapshot [118]
Changing input S of cell $ternary$C:\Users\satheesh\chiploop-saas\.tmp_workflow_a51ebfb7\fpga\handoff\rtl\adaptive_aero_control_top_spi_fpga_top.sv:71$119_gold ($mux): \spi_active_gold -> \spi_active
Presumably equivalent cells: u_core_gold u_core_gate ($scopeinfo) -> u_core
Presumably equivalent cells: u_core.u_fsm_gold u_core.u_fsm_gate ($scopeinfo) -> u_core.u_fsm
Presumably equivalent cells: u_core.u_mmio_gold u_core.u_mmio_gate ($scopeinfo) -> u_core.u_mmio
Presumably equivalent cells: u_core.u_safety_gold u_core.u_safety_gate ($scopeinfo) -> u_core.u_safety

16. Executing HIERARCHY pass (managing design hierarchy).

16.1. Analyzing design hierarchy..
Top module:  \equiv

16.2. Analyzing design hierarchy..
Top module:  \equiv
Removing unused module `\gate'.
Removing unused module `\gold'.
Removed 2 unused modules.

17. Executing EQUIV_STRUCT pass.
Running equiv_struct on module equiv:
  Starting iteration 1.
    Fwd merging 4 $equiv cells (from group of 4) using strategy deduplicate:
      Merging cells $auto$equiv_make.cc:294:find_same_wires$5621 and $auto$equiv_make.cc:294:find_same_wires$5620.
      Merging cells $auto$equiv_make.cc:294:find_same_wires$5222 and $auto$equiv_make.cc:294:find_same_wires$4024.
    Fwd merging 4 $equiv cells (from group of 4) using strategy deduplicate:
      Merging cells $auto$equiv_make.cc:294:find_same_wires$5554 and $auto$equiv_make.cc:294:find_same_wires$5108.
      Merging cells $auto$equiv_make.cc:294:find_same_wires$4890 and $auto$equiv_make.cc:294:find_same_wires$3759.
    Fwd merging 4 $equiv cells (from group of 4) using strategy deduplicate:
      Merging cells $auto$equiv_make.cc:294:find_same_wires$5553 and $auto$equiv_make.cc:294:find_same_wires$5107.
      Merging cells $auto$equiv_make.cc:294:find_same_wires$4889 and $auto$equiv_make.cc:294:find_same_wires$3758.
    Fwd merging 4 $equiv cells (from group of 4) using strategy deduplicate:
      Merging cells $auto$equiv_make.cc:294:find_same_wires$5552 and $auto$equiv_make.cc:294:find_same_wires$5106.
      Merging cells $auto$equiv_make.cc:294:find_same_wires$4888 and $auto$equiv_make.cc:294:find_same_wires$3757.
    Fwd merging 4 $equiv cells (from group of 4) using strategy deduplicate:
      Merging cells $auto$equiv_make.cc:294:find_same_wires$5551 and $auto$equiv_make.cc:294:find_same_wires$5105.
      Merging cells $auto$equiv_make.cc:294:find_same_wires$4887 and $auto$equiv_make.cc:294:find_same_wires$3756.
    Fwd merging 4 $equiv cells (from group of 4) using strategy deduplicate:
      Merging cells $auto$equiv_make.cc:294:find_same_wires$5550 and $auto$equiv_make.cc:294:find_same_wires$5104.
      Merging cells $auto$equiv_make.cc:294:find_same_wires$4886 and $auto$equiv_make.cc:294:find_same_wires$3755.
    Fwd merging 4 $equiv cells (from group of 4) using strategy deduplicate:
      Merging cells $auto$equiv_make.cc:294:find_same_wires$5549 and $auto$equiv_make.cc:294:find_same_wires$5103.
      Merging cells $auto$equiv_make.cc:294:find_same_wires$4885 and $auto$equiv_make.cc:294:find_same_wires$3754.
    Fwd merging 4 $equiv cells (from group of 4) using strategy deduplicate:
      Merging cells $auto$equiv_make.cc:294:find_same_wires$5548 and $auto$equiv_make.cc:294:find_same_wires$5102.
      Merging cells $auto$equiv_make.cc:294:find_same_wires$4884 and $auto$equiv_make.cc:294:find_same_wires$3753.
    Fwd merging 4 $equiv cells (from group of 4) using strategy deduplicate:
      Merging cells $auto$equiv_make.cc:294:find_same_wires$5547 and $auto$equiv_make.cc:294:find_same_wires$5101.
      Merging cells $auto$equiv_make.cc:294:find_same_wires$4883 and $auto$equiv_make.cc:294:find_same_wires$3752.
    Fwd merging 4 $equiv cells (from group of 4) using strategy deduplicate:
      Merging cells $auto$equiv_make.cc:294:find_same_wires$5546 and $auto$equiv_make.cc:294:find_same_wires$5100.
      Merging cells $auto$equiv_make.cc:294:find_same_wires$4882 and $auto$equiv_make.cc:294:find_same_wires$3751.
    Fwd merging 4 $equiv cells (from group of 4) using strategy deduplicate:
      Merging cells $auto$equiv_make.cc:294:find_same_wires$5545 and $auto$equiv_make.cc:294:find_same_wires$5099.
      Merging cells $auto$equiv_make.cc:294:find_same_wires$4881 and $auto$equiv_make.cc:294:find_same_wires$3750.
    Fwd merging 4 $equiv cells (from group of 4) using strategy deduplicate:
      Merging cells $auto$equiv_make.cc:294:find_same_wires$5544 and $auto$equiv_make.cc:294:find_same_wires$5098.
      Merging cells $auto$equiv_make.cc:294:find_same_wires$4880 and $auto$equiv_make.cc:294:find_same_wires$3749.
    Fwd merging 4 $equiv cells (from group of 4) using strategy deduplicate:
      Merging cells $auto$equiv_make.cc:294:find_same_wires$5543 and $auto$equiv_make.cc:294:find_same_wires$5097.
      Merging cells $auto$equiv_make.cc:294:find_same_wires$4879 and $auto$equiv_make.cc:294:find_same_wires$3748.
    Fwd merging 4 $equiv cells (from group of 4) using strategy deduplicate:
      Merging cells $auto$equiv_make.cc:294:find_same_wires$5542 and $auto$equiv_make.cc:294:find_same_wires$5096.
      Merging cells $auto$equiv_make.cc:294:find_same_wires$4878 and $auto$equiv_make.cc:294:find_same_wires$3747.
    Fwd merging 4 $equiv cells (from group of 4) using strategy deduplicate:
      Merging cells $auto$equiv_make.cc:294:find_same_wires$5541 and $auto$equiv_make.cc:294:find_same_wires$5095.
      Merging cells $auto$equiv_make.cc:294:find_same_wires$4877 and $auto$equiv_make.cc:294:find_same_wires$3746.
    Fwd merging 4 $equiv cells (from group of 4) using strategy deduplicate:
      Merging cells $auto$equiv_make.cc:294:find_same_wires$5540 and $auto$equiv_make.cc:294:find_same_wires$5094.
      Merging cells $auto$equiv_make.cc:294:find_same_wires$4876 and $auto$equiv_make.cc:294:find_same_wires$3745.
    Fwd merging 4 $equiv cells (from group of 4) using strategy deduplicate:
      Merging cells $auto$equiv_make.cc:294:find_same_wires$5539 and $auto$equiv_make.cc:294:find_same_wires$5093.
      Merging cells $auto$equiv_make.cc:294:find_same_wires$4875 and $auto$equiv_make.cc:294:find_same_wires$3744.
    Fwd merging 4 $equiv cells (from group of 4) using strategy deduplicate:
      Merging cells $auto$equiv_make.cc:294:find_same_wires$5538 and $auto$equiv_make.cc:294:find_same_wires$5092.
      Merging cells $auto$equiv_make.cc:294:find_same_wires$4874 and $auto$equiv_make.cc:294:find_same_wires$3743.
    Fwd merging 4 $equiv cells (from group of 4) using strategy deduplicate:
      Merging cells $auto$equiv_make.cc:294:find_same_wires$5537 and $auto$equiv_make.cc:294:find_same_wires$5026.
      Merging cells $auto$equiv_make.cc:294:find_same_wires$4808 and $auto$equiv_make.cc:294:find_same_wires$3677.
    Fwd merging 4 $equiv cells (from group of 4) using strategy deduplicate:
      Merging cells $auto$equiv_make.cc:294:find_same_wires$5536 and $auto$equiv_make.cc:294:find_same_wires$5025.
      Merging cells $auto$equiv_make.cc:294:find_same_wires$4807 and $auto$equiv_make.cc:294:find_same_wires$3676.
    Fwd merging 4 $equiv cells (from group of 4) using strategy deduplicate:
      Merging cells $auto$equiv_make.cc:294:find_same_wires$5535 and $auto$equiv_make.cc:294:find_same_wires$5024.
      Merging cells $auto$equiv_make.cc:294:find_same_wires$4806 and $auto$equiv_make.cc:294:find_same_wires$3675.
    Fwd merging 4 $equiv cells (from group of 4) using strategy deduplicate:
      Merging cells $auto$equiv_make.cc:294:find_same_wires$5534 and $auto$equiv_make.cc:294:find_same_wires$5023.
      Merging cells $auto$equiv_make.cc:294:find_same_wires$4805 and $auto$equiv_make.cc:294:find_same_wires$3674.
    Fwd merging 4 $equiv cells (from group of 4) using strategy deduplicate:
      Merging cells $auto$equiv_make.cc:294:find_same_wires$5533 and $auto$equiv_make.cc:294:find_same_wires$5022.
      Merging cells $auto$equiv_make.cc:294:find_same_wires$4804 and $auto$equiv_make.cc:294:find_same_wires$3673.
    Fwd merging 4 $equiv cells (from group of 4) using strategy deduplicate:
      Merging cells $auto$equiv_make.cc:294:find_same_wires$5532 and $auto$equiv_make.cc:294:find_same_wires$5021.
      Merging cells $auto$equiv_make.cc:294:find_same_wires$4803 and $auto$equiv_make.cc:294:find_same_wires$3672.
    Fwd merging 4 $equiv cells (from group of 4) using strategy deduplicate:
      Merging cells $auto$equiv_make.cc:294:find_same_wires$5531 and $auto$equiv_make.cc:294:find_same_wires$5020.
      Merging cells $auto$equiv_make.cc:294:find_same_wires$4802 and $auto$equiv_make.cc:294:find_same_wires$3671.
    Fwd merging 4 $equiv cells (from group of 4) using strategy deduplicate:
      Merging cells $auto$equiv_make.cc:294:find_same_wires$5530 and $auto$equiv_make.cc:294:find_same_wires$5019.
      Merging cells $auto$equiv_make.cc:294:find_same_wires$4801 and $auto$equiv_make.cc:294:find_same_wires$3670.
    Fwd merging 4 $equiv cells (from group of 4) using strategy deduplicate:
      Merging cells $auto$equiv_make.cc:294:find_same_wires$5529 and $auto$equiv_make.cc:294:find_same_wires$5018.
      Merging cells $auto$equiv_make.cc:294:find_same_wires$4800 and $auto$equiv_make.cc:294:find_same_wires$3669.
    Fwd merging 4 $equiv cells (from group of 4) using strategy deduplicate:
      Merging cells $auto$equiv_make.cc:294:find_same_wires$5528 and $auto$equiv_make.cc:294:find_same_wires$5017.
      Merging cells $auto$equiv_make.cc:294:find_same_wires$4799 and $auto$equiv_make.cc:294:find_same_wires$3668.
    Fwd merging 4 $equiv cells (from group of 4) using strategy deduplicate:
      Merging cells $auto$equiv_make.cc:294:find_same_wires$5527 and $auto$equiv_make.cc:294:find_same_wires$5016.
      Merging cells $auto$equiv_make.cc:294:find_same_wires$4798 and $auto$equiv_make.cc:294:find_same_wires$3667.
    Fwd merging 4 $equiv cells (from group of 4) using strategy deduplicate:
      Merging cells $auto$equiv_make.cc:294:find_same_wires$5526 and $auto$equiv_make.cc:294:find_same_wires$5015.
      Merging cells $auto$equiv_make.cc:294:find_same_wires$4797 and $auto$equiv_make.cc:294:find_same_wires$3666.
    Fwd merging 4 $equiv cells (from group of 4) using strategy deduplicate:
      Merging cells $auto$equiv_make.cc:294:find_same_wires$5525 and $auto$equiv_make.cc:294:find_same_wires$5014.
      Merging cells $auto$equiv_make.cc:294:find_same_wires$4796 and $auto$equiv_make.cc:294:find_same_wires$3665.
    Fwd merging 4 $equiv cells (from group of 4) using strategy deduplicate:
      Merging cells $auto$equiv_make.cc:294:find_same_wires$5524 and $auto$equiv_make.cc:294:find_same_wires$5013.
      Merging cells $auto$equiv_make.cc:294:find_same_wires$4795 and $auto$equiv_make.cc:294:find_same_wires$3664.
    Fwd merging 4 $equiv cells (from group of 4) using strategy deduplicate:
      Merging cells $auto$equiv_make.cc:294:find_same_wires$5523 and $auto$equiv_make.cc:294:find_same_wires$5012.
      Merging cells $auto$equiv_make.cc:294:find_same_wires$4794 and $auto$equiv_make.cc:294:find_same_wires$3663.
    Fwd merging 4 $equiv cells (from group of 4) using strategy deduplicate:
      Merging cells $auto$equiv_make.cc:294:find_same_wires$5522 and $auto$equiv_make.cc:294:find_same_wires$5011.
      Merging cells $auto$equiv_make.cc:294:find_same_wires$4793 and $auto$equiv_make.cc:294:find_same_wires$3662.
    Fwd merging 4 $equiv cells (from group of 5) using strategy deduplicate:
      Merging cells $auto$equiv_make.cc:294:find_same_wires$5586 and $auto$equiv_make.cc:294:find_same_wires$5521.
      Merging cells $auto$equiv_make.cc:294:find_same_wires$5006 and $auto$equiv_make.cc:294:find_same_wires$4788.
    Fwd merging 4 $equiv cells (from group of 5) using strategy deduplicate:
      Merging cells $auto$equiv_make.cc:294:find_same_wires$5585 and $auto$equiv_make.cc:294:find_same_wires$5520.
      Merging cells $auto$equiv_make.cc:294:find_same_wires$5005 and $auto$equiv_make.cc:294:find_same_wires$4787.
    Fwd merging 4 $equiv cells (from group of 5) using strategy deduplicate:
      Merging cells $auto$equiv_make.cc:294:find_same_wires$5584 and $auto$equiv_make.cc:294:find_same_wires$5519.
      Merging cells $auto$equiv_make.cc:294:find_same_wires$5004 and $auto$equiv_make.cc:294:find_same_wires$4786.
    Fwd merging 4 $equiv cells (from group of 5) using strategy deduplicate:
      Merging cells $auto$equiv_make.cc:294:find_same_wires$5583 and $auto$equiv_make.cc:294:find_same_wires$5518.
      Merging cells $auto$equiv_make.cc:294:find_same_wires$5003 and $auto$equiv_make.cc:294:find_same_wires$4785.
    Fwd merging 4 $equiv cells (from group of 5) using strategy deduplicate:
      Merging cells $auto$equiv_make.cc:294:find_same_wires$5582 and $auto$equiv_make.cc:294:find_same_wires$5517.
      Merging cells $auto$equiv_make.cc:294:find_same_wires$5002 and $auto$equiv_make.cc:294:find_same_wires$4784.
    Fwd merging 4 $equiv cells (from group of 5) using strategy deduplicate:
      Merging cells $auto$equiv_make.cc:294:find_same_wires$5581 and $auto$equiv_make.cc:294:find_same_wires$5516.
      Merging cells $auto$equiv_make.cc:294:find_same_wires$5001 and $auto$equiv_make.cc:294:find_same_wires$4783.
    Fwd merging 4 $equiv cells (from group of 5) using strategy deduplicate:
      Merging cells $auto$equiv_make.cc:294:find_same_wires$5580 and $auto$equiv_make.cc:294:find_same_wires$5515.
      Merging cells $auto$equiv_make.cc:294:find_same_wires$5000 and $auto$equiv_make.cc:294:find_same_wires$4782.
    Fwd merging 4 $equiv cells (from group of 5) using strategy deduplicate:
      Merging cells $auto$equiv_make.cc:294:find_same_wires$5579 and $auto$equiv_make.cc:294:find_same_wires$5514.
      Merging cells $auto$equiv_make.cc:294:find_same_wires$4999 and $auto$equiv_make.cc:294:find_same_wires$4781.
    Fwd merging 4 $equiv cells (from group of 5) using strategy deduplicate:
      Merging cells $auto$equiv_make.cc:294:find_same_wires$5578 and $auto$equiv_make.cc:294:find_same_wires$5513.
      Merging cells $auto$equiv_make.cc:294:find_same_wires$4998 and $auto$equiv_make.cc:294:find_same_wires$4780.
    Fwd merging 4 $equiv cells (from group of 5) using strategy deduplicate:
      Merging cells $auto$equiv_make.cc:294:find_same_wires$5577 and $auto$equiv_make.cc:294:find_same_wires$5512.
      Merging cells $auto$equiv_make.cc:294:find_same_wires$4997 and $auto$equiv_make.cc:294:find_same_wires$4779.
    Fwd merging 4 $equiv cells (from group of 5) using strategy deduplicate:
      Merging cells $auto$equiv_make.cc:294:find_same_wires$5576 and $auto$equiv_make.cc:294:find_same_wires$5511.
      Merging cells $auto$equiv_make.cc:294:find_same_wires$4996 and $auto$equiv_make.cc:294:find_same_wires$4778.
    Fwd merging 4 $equiv cells (from group of 5) using strategy deduplicate:
      Merging cells $auto$equiv_make.cc:294:find_same_wires$5575 and $auto$equiv_make.cc:294:find_same_wires$5510.
      Merging cells $auto$equiv_make.cc:294:find_same_wires$4995 and $auto$equiv_make.cc:294:find_same_wires$4777.
    Fwd merging 4 $equiv cells (from group of 5) using strategy deduplicate:
      Merging cells $auto$equiv_make.cc:294:find_same_wires$5574 and $auto$equiv_make.cc:294:find_same_wires$5509.
      Merging cells $auto$equiv_make.cc:294:find_same_wires$4994 and $auto$equiv_make.cc:294:find_same_wires$4776.
    Fwd merging 4 $equiv cells (from group of 5) using strategy deduplicate:
      Merging cells $auto$equiv_make.cc:294:find_same_wires$5573 and $auto$equiv_make.cc:294:find_same_wires$5508.
      Merging cells $auto$equiv_make.cc:294:find_same_wires$4993 and $auto$equiv_make.cc:294:find_same_wires$4775.
    Fwd merging 4 $equiv cells (from group of 5) using strategy deduplicate:
      Merging cells $auto$equiv_make.cc:294:find_same_wires$5572 and $auto$equiv_make.cc:294:find_same_wires$5507.
      Merging cells $auto$equiv_make.cc:294:find_same_wires$4992 and $auto$equiv_make.cc:294:find_same_wires$4774.
    Fwd merging 4 $equiv cells (from group of 5) using strategy deduplicate:
      Merging cells $auto$equiv_make.cc:294:find_same_wires$5571 and $auto$equiv_make.cc:294:find_same_wires$5506.
      Merging cells $auto$equiv_make.cc:294:find_same_wires$4991 and $auto$equiv_make.cc:294:find_same_wires$4773.
    Fwd merging 4 $equiv cells (from group of 5) using strategy deduplicate:
      Merging cells $auto$equiv_make.cc:294:find_same_wires$5570 and $auto$equiv_make.cc:294:find_same_wires$5505.
      Merging cells $auto$equiv_make.cc:294:find_same_wires$4990 and $auto$equiv_make.cc:294:find_same_wires$4772.
    Fwd merging 4 $equiv cells (from group of 5) using strategy deduplicate:
      Merging cells $auto$equiv_make.cc:294:find_same_wires$5569 and $auto$equiv_make.cc:294:find_same_wires$5504.
      Merging cells $auto$equiv_make.cc:294:find_same_wires$4989 and $auto$equiv_make.cc:294:find_same_wires$4771.
    Fwd merging 4 $equiv cells (from group of 5) using strategy deduplicate:
      Merging cells $auto$equiv_make.cc:294:find_same_wires$5568 and $auto$equiv_make.cc:294:find_same_wires$5503.
      Merging cells $auto$equiv_make.cc:294:find_same_wires$4988 and $auto$equiv_make.cc:294:find_same_wires$4770.
    Fwd merging 4 $equiv cells (from group of 5) using strategy deduplicate:
      Merging cells $auto$equiv_make.cc:294:find_same_wires$5567 and $auto$equiv_make.cc:294:find_same_wires$5502.
      Merging cells $auto$equiv_make.cc:294:find_same_wires$4987 and $auto$equiv_make.cc:294:find_same_wires$4769.
    Fwd merging 4 $equiv cells (from group of 5) using strategy deduplicate:
      Merging cells $auto$equiv_make.cc:294:find_same_wires$5566 and $auto$equiv_make.cc:294:find_same_wires$5501.
      Merging cells $auto$equiv_make.cc:294:find_same_wires$4986 and $auto$equiv_make.cc:294:find_same_wires$4768.
    Fwd merging 4 $equiv cells (from group of 5) using strategy deduplicate:
      Merging cells $auto$equiv_make.cc:294:find_same_wires$5565 and $auto$equiv_make.cc:294:find_same_wires$5500.
      Merging cells $auto$equiv_make.cc:294:find_same_wires$4985 and $auto$equiv_make.cc:294:find_same_wires$4767.
    Fwd merging 4 $equiv cells (from group of 5) using strategy deduplicate:
      Merging cells $auto$equiv_make.cc:294:find_same_wires$5564 and $auto$equiv_make.cc:294:find_same_wires$5499.
      Merging cells $auto$equiv_make.cc:294:find_same_wires$4984 and $auto$equiv_make.cc:294:find_same_wires$4766.
    Fwd merging 4 $equiv cells (from group of 5) using strategy deduplicate:
      Merging cells $auto$equiv_make.cc:294:find_same_wires$5563 and $auto$equiv_make.cc:294:find_same_wires$5498.
      Merging cells $auto$equiv_make.cc:294:find_same_wires$4983 and $auto$equiv_make.cc:294:find_same_wires$4765.
    Fwd merging 4 $equiv cells (from group of 5) using strategy deduplicate:
      Merging cells $auto$equiv_make.cc:294:find_same_wires$5562 and $auto$equiv_make.cc:294:find_same_wires$5497.
      Merging cells $auto$equiv_make.cc:294:find_same_wires$4982 and $auto$equiv_make.cc:294:find_same_wires$4764.
    Fwd merging 4 $equiv cells (from group of 5) using strategy deduplicate:
      Merging cells $auto$equiv_make.cc:294:find_same_wires$5561 and $auto$equiv_make.cc:294:find_same_wires$5496.
      Merging cells $auto$equiv_make.cc:294:find_same_wires$4981 and $auto$equiv_make.cc:294:find_same_wires$4763.
    Fwd merging 4 $equiv cells (from group of 5) using strategy deduplicate:
      Merging cells $auto$equiv_make.cc:294:find_same_wires$5560 and $auto$equiv_make.cc:294:find_same_wires$5495.
      Merging cells $auto$equiv_make.cc:294:find_same_wires$4980 and $auto$equiv_make.cc:294:find_same_wires$4762.
    Fwd merging 4 $equiv cells (from group of 5) using strategy deduplicate:
      Merging cells $auto$equiv_make.cc:294:find_same_wires$5559 and $auto$equiv_make.cc:294:find_same_wires$5494.
      Merging cells $auto$equiv_make.cc:294:find_same_wires$4979 and $auto$equiv_make.cc:294:find_same_wires$4761.
    Fwd merging 4 $equiv cells (from group of 5) using strategy deduplicate:
      Merging cells $auto$equiv_make.cc:294:find_same_wires$5558 and $auto$equiv_make.cc:294:find_same_wires$5493.
      Merging cells $auto$equiv_make.cc:294:find_same_wires$4978 and $auto$equiv_make.cc:294:find_same_wires$4760.
    Fwd merging 4 $equiv cells (from group of 5) using strategy deduplicate:
      Merging cells $auto$equiv_make.cc:294:find_same_wires$5557 and $auto$equiv_make.cc:294:find_same_wires$5492.
      Merging cells $auto$equiv_make.cc:294:find_same_wires$4977 and $auto$equiv_make.cc:294:find_same_wires$4759.
    Fwd merging 4 $equiv cells (from group of 5) using strategy deduplicate:
      Merging cells $auto$equiv_make.cc:294:find_same_wires$5556 and $auto$equiv_make.cc:294:find_same_wires$5491.
      Merging cells $auto$equiv_make.cc:294:find_same_wires$4976 and $auto$equiv_make.cc:294:find_same_wires$4758.
    Fwd merging 4 $equiv cells (from group of 5) using strategy deduplicate:
      Merging cells $auto$equiv_make.cc:294:find_same_wires$5555 and $auto$equiv_make.cc:294:find_same_wires$5490.
      Merging cells $auto$equiv_make.cc:294:find_same_wires$4975 and $auto$equiv_make.cc:294:find_same_wires$4757.
    Fwd merging 4 $equiv cells (from group of 4) using strategy deduplicate:
      Merging cells $auto$equiv_make.cc:294:find_same_wires$5644 and $auto$equiv_make.cc:294:find_same_wires$5319.
      Merging cells $auto$equiv_make.cc:294:find_same_wires$4725 and $auto$equiv_make.cc:294:find_same_wires$4121.
    Fwd merging 4 $equiv cells (from group of 5) using strategy deduplicate:
      Merging cells $auto$equiv_make.cc:294:find_same_wires$5643 and $auto$equiv_make.cc:294:find_same_wires$5286.
      Merging cells $auto$equiv_make.cc:294:find_same_wires$4746 and $auto$equiv_make.cc:294:find_same_wires$4660.
    Fwd merging 4 $equiv cells (from group of 4) using strategy deduplicate:
      Merging cells $auto$equiv_make.cc:294:find_same_wires$5285 and $auto$equiv_make.cc:294:find_same_wires$4744.
      Merging cells $auto$equiv_make.cc:294:find_same_wires$4659 and $auto$equiv_make.cc:294:find_same_wires$4087.
    Fwd merging 4 $equiv cells (from group of 4) using strategy deduplicate:
      Merging cells $auto$equiv_make.cc:294:find_same_wires$5284 and $auto$equiv_make.cc:294:find_same_wires$4743.
      Merging cells $auto$equiv_make.cc:294:find_same_wires$4658 and $auto$equiv_make.cc:294:find_same_wires$4086.
    Fwd merging 4 $equiv cells (from group of 4) using strategy deduplicate:
      Merging cells $auto$equiv_make.cc:294:find_same_wires$5283 and $auto$equiv_make.cc:294:find_same_wires$4742.
      Merging cells $auto$equiv_make.cc:294:find_same_wires$4657 and $auto$equiv_make.cc:294:find_same_wires$4085.
    Fwd merging 4 $equiv cells (from group of 4) using strategy deduplicate:
      Merging cells $auto$equiv_make.cc:294:find_same_wires$5282 and $auto$equiv_make.cc:294:find_same_wires$4741.
      Merging cells $auto$equiv_make.cc:294:find_same_wires$4656 and $auto$equiv_make.cc:294:find_same_wires$4084.
    Fwd merging 4 $equiv cells (from group of 4) using strategy deduplicate:
      Merging cells $auto$equiv_make.cc:294:find_same_wires$5281 and $auto$equiv_make.cc:294:find_same_wires$4740.
      Merging cells $auto$equiv_make.cc:294:find_same_wires$4655 and $auto$equiv_make.cc:294:find_same_wires$4083.
    Fwd merging 4 $equiv cells (from group of 4) using strategy deduplicate:
      Merging cells $auto$equiv_make.cc:294:find_same_wires$5280 and $auto$equiv_make.cc:294:find_same_wires$4739.
      Merging cells $auto$equiv_make.cc:294:find_same_wires$4654 and $auto$equiv_make.cc:294:find_same_wires$4082.
    Fwd merging 4 $equiv cells (from group of 4) using strategy deduplicate:
      Merging cells $auto$equiv_make.cc:294:find_same_wires$5279 and $auto$equiv_make.cc:294:find_same_wires$4738.
      Merging cells $auto$equiv_make.cc:294:find_same_wires$4653 and $auto$equiv_make.cc:294:find_same_wires$4081.
    Fwd merging 4 $equiv cells (from group of 4) using strategy deduplicate:
      Merging cells $auto$equiv_make.cc:294:find_same_wires$5278 and $auto$equiv_make.cc:294:find_same_wires$4737.
      Merging cells $auto$equiv_make.cc:294:find_same_wires$4652 and $auto$equiv_make.cc:294:find_same_wires$4080.
    Fwd merging 4 $equiv cells (from group of 5) using strategy deduplicate:
      Merging cells $auto$equiv_make.cc:294:find_same_wires$5642 and $auto$equiv_make.cc:294:find_same_wires$5277.
      Merging cells $auto$equiv_make.cc:294:find_same_wires$4736 and $auto$equiv_make.cc:294:find_same_wires$4651.
    Fwd merging 4 $equiv cells (from group of 5) using strategy deduplicate:
      Merging cells $auto$equiv_make.cc:294:find_same_wires$5641 and $auto$equiv_make.cc:294:find_same_wires$5276.
      Merging cells $auto$equiv_make.cc:294:find_same_wires$4735 and $auto$equiv_make.cc:294:find_same_wires$4650.
    Fwd merging 4 $equiv cells (from group of 4) using strategy deduplicate:
      Merging cells $auto$equiv_make.cc:294:find_same_wires$5275 and $auto$equiv_make.cc:294:find_same_wires$4734.
      Merging cells $auto$equiv_make.cc:294:find_same_wires$4649 and $auto$equiv_make.cc:294:find_same_wires$4077.
    Fwd merging 4 $equiv cells (from group of 4) using strategy deduplicate:
      Merging cells $auto$equiv_make.cc:294:find_same_wires$5274 and $auto$equiv_make.cc:294:find_same_wires$4733.
      Merging cells $auto$equiv_make.cc:294:find_same_wires$4648 and $auto$equiv_make.cc:294:find_same_wires$4076.
    Fwd merging 4 $equiv cells (from group of 4) using strategy deduplicate:
      Merging cells $auto$equiv_make.cc:294:find_same_wires$5273 and $auto$equiv_make.cc:294:find_same_wires$4732.
      Merging cells $auto$equiv_make.cc:294:find_same_wires$4647 and $auto$equiv_make.cc:294:find_same_wires$4075.
    Fwd merging 4 $equiv cells (from group of 4) using strategy deduplicate:
      Merging cells $auto$equiv_make.cc:294:find_same_wires$5272 and $auto$equiv_make.cc:294:find_same_wires$4731.
      Merging cells $auto$equiv_make.cc:294:find_same_wires$4646 and $auto$equiv_make.cc:294:find_same_wires$4074.
    Fwd merging 4 $equiv cells (from group of 4) using strategy deduplicate:
      Merging cells $auto$equiv_make.cc:294:find_same_wires$5271 and $auto$equiv_make.cc:294:find_same_wires$4730.
      Merging cells $auto$equiv_make.cc:294:find_same_wires$4645 and $auto$equiv_make.cc:294:find_same_wires$4073.
    Fwd merging 4 $equiv cells (from group of 4) using strategy deduplicate:
      Merging cells $auto$equiv_make.cc:294:find_same_wires$5270 and $auto$equiv_make.cc:294:find_same_wires$4729.
      Merging cells $auto$equiv_make.cc:294:find_same_wires$4644 and $auto$equiv_make.cc:294:find_same_wires$4072.
    Fwd merging 4 $equiv cells (from group of 4) using strategy deduplicate:
      Merging cells $auto$equiv_make.cc:294:find_same_wires$5269 and $auto$equiv_make.cc:294:find_same_wires$4728.
      Merging cells $auto$equiv_make.cc:294:find_same_wires$4643 and $auto$equiv_make.cc:294:find_same_wires$4071.
    Fwd merging 4 $equiv cells (from group of 4) using strategy deduplicate:
      Merging cells $auto$equiv_make.cc:294:find_same_wires$5268 and $auto$equiv_make.cc:294:find_same_wires$4727.
      Merging cells $auto$equiv_make.cc:294:find_same_wires$4642 and $auto$equiv_make.cc:294:find_same_wires$4070.
    Fwd merging 4 $equiv cells (from group of 4) using strategy deduplicate:
      Merging cells $auto$equiv_make.cc:294:find_same_wires$5267 and $auto$equiv_make.cc:294:find_same_wires$4726.
      Merging cells $auto$equiv_make.cc:294:find_same_wires$4641 and $auto$equiv_make.cc:294:find_same_wires$4069.
    Fwd merging 4 $equiv cells (from group of 5) using strategy deduplicate:
      Merging cells $auto$equiv_make.cc:294:find_same_wires$5640 and $auto$equiv_make.cc:294:find_same_wires$5266.
      Merging cells $auto$equiv_make.cc:294:find_same_wires$4640 and $auto$equiv_make.cc:294:find_same_wires$4612.
    Fwd merging 4 $equiv cells (from group of 4) using strategy deduplicate:
      Merging cells $auto$equiv_make.cc:294:find_same_wires$5265 and $auto$equiv_make.cc:294:find_same_wires$4639.
      Merging cells $auto$equiv_make.cc:294:find_same_wires$4611 and $auto$equiv_make.cc:294:find_same_wires$4067.
    Fwd merging 4 $equiv cells (from group of 4) using strategy deduplicate:
      Merging cells $auto$equiv_make.cc:294:find_same_wires$5264 and $auto$equiv_make.cc:294:find_same_wires$4638.
      Merging cells $auto$equiv_make.cc:294:find_same_wires$4610 and $auto$equiv_make.cc:294:find_same_wires$4066.
    Fwd merging 4 $equiv cells (from group of 4) using strategy deduplicate:
      Merging cells $auto$equiv_make.cc:294:find_same_wires$5263 and $auto$equiv_make.cc:294:find_same_wires$4637.
      Merging cells $auto$equiv_make.cc:294:find_same_wires$4609 and $auto$equiv_make.cc:294:find_same_wires$4065.
    Fwd merging 4 $equiv cells (from group of 4) using strategy deduplicate:
      Merging cells $auto$equiv_make.cc:294:find_same_wires$5262 and $auto$equiv_make.cc:294:find_same_wires$4636.
      Merging cells $auto$equiv_make.cc:294:find_same_wires$4608 and $auto$equiv_make.cc:294:find_same_wires$4064.
    Fwd merging 4 $equiv cells (from group of 4) using strategy deduplicate:
      Merging cells $auto$equiv_make.cc:294:find_same_wires$5261 and $auto$equiv_make.cc:294:find_same_wires$4635.
      Merging cells $auto$equiv_make.cc:294:find_same_wires$4607 and $auto$equiv_make.cc:294:find_same_wires$4063.
    Fwd merging 4 $equiv cells (from group of 4) using strategy deduplicate:
      Merging cells $auto$equiv_make.cc:294:find_same_wires$5260 and $auto$equiv_make.cc:294:find_same_wires$4634.
      Merging cells $auto$equiv_make.cc:294:find_same_wires$4606 and $auto$equiv_make.cc:294:find_same_wires$4062.
    Fwd merging 4 $equiv cells (from group of 4) using strategy deduplicate:
      Merging cells $auto$equiv_make.cc:294:find_same_wires$5259 and $auto$equiv_make.cc:294:find_same_wires$4633.
      Merging cells $auto$equiv_make.cc:294:find_same_wires$4605 and $auto$equiv_make.cc:294:find_same_wires$4061.
    Fwd merging 4 $equiv cells (from group of 4) using strategy deduplicate:
      Merging cells $auto$equiv_make.cc:294:find_same_wires$5258 and $auto$equiv_make.cc:294:find_same_wires$4632.
      Merging cells $auto$equiv_make.cc:294:find_same_wires$4604 and $auto$equiv_make.cc:294:find_same_wires$4060.
    Fwd merging 2 $equiv cells (from group of 2) using strategy deduplicate:
      Merging cells $auto$equiv_make.cc:294:find_same_wires$4595 and $auto$equiv_make.cc:294:find_same_wires$4594.
    Fwd merging 4 $equiv cells (from group of 4) using strategy deduplicate:
      Merging cells $auto$equiv_make.cc:294:find_same_wires$5240 and $auto$equiv_make.cc:294:find_same_wires$4630.
      Merging cells $auto$equiv_make.cc:294:find_same_wires$4340 and $auto$equiv_make.cc:294:find_same_wires$4042.
    Fwd merging 4 $equiv cells (from group of 4) using strategy deduplicate:
      Merging cells $auto$equiv_make.cc:294:find_same_wires$5239 and $auto$equiv_make.cc:294:find_same_wires$4629.
      Merging cells $auto$equiv_make.cc:294:find_same_wires$4339 and $auto$equiv_make.cc:294:find_same_wires$4041.
    Fwd merging 4 $equiv cells (from group of 4) using strategy deduplicate:
      Merging cells $auto$equiv_make.cc:294:find_same_wires$5238 and $auto$equiv_make.cc:294:find_same_wires$4628.
      Merging cells $auto$equiv_make.cc:294:find_same_wires$4338 and $auto$equiv_make.cc:294:find_same_wires$4040.
    Fwd merging 4 $equiv cells (from group of 4) using strategy deduplicate:
      Merging cells $auto$equiv_make.cc:294:find_same_wires$5237 and $auto$equiv_make.cc:294:find_same_wires$4627.
      Merging cells $auto$equiv_make.cc:294:find_same_wires$4337 and $auto$equiv_make.cc:294:find_same_wires$4039.
    Fwd merging 4 $equiv cells (from group of 4) using strategy deduplicate:
      Merging cells $auto$equiv_make.cc:294:find_same_wires$5236 and $auto$equiv_make.cc:294:find_same_wires$4626.
      Merging cells $auto$equiv_make.cc:294:find_same_wires$4336 and $auto$equiv_make.cc:294:find_same_wires$4038.
    Fwd merging 4 $equiv cells (from group of 4) using strategy deduplicate:
      Merging cells $auto$equiv_make.cc:294:find_same_wires$5235 and $auto$equiv_make.cc:294:find_same_wires$4625.
      Merging cells $auto$equiv_make.cc:294:find_same_wires$4335 and $auto$equiv_make.cc:294:find_same_wires$4037.
    Fwd merging 4 $equiv cells (from group of 4) using strategy deduplicate:
      Merging cells $auto$equiv_make.cc:294:find_same_wires$5234 and $auto$equiv_make.cc:294:find_same_wires$4624.
      Merging cells $auto$equiv_make.cc:294:find_same_wires$4334 and $auto$equiv_make.cc:294:find_same_wires$4036.
    Fwd merging 4 $equiv cells (from group of 4) using strategy deduplicate:
      Merging cells $auto$equiv_make.cc:294:find_same_wires$5233 and $auto$equiv_make.cc:294:find_same_wires$4623.
      Merging cells $auto$equiv_make.cc:294:find_same_wires$4333 and $auto$equiv_make.cc:294:find_same_wires$4035.
    Fwd merging 4 $equiv cells (from group of 4) using strategy deduplicate:
      Merging cells $auto$equiv_make.cc:294:find_same_wires$5232 and $auto$equiv_make.cc:294:find_same_wires$4622.
      Merging cells $auto$equiv_make.cc:294:find_same_wires$4332 and $auto$equiv_make.cc:294:find_same_wires$4034.
    Fwd merging 4 $equiv cells (from group of 4) using strategy deduplicate:
      Merging cells $auto$equiv_make.cc:294:find_same_wires$5231 and $auto$equiv_make.cc:294:find_same_wires$4621.
      Merging cells $auto$equiv_make.cc:294:find_same_wires$4331 and $auto$equiv_make.cc:294:find_same_wires$4033.
    Fwd merging 4 $equiv cells (from group of 4) using strategy deduplicate:
      Merging cells $auto$equiv_make.cc:294:find_same_wires$5230 and $auto$equiv_make.cc:294:find_same_wires$4620.
      Merging cells $auto$equiv_make.cc:294:find_same_wires$4330 and $auto$equiv_make.cc:294:find_same_wires$4032.
    Fwd merging 4 $equiv cells (from group of 4) using strategy deduplicate:
      Merging cells $auto$equiv_make.cc:294:find_same_wires$5229 and $auto$equiv_make.cc:294:find_same_wires$4619.
      Merging cells $auto$equiv_make.cc:294:find_same_wires$4329 and $auto$equiv_make.cc:294:find_same_wires$4031.
    Fwd merging 4 $equiv cells (from group of 4) using strategy deduplicate:
      Merging cells $auto$equiv_make.cc:294:find_same_wires$5228 and $auto$equiv_make.cc:294:find_same_wires$4618.
      Merging cells $auto$equiv_make.cc:294:find_same_wires$4328 and $auto$equiv_make.cc:294:find_same_wires$4030.
    Fwd merging 4 $equiv cells (from group of 4) using strategy deduplicate:
      Merging cells $auto$equiv_make.cc:294:find_same_wires$5227 and $auto$equiv_make.cc:294:find_same_wires$4617.
      Merging cells $auto$equiv_make.cc:294:find_same_wires$4327 and $auto$equiv_make.cc:294:find_same_wires$4029.
    Fwd merging 4 $equiv cells (from group of 4) using strategy deduplicate:
      Merging cells $auto$equiv_make.cc:294:find_same_wires$5226 and $auto$equiv_make.cc:294:find_same_wires$4616.
      Merging cells $auto$equiv_make.cc:294:find_same_wires$4326 and $auto$equiv_make.cc:294:find_same_wires$4028.
    Fwd merging 4 $equiv cells (from group of 4) using strategy deduplicate:
      Merging cells $auto$equiv_make.cc:294:find_same_wires$5225 and $auto$equiv_make.cc:294:find_same_wires$4615.
      Merging cells $auto$equiv_make.cc:294:find_same_wires$4325 and $auto$equiv_make.cc:294:find_same_wires$4027.
    Fwd merging 4 $equiv cells (from group of 5) using strategy deduplicate:
      Merging cells $auto$equiv_make.cc:294:find_same_wires$5622 and $auto$equiv_make.cc:294:find_same_wires$5223.
      Merging cells $auto$equiv_make.cc:294:find_same_wires$4613 and $auto$equiv_make.cc:294:find_same_wires$4323.
    Fwd merging 4 $equiv cells (from group of 4) using strategy deduplicate:
      Merging cells $auto$equiv_make.cc:294:find_same_wires$5587 and $auto$equiv_make.cc:294:find_same_wires$4972.
      Merging cells $auto$equiv_make.cc:294:find_same_wires$4305 and $auto$equiv_make.cc:294:find_same_wires$3841.
    Fwd merging 4 $equiv cells (from group of 5) using strategy deduplicate:
      Merging cells $auto$equiv_make.cc:294:find_same_wires$5189 and $auto$equiv_make.cc:294:find_same_wires$4971.
      Merging cells $auto$equiv_make.cc:294:find_same_wires$4716 and $auto$equiv_make.cc:294:find_same_wires$4304.
    Fwd merging 4 $equiv cells (from group of 5) using strategy deduplicate:
      Merging cells $auto$equiv_make.cc:294:find_same_wires$5188 and $auto$equiv_make.cc:294:find_same_wires$4970.
      Merging cells $auto$equiv_make.cc:294:find_same_wires$4715 and $auto$equiv_make.cc:294:find_same_wires$4303.
    Fwd merging 4 $equiv cells (from group of 5) using strategy deduplicate:
      Merging cells $auto$equiv_make.cc:294:find_same_wires$5187 and $auto$equiv_make.cc:294:find_same_wires$4969.
      Merging cells $auto$equiv_make.cc:294:find_same_wires$4714 and $auto$equiv_make.cc:294:find_same_wires$4302.
    Fwd merging 4 $equiv cells (from group of 5) using strategy deduplicate:
      Merging cells $auto$equiv_make.cc:294:find_same_wires$5186 and $auto$equiv_make.cc:294:find_same_wires$4968.
      Merging cells $auto$equiv_make.cc:294:find_same_wires$4713 and $auto$equiv_make.cc:294:find_same_wires$4301.
    Fwd merging 4 $equiv cells (from group of 5) using strategy deduplicate:
      Merging cells $auto$equiv_make.cc:294:find_same_wires$5185 and $auto$equiv_make.cc:294:find_same_wires$4967.
      Merging cells $auto$equiv_make.cc:294:find_same_wires$4712 and $auto$equiv_make.cc:294:find_same_wires$4300.
    Fwd merging 4 $equiv cells (from group of 5) using strategy deduplicate:
      Merging cells $auto$equiv_make.cc:294:find_same_wires$5184 and $auto$equiv_make.cc:294:find_same_wires$4966.
      Merging cells $auto$equiv_make.cc:294:find_same_wires$4711 and $auto$equiv_make.cc:294:find_same_wires$4299.
    Fwd merging 4 $equiv cells (from group of 5) using strategy deduplicate:
      Merging cells $auto$equiv_make.cc:294:find_same_wires$5183 and $auto$equiv_make.cc:294:find_same_wires$4965.
      Merging cells $auto$equiv_make.cc:294:find_same_wires$4710 and $auto$equiv_make.cc:294:find_same_wires$4298.
    Fwd merging 4 $equiv cells (from group of 5) using strategy deduplicate:
      Merging cells $auto$equiv_make.cc:294:find_same_wires$5182 and $auto$equiv_make.cc:294:find_same_wires$4964.
      Merging cells $auto$equiv_make.cc:294:find_same_wires$4709 and $auto$equiv_make.cc:294:find_same_wires$4297.
    Fwd merging 4 $equiv cells (from group of 5) using strategy deduplicate:
      Merging cells $auto$equiv_make.cc:294:find_same_wires$5181 and $auto$equiv_make.cc:294:find_same_wires$4963.
      Merging cells $auto$equiv_make.cc:294:find_same_wires$4708 and $auto$equiv_make.cc:294:find_same_wires$4296.
    Fwd merging 4 $equiv cells (from group of 5) using strategy deduplicate:
      Merging cells $auto$equiv_make.cc:294:find_same_wires$5180 and $auto$equiv_make.cc:294:find_same_wires$4962.
      Merging cells $auto$equiv_make.cc:294:find_same_wires$4707 and $auto$equiv_make.cc:294:find_same_wires$4295.
    Fwd merging 4 $equiv cells (from group of 5) using strategy deduplicate:
      Merging cells $auto$equiv_make.cc:294:find_same_wires$5179 and $auto$equiv_make.cc:294:find_same_wires$4961.
      Merging cells $auto$equiv_make.cc:294:find_same_wires$4706 and $auto$equiv_make.cc:294:find_same_wires$4294.
    Fwd merging 4 $equiv cells (from group of 5) using strategy deduplicate:
      Merging cells $auto$equiv_make.cc:294:find_same_wires$5178 and $auto$equiv_make.cc:294:find_same_wires$4960.
      Merging cells $auto$equiv_make.cc:294:find_same_wires$4705 and $auto$equiv_make.cc:294:find_same_wires$4293.
    Fwd merging 4 $equiv cells (from group of 5) using strategy deduplicate:
      Merging cells $auto$equiv_make.cc:294:find_same_wires$5177 and $auto$equiv_make.cc:294:find_same_wires$4959.
      Merging cells $auto$equiv_make.cc:294:find_same_wires$4704 and $auto$equiv_make.cc:294:find_same_wires$4292.
    Fwd merging 4 $equiv cells (from group of 5) using strategy deduplicate:
      Merging cells $auto$equiv_make.cc:294:find_same_wires$5176 and $auto$equiv_make.cc:294:find_same_wires$4958.
      Merging cells $auto$equiv_make.cc:294:find_same_wires$4703 and $auto$equiv_make.cc:294:find_same_wires$4291.
    Fwd merging 4 $equiv cells (from group of 5) using strategy deduplicate:
      Merging cells $auto$equiv_make.cc:294:find_same_wires$5175 and $auto$equiv_make.cc:294:find_same_wires$4957.
      Merging cells $auto$equiv_make.cc:294:find_same_wires$4702 and $auto$equiv_make.cc:294:find_same_wires$4290.
    Fwd merging 4 $equiv cells (from group of 5) using strategy deduplicate:
      Merging cells $auto$equiv_make.cc:294:find_same_wires$5174 and $auto$equiv_make.cc:294:find_same_wires$4956.
      Merging cells $auto$equiv_make.cc:294:find_same_wires$4701 and $auto$equiv_make.cc:294:find_same_wires$4289.
    Fwd merging 4 $equiv cells (from group of 5) using strategy deduplicate:
      Merging cells $auto$equiv_make.cc:294:find_same_wires$5173 and $auto$equiv_make.cc:294:find_same_wires$4955.
      Merging cells $auto$equiv_make.cc:294:find_same_wires$4700 and $auto$equiv_make.cc:294:find_same_wires$4288.
    Fwd merging 4 $equiv cells (from group of 5) using strategy deduplicate:
      Merging cells $auto$equiv_make.cc:294:find_same_wires$5172 and $auto$equiv_make.cc:294:find_same_wires$4954.
      Merging cells $auto$equiv_make.cc:294:find_same_wires$4699 and $auto$equiv_make.cc:294:find_same_wires$4287.
    Fwd merging 4 $equiv cells (from group of 5) using strategy deduplicate:
      Merging cells $auto$equiv_make.cc:294:find_same_wires$5171 and $auto$equiv_make.cc:294:find_same_wires$4953.
      Merging cells $auto$equiv_make.cc:294:find_same_wires$4698 and $auto$equiv_make.cc:294:find_same_wires$4286.
    Fwd merging 4 $equiv cells (from group of 5) using strategy deduplicate:
      Merging cells $auto$equiv_make.cc:294:find_same_wires$5170 and $auto$equiv_make.cc:294:find_same_wires$4952.
      Merging cells $auto$equiv_make.cc:294:find_same_wires$4697 and $auto$equiv_make.cc:294:find_same_wires$4285.
    Fwd merging 4 $equiv cells (from group of 5) using strategy deduplicate:
      Merging cells $auto$equiv_make.cc:294:find_same_wires$5169 and $auto$equiv_make.cc:294:find_same_wires$4951.
      Merging cells $auto$equiv_make.cc:294:find_same_wires$4696 and $auto$equiv_make.cc:294:find_same_wires$4284.
    Fwd merging 4 $equiv cells (from group of 5) using strategy deduplicate:
      Merging cells $auto$equiv_make.cc:294:find_same_wires$5168 and $auto$equiv_make.cc:294:find_same_wires$4950.
      Merging cells $auto$equiv_make.cc:294:find_same_wires$4695 and $auto$equiv_make.cc:294:find_same_wires$4283.
    Fwd merging 4 $equiv cells (from group of 5) using strategy deduplicate:
      Merging cells $auto$equiv_make.cc:294:find_same_wires$5167 and $auto$equiv_make.cc:294:find_same_wires$4949.
      Merging cells $auto$equiv_make.cc:294:find_same_wires$4694 and $auto$equiv_make.cc:294:find_same_wires$4282.
    Fwd merging 4 $equiv cells (from group of 5) using strategy deduplicate:
      Merging cells $auto$equiv_make.cc:294:find_same_wires$5166 and $auto$equiv_make.cc:294:find_same_wires$4948.
      Merging cells $auto$equiv_make.cc:294:find_same_wires$4693 and $auto$equiv_make.cc:294:find_same_wires$4281.
    Fwd merging 4 $equiv cells (from group of 5) using strategy deduplicate:
      Merging cells $auto$equiv_make.cc:294:find_same_wires$5165 and $auto$equiv_make.cc:294:find_same_wires$4947.
      Merging cells $auto$equiv_make.cc:294:find_same_wires$4692 and $auto$equiv_make.cc:294:find_same_wires$4280.
    Fwd merging 4 $equiv cells (from group of 5) using strategy deduplicate:
      Merging cells $auto$equiv_make.cc:294:find_same_wires$5164 and $auto$equiv_make.cc:294:find_same_wires$4946.
      Merging cells $auto$equiv_make.cc:294:find_same_wires$4691 and $auto$equiv_make.cc:294:find_same_wires$4279.
    Fwd merging 4 $equiv cells (from group of 5) using strategy deduplicate:
      Merging cells $auto$equiv_make.cc:294:find_same_wires$5163 and $auto$equiv_make.cc:294:find_same_wires$4945.
      Merging cells $auto$equiv_make.cc:294:find_same_wires$4690 and $auto$equiv_make.cc:294:find_same_wires$4278.
    Fwd merging 4 $equiv cells (from group of 5) using strategy deduplicate:
      Merging cells $auto$equiv_make.cc:294:find_same_wires$5162 and $auto$equiv_make.cc:294:find_same_wires$4944.
      Merging cells $auto$equiv_make.cc:294:find_same_wires$4689 and $auto$equiv_make.cc:294:find_same_wires$4277.
    Fwd merging 4 $equiv cells (from group of 5) using strategy deduplicate:
      Merging cells $auto$equiv_make.cc:294:find_same_wires$5161 and $auto$equiv_make.cc:294:find_same_wires$4943.
      Merging cells $auto$equiv_make.cc:294:find_same_wires$4688 and $auto$equiv_make.cc:294:find_same_wires$4276.
    Fwd merging 4 $equiv cells (from group of 5) using strategy deduplicate:
      Merging cells $auto$equiv_make.cc:294:find_same_wires$5160 and $auto$equiv_make.cc:294:find_same_wires$4942.
      Merging cells $auto$equiv_make.cc:294:find_same_wires$4687 and $auto$equiv_make.cc:294:find_same_wires$4275.
    Fwd merging 4 $equiv cells (from group of 5) using strategy deduplicate:
      Merging cells $auto$equiv_make.cc:294:find_same_wires$5159 and $auto$equiv_make.cc:294:find_same_wires$4941.
      Merging cells $auto$equiv_make.cc:294:find_same_wires$4686 and $auto$equiv_make.cc:294:find_same_wires$4274.
    Fwd merging 4 $equiv cells (from group of 5) using strategy deduplicate:
      Merging cells $auto$equiv_make.cc:294:find_same_wires$5158 and $auto$equiv_make.cc:294:find_same_wires$4940.
      Merging cells $auto$equiv_make.cc:294:find_same_wires$4685 and $auto$equiv_make.cc:294:find_same_wires$4273.
    Fwd merging 4 $equiv cells (from group of 4) using strategy deduplicate:
      Merging cells $auto$equiv_make.cc:294:find_same_wires$5157 and $auto$equiv_make.cc:294:find_same_wires$4939.
      Merging cells $auto$equiv_make.cc:294:find_same_wires$4272 and $auto$equiv_make.cc:294:find_same_wires$3808.
    Fwd merging 4 $equiv cells (from group of 4) using strategy deduplicate:
      Merging cells $auto$equiv_make.cc:294:find_same_wires$5156 and $auto$equiv_make.cc:294:find_same_wires$4938.
      Merging cells $auto$equiv_make.cc:294:find_same_wires$4271 and $auto$equiv_make.cc:294:find_same_wires$3807.
    Fwd merging 4 $equiv cells (from group of 4) using strategy deduplicate:
      Merging cells $auto$equiv_make.cc:294:find_same_wires$5155 and $auto$equiv_make.cc:294:find_same_wires$4937.
      Merging cells $auto$equiv_make.cc:294:find_same_wires$4270 and $auto$equiv_make.cc:294:find_same_wires$3806.
    Fwd merging 4 $equiv cells (from group of 4) using strategy deduplicate:
      Merging cells $auto$equiv_make.cc:294:find_same_wires$5154 and $auto$equiv_make.cc:294:find_same_wires$4936.
      Merging cells $auto$equiv_make.cc:294:find_same_wires$4269 and $auto$equiv_make.cc:294:find_same_wires$3805.
    Fwd merging 4 $equiv cells (from group of 4) using strategy deduplicate:
      Merging cells $auto$equiv_make.cc:294:find_same_wires$5153 and $auto$equiv_make.cc:294:find_same_wires$4935.
      Merging cells $auto$equiv_make.cc:294:find_same_wires$4268 and $auto$equiv_make.cc:294:find_same_wires$3804.
    Fwd merging 4 $equiv cells (from group of 4) using strategy deduplicate:
      Merging cells $auto$equiv_make.cc:294:find_same_wires$5152 and $auto$equiv_make.cc:294:find_same_wires$4934.
      Merging cells $auto$equiv_make.cc:294:find_same_wires$4267 and $auto$equiv_make.cc:294:find_same_wires$3803.
    Fwd merging 4 $equiv cells (from group of 4) using strategy deduplicate:
      Merging cells $auto$equiv_make.cc:294:find_same_wires$5151 and $auto$equiv_make.cc:294:find_same_wires$4933.
      Merging cells $auto$equiv_make.cc:294:find_same_wires$4266 and $auto$equiv_make.cc:294:find_same_wires$3802.
    Fwd merging 4 $equiv cells (from group of 4) using strategy deduplicate:
      Merging cells $auto$equiv_make.cc:294:find_same_wires$5150 and $auto$equiv_make.cc:294:find_same_wires$4932.
      Merging cells $auto$equiv_make.cc:294:find_same_wires$4265 and $auto$equiv_make.cc:294:find_same_wires$3801.
    Fwd merging 4 $equiv cells (from group of 4) using strategy deduplicate:
      Merging cells $auto$equiv_make.cc:294:find_same_wires$5149 and $auto$equiv_make.cc:294:find_same_wires$4931.
      Merging cells $auto$equiv_make.cc:294:find_same_wires$4264 and $auto$equiv_make.cc:294:find_same_wires$3800.
    Fwd merging 4 $equiv cells (from group of 4) using strategy deduplicate:
      Merging cells $auto$equiv_make.cc:294:find_same_wires$5148 and $auto$equiv_make.cc:294:find_same_wires$4930.
      Merging cells $auto$equiv_make.cc:294:find_same_wires$4263 and $auto$equiv_make.cc:294:find_same_wires$3799.
    Fwd merging 4 $equiv cells (from group of 4) using strategy deduplicate:
      Merging cells $auto$equiv_make.cc:294:find_same_wires$5147 and $auto$equiv_make.cc:294:find_same_wires$4929.
      Merging cells $auto$equiv_make.cc:294:find_same_wires$4262 and $auto$equiv_make.cc:294:find_same_wires$3798.
    Fwd merging 4 $equiv cells (from group of 4) using strategy deduplicate:
      Merging cells $auto$equiv_make.cc:294:find_same_wires$5146 and $auto$equiv_make.cc:294:find_same_wires$4928.
      Merging cells $auto$equiv_make.cc:294:find_same_wires$4261 and $auto$equiv_make.cc:294:find_same_wires$3797.
    Fwd merging 4 $equiv cells (from group of 4) using strategy deduplicate:
      Merging cells $auto$equiv_make.cc:294:find_same_wires$5145 and $auto$equiv_make.cc:294:find_same_wires$4927.
      Merging cells $auto$equiv_make.cc:294:find_same_wires$4260 and $auto$equiv_make.cc:294:find_same_wires$3796.
    Fwd merging 4 $equiv cells (from group of 4) using strategy deduplicate:
      Merging cells $auto$equiv_make.cc:294:find_same_wires$5144 and $auto$equiv_make.cc:294:find_same_wires$4926.
      Merging cells $auto$equiv_make.cc:294:find_same_wires$4259 and $auto$equiv_make.cc:294:find_same_wires$3795.
    Fwd merging 4 $equiv cells (from group of 4) using strategy deduplicate:
      Merging cells $auto$equiv_make.cc:294:find_same_wires$5143 and $auto$equiv_make.cc:294:find_same_wires$4925.
      Merging cells $auto$equiv_make.cc:294:find_same_wires$4258 and $auto$equiv_make.cc:294:find_same_wires$3794.
    Fwd merging 4 $equiv cells (from group of 4) using strategy deduplicate:
      Merging cells $auto$equiv_make.cc:294:find_same_wires$5142 and $auto$equiv_make.cc:294:find_same_wires$4924.
      Merging cells $auto$equiv_make.cc:294:find_same_wires$4257 and $auto$equiv_make.cc:294:find_same_wires$3793.
    Fwd merging 4 $equiv cells (from group of 4) using strategy deduplicate:
      Merging cells $auto$equiv_make.cc:294:find_same_wires$5141 and $auto$equiv_make.cc:294:find_same_wires$4923.
      Merging cells $auto$equiv_make.cc:294:find_same_wires$4256 and $auto$equiv_make.cc:294:find_same_wires$3792.
    Fwd merging 4 $equiv cells (from group of 4) using strategy deduplicate:
      Merging cells $auto$equiv_make.cc:294:find_same_wires$5140 and $auto$equiv_make.cc:294:find_same_wires$4922.
      Merging cells $auto$equiv_make.cc:294:find_same_wires$4255 and $auto$equiv_make.cc:294:find_same_wires$3791.
    Fwd merging 4 $equiv cells (from group of 4) using strategy deduplicate:
      Merging cells $auto$equiv_make.cc:294:find_same_wires$5139 and $auto$equiv_make.cc:294:find_same_wires$4921.
      Merging cells $auto$equiv_make.cc:294:find_same_wires$4254 and $auto$equiv_make.cc:294:find_same_wires$3790.
    Fwd merging 4 $equiv cells (from group of 4) using strategy deduplicate:
      Merging cells $auto$equiv_make.cc:294:find_same_wires$5138 and $auto$equiv_make.cc:294:find_same_wires$4920.
      Merging cells $auto$equiv_make.cc:294:find_same_wires$4253 and $auto$equiv_make.cc:294:find_same_wires$3789.
    Fwd merging 4 $equiv cells (from group of 4) using strategy deduplicate:
      Merging cells $auto$equiv_make.cc:294:find_same_wires$5137 and $auto$equiv_make.cc:294:find_same_wires$4919.
      Merging cells $auto$equiv_make.cc:294:find_same_wires$4252 and $auto$equiv_make.cc:294:find_same_wires$3788.
    Fwd merging 4 $equiv cells (from group of 4) using strategy deduplicate:
      Merging cells $auto$equiv_make.cc:294:find_same_wires$5136 and $auto$equiv_make.cc:294:find_same_wires$4918.
      Merging cells $auto$equiv_make.cc:294:find_same_wires$4251 and $auto$equiv_make.cc:294:find_same_wires$3787.
    Fwd merging 4 $equiv cells (from group of 4) using strategy deduplicate:
      Merging cells $auto$equiv_make.cc:294:find_same_wires$5135 and $auto$equiv_make.cc:294:find_same_wires$4917.
      Merging cells $auto$equiv_make.cc:294:find_same_wires$4250 and $auto$equiv_make.cc:294:find_same_wires$3786.
    Fwd merging 4 $equiv cells (from group of 4) using strategy deduplicate:
      Merging cells $auto$equiv_make.cc:294:find_same_wires$5134 and $auto$equiv_make.cc:294:find_same_wires$4916.
      Merging cells $auto$equiv_make.cc:294:find_same_wires$4249 and $auto$equiv_make.cc:294:find_same_wires$3785.
    Fwd merging 4 $equiv cells (from group of 4) using strategy deduplicate:
      Merging cells $auto$equiv_make.cc:294:find_same_wires$5133 and $auto$equiv_make.cc:294:find_same_wires$4915.
      Merging cells $auto$equiv_make.cc:294:find_same_wires$4248 and $auto$equiv_make.cc:294:find_same_wires$3784.
    Fwd merging 4 $equiv cells (from group of 4) using strategy deduplicate:
      Merging cells $auto$equiv_make.cc:294:find_same_wires$5132 and $auto$equiv_make.cc:294:find_same_wires$4914.
      Merging cells $auto$equiv_make.cc:294:find_same_wires$4247 and $auto$equiv_make.cc:294:find_same_wires$3783.
    Fwd merging 4 $equiv cells (from group of 4) using strategy deduplicate:
      Merging cells $auto$equiv_make.cc:294:find_same_wires$5131 and $auto$equiv_make.cc:294:find_same_wires$4913.
      Merging cells $auto$equiv_make.cc:294:find_same_wires$4246 and $auto$equiv_make.cc:294:find_same_wires$3782.
    Fwd merging 4 $equiv cells (from group of 4) using strategy deduplicate:
      Merging cells $auto$equiv_make.cc:294:find_same_wires$5130 and $auto$equiv_make.cc:294:find_same_wires$4912.
      Merging cells $auto$equiv_make.cc:294:find_same_wires$4245 and $auto$equiv_make.cc:294:find_same_wires$3781.
    Fwd merging 4 $equiv cells (from group of 4) using strategy deduplicate:
      Merging cells $auto$equiv_make.cc:294:find_same_wires$5129 and $auto$equiv_make.cc:294:find_same_wires$4911.
      Merging cells $auto$equiv_make.cc:294:find_same_wires$4244 and $auto$equiv_make.cc:294:find_same_wires$3780.
    Fwd merging 4 $equiv cells (from group of 4) using strategy deduplicate:
      Merging cells $auto$equiv_make.cc:294:find_same_wires$5128 and $auto$equiv_make.cc:294:find_same_wires$4910.
      Merging cells $auto$equiv_make.cc:294:find_same_wires$4243 and $auto$equiv_make.cc:294:find_same_wires$3779.
    Fwd merging 4 $equiv cells (from group of 4) using strategy deduplicate:
      Merging cells $auto$equiv_make.cc:294:find_same_wires$5127 and $auto$equiv_make.cc:294:find_same_wires$4909.
      Merging cells $auto$equiv_make.cc:294:find_same_wires$4242 and $auto$equiv_make.cc:294:find_same_wires$3778.
    Fwd merging 4 $equiv cells (from group of 4) using strategy deduplicate:
      Merging cells $auto$equiv_make.cc:294:find_same_wires$5126 and $auto$equiv_make.cc:294:find_same_wires$4908.
      Merging cells $auto$equiv_make.cc:294:find_same_wires$4241 and $auto$equiv_make.cc:294:find_same_wires$3777.
    Fwd merging 4 $equiv cells (from group of 4) using strategy deduplicate:
      Merging cells $auto$equiv_make.cc:294:find_same_wires$5125 and $auto$equiv_make.cc:294:find_same_wires$4907.
      Merging cells $auto$equiv_make.cc:294:find_same_wires$4240 and $auto$equiv_make.cc:294:find_same_wires$3776.
    Fwd merging 4 $equiv cells (from group of 4) using strategy deduplicate:
      Merging cells $auto$equiv_make.cc:294:find_same_wires$5124 and $auto$equiv_make.cc:294:find_same_wires$4906.
      Merging cells $auto$equiv_make.cc:294:find_same_wires$4239 and $auto$equiv_make.cc:294:find_same_wires$3775.
    Fwd merging 4 $equiv cells (from group of 4) using strategy deduplicate:
      Merging cells $auto$equiv_make.cc:294:find_same_wires$5123 and $auto$equiv_make.cc:294:find_same_wires$4905.
      Merging cells $auto$equiv_make.cc:294:find_same_wires$4238 and $auto$equiv_make.cc:294:find_same_wires$3774.
    Fwd merging 4 $equiv cells (from group of 4) using strategy deduplicate:
      Merging cells $auto$equiv_make.cc:294:find_same_wires$5122 and $auto$equiv_make.cc:294:find_same_wires$4904.
      Merging cells $auto$equiv_make.cc:294:find_same_wires$4237 and $auto$equiv_make.cc:294:find_same_wires$3773.
    Fwd merging 4 $equiv cells (from group of 4) using strategy deduplicate:
      Merging cells $auto$equiv_make.cc:294:find_same_wires$5121 and $auto$equiv_make.cc:294:find_same_wires$4903.
      Merging cells $auto$equiv_make.cc:294:find_same_wires$4236 and $auto$equiv_make.cc:294:find_same_wires$3772.
    Fwd merging 4 $equiv cells (from group of 4) using strategy deduplicate:
      Merging cells $auto$equiv_make.cc:294:find_same_wires$5120 and $auto$equiv_make.cc:294:find_same_wires$4902.
      Merging cells $auto$equiv_make.cc:294:find_same_wires$4235 and $auto$equiv_make.cc:294:find_same_wires$3771.
    Fwd merging 4 $equiv cells (from group of 4) using strategy deduplicate:
      Merging cells $auto$equiv_make.cc:294:find_same_wires$5119 and $auto$equiv_make.cc:294:find_same_wires$4901.
      Merging cells $auto$equiv_make.cc:294:find_same_wires$4234 and $auto$equiv_make.cc:294:find_same_wires$3770.
    Fwd merging 4 $equiv cells (from group of 4) using strategy deduplicate:
      Merging cells $auto$equiv_make.cc:294:find_same_wires$5118 and $auto$equiv_make.cc:294:find_same_wires$4900.
      Merging cells $auto$equiv_make.cc:294:find_same_wires$4233 and $auto$equiv_make.cc:294:find_same_wires$3769.
    Fwd merging 4 $equiv cells (from group of 5) using strategy deduplicate:
      Merging cells $auto$equiv_make.cc:294:find_same_wires$5117 and $auto$equiv_make.cc:294:find_same_wires$4899.
      Merging cells $auto$equiv_make.cc:294:find_same_wires$4342 and $auto$equiv_make.cc:294:find_same_wires$4232.
    Fwd merging 4 $equiv cells (from group of 5) using strategy deduplicate:
      Merging cells $auto$equiv_make.cc:294:find_same_wires$5116 and $auto$equiv_make.cc:294:find_same_wires$4898.
      Merging cells $auto$equiv_make.cc:294:find_same_wires$4668 and $auto$equiv_make.cc:294:find_same_wires$4231.
    Fwd merging 4 $equiv cells (from group of 5) using strategy deduplicate:
      Merging cells $auto$equiv_make.cc:294:find_same_wires$5115 and $auto$equiv_make.cc:294:find_same_wires$4897.
      Merging cells $auto$equiv_make.cc:294:find_same_wires$4667 and $auto$equiv_make.cc:294:find_same_wires$4230.
    Fwd merging 4 $equiv cells (from group of 5) using strategy deduplicate:
      Merging cells $auto$equiv_make.cc:294:find_same_wires$5114 and $auto$equiv_make.cc:294:find_same_wires$4896.
      Merging cells $auto$equiv_make.cc:294:find_same_wires$4666 and $auto$equiv_make.cc:294:find_same_wires$4229.
    Fwd merging 4 $equiv cells (from group of 5) using strategy deduplicate:
      Merging cells $auto$equiv_make.cc:294:find_same_wires$5113 and $auto$equiv_make.cc:294:find_same_wires$4895.
      Merging cells $auto$equiv_make.cc:294:find_same_wires$4665 and $auto$equiv_make.cc:294:find_same_wires$4228.
    Fwd merging 4 $equiv cells (from group of 5) using strategy deduplicate:
      Merging cells $auto$equiv_make.cc:294:find_same_wires$5112 and $auto$equiv_make.cc:294:find_same_wires$4894.
      Merging cells $auto$equiv_make.cc:294:find_same_wires$4664 and $auto$equiv_make.cc:294:find_same_wires$4227.
    Fwd merging 4 $equiv cells (from group of 5) using strategy deduplicate:
      Merging cells $auto$equiv_make.cc:294:find_same_wires$5111 and $auto$equiv_make.cc:294:find_same_wires$4893.
      Merging cells $auto$equiv_make.cc:294:find_same_wires$4663 and $auto$equiv_make.cc:294:find_same_wires$4226.
    Fwd merging 4 $equiv cells (from group of 5) using strategy deduplicate:
      Merging cells $auto$equiv_make.cc:294:find_same_wires$5110 and $auto$equiv_make.cc:294:find_same_wires$4892.
      Merging cells $auto$equiv_make.cc:294:find_same_wires$4662 and $auto$equiv_make.cc:294:find_same_wires$4225.
    Fwd merging 4 $equiv cells (from group of 5) using strategy deduplicate:
      Merging cells $auto$equiv_make.cc:294:find_same_wires$5109 and $auto$equiv_make.cc:294:find_same_wires$4891.
      Merging cells $auto$equiv_make.cc:294:find_same_wires$4661 and $auto$equiv_make.cc:294:find_same_wires$4224.
    Fwd merging 4 $equiv cells (from group of 4) using strategy deduplicate:
      Merging cells $auto$equiv_make.cc:294:find_same_wires$5091 and $auto$equiv_make.cc:294:find_same_wires$4873.
      Merging cells $auto$equiv_make.cc:294:find_same_wires$4223 and $auto$equiv_make.cc:294:find_same_wires$3742.
    Fwd merging 4 $equiv cells (from group of 4) using strategy deduplicate:
      Merging cells $auto$equiv_make.cc:294:find_same_wires$5090 and $auto$equiv_make.cc:294:find_same_wires$4872.
      Merging cells $auto$equiv_make.cc:294:find_same_wires$4222 and $auto$equiv_make.cc:294:find_same_wires$3741.
    Fwd merging 4 $equiv cells (from group of 4) using strategy deduplicate:
      Merging cells $auto$equiv_make.cc:294:find_same_wires$5089 and $auto$equiv_make.cc:294:find_same_wires$4871.
      Merging cells $auto$equiv_make.cc:294:find_same_wires$4221 and $auto$equiv_make.cc:294:find_same_wires$3740.
    Fwd merging 4 $equiv cells (from group of 4) using strategy deduplicate:
      Merging cells $auto$equiv_make.cc:294:find_same_wires$5088 and $auto$equiv_make.cc:294:find_same_wires$4870.
      Merging cells $auto$equiv_make.cc:294:find_same_wires$4220 and $auto$equiv_make.cc:294:find_same_wires$3739.
    Fwd merging 4 $equiv cells (from group of 4) using strategy deduplicate:
      Merging cells $auto$equiv_make.cc:294:find_same_wires$5087 and $auto$equiv_make.cc:294:find_same_wires$4869.
      Merging cells $auto$equiv_make.cc:294:find_same_wires$4219 and $auto$equiv_make.cc:294:find_same_wires$3738.
    Fwd merging 4 $equiv cells (from group of 4) using strategy deduplicate:
      Merging cells $auto$equiv_make.cc:294:find_same_wires$5086 and $auto$equiv_make.cc:294:find_same_wires$4868.
      Merging cells $auto$equiv_make.cc:294:find_same_wires$4218 and $auto$equiv_make.cc:294:find_same_wires$3737.
    Fwd merging 4 $equiv cells (from group of 4) using strategy deduplicate:
      Merging cells $auto$equiv_make.cc:294:find_same_wires$5085 and $auto$equiv_make.cc:294:find_same_wires$4867.
      Merging cells $auto$equiv_make.cc:294:find_same_wires$4217 and $auto$equiv_make.cc:294:find_same_wires$3736.
    Fwd merging 4 $equiv cells (from group of 4) using strategy deduplicate:
      Merging cells $auto$equiv_make.cc:294:find_same_wires$5084 and $auto$equiv_make.cc:294:find_same_wires$4866.
      Merging cells $auto$equiv_make.cc:294:find_same_wires$4216 and $auto$equiv_make.cc:294:find_same_wires$3735.
    Fwd merging 4 $equiv cells (from group of 5) using strategy deduplicate:
      Merging cells $auto$equiv_make.cc:294:find_same_wires$5083 and $auto$equiv_make.cc:294:find_same_wires$4865.
      Merging cells $auto$equiv_make.cc:294:find_same_wires$4321 and $auto$equiv_make.cc:294:find_same_wires$4215.
    Fwd merging 4 $equiv cells (from group of 5) using strategy deduplicate:
      Merging cells $auto$equiv_make.cc:294:find_same_wires$5082 and $auto$equiv_make.cc:294:find_same_wires$4864.
      Merging cells $auto$equiv_make.cc:294:find_same_wires$4320 and $auto$equiv_make.cc:294:find_same_wires$4214.
    Fwd merging 4 $equiv cells (from group of 5) using strategy deduplicate:
      Merging cells $auto$equiv_make.cc:294:find_same_wires$5081 and $auto$equiv_make.cc:294:find_same_wires$4863.
      Merging cells $auto$equiv_make.cc:294:find_same_wires$4319 and $auto$equiv_make.cc:294:find_same_wires$4213.
    Fwd merging 4 $equiv cells (from group of 5) using strategy deduplicate:
      Merging cells $auto$equiv_make.cc:294:find_same_wires$5080 and $auto$equiv_make.cc:294:find_same_wires$4862.
      Merging cells $auto$equiv_make.cc:294:find_same_wires$4318 and $auto$equiv_make.cc:294:find_same_wires$4212.
    Fwd merging 4 $equiv cells (from group of 5) using strategy deduplicate:
      Merging cells $auto$equiv_make.cc:294:find_same_wires$5079 and $auto$equiv_make.cc:294:find_same_wires$4861.
      Merging cells $auto$equiv_make.cc:294:find_same_wires$4317 and $auto$equiv_make.cc:294:find_same_wires$4211.
    Fwd merging 4 $equiv cells (from group of 5) using strategy deduplicate:
      Merging cells $auto$equiv_make.cc:294:find_same_wires$5078 and $auto$equiv_make.cc:294:find_same_wires$4860.
      Merging cells $auto$equiv_make.cc:294:find_same_wires$4316 and $auto$equiv_make.cc:294:find_same_wires$4210.
    Fwd merging 4 $equiv cells (from group of 5) using strategy deduplicate:
      Merging cells $auto$equiv_make.cc:294:find_same_wires$5077 and $auto$equiv_make.cc:294:find_same_wires$4859.
      Merging cells $auto$equiv_make.cc:294:find_same_wires$4315 and $auto$equiv_make.cc:294:find_same_wires$4209.
    Fwd merging 4 $equiv cells (from group of 5) using strategy deduplicate:
      Merging cells $auto$equiv_make.cc:294:find_same_wires$5076 and $auto$equiv_make.cc:294:find_same_wires$4858.
      Merging cells $auto$equiv_make.cc:294:find_same_wires$4314 and $auto$equiv_make.cc:294:find_same_wires$4208.
    Fwd merging 4 $equiv cells (from group of 4) using strategy deduplicate:
      Merging cells $auto$equiv_make.cc:294:find_same_wires$5075 and $auto$equiv_make.cc:294:find_same_wires$4857.
      Merging cells $auto$equiv_make.cc:294:find_same_wires$4207 and $auto$equiv_make.cc:294:find_same_wires$3726.
    Fwd merging 4 $equiv cells (from group of 4) using strategy deduplicate:
      Merging cells $auto$equiv_make.cc:294:find_same_wires$5074 and $auto$equiv_make.cc:294:find_same_wires$4856.
      Merging cells $auto$equiv_make.cc:294:find_same_wires$4206 and $auto$equiv_make.cc:294:find_same_wires$3725.
    Fwd merging 4 $equiv cells (from group of 4) using strategy deduplicate:
      Merging cells $auto$equiv_make.cc:294:find_same_wires$5073 and $auto$equiv_make.cc:294:find_same_wires$4855.
      Merging cells $auto$equiv_make.cc:294:find_same_wires$4205 and $auto$equiv_make.cc:294:find_same_wires$3724.
    Fwd merging 4 $equiv cells (from group of 4) using strategy deduplicate:
      Merging cells $auto$equiv_make.cc:294:find_same_wires$5072 and $auto$equiv_make.cc:294:find_same_wires$4854.
      Merging cells $auto$equiv_make.cc:294:find_same_wires$4204 and $auto$equiv_make.cc:294:find_same_wires$3723.
    Fwd merging 4 $equiv cells (from group of 4) using strategy deduplicate:
      Merging cells $auto$equiv_make.cc:294:find_same_wires$5071 and $auto$equiv_make.cc:294:find_same_wires$4853.
      Merging cells $auto$equiv_make.cc:294:find_same_wires$4203 and $auto$equiv_make.cc:294:find_same_wires$3722.
    Fwd merging 4 $equiv cells (from group of 4) using strategy deduplicate:
      Merging cells $auto$equiv_make.cc:294:find_same_wires$5070 and $auto$equiv_make.cc:294:find_same_wires$4852.
      Merging cells $auto$equiv_make.cc:294:find_same_wires$4202 and $auto$equiv_make.cc:294:find_same_wires$3721.
    Fwd merging 4 $equiv cells (from group of 4) using strategy deduplicate:
      Merging cells $auto$equiv_make.cc:294:find_same_wires$5069 and $auto$equiv_make.cc:294:find_same_wires$4851.
      Merging cells $auto$equiv_make.cc:294:find_same_wires$4201 and $auto$equiv_make.cc:294:find_same_wires$3720.
    Fwd merging 4 $equiv cells (from group of 4) using strategy deduplicate:
      Merging cells $auto$equiv_make.cc:294:find_same_wires$5068 and $auto$equiv_make.cc:294:find_same_wires$4850.
      Merging cells $auto$equiv_make.cc:294:find_same_wires$4200 and $auto$equiv_make.cc:294:find_same_wires$3719.
    Fwd merging 4 $equiv cells (from group of 5) using strategy deduplicate:
      Merging cells $auto$equiv_make.cc:294:find_same_wires$5067 and $auto$equiv_make.cc:294:find_same_wires$4849.
      Merging cells $auto$equiv_make.cc:294:find_same_wires$4313 and $auto$equiv_make.cc:294:find_same_wires$4199.
    Fwd merging 4 $equiv cells (from group of 5) using strategy deduplicate:
      Merging cells $auto$equiv_make.cc:294:find_same_wires$5066 and $auto$equiv_make.cc:294:find_same_wires$4848.
      Merging cells $auto$equiv_make.cc:294:find_same_wires$4312 and $auto$equiv_make.cc:294:find_same_wires$4198.
    Fwd merging 4 $equiv cells (from group of 5) using strategy deduplicate:
      Merging cells $auto$equiv_make.cc:294:find_same_wires$5065 and $auto$equiv_make.cc:294:find_same_wires$4847.
      Merging cells $auto$equiv_make.cc:294:find_same_wires$4311 and $auto$equiv_make.cc:294:find_same_wires$4197.
    Fwd merging 4 $equiv cells (from group of 5) using strategy deduplicate:
      Merging cells $auto$equiv_make.cc:294:find_same_wires$5064 and $auto$equiv_make.cc:294:find_same_wires$4846.
      Merging cells $auto$equiv_make.cc:294:find_same_wires$4310 and $auto$equiv_make.cc:294:find_same_wires$4196.
    Fwd merging 4 $equiv cells (from group of 5) using strategy deduplicate:
      Merging cells $auto$equiv_make.cc:294:find_same_wires$5063 and $auto$equiv_make.cc:294:find_same_wires$4845.
      Merging cells $auto$equiv_make.cc:294:find_same_wires$4309 and $auto$equiv_make.cc:294:find_same_wires$4195.
    Fwd merging 4 $equiv cells (from group of 5) using strategy deduplicate:
      Merging cells $auto$equiv_make.cc:294:find_same_wires$5062 and $auto$equiv_make.cc:294:find_same_wires$4844.
      Merging cells $auto$equiv_make.cc:294:find_same_wires$4308 and $auto$equiv_make.cc:294:find_same_wires$4194.
    Fwd merging 4 $equiv cells (from group of 5) using strategy deduplicate:
      Merging cells $auto$equiv_make.cc:294:find_same_wires$5061 and $auto$equiv_make.cc:294:find_same_wires$4843.
      Merging cells $auto$equiv_make.cc:294:find_same_wires$4307 and $auto$equiv_make.cc:294:find_same_wires$4193.
    Fwd merging 4 $equiv cells (from group of 5) using strategy deduplicate:
      Merging cells $auto$equiv_make.cc:294:find_same_wires$5060 and $auto$equiv_make.cc:294:find_same_wires$4842.
      Merging cells $auto$equiv_make.cc:294:find_same_wires$4306 and $auto$equiv_make.cc:294:find_same_wires$4192.
    Fwd merging 4 $equiv cells (from group of 5) using strategy deduplicate:
      Merging cells $auto$equiv_make.cc:294:find_same_wires$5059 and $auto$equiv_make.cc:294:find_same_wires$4841.
      Merging cells $auto$equiv_make.cc:294:find_same_wires$4684 and $auto$equiv_make.cc:294:find_same_wires$4191.
    Fwd merging 4 $equiv cells (from group of 5) using strategy deduplicate:
      Merging cells $auto$equiv_make.cc:294:find_same_wires$5058 and $auto$equiv_make.cc:294:find_same_wires$4840.
      Merging cells $auto$equiv_make.cc:294:find_same_wires$4683 and $auto$equiv_make.cc:294:find_same_wires$4190.
    Fwd merging 4 $equiv cells (from group of 5) using strategy deduplicate:
      Merging cells $auto$equiv_make.cc:294:find_same_wires$5057 and $auto$equiv_make.cc:294:find_same_wires$4839.
      Merging cells $auto$equiv_make.cc:294:find_same_wires$4682 and $auto$equiv_make.cc:294:find_same_wires$4189.
    Fwd merging 4 $equiv cells (from group of 5) using strategy deduplicate:
      Merging cells $auto$equiv_make.cc:294:find_same_wires$5056 and $auto$equiv_make.cc:294:find_same_wires$4838.
      Merging cells $auto$equiv_make.cc:294:find_same_wires$4681 and $auto$equiv_make.cc:294:find_same_wires$4188.
    Fwd merging 4 $equiv cells (from group of 5) using strategy deduplicate:
      Merging cells $auto$equiv_make.cc:294:find_same_wires$5055 and $auto$equiv_make.cc:294:find_same_wires$4837.
      Merging cells $auto$equiv_make.cc:294:find_same_wires$4680 and $auto$equiv_make.cc:294:find_same_wires$4187.
    Fwd merging 4 $equiv cells (from group of 5) using strategy deduplicate:
      Merging cells $auto$equiv_make.cc:294:find_same_wires$5054 and $auto$equiv_make.cc:294:find_same_wires$4836.
      Merging cells $auto$equiv_make.cc:294:find_same_wires$4679 and $auto$equiv_make.cc:294:find_same_wires$4186.
    Fwd merging 4 $equiv cells (from group of 5) using strategy deduplicate:
      Merging cells $auto$equiv_make.cc:294:find_same_wires$5053 and $auto$equiv_make.cc:294:find_same_wires$4835.
      Merging cells $auto$equiv_make.cc:294:find_same_wires$4678 and $auto$equiv_make.cc:294:find_same_wires$4185.
    Fwd merging 4 $equiv cells (from group of 5) using strategy deduplicate:
      Merging cells $auto$equiv_make.cc:294:find_same_wires$5052 and $auto$equiv_make.cc:294:find_same_wires$4834.
      Merging cells $auto$equiv_make.cc:294:find_same_wires$4677 and $auto$equiv_make.cc:294:find_same_wires$4184.
    Fwd merging 4 $equiv cells (from group of 4) using strategy deduplicate:
      Merging cells $auto$equiv_make.cc:294:find_same_wires$5051 and $auto$equiv_make.cc:294:find_same_wires$4833.
      Merging cells $auto$equiv_make.cc:294:find_same_wires$4183 and $auto$equiv_make.cc:294:find_same_wires$3702.
    Fwd merging 4 $equiv cells (from group of 4) using strategy deduplicate:
      Merging cells $auto$equiv_make.cc:294:find_same_wires$5050 and $auto$equiv_make.cc:294:find_same_wires$4832.
      Merging cells $auto$equiv_make.cc:294:find_same_wires$4182 and $auto$equiv_make.cc:294:find_same_wires$3701.
    Fwd merging 4 $equiv cells (from group of 4) using strategy deduplicate:
      Merging cells $auto$equiv_make.cc:294:find_same_wires$5049 and $auto$equiv_make.cc:294:find_same_wires$4831.
      Merging cells $auto$equiv_make.cc:294:find_same_wires$4181 and $auto$equiv_make.cc:294:find_same_wires$3700.
    Fwd merging 4 $equiv cells (from group of 4) using strategy deduplicate:
      Merging cells $auto$equiv_make.cc:294:find_same_wires$5048 and $auto$equiv_make.cc:294:find_same_wires$4830.
      Merging cells $auto$equiv_make.cc:294:find_same_wires$4180 and $auto$equiv_make.cc:294:find_same_wires$3699.
    Fwd merging 4 $equiv cells (from group of 4) using strategy deduplicate:
      Merging cells $auto$equiv_make.cc:294:find_same_wires$5047 and $auto$equiv_make.cc:294:find_same_wires$4829.
      Merging cells $auto$equiv_make.cc:294:find_same_wires$4179 and $auto$equiv_make.cc:294:find_same_wires$3698.
    Fwd merging 4 $equiv cells (from group of 4) using strategy deduplicate:
      Merging cells $auto$equiv_make.cc:294:find_same_wires$5046 and $auto$equiv_make.cc:294:find_same_wires$4828.
      Merging cells $auto$equiv_make.cc:294:find_same_wires$4178 and $auto$equiv_make.cc:294:find_same_wires$3697.
    Fwd merging 4 $equiv cells (from group of 4) using strategy deduplicate:
      Merging cells $auto$equiv_make.cc:294:find_same_wires$5045 and $auto$equiv_make.cc:294:find_same_wires$4827.
      Merging cells $auto$equiv_make.cc:294:find_same_wires$4177 and $auto$equiv_make.cc:294:find_same_wires$3696.
    Fwd merging 4 $equiv cells (from group of 4) using strategy deduplicate:
      Merging cells $auto$equiv_make.cc:294:find_same_wires$5044 and $auto$equiv_make.cc:294:find_same_wires$4826.
      Merging cells $auto$equiv_make.cc:294:find_same_wires$4176 and $auto$equiv_make.cc:294:find_same_wires$3695.
    Fwd merging 4 $equiv cells (from group of 4) using strategy deduplicate:
      Merging cells $auto$equiv_make.cc:294:find_same_wires$5043 and $auto$equiv_make.cc:294:find_same_wires$4825.
      Merging cells $auto$equiv_make.cc:294:find_same_wires$4175 and $auto$equiv_make.cc:294:find_same_wires$3694.
    Fwd merging 4 $equiv cells (from group of 5) using strategy deduplicate:
      Merging cells $auto$equiv_make.cc:294:find_same_wires$5042 and $auto$equiv_make.cc:294:find_same_wires$4824.
      Merging cells $auto$equiv_make.cc:294:find_same_wires$4676 and $auto$equiv_make.cc:294:find_same_wires$4174.
    Fwd merging 4 $equiv cells (from group of 5) using strategy deduplicate:
      Merging cells $auto$equiv_make.cc:294:find_same_wires$5041 and $auto$equiv_make.cc:294:find_same_wires$4823.
      Merging cells $auto$equiv_make.cc:294:find_same_wires$4675 and $auto$equiv_make.cc:294:find_same_wires$4173.
    Fwd merging 4 $equiv cells (from group of 5) using strategy deduplicate:
      Merging cells $auto$equiv_make.cc:294:find_same_wires$5040 and $auto$equiv_make.cc:294:find_same_wires$4822.
      Merging cells $auto$equiv_make.cc:294:find_same_wires$4674 and $auto$equiv_make.cc:294:find_same_wires$4172.
    Fwd merging 4 $equiv cells (from group of 5) using strategy deduplicate:
      Merging cells $auto$equiv_make.cc:294:find_same_wires$5039 and $auto$equiv_make.cc:294:find_same_wires$4821.
      Merging cells $auto$equiv_make.cc:294:find_same_wires$4673 and $auto$equiv_make.cc:294:find_same_wires$4171.
    Fwd merging 4 $equiv cells (from group of 5) using strategy deduplicate:
      Merging cells $auto$equiv_make.cc:294:find_same_wires$5038 and $auto$equiv_make.cc:294:find_same_wires$4820.
      Merging cells $auto$equiv_make.cc:294:find_same_wires$4672 and $auto$equiv_make.cc:294:find_same_wires$4170.
    Fwd merging 4 $equiv cells (from group of 5) using strategy deduplicate:
      Merging cells $auto$equiv_make.cc:294:find_same_wires$5037 and $auto$equiv_make.cc:294:find_same_wires$4819.
      Merging cells $auto$equiv_make.cc:294:find_same_wires$4671 and $auto$equiv_make.cc:294:find_same_wires$4169.
    Fwd merging 4 $equiv cells (from group of 5) using strategy deduplicate:
      Merging cells $auto$equiv_make.cc:294:find_same_wires$5036 and $auto$equiv_make.cc:294:find_same_wires$4818.
      Merging cells $auto$equiv_make.cc:294:find_same_wires$4670 and $auto$equiv_make.cc:294:find_same_wires$4168.
    Fwd merging 4 $equiv cells (from group of 5) using strategy deduplicate:
      Merging cells $auto$equiv_make.cc:294:find_same_wires$5035 and $auto$equiv_make.cc:294:find_same_wires$4817.
      Merging cells $auto$equiv_make.cc:294:find_same_wires$4669 and $auto$equiv_make.cc:294:find_same_wires$4167.
    Fwd merging 4 $equiv cells (from group of 4) using strategy deduplicate:
      Merging cells $auto$equiv_make.cc:294:find_same_wires$5034 and $auto$equiv_make.cc:294:find_same_wires$4816.
      Merging cells $auto$equiv_make.cc:294:find_same_wires$4166 and $auto$equiv_make.cc:294:find_same_wires$3685.
    Fwd merging 4 $equiv cells (from group of 4) using strategy deduplicate:
      Merging cells $auto$equiv_make.cc:294:find_same_wires$5033 and $auto$equiv_make.cc:294:find_same_wires$4815.
      Merging cells $auto$equiv_make.cc:294:find_same_wires$4165 and $auto$equiv_make.cc:294:find_same_wires$3684.
    Fwd merging 4 $equiv cells (from group of 4) using strategy deduplicate:
      Merging cells $auto$equiv_make.cc:294:find_same_wires$5032 and $auto$equiv_make.cc:294:find_same_wires$4814.
      Merging cells $auto$equiv_make.cc:294:find_same_wires$4164 and $auto$equiv_make.cc:294:find_same_wires$3683.
    Fwd merging 4 $equiv cells (from group of 4) using strategy deduplicate:
      Merging cells $auto$equiv_make.cc:294:find_same_wires$5031 and $auto$equiv_make.cc:294:find_same_wires$4813.
      Merging cells $auto$equiv_make.cc:294:find_same_wires$4163 and $auto$equiv_make.cc:294:find_same_wires$3682.
    Fwd merging 4 $equiv cells (from group of 4) using strategy deduplicate:
      Merging cells $auto$equiv_make.cc:294:find_same_wires$5030 and $auto$equiv_make.cc:294:find_same_wires$4812.
      Merging cells $auto$equiv_make.cc:294:find_same_wires$4162 and $auto$equiv_make.cc:294:find_same_wires$3681.
    Fwd merging 4 $equiv cells (from group of 4) using strategy deduplicate:
      Merging cells $auto$equiv_make.cc:294:find_same_wires$5029 and $auto$equiv_make.cc:294:find_same_wires$4811.
      Merging cells $auto$equiv_make.cc:294:find_same_wires$4161 and $auto$equiv_make.cc:294:find_same_wires$3680.
    Fwd merging 4 $equiv cells (from group of 4) using strategy deduplicate:
      Merging cells $auto$equiv_make.cc:294:find_same_wires$5028 and $auto$equiv_make.cc:294:find_same_wires$4810.
      Merging cells $auto$equiv_make.cc:294:find_same_wires$4160 and $auto$equiv_make.cc:294:find_same_wires$3679.
    Fwd merging 4 $equiv cells (from group of 4) using strategy deduplicate:
      Merging cells $auto$equiv_make.cc:294:find_same_wires$5027 and $auto$equiv_make.cc:294:find_same_wires$4809.
      Merging cells $auto$equiv_make.cc:294:find_same_wires$4159 and $auto$equiv_make.cc:294:find_same_wires$3678.
    Fwd merging 4 $equiv cells (from group of 4) using strategy deduplicate:
      Merging cells $auto$equiv_make.cc:294:find_same_wires$5010 and $auto$equiv_make.cc:294:find_same_wires$4792.
      Merging cells $auto$equiv_make.cc:294:find_same_wires$4158 and $auto$equiv_make.cc:294:find_same_wires$3661.
    Fwd merging 4 $equiv cells (from group of 4) using strategy deduplicate:
      Merging cells $auto$equiv_make.cc:294:find_same_wires$5009 and $auto$equiv_make.cc:294:find_same_wires$4791.
      Merging cells $auto$equiv_make.cc:294:find_same_wires$4157 and $auto$equiv_make.cc:294:find_same_wires$3660.
    Fwd merging 4 $equiv cells (from group of 4) using strategy deduplicate:
      Merging cells $auto$equiv_make.cc:294:find_same_wires$5008 and $auto$equiv_make.cc:294:find_same_wires$4790.
      Merging cells $auto$equiv_make.cc:294:find_same_wires$4156 and $auto$equiv_make.cc:294:find_same_wires$3659.
    Fwd merging 4 $equiv cells (from group of 4) using strategy deduplicate:
      Merging cells $auto$equiv_make.cc:294:find_same_wires$5007 and $auto$equiv_make.cc:294:find_same_wires$4789.
      Merging cells $auto$equiv_make.cc:294:find_same_wires$4155 and $auto$equiv_make.cc:294:find_same_wires$3658.
    Fwd merging 4 $equiv cells (from group of 4) using strategy deduplicate:
      Merging cells $auto$equiv_make.cc:294:find_same_wires$4974 and $auto$equiv_make.cc:294:find_same_wires$4756.
      Merging cells $auto$equiv_make.cc:294:find_same_wires$4154 and $auto$equiv_make.cc:294:find_same_wires$3625.
    Fwd merging 6 $equiv cells (from group of 6) using strategy deduplicate:
      Merging cells $auto$equiv_make.cc:294:find_same_wires$5639 and $auto$equiv_make.cc:294:find_same_wires$5619.
      Merging cells $auto$equiv_make.cc:294:find_same_wires$5603 and $auto$equiv_make.cc:294:find_same_wires$5257.
      Merging cells $auto$equiv_make.cc:294:find_same_wires$4059 and $auto$equiv_make.cc:294:find_same_wires$3859.
    Fwd merging 6 $equiv cells (from group of 6) using strategy deduplicate:
      Merging cells $auto$equiv_make.cc:294:find_same_wires$5638 and $auto$equiv_make.cc:294:find_same_wires$5618.
      Merging cells $auto$equiv_make.cc:294:find_same_wires$5602 and $auto$equiv_make.cc:294:find_same_wires$5256.
      Merging cells $auto$equiv_make.cc:294:find_same_wires$4058 and $auto$equiv_make.cc:294:find_same_wires$3858.
    Fwd merging 6 $equiv cells (from group of 6) using strategy deduplicate:
      Merging cells $auto$equiv_make.cc:294:find_same_wires$5637 and $auto$equiv_make.cc:294:find_same_wires$5617.
      Merging cells $auto$equiv_make.cc:294:find_same_wires$5601 and $auto$equiv_make.cc:294:find_same_wires$5255.
      Merging cells $auto$equiv_make.cc:294:find_same_wires$4057 and $auto$equiv_make.cc:294:find_same_wires$3857.
    Fwd merging 6 $equiv cells (from group of 6) using strategy deduplicate:
      Merging cells $auto$equiv_make.cc:294:find_same_wires$5636 and $auto$equiv_make.cc:294:find_same_wires$5616.
      Merging cells $auto$equiv_make.cc:294:find_same_wires$5600 and $auto$equiv_make.cc:294:find_same_wires$5254.
      Merging cells $auto$equiv_make.cc:294:find_same_wires$4056 and $auto$equiv_make.cc:294:find_same_wires$3856.
    Fwd merging 6 $equiv cells (from group of 6) using strategy deduplicate:
      Merging cells $auto$equiv_make.cc:294:find_same_wires$5635 and $auto$equiv_make.cc:294:find_same_wires$5615.
      Merging cells $auto$equiv_make.cc:294:find_same_wires$5599 and $auto$equiv_make.cc:294:find_same_wires$5253.
      Merging cells $auto$equiv_make.cc:294:find_same_wires$4055 and $auto$equiv_make.cc:294:find_same_wires$3855.
    Fwd merging 6 $equiv cells (from group of 6) using strategy deduplicate:
      Merging cells $auto$equiv_make.cc:294:find_same_wires$5634 and $auto$equiv_make.cc:294:find_same_wires$5614.
      Merging cells $auto$equiv_make.cc:294:find_same_wires$5598 and $auto$equiv_make.cc:294:find_same_wires$5252.
      Merging cells $auto$equiv_make.cc:294:find_same_wires$4054 and $auto$equiv_make.cc:294:find_same_wires$3854.
    Fwd merging 6 $equiv cells (from group of 6) using strategy deduplicate:
      Merging cells $auto$equiv_make.cc:294:find_same_wires$5633 and $auto$equiv_make.cc:294:find_same_wires$5613.
      Merging cells $auto$equiv_make.cc:294:find_same_wires$5597 and $auto$equiv_make.cc:294:find_same_wires$5251.
      Merging cells $auto$equiv_make.cc:294:find_same_wires$4053 and $auto$equiv_make.cc:294:find_same_wires$3853.
    Fwd merging 6 $equiv cells (from group of 6) using strategy deduplicate:
      Merging cells $auto$equiv_make.cc:294:find_same_wires$5632 and $auto$equiv_make.cc:294:find_same_wires$5612.
      Merging cells $auto$equiv_make.cc:294:find_same_wires$5596 and $auto$equiv_make.cc:294:find_same_wires$5250.
      Merging cells $auto$equiv_make.cc:294:find_same_wires$4052 and $auto$equiv_make.cc:294:find_same_wires$3852.
    Fwd merging 6 $equiv cells (from group of 6) using strategy deduplicate:
      Merging cells $auto$equiv_make.cc:294:find_same_wires$5631 and $auto$equiv_make.cc:294:find_same_wires$5611.
      Merging cells $auto$equiv_make.cc:294:find_same_wires$5595 and $auto$equiv_make.cc:294:find_same_wires$5249.
      Merging cells $auto$equiv_make.cc:294:find_same_wires$4051 and $auto$equiv_make.cc:294:find_same_wires$3851.
    Fwd merging 6 $equiv cells (from group of 6) using strategy deduplicate:
      Merging cells $auto$equiv_make.cc:294:find_same_wires$5630 and $auto$equiv_make.cc:294:find_same_wires$5610.
      Merging cells $auto$equiv_make.cc:294:find_same_wires$5594 and $auto$equiv_make.cc:294:find_same_wires$5248.
      Merging cells $auto$equiv_make.cc:294:find_same_wires$4050 and $auto$equiv_make.cc:294:find_same_wires$3850.
    Fwd merging 6 $equiv cells (from group of 6) using strategy deduplicate:
      Merging cells $auto$equiv_make.cc:294:find_same_wires$5629 and $auto$equiv_make.cc:294:find_same_wires$5609.
      Merging cells $auto$equiv_make.cc:294:find_same_wires$5593 and $auto$equiv_make.cc:294:find_same_wires$5247.
      Merging cells $auto$equiv_make.cc:294:find_same_wires$4049 and $auto$equiv_make.cc:294:find_same_wires$3849.
    Fwd merging 6 $equiv cells (from group of 6) using strategy deduplicate:
      Merging cells $auto$equiv_make.cc:294:find_same_wires$5628 and $auto$equiv_make.cc:294:find_same_wires$5608.
      Merging cells $auto$equiv_make.cc:294:find_same_wires$5592 and $auto$equiv_make.cc:294:find_same_wires$5246.
      Merging cells $auto$equiv_make.cc:294:find_same_wires$4048 and $auto$equiv_make.cc:294:find_same_wires$3848.
    Fwd merging 6 $equiv cells (from group of 6) using strategy deduplicate:
      Merging cells $auto$equiv_make.cc:294:find_same_wires$5627 and $auto$equiv_make.cc:294:find_same_wires$5607.
      Merging cells $auto$equiv_make.cc:294:find_same_wires$5591 and $auto$equiv_make.cc:294:find_same_wires$5245.
      Merging cells $auto$equiv_make.cc:294:find_same_wires$4047 and $auto$equiv_make.cc:294:find_same_wires$3847.
    Fwd merging 6 $equiv cells (from group of 6) using strategy deduplicate:
      Merging cells $auto$equiv_make.cc:294:find_same_wires$5626 and $auto$equiv_make.cc:294:find_same_wires$5606.
      Merging cells $auto$equiv_make.cc:294:find_same_wires$5590 and $auto$equiv_make.cc:294:find_same_wires$5244.
      Merging cells $auto$equiv_make.cc:294:find_same_wires$4046 and $auto$equiv_make.cc:294:find_same_wires$3846.
    Fwd merging 6 $equiv cells (from group of 6) using strategy deduplicate:
      Merging cells $auto$equiv_make.cc:294:find_same_wires$5625 and $auto$equiv_make.cc:294:find_same_wires$5605.
      Merging cells $auto$equiv_make.cc:294:find_same_wires$5589 and $auto$equiv_make.cc:294:find_same_wires$5243.
      Merging cells $auto$equiv_make.cc:294:find_same_wires$4045 and $auto$equiv_make.cc:294:find_same_wires$3845.
    Fwd merging 6 $equiv cells (from group of 6) using strategy deduplicate:
      Merging cells $auto$equiv_make.cc:294:find_same_wires$5624 and $auto$equiv_make.cc:294:find_same_wires$5604.
      Merging cells $auto$equiv_make.cc:294:find_same_wires$5588 and $auto$equiv_make.cc:294:find_same_wires$5242.
      Merging cells $auto$equiv_make.cc:294:find_same_wires$4044 and $auto$equiv_make.cc:294:find_same_wires$3844.
    Fwd merging 142 $equiv cells (from group of 142) using strategy deduplicate:
      Merging cells $auto$equiv_make.cc:294:find_same_wires$5661 and $auto$equiv_make.cc:294:find_same_wires$5660.
      Merging cells $auto$equiv_make.cc:294:find_same_wires$5659 and $auto$equiv_make.cc:294:find_same_wires$5658.
      Merging cells $auto$equiv_make.cc:294:find_same_wires$5657 and $auto$equiv_make.cc:294:find_same_wires$5656.
      Merging cells $auto$equiv_make.cc:294:find_same_wires$5655 and $auto$equiv_make.cc:294:find_same_wires$5654.
      Merging cells $auto$equiv_make.cc:294:find_same_wires$5653 and $auto$equiv_make.cc:294:find_same_wires$5652.
      Merging cells $auto$equiv_make.cc:294:find_same_wires$5651 and $auto$equiv_make.cc:294:find_same_wires$5650.
      Merging cells $auto$equiv_make.cc:294:find_same_wires$5649 and $auto$equiv_make.cc:294:find_same_wires$5648.
      Merging cells $auto$equiv_make.cc:294:find_same_wires$5647 and $auto$equiv_make.cc:294:find_same_wires$5646.
      Merging cells $auto$equiv_make.cc:294:find_same_wires$5645 and $auto$equiv_make.cc:294:find_same_wires$5318.
      Merging cells $auto$equiv_make.cc:294:find_same_wires$5317 and $auto$equiv_make.cc:294:find_same_wires$5316.
      Merging cells $auto$equiv_make.cc:294:find_same_wires$5315 and $auto$equiv_make.cc:294:find_same_wires$5314.
      Merging cells $auto$equiv_make.cc:294:find_same_wires$5313 and $auto$equiv_make.cc:294:find_same_wires$5312.
      Merging cells $auto$equiv_make.cc:294:find_same_wires$5311 and $auto$equiv_make.cc:294:find_same_wires$5310.
      Merging cells $auto$equiv_make.cc:294:find_same_wires$5309 and $auto$equiv_make.cc:294:find_same_wires$5308.
      Merging cells $auto$equiv_make.cc:294:find_same_wires$5307 and $auto$equiv_make.cc:294:find_same_wires$5306.
      Merging cells $auto$equiv_make.cc:294:find_same_wires$5305 and $auto$equiv_make.cc:294:find_same_wires$5304.
      Merging cells $auto$equiv_make.cc:294:find_same_wires$5302 and $auto$equiv_make.cc:294:find_same_wires$5301.
      Merging cells $auto$equiv_make.cc:294:find_same_wires$5300 and $auto$equiv_make.cc:294:find_same_wires$5299.
      Merging cells $auto$equiv_make.cc:294:find_same_wires$5298 and $auto$equiv_make.cc:294:find_same_wires$5297.
      Merging cells $auto$equiv_make.cc:294:find_same_wires$5296 and $auto$equiv_make.cc:294:find_same_wires$5295.
      Merging cells $auto$equiv_make.cc:294:find_same_wires$5294 and $auto$equiv_make.cc:294:find_same_wires$5293.
      Merging cells $auto$equiv_make.cc:294:find_same_wires$5292 and $auto$equiv_make.cc:294:find_same_wires$5291.
      Merging cells $auto$equiv_make.cc:294:find_same_wires$5290 and $auto$equiv_make.cc:294:find_same_wires$5289.
      Merging cells $auto$equiv_make.cc:294:find_same_wires$5288 and $auto$equiv_make.cc:294:find_same_wires$5287.
      Merging cells $auto$equiv_make.cc:294:find_same_wires$5221 and $auto$equiv_make.cc:294:find_same_wires$5220.
      Merging cells $auto$equiv_make.cc:294:find_same_wires$5219 and $auto$equiv_make.cc:294:find_same_wires$5218.
      Merging cells $auto$equiv_make.cc:294:find_same_wires$5217 and $auto$equiv_make.cc:294:find_same_wires$5216.
      Merging cells $auto$equiv_make.cc:294:find_same_wires$5215 and $auto$equiv_make.cc:294:find_same_wires$5214.
      Merging cells $auto$equiv_make.cc:294:find_same_wires$5213 and $auto$equiv_make.cc:294:find_same_wires$5212.
      Merging cells $auto$equiv_make.cc:294:find_same_wires$5211 and $auto$equiv_make.cc:294:find_same_wires$5210.
      Merging cells $auto$equiv_make.cc:294:find_same_wires$5209 and $auto$equiv_make.cc:294:find_same_wires$5208.
      Merging cells $auto$equiv_make.cc:294:find_same_wires$5207 and $auto$equiv_make.cc:294:find_same_wires$5206.
      Merging cells $auto$equiv_make.cc:294:find_same_wires$5205 and $auto$equiv_make.cc:294:find_same_wires$5204.
      Merging cells $auto$equiv_make.cc:294:find_same_wires$5203 and $auto$equiv_make.cc:294:find_same_wires$5202.
      Merging cells $auto$equiv_make.cc:294:find_same_wires$5201 and $auto$equiv_make.cc:294:find_same_wires$5200.
      Merging cells $auto$equiv_make.cc:294:find_same_wires$5199 and $auto$equiv_make.cc:294:find_same_wires$5198.
      Merging cells $auto$equiv_make.cc:294:find_same_wires$5197 and $auto$equiv_make.cc:294:find_same_wires$5196.
      Merging cells $auto$equiv_make.cc:294:find_same_wires$5195 and $auto$equiv_make.cc:294:find_same_wires$4724.
      Merging cells $auto$equiv_make.cc:294:find_same_wires$4723 and $auto$equiv_make.cc:294:find_same_wires$4722.
      Merging cells $auto$equiv_make.cc:294:find_same_wires$4721 and $auto$equiv_make.cc:294:find_same_wires$4720.
      Merging cells $auto$equiv_make.cc:294:find_same_wires$4719 and $auto$equiv_make.cc:294:find_same_wires$4718.
      Merging cells $auto$equiv_make.cc:294:find_same_wires$4717 and $auto$equiv_make.cc:294:find_same_wires$4120.
      Merging cells $auto$equiv_make.cc:294:find_same_wires$4119 and $auto$equiv_make.cc:294:find_same_wires$4118.
      Merging cells $auto$equiv_make.cc:294:find_same_wires$4117 and $auto$equiv_make.cc:294:find_same_wires$4116.
      Merging cells $auto$equiv_make.cc:294:find_same_wires$4115 and $auto$equiv_make.cc:294:find_same_wires$4114.
      Merging cells $auto$equiv_make.cc:294:find_same_wires$4113 and $auto$equiv_make.cc:294:find_same_wires$4112.
      Merging cells $auto$equiv_make.cc:294:find_same_wires$4111 and $auto$equiv_make.cc:294:find_same_wires$4110.
      Merging cells $auto$equiv_make.cc:294:find_same_wires$4109 and $auto$equiv_make.cc:294:find_same_wires$4108.
      Merging cells $auto$equiv_make.cc:294:find_same_wires$4107 and $auto$equiv_make.cc:294:find_same_wires$4106.
      Merging cells $auto$equiv_make.cc:294:find_same_wires$4104 and $auto$equiv_make.cc:294:find_same_wires$4103.
      Merging cells $auto$equiv_make.cc:294:find_same_wires$4102 and $auto$equiv_make.cc:294:find_same_wires$4101.
      Merging cells $auto$equiv_make.cc:294:find_same_wires$4100 and $auto$equiv_make.cc:294:find_same_wires$4099.
      Merging cells $auto$equiv_make.cc:294:find_same_wires$4098 and $auto$equiv_make.cc:294:find_same_wires$4097.
      Merging cells $auto$equiv_make.cc:294:find_same_wires$4096 and $auto$equiv_make.cc:294:find_same_wires$4095.
      Merging cells $auto$equiv_make.cc:294:find_same_wires$4094 and $auto$equiv_make.cc:294:find_same_wires$4093.
      Merging cells $auto$equiv_make.cc:294:find_same_wires$4092 and $auto$equiv_make.cc:294:find_same_wires$4091.
      Merging cells $auto$equiv_make.cc:294:find_same_wires$4090 and $auto$equiv_make.cc:294:find_same_wires$4089.
      Merging cells $auto$equiv_make.cc:294:find_same_wires$4023 and $auto$equiv_make.cc:294:find_same_wires$4022.
      Merging cells $auto$equiv_make.cc:294:find_same_wires$4021 and $auto$equiv_make.cc:294:find_same_wires$4020.
      Merging cells $auto$equiv_make.cc:294:find_same_wires$4019 and $auto$equiv_make.cc:294:find_same_wires$4018.
      Merging cells $auto$equiv_make.cc:294:find_same_wires$4017 and $auto$equiv_make.cc:294:find_same_wires$4016.
      Merging cells $auto$equiv_make.cc:294:find_same_wires$4015 and $auto$equiv_make.cc:294:find_same_wires$4014.
      Merging cells $auto$equiv_make.cc:294:find_same_wires$4013 and $auto$equiv_make.cc:294:find_same_wires$4012.
      Merging cells $auto$equiv_make.cc:294:find_same_wires$4011 and $auto$equiv_make.cc:294:find_same_wires$4010.
      Merging cells $auto$equiv_make.cc:294:find_same_wires$4009 and $auto$equiv_make.cc:294:find_same_wires$4008.
      Merging cells $auto$equiv_make.cc:294:find_same_wires$4007 and $auto$equiv_make.cc:294:find_same_wires$4006.
      Merging cells $auto$equiv_make.cc:294:find_same_wires$4005 and $auto$equiv_make.cc:294:find_same_wires$4004.
      Merging cells $auto$equiv_make.cc:294:find_same_wires$4003 and $auto$equiv_make.cc:294:find_same_wires$4002.
      Merging cells $auto$equiv_make.cc:294:find_same_wires$4001 and $auto$equiv_make.cc:294:find_same_wires$4000.
      Merging cells $auto$equiv_make.cc:294:find_same_wires$3999 and $auto$equiv_make.cc:294:find_same_wires$3998.
      Merging cells $auto$equiv_make.cc:294:find_same_wires$3997 and $auto$equiv_make.cc:257:find_same_wires$3098.
    Fwd merging 12 $equiv cells (from group of 12) using strategy deduplicate:
      Merging cells $auto$equiv_make.cc:294:find_same_wires$5303 and $auto$equiv_make.cc:294:find_same_wires$5194.
      Merging cells $auto$equiv_make.cc:294:find_same_wires$5193 and $auto$equiv_make.cc:294:find_same_wires$5192.
      Merging cells $auto$equiv_make.cc:294:find_same_wires$5191 and $auto$equiv_make.cc:294:find_same_wires$5190.
      Merging cells $auto$equiv_make.cc:294:find_same_wires$4105 and $auto$equiv_make.cc:294:find_same_wires$3996.
      Merging cells $auto$equiv_make.cc:294:find_same_wires$3995 and $auto$equiv_make.cc:294:find_same_wires$3994.
      Merging cells $auto$equiv_make.cc:294:find_same_wires$3993 and $auto$equiv_make.cc:294:find_same_wires$3992.
    Fwd merging 4 $equiv cells (from group of 4) using strategy deduplicate:
      Merging cells $auto$equiv_make.cc:294:find_same_wires$4540 and $auto$equiv_make.cc:294:find_same_wires$3991.
      Merging cells $auto$equiv_make.cc:294:find_same_wires$3231 and $auto$equiv_make.cc:294:find_same_wires$2877.
    Fwd merging 4 $equiv cells (from group of 4) using strategy deduplicate:
      Merging cells $auto$equiv_make.cc:294:find_same_wires$4537 and $auto$equiv_make.cc:294:find_same_wires$3989.
      Merging cells $auto$equiv_make.cc:294:find_same_wires$3230 and $auto$equiv_make.cc:294:find_same_wires$2875.
    Fwd merging 4 $equiv cells (from group of 4) using strategy deduplicate:
      Merging cells $auto$equiv_make.cc:294:find_same_wires$4536 and $auto$equiv_make.cc:294:find_same_wires$3988.
      Merging cells $auto$equiv_make.cc:294:find_same_wires$3229 and $auto$equiv_make.cc:294:find_same_wires$2874.
    Fwd merging 4 $equiv cells (from group of 4) using strategy deduplicate:
      Merging cells $auto$equiv_make.cc:294:find_same_wires$4535 and $auto$equiv_make.cc:294:find_same_wires$3987.
      Merging cells $auto$equiv_make.cc:294:find_same_wires$3228 and $auto$equiv_make.cc:294:find_same_wires$2873.
    Fwd merging 4 $equiv cells (from group of 4) using strategy deduplicate:
      Merging cells $auto$equiv_make.cc:294:find_same_wires$4534 and $auto$equiv_make.cc:294:find_same_wires$3986.
      Merging cells $auto$equiv_make.cc:294:find_same_wires$3227 and $auto$equiv_make.cc:294:find_same_wires$2872.
    Fwd merging 4 $equiv cells (from group of 4) using strategy deduplicate:
      Merging cells $auto$equiv_make.cc:294:find_same_wires$4533 and $auto$equiv_make.cc:294:find_same_wires$3985.
      Merging cells $auto$equiv_make.cc:294:find_same_wires$3226 and $auto$equiv_make.cc:294:find_same_wires$2871.
    Fwd merging 4 $equiv cells (from group of 4) using strategy deduplicate:
      Merging cells $auto$equiv_make.cc:294:find_same_wires$4532 and $auto$equiv_make.cc:294:find_same_wires$3984.
      Merging cells $auto$equiv_make.cc:294:find_same_wires$3225 and $auto$equiv_make.cc:294:find_same_wires$2870.
    Fwd merging 4 $equiv cells (from group of 4) using strategy deduplicate:
      Merging cells $auto$equiv_make.cc:294:find_same_wires$4531 and $auto$equiv_make.cc:294:find_same_wires$3983.
      Merging cells $auto$equiv_make.cc:294:find_same_wires$3224 and $auto$equiv_make.cc:294:find_same_wires$2869.
    Fwd merging 4 $equiv cells (from group of 4) using strategy deduplicate:
      Merging cells $auto$equiv_make.cc:294:find_same_wires$4530 and $auto$equiv_make.cc:294:find_same_wires$3982.
      Merging cells $auto$equiv_make.cc:294:find_same_wires$3223 and $auto$equiv_make.cc:294:find_same_wires$2868.
    Fwd merging 4 $equiv cells (from group of 4) using strategy deduplicate:
      Merging cells $auto$equiv_make.cc:294:find_same_wires$4529 and $auto$equiv_make.cc:294:find_same_wires$3981.
      Merging cells $auto$equiv_make.cc:294:find_same_wires$3222 and $auto$equiv_make.cc:294:find_same_wires$2867.
    Fwd merging 4 $equiv cells (from group of 4) using strategy deduplicate:
      Merging cells $auto$equiv_make.cc:294:find_same_wires$4528 and $auto$equiv_make.cc:294:find_same_wires$3980.
      Merging cells $auto$equiv_make.cc:294:find_same_wires$3221 and $auto$equiv_make.cc:294:find_same_wires$2866.
    Fwd merging 4 $equiv cells (from group of 4) using strategy deduplicate:
      Merging cells $auto$equiv_make.cc:294:find_same_wires$4527 and $auto$equiv_make.cc:294:find_same_wires$3979.
      Merging cells $auto$equiv_make.cc:294:find_same_wires$3220 and $auto$equiv_make.cc:294:find_same_wires$2865.
    Fwd merging 4 $equiv cells (from group of 4) using strategy deduplicate:
      Merging cells $auto$equiv_make.cc:294:find_same_wires$4526 and $auto$equiv_make.cc:294:find_same_wires$3978.
      Merging cells $auto$equiv_make.cc:294:find_same_wires$3219 and $auto$equiv_make.cc:294:find_same_wires$2864.
    Fwd merging 4 $equiv cells (from group of 4) using strategy deduplicate:
      Merging cells $auto$equiv_make.cc:294:find_same_wires$4525 and $auto$equiv_make.cc:294:find_same_wires$3977.
      Merging cells $auto$equiv_make.cc:294:find_same_wires$3218 and $auto$equiv_make.cc:294:find_same_wires$2863.
    Fwd merging 4 $equiv cells (from group of 4) using strategy deduplicate:
      Merging cells $auto$equiv_make.cc:294:find_same_wires$4524 and $auto$equiv_make.cc:294:find_same_wires$3976.
      Merging cells $auto$equiv_make.cc:294:find_same_wires$3217 and $auto$equiv_make.cc:294:find_same_wires$2862.
    Fwd merging 4 $equiv cells (from group of 4) using strategy deduplicate:
      Merging cells $auto$equiv_make.cc:294:find_same_wires$4523 and $auto$equiv_make.cc:294:find_same_wires$3975.
      Merging cells $auto$equiv_make.cc:294:find_same_wires$3216 and $auto$equiv_make.cc:294:find_same_wires$2861.
    Fwd merging 4 $equiv cells (from group of 4) using strategy deduplicate:
      Merging cells $auto$equiv_make.cc:294:find_same_wires$4522 and $auto$equiv_make.cc:294:find_same_wires$3974.
      Merging cells $auto$equiv_make.cc:294:find_same_wires$3215 and $auto$equiv_make.cc:294:find_same_wires$2860.
    Fwd merging 4 $equiv cells (from group of 4) using strategy deduplicate:
      Merging cells $auto$equiv_make.cc:294:find_same_wires$4521 and $auto$equiv_make.cc:294:find_same_wires$3973.
      Merging cells $auto$equiv_make.cc:294:find_same_wires$3214 and $auto$equiv_make.cc:294:find_same_wires$2859.
    Fwd merging 4 $equiv cells (from group of 4) using strategy deduplicate:
      Merging cells $auto$equiv_make.cc:294:find_same_wires$4520 and $auto$equiv_make.cc:294:find_same_wires$3972.
      Merging cells $auto$equiv_make.cc:294:find_same_wires$3213 and $auto$equiv_make.cc:294:find_same_wires$2858.
    Fwd merging 4 $equiv cells (from group of 4) using strategy deduplicate:
      Merging cells $auto$equiv_make.cc:294:find_same_wires$4519 and $auto$equiv_make.cc:294:find_same_wires$3971.
      Merging cells $auto$equiv_make.cc:294:find_same_wires$3212 and $auto$equiv_make.cc:294:find_same_wires$2857.
    Fwd merging 4 $equiv cells (from group of 4) using strategy deduplicate:
      Merging cells $auto$equiv_make.cc:294:find_same_wires$4518 and $auto$equiv_make.cc:294:find_same_wires$3970.
      Merging cells $auto$equiv_make.cc:294:find_same_wires$3211 and $auto$equiv_make.cc:294:find_same_wires$2856.
    Fwd merging 4 $equiv cells (from group of 4) using strategy deduplicate:
      Merging cells $auto$equiv_make.cc:294:find_same_wires$4517 and $auto$equiv_make.cc:294:find_same_wires$3969.
      Merging cells $auto$equiv_make.cc:294:find_same_wires$3210 and $auto$equiv_make.cc:294:find_same_wires$2855.
    Fwd merging 4 $equiv cells (from group of 4) using strategy deduplicate:
      Merging cells $auto$equiv_make.cc:294:find_same_wires$4516 and $auto$equiv_make.cc:294:find_same_wires$3968.
      Merging cells $auto$equiv_make.cc:294:find_same_wires$3209 and $auto$equiv_make.cc:294:find_same_wires$2854.
    Fwd merging 4 $equiv cells (from group of 4) using strategy deduplicate:
      Merging cells $auto$equiv_make.cc:294:find_same_wires$4515 and $auto$equiv_make.cc:294:find_same_wires$3967.
      Merging cells $auto$equiv_make.cc:294:find_same_wires$3208 and $auto$equiv_make.cc:294:find_same_wires$2853.
    Fwd merging 4 $equiv cells (from group of 4) using strategy deduplicate:
      Merging cells $auto$equiv_make.cc:294:find_same_wires$4514 and $auto$equiv_make.cc:294:find_same_wires$3966.
      Merging cells $auto$equiv_make.cc:294:find_same_wires$3207 and $auto$equiv_make.cc:294:find_same_wires$2852.
    Fwd merging 4 $equiv cells (from group of 4) using strategy deduplicate:
      Merging cells $auto$equiv_make.cc:294:find_same_wires$4513 and $auto$equiv_make.cc:294:find_same_wires$3965.
      Merging cells $auto$equiv_make.cc:294:find_same_wires$3206 and $auto$equiv_make.cc:294:find_same_wires$2851.
    Fwd merging 4 $equiv cells (from group of 4) using strategy deduplicate:
      Merging cells $auto$equiv_make.cc:294:find_same_wires$4512 and $auto$equiv_make.cc:294:find_same_wires$3964.
      Merging cells $auto$equiv_make.cc:294:find_same_wires$3205 and $auto$equiv_make.cc:294:find_same_wires$2850.
    Fwd merging 4 $equiv cells (from group of 4) using strategy deduplicate:
      Merging cells $auto$equiv_make.cc:294:find_same_wires$4511 and $auto$equiv_make.cc:294:find_same_wires$3963.
      Merging cells $auto$equiv_make.cc:294:find_same_wires$3204 and $auto$equiv_make.cc:294:find_same_wires$2849.
    Fwd merging 4 $equiv cells (from group of 4) using strategy deduplicate:
      Merging cells $auto$equiv_make.cc:294:find_same_wires$4510 and $auto$equiv_make.cc:294:find_same_wires$3962.
      Merging cells $auto$equiv_make.cc:294:find_same_wires$3203 and $auto$equiv_make.cc:294:find_same_wires$2848.
    Fwd merging 4 $equiv cells (from group of 4) using strategy deduplicate:
      Merging cells $auto$equiv_make.cc:294:find_same_wires$4509 and $auto$equiv_make.cc:294:find_same_wires$3961.
      Merging cells $auto$equiv_make.cc:294:find_same_wires$3202 and $auto$equiv_make.cc:294:find_same_wires$2847.
    Fwd merging 4 $equiv cells (from group of 4) using strategy deduplicate:
      Merging cells $auto$equiv_make.cc:294:find_same_wires$4508 and $auto$equiv_make.cc:294:find_same_wires$3960.
      Merging cells $auto$equiv_make.cc:294:find_same_wires$3201 and $auto$equiv_make.cc:294:find_same_wires$2846.
    Fwd merging 4 $equiv cells (from group of 4) using strategy deduplicate:
      Merging cells $auto$equiv_make.cc:294:find_same_wires$4507 and $auto$equiv_make.cc:294:find_same_wires$3959.
      Merging cells $auto$equiv_make.cc:294:find_same_wires$3200 and $auto$equiv_make.cc:294:find_same_wires$2845.
    Fwd merging 4 $equiv cells (from group of 4) using strategy deduplicate:
      Merging cells $auto$equiv_make.cc:294:find_same_wires$4506 and $auto$equiv_make.cc:294:find_same_wires$3958.
      Merging cells $auto$equiv_make.cc:294:find_same_wires$3199 and $auto$equiv_make.cc:294:find_same_wires$2844.
    Fwd merging 4 $equiv cells (from group of 4) using strategy deduplicate:
      Merging cells $auto$equiv_make.cc:294:find_same_wires$4505 and $auto$equiv_make.cc:294:find_same_wires$3957.
      Merging cells $auto$equiv_make.cc:294:find_same_wires$3198 and $auto$equiv_make.cc:294:find_same_wires$2843.
    Fwd merging 4 $equiv cells (from group of 4) using strategy deduplicate:
      Merging cells $auto$equiv_make.cc:294:find_same_wires$4504 and $auto$equiv_make.cc:294:find_same_wires$3956.
      Merging cells $auto$equiv_make.cc:294:find_same_wires$3197 and $auto$equiv_make.cc:294:find_same_wires$2842.
    Fwd merging 4 $equiv cells (from group of 4) using strategy deduplicate:
      Merging cells $auto$equiv_make.cc:294:find_same_wires$4503 and $auto$equiv_make.cc:294:find_same_wires$3955.
      Merging cells $auto$equiv_make.cc:294:find_same_wires$3196 and $auto$equiv_make.cc:294:find_same_wires$2841.
    Fwd merging 4 $equiv cells (from group of 4) using strategy deduplicate:
      Merging cells $auto$equiv_make.cc:294:find_same_wires$4502 and $auto$equiv_make.cc:294:find_same_wires$3954.
      Merging cells $auto$equiv_make.cc:294:find_same_wires$3195 and $auto$equiv_make.cc:294:find_same_wires$2840.
    Fwd merging 4 $equiv cells (from group of 4) using strategy deduplicate:
      Merging cells $auto$equiv_make.cc:294:find_same_wires$4501 and $auto$equiv_make.cc:294:find_same_wires$3953.
      Merging cells $auto$equiv_make.cc:294:find_same_wires$3194 and $auto$equiv_make.cc:294:find_same_wires$2839.
    Fwd merging 4 $equiv cells (from group of 4) using strategy deduplicate:
      Merging cells $auto$equiv_make.cc:294:find_same_wires$4500 and $auto$equiv_make.cc:294:find_same_wires$3952.
      Merging cells $auto$equiv_make.cc:294:find_same_wires$3193 and $auto$equiv_make.cc:294:find_same_wires$2838.
    Fwd merging 4 $equiv cells (from group of 4) using strategy deduplicate:
      Merging cells $auto$equiv_make.cc:294:find_same_wires$4499 and $auto$equiv_make.cc:294:find_same_wires$3951.
      Merging cells $auto$equiv_make.cc:294:find_same_wires$3192 and $auto$equiv_make.cc:294:find_same_wires$2837.
    Fwd merging 4 $equiv cells (from group of 4) using strategy deduplicate:
      Merging cells $auto$equiv_make.cc:294:find_same_wires$4498 and $auto$equiv_make.cc:294:find_same_wires$3950.
      Merging cells $auto$equiv_make.cc:294:find_same_wires$3191 and $auto$equiv_make.cc:294:find_same_wires$2836.
    Fwd merging 4 $equiv cells (from group of 4) using strategy deduplicate:
      Merging cells $auto$equiv_make.cc:294:find_same_wires$4497 and $auto$equiv_make.cc:294:find_same_wires$3949.
      Merging cells $auto$equiv_make.cc:294:find_same_wires$3190 and $auto$equiv_make.cc:294:find_same_wires$2835.
    Fwd merging 4 $equiv cells (from group of 4) using strategy deduplicate:
      Merging cells $auto$equiv_make.cc:294:find_same_wires$4496 and $auto$equiv_make.cc:294:find_same_wires$3948.
      Merging cells $auto$equiv_make.cc:294:find_same_wires$3189 and $auto$equiv_make.cc:294:find_same_wires$2834.
    Fwd merging 4 $equiv cells (from group of 4) using strategy deduplicate:
      Merging cells $auto$equiv_make.cc:294:find_same_wires$4495 and $auto$equiv_make.cc:294:find_same_wires$3947.
      Merging cells $auto$equiv_make.cc:294:find_same_wires$3188 and $auto$equiv_make.cc:294:find_same_wires$2833.
    Fwd merging 4 $equiv cells (from group of 4) using strategy deduplicate:
      Merging cells $auto$equiv_make.cc:294:find_same_wires$4494 and $auto$equiv_make.cc:294:find_same_wires$3946.
      Merging cells $auto$equiv_make.cc:294:find_same_wires$3187 and $auto$equiv_make.cc:294:find_same_wires$2832.
    Fwd merging 4 $equiv cells (from group of 4) using strategy deduplicate:
      Merging cells $auto$equiv_make.cc:294:find_same_wires$4493 and $auto$equiv_make.cc:294:find_same_wires$3945.
      Merging cells $auto$equiv_make.cc:294:find_same_wires$3186 and $auto$equiv_make.cc:294:find_same_wires$2831.
    Fwd merging 4 $equiv cells (from group of 4) using strategy deduplicate:
      Merging cells $auto$equiv_make.cc:294:find_same_wires$4492 and $auto$equiv_make.cc:294:find_same_wires$3944.
      Merging cells $auto$equiv_make.cc:294:find_same_wires$3185 and $auto$equiv_make.cc:294:find_same_wires$2830.
    Fwd merging 4 $equiv cells (from group of 4) using strategy deduplicate:
      Merging cells $auto$equiv_make.cc:294:find_same_wires$4491 and $auto$equiv_make.cc:294:find_same_wires$3943.
      Merging cells $auto$equiv_make.cc:294:find_same_wires$3184 and $auto$equiv_make.cc:294:find_same_wires$2829.
    Fwd merging 4 $equiv cells (from group of 4) using strategy deduplicate:
      Merging cells $auto$equiv_make.cc:294:find_same_wires$4490 and $auto$equiv_make.cc:294:find_same_wires$3942.
      Merging cells $auto$equiv_make.cc:294:find_same_wires$3183 and $auto$equiv_make.cc:294:find_same_wires$2828.
    Fwd merging 4 $equiv cells (from group of 4) using strategy deduplicate:
      Merging cells $auto$equiv_make.cc:294:find_same_wires$4489 and $auto$equiv_make.cc:294:find_same_wires$3941.
      Merging cells $auto$equiv_make.cc:294:find_same_wires$3182 and $auto$equiv_make.cc:294:find_same_wires$2827.
    Fwd merging 4 $equiv cells (from group of 4) using strategy deduplicate:
      Merging cells $auto$equiv_make.cc:294:find_same_wires$4488 and $auto$equiv_make.cc:294:find_same_wires$3940.
      Merging cells $auto$equiv_make.cc:294:find_same_wires$3181 and $auto$equiv_make.cc:294:find_same_wires$2826.
    Fwd merging 4 $equiv cells (from group of 4) using strategy deduplicate:
      Merging cells $auto$equiv_make.cc:294:find_same_wires$4487 and $auto$equiv_make.cc:294:find_same_wires$3939.
      Merging cells $auto$equiv_make.cc:294:find_same_wires$3180 and $auto$equiv_make.cc:294:find_same_wires$2825.
    Fwd merging 4 $equiv cells (from group of 4) using strategy deduplicate:
      Merging cells $auto$equiv_make.cc:294:find_same_wires$4486 and $auto$equiv_make.cc:294:find_same_wires$3938.
      Merging cells $auto$equiv_make.cc:294:find_same_wires$3179 and $auto$equiv_make.cc:294:find_same_wires$2824.
    Fwd merging 4 $equiv cells (from group of 4) using strategy deduplicate:
      Merging cells $auto$equiv_make.cc:294:find_same_wires$4485 and $auto$equiv_make.cc:294:find_same_wires$3937.
      Merging cells $auto$equiv_make.cc:294:find_same_wires$3178 and $auto$equiv_make.cc:294:find_same_wires$2823.
    Fwd merging 4 $equiv cells (from group of 4) using strategy deduplicate:
      Merging cells $auto$equiv_make.cc:294:find_same_wires$4484 and $auto$equiv_make.cc:294:find_same_wires$3936.
      Merging cells $auto$equiv_make.cc:294:find_same_wires$3177 and $auto$equiv_make.cc:294:find_same_wires$2822.
    Fwd merging 4 $equiv cells (from group of 4) using strategy deduplicate:
      Merging cells $auto$equiv_make.cc:294:find_same_wires$4483 and $auto$equiv_make.cc:294:find_same_wires$3935.
      Merging cells $auto$equiv_make.cc:294:find_same_wires$3176 and $auto$equiv_make.cc:294:find_same_wires$2821.
    Fwd merging 4 $equiv cells (from group of 4) using strategy deduplicate:
      Merging cells $auto$equiv_make.cc:294:find_same_wires$4482 and $auto$equiv_make.cc:294:find_same_wires$3934.
      Merging cells $auto$equiv_make.cc:294:find_same_wires$3175 and $auto$equiv_make.cc:294:find_same_wires$2820.
    Fwd merging 4 $equiv cells (from group of 4) using strategy deduplicate:
      Merging cells $auto$equiv_make.cc:294:find_same_wires$4481 and $auto$equiv_make.cc:294:find_same_wires$3933.
      Merging cells $auto$equiv_make.cc:294:find_same_wires$3174 and $auto$equiv_make.cc:294:find_same_wires$2819.
    Fwd merging 4 $equiv cells (from group of 4) using strategy deduplicate:
      Merging cells $auto$equiv_make.cc:294:find_same_wires$4480 and $auto$equiv_make.cc:294:find_same_wires$3932.
      Merging cells $auto$equiv_make.cc:294:find_same_wires$3173 and $auto$equiv_make.cc:294:find_same_wires$2818.
    Fwd merging 4 $equiv cells (from group of 4) using strategy deduplicate:
      Merging cells $auto$equiv_make.cc:294:find_same_wires$4479 and $auto$equiv_make.cc:294:find_same_wires$3931.
      Merging cells $auto$equiv_make.cc:294:find_same_wires$3172 and $auto$equiv_make.cc:294:find_same_wires$2817.
    Fwd merging 4 $equiv cells (from group of 4) using strategy deduplicate:
      Merging cells $auto$equiv_make.cc:294:find_same_wires$4478 and $auto$equiv_make.cc:294:find_same_wires$3930.
      Merging cells $auto$equiv_make.cc:294:find_same_wires$3171 and $auto$equiv_make.cc:294:find_same_wires$2816.
    Fwd merging 4 $equiv cells (from group of 4) using strategy deduplicate:
      Merging cells $auto$equiv_make.cc:294:find_same_wires$4477 and $auto$equiv_make.cc:294:find_same_wires$3929.
      Merging cells $auto$equiv_make.cc:294:find_same_wires$3170 and $auto$equiv_make.cc:294:find_same_wires$2815.
    Fwd merging 4 $equiv cells (from group of 4) using strategy deduplicate:
      Merging cells $auto$equiv_make.cc:294:find_same_wires$4476 and $auto$equiv_make.cc:294:find_same_wires$3928.
      Merging cells $auto$equiv_make.cc:294:find_same_wires$3169 and $auto$equiv_make.cc:294:find_same_wires$2814.
    Fwd merging 4 $equiv cells (from group of 4) using strategy deduplicate:
      Merging cells $auto$equiv_make.cc:294:find_same_wires$4475 and $auto$equiv_make.cc:294:find_same_wires$3927.
      Merging cells $auto$equiv_make.cc:294:find_same_wires$3168 and $auto$equiv_make.cc:294:find_same_wires$2813.
    Fwd merging 4 $equiv cells (from group of 4) using strategy deduplicate:
      Merging cells $auto$equiv_make.cc:294:find_same_wires$4474 and $auto$equiv_make.cc:294:find_same_wires$3926.
      Merging cells $auto$equiv_make.cc:294:find_same_wires$3167 and $auto$equiv_make.cc:294:find_same_wires$2812.
    Fwd merging 4 $equiv cells (from group of 4) using strategy deduplicate:
      Merging cells $auto$equiv_make.cc:294:find_same_wires$4471 and $auto$equiv_make.cc:294:find_same_wires$3924.
      Merging cells $auto$equiv_make.cc:294:find_same_wires$3166 and $auto$equiv_make.cc:294:find_same_wires$2810.
    Fwd merging 4 $equiv cells (from group of 4) using strategy deduplicate:
      Merging cells $auto$equiv_make.cc:294:find_same_wires$5695 and $auto$equiv_make.cc:294:find_same_wires$5354.
      Merging cells $auto$equiv_make.cc:294:find_same_wires$3165 and $auto$equiv_make.cc:294:find_same_wires$3030.
    Fwd merging 4 $equiv cells (from group of 4) using strategy deduplicate:
      Merging cells $auto$equiv_make.cc:294:find_same_wires$5727 and $auto$equiv_make.cc:294:find_same_wires$5386.
      Merging cells $auto$equiv_make.cc:294:find_same_wires$3162 and $auto$equiv_make.cc:294:find_same_wires$3062.
    Fwd merging 4 $equiv cells (from group of 4) using strategy deduplicate:
      Merging cells $auto$equiv_make.cc:294:find_same_wires$5726 and $auto$equiv_make.cc:294:find_same_wires$5385.
      Merging cells $auto$equiv_make.cc:294:find_same_wires$3161 and $auto$equiv_make.cc:294:find_same_wires$3061.
    Fwd merging 4 $equiv cells (from group of 4) using strategy deduplicate:
      Merging cells $auto$equiv_make.cc:294:find_same_wires$5725 and $auto$equiv_make.cc:294:find_same_wires$5384.
      Merging cells $auto$equiv_make.cc:294:find_same_wires$3160 and $auto$equiv_make.cc:294:find_same_wires$3060.
    Fwd merging 4 $equiv cells (from group of 4) using strategy deduplicate:
      Merging cells $auto$equiv_make.cc:294:find_same_wires$5724 and $auto$equiv_make.cc:294:find_same_wires$5383.
      Merging cells $auto$equiv_make.cc:294:find_same_wires$3159 and $auto$equiv_make.cc:294:find_same_wires$3059.
    Fwd merging 4 $equiv cells (from group of 4) using strategy deduplicate:
      Merging cells $auto$equiv_make.cc:294:find_same_wires$5723 and $auto$equiv_make.cc:294:find_same_wires$5382.
      Merging cells $auto$equiv_make.cc:294:find_same_wires$3158 and $auto$equiv_make.cc:294:find_same_wires$3058.
    Fwd merging 4 $equiv cells (from group of 4) using strategy deduplicate:
      Merging cells $auto$equiv_make.cc:294:find_same_wires$5722 and $auto$equiv_make.cc:294:find_same_wires$5381.
      Merging cells $auto$equiv_make.cc:294:find_same_wires$3157 and $auto$equiv_make.cc:294:find_same_wires$3057.
    Fwd merging 4 $equiv cells (from group of 4) using strategy deduplicate:
      Merging cells $auto$equiv_make.cc:294:find_same_wires$5721 and $auto$equiv_make.cc:294:find_same_wires$5380.
      Merging cells $auto$equiv_make.cc:294:find_same_wires$3156 and $auto$equiv_make.cc:294:find_same_wires$3056.
    Fwd merging 4 $equiv cells (from group of 4) using strategy deduplicate:
      Merging cells $auto$equiv_make.cc:294:find_same_wires$5720 and $auto$equiv_make.cc:294:find_same_wires$5379.
      Merging cells $auto$equiv_make.cc:294:find_same_wires$3155 and $auto$equiv_make.cc:294:find_same_wires$3055.
    Fwd merging 4 $equiv cells (from group of 4) using strategy deduplicate:
      Merging cells $auto$equiv_make.cc:294:find_same_wires$5719 and $auto$equiv_make.cc:294:find_same_wires$5378.
      Merging cells $auto$equiv_make.cc:294:find_same_wires$3154 and $auto$equiv_make.cc:294:find_same_wires$3054.
    Fwd merging 4 $equiv cells (from group of 4) using strategy deduplicate:
      Merging cells $auto$equiv_make.cc:294:find_same_wires$5718 and $auto$equiv_make.cc:294:find_same_wires$5377.
      Merging cells $auto$equiv_make.cc:294:find_same_wires$3153 and $auto$equiv_make.cc:294:find_same_wires$3053.
    Fwd merging 4 $equiv cells (from group of 4) using strategy deduplicate:
      Merging cells $auto$equiv_make.cc:294:find_same_wires$5717 and $auto$equiv_make.cc:294:find_same_wires$5376.
      Merging cells $auto$equiv_make.cc:294:find_same_wires$3152 and $auto$equiv_make.cc:294:find_same_wires$3052.
    Fwd merging 4 $equiv cells (from group of 4) using strategy deduplicate:
      Merging cells $auto$equiv_make.cc:294:find_same_wires$5716 and $auto$equiv_make.cc:294:find_same_wires$5375.
      Merging cells $auto$equiv_make.cc:294:find_same_wires$3151 and $auto$equiv_make.cc:294:find_same_wires$3051.
    Fwd merging 4 $equiv cells (from group of 4) using strategy deduplicate:
      Merging cells $auto$equiv_make.cc:294:find_same_wires$5715 and $auto$equiv_make.cc:294:find_same_wires$5374.
      Merging cells $auto$equiv_make.cc:294:find_same_wires$3150 and $auto$equiv_make.cc:294:find_same_wires$3050.
    Fwd merging 4 $equiv cells (from group of 4) using strategy deduplicate:
      Merging cells $auto$equiv_make.cc:294:find_same_wires$5714 and $auto$equiv_make.cc:294:find_same_wires$5373.
      Merging cells $auto$equiv_make.cc:294:find_same_wires$3149 and $auto$equiv_make.cc:294:find_same_wires$3049.
    Fwd merging 4 $equiv cells (from group of 4) using strategy deduplicate:
      Merging cells $auto$equiv_make.cc:294:find_same_wires$5713 and $auto$equiv_make.cc:294:find_same_wires$5372.
      Merging cells $auto$equiv_make.cc:294:find_same_wires$3148 and $auto$equiv_make.cc:294:find_same_wires$3048.
    Fwd merging 4 $equiv cells (from group of 4) using strategy deduplicate:
      Merging cells $auto$equiv_make.cc:294:find_same_wires$5712 and $auto$equiv_make.cc:294:find_same_wires$5371.
      Merging cells $auto$equiv_make.cc:294:find_same_wires$3147 and $auto$equiv_make.cc:294:find_same_wires$3047.
    Fwd merging 4 $equiv cells (from group of 4) using strategy deduplicate:
      Merging cells $auto$equiv_make.cc:294:find_same_wires$5711 and $auto$equiv_make.cc:294:find_same_wires$5370.
      Merging cells $auto$equiv_make.cc:294:find_same_wires$3146 and $auto$equiv_make.cc:294:find_same_wires$3046.
    Fwd merging 4 $equiv cells (from group of 4) using strategy deduplicate:
      Merging cells $auto$equiv_make.cc:294:find_same_wires$5710 and $auto$equiv_make.cc:294:find_same_wires$5369.
      Merging cells $auto$equiv_make.cc:294:find_same_wires$3145 and $auto$equiv_make.cc:294:find_same_wires$3045.
    Fwd merging 4 $equiv cells (from group of 4) using strategy deduplicate:
      Merging cells $auto$equiv_make.cc:294:find_same_wires$5709 and $auto$equiv_make.cc:294:find_same_wires$5368.
      Merging cells $auto$equiv_make.cc:294:find_same_wires$3144 and $auto$equiv_make.cc:294:find_same_wires$3044.
    Fwd merging 4 $equiv cells (from group of 4) using strategy deduplicate:
      Merging cells $auto$equiv_make.cc:294:find_same_wires$5708 and $auto$equiv_make.cc:294:find_same_wires$5367.
      Merging cells $auto$equiv_make.cc:294:find_same_wires$3143 and $auto$equiv_make.cc:294:find_same_wires$3043.
    Fwd merging 4 $equiv cells (from group of 4) using strategy deduplicate:
      Merging cells $auto$equiv_make.cc:294:find_same_wires$5707 and $auto$equiv_make.cc:294:find_same_wires$5366.
      Merging cells $auto$equiv_make.cc:294:find_same_wires$3142 and $auto$equiv_make.cc:294:find_same_wires$3042.
    Fwd merging 4 $equiv cells (from group of 4) using strategy deduplicate:
      Merging cells $auto$equiv_make.cc:294:find_same_wires$5706 and $auto$equiv_make.cc:294:find_same_wires$5365.
      Merging cells $auto$equiv_make.cc:294:find_same_wires$3141 and $auto$equiv_make.cc:294:find_same_wires$3041.
    Fwd merging 4 $equiv cells (from group of 4) using strategy deduplicate:
      Merging cells $auto$equiv_make.cc:294:find_same_wires$5705 and $auto$equiv_make.cc:294:find_same_wires$5364.
      Merging cells $auto$equiv_make.cc:294:find_same_wires$3140 and $auto$equiv_make.cc:294:find_same_wires$3040.
    Fwd merging 4 $equiv cells (from group of 4) using strategy deduplicate:
      Merging cells $auto$equiv_make.cc:294:find_same_wires$5704 and $auto$equiv_make.cc:294:find_same_wires$5363.
      Merging cells $auto$equiv_make.cc:294:find_same_wires$3139 and $auto$equiv_make.cc:294:find_same_wires$3039.
    Fwd merging 4 $equiv cells (from group of 4) using strategy deduplicate:
      Merging cells $auto$equiv_make.cc:294:find_same_wires$5703 and $auto$equiv_make.cc:294:find_same_wires$5362.
      Merging cells $auto$equiv_make.cc:294:find_same_wires$3138 and $auto$equiv_make.cc:294:find_same_wires$3038.
    Fwd merging 4 $equiv cells (from group of 4) using strategy deduplicate:
      Merging cells $auto$equiv_make.cc:294:find_same_wires$5702 and $auto$equiv_make.cc:294:find_same_wires$5361.
      Merging cells $auto$equiv_make.cc:294:find_same_wires$3137 and $auto$equiv_make.cc:294:find_same_wires$3037.
    Fwd merging 4 $equiv cells (from group of 4) using strategy deduplicate:
      Merging cells $auto$equiv_make.cc:294:find_same_wires$5701 and $auto$equiv_make.cc:294:find_same_wires$5360.
      Merging cells $auto$equiv_make.cc:294:find_same_wires$3136 and $auto$equiv_make.cc:294:find_same_wires$3036.
    Fwd merging 4 $equiv cells (from group of 4) using strategy deduplicate:
      Merging cells $auto$equiv_make.cc:294:find_same_wires$5700 and $auto$equiv_make.cc:294:find_same_wires$5359.
      Merging cells $auto$equiv_make.cc:294:find_same_wires$3135 and $auto$equiv_make.cc:294:find_same_wires$3035.
    Fwd merging 4 $equiv cells (from group of 4) using strategy deduplicate:
      Merging cells $auto$equiv_make.cc:294:find_same_wires$5699 and $auto$equiv_make.cc:294:find_same_wires$5358.
      Merging cells $auto$equiv_make.cc:294:find_same_wires$3134 and $auto$equiv_make.cc:294:find_same_wires$3034.
    Fwd merging 4 $equiv cells (from group of 4) using strategy deduplicate:
      Merging cells $auto$equiv_make.cc:294:find_same_wires$5698 and $auto$equiv_make.cc:294:find_same_wires$5357.
      Merging cells $auto$equiv_make.cc:294:find_same_wires$3133 and $auto$equiv_make.cc:294:find_same_wires$3033.
    Fwd merging 4 $equiv cells (from group of 4) using strategy deduplicate:
      Merging cells $auto$equiv_make.cc:294:find_same_wires$5697 and $auto$equiv_make.cc:294:find_same_wires$5356.
      Merging cells $auto$equiv_make.cc:294:find_same_wires$3132 and $auto$equiv_make.cc:294:find_same_wires$3032.
    Fwd merging 4 $equiv cells (from group of 4) using strategy deduplicate:
      Merging cells $auto$equiv_make.cc:294:find_same_wires$5696 and $auto$equiv_make.cc:294:find_same_wires$5355.
      Merging cells $auto$equiv_make.cc:294:find_same_wires$3131 and $auto$equiv_make.cc:294:find_same_wires$3031.
    Fwd merging 4 $equiv cells (from group of 4) using strategy deduplicate:
      Merging cells $auto$equiv_make.cc:294:find_same_wires$5694 and $auto$equiv_make.cc:294:find_same_wires$5353.
      Merging cells $auto$equiv_make.cc:294:find_same_wires$3130 and $auto$equiv_make.cc:294:find_same_wires$3029.
    Fwd merging 4 $equiv cells (from group of 4) using strategy deduplicate:
      Merging cells $auto$equiv_make.cc:294:find_same_wires$5693 and $auto$equiv_make.cc:294:find_same_wires$5352.
      Merging cells $auto$equiv_make.cc:294:find_same_wires$3129 and $auto$equiv_make.cc:294:find_same_wires$3028.
    Fwd merging 4 $equiv cells (from group of 4) using strategy deduplicate:
      Merging cells $auto$equiv_make.cc:294:find_same_wires$5692 and $auto$equiv_make.cc:294:find_same_wires$5351.
      Merging cells $auto$equiv_make.cc:294:find_same_wires$3128 and $auto$equiv_make.cc:294:find_same_wires$3027.
    Fwd merging 4 $equiv cells (from group of 4) using strategy deduplicate:
      Merging cells $auto$equiv_make.cc:294:find_same_wires$5691 and $auto$equiv_make.cc:294:find_same_wires$5350.
      Merging cells $auto$equiv_make.cc:294:find_same_wires$3127 and $auto$equiv_make.cc:294:find_same_wires$3026.
    Fwd merging 4 $equiv cells (from group of 4) using strategy deduplicate:
      Merging cells $auto$equiv_make.cc:294:find_same_wires$5690 and $auto$equiv_make.cc:294:find_same_wires$5349.
      Merging cells $auto$equiv_make.cc:294:find_same_wires$3126 and $auto$equiv_make.cc:294:find_same_wires$3025.
    Fwd merging 4 $equiv cells (from group of 4) using strategy deduplicate:
      Merging cells $auto$equiv_make.cc:294:find_same_wires$5689 and $auto$equiv_make.cc:294:find_same_wires$5348.
      Merging cells $auto$equiv_make.cc:294:find_same_wires$3125 and $auto$equiv_make.cc:294:find_same_wires$3024.
    Fwd merging 4 $equiv cells (from group of 4) using strategy deduplicate:
      Merging cells $auto$equiv_make.cc:294:find_same_wires$5688 and $auto$equiv_make.cc:294:find_same_wires$5347.
      Merging cells $auto$equiv_make.cc:294:find_same_wires$3124 and $auto$equiv_make.cc:294:find_same_wires$3023.
    Fwd merging 4 $equiv cells (from group of 4) using strategy deduplicate:
      Merging cells $auto$equiv_make.cc:294:find_same_wires$5687 and $auto$equiv_make.cc:294:find_same_wires$5346.
      Merging cells $auto$equiv_make.cc:294:find_same_wires$3123 and $auto$equiv_make.cc:294:find_same_wires$3022.
    Fwd merging 4 $equiv cells (from group of 4) using strategy deduplicate:
      Merging cells $auto$equiv_make.cc:294:find_same_wires$5686 and $auto$equiv_make.cc:294:find_same_wires$5345.
      Merging cells $auto$equiv_make.cc:294:find_same_wires$3122 and $auto$equiv_make.cc:294:find_same_wires$3021.
    Fwd merging 4 $equiv cells (from group of 4) using strategy deduplicate:
      Merging cells $auto$equiv_make.cc:294:find_same_wires$5685 and $auto$equiv_make.cc:294:find_same_wires$5344.
      Merging cells $auto$equiv_make.cc:294:find_same_wires$3121 and $auto$equiv_make.cc:294:find_same_wires$3020.
    Fwd merging 4 $equiv cells (from group of 4) using strategy deduplicate:
      Merging cells $auto$equiv_make.cc:294:find_same_wires$5684 and $auto$equiv_make.cc:294:find_same_wires$5343.
      Merging cells $auto$equiv_make.cc:294:find_same_wires$3120 and $auto$equiv_make.cc:294:find_same_wires$3019.
    Fwd merging 4 $equiv cells (from group of 4) using strategy deduplicate:
      Merging cells $auto$equiv_make.cc:294:find_same_wires$5683 and $auto$equiv_make.cc:294:find_same_wires$5342.
      Merging cells $auto$equiv_make.cc:294:find_same_wires$3119 and $auto$equiv_make.cc:294:find_same_wires$3018.
    Fwd merging 4 $equiv cells (from group of 4) using strategy deduplicate:
      Merging cells $auto$equiv_make.cc:294:find_same_wires$5682 and $auto$equiv_make.cc:294:find_same_wires$5341.
      Merging cells $auto$equiv_make.cc:294:find_same_wires$3118 and $auto$equiv_make.cc:294:find_same_wires$3017.
    Fwd merging 4 $equiv cells (from group of 4) using strategy deduplicate:
      Merging cells $auto$equiv_make.cc:294:find_same_wires$5681 and $auto$equiv_make.cc:294:find_same_wires$5340.
      Merging cells $auto$equiv_make.cc:294:find_same_wires$3117 and $auto$equiv_make.cc:294:find_same_wires$3016.
    Fwd merging 4 $equiv cells (from group of 4) using strategy deduplicate:
      Merging cells $auto$equiv_make.cc:294:find_same_wires$5680 and $auto$equiv_make.cc:294:find_same_wires$5339.
      Merging cells $auto$equiv_make.cc:294:find_same_wires$3116 and $auto$equiv_make.cc:294:find_same_wires$3015.
    Fwd merging 4 $equiv cells (from group of 4) using strategy deduplicate:
      Merging cells $auto$equiv_make.cc:294:find_same_wires$5679 and $auto$equiv_make.cc:294:find_same_wires$5338.
      Merging cells $auto$equiv_make.cc:294:find_same_wires$3115 and $auto$equiv_make.cc:294:find_same_wires$3014.
    Fwd merging 4 $equiv cells (from group of 4) using strategy deduplicate:
      Merging cells $auto$equiv_make.cc:294:find_same_wires$5678 and $auto$equiv_make.cc:294:find_same_wires$5337.
      Merging cells $auto$equiv_make.cc:294:find_same_wires$3114 and $auto$equiv_make.cc:294:find_same_wires$3013.
    Fwd merging 4 $equiv cells (from group of 4) using strategy deduplicate:
      Merging cells $auto$equiv_make.cc:294:find_same_wires$5677 and $auto$equiv_make.cc:294:find_same_wires$5336.
      Merging cells $auto$equiv_make.cc:294:find_same_wires$3113 and $auto$equiv_make.cc:294:find_same_wires$3012.
    Fwd merging 4 $equiv cells (from group of 4) using strategy deduplicate:
      Merging cells $auto$equiv_make.cc:294:find_same_wires$5676 and $auto$equiv_make.cc:294:find_same_wires$5335.
      Merging cells $auto$equiv_make.cc:294:find_same_wires$3112 and $auto$equiv_make.cc:294:find_same_wires$3011.
    Fwd merging 4 $equiv cells (from group of 4) using strategy deduplicate:
      Merging cells $auto$equiv_make.cc:294:find_same_wires$5675 and $auto$equiv_make.cc:294:find_same_wires$5334.
      Merging cells $auto$equiv_make.cc:294:find_same_wires$3111 and $auto$equiv_make.cc:294:find_same_wires$3010.
    Fwd merging 4 $equiv cells (from group of 4) using strategy deduplicate:
      Merging cells $auto$equiv_make.cc:294:find_same_wires$5674 and $auto$equiv_make.cc:294:find_same_wires$5333.
      Merging cells $auto$equiv_make.cc:294:find_same_wires$3110 and $auto$equiv_make.cc:294:find_same_wires$3009.
    Fwd merging 4 $equiv cells (from group of 4) using strategy deduplicate:
      Merging cells $auto$equiv_make.cc:294:find_same_wires$5673 and $auto$equiv_make.cc:294:find_same_wires$5332.
      Merging cells $auto$equiv_make.cc:294:find_same_wires$3109 and $auto$equiv_make.cc:294:find_same_wires$3008.
    Fwd merging 4 $equiv cells (from group of 4) using strategy deduplicate:
      Merging cells $auto$equiv_make.cc:294:find_same_wires$5672 and $auto$equiv_make.cc:294:find_same_wires$5331.
      Merging cells $auto$equiv_make.cc:294:find_same_wires$3108 and $auto$equiv_make.cc:294:find_same_wires$3007.
    Fwd merging 4 $equiv cells (from group of 4) using strategy deduplicate:
      Merging cells $auto$equiv_make.cc:294:find_same_wires$5671 and $auto$equiv_make.cc:294:find_same_wires$5330.
      Merging cells $auto$equiv_make.cc:294:find_same_wires$3107 and $auto$equiv_make.cc:294:find_same_wires$3006.
    Fwd merging 4 $equiv cells (from group of 5) using strategy deduplicate:
      Merging cells $auto$equiv_make.cc:294:find_same_wires$5670 and $auto$equiv_make.cc:294:find_same_wires$5329.
      Merging cells $auto$equiv_make.cc:294:find_same_wires$4755 and $auto$equiv_make.cc:294:find_same_wires$3106.
    Fwd merging 4 $equiv cells (from group of 5) using strategy deduplicate:
      Merging cells $auto$equiv_make.cc:294:find_same_wires$5669 and $auto$equiv_make.cc:294:find_same_wires$5328.
      Merging cells $auto$equiv_make.cc:294:find_same_wires$4754 and $auto$equiv_make.cc:294:find_same_wires$3105.
    Fwd merging 4 $equiv cells (from group of 5) using strategy deduplicate:
      Merging cells $auto$equiv_make.cc:294:find_same_wires$5668 and $auto$equiv_make.cc:294:find_same_wires$5327.
      Merging cells $auto$equiv_make.cc:294:find_same_wires$4753 and $auto$equiv_make.cc:294:find_same_wires$3104.
    Fwd merging 4 $equiv cells (from group of 5) using strategy deduplicate:
      Merging cells $auto$equiv_make.cc:294:find_same_wires$5667 and $auto$equiv_make.cc:294:find_same_wires$5326.
      Merging cells $auto$equiv_make.cc:294:find_same_wires$4752 and $auto$equiv_make.cc:294:find_same_wires$3103.
    Fwd merging 4 $equiv cells (from group of 5) using strategy deduplicate:
      Merging cells $auto$equiv_make.cc:294:find_same_wires$5666 and $auto$equiv_make.cc:294:find_same_wires$5325.
      Merging cells $auto$equiv_make.cc:294:find_same_wires$4751 and $auto$equiv_make.cc:294:find_same_wires$3102.
    Fwd merging 4 $equiv cells (from group of 5) using strategy deduplicate:
      Merging cells $auto$equiv_make.cc:294:find_same_wires$5665 and $auto$equiv_make.cc:294:find_same_wires$5324.
      Merging cells $auto$equiv_make.cc:294:find_same_wires$4750 and $auto$equiv_make.cc:294:find_same_wires$3101.
    Fwd merging 4 $equiv cells (from group of 5) using strategy deduplicate:
      Merging cells $auto$equiv_make.cc:294:find_same_wires$5664 and $auto$equiv_make.cc:294:find_same_wires$5323.
      Merging cells $auto$equiv_make.cc:294:find_same_wires$4749 and $auto$equiv_make.cc:294:find_same_wires$3100.
    Fwd merging 4 $equiv cells (from group of 5) using strategy deduplicate:
      Merging cells $auto$equiv_make.cc:294:find_same_wires$5663 and $auto$equiv_make.cc:294:find_same_wires$5322.
      Merging cells $auto$equiv_make.cc:294:find_same_wires$4748 and $auto$equiv_make.cc:294:find_same_wires$3099.
    Fwd merging 4 $equiv cells (from group of 4) using strategy deduplicate:
      Merging cells $auto$equiv_make.cc:294:find_same_wires$5454 and $auto$equiv_make.cc:294:find_same_wires$3163.
      Merging cells $auto$equiv_make.cc:294:find_same_wires$3097 and $auto$equiv_make.cc:294:find_same_wires$5762.
    Fwd merging 4 $equiv cells (from group of 4) using strategy deduplicate:
      Merging cells $auto$equiv_make.cc:294:find_same_wires$5453 and $auto$equiv_make.cc:294:find_same_wires$3164.
      Merging cells $auto$equiv_make.cc:294:find_same_wires$3096 and $auto$equiv_make.cc:294:find_same_wires$5761.
    Fwd merging 4 $equiv cells (from group of 5) using strategy deduplicate:
      Merging cells $auto$equiv_make.cc:294:find_same_wires$5757 and $auto$equiv_make.cc:294:find_same_wires$5448.
      Merging cells $auto$equiv_make.cc:294:find_same_wires$5416 and $auto$equiv_make.cc:294:find_same_wires$3092.
    Fwd merging 4 $equiv cells (from group of 5) using strategy deduplicate:
      Merging cells $auto$equiv_make.cc:294:find_same_wires$5756 and $auto$equiv_make.cc:294:find_same_wires$5447.
      Merging cells $auto$equiv_make.cc:294:find_same_wires$5415 and $auto$equiv_make.cc:294:find_same_wires$3091.
    Fwd merging 4 $equiv cells (from group of 5) using strategy deduplicate:
      Merging cells $auto$equiv_make.cc:294:find_same_wires$5755 and $auto$equiv_make.cc:294:find_same_wires$5446.
      Merging cells $auto$equiv_make.cc:294:find_same_wires$5414 and $auto$equiv_make.cc:294:find_same_wires$3090.
    Fwd merging 4 $equiv cells (from group of 5) using strategy deduplicate:
      Merging cells $auto$equiv_make.cc:294:find_same_wires$5754 and $auto$equiv_make.cc:294:find_same_wires$5445.
      Merging cells $auto$equiv_make.cc:294:find_same_wires$5413 and $auto$equiv_make.cc:294:find_same_wires$3089.
    Fwd merging 4 $equiv cells (from group of 5) using strategy deduplicate:
      Merging cells $auto$equiv_make.cc:294:find_same_wires$5753 and $auto$equiv_make.cc:294:find_same_wires$5444.
      Merging cells $auto$equiv_make.cc:294:find_same_wires$5412 and $auto$equiv_make.cc:294:find_same_wires$3088.
    Fwd merging 4 $equiv cells (from group of 5) using strategy deduplicate:
      Merging cells $auto$equiv_make.cc:294:find_same_wires$5752 and $auto$equiv_make.cc:294:find_same_wires$5443.
      Merging cells $auto$equiv_make.cc:294:find_same_wires$5411 and $auto$equiv_make.cc:294:find_same_wires$3087.
    Fwd merging 4 $equiv cells (from group of 5) using strategy deduplicate:
      Merging cells $auto$equiv_make.cc:294:find_same_wires$5751 and $auto$equiv_make.cc:294:find_same_wires$5442.
      Merging cells $auto$equiv_make.cc:294:find_same_wires$5410 and $auto$equiv_make.cc:294:find_same_wires$3086.
    Fwd merging 4 $equiv cells (from group of 5) using strategy deduplicate:
      Merging cells $auto$equiv_make.cc:294:find_same_wires$5750 and $auto$equiv_make.cc:294:find_same_wires$5441.
      Merging cells $auto$equiv_make.cc:294:find_same_wires$5409 and $auto$equiv_make.cc:294:find_same_wires$3085.
    Fwd merging 4 $equiv cells (from group of 5) using strategy deduplicate:
      Merging cells $auto$equiv_make.cc:294:find_same_wires$5749 and $auto$equiv_make.cc:294:find_same_wires$5440.
      Merging cells $auto$equiv_make.cc:294:find_same_wires$5408 and $auto$equiv_make.cc:294:find_same_wires$3084.
    Fwd merging 4 $equiv cells (from group of 5) using strategy deduplicate:
      Merging cells $auto$equiv_make.cc:294:find_same_wires$5748 and $auto$equiv_make.cc:294:find_same_wires$5439.
      Merging cells $auto$equiv_make.cc:294:find_same_wires$5407 and $auto$equiv_make.cc:294:find_same_wires$3083.
    Fwd merging 4 $equiv cells (from group of 5) using strategy deduplicate:
      Merging cells $auto$equiv_make.cc:294:find_same_wires$5747 and $auto$equiv_make.cc:294:find_same_wires$5438.
      Merging cells $auto$equiv_make.cc:294:find_same_wires$5406 and $auto$equiv_make.cc:294:find_same_wires$3082.
    Fwd merging 4 $equiv cells (from group of 5) using strategy deduplicate:
      Merging cells $auto$equiv_make.cc:294:find_same_wires$5746 and $auto$equiv_make.cc:294:find_same_wires$5437.
      Merging cells $auto$equiv_make.cc:294:find_same_wires$5405 and $auto$equiv_make.cc:294:find_same_wires$3081.
    Fwd merging 4 $equiv cells (from group of 5) using strategy deduplicate:
      Merging cells $auto$equiv_make.cc:294:find_same_wires$5745 and $auto$equiv_make.cc:294:find_same_wires$5436.
      Merging cells $auto$equiv_make.cc:294:find_same_wires$5404 and $auto$equiv_make.cc:294:find_same_wires$3080.
    Fwd merging 4 $equiv cells (from group of 5) using strategy deduplicate:
      Merging cells $auto$equiv_make.cc:294:find_same_wires$5744 and $auto$equiv_make.cc:294:find_same_wires$5435.
      Merging cells $auto$equiv_make.cc:294:find_same_wires$5403 and $auto$equiv_make.cc:294:find_same_wires$3079.
    Fwd merging 4 $equiv cells (from group of 5) using strategy deduplicate:
      Merging cells $auto$equiv_make.cc:294:find_same_wires$5743 and $auto$equiv_make.cc:294:find_same_wires$5434.
      Merging cells $auto$equiv_make.cc:294:find_same_wires$5402 and $auto$equiv_make.cc:294:find_same_wires$3078.
    Fwd merging 4 $equiv cells (from group of 5) using strategy deduplicate:
      Merging cells $auto$equiv_make.cc:294:find_same_wires$5742 and $auto$equiv_make.cc:294:find_same_wires$5433.
      Merging cells $auto$equiv_make.cc:294:find_same_wires$5401 and $auto$equiv_make.cc:294:find_same_wires$3077.
    Fwd merging 4 $equiv cells (from group of 5) using strategy deduplicate:
      Merging cells $auto$equiv_make.cc:294:find_same_wires$5741 and $auto$equiv_make.cc:294:find_same_wires$5432.
      Merging cells $auto$equiv_make.cc:294:find_same_wires$5400 and $auto$equiv_make.cc:294:find_same_wires$3076.
    Fwd merging 4 $equiv cells (from group of 5) using strategy deduplicate:
      Merging cells $auto$equiv_make.cc:294:find_same_wires$5740 and $auto$equiv_make.cc:294:find_same_wires$5431.
      Merging cells $auto$equiv_make.cc:294:find_same_wires$5399 and $auto$equiv_make.cc:294:find_same_wires$3075.
    Fwd merging 4 $equiv cells (from group of 5) using strategy deduplicate:
      Merging cells $auto$equiv_make.cc:294:find_same_wires$5739 and $auto$equiv_make.cc:294:find_same_wires$5430.
      Merging cells $auto$equiv_make.cc:294:find_same_wires$5398 and $auto$equiv_make.cc:294:find_same_wires$3074.
    Fwd merging 4 $equiv cells (from group of 5) using strategy deduplicate:
      Merging cells $auto$equiv_make.cc:294:find_same_wires$5738 and $auto$equiv_make.cc:294:find_same_wires$5429.
      Merging cells $auto$equiv_make.cc:294:find_same_wires$5397 and $auto$equiv_make.cc:294:find_same_wires$3073.
    Fwd merging 4 $equiv cells (from group of 5) using strategy deduplicate:
      Merging cells $auto$equiv_make.cc:294:find_same_wires$5737 and $auto$equiv_make.cc:294:find_same_wires$5428.
      Merging cells $auto$equiv_make.cc:294:find_same_wires$5396 and $auto$equiv_make.cc:294:find_same_wires$3072.
    Fwd merging 4 $equiv cells (from group of 5) using strategy deduplicate:
      Merging cells $auto$equiv_make.cc:294:find_same_wires$5736 and $auto$equiv_make.cc:294:find_same_wires$5427.
      Merging cells $auto$equiv_make.cc:294:find_same_wires$5395 and $auto$equiv_make.cc:294:find_same_wires$3071.
    Fwd merging 4 $equiv cells (from group of 5) using strategy deduplicate:
      Merging cells $auto$equiv_make.cc:294:find_same_wires$5735 and $auto$equiv_make.cc:294:find_same_wires$5426.
      Merging cells $auto$equiv_make.cc:294:find_same_wires$5394 and $auto$equiv_make.cc:294:find_same_wires$3070.
    Fwd merging 4 $equiv cells (from group of 5) using strategy deduplicate:
      Merging cells $auto$equiv_make.cc:294:find_same_wires$5734 and $auto$equiv_make.cc:294:find_same_wires$5425.
      Merging cells $auto$equiv_make.cc:294:find_same_wires$5393 and $auto$equiv_make.cc:294:find_same_wires$3069.
    Fwd merging 4 $equiv cells (from group of 5) using strategy deduplicate:
      Merging cells $auto$equiv_make.cc:294:find_same_wires$5733 and $auto$equiv_make.cc:294:find_same_wires$5424.
      Merging cells $auto$equiv_make.cc:294:find_same_wires$5392 and $auto$equiv_make.cc:294:find_same_wires$3068.
    Fwd merging 4 $equiv cells (from group of 5) using strategy deduplicate:
      Merging cells $auto$equiv_make.cc:294:find_same_wires$5732 and $auto$equiv_make.cc:294:find_same_wires$5423.
      Merging cells $auto$equiv_make.cc:294:find_same_wires$5391 and $auto$equiv_make.cc:294:find_same_wires$3067.
    Fwd merging 4 $equiv cells (from group of 5) using strategy deduplicate:
      Merging cells $auto$equiv_make.cc:294:find_same_wires$5731 and $auto$equiv_make.cc:294:find_same_wires$5422.
      Merging cells $auto$equiv_make.cc:294:find_same_wires$5390 and $auto$equiv_make.cc:294:find_same_wires$3066.
    Fwd merging 4 $equiv cells (from group of 5) using strategy deduplicate:
      Merging cells $auto$equiv_make.cc:294:find_same_wires$5730 and $auto$equiv_make.cc:294:find_same_wires$5421.
      Merging cells $auto$equiv_make.cc:294:find_same_wires$5389 and $auto$equiv_make.cc:294:find_same_wires$3065.
    Fwd merging 4 $equiv cells (from group of 5) using strategy deduplicate:
      Merging cells $auto$equiv_make.cc:294:find_same_wires$5729 and $auto$equiv_make.cc:294:find_same_wires$5420.
      Merging cells $auto$equiv_make.cc:294:find_same_wires$5388 and $auto$equiv_make.cc:294:find_same_wires$3064.
    Fwd merging 4 $equiv cells (from group of 5) using strategy deduplicate:
      Merging cells $auto$equiv_make.cc:294:find_same_wires$5728 and $auto$equiv_make.cc:294:find_same_wires$5419.
      Merging cells $auto$equiv_make.cc:294:find_same_wires$5387 and $auto$equiv_make.cc:294:find_same_wires$3063.
    Fwd merging 4 $equiv cells (from group of 5) using strategy deduplicate:
      Merging cells $auto$equiv_make.cc:294:find_same_wires$5662 and $auto$equiv_make.cc:294:find_same_wires$5321.
      Merging cells $auto$equiv_make.cc:294:find_same_wires$5320 and $auto$equiv_make.cc:294:find_same_wires$2997.
    Fwd merging 4 $equiv cells (from group of 5) using strategy deduplicate:
      Merging cells $auto$equiv_make.cc:294:find_same_wires$5450 and $auto$equiv_make.cc:294:find_same_wires$5418.
      Merging cells $auto$equiv_make.cc:294:find_same_wires$3094 and $auto$equiv_make.cc:294:find_same_wires$2996.
    Fwd merging 4 $equiv cells (from group of 5) using strategy deduplicate:
      Merging cells $auto$equiv_make.cc:294:find_same_wires$5449 and $auto$equiv_make.cc:294:find_same_wires$5417.
      Merging cells $auto$equiv_make.cc:294:find_same_wires$3093 and $auto$equiv_make.cc:294:find_same_wires$2995.
    Fwd merging 4 $equiv cells (from group of 5) using strategy deduplicate:
      Merging cells $auto$equiv_make.cc:294:find_same_wires$5452 and $auto$equiv_make.cc:294:find_same_wires$5451.
      Merging cells $auto$equiv_make.cc:294:find_same_wires$3095 and $auto$equiv_make.cc:294:find_same_wires$2963.
    Fwd merging 4 $equiv cells (from group of 5) using strategy deduplicate:
      Merging cells $auto$equiv_make.cc:294:find_same_wires$4470 and $auto$equiv_make.cc:294:find_same_wires$4406.
      Merging cells $auto$equiv_make.cc:294:find_same_wires$3923 and $auto$equiv_make.cc:294:find_same_wires$2962.
    Fwd merging 4 $equiv cells (from group of 5) using strategy deduplicate:
      Merging cells $auto$equiv_make.cc:294:find_same_wires$4469 and $auto$equiv_make.cc:294:find_same_wires$4405.
      Merging cells $auto$equiv_make.cc:294:find_same_wires$3922 and $auto$equiv_make.cc:294:find_same_wires$2961.
    Fwd merging 4 $equiv cells (from group of 5) using strategy deduplicate:
      Merging cells $auto$equiv_make.cc:294:find_same_wires$4468 and $auto$equiv_make.cc:294:find_same_wires$4404.
      Merging cells $auto$equiv_make.cc:294:find_same_wires$3921 and $auto$equiv_make.cc:294:find_same_wires$2960.
    Fwd merging 4 $equiv cells (from group of 5) using strategy deduplicate:
      Merging cells $auto$equiv_make.cc:294:find_same_wires$4467 and $auto$equiv_make.cc:294:find_same_wires$4403.
      Merging cells $auto$equiv_make.cc:294:find_same_wires$3920 and $auto$equiv_make.cc:294:find_same_wires$2959.
    Fwd merging 4 $equiv cells (from group of 5) using strategy deduplicate:
      Merging cells $auto$equiv_make.cc:294:find_same_wires$4466 and $auto$equiv_make.cc:294:find_same_wires$4402.
      Merging cells $auto$equiv_make.cc:294:find_same_wires$3919 and $auto$equiv_make.cc:294:find_same_wires$2958.
    Fwd merging 4 $equiv cells (from group of 5) using strategy deduplicate:
      Merging cells $auto$equiv_make.cc:294:find_same_wires$4465 and $auto$equiv_make.cc:294:find_same_wires$4401.
      Merging cells $auto$equiv_make.cc:294:find_same_wires$3918 and $auto$equiv_make.cc:294:find_same_wires$2957.
    Fwd merging 4 $equiv cells (from group of 5) using strategy deduplicate:
      Merging cells $auto$equiv_make.cc:294:find_same_wires$4464 and $auto$equiv_make.cc:294:find_same_wires$4400.
      Merging cells $auto$equiv_make.cc:294:find_same_wires$3917 and $auto$equiv_make.cc:294:find_same_wires$2956.
    Fwd merging 4 $equiv cells (from group of 5) using strategy deduplicate:
      Merging cells $auto$equiv_make.cc:294:find_same_wires$4463 and $auto$equiv_make.cc:294:find_same_wires$4399.
      Merging cells $auto$equiv_make.cc:294:find_same_wires$3916 and $auto$equiv_make.cc:294:find_same_wires$2955.
    Fwd merging 4 $equiv cells (from group of 5) using strategy deduplicate:
      Merging cells $auto$equiv_make.cc:294:find_same_wires$4462 and $auto$equiv_make.cc:294:find_same_wires$4398.
      Merging cells $auto$equiv_make.cc:294:find_same_wires$3915 and $auto$equiv_make.cc:294:find_same_wires$2954.
    Fwd merging 4 $equiv cells (from group of 5) using strategy deduplicate:
      Merging cells $auto$equiv_make.cc:294:find_same_wires$4461 and $auto$equiv_make.cc:294:find_same_wires$4397.
      Merging cells $auto$equiv_make.cc:294:find_same_wires$3914 and $auto$equiv_make.cc:294:find_same_wires$2953.
    Fwd merging 4 $equiv cells (from group of 5) using strategy deduplicate:
      Merging cells $auto$equiv_make.cc:294:find_same_wires$4460 and $auto$equiv_make.cc:294:find_same_wires$4396.
      Merging cells $auto$equiv_make.cc:294:find_same_wires$3913 and $auto$equiv_make.cc:294:find_same_wires$2952.
    Fwd merging 4 $equiv cells (from group of 5) using strategy deduplicate:
      Merging cells $auto$equiv_make.cc:294:find_same_wires$4459 and $auto$equiv_make.cc:294:find_same_wires$4395.
      Merging cells $auto$equiv_make.cc:294:find_same_wires$3912 and $auto$equiv_make.cc:294:find_same_wires$2951.
    Fwd merging 4 $equiv cells (from group of 5) using strategy deduplicate:
      Merging cells $auto$equiv_make.cc:294:find_same_wires$4458 and $auto$equiv_make.cc:294:find_same_wires$4394.
      Merging cells $auto$equiv_make.cc:294:find_same_wires$3911 and $auto$equiv_make.cc:294:find_same_wires$2950.
    Fwd merging 4 $equiv cells (from group of 5) using strategy deduplicate:
      Merging cells $auto$equiv_make.cc:294:find_same_wires$4457 and $auto$equiv_make.cc:294:find_same_wires$4393.
      Merging cells $auto$equiv_make.cc:294:find_same_wires$3910 and $auto$equiv_make.cc:294:find_same_wires$2949.
    Fwd merging 4 $equiv cells (from group of 5) using strategy deduplicate:
      Merging cells $auto$equiv_make.cc:294:find_same_wires$4456 and $auto$equiv_make.cc:294:find_same_wires$4392.
      Merging cells $auto$equiv_make.cc:294:find_same_wires$3909 and $auto$equiv_make.cc:294:find_same_wires$2948.
    Fwd merging 4 $equiv cells (from group of 5) using strategy deduplicate:
      Merging cells $auto$equiv_make.cc:294:find_same_wires$4455 and $auto$equiv_make.cc:294:find_same_wires$4391.
      Merging cells $auto$equiv_make.cc:294:find_same_wires$3908 and $auto$equiv_make.cc:294:find_same_wires$2947.
    Fwd merging 4 $equiv cells (from group of 5) using strategy deduplicate:
      Merging cells $auto$equiv_make.cc:294:find_same_wires$4454 and $auto$equiv_make.cc:294:find_same_wires$4390.
      Merging cells $auto$equiv_make.cc:294:find_same_wires$3907 and $auto$equiv_make.cc:294:find_same_wires$2946.
    Fwd merging 4 $equiv cells (from group of 5) using strategy deduplicate:
      Merging cells $auto$equiv_make.cc:294:find_same_wires$4453 and $auto$equiv_make.cc:294:find_same_wires$4389.
      Merging cells $auto$equiv_make.cc:294:find_same_wires$3906 and $auto$equiv_make.cc:294:find_same_wires$2945.
    Fwd merging 4 $equiv cells (from group of 5) using strategy deduplicate:
      Merging cells $auto$equiv_make.cc:294:find_same_wires$4452 and $auto$equiv_make.cc:294:find_same_wires$4388.
      Merging cells $auto$equiv_make.cc:294:find_same_wires$3905 and $auto$equiv_make.cc:294:find_same_wires$2944.
    Fwd merging 4 $equiv cells (from group of 5) using strategy deduplicate:
      Merging cells $auto$equiv_make.cc:294:find_same_wires$4451 and $auto$equiv_make.cc:294:find_same_wires$4387.
      Merging cells $auto$equiv_make.cc:294:find_same_wires$3904 and $auto$equiv_make.cc:294:find_same_wires$2943.
    Fwd merging 4 $equiv cells (from group of 5) using strategy deduplicate:
      Merging cells $auto$equiv_make.cc:294:find_same_wires$4450 and $auto$equiv_make.cc:294:find_same_wires$4386.
      Merging cells $auto$equiv_make.cc:294:find_same_wires$3903 and $auto$equiv_make.cc:294:find_same_wires$2942.
    Fwd merging 4 $equiv cells (from group of 5) using strategy deduplicate:
      Merging cells $auto$equiv_make.cc:294:find_same_wires$4449 and $auto$equiv_make.cc:294:find_same_wires$4385.
      Merging cells $auto$equiv_make.cc:294:find_same_wires$3902 and $auto$equiv_make.cc:294:find_same_wires$2941.
    Fwd merging 4 $equiv cells (from group of 5) using strategy deduplicate:
      Merging cells $auto$equiv_make.cc:294:find_same_wires$4448 and $auto$equiv_make.cc:294:find_same_wires$4384.
      Merging cells $auto$equiv_make.cc:294:find_same_wires$3901 and $auto$equiv_make.cc:294:find_same_wires$2940.
    Fwd merging 4 $equiv cells (from group of 5) using strategy deduplicate:
      Merging cells $auto$equiv_make.cc:294:find_same_wires$4447 and $auto$equiv_make.cc:294:find_same_wires$4383.
      Merging cells $auto$equiv_make.cc:294:find_same_wires$3900 and $auto$equiv_make.cc:294:find_same_wires$2939.
    Fwd merging 4 $equiv cells (from group of 5) using strategy deduplicate:
      Merging cells $auto$equiv_make.cc:294:find_same_wires$4446 and $auto$equiv_make.cc:294:find_same_wires$4382.
      Merging cells $auto$equiv_make.cc:294:find_same_wires$3899 and $auto$equiv_make.cc:294:find_same_wires$2938.
    Fwd merging 4 $equiv cells (from group of 5) using strategy deduplicate:
      Merging cells $auto$equiv_make.cc:294:find_same_wires$4445 and $auto$equiv_make.cc:294:find_same_wires$4381.
      Merging cells $auto$equiv_make.cc:294:find_same_wires$3898 and $auto$equiv_make.cc:294:find_same_wires$2937.
    Fwd merging 4 $equiv cells (from group of 5) using strategy deduplicate:
      Merging cells $auto$equiv_make.cc:294:find_same_wires$4444 and $auto$equiv_make.cc:294:find_same_wires$4380.
      Merging cells $auto$equiv_make.cc:294:find_same_wires$3897 and $auto$equiv_make.cc:294:find_same_wires$2936.
    Fwd merging 4 $equiv cells (from group of 5) using strategy deduplicate:
      Merging cells $auto$equiv_make.cc:294:find_same_wires$4443 and $auto$equiv_make.cc:294:find_same_wires$4379.
      Merging cells $auto$equiv_make.cc:294:find_same_wires$3896 and $auto$equiv_make.cc:294:find_same_wires$2935.
    Fwd merging 4 $equiv cells (from group of 5) using strategy deduplicate:
      Merging cells $auto$equiv_make.cc:294:find_same_wires$4442 and $auto$equiv_make.cc:294:find_same_wires$4378.
      Merging cells $auto$equiv_make.cc:294:find_same_wires$3895 and $auto$equiv_make.cc:294:find_same_wires$2934.
    Fwd merging 4 $equiv cells (from group of 5) using strategy deduplicate:
      Merging cells $auto$equiv_make.cc:294:find_same_wires$4441 and $auto$equiv_make.cc:294:find_same_wires$4377.
      Merging cells $auto$equiv_make.cc:294:find_same_wires$3894 and $auto$equiv_make.cc:294:find_same_wires$2933.
    Fwd merging 4 $equiv cells (from group of 5) using strategy deduplicate:
      Merging cells $auto$equiv_make.cc:294:find_same_wires$4440 and $auto$equiv_make.cc:294:find_same_wires$4376.
      Merging cells $auto$equiv_make.cc:294:find_same_wires$3893 and $auto$equiv_make.cc:294:find_same_wires$2932.
    Fwd merging 4 $equiv cells (from group of 5) using strategy deduplicate:
      Merging cells $auto$equiv_make.cc:294:find_same_wires$4439 and $auto$equiv_make.cc:294:find_same_wires$4375.
      Merging cells $auto$equiv_make.cc:294:find_same_wires$3892 and $auto$equiv_make.cc:294:find_same_wires$2931.
    Fwd merging 4 $equiv cells (from group of 5) using strategy deduplicate:
      Merging cells $auto$equiv_make.cc:294:find_same_wires$4438 and $auto$equiv_make.cc:294:find_same_wires$4374.
      Merging cells $auto$equiv_make.cc:294:find_same_wires$3891 and $auto$equiv_make.cc:294:find_same_wires$2930.
    Fwd merging 4 $equiv cells (from group of 5) using strategy deduplicate:
      Merging cells $auto$equiv_make.cc:294:find_same_wires$4437 and $auto$equiv_make.cc:294:find_same_wires$4373.
      Merging cells $auto$equiv_make.cc:294:find_same_wires$3890 and $auto$equiv_make.cc:294:find_same_wires$2929.
    Fwd merging 4 $equiv cells (from group of 5) using strategy deduplicate:
      Merging cells $auto$equiv_make.cc:294:find_same_wires$4436 and $auto$equiv_make.cc:294:find_same_wires$4372.
      Merging cells $auto$equiv_make.cc:294:find_same_wires$3889 and $auto$equiv_make.cc:294:find_same_wires$2928.
    Fwd merging 4 $equiv cells (from group of 5) using strategy deduplicate:
      Merging cells $auto$equiv_make.cc:294:find_same_wires$4435 and $auto$equiv_make.cc:294:find_same_wires$4371.
      Merging cells $auto$equiv_make.cc:294:find_same_wires$3888 and $auto$equiv_make.cc:294:find_same_wires$2927.
    Fwd merging 4 $equiv cells (from group of 5) using strategy deduplicate:
      Merging cells $auto$equiv_make.cc:294:find_same_wires$4434 and $auto$equiv_make.cc:294:find_same_wires$4370.
      Merging cells $auto$equiv_make.cc:294:find_same_wires$3887 and $auto$equiv_make.cc:294:find_same_wires$2926.
    Fwd merging 4 $equiv cells (from group of 5) using strategy deduplicate:
      Merging cells $auto$equiv_make.cc:294:find_same_wires$4433 and $auto$equiv_make.cc:294:find_same_wires$4369.
      Merging cells $auto$equiv_make.cc:294:find_same_wires$3886 and $auto$equiv_make.cc:294:find_same_wires$2925.
    Fwd merging 4 $equiv cells (from group of 5) using strategy deduplicate:
      Merging cells $auto$equiv_make.cc:294:find_same_wires$4432 and $auto$equiv_make.cc:294:find_same_wires$4368.
      Merging cells $auto$equiv_make.cc:294:find_same_wires$3885 and $auto$equiv_make.cc:294:find_same_wires$2924.
    Fwd merging 4 $equiv cells (from group of 5) using strategy deduplicate:
      Merging cells $auto$equiv_make.cc:294:find_same_wires$4431 and $auto$equiv_make.cc:294:find_same_wires$4367.
      Merging cells $auto$equiv_make.cc:294:find_same_wires$3884 and $auto$equiv_make.cc:294:find_same_wires$2923.
    Fwd merging 4 $equiv cells (from group of 5) using strategy deduplicate:
      Merging cells $auto$equiv_make.cc:294:find_same_wires$4430 and $auto$equiv_make.cc:294:find_same_wires$4366.
      Merging cells $auto$equiv_make.cc:294:find_same_wires$3883 and $auto$equiv_make.cc:294:find_same_wires$2922.
    Fwd merging 4 $equiv cells (from group of 5) using strategy deduplicate:
      Merging cells $auto$equiv_make.cc:294:find_same_wires$4429 and $auto$equiv_make.cc:294:find_same_wires$4365.
      Merging cells $auto$equiv_make.cc:294:find_same_wires$3882 and $auto$equiv_make.cc:294:find_same_wires$2921.
    Fwd merging 4 $equiv cells (from group of 5) using strategy deduplicate:
      Merging cells $auto$equiv_make.cc:294:find_same_wires$4428 and $auto$equiv_make.cc:294:find_same_wires$4364.
      Merging cells $auto$equiv_make.cc:294:find_same_wires$3881 and $auto$equiv_make.cc:294:find_same_wires$2920.
    Fwd merging 4 $equiv cells (from group of 5) using strategy deduplicate:
      Merging cells $auto$equiv_make.cc:294:find_same_wires$4427 and $auto$equiv_make.cc:294:find_same_wires$4363.
      Merging cells $auto$equiv_make.cc:294:find_same_wires$3880 and $auto$equiv_make.cc:294:find_same_wires$2919.
    Fwd merging 4 $equiv cells (from group of 5) using strategy deduplicate:
      Merging cells $auto$equiv_make.cc:294:find_same_wires$4426 and $auto$equiv_make.cc:294:find_same_wires$4362.
      Merging cells $auto$equiv_make.cc:294:find_same_wires$3879 and $auto$equiv_make.cc:294:find_same_wires$2918.
    Fwd merging 4 $equiv cells (from group of 5) using strategy deduplicate:
      Merging cells $auto$equiv_make.cc:294:find_same_wires$4425 and $auto$equiv_make.cc:294:find_same_wires$4361.
      Merging cells $auto$equiv_make.cc:294:find_same_wires$3878 and $auto$equiv_make.cc:294:find_same_wires$2917.
    Fwd merging 4 $equiv cells (from group of 5) using strategy deduplicate:
      Merging cells $auto$equiv_make.cc:294:find_same_wires$4424 and $auto$equiv_make.cc:294:find_same_wires$4360.
      Merging cells $auto$equiv_make.cc:294:find_same_wires$3877 and $auto$equiv_make.cc:294:find_same_wires$2916.
    Fwd merging 4 $equiv cells (from group of 5) using strategy deduplicate:
      Merging cells $auto$equiv_make.cc:294:find_same_wires$4423 and $auto$equiv_make.cc:294:find_same_wires$4359.
      Merging cells $auto$equiv_make.cc:294:find_same_wires$3876 and $auto$equiv_make.cc:294:find_same_wires$2915.
    Fwd merging 4 $equiv cells (from group of 5) using strategy deduplicate:
      Merging cells $auto$equiv_make.cc:294:find_same_wires$4422 and $auto$equiv_make.cc:294:find_same_wires$4358.
      Merging cells $auto$equiv_make.cc:294:find_same_wires$3875 and $auto$equiv_make.cc:294:find_same_wires$2914.
    Fwd merging 4 $equiv cells (from group of 5) using strategy deduplicate:
      Merging cells $auto$equiv_make.cc:294:find_same_wires$4421 and $auto$equiv_make.cc:294:find_same_wires$4357.
      Merging cells $auto$equiv_make.cc:294:find_same_wires$3874 and $auto$equiv_make.cc:294:find_same_wires$2913.
    Fwd merging 4 $equiv cells (from group of 5) using strategy deduplicate:
      Merging cells $auto$equiv_make.cc:294:find_same_wires$4420 and $auto$equiv_make.cc:294:find_same_wires$4356.
      Merging cells $auto$equiv_make.cc:294:find_same_wires$3873 and $auto$equiv_make.cc:294:find_same_wires$2912.
    Fwd merging 4 $equiv cells (from group of 5) using strategy deduplicate:
      Merging cells $auto$equiv_make.cc:294:find_same_wires$4419 and $auto$equiv_make.cc:294:find_same_wires$4355.
      Merging cells $auto$equiv_make.cc:294:find_same_wires$3872 and $auto$equiv_make.cc:294:find_same_wires$2911.
    Fwd merging 4 $equiv cells (from group of 5) using strategy deduplicate:
      Merging cells $auto$equiv_make.cc:294:find_same_wires$4418 and $auto$equiv_make.cc:294:find_same_wires$4354.
      Merging cells $auto$equiv_make.cc:294:find_same_wires$3871 and $auto$equiv_make.cc:294:find_same_wires$2910.
    Fwd merging 4 $equiv cells (from group of 5) using strategy deduplicate:
      Merging cells $auto$equiv_make.cc:294:find_same_wires$4417 and $auto$equiv_make.cc:294:find_same_wires$4353.
      Merging cells $auto$equiv_make.cc:294:find_same_wires$3870 and $auto$equiv_make.cc:294:find_same_wires$2909.
    Fwd merging 4 $equiv cells (from group of 5) using strategy deduplicate:
      Merging cells $auto$equiv_make.cc:294:find_same_wires$4416 and $auto$equiv_make.cc:294:find_same_wires$4352.
      Merging cells $auto$equiv_make.cc:294:find_same_wires$3869 and $auto$equiv_make.cc:294:find_same_wires$2908.
    Fwd merging 4 $equiv cells (from group of 5) using strategy deduplicate:
      Merging cells $auto$equiv_make.cc:294:find_same_wires$4415 and $auto$equiv_make.cc:294:find_same_wires$4351.
      Merging cells $auto$equiv_make.cc:294:find_same_wires$3868 and $auto$equiv_make.cc:294:find_same_wires$2907.
    Fwd merging 4 $equiv cells (from group of 5) using strategy deduplicate:
      Merging cells $auto$equiv_make.cc:294:find_same_wires$4414 and $auto$equiv_make.cc:294:find_same_wires$4350.
      Merging cells $auto$equiv_make.cc:294:find_same_wires$3867 and $auto$equiv_make.cc:294:find_same_wires$2906.
    Fwd merging 4 $equiv cells (from group of 5) using strategy deduplicate:
      Merging cells $auto$equiv_make.cc:294:find_same_wires$4413 and $auto$equiv_make.cc:294:find_same_wires$4349.
      Merging cells $auto$equiv_make.cc:294:find_same_wires$3866 and $auto$equiv_make.cc:294:find_same_wires$2905.
    Fwd merging 4 $equiv cells (from group of 5) using strategy deduplicate:
      Merging cells $auto$equiv_make.cc:294:find_same_wires$4412 and $auto$equiv_make.cc:294:find_same_wires$4348.
      Merging cells $auto$equiv_make.cc:294:find_same_wires$3865 and $auto$equiv_make.cc:294:find_same_wires$2904.
    Fwd merging 4 $equiv cells (from group of 5) using strategy deduplicate:
      Merging cells $auto$equiv_make.cc:294:find_same_wires$4411 and $auto$equiv_make.cc:294:find_same_wires$4347.
      Merging cells $auto$equiv_make.cc:294:find_same_wires$3864 and $auto$equiv_make.cc:294:find_same_wires$2903.
    Fwd merging 4 $equiv cells (from group of 5) using strategy deduplicate:
      Merging cells $auto$equiv_make.cc:294:find_same_wires$4410 and $auto$equiv_make.cc:294:find_same_wires$4346.
      Merging cells $auto$equiv_make.cc:294:find_same_wires$3863 and $auto$equiv_make.cc:294:find_same_wires$2902.
    Fwd merging 4 $equiv cells (from group of 5) using strategy deduplicate:
      Merging cells $auto$equiv_make.cc:294:find_same_wires$4409 and $auto$equiv_make.cc:294:find_same_wires$4345.
      Merging cells $auto$equiv_make.cc:294:find_same_wires$3862 and $auto$equiv_make.cc:294:find_same_wires$2901.
    Fwd merging 4 $equiv cells (from group of 5) using strategy deduplicate:
      Merging cells $auto$equiv_make.cc:294:find_same_wires$4408 and $auto$equiv_make.cc:294:find_same_wires$4344.
      Merging cells $auto$equiv_make.cc:294:find_same_wires$3861 and $auto$equiv_make.cc:294:find_same_wires$2900.
    Fwd merging 4 $equiv cells (from group of 5) using strategy deduplicate:
      Merging cells $auto$equiv_make.cc:294:find_same_wires$4407 and $auto$equiv_make.cc:294:find_same_wires$4343.
      Merging cells $auto$equiv_make.cc:294:find_same_wires$3860 and $auto$equiv_make.cc:294:find_same_wires$2899.
    Fwd merging 4 $equiv cells (from group of 5) using strategy deduplicate:
      Merging cells $auto$equiv_make.cc:294:find_same_wires$4473 and $auto$equiv_make.cc:294:find_same_wires$4472.
      Merging cells $auto$equiv_make.cc:294:find_same_wires$3925 and $auto$equiv_make.cc:294:find_same_wires$2898.
    Fwd merging 4 $equiv cells (from group of 5) using strategy deduplicate:
      Merging cells $auto$equiv_make.cc:294:find_same_wires$4539 and $auto$equiv_make.cc:294:find_same_wires$4538.
      Merging cells $auto$equiv_make.cc:294:find_same_wires$3990 and $auto$equiv_make.cc:294:find_same_wires$2897.
    Fwd merging 4 $equiv cells (from group of 5) using strategy deduplicate:
      Merging cells $auto$equiv_make.cc:294:find_same_wires$5487 and $auto$equiv_make.cc:294:find_same_wires$5471.
      Merging cells $auto$equiv_make.cc:294:find_same_wires$3623 and $auto$equiv_make.cc:294:find_same_wires$2896.
    Fwd merging 4 $equiv cells (from group of 5) using strategy deduplicate:
      Merging cells $auto$equiv_make.cc:294:find_same_wires$5486 and $auto$equiv_make.cc:294:find_same_wires$5470.
      Merging cells $auto$equiv_make.cc:294:find_same_wires$3622 and $auto$equiv_make.cc:294:find_same_wires$2895.
    Fwd merging 4 $equiv cells (from group of 5) using strategy deduplicate:
      Merging cells $auto$equiv_make.cc:294:find_same_wires$5485 and $auto$equiv_make.cc:294:find_same_wires$5469.
      Merging cells $auto$equiv_make.cc:294:find_same_wires$3621 and $auto$equiv_make.cc:294:find_same_wires$2894.
    Fwd merging 4 $equiv cells (from group of 5) using strategy deduplicate:
      Merging cells $auto$equiv_make.cc:294:find_same_wires$5484 and $auto$equiv_make.cc:294:find_same_wires$5468.
      Merging cells $auto$equiv_make.cc:294:find_same_wires$3620 and $auto$equiv_make.cc:294:find_same_wires$2893.
    Fwd merging 4 $equiv cells (from group of 5) using strategy deduplicate:
      Merging cells $auto$equiv_make.cc:294:find_same_wires$5483 and $auto$equiv_make.cc:294:find_same_wires$5467.
      Merging cells $auto$equiv_make.cc:294:find_same_wires$3619 and $auto$equiv_make.cc:294:find_same_wires$2892.
    Fwd merging 4 $equiv cells (from group of 5) using strategy deduplicate:
      Merging cells $auto$equiv_make.cc:294:find_same_wires$5482 and $auto$equiv_make.cc:294:find_same_wires$5466.
      Merging cells $auto$equiv_make.cc:294:find_same_wires$3618 and $auto$equiv_make.cc:294:find_same_wires$2891.
    Fwd merging 4 $equiv cells (from group of 5) using strategy deduplicate:
      Merging cells $auto$equiv_make.cc:294:find_same_wires$5481 and $auto$equiv_make.cc:294:find_same_wires$5465.
      Merging cells $auto$equiv_make.cc:294:find_same_wires$3617 and $auto$equiv_make.cc:294:find_same_wires$2890.
    Fwd merging 4 $equiv cells (from group of 5) using strategy deduplicate:
      Merging cells $auto$equiv_make.cc:294:find_same_wires$5480 and $auto$equiv_make.cc:294:find_same_wires$5464.
      Merging cells $auto$equiv_make.cc:294:find_same_wires$3616 and $auto$equiv_make.cc:294:find_same_wires$2889.
    Fwd merging 4 $equiv cells (from group of 5) using strategy deduplicate:
      Merging cells $auto$equiv_make.cc:294:find_same_wires$5479 and $auto$equiv_make.cc:294:find_same_wires$5463.
      Merging cells $auto$equiv_make.cc:294:find_same_wires$3615 and $auto$equiv_make.cc:294:find_same_wires$2888.
    Fwd merging 4 $equiv cells (from group of 5) using strategy deduplicate:
      Merging cells $auto$equiv_make.cc:294:find_same_wires$5478 and $auto$equiv_make.cc:294:find_same_wires$5462.
      Merging cells $auto$equiv_make.cc:294:find_same_wires$3614 and $auto$equiv_make.cc:294:find_same_wires$2887.
    Fwd merging 4 $equiv cells (from group of 5) using strategy deduplicate:
      Merging cells $auto$equiv_make.cc:294:find_same_wires$5477 and $auto$equiv_make.cc:294:find_same_wires$5461.
      Merging cells $auto$equiv_make.cc:294:find_same_wires$3613 and $auto$equiv_make.cc:294:find_same_wires$2886.
    Fwd merging 4 $equiv cells (from group of 5) using strategy deduplicate:
      Merging cells $auto$equiv_make.cc:294:find_same_wires$5476 and $auto$equiv_make.cc:294:find_same_wires$5460.
      Merging cells $auto$equiv_make.cc:294:find_same_wires$3612 and $auto$equiv_make.cc:294:find_same_wires$2885.
    Fwd merging 4 $equiv cells (from group of 5) using strategy deduplicate:
      Merging cells $auto$equiv_make.cc:294:find_same_wires$5475 and $auto$equiv_make.cc:294:find_same_wires$5459.
      Merging cells $auto$equiv_make.cc:294:find_same_wires$3611 and $auto$equiv_make.cc:294:find_same_wires$2884.
    Fwd merging 4 $equiv cells (from group of 5) using strategy deduplicate:
      Merging cells $auto$equiv_make.cc:294:find_same_wires$5474 and $auto$equiv_make.cc:294:find_same_wires$5458.
      Merging cells $auto$equiv_make.cc:294:find_same_wires$3610 and $auto$equiv_make.cc:294:find_same_wires$2883.
    Fwd merging 4 $equiv cells (from group of 5) using strategy deduplicate:
      Merging cells $auto$equiv_make.cc:294:find_same_wires$5473 and $auto$equiv_make.cc:294:find_same_wires$5457.
      Merging cells $auto$equiv_make.cc:294:find_same_wires$3609 and $auto$equiv_make.cc:294:find_same_wires$2882.
    Fwd merging 4 $equiv cells (from group of 5) using strategy deduplicate:
      Merging cells $auto$equiv_make.cc:294:find_same_wires$5472 and $auto$equiv_make.cc:294:find_same_wires$5456.
      Merging cells $auto$equiv_make.cc:294:find_same_wires$3608 and $auto$equiv_make.cc:294:find_same_wires$2881.
    Fwd merging 4 $equiv cells (from group of 5) using strategy deduplicate:
      Merging cells $auto$equiv_make.cc:294:find_same_wires$5489 and $auto$equiv_make.cc:294:find_same_wires$5488.
      Merging cells $auto$equiv_make.cc:294:find_same_wires$3624 and $auto$equiv_make.cc:294:find_same_wires$2880.
    Fwd merging 8 $equiv cells (from group of 8) using strategy deduplicate:
      Merging cells $auto$equiv_make.cc:294:find_same_wires$5623 and $auto$equiv_make.cc:294:find_same_wires$5224.
      Merging cells $auto$equiv_make.cc:294:find_same_wires$4614 and $auto$equiv_make.cc:294:find_same_wires$4324.
      Merging cells $auto$equiv_make.cc:294:find_same_wires$4026 and $auto$equiv_make.cc:294:find_same_wires$3842.
      Merging cells $auto$equiv_make.cc:294:find_same_wires$2879 and $auto$equiv_make.cc:294:find_same_wires$2744.
    Fwd merging 6 $equiv cells (from group of 7) using strategy deduplicate:
      Merging cells $auto$equiv_make.cc:294:find_same_wires$5241 and $auto$equiv_make.cc:294:find_same_wires$4631.
      Merging cells $auto$equiv_make.cc:294:find_same_wires$4341 and $auto$equiv_make.cc:294:find_same_wires$4043.
      Merging cells $auto$equiv_make.cc:294:find_same_wires$3843 and $auto$equiv_make.cc:294:find_same_wires$2878.
  Starting iteration 2.
    Fwd merging 2 $equiv cells (from group of 2) using strategy deduplicate:
      Merging cells $auto$equiv_make.cc:294:find_same_wires$4540 and $auto$equiv_make.cc:294:find_same_wires$3231.
    Fwd merging 2 $equiv cells (from group of 2) using strategy deduplicate:
      Merging cells $auto$equiv_make.cc:294:find_same_wires$4537 and $auto$equiv_make.cc:294:find_same_wires$3230.
    Fwd merging 2 $equiv cells (from group of 2) using strategy deduplicate:
      Merging cells $auto$equiv_make.cc:294:find_same_wires$4536 and $auto$equiv_make.cc:294:find_same_wires$3229.
    Fwd merging 2 $equiv cells (from group of 2) using strategy deduplicate:
      Merging cells $auto$equiv_make.cc:294:find_same_wires$4535 and $auto$equiv_make.cc:294:find_same_wires$3228.
    Fwd merging 2 $equiv cells (from group of 2) using strategy deduplicate:
      Merging cells $auto$equiv_make.cc:294:find_same_wires$4534 and $auto$equiv_make.cc:294:find_same_wires$3227.
    Fwd merging 2 $equiv cells (from group of 2) using strategy deduplicate:
      Merging cells $auto$equiv_make.cc:294:find_same_wires$4533 and $auto$equiv_make.cc:294:find_same_wires$3226.
    Fwd merging 2 $equiv cells (from group of 2) using strategy deduplicate:
      Merging cells $auto$equiv_make.cc:294:find_same_wires$4532 and $auto$equiv_make.cc:294:find_same_wires$3225.
    Fwd merging 2 $equiv cells (from group of 2) using strategy deduplicate:
      Merging cells $auto$equiv_make.cc:294:find_same_wires$4531 and $auto$equiv_make.cc:294:find_same_wires$3224.
    Fwd merging 2 $equiv cells (from group of 2) using strategy deduplicate:
      Merging cells $auto$equiv_make.cc:294:find_same_wires$4530 and $auto$equiv_make.cc:294:find_same_wires$3223.
    Fwd merging 2 $equiv cells (from group of 2) using strategy deduplicate:
      Merging cells $auto$equiv_make.cc:294:find_same_wires$4529 and $auto$equiv_make.cc:294:find_same_wires$3222.
    Fwd merging 2 $equiv cells (from group of 2) using strategy deduplicate:
      Merging cells $auto$equiv_make.cc:294:find_same_wires$4528 and $auto$equiv_make.cc:294:find_same_wires$3221.
    Fwd merging 2 $equiv cells (from group of 2) using strategy deduplicate:
      Merging cells $auto$equiv_make.cc:294:find_same_wires$4527 and $auto$equiv_make.cc:294:find_same_wires$3220.
    Fwd merging 2 $equiv cells (from group of 2) using strategy deduplicate:
      Merging cells $auto$equiv_make.cc:294:find_same_wires$4526 and $auto$equiv_make.cc:294:find_same_wires$3219.
    Fwd merging 2 $equiv cells (from group of 2) using strategy deduplicate:
      Merging cells $auto$equiv_make.cc:294:find_same_wires$4525 and $auto$equiv_make.cc:294:find_same_wires$3218.
    Fwd merging 2 $equiv cells (from group of 2) using strategy deduplicate:
      Merging cells $auto$equiv_make.cc:294:find_same_wires$4524 and $auto$equiv_make.cc:294:find_same_wires$3217.
    Fwd merging 2 $equiv cells (from group of 2) using strategy deduplicate:
      Merging cells $auto$equiv_make.cc:294:find_same_wires$4523 and $auto$equiv_make.cc:294:find_same_wires$3216.
    Fwd merging 2 $equiv cells (from group of 2) using strategy deduplicate:
      Merging cells $auto$equiv_make.cc:294:find_same_wires$4522 and $auto$equiv_make.cc:294:find_same_wires$3215.
    Fwd merging 2 $equiv cells (from group of 2) using strategy deduplicate:
      Merging cells $auto$equiv_make.cc:294:find_same_wires$4521 and $auto$equiv_make.cc:294:find_same_wires$3214.
    Fwd merging 2 $equiv cells (from group of 2) using strategy deduplicate:
      Merging cells $auto$equiv_make.cc:294:find_same_wires$4520 and $auto$equiv_make.cc:294:find_same_wires$3213.
    Fwd merging 2 $equiv cells (from group of 2) using strategy deduplicate:
      Merging cells $auto$equiv_make.cc:294:find_same_wires$4519 and $auto$equiv_make.cc:294:find_same_wires$3212.
    Fwd merging 2 $equiv cells (from group of 2) using strategy deduplicate:
      Merging cells $auto$equiv_make.cc:294:find_same_wires$4518 and $auto$equiv_make.cc:294:find_same_wires$3211.
    Fwd merging 2 $equiv cells (from group of 2) using strategy deduplicate:
      Merging cells $auto$equiv_make.cc:294:find_same_wires$4517 and $auto$equiv_make.cc:294:find_same_wires$3210.
    Fwd merging 2 $equiv cells (from group of 2) using strategy deduplicate:
      Merging cells $auto$equiv_make.cc:294:find_same_wires$4516 and $auto$equiv_make.cc:294:find_same_wires$3209.
    Fwd merging 2 $equiv cells (from group of 2) using strategy deduplicate:
      Merging cells $auto$equiv_make.cc:294:find_same_wires$4515 and $auto$equiv_make.cc:294:find_same_wires$3208.
    Fwd merging 2 $equiv cells (from group of 2) using strategy deduplicate:
      Merging cells $auto$equiv_make.cc:294:find_same_wires$4514 and $auto$equiv_make.cc:294:find_same_wires$3207.
    Fwd merging 2 $equiv cells (from group of 2) using strategy deduplicate:
      Merging cells $auto$equiv_make.cc:294:find_same_wires$4513 and $auto$equiv_make.cc:294:find_same_wires$3206.
    Fwd merging 2 $equiv cells (from group of 2) using strategy deduplicate:
      Merging cells $auto$equiv_make.cc:294:find_same_wires$4512 and $auto$equiv_make.cc:294:find_same_wires$3205.
    Fwd merging 2 $equiv cells (from group of 2) using strategy deduplicate:
      Merging cells $auto$equiv_make.cc:294:find_same_wires$4511 and $auto$equiv_make.cc:294:find_same_wires$3204.
    Fwd merging 2 $equiv cells (from group of 2) using strategy deduplicate:
      Merging cells $auto$equiv_make.cc:294:find_same_wires$4510 and $auto$equiv_make.cc:294:find_same_wires$3203.
    Fwd merging 2 $equiv cells (from group of 2) using strategy deduplicate:
      Merging cells $auto$equiv_make.cc:294:find_same_wires$4509 and $auto$equiv_make.cc:294:find_same_wires$3202.
    Fwd merging 2 $equiv cells (from group of 2) using strategy deduplicate:
      Merging cells $auto$equiv_make.cc:294:find_same_wires$4508 and $auto$equiv_make.cc:294:find_same_wires$3201.
    Fwd merging 2 $equiv cells (from group of 2) using strategy deduplicate:
      Merging cells $auto$equiv_make.cc:294:find_same_wires$4507 and $auto$equiv_make.cc:294:find_same_wires$3200.
    Fwd merging 2 $equiv cells (from group of 2) using strategy deduplicate:
      Merging cells $auto$equiv_make.cc:294:find_same_wires$4506 and $auto$equiv_make.cc:294:find_same_wires$3199.
    Fwd merging 2 $equiv cells (from group of 2) using strategy deduplicate:
      Merging cells $auto$equiv_make.cc:294:find_same_wires$4505 and $auto$equiv_make.cc:294:find_same_wires$3198.
    Fwd merging 2 $equiv cells (from group of 2) using strategy deduplicate:
      Merging cells $auto$equiv_make.cc:294:find_same_wires$4504 and $auto$equiv_make.cc:294:find_same_wires$3197.
    Fwd merging 2 $equiv cells (from group of 2) using strategy deduplicate:
      Merging cells $auto$equiv_make.cc:294:find_same_wires$4503 and $auto$equiv_make.cc:294:find_same_wires$3196.
    Fwd merging 2 $equiv cells (from group of 2) using strategy deduplicate:
      Merging cells $auto$equiv_make.cc:294:find_same_wires$4502 and $auto$equiv_make.cc:294:find_same_wires$3195.
    Fwd merging 2 $equiv cells (from group of 2) using strategy deduplicate:
      Merging cells $auto$equiv_make.cc:294:find_same_wires$4501 and $auto$equiv_make.cc:294:find_same_wires$3194.
    Fwd merging 2 $equiv cells (from group of 2) using strategy deduplicate:
      Merging cells $auto$equiv_make.cc:294:find_same_wires$4500 and $auto$equiv_make.cc:294:find_same_wires$3193.
    Fwd merging 2 $equiv cells (from group of 2) using strategy deduplicate:
      Merging cells $auto$equiv_make.cc:294:find_same_wires$4499 and $auto$equiv_make.cc:294:find_same_wires$3192.
    Fwd merging 2 $equiv cells (from group of 2) using strategy deduplicate:
      Merging cells $auto$equiv_make.cc:294:find_same_wires$4498 and $auto$equiv_make.cc:294:find_same_wires$3191.
    Fwd merging 2 $equiv cells (from group of 2) using strategy deduplicate:
      Merging cells $auto$equiv_make.cc:294:find_same_wires$4497 and $auto$equiv_make.cc:294:find_same_wires$3190.
    Fwd merging 2 $equiv cells (from group of 2) using strategy deduplicate:
      Merging cells $auto$equiv_make.cc:294:find_same_wires$4496 and $auto$equiv_make.cc:294:find_same_wires$3189.
    Fwd merging 2 $equiv cells (from group of 2) using strategy deduplicate:
      Merging cells $auto$equiv_make.cc:294:find_same_wires$4495 and $auto$equiv_make.cc:294:find_same_wires$3188.
    Fwd merging 2 $equiv cells (from group of 2) using strategy deduplicate:
      Merging cells $auto$equiv_make.cc:294:find_same_wires$4494 and $auto$equiv_make.cc:294:find_same_wires$3187.
    Fwd merging 2 $equiv cells (from group of 2) using strategy deduplicate:
      Merging cells $auto$equiv_make.cc:294:find_same_wires$4493 and $auto$equiv_make.cc:294:find_same_wires$3186.
    Fwd merging 2 $equiv cells (from group of 2) using strategy deduplicate:
      Merging cells $auto$equiv_make.cc:294:find_same_wires$4492 and $auto$equiv_make.cc:294:find_same_wires$3185.
    Fwd merging 2 $equiv cells (from group of 2) using strategy deduplicate:
      Merging cells $auto$equiv_make.cc:294:find_same_wires$4491 and $auto$equiv_make.cc:294:find_same_wires$3184.
    Fwd merging 2 $equiv cells (from group of 2) using strategy deduplicate:
      Merging cells $auto$equiv_make.cc:294:find_same_wires$4490 and $auto$equiv_make.cc:294:find_same_wires$3183.
    Fwd merging 2 $equiv cells (from group of 2) using strategy deduplicate:
      Merging cells $auto$equiv_make.cc:294:find_same_wires$4489 and $auto$equiv_make.cc:294:find_same_wires$3182.
    Fwd merging 2 $equiv cells (from group of 2) using strategy deduplicate:
      Merging cells $auto$equiv_make.cc:294:find_same_wires$4488 and $auto$equiv_make.cc:294:find_same_wires$3181.
    Fwd merging 2 $equiv cells (from group of 2) using strategy deduplicate:
      Merging cells $auto$equiv_make.cc:294:find_same_wires$4487 and $auto$equiv_make.cc:294:find_same_wires$3180.
    Fwd merging 2 $equiv cells (from group of 2) using strategy deduplicate:
      Merging cells $auto$equiv_make.cc:294:find_same_wires$4486 and $auto$equiv_make.cc:294:find_same_wires$3179.
    Fwd merging 2 $equiv cells (from group of 2) using strategy deduplicate:
      Merging cells $auto$equiv_make.cc:294:find_same_wires$4485 and $auto$equiv_make.cc:294:find_same_wires$3178.
    Fwd merging 2 $equiv cells (from group of 2) using strategy deduplicate:
      Merging cells $auto$equiv_make.cc:294:find_same_wires$4484 and $auto$equiv_make.cc:294:find_same_wires$3177.
    Fwd merging 2 $equiv cells (from group of 2) using strategy deduplicate:
      Merging cells $auto$equiv_make.cc:294:find_same_wires$4483 and $auto$equiv_make.cc:294:find_same_wires$3176.
    Fwd merging 2 $equiv cells (from group of 2) using strategy deduplicate:
      Merging cells $auto$equiv_make.cc:294:find_same_wires$4482 and $auto$equiv_make.cc:294:find_same_wires$3175.
    Fwd merging 2 $equiv cells (from group of 2) using strategy deduplicate:
      Merging cells $auto$equiv_make.cc:294:find_same_wires$4481 and $auto$equiv_make.cc:294:find_same_wires$3174.
    Fwd merging 2 $equiv cells (from group of 2) using strategy deduplicate:
      Merging cells $auto$equiv_make.cc:294:find_same_wires$4480 and $auto$equiv_make.cc:294:find_same_wires$3173.
    Fwd merging 2 $equiv cells (from group of 2) using strategy deduplicate:
      Merging cells $auto$equiv_make.cc:294:find_same_wires$4479 and $auto$equiv_make.cc:294:find_same_wires$3172.
    Fwd merging 2 $equiv cells (from group of 2) using strategy deduplicate:
      Merging cells $auto$equiv_make.cc:294:find_same_wires$4478 and $auto$equiv_make.cc:294:find_same_wires$3171.
    Fwd merging 2 $equiv cells (from group of 2) using strategy deduplicate:
      Merging cells $auto$equiv_make.cc:294:find_same_wires$4477 and $auto$equiv_make.cc:294:find_same_wires$3170.
    Fwd merging 2 $equiv cells (from group of 2) using strategy deduplicate:
      Merging cells $auto$equiv_make.cc:294:find_same_wires$4476 and $auto$equiv_make.cc:294:find_same_wires$3169.
    Fwd merging 2 $equiv cells (from group of 2) using strategy deduplicate:
      Merging cells $auto$equiv_make.cc:294:find_same_wires$4475 and $auto$equiv_make.cc:294:find_same_wires$3168.
    Fwd merging 2 $equiv cells (from group of 2) using strategy deduplicate:
      Merging cells $auto$equiv_make.cc:294:find_same_wires$4474 and $auto$equiv_make.cc:294:find_same_wires$3167.
    Fwd merging 2 $equiv cells (from group of 2) using strategy deduplicate:
      Merging cells $auto$equiv_make.cc:294:find_same_wires$4471 and $auto$equiv_make.cc:294:find_same_wires$3166.
    Fwd merging 2 $equiv cells (from group of 2) using strategy deduplicate:
      Merging cells $auto$equiv_make.cc:294:find_same_wires$5229 and $auto$equiv_make.cc:294:find_same_wires$4329.
    Fwd merging 2 $equiv cells (from group of 2) using strategy deduplicate:
      Merging cells $auto$equiv_make.cc:294:find_same_wires$5151 and $auto$equiv_make.cc:294:find_same_wires$4266.
    Fwd merging 2 $equiv cells (from group of 2) using strategy deduplicate:
      Merging cells $auto$equiv_make.cc:294:find_same_wires$5145 and $auto$equiv_make.cc:294:find_same_wires$4260.
    Fwd merging 2 $equiv cells (from group of 2) using strategy deduplicate:
      Merging cells $auto$equiv_make.cc:294:find_same_wires$5142 and $auto$equiv_make.cc:294:find_same_wires$4257.
    Fwd merging 2 $equiv cells (from group of 2) using strategy deduplicate:
      Merging cells $auto$equiv_make.cc:294:find_same_wires$5141 and $auto$equiv_make.cc:294:find_same_wires$4256.
    Fwd merging 2 $equiv cells (from group of 2) using strategy deduplicate:
      Merging cells $auto$equiv_make.cc:294:find_same_wires$5140 and $auto$equiv_make.cc:294:find_same_wires$4255.
    Fwd merging 2 $equiv cells (from group of 2) using strategy deduplicate:
      Merging cells $auto$equiv_make.cc:294:find_same_wires$5139 and $auto$equiv_make.cc:294:find_same_wires$4254.
    Fwd merging 2 $equiv cells (from group of 2) using strategy deduplicate:
      Merging cells $auto$equiv_make.cc:294:find_same_wires$4658 and $auto$equiv_make.cc:294:find_same_wires$5284.
    Fwd merging 2 $equiv cells (from group of 2) using strategy deduplicate:
      Merging cells $auto$equiv_make.cc:294:find_same_wires$4656 and $auto$equiv_make.cc:294:find_same_wires$5282.
    Fwd merging 2 $equiv cells (from group of 2) using strategy deduplicate:
      Merging cells $auto$equiv_make.cc:294:find_same_wires$4654 and $auto$equiv_make.cc:294:find_same_wires$5280.
    Fwd merging 2 $equiv cells (from group of 2) using strategy deduplicate:
      Merging cells $auto$equiv_make.cc:294:find_same_wires$4652 and $auto$equiv_make.cc:294:find_same_wires$5278.
    Fwd merging 2 $equiv cells (from group of 2) using strategy deduplicate:
      Merging cells $auto$equiv_make.cc:294:find_same_wires$4648 and $auto$equiv_make.cc:294:find_same_wires$5274.
    Fwd merging 2 $equiv cells (from group of 2) using strategy deduplicate:
      Merging cells $auto$equiv_make.cc:294:find_same_wires$4646 and $auto$equiv_make.cc:294:find_same_wires$5272.
    Fwd merging 2 $equiv cells (from group of 2) using strategy deduplicate:
      Merging cells $auto$equiv_make.cc:294:find_same_wires$4644 and $auto$equiv_make.cc:294:find_same_wires$5270.
    Fwd merging 2 $equiv cells (from group of 2) using strategy deduplicate:
      Merging cells $auto$equiv_make.cc:294:find_same_wires$4642 and $auto$equiv_make.cc:294:find_same_wires$5268.
    Fwd merging 2 $equiv cells (from group of 2) using strategy deduplicate:
      Merging cells $auto$equiv_make.cc:294:find_same_wires$4340 and $auto$equiv_make.cc:294:find_same_wires$5240.
    Fwd merging 2 $equiv cells (from group of 2) using strategy deduplicate:
      Merging cells $auto$equiv_make.cc:294:find_same_wires$4339 and $auto$equiv_make.cc:294:find_same_wires$5239.
    Fwd merging 2 $equiv cells (from group of 2) using strategy deduplicate:
      Merging cells $auto$equiv_make.cc:294:find_same_wires$4338 and $auto$equiv_make.cc:294:find_same_wires$5238.
    Fwd merging 2 $equiv cells (from group of 2) using strategy deduplicate:
      Merging cells $auto$equiv_make.cc:294:find_same_wires$4337 and $auto$equiv_make.cc:294:find_same_wires$5237.
    Fwd merging 2 $equiv cells (from group of 2) using strategy deduplicate:
      Merging cells $auto$equiv_make.cc:294:find_same_wires$4336 and $auto$equiv_make.cc:294:find_same_wires$5236.
    Fwd merging 2 $equiv cells (from group of 2) using strategy deduplicate:
      Merging cells $auto$equiv_make.cc:294:find_same_wires$4335 and $auto$equiv_make.cc:294:find_same_wires$5235.
    Fwd merging 2 $equiv cells (from group of 2) using strategy deduplicate:
      Merging cells $auto$equiv_make.cc:294:find_same_wires$4334 and $auto$equiv_make.cc:294:find_same_wires$5234.
    Fwd merging 2 $equiv cells (from group of 2) using strategy deduplicate:
      Merging cells $auto$equiv_make.cc:294:find_same_wires$4333 and $auto$equiv_make.cc:294:find_same_wires$5233.
    Fwd merging 2 $equiv cells (from group of 2) using strategy deduplicate:
      Merging cells $auto$equiv_make.cc:294:find_same_wires$4332 and $auto$equiv_make.cc:294:find_same_wires$5232.
    Fwd merging 2 $equiv cells (from group of 2) using strategy deduplicate:
      Merging cells $auto$equiv_make.cc:294:find_same_wires$4331 and $auto$equiv_make.cc:294:find_same_wires$5231.
    Fwd merging 2 $equiv cells (from group of 2) using strategy deduplicate:
      Merging cells $auto$equiv_make.cc:294:find_same_wires$4330 and $auto$equiv_make.cc:294:find_same_wires$5230.
    Fwd merging 2 $equiv cells (from group of 2) using strategy deduplicate:
      Merging cells $auto$equiv_make.cc:294:find_same_wires$4328 and $auto$equiv_make.cc:294:find_same_wires$5228.
    Fwd merging 2 $equiv cells (from group of 2) using strategy deduplicate:
      Merging cells $auto$equiv_make.cc:294:find_same_wires$4327 and $auto$equiv_make.cc:294:find_same_wires$5227.
    Fwd merging 2 $equiv cells (from group of 2) using strategy deduplicate:
      Merging cells $auto$equiv_make.cc:294:find_same_wires$4326 and $auto$equiv_make.cc:294:find_same_wires$5226.
    Fwd merging 2 $equiv cells (from group of 2) using strategy deduplicate:
      Merging cells $auto$equiv_make.cc:294:find_same_wires$4325 and $auto$equiv_make.cc:294:find_same_wires$5225.
    Fwd merging 2 $equiv cells (from group of 2) using strategy deduplicate:
      Merging cells $auto$equiv_make.cc:294:find_same_wires$5532 and $auto$equiv_make.cc:294:find_same_wires$4803.
    Fwd merging 2 $equiv cells (from group of 2) using strategy deduplicate:
      Merging cells $auto$equiv_make.cc:294:find_same_wires$4305 and $auto$equiv_make.cc:294:find_same_wires$5587.
    Fwd merging 2 $equiv cells (from group of 2) using strategy deduplicate:
      Merging cells $auto$equiv_make.cc:294:find_same_wires$5528 and $auto$equiv_make.cc:294:find_same_wires$4799.
    Fwd merging 2 $equiv cells (from group of 2) using strategy deduplicate:
      Merging cells $auto$equiv_make.cc:294:find_same_wires$5526 and $auto$equiv_make.cc:294:find_same_wires$4797.
    Fwd merging 2 $equiv cells (from group of 2) using strategy deduplicate:
      Merging cells $auto$equiv_make.cc:294:find_same_wires$5524 and $auto$equiv_make.cc:294:find_same_wires$4795.
    Fwd merging 2 $equiv cells (from group of 2) using strategy deduplicate:
      Merging cells $auto$equiv_make.cc:294:find_same_wires$5522 and $auto$equiv_make.cc:294:find_same_wires$4793.
    Fwd merging 2 $equiv cells (from group of 2) using strategy deduplicate:
      Merging cells $auto$equiv_make.cc:294:find_same_wires$5688 and $auto$equiv_make.cc:294:find_same_wires$3124.
    Fwd merging 2 $equiv cells (from group of 2) using strategy deduplicate:
      Merging cells $auto$equiv_make.cc:294:find_same_wires$5684 and $auto$equiv_make.cc:294:find_same_wires$3120.
    Fwd merging 2 $equiv cells (from group of 2) using strategy deduplicate:
      Merging cells $auto$equiv_make.cc:294:find_same_wires$5680 and $auto$equiv_make.cc:294:find_same_wires$3116.
    Fwd merging 2 $equiv cells (from group of 2) using strategy deduplicate:
      Merging cells $auto$equiv_make.cc:294:find_same_wires$5676 and $auto$equiv_make.cc:294:find_same_wires$3112.
    Fwd merging 2 $equiv cells (from group of 2) using strategy deduplicate:
      Merging cells $auto$equiv_make.cc:294:find_same_wires$5672 and $auto$equiv_make.cc:294:find_same_wires$3108.
    Fwd merging 2 $equiv cells (from group of 3) using strategy deduplicate:
      Merging cells $auto$equiv_make.cc:294:find_same_wires$4706 and $auto$equiv_make.cc:294:find_same_wires$5179.
    Fwd merging 2 $equiv cells (from group of 3) using strategy deduplicate:
      Merging cells $auto$equiv_make.cc:294:find_same_wires$4704 and $auto$equiv_make.cc:294:find_same_wires$5177.
    Fwd merging 2 $equiv cells (from group of 3) using strategy deduplicate:
      Merging cells $auto$equiv_make.cc:294:find_same_wires$4702 and $auto$equiv_make.cc:294:find_same_wires$5175.
    Fwd merging 2 $equiv cells (from group of 3) using strategy deduplicate:
      Merging cells $auto$equiv_make.cc:294:find_same_wires$4700 and $auto$equiv_make.cc:294:find_same_wires$5173.
    Fwd merging 2 $equiv cells (from group of 2) using strategy deduplicate:
      Merging cells $auto$equiv_make.cc:294:find_same_wires$5644 and $auto$equiv_make.cc:294:find_same_wires$4725.
    Fwd merging 2 $equiv cells (from group of 3) using strategy deduplicate:
      Merging cells $auto$equiv_make.cc:294:find_same_wires$4640 and $auto$equiv_make.cc:294:find_same_wires$5640.
    Fwd merging 2 $equiv cells (from group of 2) using strategy deduplicate:
      Merging cells $auto$equiv_make.cc:294:find_same_wires$4604 and $auto$equiv_make.cc:294:find_same_wires$5258.
    Fwd merging 2 $equiv cells (from group of 2) using strategy deduplicate:
      Merging cells $auto$equiv_make.cc:294:find_same_wires$4272 and $auto$equiv_make.cc:294:find_same_wires$5157.
    Fwd merging 2 $equiv cells (from group of 2) using strategy deduplicate:
      Merging cells $auto$equiv_make.cc:294:find_same_wires$4271 and $auto$equiv_make.cc:294:find_same_wires$5156.
    Fwd merging 2 $equiv cells (from group of 2) using strategy deduplicate:
      Merging cells $auto$equiv_make.cc:294:find_same_wires$4270 and $auto$equiv_make.cc:294:find_same_wires$5155.
    Fwd merging 2 $equiv cells (from group of 2) using strategy deduplicate:
      Merging cells $auto$equiv_make.cc:294:find_same_wires$4269 and $auto$equiv_make.cc:294:find_same_wires$5154.
    Fwd merging 2 $equiv cells (from group of 2) using strategy deduplicate:
      Merging cells $auto$equiv_make.cc:294:find_same_wires$4268 and $auto$equiv_make.cc:294:find_same_wires$5153.
    Fwd merging 2 $equiv cells (from group of 2) using strategy deduplicate:
      Merging cells $auto$equiv_make.cc:294:find_same_wires$4267 and $auto$equiv_make.cc:294:find_same_wires$5152.
    Fwd merging 2 $equiv cells (from group of 2) using strategy deduplicate:
      Merging cells $auto$equiv_make.cc:294:find_same_wires$4265 and $auto$equiv_make.cc:294:find_same_wires$5150.
    Fwd merging 2 $equiv cells (from group of 2) using strategy deduplicate:
      Merging cells $auto$equiv_make.cc:294:find_same_wires$4264 and $auto$equiv_make.cc:294:find_same_wires$5149.
    Fwd merging 2 $equiv cells (from group of 2) using strategy deduplicate:
      Merging cells $auto$equiv_make.cc:294:find_same_wires$4263 and $auto$equiv_make.cc:294:find_same_wires$5148.
    Fwd merging 2 $equiv cells (from group of 2) using strategy deduplicate:
      Merging cells $auto$equiv_make.cc:294:find_same_wires$4262 and $auto$equiv_make.cc:294:find_same_wires$5147.
    Fwd merging 2 $equiv cells (from group of 2) using strategy deduplicate:
      Merging cells $auto$equiv_make.cc:294:find_same_wires$4261 and $auto$equiv_make.cc:294:find_same_wires$5146.
    Fwd merging 2 $equiv cells (from group of 2) using strategy deduplicate:
      Merging cells $auto$equiv_make.cc:294:find_same_wires$4259 and $auto$equiv_make.cc:294:find_same_wires$5144.
    Fwd merging 2 $equiv cells (from group of 2) using strategy deduplicate:
      Merging cells $auto$equiv_make.cc:294:find_same_wires$4258 and $auto$equiv_make.cc:294:find_same_wires$5143.
    Fwd merging 2 $equiv cells (from group of 2) using strategy deduplicate:
      Merging cells $auto$equiv_make.cc:294:find_same_wires$4253 and $auto$equiv_make.cc:294:find_same_wires$5138.
    Fwd merging 2 $equiv cells (from group of 2) using strategy deduplicate:
      Merging cells $auto$equiv_make.cc:294:find_same_wires$4252 and $auto$equiv_make.cc:294:find_same_wires$5137.
    Fwd merging 2 $equiv cells (from group of 2) using strategy deduplicate:
      Merging cells $auto$equiv_make.cc:294:find_same_wires$4251 and $auto$equiv_make.cc:294:find_same_wires$5136.
    Fwd merging 2 $equiv cells (from group of 2) using strategy deduplicate:
      Merging cells $auto$equiv_make.cc:294:find_same_wires$4250 and $auto$equiv_make.cc:294:find_same_wires$5135.
    Fwd merging 2 $equiv cells (from group of 2) using strategy deduplicate:
      Merging cells $auto$equiv_make.cc:294:find_same_wires$4249 and $auto$equiv_make.cc:294:find_same_wires$5134.
    Fwd merging 2 $equiv cells (from group of 2) using strategy deduplicate:
      Merging cells $auto$equiv_make.cc:294:find_same_wires$4248 and $auto$equiv_make.cc:294:find_same_wires$5133.
    Fwd merging 2 $equiv cells (from group of 2) using strategy deduplicate:
      Merging cells $auto$equiv_make.cc:294:find_same_wires$4247 and $auto$equiv_make.cc:294:find_same_wires$5132.
    Fwd merging 2 $equiv cells (from group of 2) using strategy deduplicate:
      Merging cells $auto$equiv_make.cc:294:find_same_wires$4246 and $auto$equiv_make.cc:294:find_same_wires$5131.
    Fwd merging 2 $equiv cells (from group of 2) using strategy deduplicate:
      Merging cells $auto$equiv_make.cc:294:find_same_wires$4245 and $auto$equiv_make.cc:294:find_same_wires$5130.
    Fwd merging 2 $equiv cells (from group of 2) using strategy deduplicate:
      Merging cells $auto$equiv_make.cc:294:find_same_wires$4244 and $auto$equiv_make.cc:294:find_same_wires$5129.
    Fwd merging 2 $equiv cells (from group of 2) using strategy deduplicate:
      Merging cells $auto$equiv_make.cc:294:find_same_wires$4243 and $auto$equiv_make.cc:294:find_same_wires$5128.
    Fwd merging 2 $equiv cells (from group of 2) using strategy deduplicate:
      Merging cells $auto$equiv_make.cc:294:find_same_wires$4242 and $auto$equiv_make.cc:294:find_same_wires$5127.
    Fwd merging 2 $equiv cells (from group of 2) using strategy deduplicate:
      Merging cells $auto$equiv_make.cc:294:find_same_wires$4241 and $auto$equiv_make.cc:294:find_same_wires$5126.
    Fwd merging 2 $equiv cells (from group of 2) using strategy deduplicate:
      Merging cells $auto$equiv_make.cc:294:find_same_wires$4240 and $auto$equiv_make.cc:294:find_same_wires$5125.
    Fwd merging 2 $equiv cells (from group of 2) using strategy deduplicate:
      Merging cells $auto$equiv_make.cc:294:find_same_wires$4239 and $auto$equiv_make.cc:294:find_same_wires$5124.
    Fwd merging 2 $equiv cells (from group of 2) using strategy deduplicate:
      Merging cells $auto$equiv_make.cc:294:find_same_wires$4238 and $auto$equiv_make.cc:294:find_same_wires$5123.
    Fwd merging 2 $equiv cells (from group of 2) using strategy deduplicate:
      Merging cells $auto$equiv_make.cc:294:find_same_wires$4237 and $auto$equiv_make.cc:294:find_same_wires$5122.
    Fwd merging 2 $equiv cells (from group of 2) using strategy deduplicate:
      Merging cells $auto$equiv_make.cc:294:find_same_wires$4236 and $auto$equiv_make.cc:294:find_same_wires$5121.
    Fwd merging 2 $equiv cells (from group of 2) using strategy deduplicate:
      Merging cells $auto$equiv_make.cc:294:find_same_wires$4235 and $auto$equiv_make.cc:294:find_same_wires$5120.
    Fwd merging 2 $equiv cells (from group of 2) using strategy deduplicate:
      Merging cells $auto$equiv_make.cc:294:find_same_wires$4234 and $auto$equiv_make.cc:294:find_same_wires$5119.
    Fwd merging 2 $equiv cells (from group of 2) using strategy deduplicate:
      Merging cells $auto$equiv_make.cc:294:find_same_wires$4233 and $auto$equiv_make.cc:294:find_same_wires$5118.
    Fwd merging 2 $equiv cells (from group of 2) using strategy deduplicate:
      Merging cells $auto$equiv_make.cc:294:find_same_wires$5678 and $auto$equiv_make.cc:294:find_same_wires$3114.
    Fwd merging 2 $equiv cells (from group of 3) using strategy deduplicate:
      Merging cells $auto$equiv_make.cc:294:find_same_wires$5594 and $auto$equiv_make.cc:294:find_same_wires$5630.
    Fwd merging 2 $equiv cells (from group of 2) using strategy deduplicate:
      Merging cells $auto$equiv_make.cc:294:find_same_wires$4223 and $auto$equiv_make.cc:294:find_same_wires$5091.
    Fwd merging 2 $equiv cells (from group of 2) using strategy deduplicate:
      Merging cells $auto$equiv_make.cc:294:find_same_wires$4222 and $auto$equiv_make.cc:294:find_same_wires$5090.
    Fwd merging 2 $equiv cells (from group of 2) using strategy deduplicate:
      Merging cells $auto$equiv_make.cc:294:find_same_wires$4221 and $auto$equiv_make.cc:294:find_same_wires$5089.
    Fwd merging 2 $equiv cells (from group of 2) using strategy deduplicate:
      Merging cells $auto$equiv_make.cc:294:find_same_wires$4220 and $auto$equiv_make.cc:294:find_same_wires$5088.
    Fwd merging 2 $equiv cells (from group of 2) using strategy deduplicate:
      Merging cells $auto$equiv_make.cc:294:find_same_wires$4219 and $auto$equiv_make.cc:294:find_same_wires$5087.
    Fwd merging 2 $equiv cells (from group of 2) using strategy deduplicate:
      Merging cells $auto$equiv_make.cc:294:find_same_wires$4218 and $auto$equiv_make.cc:294:find_same_wires$5086.
    Fwd merging 2 $equiv cells (from group of 2) using strategy deduplicate:
      Merging cells $auto$equiv_make.cc:294:find_same_wires$4217 and $auto$equiv_make.cc:294:find_same_wires$5085.
    Fwd merging 2 $equiv cells (from group of 2) using strategy deduplicate:
      Merging cells $auto$equiv_make.cc:294:find_same_wires$4216 and $auto$equiv_make.cc:294:find_same_wires$5084.
    Fwd merging 2 $equiv cells (from group of 2) using strategy deduplicate:
      Merging cells $auto$equiv_make.cc:294:find_same_wires$4890 and $auto$equiv_make.cc:294:find_same_wires$5554.
    Fwd merging 2 $equiv cells (from group of 2) using strategy deduplicate:
      Merging cells $auto$equiv_make.cc:294:find_same_wires$4886 and $auto$equiv_make.cc:294:find_same_wires$5550.
    Fwd merging 2 $equiv cells (from group of 2) using strategy deduplicate:
      Merging cells $auto$equiv_make.cc:294:find_same_wires$4882 and $auto$equiv_make.cc:294:find_same_wires$5546.
    Fwd merging 2 $equiv cells (from group of 2) using strategy deduplicate:
      Merging cells $auto$equiv_make.cc:294:find_same_wires$4878 and $auto$equiv_make.cc:294:find_same_wires$5542.
    Fwd merging 2 $equiv cells (from group of 2) using strategy deduplicate:
      Merging cells $auto$equiv_make.cc:294:find_same_wires$4874 and $auto$equiv_make.cc:294:find_same_wires$5538.
    Fwd merging 2 $equiv cells (from group of 2) using strategy deduplicate:
      Merging cells $auto$equiv_make.cc:294:find_same_wires$5685 and $auto$equiv_make.cc:294:find_same_wires$3121.
    Fwd merging 2 $equiv cells (from group of 2) using strategy deduplicate:
      Merging cells $auto$equiv_make.cc:294:find_same_wires$4207 and $auto$equiv_make.cc:294:find_same_wires$5075.
    Fwd merging 2 $equiv cells (from group of 2) using strategy deduplicate:
      Merging cells $auto$equiv_make.cc:294:find_same_wires$4206 and $auto$equiv_make.cc:294:find_same_wires$5074.
    Fwd merging 2 $equiv cells (from group of 2) using strategy deduplicate:
      Merging cells $auto$equiv_make.cc:294:find_same_wires$4205 and $auto$equiv_make.cc:294:find_same_wires$5073.
    Fwd merging 2 $equiv cells (from group of 2) using strategy deduplicate:
      Merging cells $auto$equiv_make.cc:294:find_same_wires$4204 and $auto$equiv_make.cc:294:find_same_wires$5072.
    Fwd merging 2 $equiv cells (from group of 2) using strategy deduplicate:
      Merging cells $auto$equiv_make.cc:294:find_same_wires$4203 and $auto$equiv_make.cc:294:find_same_wires$5071.
    Fwd merging 2 $equiv cells (from group of 2) using strategy deduplicate:
      Merging cells $auto$equiv_make.cc:294:find_same_wires$4202 and $auto$equiv_make.cc:294:find_same_wires$5070.
    Fwd merging 2 $equiv cells (from group of 2) using strategy deduplicate:
      Merging cells $auto$equiv_make.cc:294:find_same_wires$4201 and $auto$equiv_make.cc:294:find_same_wires$5069.
    Fwd merging 2 $equiv cells (from group of 2) using strategy deduplicate:
      Merging cells $auto$equiv_make.cc:294:find_same_wires$4200 and $auto$equiv_make.cc:294:find_same_wires$5068.
    Fwd merging 2 $equiv cells (from group of 3) using strategy deduplicate:
      Merging cells $auto$equiv_make.cc:294:find_same_wires$4698 and $auto$equiv_make.cc:294:find_same_wires$5171.
    Fwd merging 2 $equiv cells (from group of 3) using strategy deduplicate:
      Merging cells $auto$equiv_make.cc:294:find_same_wires$4696 and $auto$equiv_make.cc:294:find_same_wires$5169.
    Fwd merging 2 $equiv cells (from group of 3) using strategy deduplicate:
      Merging cells $auto$equiv_make.cc:294:find_same_wires$4694 and $auto$equiv_make.cc:294:find_same_wires$5167.
    Fwd merging 2 $equiv cells (from group of 3) using strategy deduplicate:
      Merging cells $auto$equiv_make.cc:294:find_same_wires$4692 and $auto$equiv_make.cc:294:find_same_wires$5165.
    Fwd merging 2 $equiv cells (from group of 2) using strategy deduplicate:
      Merging cells $auto$equiv_make.cc:294:find_same_wires$4183 and $auto$equiv_make.cc:294:find_same_wires$5051.
    Fwd merging 2 $equiv cells (from group of 2) using strategy deduplicate:
      Merging cells $auto$equiv_make.cc:294:find_same_wires$4182 and $auto$equiv_make.cc:294:find_same_wires$5050.
    Fwd merging 2 $equiv cells (from group of 2) using strategy deduplicate:
      Merging cells $auto$equiv_make.cc:294:find_same_wires$4181 and $auto$equiv_make.cc:294:find_same_wires$5049.
    Fwd merging 2 $equiv cells (from group of 2) using strategy deduplicate:
      Merging cells $auto$equiv_make.cc:294:find_same_wires$4180 and $auto$equiv_make.cc:294:find_same_wires$5048.
    Fwd merging 2 $equiv cells (from group of 2) using strategy deduplicate:
      Merging cells $auto$equiv_make.cc:294:find_same_wires$4179 and $auto$equiv_make.cc:294:find_same_wires$5047.
    Fwd merging 2 $equiv cells (from group of 2) using strategy deduplicate:
      Merging cells $auto$equiv_make.cc:294:find_same_wires$4178 and $auto$equiv_make.cc:294:find_same_wires$5046.
    Fwd merging 2 $equiv cells (from group of 2) using strategy deduplicate:
      Merging cells $auto$equiv_make.cc:294:find_same_wires$4177 and $auto$equiv_make.cc:294:find_same_wires$5045.
    Fwd merging 2 $equiv cells (from group of 2) using strategy deduplicate:
      Merging cells $auto$equiv_make.cc:294:find_same_wires$4176 and $auto$equiv_make.cc:294:find_same_wires$5044.
    Fwd merging 2 $equiv cells (from group of 2) using strategy deduplicate:
      Merging cells $auto$equiv_make.cc:294:find_same_wires$4175 and $auto$equiv_make.cc:294:find_same_wires$5043.
    Fwd merging 2 $equiv cells (from group of 2) using strategy deduplicate:
      Merging cells $auto$equiv_make.cc:294:find_same_wires$5264 and $auto$equiv_make.cc:294:find_same_wires$4610.
    Fwd merging 2 $equiv cells (from group of 2) using strategy deduplicate:
      Merging cells $auto$equiv_make.cc:294:find_same_wires$5262 and $auto$equiv_make.cc:294:find_same_wires$4608.
    Fwd merging 2 $equiv cells (from group of 2) using strategy deduplicate:
      Merging cells $auto$equiv_make.cc:294:find_same_wires$5260 and $auto$equiv_make.cc:294:find_same_wires$4606.
    Fwd merging 2 $equiv cells (from group of 2) using strategy deduplicate:
      Merging cells $auto$equiv_make.cc:294:find_same_wires$5533 and $auto$equiv_make.cc:294:find_same_wires$4804.
    Fwd merging 2 $equiv cells (from group of 2) using strategy deduplicate:
      Merging cells $auto$equiv_make.cc:294:find_same_wires$4166 and $auto$equiv_make.cc:294:find_same_wires$5034.
    Fwd merging 2 $equiv cells (from group of 2) using strategy deduplicate:
      Merging cells $auto$equiv_make.cc:294:find_same_wires$4165 and $auto$equiv_make.cc:294:find_same_wires$5033.
    Fwd merging 2 $equiv cells (from group of 2) using strategy deduplicate:
      Merging cells $auto$equiv_make.cc:294:find_same_wires$4164 and $auto$equiv_make.cc:294:find_same_wires$5032.
    Fwd merging 2 $equiv cells (from group of 2) using strategy deduplicate:
      Merging cells $auto$equiv_make.cc:294:find_same_wires$4163 and $auto$equiv_make.cc:294:find_same_wires$5031.
    Fwd merging 2 $equiv cells (from group of 2) using strategy deduplicate:
      Merging cells $auto$equiv_make.cc:294:find_same_wires$4162 and $auto$equiv_make.cc:294:find_same_wires$5030.
    Fwd merging 2 $equiv cells (from group of 2) using strategy deduplicate:
      Merging cells $auto$equiv_make.cc:294:find_same_wires$4161 and $auto$equiv_make.cc:294:find_same_wires$5029.
    Fwd merging 2 $equiv cells (from group of 2) using strategy deduplicate:
      Merging cells $auto$equiv_make.cc:294:find_same_wires$4160 and $auto$equiv_make.cc:294:find_same_wires$5028.
    Fwd merging 2 $equiv cells (from group of 2) using strategy deduplicate:
      Merging cells $auto$equiv_make.cc:294:find_same_wires$4159 and $auto$equiv_make.cc:294:find_same_wires$5027.
    Fwd merging 2 $equiv cells (from group of 2) using strategy deduplicate:
      Merging cells $auto$equiv_make.cc:294:find_same_wires$4158 and $auto$equiv_make.cc:294:find_same_wires$5010.
    Fwd merging 2 $equiv cells (from group of 2) using strategy deduplicate:
      Merging cells $auto$equiv_make.cc:294:find_same_wires$4157 and $auto$equiv_make.cc:294:find_same_wires$5009.
    Fwd merging 2 $equiv cells (from group of 2) using strategy deduplicate:
      Merging cells $auto$equiv_make.cc:294:find_same_wires$4156 and $auto$equiv_make.cc:294:find_same_wires$5008.
    Fwd merging 2 $equiv cells (from group of 2) using strategy deduplicate:
      Merging cells $auto$equiv_make.cc:294:find_same_wires$4155 and $auto$equiv_make.cc:294:find_same_wires$5007.
    Fwd merging 2 $equiv cells (from group of 2) using strategy deduplicate:
      Merging cells $auto$equiv_make.cc:294:find_same_wires$4154 and $auto$equiv_make.cc:294:find_same_wires$4974.
    Fwd merging 2 $equiv cells (from group of 3) using strategy deduplicate:
      Merging cells $auto$equiv_make.cc:294:find_same_wires$4746 and $auto$equiv_make.cc:294:find_same_wires$4088.
    Fwd merging 2 $equiv cells (from group of 2) using strategy deduplicate:
      Merging cells $auto$equiv_make.cc:294:find_same_wires$5621 and $auto$equiv_make.cc:294:find_same_wires$5222.
    Fwd merging 2 $equiv cells (from group of 3) using strategy deduplicate:
      Merging cells $auto$equiv_make.cc:294:find_same_wires$4736 and $auto$equiv_make.cc:294:find_same_wires$4079.
    Fwd merging 2 $equiv cells (from group of 3) using strategy deduplicate:
      Merging cells $auto$equiv_make.cc:294:find_same_wires$5641 and $auto$equiv_make.cc:294:find_same_wires$4078.
    Fwd merging 2 $equiv cells (from group of 3) using strategy deduplicate:
      Merging cells $auto$equiv_make.cc:294:find_same_wires$5637 and $auto$equiv_make.cc:294:find_same_wires$5601.
    Fwd merging 2 $equiv cells (from group of 3) using strategy deduplicate:
      Merging cells $auto$equiv_make.cc:294:find_same_wires$5633 and $auto$equiv_make.cc:294:find_same_wires$5597.
    Fwd merging 2 $equiv cells (from group of 3) using strategy deduplicate:
      Merging cells $auto$equiv_make.cc:294:find_same_wires$5629 and $auto$equiv_make.cc:294:find_same_wires$5593.
    Fwd merging 2 $equiv cells (from group of 3) using strategy deduplicate:
      Merging cells $auto$equiv_make.cc:294:find_same_wires$5625 and $auto$equiv_make.cc:294:find_same_wires$5589.
    Fwd merging 2 $equiv cells (from group of 3) using strategy deduplicate:
      Merging cells $auto$equiv_make.cc:294:find_same_wires$5603 and $auto$equiv_make.cc:294:find_same_wires$4059.
    Fwd merging 2 $equiv cells (from group of 3) using strategy deduplicate:
      Merging cells $auto$equiv_make.cc:294:find_same_wires$5602 and $auto$equiv_make.cc:294:find_same_wires$4058.
    Fwd merging 2 $equiv cells (from group of 3) using strategy deduplicate:
      Merging cells $auto$equiv_make.cc:294:find_same_wires$5636 and $auto$equiv_make.cc:294:find_same_wires$4056.
    Fwd merging 2 $equiv cells (from group of 3) using strategy deduplicate:
      Merging cells $auto$equiv_make.cc:294:find_same_wires$5599 and $auto$equiv_make.cc:294:find_same_wires$4055.
    Fwd merging 2 $equiv cells (from group of 3) using strategy deduplicate:
      Merging cells $auto$equiv_make.cc:294:find_same_wires$5598 and $auto$equiv_make.cc:294:find_same_wires$4054.
    Fwd merging 2 $equiv cells (from group of 3) using strategy deduplicate:
      Merging cells $auto$equiv_make.cc:294:find_same_wires$5632 and $auto$equiv_make.cc:294:find_same_wires$4052.
    Fwd merging 2 $equiv cells (from group of 3) using strategy deduplicate:
      Merging cells $auto$equiv_make.cc:294:find_same_wires$5595 and $auto$equiv_make.cc:294:find_same_wires$4051.
    Fwd merging 2 $equiv cells (from group of 3) using strategy deduplicate:
      Merging cells $auto$equiv_make.cc:294:find_same_wires$5628 and $auto$equiv_make.cc:294:find_same_wires$4048.
    Fwd merging 2 $equiv cells (from group of 3) using strategy deduplicate:
      Merging cells $auto$equiv_make.cc:294:find_same_wires$5591 and $auto$equiv_make.cc:294:find_same_wires$4047.
    Fwd merging 2 $equiv cells (from group of 3) using strategy deduplicate:
      Merging cells $auto$equiv_make.cc:294:find_same_wires$5590 and $auto$equiv_make.cc:294:find_same_wires$4046.
    Fwd merging 2 $equiv cells (from group of 2) using strategy deduplicate:
      Merging cells $auto$equiv_make.cc:294:find_same_wires$5552 and $auto$equiv_make.cc:294:find_same_wires$4888.
    Fwd merging 2 $equiv cells (from group of 2) using strategy deduplicate:
      Merging cells $auto$equiv_make.cc:294:find_same_wires$5548 and $auto$equiv_make.cc:294:find_same_wires$4884.
    Fwd merging 2 $equiv cells (from group of 2) using strategy deduplicate:
      Merging cells $auto$equiv_make.cc:294:find_same_wires$5544 and $auto$equiv_make.cc:294:find_same_wires$4880.
    Fwd merging 2 $equiv cells (from group of 2) using strategy deduplicate:
      Merging cells $auto$equiv_make.cc:294:find_same_wires$5540 and $auto$equiv_make.cc:294:find_same_wires$4876.
    Fwd merging 2 $equiv cells (from group of 2) using strategy deduplicate:
      Merging cells $auto$equiv_make.cc:294:find_same_wires$5536 and $auto$equiv_make.cc:294:find_same_wires$4807.
    Fwd merging 2 $equiv cells (from group of 2) using strategy deduplicate:
      Merging cells $auto$equiv_make.cc:294:find_same_wires$5534 and $auto$equiv_make.cc:294:find_same_wires$4805.
    Fwd merging 2 $equiv cells (from group of 3) using strategy deduplicate:
      Merging cells $auto$equiv_make.cc:294:find_same_wires$5622 and $auto$equiv_make.cc:294:find_same_wires$4025.
    Fwd merging 2 $equiv cells (from group of 3) using strategy deduplicate:
      Merging cells $auto$equiv_make.cc:294:find_same_wires$4342 and $auto$equiv_make.cc:294:find_same_wires$5117.
    Fwd merging 2 $equiv cells (from group of 3) using strategy deduplicate:
      Merging cells $auto$equiv_make.cc:294:find_same_wires$4668 and $auto$equiv_make.cc:294:find_same_wires$5116.
    Fwd merging 2 $equiv cells (from group of 3) using strategy deduplicate:
      Merging cells $auto$equiv_make.cc:294:find_same_wires$4666 and $auto$equiv_make.cc:294:find_same_wires$5114.
    Fwd merging 2 $equiv cells (from group of 3) using strategy deduplicate:
      Merging cells $auto$equiv_make.cc:294:find_same_wires$4664 and $auto$equiv_make.cc:294:find_same_wires$5112.
    Fwd merging 2 $equiv cells (from group of 3) using strategy deduplicate:
      Merging cells $auto$equiv_make.cc:294:find_same_wires$4662 and $auto$equiv_make.cc:294:find_same_wires$5110.
    Fwd merging 2 $equiv cells (from group of 3) using strategy deduplicate:
      Merging cells $auto$equiv_make.cc:294:find_same_wires$4539 and $auto$equiv_make.cc:294:find_same_wires$3990.
    Fwd merging 2 $equiv cells (from group of 2) using strategy deduplicate:
      Merging cells $auto$equiv_make.cc:294:find_same_wires$5724 and $auto$equiv_make.cc:294:find_same_wires$3159.
    Fwd merging 2 $equiv cells (from group of 3) using strategy deduplicate:
      Merging cells $auto$equiv_make.cc:294:find_same_wires$4320 and $auto$equiv_make.cc:294:find_same_wires$5082.
    Fwd merging 2 $equiv cells (from group of 3) using strategy deduplicate:
      Merging cells $auto$equiv_make.cc:294:find_same_wires$4318 and $auto$equiv_make.cc:294:find_same_wires$5080.
    Fwd merging 2 $equiv cells (from group of 3) using strategy deduplicate:
      Merging cells $auto$equiv_make.cc:294:find_same_wires$4316 and $auto$equiv_make.cc:294:find_same_wires$5078.
    Fwd merging 2 $equiv cells (from group of 3) using strategy deduplicate:
      Merging cells $auto$equiv_make.cc:294:find_same_wires$4314 and $auto$equiv_make.cc:294:find_same_wires$5076.
    Fwd merging 2 $equiv cells (from group of 3) using strategy deduplicate:
      Merging cells $auto$equiv_make.cc:294:find_same_wires$4312 and $auto$equiv_make.cc:294:find_same_wires$5066.
    Fwd merging 2 $equiv cells (from group of 3) using strategy deduplicate:
      Merging cells $auto$equiv_make.cc:294:find_same_wires$4310 and $auto$equiv_make.cc:294:find_same_wires$5064.
    Fwd merging 2 $equiv cells (from group of 3) using strategy deduplicate:
      Merging cells $auto$equiv_make.cc:294:find_same_wires$4308 and $auto$equiv_make.cc:294:find_same_wires$5062.
    Fwd merging 2 $equiv cells (from group of 3) using strategy deduplicate:
      Merging cells $auto$equiv_make.cc:294:find_same_wires$4306 and $auto$equiv_make.cc:294:find_same_wires$5060.
    Fwd merging 2 $equiv cells (from group of 3) using strategy deduplicate:
      Merging cells $auto$equiv_make.cc:294:find_same_wires$4676 and $auto$equiv_make.cc:294:find_same_wires$5042.
    Fwd merging 2 $equiv cells (from group of 3) using strategy deduplicate:
      Merging cells $auto$equiv_make.cc:294:find_same_wires$4674 and $auto$equiv_make.cc:294:find_same_wires$5040.
    Fwd merging 2 $equiv cells (from group of 3) using strategy deduplicate:
      Merging cells $auto$equiv_make.cc:294:find_same_wires$4672 and $auto$equiv_make.cc:294:find_same_wires$5038.
    Fwd merging 2 $equiv cells (from group of 3) using strategy deduplicate:
      Merging cells $auto$equiv_make.cc:294:find_same_wires$4670 and $auto$equiv_make.cc:294:find_same_wires$5036.
    Fwd merging 2 $equiv cells (from group of 2) using strategy deduplicate:
      Merging cells $auto$equiv_make.cc:294:find_same_wires$5722 and $auto$equiv_make.cc:294:find_same_wires$3157.
    Fwd merging 2 $equiv cells (from group of 2) using strategy deduplicate:
      Merging cells $auto$equiv_make.cc:294:find_same_wires$5718 and $auto$equiv_make.cc:294:find_same_wires$3153.
    Fwd merging 2 $equiv cells (from group of 2) using strategy deduplicate:
      Merging cells $auto$equiv_make.cc:294:find_same_wires$5714 and $auto$equiv_make.cc:294:find_same_wires$3149.
    Fwd merging 2 $equiv cells (from group of 2) using strategy deduplicate:
      Merging cells $auto$equiv_make.cc:294:find_same_wires$5710 and $auto$equiv_make.cc:294:find_same_wires$3145.
    Fwd merging 2 $equiv cells (from group of 2) using strategy deduplicate:
      Merging cells $auto$equiv_make.cc:294:find_same_wires$5706 and $auto$equiv_make.cc:294:find_same_wires$3141.
    Fwd merging 2 $equiv cells (from group of 2) using strategy deduplicate:
      Merging cells $auto$equiv_make.cc:294:find_same_wires$5702 and $auto$equiv_make.cc:294:find_same_wires$3137.
    Fwd merging 2 $equiv cells (from group of 2) using strategy deduplicate:
      Merging cells $auto$equiv_make.cc:294:find_same_wires$5698 and $auto$equiv_make.cc:294:find_same_wires$3133.
    Fwd merging 2 $equiv cells (from group of 2) using strategy deduplicate:
      Merging cells $auto$equiv_make.cc:294:find_same_wires$5694 and $auto$equiv_make.cc:294:find_same_wires$3130.
    Fwd merging 2 $equiv cells (from group of 3) using strategy deduplicate:
      Merging cells $auto$equiv_make.cc:294:find_same_wires$5586 and $auto$equiv_make.cc:294:find_same_wires$5006.
    Fwd merging 2 $equiv cells (from group of 3) using strategy deduplicate:
      Merging cells $auto$equiv_make.cc:294:find_same_wires$5584 and $auto$equiv_make.cc:294:find_same_wires$5004.
    Fwd merging 2 $equiv cells (from group of 3) using strategy deduplicate:
      Merging cells $auto$equiv_make.cc:294:find_same_wires$5580 and $auto$equiv_make.cc:294:find_same_wires$5000.
    Fwd merging 2 $equiv cells (from group of 3) using strategy deduplicate:
      Merging cells $auto$equiv_make.cc:294:find_same_wires$5572 and $auto$equiv_make.cc:294:find_same_wires$4992.
    Fwd merging 2 $equiv cells (from group of 3) using strategy deduplicate:
      Merging cells $auto$equiv_make.cc:294:find_same_wires$5566 and $auto$equiv_make.cc:294:find_same_wires$4986.
    Fwd merging 2 $equiv cells (from group of 3) using strategy deduplicate:
      Merging cells $auto$equiv_make.cc:294:find_same_wires$5564 and $auto$equiv_make.cc:294:find_same_wires$4984.
    Fwd merging 2 $equiv cells (from group of 3) using strategy deduplicate:
      Merging cells $auto$equiv_make.cc:294:find_same_wires$5562 and $auto$equiv_make.cc:294:find_same_wires$4982.
    Fwd merging 2 $equiv cells (from group of 3) using strategy deduplicate:
      Merging cells $auto$equiv_make.cc:294:find_same_wires$5560 and $auto$equiv_make.cc:294:find_same_wires$4980.
    Fwd merging 2 $equiv cells (from group of 3) using strategy deduplicate:
      Merging cells $auto$equiv_make.cc:294:find_same_wires$5558 and $auto$equiv_make.cc:294:find_same_wires$4978.
    Fwd merging 2 $equiv cells (from group of 3) using strategy deduplicate:
      Merging cells $auto$equiv_make.cc:294:find_same_wires$5556 and $auto$equiv_make.cc:294:find_same_wires$4976.
    Fwd merging 2 $equiv cells (from group of 3) using strategy deduplicate:
      Merging cells $auto$equiv_make.cc:294:find_same_wires$4473 and $auto$equiv_make.cc:294:find_same_wires$3925.
    Fwd merging 2 $equiv cells (from group of 2) using strategy deduplicate:
      Merging cells $auto$equiv_make.cc:294:find_same_wires$5531 and $auto$equiv_make.cc:294:find_same_wires$4802.
    Fwd merging 2 $equiv cells (from group of 3) using strategy deduplicate:
      Merging cells $auto$equiv_make.cc:294:find_same_wires$4470 and $auto$equiv_make.cc:294:find_same_wires$3923.
    Fwd merging 2 $equiv cells (from group of 3) using strategy deduplicate:
      Merging cells $auto$equiv_make.cc:294:find_same_wires$4469 and $auto$equiv_make.cc:294:find_same_wires$3922.
    Fwd merging 2 $equiv cells (from group of 3) using strategy deduplicate:
      Merging cells $auto$equiv_make.cc:294:find_same_wires$4468 and $auto$equiv_make.cc:294:find_same_wires$3921.
    Fwd merging 2 $equiv cells (from group of 3) using strategy deduplicate:
      Merging cells $auto$equiv_make.cc:294:find_same_wires$4467 and $auto$equiv_make.cc:294:find_same_wires$3920.
    Fwd merging 2 $equiv cells (from group of 3) using strategy deduplicate:
      Merging cells $auto$equiv_make.cc:294:find_same_wires$4466 and $auto$equiv_make.cc:294:find_same_wires$3919.
    Fwd merging 2 $equiv cells (from group of 3) using strategy deduplicate:
      Merging cells $auto$equiv_make.cc:294:find_same_wires$4465 and $auto$equiv_make.cc:294:find_same_wires$3918.
    Fwd merging 2 $equiv cells (from group of 3) using strategy deduplicate:
      Merging cells $auto$equiv_make.cc:294:find_same_wires$4464 and $auto$equiv_make.cc:294:find_same_wires$3917.
    Fwd merging 2 $equiv cells (from group of 3) using strategy deduplicate:
      Merging cells $auto$equiv_make.cc:294:find_same_wires$4463 and $auto$equiv_make.cc:294:find_same_wires$3916.
    Fwd merging 2 $equiv cells (from group of 3) using strategy deduplicate:
      Merging cells $auto$equiv_make.cc:294:find_same_wires$4462 and $auto$equiv_make.cc:294:find_same_wires$3915.
    Fwd merging 2 $equiv cells (from group of 3) using strategy deduplicate:
      Merging cells $auto$equiv_make.cc:294:find_same_wires$4461 and $auto$equiv_make.cc:294:find_same_wires$3914.
    Fwd merging 2 $equiv cells (from group of 3) using strategy deduplicate:
      Merging cells $auto$equiv_make.cc:294:find_same_wires$4460 and $auto$equiv_make.cc:294:find_same_wires$3913.
    Fwd merging 2 $equiv cells (from group of 3) using strategy deduplicate:
      Merging cells $auto$equiv_make.cc:294:find_same_wires$4459 and $auto$equiv_make.cc:294:find_same_wires$3912.
    Fwd merging 2 $equiv cells (from group of 3) using strategy deduplicate:
      Merging cells $auto$equiv_make.cc:294:find_same_wires$4458 and $auto$equiv_make.cc:294:find_same_wires$3911.
    Fwd merging 2 $equiv cells (from group of 3) using strategy deduplicate:
      Merging cells $auto$equiv_make.cc:294:find_same_wires$4457 and $auto$equiv_make.cc:294:find_same_wires$3910.
    Fwd merging 2 $equiv cells (from group of 3) using strategy deduplicate:
      Merging cells $auto$equiv_make.cc:294:find_same_wires$4456 and $auto$equiv_make.cc:294:find_same_wires$3909.
    Fwd merging 2 $equiv cells (from group of 3) using strategy deduplicate:
      Merging cells $auto$equiv_make.cc:294:find_same_wires$4455 and $auto$equiv_make.cc:294:find_same_wires$3908.
    Fwd merging 2 $equiv cells (from group of 3) using strategy deduplicate:
      Merging cells $auto$equiv_make.cc:294:find_same_wires$4454 and $auto$equiv_make.cc:294:find_same_wires$3907.
    Fwd merging 2 $equiv cells (from group of 3) using strategy deduplicate:
      Merging cells $auto$equiv_make.cc:294:find_same_wires$4453 and $auto$equiv_make.cc:294:find_same_wires$3906.
    Fwd merging 2 $equiv cells (from group of 3) using strategy deduplicate:
      Merging cells $auto$equiv_make.cc:294:find_same_wires$4452 and $auto$equiv_make.cc:294:find_same_wires$3905.
    Fwd merging 2 $equiv cells (from group of 3) using strategy deduplicate:
      Merging cells $auto$equiv_make.cc:294:find_same_wires$4451 and $auto$equiv_make.cc:294:find_same_wires$3904.
    Fwd merging 2 $equiv cells (from group of 3) using strategy deduplicate:
      Merging cells $auto$equiv_make.cc:294:find_same_wires$4450 and $auto$equiv_make.cc:294:find_same_wires$3903.
    Fwd merging 2 $equiv cells (from group of 3) using strategy deduplicate:
      Merging cells $auto$equiv_make.cc:294:find_same_wires$4449 and $auto$equiv_make.cc:294:find_same_wires$3902.
    Fwd merging 2 $equiv cells (from group of 3) using strategy deduplicate:
      Merging cells $auto$equiv_make.cc:294:find_same_wires$4448 and $auto$equiv_make.cc:294:find_same_wires$3901.
    Fwd merging 2 $equiv cells (from group of 3) using strategy deduplicate:
      Merging cells $auto$equiv_make.cc:294:find_same_wires$4447 and $auto$equiv_make.cc:294:find_same_wires$3900.
    Fwd merging 2 $equiv cells (from group of 3) using strategy deduplicate:
      Merging cells $auto$equiv_make.cc:294:find_same_wires$4446 and $auto$equiv_make.cc:294:find_same_wires$3899.
    Fwd merging 2 $equiv cells (from group of 3) using strategy deduplicate:
      Merging cells $auto$equiv_make.cc:294:find_same_wires$4445 and $auto$equiv_make.cc:294:find_same_wires$3898.
    Fwd merging 2 $equiv cells (from group of 3) using strategy deduplicate:
      Merging cells $auto$equiv_make.cc:294:find_same_wires$4444 and $auto$equiv_make.cc:294:find_same_wires$3897.
    Fwd merging 2 $equiv cells (from group of 3) using strategy deduplicate:
      Merging cells $auto$equiv_make.cc:294:find_same_wires$4443 and $auto$equiv_make.cc:294:find_same_wires$3896.
    Fwd merging 2 $equiv cells (from group of 3) using strategy deduplicate:
      Merging cells $auto$equiv_make.cc:294:find_same_wires$4442 and $auto$equiv_make.cc:294:find_same_wires$3895.
    Fwd merging 2 $equiv cells (from group of 3) using strategy deduplicate:
      Merging cells $auto$equiv_make.cc:294:find_same_wires$4441 and $auto$equiv_make.cc:294:find_same_wires$3894.
    Fwd merging 2 $equiv cells (from group of 3) using strategy deduplicate:
      Merging cells $auto$equiv_make.cc:294:find_same_wires$4440 and $auto$equiv_make.cc:294:find_same_wires$3893.
    Fwd merging 2 $equiv cells (from group of 3) using strategy deduplicate:
      Merging cells $auto$equiv_make.cc:294:find_same_wires$4439 and $auto$equiv_make.cc:294:find_same_wires$3892.
    Fwd merging 2 $equiv cells (from group of 3) using strategy deduplicate:
      Merging cells $auto$equiv_make.cc:294:find_same_wires$4438 and $auto$equiv_make.cc:294:find_same_wires$3891.
    Fwd merging 2 $equiv cells (from group of 3) using strategy deduplicate:
      Merging cells $auto$equiv_make.cc:294:find_same_wires$4437 and $auto$equiv_make.cc:294:find_same_wires$3890.
    Fwd merging 2 $equiv cells (from group of 3) using strategy deduplicate:
      Merging cells $auto$equiv_make.cc:294:find_same_wires$4436 and $auto$equiv_make.cc:294:find_same_wires$3889.
    Fwd merging 2 $equiv cells (from group of 3) using strategy deduplicate:
      Merging cells $auto$equiv_make.cc:294:find_same_wires$4435 and $auto$equiv_make.cc:294:find_same_wires$3888.
    Fwd merging 2 $equiv cells (from group of 3) using strategy deduplicate:
      Merging cells $auto$equiv_make.cc:294:find_same_wires$4434 and $auto$equiv_make.cc:294:find_same_wires$3887.
    Fwd merging 2 $equiv cells (from group of 3) using strategy deduplicate:
      Merging cells $auto$equiv_make.cc:294:find_same_wires$4433 and $auto$equiv_make.cc:294:find_same_wires$3886.
    Fwd merging 2 $equiv cells (from group of 3) using strategy deduplicate:
      Merging cells $auto$equiv_make.cc:294:find_same_wires$4432 and $auto$equiv_make.cc:294:find_same_wires$3885.
    Fwd merging 2 $equiv cells (from group of 3) using strategy deduplicate:
      Merging cells $auto$equiv_make.cc:294:find_same_wires$4431 and $auto$equiv_make.cc:294:find_same_wires$3884.
    Fwd merging 2 $equiv cells (from group of 3) using strategy deduplicate:
      Merging cells $auto$equiv_make.cc:294:find_same_wires$4430 and $auto$equiv_make.cc:294:find_same_wires$3883.
    Fwd merging 2 $equiv cells (from group of 3) using strategy deduplicate:
      Merging cells $auto$equiv_make.cc:294:find_same_wires$4429 and $auto$equiv_make.cc:294:find_same_wires$3882.
    Fwd merging 2 $equiv cells (from group of 3) using strategy deduplicate:
      Merging cells $auto$equiv_make.cc:294:find_same_wires$4428 and $auto$equiv_make.cc:294:find_same_wires$3881.
    Fwd merging 2 $equiv cells (from group of 3) using strategy deduplicate:
      Merging cells $auto$equiv_make.cc:294:find_same_wires$4427 and $auto$equiv_make.cc:294:find_same_wires$3880.
    Fwd merging 2 $equiv cells (from group of 3) using strategy deduplicate:
      Merging cells $auto$equiv_make.cc:294:find_same_wires$4426 and $auto$equiv_make.cc:294:find_same_wires$3879.
    Fwd merging 2 $equiv cells (from group of 3) using strategy deduplicate:
      Merging cells $auto$equiv_make.cc:294:find_same_wires$4425 and $auto$equiv_make.cc:294:find_same_wires$3878.
    Fwd merging 2 $equiv cells (from group of 3) using strategy deduplicate:
      Merging cells $auto$equiv_make.cc:294:find_same_wires$4424 and $auto$equiv_make.cc:294:find_same_wires$3877.
    Fwd merging 2 $equiv cells (from group of 3) using strategy deduplicate:
      Merging cells $auto$equiv_make.cc:294:find_same_wires$4423 and $auto$equiv_make.cc:294:find_same_wires$3876.
    Fwd merging 2 $equiv cells (from group of 3) using strategy deduplicate:
      Merging cells $auto$equiv_make.cc:294:find_same_wires$4422 and $auto$equiv_make.cc:294:find_same_wires$3875.
    Fwd merging 2 $equiv cells (from group of 3) using strategy deduplicate:
      Merging cells $auto$equiv_make.cc:294:find_same_wires$4421 and $auto$equiv_make.cc:294:find_same_wires$3874.
    Fwd merging 2 $equiv cells (from group of 3) using strategy deduplicate:
      Merging cells $auto$equiv_make.cc:294:find_same_wires$4420 and $auto$equiv_make.cc:294:find_same_wires$3873.
    Fwd merging 2 $equiv cells (from group of 3) using strategy deduplicate:
      Merging cells $auto$equiv_make.cc:294:find_same_wires$4419 and $auto$equiv_make.cc:294:find_same_wires$3872.
    Fwd merging 2 $equiv cells (from group of 3) using strategy deduplicate:
      Merging cells $auto$equiv_make.cc:294:find_same_wires$4418 and $auto$equiv_make.cc:294:find_same_wires$3871.
    Fwd merging 2 $equiv cells (from group of 3) using strategy deduplicate:
      Merging cells $auto$equiv_make.cc:294:find_same_wires$4417 and $auto$equiv_make.cc:294:find_same_wires$3870.
    Fwd merging 2 $equiv cells (from group of 3) using strategy deduplicate:
      Merging cells $auto$equiv_make.cc:294:find_same_wires$4416 and $auto$equiv_make.cc:294:find_same_wires$3869.
    Fwd merging 2 $equiv cells (from group of 3) using strategy deduplicate:
      Merging cells $auto$equiv_make.cc:294:find_same_wires$4415 and $auto$equiv_make.cc:294:find_same_wires$3868.
    Fwd merging 2 $equiv cells (from group of 3) using strategy deduplicate:
      Merging cells $auto$equiv_make.cc:294:find_same_wires$4414 and $auto$equiv_make.cc:294:find_same_wires$3867.
    Fwd merging 2 $equiv cells (from group of 3) using strategy deduplicate:
      Merging cells $auto$equiv_make.cc:294:find_same_wires$4413 and $auto$equiv_make.cc:294:find_same_wires$3866.
    Fwd merging 2 $equiv cells (from group of 3) using strategy deduplicate:
      Merging cells $auto$equiv_make.cc:294:find_same_wires$4412 and $auto$equiv_make.cc:294:find_same_wires$3865.
    Fwd merging 2 $equiv cells (from group of 3) using strategy deduplicate:
      Merging cells $auto$equiv_make.cc:294:find_same_wires$4411 and $auto$equiv_make.cc:294:find_same_wires$3864.
    Fwd merging 2 $equiv cells (from group of 3) using strategy deduplicate:
      Merging cells $auto$equiv_make.cc:294:find_same_wires$4410 and $auto$equiv_make.cc:294:find_same_wires$3863.
    Fwd merging 2 $equiv cells (from group of 3) using strategy deduplicate:
      Merging cells $auto$equiv_make.cc:294:find_same_wires$4409 and $auto$equiv_make.cc:294:find_same_wires$3862.
    Fwd merging 2 $equiv cells (from group of 3) using strategy deduplicate:
      Merging cells $auto$equiv_make.cc:294:find_same_wires$4408 and $auto$equiv_make.cc:294:find_same_wires$3861.
    Fwd merging 2 $equiv cells (from group of 3) using strategy deduplicate:
      Merging cells $auto$equiv_make.cc:294:find_same_wires$4407 and $auto$equiv_make.cc:294:find_same_wires$3860.
    Fwd merging 2 $equiv cells (from group of 3) using strategy deduplicate:
      Merging cells $auto$equiv_make.cc:294:find_same_wires$4716 and $auto$equiv_make.cc:294:find_same_wires$5189.
    Fwd merging 2 $equiv cells (from group of 3) using strategy deduplicate:
      Merging cells $auto$equiv_make.cc:294:find_same_wires$4710 and $auto$equiv_make.cc:294:find_same_wires$5183.
    Fwd merging 2 $equiv cells (from group of 2) using strategy deduplicate:
      Merging cells $auto$equiv_make.cc:294:find_same_wires$5530 and $auto$equiv_make.cc:294:find_same_wires$4801.
    Fwd merging 2 $equiv cells (from group of 3) using strategy deduplicate:
      Merging cells $auto$equiv_make.cc:294:find_same_wires$4714 and $auto$equiv_make.cc:294:find_same_wires$3838.
    Fwd merging 2 $equiv cells (from group of 3) using strategy deduplicate:
      Merging cells $auto$equiv_make.cc:294:find_same_wires$5186 and $auto$equiv_make.cc:294:find_same_wires$3837.
    Fwd merging 2 $equiv cells (from group of 3) using strategy deduplicate:
      Merging cells $auto$equiv_make.cc:294:find_same_wires$4712 and $auto$equiv_make.cc:294:find_same_wires$3836.
    Fwd merging 2 $equiv cells (from group of 3) using strategy deduplicate:
      Merging cells $auto$equiv_make.cc:294:find_same_wires$4708 and $auto$equiv_make.cc:294:find_same_wires$3832.
    Fwd merging 2 $equiv cells (from group of 3) using strategy deduplicate:
      Merging cells $auto$equiv_make.cc:294:find_same_wires$5180 and $auto$equiv_make.cc:294:find_same_wires$3831.
    Fwd merging 2 $equiv cells (from group of 3) using strategy deduplicate:
      Merging cells $auto$equiv_make.cc:294:find_same_wires$5172 and $auto$equiv_make.cc:294:find_same_wires$3823.
    Fwd merging 2 $equiv cells (from group of 3) using strategy deduplicate:
      Merging cells $auto$equiv_make.cc:294:find_same_wires$5170 and $auto$equiv_make.cc:294:find_same_wires$3821.
    Fwd merging 2 $equiv cells (from group of 3) using strategy deduplicate:
      Merging cells $auto$equiv_make.cc:294:find_same_wires$5168 and $auto$equiv_make.cc:294:find_same_wires$3819.
    Fwd merging 2 $equiv cells (from group of 3) using strategy deduplicate:
      Merging cells $auto$equiv_make.cc:294:find_same_wires$5166 and $auto$equiv_make.cc:294:find_same_wires$3817.
    Fwd merging 2 $equiv cells (from group of 3) using strategy deduplicate:
      Merging cells $auto$equiv_make.cc:294:find_same_wires$5164 and $auto$equiv_make.cc:294:find_same_wires$3815.
    Fwd merging 2 $equiv cells (from group of 3) using strategy deduplicate:
      Merging cells $auto$equiv_make.cc:294:find_same_wires$4690 and $auto$equiv_make.cc:294:find_same_wires$3814.
    Fwd merging 2 $equiv cells (from group of 3) using strategy deduplicate:
      Merging cells $auto$equiv_make.cc:294:find_same_wires$4688 and $auto$equiv_make.cc:294:find_same_wires$3812.
    Fwd merging 2 $equiv cells (from group of 3) using strategy deduplicate:
      Merging cells $auto$equiv_make.cc:294:find_same_wires$4686 and $auto$equiv_make.cc:294:find_same_wires$3810.
    Fwd merging 2 $equiv cells (from group of 2) using strategy deduplicate:
      Merging cells $auto$equiv_make.cc:294:find_same_wires$5549 and $auto$equiv_make.cc:294:find_same_wires$4885.
    Fwd merging 2 $equiv cells (from group of 2) using strategy deduplicate:
      Merging cells $auto$equiv_make.cc:294:find_same_wires$5541 and $auto$equiv_make.cc:294:find_same_wires$4877.
    Fwd merging 4 $equiv cells (from group of 4) using strategy deduplicate:
      Merging cells $auto$equiv_make.cc:294:find_same_wires$5623 and $auto$equiv_make.cc:294:find_same_wires$4026.
      Merging cells $auto$equiv_make.cc:294:find_same_wires$4614 and $auto$equiv_make.cc:294:find_same_wires$2879.
    Fwd merging 2 $equiv cells (from group of 2) using strategy deduplicate:
      Merging cells $auto$equiv_make.cc:294:find_same_wires$5454 and $auto$equiv_make.cc:294:find_same_wires$3097.
    Fwd merging 2 $equiv cells (from group of 2) using strategy deduplicate:
      Merging cells $auto$equiv_make.cc:294:find_same_wires$5285 and $auto$equiv_make.cc:294:find_same_wires$4659.
    Fwd merging 2 $equiv cells (from group of 3) using strategy deduplicate:
      Merging cells $auto$equiv_make.cc:294:find_same_wires$3839 and $auto$equiv_make.cc:294:find_same_wires$5188.
    Fwd merging 2 $equiv cells (from group of 2) using strategy deduplicate:
      Merging cells $auto$equiv_make.cc:294:find_same_wires$5269 and $auto$equiv_make.cc:294:find_same_wires$4643.
    Fwd merging 2 $equiv cells (from group of 2) using strategy deduplicate:
      Merging cells $auto$equiv_make.cc:294:find_same_wires$5261 and $auto$equiv_make.cc:294:find_same_wires$4607.
    Fwd merging 2 $equiv cells (from group of 2) using strategy deduplicate:
      Merging cells $auto$equiv_make.cc:294:find_same_wires$4808 and $auto$equiv_make.cc:294:find_same_wires$5537.
    Fwd merging 2 $equiv cells (from group of 2) using strategy deduplicate:
      Merging cells $auto$equiv_make.cc:294:find_same_wires$4800 and $auto$equiv_make.cc:294:find_same_wires$5529.
    Fwd merging 2 $equiv cells (from group of 2) using strategy deduplicate:
      Merging cells $auto$equiv_make.cc:294:find_same_wires$4796 and $auto$equiv_make.cc:294:find_same_wires$5525.
    Fwd merging 2 $equiv cells (from group of 2) using strategy deduplicate:
      Merging cells $auto$equiv_make.cc:294:find_same_wires$5689 and $auto$equiv_make.cc:294:find_same_wires$3125.
    Fwd merging 2 $equiv cells (from group of 2) using strategy deduplicate:
      Merging cells $auto$equiv_make.cc:294:find_same_wires$5681 and $auto$equiv_make.cc:294:find_same_wires$3117.
    Fwd merging 2 $equiv cells (from group of 2) using strategy deduplicate:
      Merging cells $auto$equiv_make.cc:294:find_same_wires$5673 and $auto$equiv_make.cc:294:find_same_wires$3109.
    Fwd merging 2 $equiv cells (from group of 3) using strategy deduplicate:
      Merging cells $auto$equiv_make.cc:294:find_same_wires$5757 and $auto$equiv_make.cc:294:find_same_wires$5416.
    Fwd merging 2 $equiv cells (from group of 2) using strategy deduplicate:
      Merging cells $auto$equiv_make.cc:294:find_same_wires$5523 and $auto$equiv_make.cc:294:find_same_wires$4794.
    Fwd merging 2 $equiv cells (from group of 3) using strategy deduplicate:
      Merging cells $auto$equiv_make.cc:294:find_same_wires$5115 and $auto$equiv_make.cc:294:find_same_wires$3766.
    Fwd merging 2 $equiv cells (from group of 3) using strategy deduplicate:
      Merging cells $auto$equiv_make.cc:294:find_same_wires$5113 and $auto$equiv_make.cc:294:find_same_wires$3764.
    Fwd merging 2 $equiv cells (from group of 3) using strategy deduplicate:
      Merging cells $auto$equiv_make.cc:294:find_same_wires$5111 and $auto$equiv_make.cc:294:find_same_wires$3762.
    Fwd merging 2 $equiv cells (from group of 3) using strategy deduplicate:
      Merging cells $auto$equiv_make.cc:294:find_same_wires$5414 and $auto$equiv_make.cc:294:find_same_wires$5755.
    Fwd merging 2 $equiv cells (from group of 3) using strategy deduplicate:
      Merging cells $auto$equiv_make.cc:294:find_same_wires$5412 and $auto$equiv_make.cc:294:find_same_wires$5753.
    Fwd merging 2 $equiv cells (from group of 3) using strategy deduplicate:
      Merging cells $auto$equiv_make.cc:294:find_same_wires$5410 and $auto$equiv_make.cc:294:find_same_wires$5751.
    Fwd merging 2 $equiv cells (from group of 3) using strategy deduplicate:
      Merging cells $auto$equiv_make.cc:294:find_same_wires$5408 and $auto$equiv_make.cc:294:find_same_wires$5749.
    Fwd merging 2 $equiv cells (from group of 3) using strategy deduplicate:
      Merging cells $auto$equiv_make.cc:294:find_same_wires$5406 and $auto$equiv_make.cc:294:find_same_wires$5747.
    Fwd merging 2 $equiv cells (from group of 3) using strategy deduplicate:
      Merging cells $auto$equiv_make.cc:294:find_same_wires$5404 and $auto$equiv_make.cc:294:find_same_wires$5745.
    Fwd merging 2 $equiv cells (from group of 3) using strategy deduplicate:
      Merging cells $auto$equiv_make.cc:294:find_same_wires$5402 and $auto$equiv_make.cc:294:find_same_wires$5743.
    Fwd merging 2 $equiv cells (from group of 3) using strategy deduplicate:
      Merging cells $auto$equiv_make.cc:294:find_same_wires$5400 and $auto$equiv_make.cc:294:find_same_wires$5741.
    Fwd merging 2 $equiv cells (from group of 3) using strategy deduplicate:
      Merging cells $auto$equiv_make.cc:294:find_same_wires$5398 and $auto$equiv_make.cc:294:find_same_wires$5739.
    Fwd merging 2 $equiv cells (from group of 3) using strategy deduplicate:
      Merging cells $auto$equiv_make.cc:294:find_same_wires$5396 and $auto$equiv_make.cc:294:find_same_wires$5737.
    Fwd merging 2 $equiv cells (from group of 3) using strategy deduplicate:
      Merging cells $auto$equiv_make.cc:294:find_same_wires$5394 and $auto$equiv_make.cc:294:find_same_wires$5735.
    Fwd merging 2 $equiv cells (from group of 3) using strategy deduplicate:
      Merging cells $auto$equiv_make.cc:294:find_same_wires$5392 and $auto$equiv_make.cc:294:find_same_wires$5733.
    Fwd merging 2 $equiv cells (from group of 3) using strategy deduplicate:
      Merging cells $auto$equiv_make.cc:294:find_same_wires$5390 and $auto$equiv_make.cc:294:find_same_wires$5731.
    Fwd merging 2 $equiv cells (from group of 3) using strategy deduplicate:
      Merging cells $auto$equiv_make.cc:294:find_same_wires$5388 and $auto$equiv_make.cc:294:find_same_wires$5729.
    Fwd merging 2 $equiv cells (from group of 2) using strategy deduplicate:
      Merging cells $auto$equiv_make.cc:294:find_same_wires$5727 and $auto$equiv_make.cc:294:find_same_wires$3162.
    Fwd merging 2 $equiv cells (from group of 2) using strategy deduplicate:
      Merging cells $auto$equiv_make.cc:294:find_same_wires$5725 and $auto$equiv_make.cc:294:find_same_wires$3160.
    Fwd merging 2 $equiv cells (from group of 2) using strategy deduplicate:
      Merging cells $auto$equiv_make.cc:294:find_same_wires$5723 and $auto$equiv_make.cc:294:find_same_wires$3158.
    Fwd merging 2 $equiv cells (from group of 2) using strategy deduplicate:
      Merging cells $auto$equiv_make.cc:294:find_same_wires$5273 and $auto$equiv_make.cc:294:find_same_wires$4647.
    Fwd merging 4 $equiv cells (from group of 4) using strategy deduplicate:
      Merging cells $auto$equiv_make.cc:294:find_same_wires$4341 and $auto$equiv_make.cc:294:find_same_wires$3843.
      Merging cells $auto$equiv_make.cc:294:find_same_wires$5241 and $auto$equiv_make.cc:294:find_same_wires$2745.
    Fwd merging 2 $equiv cells (from group of 3) using strategy deduplicate:
      Merging cells $auto$equiv_make.cc:294:find_same_wires$4754 and $auto$equiv_make.cc:294:find_same_wires$5669.
    Fwd merging 2 $equiv cells (from group of 3) using strategy deduplicate:
      Merging cells $auto$equiv_make.cc:294:find_same_wires$5752 and $auto$equiv_make.cc:294:find_same_wires$5411.
    Fwd merging 2 $equiv cells (from group of 3) using strategy deduplicate:
      Merging cells $auto$equiv_make.cc:294:find_same_wires$5744 and $auto$equiv_make.cc:294:find_same_wires$5403.
    Fwd merging 2 $equiv cells (from group of 2) using strategy deduplicate:
      Merging cells $auto$equiv_make.cc:294:find_same_wires$5527 and $auto$equiv_make.cc:294:find_same_wires$4798.
    Fwd merging 2 $equiv cells (from group of 3) using strategy deduplicate:
      Merging cells $auto$equiv_make.cc:294:find_same_wires$5732 and $auto$equiv_make.cc:294:find_same_wires$5391.
    Fwd merging 2 $equiv cells (from group of 3) using strategy deduplicate:
      Merging cells $auto$equiv_make.cc:294:find_same_wires$4321 and $auto$equiv_make.cc:294:find_same_wires$3734.
    Fwd merging 2 $equiv cells (from group of 3) using strategy deduplicate:
      Merging cells $auto$equiv_make.cc:294:find_same_wires$4319 and $auto$equiv_make.cc:294:find_same_wires$3732.
    Fwd merging 2 $equiv cells (from group of 3) using strategy deduplicate:
      Merging cells $auto$equiv_make.cc:294:find_same_wires$4317 and $auto$equiv_make.cc:294:find_same_wires$3730.
    Fwd merging 2 $equiv cells (from group of 3) using strategy deduplicate:
      Merging cells $auto$equiv_make.cc:294:find_same_wires$4315 and $auto$equiv_make.cc:294:find_same_wires$3728.
    Fwd merging 2 $equiv cells (from group of 3) using strategy deduplicate:
      Merging cells $auto$equiv_make.cc:294:find_same_wires$5736 and $auto$equiv_make.cc:294:find_same_wires$5395.
    Fwd merging 2 $equiv cells (from group of 3) using strategy deduplicate:
      Merging cells $auto$equiv_make.cc:294:find_same_wires$4750 and $auto$equiv_make.cc:294:find_same_wires$5665.
    Fwd merging 2 $equiv cells (from group of 3) using strategy deduplicate:
      Merging cells $auto$equiv_make.cc:294:find_same_wires$5662 and $auto$equiv_make.cc:294:find_same_wires$5320.
    Fwd merging 2 $equiv cells (from group of 3) using strategy deduplicate:
      Merging cells $auto$equiv_make.cc:294:find_same_wires$4313 and $auto$equiv_make.cc:294:find_same_wires$3718.
    Fwd merging 2 $equiv cells (from group of 3) using strategy deduplicate:
      Merging cells $auto$equiv_make.cc:294:find_same_wires$4311 and $auto$equiv_make.cc:294:find_same_wires$3716.
    Fwd merging 2 $equiv cells (from group of 3) using strategy deduplicate:
      Merging cells $auto$equiv_make.cc:294:find_same_wires$4309 and $auto$equiv_make.cc:294:find_same_wires$3714.
    Fwd merging 2 $equiv cells (from group of 3) using strategy deduplicate:
      Merging cells $auto$equiv_make.cc:294:find_same_wires$4307 and $auto$equiv_make.cc:294:find_same_wires$3712.
    Fwd merging 2 $equiv cells (from group of 3) using strategy deduplicate:
      Merging cells $auto$equiv_make.cc:294:find_same_wires$4684 and $auto$equiv_make.cc:294:find_same_wires$3710.
    Fwd merging 2 $equiv cells (from group of 3) using strategy deduplicate:
      Merging cells $auto$equiv_make.cc:294:find_same_wires$5058 and $auto$equiv_make.cc:294:find_same_wires$3709.
    Fwd merging 2 $equiv cells (from group of 3) using strategy deduplicate:
      Merging cells $auto$equiv_make.cc:294:find_same_wires$4682 and $auto$equiv_make.cc:294:find_same_wires$3708.
    Fwd merging 2 $equiv cells (from group of 3) using strategy deduplicate:
      Merging cells $auto$equiv_make.cc:294:find_same_wires$5056 and $auto$equiv_make.cc:294:find_same_wires$3707.
    Fwd merging 2 $equiv cells (from group of 3) using strategy deduplicate:
      Merging cells $auto$equiv_make.cc:294:find_same_wires$4680 and $auto$equiv_make.cc:294:find_same_wires$3706.
    Fwd merging 2 $equiv cells (from group of 3) using strategy deduplicate:
      Merging cells $auto$equiv_make.cc:294:find_same_wires$5054 and $auto$equiv_make.cc:294:find_same_wires$3705.
    Fwd merging 2 $equiv cells (from group of 3) using strategy deduplicate:
      Merging cells $auto$equiv_make.cc:294:find_same_wires$4678 and $auto$equiv_make.cc:294:find_same_wires$3704.
    Fwd merging 2 $equiv cells (from group of 3) using strategy deduplicate:
      Merging cells $auto$equiv_make.cc:294:find_same_wires$5052 and $auto$equiv_make.cc:294:find_same_wires$3703.
    Fwd merging 2 $equiv cells (from group of 3) using strategy deduplicate:
      Merging cells $auto$equiv_make.cc:294:find_same_wires$4044 and $auto$equiv_make.cc:294:find_same_wires$5624.
    Fwd merging 2 $equiv cells (from group of 3) using strategy deduplicate:
      Merging cells $auto$equiv_make.cc:294:find_same_wires$3833 and $auto$equiv_make.cc:294:find_same_wires$5182.
    Fwd merging 6 $equiv cells (from group of 6) using strategy deduplicate:
      Merging cells $auto$equiv_make.cc:294:find_same_wires$4105 and $auto$equiv_make.cc:294:find_same_wires$5191.
      Merging cells $auto$equiv_make.cc:294:find_same_wires$3995 and $auto$equiv_make.cc:294:find_same_wires$3993.
      Merging cells $auto$equiv_make.cc:294:find_same_wires$5193 and $auto$equiv_make.cc:294:find_same_wires$5303.
    Fwd merging 2 $equiv cells (from group of 2) using strategy deduplicate:
      Merging cells $auto$equiv_make.cc:294:find_same_wires$5721 and $auto$equiv_make.cc:294:find_same_wires$3156.
    Fwd merging 2 $equiv cells (from group of 2) using strategy deduplicate:
      Merging cells $auto$equiv_make.cc:294:find_same_wires$5719 and $auto$equiv_make.cc:294:find_same_wires$3154.
    Fwd merging 2 $equiv cells (from group of 2) using strategy deduplicate:
      Merging cells $auto$equiv_make.cc:294:find_same_wires$5717 and $auto$equiv_make.cc:294:find_same_wires$3152.
    Fwd merging 2 $equiv cells (from group of 2) using strategy deduplicate:
      Merging cells $auto$equiv_make.cc:294:find_same_wires$5715 and $auto$equiv_make.cc:294:find_same_wires$3150.
    Fwd merging 2 $equiv cells (from group of 2) using strategy deduplicate:
      Merging cells $auto$equiv_make.cc:294:find_same_wires$5713 and $auto$equiv_make.cc:294:find_same_wires$3148.
    Fwd merging 2 $equiv cells (from group of 2) using strategy deduplicate:
      Merging cells $auto$equiv_make.cc:294:find_same_wires$5711 and $auto$equiv_make.cc:294:find_same_wires$3146.
    Fwd merging 2 $equiv cells (from group of 2) using strategy deduplicate:
      Merging cells $auto$equiv_make.cc:294:find_same_wires$5709 and $auto$equiv_make.cc:294:find_same_wires$3144.
    Fwd merging 2 $equiv cells (from group of 2) using strategy deduplicate:
      Merging cells $auto$equiv_make.cc:294:find_same_wires$5707 and $auto$equiv_make.cc:294:find_same_wires$3142.
    Fwd merging 2 $equiv cells (from group of 2) using strategy deduplicate:
      Merging cells $auto$equiv_make.cc:294:find_same_wires$5705 and $auto$equiv_make.cc:294:find_same_wires$3140.
    Fwd merging 2 $equiv cells (from group of 2) using strategy deduplicate:
      Merging cells $auto$equiv_make.cc:294:find_same_wires$5703 and $auto$equiv_make.cc:294:find_same_wires$3138.
    Fwd merging 2 $equiv cells (from group of 2) using strategy deduplicate:
      Merging cells $auto$equiv_make.cc:294:find_same_wires$5701 and $auto$equiv_make.cc:294:find_same_wires$3136.
    Fwd merging 2 $equiv cells (from group of 2) using strategy deduplicate:
      Merging cells $auto$equiv_make.cc:294:find_same_wires$5699 and $auto$equiv_make.cc:294:find_same_wires$3134.
    Fwd merging 2 $equiv cells (from group of 2) using strategy deduplicate:
      Merging cells $auto$equiv_make.cc:294:find_same_wires$5697 and $auto$equiv_make.cc:294:find_same_wires$3132.
    Fwd merging 2 $equiv cells (from group of 2) using strategy deduplicate:
      Merging cells $auto$equiv_make.cc:294:find_same_wires$5695 and $auto$equiv_make.cc:294:find_same_wires$3165.
    Fwd merging 2 $equiv cells (from group of 2) using strategy deduplicate:
      Merging cells $auto$equiv_make.cc:294:find_same_wires$5693 and $auto$equiv_make.cc:294:find_same_wires$3129.
    Fwd merging 2 $equiv cells (from group of 2) using strategy deduplicate:
      Merging cells $auto$equiv_make.cc:294:find_same_wires$5691 and $auto$equiv_make.cc:294:find_same_wires$3127.
    Fwd merging 2 $equiv cells (from group of 3) using strategy deduplicate:
      Merging cells $auto$equiv_make.cc:294:find_same_wires$5585 and $auto$equiv_make.cc:294:find_same_wires$3656.
    Fwd merging 2 $equiv cells (from group of 3) using strategy deduplicate:
      Merging cells $auto$equiv_make.cc:294:find_same_wires$5583 and $auto$equiv_make.cc:294:find_same_wires$3654.
    Fwd merging 2 $equiv cells (from group of 3) using strategy deduplicate:
      Merging cells $auto$equiv_make.cc:294:find_same_wires$5002 and $auto$equiv_make.cc:294:find_same_wires$3653.
    Fwd merging 2 $equiv cells (from group of 3) using strategy deduplicate:
      Merging cells $auto$equiv_make.cc:294:find_same_wires$5581 and $auto$equiv_make.cc:294:find_same_wires$3652.
    Fwd merging 2 $equiv cells (from group of 3) using strategy deduplicate:
      Merging cells $auto$equiv_make.cc:294:find_same_wires$5579 and $auto$equiv_make.cc:294:find_same_wires$3650.
    Fwd merging 2 $equiv cells (from group of 3) using strategy deduplicate:
      Merging cells $auto$equiv_make.cc:294:find_same_wires$4998 and $auto$equiv_make.cc:294:find_same_wires$3649.
    Fwd merging 2 $equiv cells (from group of 3) using strategy deduplicate:
      Merging cells $auto$equiv_make.cc:294:find_same_wires$5577 and $auto$equiv_make.cc:294:find_same_wires$3648.
    Fwd merging 2 $equiv cells (from group of 3) using strategy deduplicate:
      Merging cells $auto$equiv_make.cc:294:find_same_wires$4996 and $auto$equiv_make.cc:294:find_same_wires$3647.
    Fwd merging 2 $equiv cells (from group of 3) using strategy deduplicate:
      Merging cells $auto$equiv_make.cc:294:find_same_wires$5575 and $auto$equiv_make.cc:294:find_same_wires$3646.
    Fwd merging 2 $equiv cells (from group of 3) using strategy deduplicate:
      Merging cells $auto$equiv_make.cc:294:find_same_wires$4994 and $auto$equiv_make.cc:294:find_same_wires$3645.
    Fwd merging 2 $equiv cells (from group of 3) using strategy deduplicate:
      Merging cells $auto$equiv_make.cc:294:find_same_wires$5573 and $auto$equiv_make.cc:294:find_same_wires$3644.
    Fwd merging 2 $equiv cells (from group of 3) using strategy deduplicate:
      Merging cells $auto$equiv_make.cc:294:find_same_wires$5571 and $auto$equiv_make.cc:294:find_same_wires$3642.
    Fwd merging 2 $equiv cells (from group of 3) using strategy deduplicate:
      Merging cells $auto$equiv_make.cc:294:find_same_wires$4990 and $auto$equiv_make.cc:294:find_same_wires$3641.
    Fwd merging 2 $equiv cells (from group of 3) using strategy deduplicate:
      Merging cells $auto$equiv_make.cc:294:find_same_wires$5569 and $auto$equiv_make.cc:294:find_same_wires$3640.
    Fwd merging 2 $equiv cells (from group of 3) using strategy deduplicate:
      Merging cells $auto$equiv_make.cc:294:find_same_wires$4988 and $auto$equiv_make.cc:294:find_same_wires$3639.
    Fwd merging 2 $equiv cells (from group of 3) using strategy deduplicate:
      Merging cells $auto$equiv_make.cc:294:find_same_wires$5567 and $auto$equiv_make.cc:294:find_same_wires$3638.
    Fwd merging 2 $equiv cells (from group of 3) using strategy deduplicate:
      Merging cells $auto$equiv_make.cc:294:find_same_wires$5565 and $auto$equiv_make.cc:294:find_same_wires$3636.
    Fwd merging 2 $equiv cells (from group of 3) using strategy deduplicate:
      Merging cells $auto$equiv_make.cc:294:find_same_wires$5561 and $auto$equiv_make.cc:294:find_same_wires$3632.
    Fwd merging 2 $equiv cells (from group of 3) using strategy deduplicate:
      Merging cells $auto$equiv_make.cc:294:find_same_wires$5557 and $auto$equiv_make.cc:294:find_same_wires$3628.
    Fwd merging 2 $equiv cells (from group of 3) using strategy deduplicate:
      Merging cells $auto$equiv_make.cc:294:find_same_wires$5486 and $auto$equiv_make.cc:294:find_same_wires$3622.
    Fwd merging 2 $equiv cells (from group of 3) using strategy deduplicate:
      Merging cells $auto$equiv_make.cc:294:find_same_wires$5484 and $auto$equiv_make.cc:294:find_same_wires$3620.
    Fwd merging 2 $equiv cells (from group of 3) using strategy deduplicate:
      Merging cells $auto$equiv_make.cc:294:find_same_wires$5483 and $auto$equiv_make.cc:294:find_same_wires$3619.
    Fwd merging 2 $equiv cells (from group of 3) using strategy deduplicate:
      Merging cells $auto$equiv_make.cc:294:find_same_wires$5482 and $auto$equiv_make.cc:294:find_same_wires$3618.
    Fwd merging 2 $equiv cells (from group of 3) using strategy deduplicate:
      Merging cells $auto$equiv_make.cc:294:find_same_wires$5480 and $auto$equiv_make.cc:294:find_same_wires$3616.
    Fwd merging 2 $equiv cells (from group of 3) using strategy deduplicate:
      Merging cells $auto$equiv_make.cc:294:find_same_wires$5479 and $auto$equiv_make.cc:294:find_same_wires$3615.
    Fwd merging 2 $equiv cells (from group of 3) using strategy deduplicate:
      Merging cells $auto$equiv_make.cc:294:find_same_wires$5478 and $auto$equiv_make.cc:294:find_same_wires$3614.
    Fwd merging 2 $equiv cells (from group of 3) using strategy deduplicate:
      Merging cells $auto$equiv_make.cc:294:find_same_wires$5476 and $auto$equiv_make.cc:294:find_same_wires$3612.
    Fwd merging 2 $equiv cells (from group of 3) using strategy deduplicate:
      Merging cells $auto$equiv_make.cc:294:find_same_wires$5475 and $auto$equiv_make.cc:294:find_same_wires$3611.
    Fwd merging 2 $equiv cells (from group of 3) using strategy deduplicate:
      Merging cells $auto$equiv_make.cc:294:find_same_wires$5474 and $auto$equiv_make.cc:294:find_same_wires$3610.
    Fwd merging 2 $equiv cells (from group of 3) using strategy deduplicate:
      Merging cells $auto$equiv_make.cc:294:find_same_wires$5472 and $auto$equiv_make.cc:294:find_same_wires$3608.
    Fwd merging 2 $equiv cells (from group of 2) using strategy deduplicate:
      Merging cells $auto$equiv_make.cc:294:find_same_wires$3161 and $auto$equiv_make.cc:294:find_same_wires$5726.
    Fwd merging 2 $equiv cells (from group of 2) using strategy deduplicate:
      Merging cells $auto$equiv_make.cc:294:find_same_wires$3155 and $auto$equiv_make.cc:294:find_same_wires$5720.
    Fwd merging 2 $equiv cells (from group of 2) using strategy deduplicate:
      Merging cells $auto$equiv_make.cc:294:find_same_wires$3151 and $auto$equiv_make.cc:294:find_same_wires$5716.
    Fwd merging 2 $equiv cells (from group of 2) using strategy deduplicate:
      Merging cells $auto$equiv_make.cc:294:find_same_wires$3147 and $auto$equiv_make.cc:294:find_same_wires$5712.
    Fwd merging 2 $equiv cells (from group of 2) using strategy deduplicate:
      Merging cells $auto$equiv_make.cc:294:find_same_wires$3143 and $auto$equiv_make.cc:294:find_same_wires$5708.
    Fwd merging 2 $equiv cells (from group of 2) using strategy deduplicate:
      Merging cells $auto$equiv_make.cc:294:find_same_wires$3139 and $auto$equiv_make.cc:294:find_same_wires$5704.
    Fwd merging 2 $equiv cells (from group of 2) using strategy deduplicate:
      Merging cells $auto$equiv_make.cc:294:find_same_wires$3135 and $auto$equiv_make.cc:294:find_same_wires$5700.
    Fwd merging 2 $equiv cells (from group of 2) using strategy deduplicate:
      Merging cells $auto$equiv_make.cc:294:find_same_wires$3131 and $auto$equiv_make.cc:294:find_same_wires$5696.
    Fwd merging 2 $equiv cells (from group of 2) using strategy deduplicate:
      Merging cells $auto$equiv_make.cc:294:find_same_wires$3128 and $auto$equiv_make.cc:294:find_same_wires$5692.
    Fwd merging 2 $equiv cells (from group of 2) using strategy deduplicate:
      Merging cells $auto$equiv_make.cc:294:find_same_wires$3126 and $auto$equiv_make.cc:294:find_same_wires$5690.
    Fwd merging 2 $equiv cells (from group of 2) using strategy deduplicate:
      Merging cells $auto$equiv_make.cc:294:find_same_wires$3123 and $auto$equiv_make.cc:294:find_same_wires$5687.
    Fwd merging 2 $equiv cells (from group of 2) using strategy deduplicate:
      Merging cells $auto$equiv_make.cc:294:find_same_wires$3122 and $auto$equiv_make.cc:294:find_same_wires$5686.
    Fwd merging 2 $equiv cells (from group of 2) using strategy deduplicate:
      Merging cells $auto$equiv_make.cc:294:find_same_wires$3119 and $auto$equiv_make.cc:294:find_same_wires$5683.
    Fwd merging 2 $equiv cells (from group of 2) using strategy deduplicate:
      Merging cells $auto$equiv_make.cc:294:find_same_wires$3118 and $auto$equiv_make.cc:294:find_same_wires$5682.
    Fwd merging 2 $equiv cells (from group of 2) using strategy deduplicate:
      Merging cells $auto$equiv_make.cc:294:find_same_wires$3115 and $auto$equiv_make.cc:294:find_same_wires$5679.
    Fwd merging 2 $equiv cells (from group of 2) using strategy deduplicate:
      Merging cells $auto$equiv_make.cc:294:find_same_wires$3113 and $auto$equiv_make.cc:294:find_same_wires$5677.
    Fwd merging 2 $equiv cells (from group of 2) using strategy deduplicate:
      Merging cells $auto$equiv_make.cc:294:find_same_wires$3111 and $auto$equiv_make.cc:294:find_same_wires$5675.
    Fwd merging 2 $equiv cells (from group of 2) using strategy deduplicate:
      Merging cells $auto$equiv_make.cc:294:find_same_wires$3110 and $auto$equiv_make.cc:294:find_same_wires$5674.
    Fwd merging 2 $equiv cells (from group of 2) using strategy deduplicate:
      Merging cells $auto$equiv_make.cc:294:find_same_wires$3107 and $auto$equiv_make.cc:294:find_same_wires$5671.
    Fwd merging 2 $equiv cells (from group of 3) using strategy deduplicate:
      Merging cells $auto$equiv_make.cc:294:find_same_wires$3760 and $auto$equiv_make.cc:294:find_same_wires$5109.
    Fwd merging 2 $equiv cells (from group of 2) using strategy deduplicate:
      Merging cells $auto$equiv_make.cc:294:find_same_wires$3096 and $auto$equiv_make.cc:294:find_same_wires$5453.
    Fwd merging 2 $equiv cells (from group of 3) using strategy deduplicate:
      Merging cells $auto$equiv_make.cc:294:find_same_wires$5452 and $auto$equiv_make.cc:294:find_same_wires$3095.
    Fwd merging 2 $equiv cells (from group of 3) using strategy deduplicate:
      Merging cells $auto$equiv_make.cc:294:find_same_wires$5450 and $auto$equiv_make.cc:294:find_same_wires$3094.
    Fwd merging 2 $equiv cells (from group of 3) using strategy deduplicate:
      Merging cells $auto$equiv_make.cc:294:find_same_wires$3809 and $auto$equiv_make.cc:294:find_same_wires$5158.
    Fwd merging 2 $equiv cells (from group of 2) using strategy deduplicate:
      Merging cells $auto$equiv_make.cc:294:find_same_wires$5283 and $auto$equiv_make.cc:294:find_same_wires$4657.
    Fwd merging 2 $equiv cells (from group of 2) using strategy deduplicate:
      Merging cells $auto$equiv_make.cc:294:find_same_wires$5279 and $auto$equiv_make.cc:294:find_same_wires$4653.
    Fwd merging 2 $equiv cells (from group of 2) using strategy deduplicate:
      Merging cells $auto$equiv_make.cc:294:find_same_wires$5275 and $auto$equiv_make.cc:294:find_same_wires$4649.
    Fwd merging 2 $equiv cells (from group of 2) using strategy deduplicate:
      Merging cells $auto$equiv_make.cc:294:find_same_wires$5271 and $auto$equiv_make.cc:294:find_same_wires$4645.
    Fwd merging 2 $equiv cells (from group of 2) using strategy deduplicate:
      Merging cells $auto$equiv_make.cc:294:find_same_wires$5267 and $auto$equiv_make.cc:294:find_same_wires$4641.
    Fwd merging 2 $equiv cells (from group of 2) using strategy deduplicate:
      Merging cells $auto$equiv_make.cc:294:find_same_wires$5263 and $auto$equiv_make.cc:294:find_same_wires$4609.
    Fwd merging 2 $equiv cells (from group of 2) using strategy deduplicate:
      Merging cells $auto$equiv_make.cc:294:find_same_wires$5259 and $auto$equiv_make.cc:294:find_same_wires$4605.
    Fwd merging 2 $equiv cells (from group of 3) using strategy deduplicate:
      Merging cells $auto$equiv_make.cc:294:find_same_wires$3835 and $auto$equiv_make.cc:294:find_same_wires$5184.
    Fwd merging 2 $equiv cells (from group of 3) using strategy deduplicate:
      Merging cells $auto$equiv_make.cc:294:find_same_wires$4752 and $auto$equiv_make.cc:294:find_same_wires$5667.
    Fwd merging 2 $equiv cells (from group of 3) using strategy deduplicate:
      Merging cells $auto$equiv_make.cc:294:find_same_wires$3829 and $auto$equiv_make.cc:294:find_same_wires$5178.
    Fwd merging 2 $equiv cells (from group of 3) using strategy deduplicate:
      Merging cells $auto$equiv_make.cc:294:find_same_wires$3825 and $auto$equiv_make.cc:294:find_same_wires$5174.
    Fwd merging 2 $equiv cells (from group of 3) using strategy deduplicate:
      Merging cells $auto$equiv_make.cc:294:find_same_wires$3624 and $auto$equiv_make.cc:294:find_same_wires$5489.
    Fwd merging 2 $equiv cells (from group of 3) using strategy deduplicate:
      Merging cells $auto$equiv_make.cc:294:find_same_wires$3621 and $auto$equiv_make.cc:294:find_same_wires$5485.
    Fwd merging 2 $equiv cells (from group of 3) using strategy deduplicate:
      Merging cells $auto$equiv_make.cc:294:find_same_wires$3617 and $auto$equiv_make.cc:294:find_same_wires$5481.
    Fwd merging 2 $equiv cells (from group of 3) using strategy deduplicate:
      Merging cells $auto$equiv_make.cc:294:find_same_wires$3613 and $auto$equiv_make.cc:294:find_same_wires$5477.
    Fwd merging 2 $equiv cells (from group of 3) using strategy deduplicate:
      Merging cells $auto$equiv_make.cc:294:find_same_wires$3609 and $auto$equiv_make.cc:294:find_same_wires$5473.
    Fwd merging 2 $equiv cells (from group of 2) using strategy deduplicate:
      Merging cells $auto$equiv_make.cc:294:find_same_wires$5553 and $auto$equiv_make.cc:294:find_same_wires$4889.
    Fwd merging 2 $equiv cells (from group of 3) using strategy deduplicate:
      Merging cells $auto$equiv_make.cc:294:find_same_wires$3093 and $auto$equiv_make.cc:294:find_same_wires$5449.
    Fwd merging 2 $equiv cells (from group of 2) using strategy deduplicate:
      Merging cells $auto$equiv_make.cc:294:find_same_wires$5281 and $auto$equiv_make.cc:294:find_same_wires$4655.
    Fwd merging 2 $equiv cells (from group of 2) using strategy deduplicate:
      Merging cells $auto$equiv_make.cc:294:find_same_wires$5265 and $auto$equiv_make.cc:294:find_same_wires$4611.
    Fwd merging 2 $equiv cells (from group of 2) using strategy deduplicate:
      Merging cells $auto$equiv_make.cc:294:find_same_wires$4806 and $auto$equiv_make.cc:294:find_same_wires$5535.
    Fwd merging 2 $equiv cells (from group of 3) using strategy deduplicate:
      Merging cells $auto$equiv_make.cc:294:find_same_wires$5754 and $auto$equiv_make.cc:294:find_same_wires$5413.
    Fwd merging 2 $equiv cells (from group of 3) using strategy deduplicate:
      Merging cells $auto$equiv_make.cc:294:find_same_wires$5750 and $auto$equiv_make.cc:294:find_same_wires$5409.
    Fwd merging 2 $equiv cells (from group of 3) using strategy deduplicate:
      Merging cells $auto$equiv_make.cc:294:find_same_wires$5746 and $auto$equiv_make.cc:294:find_same_wires$5405.
    Fwd merging 2 $equiv cells (from group of 3) using strategy deduplicate:
      Merging cells $auto$equiv_make.cc:294:find_same_wires$3827 and $auto$equiv_make.cc:294:find_same_wires$5176.
    Fwd merging 2 $equiv cells (from group of 3) using strategy deduplicate:
      Merging cells $auto$equiv_make.cc:294:find_same_wires$3623 and $auto$equiv_make.cc:294:find_same_wires$5487.
    Fwd merging 2 $equiv cells (from group of 2) using strategy deduplicate:
      Merging cells $auto$equiv_make.cc:294:find_same_wires$4887 and $auto$equiv_make.cc:294:find_same_wires$5551.
    Fwd merging 2 $equiv cells (from group of 2) using strategy deduplicate:
      Merging cells $auto$equiv_make.cc:294:find_same_wires$4883 and $auto$equiv_make.cc:294:find_same_wires$5547.
    Fwd merging 2 $equiv cells (from group of 2) using strategy deduplicate:
      Merging cells $auto$equiv_make.cc:294:find_same_wires$4881 and $auto$equiv_make.cc:294:find_same_wires$5545.
    Fwd merging 2 $equiv cells (from group of 2) using strategy deduplicate:
      Merging cells $auto$equiv_make.cc:294:find_same_wires$4879 and $auto$equiv_make.cc:294:find_same_wires$5543.
    Fwd merging 2 $equiv cells (from group of 2) using strategy deduplicate:
      Merging cells $auto$equiv_make.cc:294:find_same_wires$4875 and $auto$equiv_make.cc:294:find_same_wires$5539.
    Fwd merging 2 $equiv cells (from group of 3) using strategy deduplicate:
      Merging cells $auto$equiv_make.cc:294:find_same_wires$5740 and $auto$equiv_make.cc:294:find_same_wires$5399.
    Fwd merging 2 $equiv cells (from group of 3) using strategy deduplicate:
      Merging cells $auto$equiv_make.cc:294:find_same_wires$5728 and $auto$equiv_make.cc:294:find_same_wires$5387.
    Fwd merging 2 $equiv cells (from group of 3) using strategy deduplicate:
      Merging cells $auto$equiv_make.cc:294:find_same_wires$5748 and $auto$equiv_make.cc:294:find_same_wires$5407.
    Fwd merging 2 $equiv cells (from group of 3) using strategy deduplicate:
      Merging cells $auto$equiv_make.cc:294:find_same_wires$5670 and $auto$equiv_make.cc:294:find_same_wires$3005.
    Fwd merging 2 $equiv cells (from group of 3) using strategy deduplicate:
      Merging cells $auto$equiv_make.cc:294:find_same_wires$5668 and $auto$equiv_make.cc:294:find_same_wires$3003.
    Fwd merging 2 $equiv cells (from group of 3) using strategy deduplicate:
      Merging cells $auto$equiv_make.cc:294:find_same_wires$5666 and $auto$equiv_make.cc:294:find_same_wires$3001.
    Fwd merging 2 $equiv cells (from group of 3) using strategy deduplicate:
      Merging cells $auto$equiv_make.cc:294:find_same_wires$5664 and $auto$equiv_make.cc:294:find_same_wires$2999.
    Fwd merging 2 $equiv cells (from group of 3) using strategy deduplicate:
      Merging cells $auto$equiv_make.cc:294:find_same_wires$4748 and $auto$equiv_make.cc:294:find_same_wires$2998.
    Fwd merging 2 $equiv cells (from group of 3) using strategy deduplicate:
      Merging cells $auto$equiv_make.cc:294:find_same_wires$5415 and $auto$equiv_make.cc:294:find_same_wires$2993.
    Fwd merging 2 $equiv cells (from group of 3) using strategy deduplicate:
      Merging cells $auto$equiv_make.cc:294:find_same_wires$5401 and $auto$equiv_make.cc:294:find_same_wires$2979.
    Fwd merging 2 $equiv cells (from group of 3) using strategy deduplicate:
      Merging cells $auto$equiv_make.cc:294:find_same_wires$5397 and $auto$equiv_make.cc:294:find_same_wires$2975.
    Fwd merging 2 $equiv cells (from group of 3) using strategy deduplicate:
      Merging cells $auto$equiv_make.cc:294:find_same_wires$5393 and $auto$equiv_make.cc:294:find_same_wires$2971.
    Fwd merging 2 $equiv cells (from group of 3) using strategy deduplicate:
      Merging cells $auto$equiv_make.cc:294:find_same_wires$5389 and $auto$equiv_make.cc:294:find_same_wires$2967.
    Fwd merging 70 $equiv cells (from group of 71) using strategy deduplicate:
      Merging cells $auto$equiv_make.cc:294:find_same_wires$5649 and $auto$equiv_make.cc:294:find_same_wires$5645.
      Merging cells $auto$equiv_make.cc:294:find_same_wires$5653 and $auto$equiv_make.cc:294:find_same_wires$5302.
      Merging cells $auto$equiv_make.cc:294:find_same_wires$5300 and $auto$equiv_make.cc:294:find_same_wires$5298.
      Merging cells $auto$equiv_make.cc:294:find_same_wires$5296 and $auto$equiv_make.cc:294:find_same_wires$5294.
      Merging cells $auto$equiv_make.cc:294:find_same_wires$5292 and $auto$equiv_make.cc:294:find_same_wires$5290.
      Merging cells $auto$equiv_make.cc:294:find_same_wires$5288 and $auto$equiv_make.cc:294:find_same_wires$5217.
      Merging cells $auto$equiv_make.cc:294:find_same_wires$4119 and $auto$equiv_make.cc:294:find_same_wires$4117.
      Merging cells $auto$equiv_make.cc:294:find_same_wires$4115 and $auto$equiv_make.cc:294:find_same_wires$4113.
      Merging cells $auto$equiv_make.cc:294:find_same_wires$4111 and $auto$equiv_make.cc:294:find_same_wires$4109.
      Merging cells $auto$equiv_make.cc:294:find_same_wires$4107 and $auto$equiv_make.cc:294:find_same_wires$4104.
      Merging cells $auto$equiv_make.cc:294:find_same_wires$4102 and $auto$equiv_make.cc:294:find_same_wires$4100.
      Merging cells $auto$equiv_make.cc:294:find_same_wires$4098 and $auto$equiv_make.cc:294:find_same_wires$4096.
      Merging cells $auto$equiv_make.cc:294:find_same_wires$4094 and $auto$equiv_make.cc:294:find_same_wires$4092.
      Merging cells $auto$equiv_make.cc:294:find_same_wires$4090 and $auto$equiv_make.cc:294:find_same_wires$5221.
      Merging cells $auto$equiv_make.cc:294:find_same_wires$5215 and $auto$equiv_make.cc:294:find_same_wires$5209.
      Merging cells $auto$equiv_make.cc:294:find_same_wires$5203 and $auto$equiv_make.cc:294:find_same_wires$5197.
      Merging cells $auto$equiv_make.cc:294:find_same_wires$4023 and $auto$equiv_make.cc:294:find_same_wires$4021.
      Merging cells $auto$equiv_make.cc:294:find_same_wires$4019 and $auto$equiv_make.cc:294:find_same_wires$4017.
      Merging cells $auto$equiv_make.cc:294:find_same_wires$4015 and $auto$equiv_make.cc:294:find_same_wires$4013.
      Merging cells $auto$equiv_make.cc:294:find_same_wires$4011 and $auto$equiv_make.cc:294:find_same_wires$4009.
      Merging cells $auto$equiv_make.cc:294:find_same_wires$4007 and $auto$equiv_make.cc:294:find_same_wires$4005.
      Merging cells $auto$equiv_make.cc:294:find_same_wires$4003 and $auto$equiv_make.cc:294:find_same_wires$4001.
      Merging cells $auto$equiv_make.cc:294:find_same_wires$3999 and $auto$equiv_make.cc:294:find_same_wires$3997.
      Merging cells $auto$equiv_make.cc:294:find_same_wires$5219 and $auto$equiv_make.cc:294:find_same_wires$5213.
      Merging cells $auto$equiv_make.cc:294:find_same_wires$5207 and $auto$equiv_make.cc:294:find_same_wires$5201.
      Merging cells $auto$equiv_make.cc:294:find_same_wires$5195 and $auto$equiv_make.cc:294:find_same_wires$5661.
      Merging cells $auto$equiv_make.cc:294:find_same_wires$5313 and $auto$equiv_make.cc:294:find_same_wires$5305.
      Merging cells $auto$equiv_make.cc:294:find_same_wires$5211 and $auto$equiv_make.cc:294:find_same_wires$5205.
      Merging cells $auto$equiv_make.cc:294:find_same_wires$5199 and $auto$equiv_make.cc:294:find_same_wires$5317.
      Merging cells $auto$equiv_make.cc:294:find_same_wires$5309 and $auto$equiv_make.cc:294:find_same_wires$5315.
      Merging cells $auto$equiv_make.cc:294:find_same_wires$5311 and $auto$equiv_make.cc:294:find_same_wires$5307.
      Merging cells $auto$equiv_make.cc:294:find_same_wires$5657 and $auto$equiv_make.cc:294:find_same_wires$5659.
      Merging cells $auto$equiv_make.cc:294:find_same_wires$5655 and $auto$equiv_make.cc:294:find_same_wires$5651.
      Merging cells $auto$equiv_make.cc:294:find_same_wires$5647 and $auto$equiv_make.cc:294:find_same_wires$4723.
      Merging cells $auto$equiv_make.cc:294:find_same_wires$4721 and $auto$equiv_make.cc:294:find_same_wires$4719.
    Fwd merging 2 $equiv cells (from group of 3) using strategy deduplicate:
      Merging cells $auto$equiv_make.cc:294:find_same_wires$3813 and $auto$equiv_make.cc:294:find_same_wires$4689.
    Fwd merging 2 $equiv cells (from group of 3) using strategy deduplicate:
      Merging cells $auto$equiv_make.cc:294:find_same_wires$3811 and $auto$equiv_make.cc:294:find_same_wires$4687.
    Fwd merging 2 $equiv cells (from group of 3) using strategy deduplicate:
      Merging cells $auto$equiv_make.cc:294:find_same_wires$3692 and $auto$equiv_make.cc:294:find_same_wires$4675.
    Fwd merging 2 $equiv cells (from group of 3) using strategy deduplicate:
      Merging cells $auto$equiv_make.cc:294:find_same_wires$3690 and $auto$equiv_make.cc:294:find_same_wires$4673.
    Fwd merging 2 $equiv cells (from group of 3) using strategy deduplicate:
      Merging cells $auto$equiv_make.cc:294:find_same_wires$3688 and $auto$equiv_make.cc:294:find_same_wires$4671.
    Fwd merging 2 $equiv cells (from group of 3) using strategy deduplicate:
      Merging cells $auto$equiv_make.cc:294:find_same_wires$3686 and $auto$equiv_make.cc:294:find_same_wires$4669.
    Fwd merging 2 $equiv cells (from group of 3) using strategy deduplicate:
      Merging cells $auto$equiv_make.cc:294:find_same_wires$3634 and $auto$equiv_make.cc:294:find_same_wires$5563.
    Fwd merging 2 $equiv cells (from group of 3) using strategy deduplicate:
      Merging cells $auto$equiv_make.cc:294:find_same_wires$3630 and $auto$equiv_make.cc:294:find_same_wires$5559.
    Fwd merging 2 $equiv cells (from group of 3) using strategy deduplicate:
      Merging cells $auto$equiv_make.cc:294:find_same_wires$3626 and $auto$equiv_make.cc:294:find_same_wires$5555.
  Starting iteration 3.
    Fwd merging 2 $equiv cells (from group of 2) using strategy deduplicate:
      Merging cells $auto$equiv_make.cc:294:find_same_wires$4452 and $auto$equiv_make.cc:294:find_same_wires$2791.
    Fwd merging 2 $equiv cells (from group of 2) using strategy deduplicate:
      Merging cells $auto$equiv_make.cc:294:find_same_wires$4050 and $auto$equiv_make.cc:294:find_same_wires$5594.
    Fwd merging 2 $equiv cells (from group of 2) using strategy deduplicate:
      Merging cells $auto$equiv_make.cc:294:find_same_wires$4451 and $auto$equiv_make.cc:294:find_same_wires$2790.
    Fwd merging 2 $equiv cells (from group of 2) using strategy deduplicate:
      Merging cells $auto$equiv_make.cc:294:find_same_wires$4450 and $auto$equiv_make.cc:294:find_same_wires$2789.
    Fwd merging 2 $equiv cells (from group of 2) using strategy deduplicate:
      Merging cells $auto$equiv_make.cc:294:find_same_wires$4049 and $auto$equiv_make.cc:294:find_same_wires$5629.
    Fwd merging 2 $equiv cells (from group of 2) using strategy deduplicate:
      Merging cells $auto$equiv_make.cc:294:find_same_wires$4449 and $auto$equiv_make.cc:294:find_same_wires$2788.
    Fwd merging 2 $equiv cells (from group of 2) using strategy deduplicate:
      Merging cells $auto$equiv_make.cc:294:find_same_wires$4448 and $auto$equiv_make.cc:294:find_same_wires$2787.
    Fwd merging 2 $equiv cells (from group of 2) using strategy deduplicate:
      Merging cells $auto$equiv_make.cc:294:find_same_wires$4712 and $auto$equiv_make.cc:294:find_same_wires$5185.
    Fwd merging 2 $equiv cells (from group of 2) using strategy deduplicate:
      Merging cells $auto$equiv_make.cc:294:find_same_wires$4692 and $auto$equiv_make.cc:294:find_same_wires$3816.
    Fwd merging 2 $equiv cells (from group of 2) using strategy deduplicate:
      Merging cells $auto$equiv_make.cc:294:find_same_wires$4690 and $auto$equiv_make.cc:294:find_same_wires$5163.
    Fwd merging 2 $equiv cells (from group of 2) using strategy deduplicate:
      Merging cells $auto$equiv_make.cc:294:find_same_wires$4710 and $auto$equiv_make.cc:294:find_same_wires$3834.
    Fwd merging 2 $equiv cells (from group of 2) using strategy deduplicate:
      Merging cells $auto$equiv_make.cc:294:find_same_wires$5115 and $auto$equiv_make.cc:294:find_same_wires$4667.
    Fwd merging 2 $equiv cells (from group of 2) using strategy deduplicate:
      Merging cells $auto$equiv_make.cc:294:find_same_wires$4688 and $auto$equiv_make.cc:294:find_same_wires$5161.
    Fwd merging 2 $equiv cells (from group of 2) using strategy deduplicate:
      Merging cells $auto$equiv_make.cc:294:find_same_wires$4708 and $auto$equiv_make.cc:294:find_same_wires$5181.
    Fwd merging 2 $equiv cells (from group of 2) using strategy deduplicate:
      Merging cells $auto$equiv_make.cc:294:find_same_wires$5113 and $auto$equiv_make.cc:294:find_same_wires$4665.
    Fwd merging 2 $equiv cells (from group of 2) using strategy deduplicate:
      Merging cells $auto$equiv_make.cc:294:find_same_wires$4686 and $auto$equiv_make.cc:294:find_same_wires$5159.
    Fwd merging 2 $equiv cells (from group of 2) using strategy deduplicate:
      Merging cells $auto$equiv_make.cc:294:find_same_wires$4045 and $auto$equiv_make.cc:294:find_same_wires$5625.
    Fwd merging 2 $equiv cells (from group of 2) using strategy deduplicate:
      Merging cells $auto$equiv_make.cc:294:find_same_wires$5111 and $auto$equiv_make.cc:294:find_same_wires$4663.
    Fwd merging 2 $equiv cells (from group of 2) using strategy deduplicate:
      Merging cells $auto$equiv_make.cc:294:find_same_wires$4684 and $auto$equiv_make.cc:294:find_same_wires$5059.
    Fwd merging 2 $equiv cells (from group of 2) using strategy deduplicate:
      Merging cells $auto$equiv_make.cc:294:find_same_wires$4044 and $auto$equiv_make.cc:294:find_same_wires$5588.
    Fwd merging 2 $equiv cells (from group of 2) using strategy deduplicate:
      Merging cells $auto$equiv_make.cc:294:find_same_wires$5750 and $auto$equiv_make.cc:294:find_same_wires$2987.
    Fwd merging 2 $equiv cells (from group of 2) using strategy deduplicate:
      Merging cells $auto$equiv_make.cc:294:find_same_wires$5748 and $auto$equiv_make.cc:294:find_same_wires$2985.
    Fwd merging 2 $equiv cells (from group of 2) using strategy deduplicate:
      Merging cells $auto$equiv_make.cc:294:find_same_wires$5746 and $auto$equiv_make.cc:294:find_same_wires$2983.
    Fwd merging 2 $equiv cells (from group of 2) using strategy deduplicate:
      Merging cells $auto$equiv_make.cc:294:find_same_wires$5744 and $auto$equiv_make.cc:294:find_same_wires$2981.
    Fwd merging 2 $equiv cells (from group of 2) using strategy deduplicate:
      Merging cells $auto$equiv_make.cc:294:find_same_wires$4682 and $auto$equiv_make.cc:294:find_same_wires$5057.
    Fwd merging 2 $equiv cells (from group of 2) using strategy deduplicate:
      Merging cells $auto$equiv_make.cc:294:find_same_wires$5740 and $auto$equiv_make.cc:294:find_same_wires$2977.
    Fwd merging 2 $equiv cells (from group of 2) using strategy deduplicate:
      Merging cells $auto$equiv_make.cc:294:find_same_wires$5736 and $auto$equiv_make.cc:294:find_same_wires$2973.
    Fwd merging 2 $equiv cells (from group of 2) using strategy deduplicate:
      Merging cells $auto$equiv_make.cc:294:find_same_wires$5732 and $auto$equiv_make.cc:294:find_same_wires$2969.
    Fwd merging 2 $equiv cells (from group of 2) using strategy deduplicate:
      Merging cells $auto$equiv_make.cc:294:find_same_wires$5728 and $auto$equiv_make.cc:294:find_same_wires$2965.
    Fwd merging 2 $equiv cells (from group of 2) using strategy deduplicate:
      Merging cells $auto$equiv_make.cc:294:find_same_wires$4444 and $auto$equiv_make.cc:294:find_same_wires$2783.
    Fwd merging 2 $equiv cells (from group of 2) using strategy deduplicate:
      Merging cells $auto$equiv_make.cc:294:find_same_wires$4442 and $auto$equiv_make.cc:294:find_same_wires$2781.
    Fwd merging 2 $equiv cells (from group of 2) using strategy deduplicate:
      Merging cells $auto$equiv_make.cc:294:find_same_wires$4440 and $auto$equiv_make.cc:294:find_same_wires$2779.
    Fwd merging 2 $equiv cells (from group of 2) using strategy deduplicate:
      Merging cells $auto$equiv_make.cc:294:find_same_wires$4438 and $auto$equiv_make.cc:294:find_same_wires$2777.
    Fwd merging 2 $equiv cells (from group of 2) using strategy deduplicate:
      Merging cells $auto$equiv_make.cc:294:find_same_wires$4678 and $auto$equiv_make.cc:294:find_same_wires$5053.
    Fwd merging 2 $equiv cells (from group of 2) using strategy deduplicate:
      Merging cells $auto$equiv_make.cc:294:find_same_wires$4676 and $auto$equiv_make.cc:294:find_same_wires$3693.
    Fwd merging 2 $equiv cells (from group of 2) using strategy deduplicate:
      Merging cells $auto$equiv_make.cc:294:find_same_wires$4674 and $auto$equiv_make.cc:294:find_same_wires$3691.
    Fwd merging 2 $equiv cells (from group of 2) using strategy deduplicate:
      Merging cells $auto$equiv_make.cc:294:find_same_wires$4672 and $auto$equiv_make.cc:294:find_same_wires$3689.
    Fwd merging 2 $equiv cells (from group of 2) using strategy deduplicate:
      Merging cells $auto$equiv_make.cc:294:find_same_wires$4430 and $auto$equiv_make.cc:294:find_same_wires$2769.
    Fwd merging 2 $equiv cells (from group of 2) using strategy deduplicate:
      Merging cells $auto$equiv_make.cc:294:find_same_wires$4428 and $auto$equiv_make.cc:294:find_same_wires$2767.
    Fwd merging 2 $equiv cells (from group of 2) using strategy deduplicate:
      Merging cells $auto$equiv_make.cc:294:find_same_wires$4426 and $auto$equiv_make.cc:294:find_same_wires$2765.
    Fwd merging 2 $equiv cells (from group of 2) using strategy deduplicate:
      Merging cells $auto$equiv_make.cc:294:find_same_wires$4424 and $auto$equiv_make.cc:294:find_same_wires$2763.
    Fwd merging 2 $equiv cells (from group of 2) using strategy deduplicate:
      Merging cells $auto$equiv_make.cc:294:find_same_wires$4670 and $auto$equiv_make.cc:294:find_same_wires$3687.
    Fwd merging 2 $equiv cells (from group of 2) using strategy deduplicate:
      Merging cells $auto$equiv_make.cc:294:find_same_wires$4668 and $auto$equiv_make.cc:294:find_same_wires$3767.
    Fwd merging 2 $equiv cells (from group of 2) using strategy deduplicate:
      Merging cells $auto$equiv_make.cc:294:find_same_wires$4666 and $auto$equiv_make.cc:294:find_same_wires$3765.
    Fwd merging 2 $equiv cells (from group of 2) using strategy deduplicate:
      Merging cells $auto$equiv_make.cc:294:find_same_wires$4664 and $auto$equiv_make.cc:294:find_same_wires$3763.
    Fwd merging 2 $equiv cells (from group of 2) using strategy deduplicate:
      Merging cells $auto$equiv_make.cc:294:find_same_wires$5058 and $auto$equiv_make.cc:294:find_same_wires$4683.
    Fwd merging 2 $equiv cells (from group of 2) using strategy deduplicate:
      Merging cells $auto$equiv_make.cc:294:find_same_wires$5056 and $auto$equiv_make.cc:294:find_same_wires$4681.
    Fwd merging 2 $equiv cells (from group of 2) using strategy deduplicate:
      Merging cells $auto$equiv_make.cc:294:find_same_wires$5054 and $auto$equiv_make.cc:294:find_same_wires$4679.
    Fwd merging 2 $equiv cells (from group of 2) using strategy deduplicate:
      Merging cells $auto$equiv_make.cc:294:find_same_wires$5052 and $auto$equiv_make.cc:294:find_same_wires$4677.
    Fwd merging 2 $equiv cells (from group of 2) using strategy deduplicate:
      Merging cells $auto$equiv_make.cc:294:find_same_wires$4418 and $auto$equiv_make.cc:294:find_same_wires$2757.
    Fwd merging 2 $equiv cells (from group of 2) using strategy deduplicate:
      Merging cells $auto$equiv_make.cc:294:find_same_wires$4416 and $auto$equiv_make.cc:294:find_same_wires$2755.
    Fwd merging 2 $equiv cells (from group of 2) using strategy deduplicate:
      Merging cells $auto$equiv_make.cc:294:find_same_wires$4414 and $auto$equiv_make.cc:294:find_same_wires$2753.
    Fwd merging 2 $equiv cells (from group of 2) using strategy deduplicate:
      Merging cells $auto$equiv_make.cc:294:find_same_wires$4412 and $auto$equiv_make.cc:294:find_same_wires$2751.
    Fwd merging 2 $equiv cells (from group of 2) using strategy deduplicate:
      Merging cells $auto$equiv_make.cc:294:find_same_wires$4662 and $auto$equiv_make.cc:294:find_same_wires$3761.
    Fwd merging 2 $equiv cells (from group of 2) using strategy deduplicate:
      Merging cells $auto$equiv_make.cc:294:find_same_wires$5623 and $auto$equiv_make.cc:294:find_same_wires$4614.
    Fwd merging 2 $equiv cells (from group of 2) using strategy deduplicate:
      Merging cells $auto$equiv_make.cc:294:find_same_wires$5641 and $auto$equiv_make.cc:294:find_same_wires$4735.
    Fwd merging 2 $equiv cells (from group of 2) using strategy deduplicate:
      Merging cells $auto$equiv_make.cc:294:find_same_wires$5633 and $auto$equiv_make.cc:294:find_same_wires$4053.
    Fwd merging 2 $equiv cells (from group of 2) using strategy deduplicate:
      Merging cells $auto$equiv_make.cc:294:find_same_wires$4752 and $auto$equiv_make.cc:294:find_same_wires$3002.
    Fwd merging 2 $equiv cells (from group of 2) using strategy deduplicate:
      Merging cells $auto$equiv_make.cc:294:find_same_wires$4748 and $auto$equiv_make.cc:294:find_same_wires$5663.
    Fwd merging 2 $equiv cells (from group of 2) using strategy deduplicate:
      Merging cells $auto$equiv_make.cc:294:find_same_wires$4341 and $auto$equiv_make.cc:294:find_same_wires$5241.
    Fwd merging 2 $equiv cells (from group of 2) using strategy deduplicate:
      Merging cells $auto$equiv_make.cc:294:find_same_wires$5002 and $auto$equiv_make.cc:294:find_same_wires$5582.
    Fwd merging 2 $equiv cells (from group of 2) using strategy deduplicate:
      Merging cells $auto$equiv_make.cc:294:find_same_wires$4998 and $auto$equiv_make.cc:294:find_same_wires$5578.
    Fwd merging 2 $equiv cells (from group of 2) using strategy deduplicate:
      Merging cells $auto$equiv_make.cc:294:find_same_wires$4996 and $auto$equiv_make.cc:294:find_same_wires$5576.
    Fwd merging 2 $equiv cells (from group of 2) using strategy deduplicate:
      Merging cells $auto$equiv_make.cc:294:find_same_wires$4994 and $auto$equiv_make.cc:294:find_same_wires$5574.
    Fwd merging 2 $equiv cells (from group of 2) using strategy deduplicate:
      Merging cells $auto$equiv_make.cc:294:find_same_wires$4990 and $auto$equiv_make.cc:294:find_same_wires$5570.
    Fwd merging 2 $equiv cells (from group of 2) using strategy deduplicate:
      Merging cells $auto$equiv_make.cc:294:find_same_wires$4988 and $auto$equiv_make.cc:294:find_same_wires$5568.
    Fwd merging 2 $equiv cells (from group of 2) using strategy deduplicate:
      Merging cells $auto$equiv_make.cc:294:find_same_wires$5622 and $auto$equiv_make.cc:294:find_same_wires$4613.
    Fwd merging 2 $equiv cells (from group of 2) using strategy deduplicate:
      Merging cells $auto$equiv_make.cc:294:find_same_wires$4321 and $auto$equiv_make.cc:294:find_same_wires$5083.
    Fwd merging 2 $equiv cells (from group of 2) using strategy deduplicate:
      Merging cells $auto$equiv_make.cc:294:find_same_wires$4320 and $auto$equiv_make.cc:294:find_same_wires$3733.
    Fwd merging 2 $equiv cells (from group of 2) using strategy deduplicate:
      Merging cells $auto$equiv_make.cc:294:find_same_wires$4319 and $auto$equiv_make.cc:294:find_same_wires$5081.
    Fwd merging 2 $equiv cells (from group of 2) using strategy deduplicate:
      Merging cells $auto$equiv_make.cc:294:find_same_wires$4318 and $auto$equiv_make.cc:294:find_same_wires$3731.
    Fwd merging 2 $equiv cells (from group of 2) using strategy deduplicate:
      Merging cells $auto$equiv_make.cc:294:find_same_wires$4317 and $auto$equiv_make.cc:294:find_same_wires$5079.
    Fwd merging 2 $equiv cells (from group of 2) using strategy deduplicate:
      Merging cells $auto$equiv_make.cc:294:find_same_wires$4316 and $auto$equiv_make.cc:294:find_same_wires$3729.
    Fwd merging 2 $equiv cells (from group of 2) using strategy deduplicate:
      Merging cells $auto$equiv_make.cc:294:find_same_wires$4315 and $auto$equiv_make.cc:294:find_same_wires$5077.
    Fwd merging 2 $equiv cells (from group of 2) using strategy deduplicate:
      Merging cells $auto$equiv_make.cc:294:find_same_wires$4314 and $auto$equiv_make.cc:294:find_same_wires$3727.
    Fwd merging 2 $equiv cells (from group of 2) using strategy deduplicate:
      Merging cells $auto$equiv_make.cc:294:find_same_wires$4313 and $auto$equiv_make.cc:294:find_same_wires$5067.
    Fwd merging 2 $equiv cells (from group of 2) using strategy deduplicate:
      Merging cells $auto$equiv_make.cc:294:find_same_wires$4312 and $auto$equiv_make.cc:294:find_same_wires$3717.
    Fwd merging 2 $equiv cells (from group of 2) using strategy deduplicate:
      Merging cells $auto$equiv_make.cc:294:find_same_wires$4311 and $auto$equiv_make.cc:294:find_same_wires$5065.
    Fwd merging 2 $equiv cells (from group of 2) using strategy deduplicate:
      Merging cells $auto$equiv_make.cc:294:find_same_wires$4310 and $auto$equiv_make.cc:294:find_same_wires$3715.
    Fwd merging 2 $equiv cells (from group of 2) using strategy deduplicate:
      Merging cells $auto$equiv_make.cc:294:find_same_wires$4309 and $auto$equiv_make.cc:294:find_same_wires$5063.
    Fwd merging 2 $equiv cells (from group of 2) using strategy deduplicate:
      Merging cells $auto$equiv_make.cc:294:find_same_wires$4308 and $auto$equiv_make.cc:294:find_same_wires$3713.
    Fwd merging 2 $equiv cells (from group of 2) using strategy deduplicate:
      Merging cells $auto$equiv_make.cc:294:find_same_wires$4307 and $auto$equiv_make.cc:294:find_same_wires$5061.
    Fwd merging 2 $equiv cells (from group of 2) using strategy deduplicate:
      Merging cells $auto$equiv_make.cc:294:find_same_wires$4306 and $auto$equiv_make.cc:294:find_same_wires$3711.
    Fwd merging 2 $equiv cells (from group of 2) using strategy deduplicate:
      Merging cells $auto$equiv_make.cc:294:find_same_wires$5668 and $auto$equiv_make.cc:294:find_same_wires$4753.
    Fwd merging 2 $equiv cells (from group of 2) using strategy deduplicate:
      Merging cells $auto$equiv_make.cc:294:find_same_wires$5664 and $auto$equiv_make.cc:294:find_same_wires$4749.
    Fwd merging 2 $equiv cells (from group of 2) using strategy deduplicate:
      Merging cells $auto$equiv_make.cc:294:find_same_wires$5636 and $auto$equiv_make.cc:294:find_same_wires$5600.
    Fwd merging 2 $equiv cells (from group of 2) using strategy deduplicate:
      Merging cells $auto$equiv_make.cc:294:find_same_wires$5632 and $auto$equiv_make.cc:294:find_same_wires$5596.
    Fwd merging 2 $equiv cells (from group of 2) using strategy deduplicate:
      Merging cells $auto$equiv_make.cc:294:find_same_wires$5628 and $auto$equiv_make.cc:294:find_same_wires$5592.
    Fwd merging 2 $equiv cells (from group of 2) using strategy deduplicate:
      Merging cells $auto$equiv_make.cc:294:find_same_wires$5486 and $auto$equiv_make.cc:294:find_same_wires$2741.
    Fwd merging 2 $equiv cells (from group of 2) using strategy deduplicate:
      Merging cells $auto$equiv_make.cc:294:find_same_wires$5484 and $auto$equiv_make.cc:294:find_same_wires$2739.
    Fwd merging 2 $equiv cells (from group of 2) using strategy deduplicate:
      Merging cells $auto$equiv_make.cc:294:find_same_wires$5482 and $auto$equiv_make.cc:294:find_same_wires$2737.
    Fwd merging 2 $equiv cells (from group of 2) using strategy deduplicate:
      Merging cells $auto$equiv_make.cc:294:find_same_wires$5480 and $auto$equiv_make.cc:294:find_same_wires$2735.
    Fwd merging 2 $equiv cells (from group of 2) using strategy deduplicate:
      Merging cells $auto$equiv_make.cc:294:find_same_wires$5478 and $auto$equiv_make.cc:294:find_same_wires$2733.
    Fwd merging 2 $equiv cells (from group of 2) using strategy deduplicate:
      Merging cells $auto$equiv_make.cc:294:find_same_wires$5476 and $auto$equiv_make.cc:294:find_same_wires$2731.
    Fwd merging 2 $equiv cells (from group of 2) using strategy deduplicate:
      Merging cells $auto$equiv_make.cc:294:find_same_wires$5474 and $auto$equiv_make.cc:294:find_same_wires$2729.
    Fwd merging 2 $equiv cells (from group of 2) using strategy deduplicate:
      Merging cells $auto$equiv_make.cc:294:find_same_wires$5472 and $auto$equiv_make.cc:294:find_same_wires$2727.
    Fwd merging 2 $equiv cells (from group of 2) using strategy deduplicate:
      Merging cells $auto$equiv_make.cc:294:find_same_wires$5572 and $auto$equiv_make.cc:294:find_same_wires$3643.
    Fwd merging 2 $equiv cells (from group of 2) using strategy deduplicate:
      Merging cells $auto$equiv_make.cc:294:find_same_wires$5565 and $auto$equiv_make.cc:294:find_same_wires$4985.
    Fwd merging 2 $equiv cells (from group of 2) using strategy deduplicate:
      Merging cells $auto$equiv_make.cc:294:find_same_wires$5557 and $auto$equiv_make.cc:294:find_same_wires$4977.
    Fwd merging 2 $equiv cells (from group of 2) using strategy deduplicate:
      Merging cells $auto$equiv_make.cc:294:find_same_wires$4640 and $auto$equiv_make.cc:294:find_same_wires$4068.
    Fwd merging 2 $equiv cells (from group of 2) using strategy deduplicate:
      Merging cells $auto$equiv_make.cc:294:find_same_wires$5564 and $auto$equiv_make.cc:294:find_same_wires$3635.
    Fwd merging 2 $equiv cells (from group of 2) using strategy deduplicate:
      Merging cells $auto$equiv_make.cc:294:find_same_wires$4470 and $auto$equiv_make.cc:294:find_same_wires$2809.
    Fwd merging 2 $equiv cells (from group of 2) using strategy deduplicate:
      Merging cells $auto$equiv_make.cc:294:find_same_wires$5754 and $auto$equiv_make.cc:294:find_same_wires$2991.
    Fwd merging 2 $equiv cells (from group of 2) using strategy deduplicate:
      Merging cells $auto$equiv_make.cc:294:find_same_wires$5186 and $auto$equiv_make.cc:294:find_same_wires$4713.
    Fwd merging 2 $equiv cells (from group of 2) using strategy deduplicate:
      Merging cells $auto$equiv_make.cc:294:find_same_wires$5180 and $auto$equiv_make.cc:294:find_same_wires$4707.
    Fwd merging 2 $equiv cells (from group of 2) using strategy deduplicate:
      Merging cells $auto$equiv_make.cc:294:find_same_wires$3840 and $auto$equiv_make.cc:294:find_same_wires$4716.
    Fwd merging 2 $equiv cells (from group of 2) using strategy deduplicate:
      Merging cells $auto$equiv_make.cc:294:find_same_wires$3839 and $auto$equiv_make.cc:294:find_same_wires$4715.
    Fwd merging 2 $equiv cells (from group of 2) using strategy deduplicate:
      Merging cells $auto$equiv_make.cc:294:find_same_wires$3835 and $auto$equiv_make.cc:294:find_same_wires$4711.
    Fwd merging 2 $equiv cells (from group of 2) using strategy deduplicate:
      Merging cells $auto$equiv_make.cc:294:find_same_wires$3833 and $auto$equiv_make.cc:294:find_same_wires$4709.
    Fwd merging 2 $equiv cells (from group of 2) using strategy deduplicate:
      Merging cells $auto$equiv_make.cc:294:find_same_wires$3830 and $auto$equiv_make.cc:294:find_same_wires$4706.
    Fwd merging 2 $equiv cells (from group of 2) using strategy deduplicate:
      Merging cells $auto$equiv_make.cc:294:find_same_wires$3829 and $auto$equiv_make.cc:294:find_same_wires$4705.
    Fwd merging 2 $equiv cells (from group of 2) using strategy deduplicate:
      Merging cells $auto$equiv_make.cc:294:find_same_wires$3828 and $auto$equiv_make.cc:294:find_same_wires$4704.
    Fwd merging 2 $equiv cells (from group of 2) using strategy deduplicate:
      Merging cells $auto$equiv_make.cc:294:find_same_wires$3827 and $auto$equiv_make.cc:294:find_same_wires$4703.
    Fwd merging 2 $equiv cells (from group of 2) using strategy deduplicate:
      Merging cells $auto$equiv_make.cc:294:find_same_wires$3826 and $auto$equiv_make.cc:294:find_same_wires$4702.
    Fwd merging 2 $equiv cells (from group of 2) using strategy deduplicate:
      Merging cells $auto$equiv_make.cc:294:find_same_wires$3825 and $auto$equiv_make.cc:294:find_same_wires$4701.
    Fwd merging 2 $equiv cells (from group of 2) using strategy deduplicate:
      Merging cells $auto$equiv_make.cc:294:find_same_wires$3824 and $auto$equiv_make.cc:294:find_same_wires$4700.
    Fwd merging 2 $equiv cells (from group of 2) using strategy deduplicate:
      Merging cells $auto$equiv_make.cc:294:find_same_wires$3822 and $auto$equiv_make.cc:294:find_same_wires$4698.
    Fwd merging 2 $equiv cells (from group of 2) using strategy deduplicate:
      Merging cells $auto$equiv_make.cc:294:find_same_wires$3820 and $auto$equiv_make.cc:294:find_same_wires$4696.
    Fwd merging 2 $equiv cells (from group of 2) using strategy deduplicate:
      Merging cells $auto$equiv_make.cc:294:find_same_wires$3818 and $auto$equiv_make.cc:294:find_same_wires$4694.
    Fwd merging 2 $equiv cells (from group of 2) using strategy deduplicate:
      Merging cells $auto$equiv_make.cc:294:find_same_wires$3813 and $auto$equiv_make.cc:294:find_same_wires$5162.
    Fwd merging 2 $equiv cells (from group of 2) using strategy deduplicate:
      Merging cells $auto$equiv_make.cc:294:find_same_wires$3811 and $auto$equiv_make.cc:294:find_same_wires$5160.
    Fwd merging 2 $equiv cells (from group of 2) using strategy deduplicate:
      Merging cells $auto$equiv_make.cc:294:find_same_wires$3809 and $auto$equiv_make.cc:294:find_same_wires$4685.
    Fwd merging 2 $equiv cells (from group of 2) using strategy deduplicate:
      Merging cells $auto$equiv_make.cc:294:find_same_wires$4410 and $auto$equiv_make.cc:294:find_same_wires$2749.
    Fwd merging 2 $equiv cells (from group of 2) using strategy deduplicate:
      Merging cells $auto$equiv_make.cc:294:find_same_wires$4408 and $auto$equiv_make.cc:294:find_same_wires$2747.
    Fwd merging 2 $equiv cells (from group of 2) using strategy deduplicate:
      Merging cells $auto$equiv_make.cc:294:find_same_wires$5452 and $auto$equiv_make.cc:294:find_same_wires$5760.
    Fwd merging 2 $equiv cells (from group of 2) using strategy deduplicate:
      Merging cells $auto$equiv_make.cc:294:find_same_wires$5450 and $auto$equiv_make.cc:294:find_same_wires$5759.
    Fwd merging 2 $equiv cells (from group of 2) using strategy deduplicate:
      Merging cells $auto$equiv_make.cc:294:find_same_wires$5752 and $auto$equiv_make.cc:294:find_same_wires$2989.
    Fwd merging 2 $equiv cells (from group of 2) using strategy deduplicate:
      Merging cells $auto$equiv_make.cc:294:find_same_wires$4407 and $auto$equiv_make.cc:294:find_same_wires$2746.
    Fwd merging 2 $equiv cells (from group of 2) using strategy deduplicate:
      Merging cells $auto$equiv_make.cc:294:find_same_wires$5562 and $auto$equiv_make.cc:294:find_same_wires$3633.
    Fwd merging 2 $equiv cells (from group of 2) using strategy deduplicate:
      Merging cells $auto$equiv_make.cc:294:find_same_wires$5414 and $auto$equiv_make.cc:294:find_same_wires$2992.
    Fwd merging 2 $equiv cells (from group of 2) using strategy deduplicate:
      Merging cells $auto$equiv_make.cc:294:find_same_wires$5412 and $auto$equiv_make.cc:294:find_same_wires$2990.
    Fwd merging 2 $equiv cells (from group of 2) using strategy deduplicate:
      Merging cells $auto$equiv_make.cc:294:find_same_wires$5410 and $auto$equiv_make.cc:294:find_same_wires$2988.
    Fwd merging 2 $equiv cells (from group of 2) using strategy deduplicate:
      Merging cells $auto$equiv_make.cc:294:find_same_wires$5408 and $auto$equiv_make.cc:294:find_same_wires$2986.
    Fwd merging 2 $equiv cells (from group of 2) using strategy deduplicate:
      Merging cells $auto$equiv_make.cc:294:find_same_wires$5406 and $auto$equiv_make.cc:294:find_same_wires$2984.
    Fwd merging 2 $equiv cells (from group of 2) using strategy deduplicate:
      Merging cells $auto$equiv_make.cc:294:find_same_wires$5404 and $auto$equiv_make.cc:294:find_same_wires$2982.
    Fwd merging 2 $equiv cells (from group of 2) using strategy deduplicate:
      Merging cells $auto$equiv_make.cc:294:find_same_wires$5402 and $auto$equiv_make.cc:294:find_same_wires$2980.
    Fwd merging 2 $equiv cells (from group of 2) using strategy deduplicate:
      Merging cells $auto$equiv_make.cc:294:find_same_wires$5400 and $auto$equiv_make.cc:294:find_same_wires$2978.
    Fwd merging 2 $equiv cells (from group of 2) using strategy deduplicate:
      Merging cells $auto$equiv_make.cc:294:find_same_wires$5398 and $auto$equiv_make.cc:294:find_same_wires$2976.
    Fwd merging 2 $equiv cells (from group of 2) using strategy deduplicate:
      Merging cells $auto$equiv_make.cc:294:find_same_wires$5396 and $auto$equiv_make.cc:294:find_same_wires$2974.
    Fwd merging 2 $equiv cells (from group of 2) using strategy deduplicate:
      Merging cells $auto$equiv_make.cc:294:find_same_wires$5394 and $auto$equiv_make.cc:294:find_same_wires$2972.
    Fwd merging 2 $equiv cells (from group of 2) using strategy deduplicate:
      Merging cells $auto$equiv_make.cc:294:find_same_wires$5392 and $auto$equiv_make.cc:294:find_same_wires$2970.
    Fwd merging 2 $equiv cells (from group of 2) using strategy deduplicate:
      Merging cells $auto$equiv_make.cc:294:find_same_wires$5390 and $auto$equiv_make.cc:294:find_same_wires$2968.
    Fwd merging 2 $equiv cells (from group of 2) using strategy deduplicate:
      Merging cells $auto$equiv_make.cc:294:find_same_wires$5388 and $auto$equiv_make.cc:294:find_same_wires$2966.
    Fwd merging 2 $equiv cells (from group of 2) using strategy deduplicate:
      Merging cells $auto$equiv_make.cc:294:find_same_wires$3768 and $auto$equiv_make.cc:294:find_same_wires$4342.
    Fwd merging 2 $equiv cells (from group of 2) using strategy deduplicate:
      Merging cells $auto$equiv_make.cc:294:find_same_wires$5662 and $auto$equiv_make.cc:294:find_same_wires$2964.
    Fwd merging 2 $equiv cells (from group of 2) using strategy deduplicate:
      Merging cells $auto$equiv_make.cc:294:find_same_wires$5172 and $auto$equiv_make.cc:294:find_same_wires$4699.
    Fwd merging 2 $equiv cells (from group of 2) using strategy deduplicate:
      Merging cells $auto$equiv_make.cc:294:find_same_wires$3760 and $auto$equiv_make.cc:294:find_same_wires$4661.
    Fwd merging 2 $equiv cells (from group of 2) using strategy deduplicate:
      Merging cells $auto$equiv_make.cc:294:find_same_wires$4446 and $auto$equiv_make.cc:294:find_same_wires$2785.
    Fwd merging 2 $equiv cells (from group of 2) using strategy deduplicate:
      Merging cells $auto$equiv_make.cc:294:find_same_wires$5483 and $auto$equiv_make.cc:294:find_same_wires$2738.
    Fwd merging 2 $equiv cells (from group of 2) using strategy deduplicate:
      Merging cells $auto$equiv_make.cc:294:find_same_wires$5475 and $auto$equiv_make.cc:294:find_same_wires$2730.
    Fwd merging 2 $equiv cells (from group of 2) using strategy deduplicate:
      Merging cells $auto$equiv_make.cc:294:find_same_wires$5561 and $auto$equiv_make.cc:294:find_same_wires$4981.
    Fwd merging 2 $equiv cells (from group of 2) using strategy deduplicate:
      Merging cells $auto$equiv_make.cc:294:find_same_wires$5583 and $auto$equiv_make.cc:294:find_same_wires$5003.
    Fwd merging 2 $equiv cells (from group of 2) using strategy deduplicate:
      Merging cells $auto$equiv_make.cc:294:find_same_wires$5638 and $auto$equiv_make.cc:294:find_same_wires$5602.
    Fwd merging 2 $equiv cells (from group of 2) using strategy deduplicate:
      Merging cells $auto$equiv_make.cc:294:find_same_wires$4423 and $auto$equiv_make.cc:294:find_same_wires$2762.
    Fwd merging 2 $equiv cells (from group of 2) using strategy deduplicate:
      Merging cells $auto$equiv_make.cc:294:find_same_wires$5560 and $auto$equiv_make.cc:294:find_same_wires$3631.
    Fwd merging 2 $equiv cells (from group of 2) using strategy deduplicate:
      Merging cells $auto$equiv_make.cc:294:find_same_wires$5170 and $auto$equiv_make.cc:294:find_same_wires$4697.
    Fwd merging 2 $equiv cells (from group of 2) using strategy deduplicate:
      Merging cells $auto$equiv_make.cc:294:find_same_wires$4422 and $auto$equiv_make.cc:294:find_same_wires$2761.
    Fwd merging 2 $equiv cells (from group of 2) using strategy deduplicate:
      Merging cells $auto$equiv_make.cc:294:find_same_wires$5168 and $auto$equiv_make.cc:294:find_same_wires$4695.
    Fwd merging 2 $equiv cells (from group of 2) using strategy deduplicate:
      Merging cells $auto$equiv_make.cc:294:find_same_wires$4421 and $auto$equiv_make.cc:294:find_same_wires$2760.
    Fwd merging 2 $equiv cells (from group of 2) using strategy deduplicate:
      Merging cells $auto$equiv_make.cc:294:find_same_wires$5166 and $auto$equiv_make.cc:294:find_same_wires$4693.
    Fwd merging 2 $equiv cells (from group of 2) using strategy deduplicate:
      Merging cells $auto$equiv_make.cc:294:find_same_wires$4420 and $auto$equiv_make.cc:294:find_same_wires$2759.
    Fwd merging 2 $equiv cells (from group of 2) using strategy deduplicate:
      Merging cells $auto$equiv_make.cc:294:find_same_wires$5164 and $auto$equiv_make.cc:294:find_same_wires$4691.
    Fwd merging 2 $equiv cells (from group of 2) using strategy deduplicate:
      Merging cells $auto$equiv_make.cc:294:find_same_wires$5577 and $auto$equiv_make.cc:294:find_same_wires$4997.
    Fwd merging 2 $equiv cells (from group of 2) using strategy deduplicate:
      Merging cells $auto$equiv_make.cc:294:find_same_wires$5575 and $auto$equiv_make.cc:294:find_same_wires$4995.
    Fwd merging 2 $equiv cells (from group of 2) using strategy deduplicate:
      Merging cells $auto$equiv_make.cc:294:find_same_wires$5573 and $auto$equiv_make.cc:294:find_same_wires$4993.
    Fwd merging 2 $equiv cells (from group of 2) using strategy deduplicate:
      Merging cells $auto$equiv_make.cc:294:find_same_wires$5571 and $auto$equiv_make.cc:294:find_same_wires$4991.
    Fwd merging 2 $equiv cells (from group of 2) using strategy deduplicate:
      Merging cells $auto$equiv_make.cc:294:find_same_wires$3692 and $auto$equiv_make.cc:294:find_same_wires$5041.
    Fwd merging 2 $equiv cells (from group of 2) using strategy deduplicate:
      Merging cells $auto$equiv_make.cc:294:find_same_wires$3690 and $auto$equiv_make.cc:294:find_same_wires$5039.
    Fwd merging 2 $equiv cells (from group of 2) using strategy deduplicate:
      Merging cells $auto$equiv_make.cc:294:find_same_wires$3688 and $auto$equiv_make.cc:294:find_same_wires$5037.
    Fwd merging 2 $equiv cells (from group of 2) using strategy deduplicate:
      Merging cells $auto$equiv_make.cc:294:find_same_wires$3686 and $auto$equiv_make.cc:294:find_same_wires$5035.
    Fwd merging 2 $equiv cells (from group of 2) using strategy deduplicate:
      Merging cells $auto$equiv_make.cc:294:find_same_wires$5558 and $auto$equiv_make.cc:294:find_same_wires$3629.
    Fwd merging 2 $equiv cells (from group of 3) using strategy deduplicate:
      Merging cells $auto$equiv_make.cc:294:find_same_wires$3995 and $auto$equiv_make.cc:294:find_same_wires$5193.
    Fwd merging 2 $equiv cells (from group of 2) using strategy deduplicate:
      Merging cells $auto$equiv_make.cc:294:find_same_wires$5187 and $auto$equiv_make.cc:294:find_same_wires$4714.
    Fwd merging 2 $equiv cells (from group of 2) using strategy deduplicate:
      Merging cells $auto$equiv_make.cc:294:find_same_wires$3657 and $auto$equiv_make.cc:294:find_same_wires$5586.
    Fwd merging 2 $equiv cells (from group of 2) using strategy deduplicate:
      Merging cells $auto$equiv_make.cc:294:find_same_wires$3655 and $auto$equiv_make.cc:294:find_same_wires$5584.
    Fwd merging 2 $equiv cells (from group of 2) using strategy deduplicate:
      Merging cells $auto$equiv_make.cc:294:find_same_wires$3651 and $auto$equiv_make.cc:294:find_same_wires$5580.
    Fwd merging 2 $equiv cells (from group of 2) using strategy deduplicate:
      Merging cells $auto$equiv_make.cc:294:find_same_wires$3637 and $auto$equiv_make.cc:294:find_same_wires$5566.
    Fwd merging 2 $equiv cells (from group of 2) using strategy deduplicate:
      Merging cells $auto$equiv_make.cc:294:find_same_wires$3634 and $auto$equiv_make.cc:294:find_same_wires$4983.
    Fwd merging 2 $equiv cells (from group of 2) using strategy deduplicate:
      Merging cells $auto$equiv_make.cc:294:find_same_wires$3630 and $auto$equiv_make.cc:294:find_same_wires$4979.
    Fwd merging 2 $equiv cells (from group of 2) using strategy deduplicate:
      Merging cells $auto$equiv_make.cc:294:find_same_wires$3627 and $auto$equiv_make.cc:294:find_same_wires$5556.
    Fwd merging 2 $equiv cells (from group of 2) using strategy deduplicate:
      Merging cells $auto$equiv_make.cc:294:find_same_wires$3626 and $auto$equiv_make.cc:294:find_same_wires$4975.
    Fwd merging 2 $equiv cells (from group of 2) using strategy deduplicate:
      Merging cells $auto$equiv_make.cc:294:find_same_wires$3624 and $auto$equiv_make.cc:294:find_same_wires$2743.
    Fwd merging 2 $equiv cells (from group of 2) using strategy deduplicate:
      Merging cells $auto$equiv_make.cc:294:find_same_wires$3623 and $auto$equiv_make.cc:294:find_same_wires$2742.
    Fwd merging 2 $equiv cells (from group of 2) using strategy deduplicate:
      Merging cells $auto$equiv_make.cc:294:find_same_wires$3621 and $auto$equiv_make.cc:294:find_same_wires$2740.
    Fwd merging 2 $equiv cells (from group of 2) using strategy deduplicate:
      Merging cells $auto$equiv_make.cc:294:find_same_wires$3617 and $auto$equiv_make.cc:294:find_same_wires$2736.
    Fwd merging 2 $equiv cells (from group of 2) using strategy deduplicate:
      Merging cells $auto$equiv_make.cc:294:find_same_wires$3613 and $auto$equiv_make.cc:294:find_same_wires$2732.
    Fwd merging 2 $equiv cells (from group of 2) using strategy deduplicate:
      Merging cells $auto$equiv_make.cc:294:find_same_wires$3609 and $auto$equiv_make.cc:294:find_same_wires$2728.
    Fwd merging 2 $equiv cells (from group of 2) using strategy deduplicate:
      Merging cells $auto$equiv_make.cc:294:find_same_wires$4539 and $auto$equiv_make.cc:294:find_same_wires$2876.
    Fwd merging 2 $equiv cells (from group of 2) using strategy deduplicate:
      Merging cells $auto$equiv_make.cc:294:find_same_wires$5569 and $auto$equiv_make.cc:294:find_same_wires$4989.
    Fwd merging 2 $equiv cells (from group of 2) using strategy deduplicate:
      Merging cells $auto$equiv_make.cc:294:find_same_wires$5670 and $auto$equiv_make.cc:294:find_same_wires$4755.
    Fwd merging 2 $equiv cells (from group of 2) using strategy deduplicate:
      Merging cells $auto$equiv_make.cc:294:find_same_wires$5479 and $auto$equiv_make.cc:294:find_same_wires$2734.
    Fwd merging 2 $equiv cells (from group of 2) using strategy deduplicate:
      Merging cells $auto$equiv_make.cc:294:find_same_wires$4680 and $auto$equiv_make.cc:294:find_same_wires$5055.
    Fwd merging 2 $equiv cells (from group of 2) using strategy deduplicate:
      Merging cells $auto$equiv_make.cc:294:find_same_wires$5603 and $auto$equiv_make.cc:294:find_same_wires$5639.
    Fwd merging 2 $equiv cells (from group of 2) using strategy deduplicate:
      Merging cells $auto$equiv_make.cc:294:find_same_wires$4432 and $auto$equiv_make.cc:294:find_same_wires$2771.
    Fwd merging 2 $equiv cells (from group of 2) using strategy deduplicate:
      Merging cells $auto$equiv_make.cc:294:find_same_wires$4447 and $auto$equiv_make.cc:294:find_same_wires$2786.
    Fwd merging 2 $equiv cells (from group of 2) using strategy deduplicate:
      Merging cells $auto$equiv_make.cc:294:find_same_wires$5626 and $auto$equiv_make.cc:294:find_same_wires$5590.
    Fwd merging 2 $equiv cells (from group of 2) using strategy deduplicate:
      Merging cells $auto$equiv_make.cc:294:find_same_wires$4437 and $auto$equiv_make.cc:294:find_same_wires$2776.
    Fwd merging 2 $equiv cells (from group of 2) using strategy deduplicate:
      Merging cells $auto$equiv_make.cc:294:find_same_wires$4464 and $auto$equiv_make.cc:294:find_same_wires$2803.
    Fwd merging 2 $equiv cells (from group of 2) using strategy deduplicate:
      Merging cells $auto$equiv_make.cc:294:find_same_wires$3093 and $auto$equiv_make.cc:294:find_same_wires$5758.
    Fwd merging 2 $equiv cells (from group of 2) using strategy deduplicate:
      Merging cells $auto$equiv_make.cc:294:find_same_wires$4469 and $auto$equiv_make.cc:294:find_same_wires$2808.
    Fwd merging 2 $equiv cells (from group of 2) using strategy deduplicate:
      Merging cells $auto$equiv_make.cc:294:find_same_wires$4460 and $auto$equiv_make.cc:294:find_same_wires$2799.
    Fwd merging 2 $equiv cells (from group of 2) using strategy deduplicate:
      Merging cells $auto$equiv_make.cc:294:find_same_wires$4468 and $auto$equiv_make.cc:294:find_same_wires$2807.
    Fwd merging 2 $equiv cells (from group of 2) using strategy deduplicate:
      Merging cells $auto$equiv_make.cc:294:find_same_wires$4467 and $auto$equiv_make.cc:294:find_same_wires$2806.
    Fwd merging 2 $equiv cells (from group of 2) using strategy deduplicate:
      Merging cells $auto$equiv_make.cc:294:find_same_wires$4466 and $auto$equiv_make.cc:294:find_same_wires$2805.
    Fwd merging 2 $equiv cells (from group of 2) using strategy deduplicate:
      Merging cells $auto$equiv_make.cc:294:find_same_wires$5567 and $auto$equiv_make.cc:294:find_same_wires$4987.
    Fwd merging 2 $equiv cells (from group of 2) using strategy deduplicate:
      Merging cells $auto$equiv_make.cc:294:find_same_wires$5666 and $auto$equiv_make.cc:294:find_same_wires$4751.
    Fwd merging 2 $equiv cells (from group of 2) using strategy deduplicate:
      Merging cells $auto$equiv_make.cc:294:find_same_wires$4459 and $auto$equiv_make.cc:294:find_same_wires$2798.
    Fwd merging 2 $equiv cells (from group of 2) using strategy deduplicate:
      Merging cells $auto$equiv_make.cc:294:find_same_wires$5642 and $auto$equiv_make.cc:294:find_same_wires$4736.
    Fwd merging 2 $equiv cells (from group of 2) using strategy deduplicate:
      Merging cells $auto$equiv_make.cc:294:find_same_wires$5634 and $auto$equiv_make.cc:294:find_same_wires$5598.
    Fwd merging 2 $equiv cells (from group of 2) using strategy deduplicate:
      Merging cells $auto$equiv_make.cc:294:find_same_wires$4458 and $auto$equiv_make.cc:294:find_same_wires$2797.
    Fwd merging 2 $equiv cells (from group of 2) using strategy deduplicate:
      Merging cells $auto$equiv_make.cc:294:find_same_wires$4457 and $auto$equiv_make.cc:294:find_same_wires$2796.
    Fwd merging 2 $equiv cells (from group of 2) using strategy deduplicate:
      Merging cells $auto$equiv_make.cc:294:find_same_wires$4456 and $auto$equiv_make.cc:294:find_same_wires$2795.
    Fwd merging 2 $equiv cells (from group of 2) using strategy deduplicate:
      Merging cells $auto$equiv_make.cc:294:find_same_wires$4409 and $auto$equiv_make.cc:294:find_same_wires$2748.
    Fwd merging 2 $equiv cells (from group of 2) using strategy deduplicate:
      Merging cells $auto$equiv_make.cc:294:find_same_wires$4465 and $auto$equiv_make.cc:294:find_same_wires$2804.
    Fwd merging 2 $equiv cells (from group of 2) using strategy deduplicate:
      Merging cells $auto$equiv_make.cc:294:find_same_wires$4455 and $auto$equiv_make.cc:294:find_same_wires$2794.
    Fwd merging 2 $equiv cells (from group of 2) using strategy deduplicate:
      Merging cells $auto$equiv_make.cc:294:find_same_wires$4453 and $auto$equiv_make.cc:294:find_same_wires$2792.
    Fwd merging 2 $equiv cells (from group of 2) using strategy deduplicate:
      Merging cells $auto$equiv_make.cc:294:find_same_wires$5401 and $auto$equiv_make.cc:294:find_same_wires$5742.
    Fwd merging 2 $equiv cells (from group of 2) using strategy deduplicate:
      Merging cells $auto$equiv_make.cc:294:find_same_wires$5397 and $auto$equiv_make.cc:294:find_same_wires$5738.
    Fwd merging 2 $equiv cells (from group of 2) using strategy deduplicate:
      Merging cells $auto$equiv_make.cc:294:find_same_wires$5393 and $auto$equiv_make.cc:294:find_same_wires$5734.
    Fwd merging 2 $equiv cells (from group of 2) using strategy deduplicate:
      Merging cells $auto$equiv_make.cc:294:find_same_wires$5389 and $auto$equiv_make.cc:294:find_same_wires$5730.
    Fwd merging 2 $equiv cells (from group of 2) using strategy deduplicate:
      Merging cells $auto$equiv_make.cc:294:find_same_wires$5415 and $auto$equiv_make.cc:294:find_same_wires$5756.
    Fwd merging 2 $equiv cells (from group of 2) using strategy deduplicate:
      Merging cells $auto$equiv_make.cc:294:find_same_wires$5599 and $auto$equiv_make.cc:294:find_same_wires$5635.
    Fwd merging 2 $equiv cells (from group of 2) using strategy deduplicate:
      Merging cells $auto$equiv_make.cc:294:find_same_wires$3004 and $auto$equiv_make.cc:294:find_same_wires$4754.
    Fwd merging 2 $equiv cells (from group of 2) using strategy deduplicate:
      Merging cells $auto$equiv_make.cc:294:find_same_wires$5595 and $auto$equiv_make.cc:294:find_same_wires$5631.
    Fwd merging 2 $equiv cells (from group of 2) using strategy deduplicate:
      Merging cells $auto$equiv_make.cc:294:find_same_wires$3000 and $auto$equiv_make.cc:294:find_same_wires$4750.
    Fwd merging 2 $equiv cells (from group of 2) using strategy deduplicate:
      Merging cells $auto$equiv_make.cc:294:find_same_wires$5591 and $auto$equiv_make.cc:294:find_same_wires$5627.
    Fwd merging 2 $equiv cells (from group of 2) using strategy deduplicate:
      Merging cells $auto$equiv_make.cc:294:find_same_wires$4436 and $auto$equiv_make.cc:294:find_same_wires$2775.
    Fwd merging 2 $equiv cells (from group of 2) using strategy deduplicate:
      Merging cells $auto$equiv_make.cc:294:find_same_wires$2994 and $auto$equiv_make.cc:294:find_same_wires$5757.
    Fwd merging 2 $equiv cells (from group of 2) using strategy deduplicate:
      Merging cells $auto$equiv_make.cc:294:find_same_wires$5585 and $auto$equiv_make.cc:294:find_same_wires$5005.
    Fwd merging 2 $equiv cells (from group of 2) using strategy deduplicate:
      Merging cells $auto$equiv_make.cc:294:find_same_wires$5581 and $auto$equiv_make.cc:294:find_same_wires$5001.
    Fwd merging 2 $equiv cells (from group of 2) using strategy deduplicate:
      Merging cells $auto$equiv_make.cc:294:find_same_wires$5643 and $auto$equiv_make.cc:294:find_same_wires$4746.
    Fwd merging 2 $equiv cells (from group of 2) using strategy deduplicate:
      Merging cells $auto$equiv_make.cc:294:find_same_wires$4473 and $auto$equiv_make.cc:294:find_same_wires$2811.
    Fwd merging 2 $equiv cells (from group of 2) using strategy deduplicate:
      Merging cells $auto$equiv_make.cc:294:find_same_wires$4435 and $auto$equiv_make.cc:294:find_same_wires$2774.
    Fwd merging 2 $equiv cells (from group of 2) using strategy deduplicate:
      Merging cells $auto$equiv_make.cc:294:find_same_wires$4434 and $auto$equiv_make.cc:294:find_same_wires$2773.
    Fwd merging 2 $equiv cells (from group of 2) using strategy deduplicate:
      Merging cells $auto$equiv_make.cc:294:find_same_wires$4433 and $auto$equiv_make.cc:294:find_same_wires$2772.
    Fwd merging 2 $equiv cells (from group of 2) using strategy deduplicate:
      Merging cells $auto$equiv_make.cc:294:find_same_wires$4463 and $auto$equiv_make.cc:294:find_same_wires$2802.
    Fwd merging 2 $equiv cells (from group of 2) using strategy deduplicate:
      Merging cells $auto$equiv_make.cc:294:find_same_wires$4462 and $auto$equiv_make.cc:294:find_same_wires$2801.
    Fwd merging 2 $equiv cells (from group of 2) using strategy deduplicate:
      Merging cells $auto$equiv_make.cc:294:find_same_wires$4461 and $auto$equiv_make.cc:294:find_same_wires$2800.
    Fwd merging 36 $equiv cells (from group of 36) using strategy deduplicate:
      Merging cells $auto$equiv_make.cc:294:find_same_wires$4019 and $auto$equiv_make.cc:294:find_same_wires$4015.
      Merging cells $auto$equiv_make.cc:294:find_same_wires$4011 and $auto$equiv_make.cc:294:find_same_wires$4007.
      Merging cells $auto$equiv_make.cc:294:find_same_wires$4003 and $auto$equiv_make.cc:294:find_same_wires$3999.
      Merging cells $auto$equiv_make.cc:294:find_same_wires$5649 and $auto$equiv_make.cc:294:find_same_wires$5219.
      Merging cells $auto$equiv_make.cc:294:find_same_wires$5207 and $auto$equiv_make.cc:294:find_same_wires$5195.
      Merging cells $auto$equiv_make.cc:294:find_same_wires$5653 and $auto$equiv_make.cc:294:find_same_wires$5313.
      Merging cells $auto$equiv_make.cc:294:find_same_wires$5300 and $auto$equiv_make.cc:294:find_same_wires$5296.
      Merging cells $auto$equiv_make.cc:294:find_same_wires$5292 and $auto$equiv_make.cc:294:find_same_wires$5288.
      Merging cells $auto$equiv_make.cc:294:find_same_wires$5211 and $auto$equiv_make.cc:294:find_same_wires$5199.
      Merging cells $auto$equiv_make.cc:294:find_same_wires$5309 and $auto$equiv_make.cc:294:find_same_wires$5311.
      Merging cells $auto$equiv_make.cc:294:find_same_wires$4115 and $auto$equiv_make.cc:294:find_same_wires$4111.
      Merging cells $auto$equiv_make.cc:294:find_same_wires$4102 and $auto$equiv_make.cc:294:find_same_wires$4098.
      Merging cells $auto$equiv_make.cc:294:find_same_wires$4119 and $auto$equiv_make.cc:294:find_same_wires$5657.
      Merging cells $auto$equiv_make.cc:294:find_same_wires$4094 and $auto$equiv_make.cc:294:find_same_wires$5203.
      Merging cells $auto$equiv_make.cc:294:find_same_wires$5655 and $auto$equiv_make.cc:294:find_same_wires$5647.
      Merging cells $auto$equiv_make.cc:294:find_same_wires$4721 and $auto$equiv_make.cc:294:find_same_wires$4717.
      Merging cells $auto$equiv_make.cc:294:find_same_wires$4107 and $auto$equiv_make.cc:294:find_same_wires$4023.
      Merging cells $auto$equiv_make.cc:294:find_same_wires$5215 and $auto$equiv_make.cc:294:find_same_wires$4090.
    Fwd merging 2 $equiv cells (from group of 2) using strategy deduplicate:
      Merging cells $auto$equiv_make.cc:294:find_same_wires$4454 and $auto$equiv_make.cc:294:find_same_wires$2793.
    Fwd merging 2 $equiv cells (from group of 2) using strategy deduplicate:
      Merging cells $auto$equiv_make.cc:294:find_same_wires$4057 and $auto$equiv_make.cc:294:find_same_wires$5637.
    Fwd merging 2 $equiv cells (from group of 2) using strategy deduplicate:
      Merging cells $auto$equiv_make.cc:294:find_same_wires$4445 and $auto$equiv_make.cc:294:find_same_wires$2784.
    Fwd merging 2 $equiv cells (from group of 2) using strategy deduplicate:
      Merging cells $auto$equiv_make.cc:294:find_same_wires$4443 and $auto$equiv_make.cc:294:find_same_wires$2782.
    Fwd merging 2 $equiv cells (from group of 2) using strategy deduplicate:
      Merging cells $auto$equiv_make.cc:294:find_same_wires$4441 and $auto$equiv_make.cc:294:find_same_wires$2780.
    Fwd merging 2 $equiv cells (from group of 2) using strategy deduplicate:
      Merging cells $auto$equiv_make.cc:294:find_same_wires$4439 and $auto$equiv_make.cc:294:find_same_wires$2778.
    Fwd merging 2 $equiv cells (from group of 2) using strategy deduplicate:
      Merging cells $auto$equiv_make.cc:294:find_same_wires$4431 and $auto$equiv_make.cc:294:find_same_wires$2770.
    Fwd merging 2 $equiv cells (from group of 2) using strategy deduplicate:
      Merging cells $auto$equiv_make.cc:294:find_same_wires$4429 and $auto$equiv_make.cc:294:find_same_wires$2768.
    Fwd merging 2 $equiv cells (from group of 2) using strategy deduplicate:
      Merging cells $auto$equiv_make.cc:294:find_same_wires$4427 and $auto$equiv_make.cc:294:find_same_wires$2766.
    Fwd merging 2 $equiv cells (from group of 2) using strategy deduplicate:
      Merging cells $auto$equiv_make.cc:294:find_same_wires$4425 and $auto$equiv_make.cc:294:find_same_wires$2764.
    Fwd merging 2 $equiv cells (from group of 2) using strategy deduplicate:
      Merging cells $auto$equiv_make.cc:294:find_same_wires$4419 and $auto$equiv_make.cc:294:find_same_wires$2758.
    Fwd merging 2 $equiv cells (from group of 2) using strategy deduplicate:
      Merging cells $auto$equiv_make.cc:294:find_same_wires$4417 and $auto$equiv_make.cc:294:find_same_wires$2756.
    Fwd merging 2 $equiv cells (from group of 2) using strategy deduplicate:
      Merging cells $auto$equiv_make.cc:294:find_same_wires$4415 and $auto$equiv_make.cc:294:find_same_wires$2754.
    Fwd merging 2 $equiv cells (from group of 2) using strategy deduplicate:
      Merging cells $auto$equiv_make.cc:294:find_same_wires$4413 and $auto$equiv_make.cc:294:find_same_wires$2752.
    Fwd merging 2 $equiv cells (from group of 2) using strategy deduplicate:
      Merging cells $auto$equiv_make.cc:294:find_same_wires$4411 and $auto$equiv_make.cc:294:find_same_wires$2750.
    Fwd merging 2 $equiv cells (from group of 2) using strategy deduplicate:
      Merging cells $auto$equiv_make.cc:294:find_same_wires$5579 and $auto$equiv_make.cc:294:find_same_wires$4999.
  Starting iteration 4.
    Fwd merging 2 $equiv cells (from group of 2) using strategy deduplicate:
      Merging cells $auto$equiv_make.cc:294:find_same_wires$3995 and $auto$equiv_make.cc:294:find_same_wires$4105.
    Fwd merging 18 $equiv cells (from group of 18) using strategy deduplicate:
      Merging cells $auto$equiv_make.cc:294:find_same_wires$5300 and $auto$equiv_make.cc:294:find_same_wires$5292.
      Merging cells $auto$equiv_make.cc:294:find_same_wires$5211 and $auto$equiv_make.cc:294:find_same_wires$5309.
      Merging cells $auto$equiv_make.cc:294:find_same_wires$4115 and $auto$equiv_make.cc:294:find_same_wires$4102.
      Merging cells $auto$equiv_make.cc:294:find_same_wires$4119 and $auto$equiv_make.cc:294:find_same_wires$4094.
      Merging cells $auto$equiv_make.cc:294:find_same_wires$5655 and $auto$equiv_make.cc:294:find_same_wires$4003.
      Merging cells $auto$equiv_make.cc:294:find_same_wires$4721 and $auto$equiv_make.cc:294:find_same_wires$4011.
      Merging cells $auto$equiv_make.cc:294:find_same_wires$4107 and $auto$equiv_make.cc:294:find_same_wires$5215.
      Merging cells $auto$equiv_make.cc:294:find_same_wires$5649 and $auto$equiv_make.cc:294:find_same_wires$5207.
      Merging cells $auto$equiv_make.cc:294:find_same_wires$4019 and $auto$equiv_make.cc:294:find_same_wires$5653.
  Starting iteration 5.
    Fwd merging 8 $equiv cells (from group of 9) using strategy deduplicate:
      Merging cells $auto$equiv_make.cc:294:find_same_wires$5300 and $auto$equiv_make.cc:294:find_same_wires$5211.
      Merging cells $auto$equiv_make.cc:294:find_same_wires$4115 and $auto$equiv_make.cc:294:find_same_wires$4119.
      Merging cells $auto$equiv_make.cc:294:find_same_wires$5655 and $auto$equiv_make.cc:294:find_same_wires$4721.
      Merging cells $auto$equiv_make.cc:294:find_same_wires$4107 and $auto$equiv_make.cc:294:find_same_wires$5649.
  Starting iteration 6.
    Fwd merging 4 $equiv cells (from group of 5) using strategy deduplicate:
      Merging cells $auto$equiv_make.cc:294:find_same_wires$5300 and $auto$equiv_make.cc:294:find_same_wires$4115.
      Merging cells $auto$equiv_make.cc:294:find_same_wires$5655 and $auto$equiv_make.cc:294:find_same_wires$4107.
  Starting iteration 7.
    Fwd merging 2 $equiv cells (from group of 3) using strategy deduplicate:
      Merging cells $auto$equiv_make.cc:294:find_same_wires$5300 and $auto$equiv_make.cc:294:find_same_wires$5655.
  Starting iteration 8.
    Fwd merging 2 $equiv cells (from group of 2) using strategy deduplicate:
      Merging cells $auto$equiv_make.cc:294:find_same_wires$5300 and $auto$equiv_make.cc:294:find_same_wires$4019.
  Starting iteration 9.
    Nothing to merge.
  Performed a total of 2026 merges in module equiv.

18. Executing EQUIV_SIMPLE pass.
Found 1006 unproven $equiv cells (97 groups) in equiv:
  Trying to prove $equiv for \spi_miso: failed.
 Grouping SAT models for \rx_shift:
  Trying to prove $equiv for \rx_shift [0]: failed.
  Trying to prove $equiv for \rx_shift [1]: failed.
  Trying to prove $equiv for \rx_shift [2]: failed.
  Trying to prove $equiv for \rx_shift [3]: failed.
  Trying to prove $equiv for \rx_shift [4]: failed.
  Trying to prove $equiv for \rx_shift [5]: failed.
  Trying to prove $equiv for \rx_shift [6]: failed.
  Trying to prove $equiv for \rx_shift [7]: failed.
  Trying to prove $equiv for \rx_shift [8]: failed.
  Trying to prove $equiv for \rx_shift [9]: failed.
  Trying to prove $equiv for \rx_shift [10]: failed.
  Trying to prove $equiv for \rx_shift [11]: failed.
  Trying to prove $equiv for \rx_shift [12]: failed.
  Trying to prove $equiv for \rx_shift [13]: failed.
  Trying to prove $equiv for \rx_shift [14]: failed.
  Trying to prove $equiv for \rx_shift [15]: failed.
  Trying to prove $equiv for \rx_shift [16]: failed.
  Trying to prove $equiv for \rx_shift [17]: failed.
  Trying to prove $equiv for \rx_shift [18]: failed.
  Trying to prove $equiv for \rx_shift [19]: failed.
  Trying to prove $equiv for \rx_shift [20]: failed.
  Trying to prove $equiv for \rx_shift [21]: failed.
  Trying to prove $equiv for \rx_shift [22]: failed.
  Trying to prove $equiv for \rx_shift [23]: failed.
  Trying to prove $equiv for \rx_shift [24]: failed.
  Trying to prove $equiv for \rx_shift [25]: failed.
  Trying to prove $equiv for \rx_shift [26]: failed.
  Trying to prove $equiv for \rx_shift [27]: failed.
  Trying to prove $equiv for \rx_shift [28]: failed.
  Trying to prove $equiv for \rx_shift [29]: failed.
  Trying to prove $equiv for \rx_shift [30]: failed.
  Trying to prove $equiv for \rx_shift [31]: failed.
  Trying to prove $equiv for \rx_shift [32]: failed.
  Trying to prove $equiv for \rx_shift [33]: failed.
  Trying to prove $equiv for \rx_shift [34]: failed.
  Trying to prove $equiv for \rx_shift [35]: failed.
  Trying to prove $equiv for \rx_shift [36]: failed.
  Trying to prove $equiv for \rx_shift [37]: failed.
  Trying to prove $equiv for \rx_shift [38]: failed.
  Trying to prove $equiv for \rx_shift [39]: failed.
  Trying to prove $equiv for \rx_shift [40]: failed.
  Trying to prove $equiv for \rx_shift [41]: failed.
  Trying to prove $equiv for \rx_shift [42]: failed.
  Trying to prove $equiv for \rx_shift [43]: failed.
  Trying to prove $equiv for \rx_shift [44]: failed.
  Trying to prove $equiv for \rx_shift [45]: failed.
  Trying to prove $equiv for \rx_shift [46]: failed.
  Trying to prove $equiv for \rx_shift [47]: failed.
  Trying to prove $equiv for \rx_shift [48]: failed.
  Trying to prove $equiv for \rx_shift [49]: failed.
  Trying to prove $equiv for \rx_shift [50]: failed.
  Trying to prove $equiv for \rx_shift [51]: failed.
  Trying to prove $equiv for \rx_shift [52]: failed.
  Trying to prove $equiv for \rx_shift [53]: failed.
  Trying to prove $equiv for \rx_shift [54]: failed.
  Trying to prove $equiv for \rx_shift [55]: failed.
  Trying to prove $equiv for \rx_shift [56]: failed.
  Trying to prove $equiv for \rx_shift [57]: failed.
  Trying to prove $equiv for \rx_shift [58]: failed.
  Trying to prove $equiv for \rx_shift [59]: failed.
  Trying to prove $equiv for \rx_shift [60]: failed.
  Trying to prove $equiv for \rx_shift [61]: failed.
  Trying to prove $equiv for \rx_shift [62]: failed.
  Trying to prove $equiv for \rx_shift [63]: failed.
  Trying to prove $equiv for \rx_shift [64]: failed.
  Trying to prove $equiv for \rx_shift [65]: failed.
  Trying to prove $equiv for \rx_shift [66]: failed.
  Trying to prove $equiv for \rx_shift [67]: failed.
  Trying to prove $equiv for \rx_shift [68]: failed.
  Trying to prove $equiv for \rx_shift [69]: failed.
  Trying to prove $equiv for \rx_shift [70]: failed.
  Trying to prove $equiv for \rx_shift [71]: failed.
  Trying to prove $equiv for \rx_shift [72]: failed.
  Trying to prove $equiv for \rx_shift [73]: failed.
  Trying to prove $equiv for \rx_shift [74]: failed.
  Trying to prove $equiv for \rx_shift [75]: failed.
  Trying to prove $equiv for \rx_shift [76]: failed.
  Trying to prove $equiv for \rx_shift [77]: failed.
  Trying to prove $equiv for \rx_shift [78]: failed.
  Trying to prove $equiv for \rx_shift [79]: failed.
  Trying to prove $equiv for \rx_shift [80]: failed.
  Trying to prove $equiv for \rx_shift [81]: failed.
  Trying to prove $equiv for \rx_shift [82]: failed.
  Trying to prove $equiv for \rx_shift [83]: failed.
  Trying to prove $equiv for \rx_shift [84]: failed.
  Trying to prove $equiv for \rx_shift [85]: failed.
  Trying to prove $equiv for \rx_shift [86]: failed.
  Trying to prove $equiv for \rx_shift [87]: failed.
  Trying to prove $equiv for \rx_shift [88]: failed.
  Trying to prove $equiv for \rx_shift [89]: failed.
  Trying to prove $equiv for \rx_shift [90]: failed.
  Trying to prove $equiv for \rx_shift [91]: failed.
  Trying to prove $equiv for \rx_shift [92]: failed.
  Trying to prove $equiv for \rx_shift [93]: failed.
  Trying to prove $equiv for \rx_shift [94]: failed.
  Trying to prove $equiv for \rx_shift [95]: failed.
  Trying to prove $equiv for \rx_shift [96]: failed.
  Trying to prove $equiv for \rx_shift [97]: failed.
  Trying to prove $equiv for \rx_shift [98]: failed.
  Trying to prove $equiv for \rx_shift [99]: failed.
  Trying to prove $equiv for \rx_shift [100]: failed.
  Trying to prove $equiv for \rx_shift [101]: failed.
  Trying to prove $equiv for \rx_shift [102]: failed.
  Trying to prove $equiv for \rx_shift [103]: failed.
  Trying to prove $equiv for \rx_shift [104]: failed.
  Trying to prove $equiv for \rx_shift [105]: failed.
  Trying to prove $equiv for \rx_shift [106]: failed.
  Trying to prove $equiv for \rx_shift [107]: failed.
  Trying to prove $equiv for \rx_shift [108]: failed.
  Trying to prove $equiv for \rx_shift [109]: failed.
  Trying to prove $equiv for \rx_shift [110]: failed.
  Trying to prove $equiv for \rx_shift [111]: failed.
  Trying to prove $equiv for \rx_shift [112]: failed.
  Trying to prove $equiv for \rx_shift [113]: failed.
  Trying to prove $equiv for \rx_shift [114]: failed.
  Trying to prove $equiv for \rx_shift [115]: failed.
  Trying to prove $equiv for \rx_shift [116]: failed.
  Trying to prove $equiv for \rx_shift [117]: failed.
  Trying to prove $equiv for \rx_shift [118]: failed.
  Trying to prove $equiv for \rx_shift [119]: failed.
  Trying to prove $equiv for \rx_shift [120]: failed.
  Trying to prove $equiv for \rx_shift [121]: failed.
  Trying to prove $equiv for \rx_shift [122]: failed.
  Trying to prove $equiv for \rx_shift [123]: failed.
  Trying to prove $equiv for \rx_shift [124]: failed.
  Trying to prove $equiv for \rx_shift [125]: failed.
  Trying to prove $equiv for \rx_shift [126]: failed.
  Trying to prove $equiv for \rx_shift [127]: failed.
  Trying to prove $equiv for \rx_shift [128]: failed.
  Trying to prove $equiv for \rx_shift [129]: failed.
  Trying to prove $equiv for \rx_shift [130]: failed.
  Trying to prove $equiv for \rx_shift [131]: failed.
  Trying to prove $equiv for \rx_shift [132]: failed.
 Grouping SAT models for { \rx_active [62] \rx_active [56] \rx_active [52] \rx_active [48] \rx_active [44] \rx_active [40] \rx_active [36] \rx_active [32] \rx_active [29] \rx_active [27] \rx_active [24:23] \rx_active [20:19] \rx_active [16] \rx_active [14] \rx_active [12:11] \rx_active [8] }:
  Trying to prove $equiv for \rx_active [8]: failed.
  Trying to prove $equiv for \rx_active [11]: failed.
  Trying to prove $equiv for \rx_active [12]: failed.
  Trying to prove $equiv for \rx_active [14]: failed.
  Trying to prove $equiv for \rx_active [16]: failed.
  Trying to prove $equiv for \rx_active [19]: failed.
  Trying to prove $equiv for \rx_active [20]: failed.
  Trying to prove $equiv for \rx_active [23]: failed.
  Trying to prove $equiv for \rx_active [24]: failed.
  Trying to prove $equiv for \rx_active [27]: failed.
  Trying to prove $equiv for \rx_active [29]: failed.
  Trying to prove $equiv for \rx_active [32]: failed.
  Trying to prove $equiv for \rx_active [36]: failed.
  Trying to prove $equiv for \rx_active [40]: failed.
  Trying to prove $equiv for \rx_active [44]: failed.
  Trying to prove $equiv for \rx_active [48]: failed.
  Trying to prove $equiv for \rx_active [52]: failed.
  Trying to prove $equiv for \rx_active [56]: failed.
  Trying to prove $equiv for \rx_active [62]: failed.
 Grouping SAT models for \tx_shift:
  Trying to prove $equiv for \tx_shift [0]: failed.
  Trying to prove $equiv for \tx_shift [1]: failed.
  Trying to prove $equiv for \tx_shift [2]: failed.
  Trying to prove $equiv for \tx_shift [3]: failed.
  Trying to prove $equiv for \tx_shift [4]: failed.
  Trying to prove $equiv for \tx_shift [5]: failed.
  Trying to prove $equiv for \tx_shift [6]: failed.
  Trying to prove $equiv for \tx_shift [7]: failed.
  Trying to prove $equiv for \tx_shift [8]: failed.
  Trying to prove $equiv for \tx_shift [9]: failed.
  Trying to prove $equiv for \tx_shift [10]: failed.
  Trying to prove $equiv for \tx_shift [11]: failed.
  Trying to prove $equiv for \tx_shift [12]: failed.
  Trying to prove $equiv for \tx_shift [13]: failed.
  Trying to prove $equiv for \tx_shift [14]: failed.
  Trying to prove $equiv for \tx_shift [15]: failed.
  Trying to prove $equiv for \tx_shift [16]: failed.
  Trying to prove $equiv for \tx_shift [17]: failed.
  Trying to prove $equiv for \tx_shift [18]: failed.
  Trying to prove $equiv for \tx_shift [19]: failed.
  Trying to prove $equiv for \tx_shift [20]: failed.
  Trying to prove $equiv for \tx_shift [21]: failed.
  Trying to prove $equiv for \tx_shift [22]: failed.
  Trying to prove $equiv for \tx_shift [23]: failed.
  Trying to prove $equiv for \tx_shift [24]: failed.
  Trying to prove $equiv for \tx_shift [25]: failed.
  Trying to prove $equiv for \tx_shift [26]: failed.
  Trying to prove $equiv for \tx_shift [27]: failed.
  Trying to prove $equiv for \tx_shift [28]: failed.
  Trying to prove $equiv for \tx_shift [29]: failed.
  Trying to prove $equiv for \tx_shift [30]: failed.
  Trying to prove $equiv for \tx_shift [31]: failed.
  Trying to prove $equiv for \tx_shift [32]: failed.
  Trying to prove $equiv for \tx_shift [33]: failed.
  Trying to prove $equiv for \tx_shift [34]: failed.
  Trying to prove $equiv for \tx_shift [35]: failed.
  Trying to prove $equiv for \tx_shift [36]: failed.
  Trying to prove $equiv for \tx_shift [37]: failed.
  Trying to prove $equiv for \tx_shift [38]: failed.
  Trying to prove $equiv for \tx_shift [39]: failed.
  Trying to prove $equiv for \tx_shift [40]: failed.
  Trying to prove $equiv for \tx_shift [41]: failed.
  Trying to prove $equiv for \tx_shift [42]: failed.
  Trying to prove $equiv for \tx_shift [43]: failed.
  Trying to prove $equiv for \tx_shift [44]: failed.
  Trying to prove $equiv for \tx_shift [45]: failed.
  Trying to prove $equiv for \tx_shift [46]: failed.
  Trying to prove $equiv for \tx_shift [47]: failed.
  Trying to prove $equiv for \tx_shift [48]: failed.
  Trying to prove $equiv for \tx_shift [49]: failed.
  Trying to prove $equiv for \tx_shift [50]: failed.
  Trying to prove $equiv for \tx_shift [51]: failed.
  Trying to prove $equiv for \tx_shift [52]: failed.
  Trying to prove $equiv for \tx_shift [53]: failed.
  Trying to prove $equiv for \tx_shift [54]: failed.
  Trying to prove $equiv for \tx_shift [55]: failed.
  Trying to prove $equiv for \tx_shift [56]: failed.
  Trying to prove $equiv for \tx_shift [57]: failed.
  Trying to prove $equiv for \tx_shift [58]: failed.
  Trying to prove $equiv for \tx_shift [59]: failed.
  Trying to prove $equiv for \tx_shift [60]: failed.
  Trying to prove $equiv for \tx_shift [61]: failed.
  Trying to prove $equiv for \tx_shift [62]: failed.
  Trying to prove $equiv for \tx_shift [63]: failed.
  Trying to prove $equiv for \tx_shift [64]: failed.
  Trying to prove $equiv for \tx_shift [65]: failed.
  Trying to prove $equiv for \tx_shift [66]: failed.
  Trying to prove $equiv for \tx_shift [67]: failed.
  Trying to prove $equiv for \tx_shift [68]: failed.
  Trying to prove $equiv for \tx_shift [69]: failed.
  Trying to prove $equiv for \tx_shift [70]: failed.
  Trying to prove $equiv for \tx_shift [71]: failed.
  Trying to prove $equiv for \tx_shift [72]: failed.
  Trying to prove $equiv for \tx_shift [73]: failed.
  Trying to prove $equiv for \tx_shift [74]: failed.
  Trying to prove $equiv for \tx_shift [75]: failed.
  Trying to prove $equiv for \tx_shift [76]: failed.
  Trying to prove $equiv for \tx_shift [77]: failed.
  Trying to prove $equiv for \tx_shift [78]: failed.
  Trying to prove $equiv for \tx_shift [79]: failed.
  Trying to prove $equiv for \tx_shift [80]: failed.
  Trying to prove $equiv for \tx_shift [81]: failed.
  Trying to prove $equiv for \tx_shift [82]: failed.
  Trying to prove $equiv for \tx_shift [83]: failed.
  Trying to prove $equiv for \tx_shift [84]: failed.
  Trying to prove $equiv for \tx_shift [85]: failed.
  Trying to prove $equiv for \tx_shift [86]: failed.
  Trying to prove $equiv for \tx_shift [87]: failed.
  Trying to prove $equiv for \tx_shift [88]: failed.
  Trying to prove $equiv for \tx_shift [89]: failed.
  Trying to prove $equiv for \tx_shift [90]: failed.
  Trying to prove $equiv for \tx_shift [91]: failed.
  Trying to prove $equiv for \tx_shift [92]: failed.
  Trying to prove $equiv for \tx_shift [93]: failed.
  Trying to prove $equiv for \tx_shift [94]: failed.
  Trying to prove $equiv for \tx_shift [95]: failed.
  Trying to prove $equiv for \tx_shift [96]: failed.
  Trying to prove $equiv for \tx_shift [97]: failed.
  Trying to prove $equiv for \tx_shift [98]: failed.
  Trying to prove $equiv for \tx_shift [99]: failed.
  Trying to prove $equiv for \tx_shift [100]: failed.
  Trying to prove $equiv for \tx_shift [101]: failed.
  Trying to prove $equiv for \tx_shift [102]: failed.
  Trying to prove $equiv for \tx_shift [103]: failed.
  Trying to prove $equiv for \tx_shift [104]: failed.
  Trying to prove $equiv for \tx_shift [105]: failed.
  Trying to prove $equiv for \tx_shift [106]: failed.
  Trying to prove $equiv for \tx_shift [107]: failed.
  Trying to prove $equiv for \tx_shift [108]: failed.
  Trying to prove $equiv for \tx_shift [109]: failed.
  Trying to prove $equiv for \tx_shift [110]: failed.
  Trying to prove $equiv for \tx_shift [111]: failed.
  Trying to prove $equiv for \tx_shift [112]: failed.
  Trying to prove $equiv for \tx_shift [113]: failed.
  Trying to prove $equiv for \tx_shift [114]: failed.
  Trying to prove $equiv for \tx_shift [115]: failed.
  Trying to prove $equiv for \tx_shift [116]: failed.
  Trying to prove $equiv for \tx_shift [117]: failed.
  Trying to prove $equiv for \tx_shift [118]: failed.
 Grouping SAT models for \tx_snapshot:
  Trying to prove $equiv for \tx_snapshot [0]: failed.
  Trying to prove $equiv for \tx_snapshot [1]: failed.
  Trying to prove $equiv for \tx_snapshot [2]: failed.
  Trying to prove $equiv for \tx_snapshot [3]: failed.
  Trying to prove $equiv for \tx_snapshot [4]: failed.
  Trying to prove $equiv for \tx_snapshot [5]: failed.
  Trying to prove $equiv for \tx_snapshot [6]: failed.
  Trying to prove $equiv for \tx_snapshot [7]: failed.
  Trying to prove $equiv for \tx_snapshot [8]: failed.
  Trying to prove $equiv for \tx_snapshot [9]: failed.
  Trying to prove $equiv for \tx_snapshot [10]: failed.
  Trying to prove $equiv for \tx_snapshot [11]: failed.
  Trying to prove $equiv for \tx_snapshot [12]: failed.
  Trying to prove $equiv for \tx_snapshot [13]: failed.
  Trying to prove $equiv for \tx_snapshot [14]: failed.
  Trying to prove $equiv for \tx_snapshot [15]: failed.
  Trying to prove $equiv for \tx_snapshot [16]: failed.
  Trying to prove $equiv for \tx_snapshot [17]: failed.
  Trying to prove $equiv for \tx_snapshot [18]: failed.
  Trying to prove $equiv for \tx_snapshot [19]: failed.
  Trying to prove $equiv for \tx_snapshot [20]: failed.
  Trying to prove $equiv for \tx_snapshot [21]: failed.
  Trying to prove $equiv for \tx_snapshot [22]: failed.
  Trying to prove $equiv for \tx_snapshot [23]: failed.
  Trying to prove $equiv for \tx_snapshot [24]: failed.
  Trying to prove $equiv for \tx_snapshot [25]: failed.
  Trying to prove $equiv for \tx_snapshot [26]: failed.
  Trying to prove $equiv for \tx_snapshot [27]: failed.
  Trying to prove $equiv for \tx_snapshot [28]: failed.
  Trying to prove $equiv for \tx_snapshot [29]: failed.
  Trying to prove $equiv for \tx_snapshot [30]: failed.
  Trying to prove $equiv for \tx_snapshot [31]: failed.
  Trying to prove $equiv for \tx_snapshot [32]: failed.
  Trying to prove $equiv for \tx_snapshot [33]: failed.
  Trying to prove $equiv for \tx_snapshot [34]: failed.
  Trying to prove $equiv for \tx_snapshot [35]: failed.
  Trying to prove $equiv for \tx_snapshot [36]: failed.
  Trying to prove $equiv for \tx_snapshot [37]: failed.
  Trying to prove $equiv for \tx_snapshot [38]: failed.
  Trying to prove $equiv for \tx_snapshot [39]: failed.
  Trying to prove $equiv for \tx_snapshot [40]: failed.
  Trying to prove $equiv for \tx_snapshot [41]: failed.
  Trying to prove $equiv for \tx_snapshot [42]: failed.
  Trying to prove $equiv for \tx_snapshot [43]: failed.
  Trying to prove $equiv for \tx_snapshot [44]: failed.
  Trying to prove $equiv for \tx_snapshot [45]: failed.
  Trying to prove $equiv for \tx_snapshot [46]: failed.
  Trying to prove $equiv for \tx_snapshot [47]: failed.
  Trying to prove $equiv for \tx_snapshot [48]: failed.
  Trying to prove $equiv for \tx_snapshot [49]: failed.
  Trying to prove $equiv for \tx_snapshot [50]: failed.
  Trying to prove $equiv for \tx_snapshot [51]: failed.
  Trying to prove $equiv for \tx_snapshot [52]: failed.
  Trying to prove $equiv for \tx_snapshot [53]: failed.
  Trying to prove $equiv for \tx_snapshot [54]: failed.
  Trying to prove $equiv for \tx_snapshot [55]: failed.
  Trying to prove $equiv for \tx_snapshot [56]: failed.
  Trying to prove $equiv for \tx_snapshot [57]: failed.
  Trying to prove $equiv for \tx_snapshot [58]: failed.
  Trying to prove $equiv for \tx_snapshot [59]: failed.
  Trying to prove $equiv for \tx_snapshot [60]: failed.
  Trying to prove $equiv for \tx_snapshot [61]: failed.
  Trying to prove $equiv for \tx_snapshot [62]: failed.
  Trying to prove $equiv for \tx_snapshot [63]: failed.
  Trying to prove $equiv for \tx_snapshot [64]: failed.
  Trying to prove $equiv for \tx_snapshot [65]: failed.
  Trying to prove $equiv for \tx_snapshot [66]: failed.
  Trying to prove $equiv for \tx_snapshot [67]: failed.
  Trying to prove $equiv for \tx_snapshot [68]: failed.
  Trying to prove $equiv for \tx_snapshot [69]: failed.
  Trying to prove $equiv for \tx_snapshot [70]: failed.
  Trying to prove $equiv for \tx_snapshot [71]: failed.
  Trying to prove $equiv for \tx_snapshot [72]: failed.
  Trying to prove $equiv for \tx_snapshot [73]: failed.
  Trying to prove $equiv for \tx_snapshot [74]: failed.
  Trying to prove $equiv for \tx_snapshot [75]: failed.
  Trying to prove $equiv for \tx_snapshot [76]: failed.
  Trying to prove $equiv for \tx_snapshot [77]: failed.
  Trying to prove $equiv for \tx_snapshot [78]: failed.
  Trying to prove $equiv for \tx_snapshot [79]: failed.
  Trying to prove $equiv for \tx_snapshot [80]: failed.
  Trying to prove $equiv for \tx_snapshot [81]: failed.
  Trying to prove $equiv for \tx_snapshot [82]: failed.
  Trying to prove $equiv for \tx_snapshot [83]: failed.
  Trying to prove $equiv for \tx_snapshot [84]: failed.
  Trying to prove $equiv for \tx_snapshot [85]: failed.
  Trying to prove $equiv for \tx_snapshot [86]: failed.
  Trying to prove $equiv for \tx_snapshot [87]: failed.
  Trying to prove $equiv for \tx_snapshot [88]: failed.
  Trying to prove $equiv for \tx_snapshot [89]: failed.
  Trying to prove $equiv for \tx_snapshot [90]: failed.
  Trying to prove $equiv for \tx_snapshot [91]: failed.
  Trying to prove $equiv for \tx_snapshot [92]: failed.
  Trying to prove $equiv for \tx_snapshot [93]: failed.
  Trying to prove $equiv for \tx_snapshot [94]: failed.
  Trying to prove $equiv for \tx_snapshot [95]: failed.
  Trying to prove $equiv for \tx_snapshot [96]: failed.
  Trying to prove $equiv for \tx_snapshot [97]: failed.
  Trying to prove $equiv for \tx_snapshot [98]: failed.
  Trying to prove $equiv for \tx_snapshot [99]: failed.
  Trying to prove $equiv for \tx_snapshot [100]: failed.
  Trying to prove $equiv for \tx_snapshot [101]: failed.
  Trying to prove $equiv for \tx_snapshot [102]: failed.
  Trying to prove $equiv for \tx_snapshot [103]: failed.
  Trying to prove $equiv for \tx_snapshot [104]: failed.
  Trying to prove $equiv for \tx_snapshot [105]: failed.
  Trying to prove $equiv for \tx_snapshot [106]: failed.
  Trying to prove $equiv for \tx_snapshot [107]: failed.
  Trying to prove $equiv for \tx_snapshot [108]: failed.
  Trying to prove $equiv for \tx_snapshot [109]: failed.
  Trying to prove $equiv for \tx_snapshot [110]: failed.
  Trying to prove $equiv for \tx_snapshot [111]: failed.
  Trying to prove $equiv for \tx_snapshot [112]: failed.
  Trying to prove $equiv for \tx_snapshot [113]: failed.
  Trying to prove $equiv for \tx_snapshot [114]: failed.
  Trying to prove $equiv for \tx_snapshot [115]: failed.
  Trying to prove $equiv for \tx_snapshot [116]: failed.
  Trying to prove $equiv for \tx_snapshot [117]: failed.
  Trying to prove $equiv for \tx_snapshot [118]: failed.
  Trying to prove $equiv for \spi_active: failed.
  Trying to prove $equiv for \spi_cs_meta: failed.
  Trying to prove $equiv for \spi_cs_sync: failed.
  Trying to prove $equiv for \spi_cs_prev: failed.
 Grouping SAT models for { \core_wb_adr_i [6] \core_wb_adr_i [2] }:
  Trying to prove $equiv for \core_wb_adr_i [2]: failed.
  Trying to prove $equiv for \core_wb_adr_i [6]: failed.
  Trying to prove $equiv for \core_wb_stb_i: failed.
  Trying to prove $equiv for \core_wb_dat_o [30]: failed.
  Trying to prove $equiv for \core_response [116]: failed.
 Grouping SAT models for { \u_core.u_safety.reg_last_accepted_cmd [14] \u_core.u_safety.reg_last_accepted_cmd [12] \u_core.u_safety.reg_last_accepted_cmd [10:8] \u_core.u_safety.reg_last_accepted_cmd [4] \u_core.u_safety.reg_last_accepted_cmd [2] }:
  Trying to prove $equiv for \u_core.u_safety.reg_last_accepted_cmd [2]: failed.
  Trying to prove $equiv for \u_core.u_safety.reg_last_accepted_cmd [4]: failed.
  Trying to prove $equiv for \u_core.u_safety.reg_last_accepted_cmd [8]: failed.
  Trying to prove $equiv for \u_core.u_safety.reg_last_accepted_cmd [9]: failed.
  Trying to prove $equiv for \u_core.u_safety.reg_last_accepted_cmd [10]: failed.
  Trying to prove $equiv for \u_core.u_safety.reg_last_accepted_cmd [12]: failed.
  Trying to prove $equiv for \u_core.u_safety.reg_last_accepted_cmd [14]: failed.
 Grouping SAT models for { \u_core.u_safety.last_accepted_cmd_o [15] \u_core.u_safety.last_accepted_cmd_o [11] \u_core.u_safety.last_accepted_cmd_o [7] \u_core.u_safety.last_accepted_cmd_o [3] }:
  Trying to prove $equiv for \u_core.u_safety.last_accepted_cmd_o [3]: failed.
  Trying to prove $equiv for \u_core.u_safety.last_accepted_cmd_o [7]: failed.
  Trying to prove $equiv for \u_core.u_safety.last_accepted_cmd_o [11]: failed.
  Trying to prove $equiv for \u_core.u_safety.last_accepted_cmd_o [15]: failed.
  Trying to prove $equiv for \u_core.u_safety.reg_service_error: failed.
  Trying to prove $equiv for \u_core.u_safety.reg_stale_reject: failed.
  Trying to prove $equiv for \u_core.u_safety.reg_timeout_expired: failed.
  Trying to prove $equiv for \u_core.u_safety.reg_envelope_violation: failed.
  Trying to prove $equiv for \u_core.u_safety.reg_fallback_active: failed.
 Grouping SAT models for { \u_core.u_safety.cfg_fallback_cmd [14] \u_core.u_safety.cfg_fallback_cmd [12:8] \u_core.u_safety.cfg_fallback_cmd [6:4] \u_core.u_safety.cfg_fallback_cmd [2:0] }:
  Trying to prove $equiv for \u_core.u_safety.cfg_fallback_cmd [0]: failed.
  Trying to prove $equiv for \u_core.u_safety.cfg_fallback_cmd [1]: failed.
  Trying to prove $equiv for \u_core.u_safety.cfg_fallback_cmd [2]: failed.
  Trying to prove $equiv for \u_core.u_safety.cfg_fallback_cmd [4]: failed.
  Trying to prove $equiv for \u_core.u_safety.cfg_fallback_cmd [5]: failed.
  Trying to prove $equiv for \u_core.u_safety.cfg_fallback_cmd [6]: failed.
  Trying to prove $equiv for \u_core.u_safety.cfg_fallback_cmd [8]: failed.
  Trying to prove $equiv for \u_core.u_safety.cfg_fallback_cmd [9]: failed.
  Trying to prove $equiv for \u_core.u_safety.cfg_fallback_cmd [10]: failed.
  Trying to prove $equiv for \u_core.u_safety.cfg_fallback_cmd [11]: failed.
  Trying to prove $equiv for \u_core.u_safety.cfg_fallback_cmd [12]: failed.
  Trying to prove $equiv for \u_core.u_safety.cfg_fallback_cmd [14]: failed.
 Grouping SAT models for { \u_core.u_safety.cfg_rate_limit_step [14:13] \u_core.u_safety.cfg_rate_limit_step [10:9] \u_core.u_safety.cfg_rate_limit_step [5] \u_core.u_safety.cfg_rate_limit_step [2:1] }:
  Trying to prove $equiv for \u_core.u_safety.cfg_rate_limit_step [1]: failed.
  Trying to prove $equiv for \u_core.u_safety.cfg_rate_limit_step [2]: failed.
  Trying to prove $equiv for \u_core.u_safety.cfg_rate_limit_step [5]: failed.
  Trying to prove $equiv for \u_core.u_safety.cfg_rate_limit_step [9]: failed.
  Trying to prove $equiv for \u_core.u_safety.cfg_rate_limit_step [10]: failed.
  Trying to prove $equiv for \u_core.u_safety.cfg_rate_limit_step [13]: failed.
  Trying to prove $equiv for \u_core.u_safety.cfg_rate_limit_step [14]: failed.
 Grouping SAT models for { \u_core.u_safety.actuator_cmd_r [14] \u_core.u_safety.actuator_cmd_r [12:10] \u_core.u_safety.actuator_cmd_r [8:6] \u_core.u_safety.actuator_cmd_r [4:2] \u_core.u_safety.actuator_cmd_r [0] }:
  Trying to prove $equiv for \u_core.u_safety.actuator_cmd_r [0]: failed.
  Trying to prove $equiv for \u_core.u_safety.actuator_cmd_r [2]: failed.
  Trying to prove $equiv for \u_core.u_safety.actuator_cmd_r [3]: failed.
  Trying to prove $equiv for \u_core.u_safety.actuator_cmd_r [4]: failed.
  Trying to prove $equiv for \u_core.u_safety.actuator_cmd_r [6]: failed.
  Trying to prove $equiv for \u_core.u_safety.actuator_cmd_r [7]: failed.
  Trying to prove $equiv for \u_core.u_safety.actuator_cmd_r [8]: failed.
  Trying to prove $equiv for \u_core.u_safety.actuator_cmd_r [10]: failed.
  Trying to prove $equiv for \u_core.u_safety.actuator_cmd_r [11]: failed.
  Trying to prove $equiv for \u_core.u_safety.actuator_cmd_r [12]: failed.
  Trying to prove $equiv for \u_core.u_safety.actuator_cmd_r [14]: failed.
  Trying to prove $equiv for \u_core.u_safety.reg_clamp_active_r: failed.
 Grouping SAT models for { \u_core.u_safety.clamp_min_eff [14] \u_core.u_safety.clamp_min_eff [12] \u_core.u_safety.clamp_min_eff [10] \u_core.u_safety.clamp_min_eff [8] \u_core.u_safety.clamp_min_eff [6] \u_core.u_safety.clamp_min_eff [4] \u_core.u_safety.clamp_min_eff [2:0] }:
  Trying to prove $equiv for \u_core.u_safety.clamp_min_eff [0]: failed.
  Trying to prove $equiv for \u_core.u_safety.clamp_min_eff [1]: failed.
  Trying to prove $equiv for \u_core.u_safety.clamp_min_eff [2]: failed.
  Trying to prove $equiv for \u_core.u_safety.clamp_min_eff [4]: failed.
  Trying to prove $equiv for \u_core.u_safety.clamp_min_eff [6]: failed.
  Trying to prove $equiv for \u_core.u_safety.clamp_min_eff [8]: failed.
  Trying to prove $equiv for \u_core.u_safety.clamp_min_eff [10]: failed.
  Trying to prove $equiv for \u_core.u_safety.clamp_min_eff [12]: failed.
  Trying to prove $equiv for \u_core.u_safety.clamp_min_eff [14]: failed.
 Grouping SAT models for { \u_core.u_safety.clamp_max_eff [14] \u_core.u_safety.clamp_max_eff [12] \u_core.u_safety.clamp_max_eff [10:9] \u_core.u_safety.clamp_max_eff [7:5] \u_core.u_safety.clamp_max_eff [3:2] }:
  Trying to prove $equiv for \u_core.u_safety.clamp_max_eff [2]: failed.
  Trying to prove $equiv for \u_core.u_safety.clamp_max_eff [3]: failed.
  Trying to prove $equiv for \u_core.u_safety.clamp_max_eff [5]: failed.
  Trying to prove $equiv for \u_core.u_safety.clamp_max_eff [6]: failed.
  Trying to prove $equiv for \u_core.u_safety.clamp_max_eff [7]: failed.
  Trying to prove $equiv for \u_core.u_safety.clamp_max_eff [9]: failed.
  Trying to prove $equiv for \u_core.u_safety.clamp_max_eff [10]: failed.
  Trying to prove $equiv for \u_core.u_safety.clamp_max_eff [12]: failed.
  Trying to prove $equiv for \u_core.u_safety.clamp_max_eff [14]: failed.
  Trying to prove $equiv for \u_core.u_fsm.cfg_allow_multi_outstanding: failed.
 Grouping SAT models for \u_core.u_fsm.cfg_geometry_handle [7:0]:
  Trying to prove $equiv for \u_core.u_fsm.cfg_geometry_handle [0]: failed.
  Trying to prove $equiv for \u_core.u_fsm.cfg_geometry_handle [1]: failed.
  Trying to prove $equiv for \u_core.u_fsm.cfg_geometry_handle [2]: failed.
  Trying to prove $equiv for \u_core.u_fsm.cfg_geometry_handle [3]: failed.
  Trying to prove $equiv for \u_core.u_fsm.cfg_geometry_handle [4]: failed.
  Trying to prove $equiv for \u_core.u_fsm.cfg_geometry_handle [5]: failed.
  Trying to prove $equiv for \u_core.u_fsm.cfg_geometry_handle [6]: failed.
  Trying to prove $equiv for \u_core.u_fsm.cfg_geometry_handle [7]: failed.
 Grouping SAT models for \u_core.u_fsm.cfg_flow_handle [7:0]:
  Trying to prove $equiv for \u_core.u_fsm.cfg_flow_handle [0]: failed.
  Trying to prove $equiv for \u_core.u_fsm.cfg_flow_handle [1]: failed.
  Trying to prove $equiv for \u_core.u_fsm.cfg_flow_handle [2]: failed.
  Trying to prove $equiv for \u_core.u_fsm.cfg_flow_handle [3]: failed.
  Trying to prove $equiv for \u_core.u_fsm.cfg_flow_handle [4]: failed.
  Trying to prove $equiv for \u_core.u_fsm.cfg_flow_handle [5]: failed.
  Trying to prove $equiv for \u_core.u_fsm.cfg_flow_handle [6]: failed.
  Trying to prove $equiv for \u_core.u_fsm.cfg_flow_handle [7]: failed.
 Grouping SAT models for \u_core.u_fsm.cfg_command_mode:
  Trying to prove $equiv for \u_core.u_fsm.cfg_command_mode [0]: failed.
  Trying to prove $equiv for \u_core.u_fsm.cfg_command_mode [1]: failed.
  Trying to prove $equiv for \u_core.u_fsm.cfg_command_mode [2]: failed.
  Trying to prove $equiv for \u_core.u_fsm.cfg_command_mode [3]: failed.
 Grouping SAT models for \u_core.u_fsm.cfg_status_flags:
  Trying to prove $equiv for \u_core.u_fsm.cfg_status_flags [0]: failed.
  Trying to prove $equiv for \u_core.u_fsm.cfg_status_flags [1]: failed.
  Trying to prove $equiv for \u_core.u_fsm.cfg_status_flags [2]: failed.
  Trying to prove $equiv for \u_core.u_fsm.cfg_status_flags [3]: failed.
  Trying to prove $equiv for \u_core.u_fsm.cfg_status_flags [4]: failed.
  Trying to prove $equiv for \u_core.u_fsm.cfg_status_flags [5]: failed.
  Trying to prove $equiv for \u_core.u_fsm.cfg_status_flags [6]: failed.
  Trying to prove $equiv for \u_core.u_fsm.cfg_status_flags [7]: failed.
 Grouping SAT models for { \u_core.u_fsm.cfg_timeout_cycles [31:26] \u_core.u_fsm.cfg_timeout_cycles [24:20] \u_core.u_fsm.cfg_timeout_cycles [18:17] \u_core.u_fsm.cfg_timeout_cycles [12:0] }:
  Trying to prove $equiv for \u_core.u_fsm.cfg_timeout_cycles [0]: failed.
  Trying to prove $equiv for \u_core.u_fsm.cfg_timeout_cycles [1]: failed.
  Trying to prove $equiv for \u_core.u_fsm.cfg_timeout_cycles [2]: failed.
  Trying to prove $equiv for \u_core.u_fsm.cfg_timeout_cycles [3]: failed.
  Trying to prove $equiv for \u_core.u_fsm.cfg_timeout_cycles [4]: failed.
  Trying to prove $equiv for \u_core.u_fsm.cfg_timeout_cycles [5]: failed.
  Trying to prove $equiv for \u_core.u_fsm.cfg_timeout_cycles [6]: failed.
  Trying to prove $equiv for \u_core.u_fsm.cfg_timeout_cycles [7]: failed.
  Trying to prove $equiv for \u_core.u_fsm.cfg_timeout_cycles [8]: failed.
  Trying to prove $equiv for \u_core.u_fsm.cfg_timeout_cycles [9]: failed.
  Trying to prove $equiv for \u_core.u_fsm.cfg_timeout_cycles [10]: failed.
  Trying to prove $equiv for \u_core.u_fsm.cfg_timeout_cycles [11]: failed.
  Trying to prove $equiv for \u_core.u_fsm.cfg_timeout_cycles [12]: failed.
  Trying to prove $equiv for \u_core.u_fsm.cfg_timeout_cycles [17]: failed.
  Trying to prove $equiv for \u_core.u_fsm.cfg_timeout_cycles [18]: failed.
  Trying to prove $equiv for \u_core.u_fsm.cfg_timeout_cycles [20]: failed.
  Trying to prove $equiv for \u_core.u_fsm.cfg_timeout_cycles [21]: failed.
  Trying to prove $equiv for \u_core.u_fsm.cfg_timeout_cycles [22]: failed.
  Trying to prove $equiv for \u_core.u_fsm.cfg_timeout_cycles [23]: failed.
  Trying to prove $equiv for \u_core.u_fsm.cfg_timeout_cycles [24]: failed.
  Trying to prove $equiv for \u_core.u_fsm.cfg_timeout_cycles [26]: failed.
  Trying to prove $equiv for \u_core.u_fsm.cfg_timeout_cycles [27]: failed.
  Trying to prove $equiv for \u_core.u_fsm.cfg_timeout_cycles [28]: failed.
  Trying to prove $equiv for \u_core.u_fsm.cfg_timeout_cycles [29]: failed.
  Trying to prove $equiv for \u_core.u_fsm.cfg_timeout_cycles [30]: failed.
  Trying to prove $equiv for \u_core.u_fsm.cfg_timeout_cycles [31]: failed.
  Trying to prove $equiv for \u_core.u_fsm.cfg_force_safe_mode: failed.
 Grouping SAT models for \u_core.u_fsm.cfg_oper_en_min [15:8]:
  Trying to prove $equiv for \u_core.u_fsm.cfg_oper_en_min [8]: failed.
  Trying to prove $equiv for \u_core.u_fsm.cfg_oper_en_min [9]: failed.
  Trying to prove $equiv for \u_core.u_fsm.cfg_oper_en_min [10]: failed.
  Trying to prove $equiv for \u_core.u_fsm.cfg_oper_en_min [11]: failed.
  Trying to prove $equiv for \u_core.u_fsm.cfg_oper_en_min [12]: failed.
  Trying to prove $equiv for \u_core.u_fsm.cfg_oper_en_min [13]: failed.
  Trying to prove $equiv for \u_core.u_fsm.cfg_oper_en_min [14]: failed.
  Trying to prove $equiv for \u_core.u_fsm.cfg_oper_en_min [15]: failed.
 Grouping SAT models for \u_core.u_fsm.cfg_oper_en_max [15:8]:
  Trying to prove $equiv for \u_core.u_fsm.cfg_oper_en_max [8]: failed.
  Trying to prove $equiv for \u_core.u_fsm.cfg_oper_en_max [9]: failed.
  Trying to prove $equiv for \u_core.u_fsm.cfg_oper_en_max [10]: failed.
  Trying to prove $equiv for \u_core.u_fsm.cfg_oper_en_max [11]: failed.
  Trying to prove $equiv for \u_core.u_fsm.cfg_oper_en_max [12]: failed.
  Trying to prove $equiv for \u_core.u_fsm.cfg_oper_en_max [13]: failed.
  Trying to prove $equiv for \u_core.u_fsm.cfg_oper_en_max [14]: failed.
  Trying to prove $equiv for \u_core.u_fsm.cfg_oper_en_max [15]: failed.
  Trying to prove $equiv for \u_core.u_fsm.model_req_ready_i: failed.
 Grouping SAT models for \u_core.u_fsm.model_rsp_desc_i:
  Trying to prove $equiv for \u_core.u_fsm.model_rsp_desc_i [0]: failed.
  Trying to prove $equiv for \u_core.u_fsm.model_rsp_desc_i [1]: failed.
  Trying to prove $equiv for \u_core.u_fsm.model_rsp_desc_i [2]: failed.
  Trying to prove $equiv for \u_core.u_fsm.model_rsp_desc_i [3]: failed.
  Trying to prove $equiv for \u_core.u_fsm.model_rsp_desc_i [4]: failed.
  Trying to prove $equiv for \u_core.u_fsm.model_rsp_desc_i [5]: failed.
  Trying to prove $equiv for \u_core.u_fsm.model_rsp_desc_i [6]: failed.
  Trying to prove $equiv for \u_core.u_fsm.model_rsp_desc_i [7]: failed.
  Trying to prove $equiv for \u_core.u_fsm.model_rsp_desc_i [8]: failed.
  Trying to prove $equiv for \u_core.u_fsm.model_rsp_desc_i [9]: failed.
  Trying to prove $equiv for \u_core.u_fsm.model_rsp_desc_i [10]: failed.
  Trying to prove $equiv for \u_core.u_fsm.model_rsp_desc_i [11]: failed.
  Trying to prove $equiv for \u_core.u_fsm.model_rsp_desc_i [12]: failed.
  Trying to prove $equiv for \u_core.u_fsm.model_rsp_desc_i [13]: failed.
  Trying to prove $equiv for \u_core.u_fsm.model_rsp_desc_i [14]: failed.
  Trying to prove $equiv for \u_core.u_fsm.model_rsp_desc_i [15]: failed.
  Trying to prove $equiv for \u_core.u_fsm.model_rsp_desc_i [16]: failed.
  Trying to prove $equiv for \u_core.u_fsm.model_rsp_desc_i [17]: failed.
  Trying to prove $equiv for \u_core.u_fsm.model_rsp_desc_i [18]: failed.
  Trying to prove $equiv for \u_core.u_fsm.model_rsp_desc_i [19]: failed.
  Trying to prove $equiv for \u_core.u_fsm.model_rsp_desc_i [20]: failed.
  Trying to prove $equiv for \u_core.u_fsm.model_rsp_desc_i [21]: failed.
  Trying to prove $equiv for \u_core.u_fsm.model_rsp_desc_i [22]: failed.
  Trying to prove $equiv for \u_core.u_fsm.model_rsp_desc_i [23]: failed.
  Trying to prove $equiv for \u_core.u_fsm.model_rsp_desc_i [24]: failed.
  Trying to prove $equiv for \u_core.u_fsm.model_rsp_desc_i [25]: failed.
  Trying to prove $equiv for \u_core.u_fsm.model_rsp_desc_i [26]: failed.
  Trying to prove $equiv for \u_core.u_fsm.model_rsp_desc_i [27]: failed.
  Trying to prove $equiv for \u_core.u_fsm.model_rsp_desc_i [28]: failed.
  Trying to prove $equiv for \u_core.u_fsm.model_rsp_desc_i [29]: failed.
  Trying to prove $equiv for \u_core.u_fsm.model_rsp_desc_i [30]: failed.
  Trying to prove $equiv for \u_core.u_fsm.model_rsp_desc_i [31]: failed.
  Trying to prove $equiv for \u_core.u_fsm.model_rsp_desc_i [32]: failed.
  Trying to prove $equiv for \u_core.u_fsm.model_rsp_desc_i [33]: failed.
  Trying to prove $equiv for \u_core.u_fsm.model_rsp_desc_i [34]: failed.
  Trying to prove $equiv for \u_core.u_fsm.model_rsp_desc_i [35]: failed.
  Trying to prove $equiv for \u_core.u_fsm.model_rsp_desc_i [36]: failed.
  Trying to prove $equiv for \u_core.u_fsm.model_rsp_desc_i [37]: failed.
  Trying to prove $equiv for \u_core.u_fsm.model_rsp_desc_i [38]: failed.
  Trying to prove $equiv for \u_core.u_fsm.model_rsp_desc_i [39]: failed.
  Trying to prove $equiv for \u_core.u_fsm.model_rsp_desc_i [40]: failed.
  Trying to prove $equiv for \u_core.u_fsm.model_rsp_desc_i [41]: failed.
  Trying to prove $equiv for \u_core.u_fsm.model_rsp_desc_i [42]: failed.
  Trying to prove $equiv for \u_core.u_fsm.model_rsp_desc_i [43]: failed.
  Trying to prove $equiv for \u_core.u_fsm.model_rsp_desc_i [44]: failed.
  Trying to prove $equiv for \u_core.u_fsm.model_rsp_desc_i [45]: failed.
  Trying to prove $equiv for \u_core.u_fsm.model_rsp_desc_i [46]: failed.
  Trying to prove $equiv for \u_core.u_fsm.model_rsp_desc_i [47]: failed.
  Trying to prove $equiv for \u_core.u_fsm.model_rsp_desc_i [48]: failed.
  Trying to prove $equiv for \u_core.u_fsm.model_rsp_desc_i [49]: failed.
  Trying to prove $equiv for \u_core.u_fsm.model_rsp_desc_i [50]: failed.
  Trying to prove $equiv for \u_core.u_fsm.model_rsp_desc_i [51]: failed.
  Trying to prove $equiv for \u_core.u_fsm.model_rsp_desc_i [52]: failed.
  Trying to prove $equiv for \u_core.u_fsm.model_rsp_desc_i [53]: failed.
  Trying to prove $equiv for \u_core.u_fsm.model_rsp_desc_i [54]: failed.
  Trying to prove $equiv for \u_core.u_fsm.model_rsp_desc_i [55]: failed.
  Trying to prove $equiv for \u_core.u_fsm.model_rsp_desc_i [56]: failed.
  Trying to prove $equiv for \u_core.u_fsm.model_rsp_desc_i [57]: failed.
  Trying to prove $equiv for \u_core.u_fsm.model_rsp_desc_i [58]: failed.
  Trying to prove $equiv for \u_core.u_fsm.model_rsp_desc_i [59]: failed.
  Trying to prove $equiv for \u_core.u_fsm.model_rsp_desc_i [60]: failed.
  Trying to prove $equiv for \u_core.u_fsm.model_rsp_desc_i [61]: failed.
  Trying to prove $equiv for \u_core.u_fsm.model_rsp_desc_i [62]: failed.
  Trying to prove $equiv for \u_core.u_fsm.model_rsp_desc_i [63]: failed.
  Trying to prove $equiv for \u_core.u_fsm.model_rsp_valid_i: failed.
 Grouping SAT models for { \u_core.u_fsm.reg_state [6] \u_core.u_fsm.reg_state [4] \u_core.u_fsm.reg_state [2] \u_core.u_fsm.reg_state [0] }:
  Trying to prove $equiv for \u_core.u_fsm.reg_state [0]: failed.
  Trying to prove $equiv for \u_core.u_fsm.reg_state [2]: failed.
  Trying to prove $equiv for \u_core.u_fsm.reg_state [4]: failed.
  Trying to prove $equiv for \u_core.u_fsm.reg_state [6]: failed.
 Grouping SAT models for { \u_core.u_fsm.reg_response_req_id [6] \u_core.u_fsm.reg_response_req_id [4] \u_core.u_fsm.reg_response_req_id [2] \u_core.u_fsm.reg_response_req_id [0] }:
  Trying to prove $equiv for \u_core.u_fsm.reg_response_req_id [0]: failed.
  Trying to prove $equiv for \u_core.u_fsm.reg_response_req_id [2]: failed.
  Trying to prove $equiv for \u_core.u_fsm.reg_response_req_id [4]: failed.
  Trying to prove $equiv for \u_core.u_fsm.reg_response_req_id [6]: failed.
  Trying to prove $equiv for \u_core.u_fsm.reg_pending: failed.
  Trying to prove $equiv for \u_core.u_fsm.outstanding_req_id_r [0]: failed.
  Trying to prove $equiv for \u_core.u_fsm.irq_pulse_r: failed.
 Grouping SAT models for \u_core.u_fsm.age_counter_r:
  Trying to prove $equiv for \u_core.u_fsm.age_counter_r [0]: failed.
  Trying to prove $equiv for \u_core.u_fsm.age_counter_r [1]: failed.
  Trying to prove $equiv for \u_core.u_fsm.age_counter_r [2]: failed.
  Trying to prove $equiv for \u_core.u_fsm.age_counter_r [3]: failed.
  Trying to prove $equiv for \u_core.u_fsm.age_counter_r [4]: failed.
  Trying to prove $equiv for \u_core.u_fsm.age_counter_r [5]: failed.
  Trying to prove $equiv for \u_core.u_fsm.age_counter_r [6]: failed.
  Trying to prove $equiv for \u_core.u_fsm.age_counter_r [7]: failed.
  Trying to prove $equiv for \u_core.u_fsm.age_counter_r [8]: failed.
  Trying to prove $equiv for \u_core.u_fsm.age_counter_r [9]: failed.
  Trying to prove $equiv for \u_core.u_fsm.age_counter_r [10]: failed.
  Trying to prove $equiv for \u_core.u_fsm.age_counter_r [11]: failed.
  Trying to prove $equiv for \u_core.u_fsm.age_counter_r [12]: failed.
  Trying to prove $equiv for \u_core.u_fsm.age_counter_r [13]: failed.
  Trying to prove $equiv for \u_core.u_fsm.age_counter_r [14]: failed.
  Trying to prove $equiv for \u_core.u_fsm.age_counter_r [15]: failed.
  Trying to prove $equiv for \u_core.u_fsm.age_counter_r [16]: failed.
  Trying to prove $equiv for \u_core.u_fsm.age_counter_r [17]: failed.
  Trying to prove $equiv for \u_core.u_fsm.age_counter_r [18]: failed.
  Trying to prove $equiv for \u_core.u_fsm.age_counter_r [19]: failed.
  Trying to prove $equiv for \u_core.u_fsm.age_counter_r [20]: failed.
  Trying to prove $equiv for \u_core.u_fsm.age_counter_r [21]: failed.
  Trying to prove $equiv for \u_core.u_fsm.age_counter_r [22]: failed.
  Trying to prove $equiv for \u_core.u_fsm.age_counter_r [23]: failed.
  Trying to prove $equiv for \u_core.u_fsm.age_counter_r [24]: failed.
  Trying to prove $equiv for \u_core.u_fsm.age_counter_r [25]: failed.
  Trying to prove $equiv for \u_core.u_fsm.age_counter_r [26]: failed.
  Trying to prove $equiv for \u_core.u_fsm.age_counter_r [27]: failed.
  Trying to prove $equiv for \u_core.u_fsm.age_counter_r [28]: failed.
  Trying to prove $equiv for \u_core.u_fsm.age_counter_r [29]: failed.
  Trying to prove $equiv for \u_core.u_fsm.age_counter_r [30]: failed.
  Trying to prove $equiv for \u_core.u_fsm.age_counter_r [31]: failed.
 Grouping SAT models for { \u_core.u_fsm.fault_summary_r [15:5] \u_core.u_fsm.fault_summary_r [3:0] }:
  Trying to prove $equiv for \u_core.u_fsm.fault_summary_r [0]: failed.
  Trying to prove $equiv for \u_core.u_fsm.fault_summary_r [1]: failed.
  Trying to prove $equiv for \u_core.u_fsm.fault_summary_r [2]: failed.
  Trying to prove $equiv for \u_core.u_fsm.fault_summary_r [3]: failed.
  Trying to prove $equiv for \u_core.u_fsm.fault_summary_r [5]: failed.
  Trying to prove $equiv for \u_core.u_fsm.fault_summary_r [6]: failed.
  Trying to prove $equiv for \u_core.u_fsm.fault_summary_r [7]: failed.
  Trying to prove $equiv for \u_core.u_fsm.fault_summary_r [8]: failed.
  Trying to prove $equiv for \u_core.u_fsm.fault_summary_r [9]: failed.
  Trying to prove $equiv for \u_core.u_fsm.fault_summary_r [10]: failed.
  Trying to prove $equiv for \u_core.u_fsm.fault_summary_r [11]: failed.
  Trying to prove $equiv for \u_core.u_fsm.fault_summary_r [12]: failed.
  Trying to prove $equiv for \u_core.u_fsm.fault_summary_r [13]: failed.
  Trying to prove $equiv for \u_core.u_fsm.fault_summary_r [14]: failed.
  Trying to prove $equiv for \u_core.u_fsm.fault_summary_r [15]: failed.
 Grouping SAT models for \u_core.u_fsm.model_req_desc_r:
  Trying to prove $equiv for \u_core.u_fsm.model_req_desc_r [0]: failed.
  Trying to prove $equiv for \u_core.u_fsm.model_req_desc_r [1]: failed.
  Trying to prove $equiv for \u_core.u_fsm.model_req_desc_r [2]: failed.
  Trying to prove $equiv for \u_core.u_fsm.model_req_desc_r [3]: failed.
  Trying to prove $equiv for \u_core.u_fsm.model_req_desc_r [4]: failed.
  Trying to prove $equiv for \u_core.u_fsm.model_req_desc_r [5]: failed.
  Trying to prove $equiv for \u_core.u_fsm.model_req_desc_r [6]: failed.
  Trying to prove $equiv for \u_core.u_fsm.model_req_desc_r [7]: failed.
  Trying to prove $equiv for \u_core.u_fsm.model_req_desc_r [8]: failed.
  Trying to prove $equiv for \u_core.u_fsm.model_req_desc_r [9]: failed.
  Trying to prove $equiv for \u_core.u_fsm.model_req_desc_r [10]: failed.
  Trying to prove $equiv for \u_core.u_fsm.model_req_desc_r [11]: failed.
  Trying to prove $equiv for \u_core.u_fsm.model_req_desc_r [12]: failed.
  Trying to prove $equiv for \u_core.u_fsm.model_req_desc_r [13]: failed.
  Trying to prove $equiv for \u_core.u_fsm.model_req_desc_r [14]: failed.
  Trying to prove $equiv for \u_core.u_fsm.model_req_desc_r [15]: failed.
  Trying to prove $equiv for \u_core.u_fsm.model_req_desc_r [16]: failed.
  Trying to prove $equiv for \u_core.u_fsm.model_req_desc_r [17]: failed.
  Trying to prove $equiv for \u_core.u_fsm.model_req_desc_r [18]: failed.
  Trying to prove $equiv for \u_core.u_fsm.model_req_desc_r [19]: failed.
  Trying to prove $equiv for \u_core.u_fsm.model_req_desc_r [20]: failed.
  Trying to prove $equiv for \u_core.u_fsm.model_req_desc_r [21]: failed.
  Trying to prove $equiv for \u_core.u_fsm.model_req_desc_r [22]: failed.
  Trying to prove $equiv for \u_core.u_fsm.model_req_desc_r [23]: failed.
  Trying to prove $equiv for \u_core.u_fsm.model_req_desc_r [24]: failed.
  Trying to prove $equiv for \u_core.u_fsm.model_req_desc_r [25]: failed.
  Trying to prove $equiv for \u_core.u_fsm.model_req_desc_r [26]: failed.
  Trying to prove $equiv for \u_core.u_fsm.model_req_desc_r [27]: failed.
  Trying to prove $equiv for \u_core.u_fsm.model_req_desc_r [28]: failed.
  Trying to prove $equiv for \u_core.u_fsm.model_req_desc_r [29]: failed.
  Trying to prove $equiv for \u_core.u_fsm.model_req_desc_r [30]: failed.
  Trying to prove $equiv for \u_core.u_fsm.model_req_desc_r [31]: failed.
  Trying to prove $equiv for \u_core.u_fsm.model_req_desc_r [32]: failed.
  Trying to prove $equiv for \u_core.u_fsm.model_req_desc_r [33]: failed.
  Trying to prove $equiv for \u_core.u_fsm.model_req_desc_r [34]: failed.
  Trying to prove $equiv for \u_core.u_fsm.model_req_desc_r [35]: failed.
  Trying to prove $equiv for \u_core.u_fsm.model_req_desc_r [36]: failed.
  Trying to prove $equiv for \u_core.u_fsm.model_req_desc_r [37]: failed.
  Trying to prove $equiv for \u_core.u_fsm.model_req_desc_r [38]: failed.
  Trying to prove $equiv for \u_core.u_fsm.model_req_desc_r [39]: failed.
  Trying to prove $equiv for \u_core.u_fsm.model_req_desc_r [40]: failed.
  Trying to prove $equiv for \u_core.u_fsm.model_req_desc_r [41]: failed.
  Trying to prove $equiv for \u_core.u_fsm.model_req_desc_r [42]: failed.
  Trying to prove $equiv for \u_core.u_fsm.model_req_desc_r [43]: failed.
  Trying to prove $equiv for \u_core.u_fsm.model_req_desc_r [44]: failed.
  Trying to prove $equiv for \u_core.u_fsm.model_req_desc_r [45]: failed.
  Trying to prove $equiv for \u_core.u_fsm.model_req_desc_r [46]: failed.
  Trying to prove $equiv for \u_core.u_fsm.model_req_desc_r [47]: failed.
  Trying to prove $equiv for \u_core.u_fsm.model_req_desc_r [48]: failed.
  Trying to prove $equiv for \u_core.u_fsm.model_req_desc_r [49]: failed.
  Trying to prove $equiv for \u_core.u_fsm.model_req_desc_r [50]: failed.
  Trying to prove $equiv for \u_core.u_fsm.model_req_desc_r [51]: failed.
  Trying to prove $equiv for \u_core.u_fsm.model_req_desc_r [52]: failed.
  Trying to prove $equiv for \u_core.u_fsm.model_req_desc_r [53]: failed.
  Trying to prove $equiv for \u_core.u_fsm.model_req_desc_r [54]: failed.
  Trying to prove $equiv for \u_core.u_fsm.model_req_desc_r [55]: failed.
  Trying to prove $equiv for \u_core.u_fsm.model_req_desc_r [56]: failed.
  Trying to prove $equiv for \u_core.u_fsm.model_req_desc_r [57]: failed.
  Trying to prove $equiv for \u_core.u_fsm.model_req_desc_r [58]: failed.
  Trying to prove $equiv for \u_core.u_fsm.model_req_desc_r [59]: failed.
  Trying to prove $equiv for \u_core.u_fsm.model_req_desc_r [60]: failed.
  Trying to prove $equiv for \u_core.u_fsm.model_req_desc_r [61]: failed.
  Trying to prove $equiv for \u_core.u_fsm.model_req_desc_r [62]: failed.
  Trying to prove $equiv for \u_core.u_fsm.model_req_desc_r [63]: failed.
  Trying to prove $equiv for \u_core.u_fsm.model_req_valid_r: failed.
  Trying to prove $equiv for \u_core.u_fsm.model_rsp_ready_r: failed.
 Grouping SAT models for \u_core.u_fsm.next_state:
  Trying to prove $equiv for \u_core.u_fsm.next_state [0]: failed.
  Trying to prove $equiv for \u_core.u_fsm.next_state [1]: failed.
  Trying to prove $equiv for \u_core.u_fsm.next_state [2]: failed.
  Trying to prove $equiv for \u_core.u_fsm.next_state [3]: failed.
  Trying to prove $equiv for \u_core.u_fsm.next_state [4]: failed.
  Trying to prove $equiv for \u_core.u_fsm.next_state [5]: failed.
  Trying to prove $equiv for \u_core.u_fsm.next_state [6]: failed.
  Trying to prove $equiv for \u_core.u_fsm.next_state [7]: failed.
  Trying to prove $equiv for \u_core.u_fsm.next_pending: failed.
  Trying to prove $equiv for \u_core.u_fsm.next_response_received: success!
  Trying to prove $equiv for \u_core.u_fsm.next_stale_reject: success!
  Trying to prove $equiv for \u_core.u_fsm.next_envelope_violation: success!
  Trying to prove $equiv for \u_core.u_fsm.next_fallback_active: failed.
  Trying to prove $equiv for \u_core.u_fsm.next_irq_pulse: success!
 Grouping SAT models for \u_core.u_fsm.next_age_counter:
  Trying to prove $equiv for \u_core.u_fsm.next_age_counter [0]: failed.
  Trying to prove $equiv for \u_core.u_fsm.next_age_counter [1]: failed.
  Trying to prove $equiv for \u_core.u_fsm.next_age_counter [2]: failed.
  Trying to prove $equiv for \u_core.u_fsm.next_age_counter [3]: failed.
  Trying to prove $equiv for \u_core.u_fsm.next_age_counter [4]: failed.
  Trying to prove $equiv for \u_core.u_fsm.next_age_counter [5]: failed.
  Trying to prove $equiv for \u_core.u_fsm.next_age_counter [6]: failed.
  Trying to prove $equiv for \u_core.u_fsm.next_age_counter [7]: failed.
  Trying to prove $equiv for \u_core.u_fsm.next_age_counter [8]: failed.
  Trying to prove $equiv for \u_core.u_fsm.next_age_counter [9]: failed.
  Trying to prove $equiv for \u_core.u_fsm.next_age_counter [10]: failed.
  Trying to prove $equiv for \u_core.u_fsm.next_age_counter [11]: failed.
  Trying to prove $equiv for \u_core.u_fsm.next_age_counter [12]: failed.
  Trying to prove $equiv for \u_core.u_fsm.next_age_counter [13]: failed.
  Trying to prove $equiv for \u_core.u_fsm.next_age_counter [14]: failed.
  Trying to prove $equiv for \u_core.u_fsm.next_age_counter [15]: failed.
  Trying to prove $equiv for \u_core.u_fsm.next_age_counter [16]: failed.
  Trying to prove $equiv for \u_core.u_fsm.next_age_counter [17]: failed.
  Trying to prove $equiv for \u_core.u_fsm.next_age_counter [18]: failed.
  Trying to prove $equiv for \u_core.u_fsm.next_age_counter [19]: failed.
  Trying to prove $equiv for \u_core.u_fsm.next_age_counter [20]: failed.
  Trying to prove $equiv for \u_core.u_fsm.next_age_counter [21]: failed.
  Trying to prove $equiv for \u_core.u_fsm.next_age_counter [22]: failed.
  Trying to prove $equiv for \u_core.u_fsm.next_age_counter [23]: failed.
  Trying to prove $equiv for \u_core.u_fsm.next_age_counter [24]: failed.
  Trying to prove $equiv for \u_core.u_fsm.next_age_counter [25]: failed.
  Trying to prove $equiv for \u_core.u_fsm.next_age_counter [26]: failed.
  Trying to prove $equiv for \u_core.u_fsm.next_age_counter [27]: failed.
  Trying to prove $equiv for \u_core.u_fsm.next_age_counter [28]: failed.
  Trying to prove $equiv for \u_core.u_fsm.next_age_counter [29]: failed.
  Trying to prove $equiv for \u_core.u_fsm.next_age_counter [30]: failed.
  Trying to prove $equiv for \u_core.u_fsm.next_age_counter [31]: failed.
 Grouping SAT models for \u_core.u_fsm.next_fault_summary:
  Trying to prove $equiv for \u_core.u_fsm.next_fault_summary [0]: failed.
  Trying to prove $equiv for \u_core.u_fsm.next_fault_summary [1]: failed.
  Trying to prove $equiv for \u_core.u_fsm.next_fault_summary [2]: failed.
  Trying to prove $equiv for \u_core.u_fsm.next_fault_summary [3]: failed.
  Trying to prove $equiv for \u_core.u_fsm.next_fault_summary [4]: failed.
  Trying to prove $equiv for \u_core.u_fsm.next_fault_summary [5]: failed.
  Trying to prove $equiv for \u_core.u_fsm.next_fault_summary [6]: failed.
  Trying to prove $equiv for \u_core.u_fsm.next_fault_summary [7]: failed.
  Trying to prove $equiv for \u_core.u_fsm.next_fault_summary [8]: failed.
  Trying to prove $equiv for \u_core.u_fsm.next_fault_summary [9]: failed.
  Trying to prove $equiv for \u_core.u_fsm.next_fault_summary [10]: failed.
  Trying to prove $equiv for \u_core.u_fsm.next_fault_summary [11]: failed.
  Trying to prove $equiv for \u_core.u_fsm.next_fault_summary [12]: failed.
  Trying to prove $equiv for \u_core.u_fsm.next_fault_summary [13]: failed.
  Trying to prove $equiv for \u_core.u_fsm.next_fault_summary [14]: failed.
  Trying to prove $equiv for \u_core.u_fsm.next_fault_summary [15]: failed.
 Grouping SAT models for { \u_core.u_fsm.req_desc_comb [51] \u_core.u_fsm.req_desc_comb [49] \u_core.u_fsm.req_desc_comb [47] \u_core.u_fsm.req_desc_comb [31] \u_core.u_fsm.req_desc_comb [29] \u_core.u_fsm.req_desc_comb [27] \u_core.u_fsm.req_desc_comb [25] \u_core.u_fsm.req_desc_comb [23] \u_core.u_fsm.req_desc_comb [21] \u_core.u_fsm.req_desc_comb [19] \u_core.u_fsm.req_desc_comb [17] \u_core.u_fsm.req_desc_comb [15] \u_core.u_fsm.req_desc_comb [13] \u_core.u_fsm.req_desc_comb [11] \u_core.u_fsm.req_desc_comb [9] \u_core.u_fsm.req_desc_comb [7] \u_core.u_fsm.req_desc_comb [5] \u_core.u_fsm.req_desc_comb [3] \u_core.u_fsm.req_desc_comb [1] }:
  Trying to prove $equiv for \u_core.u_fsm.req_desc_comb [1]: failed.
  Trying to prove $equiv for \u_core.u_fsm.req_desc_comb [3]: failed.
  Trying to prove $equiv for \u_core.u_fsm.req_desc_comb [5]: failed.
  Trying to prove $equiv for \u_core.u_fsm.req_desc_comb [7]: failed.
  Trying to prove $equiv for \u_core.u_fsm.req_desc_comb [9]: failed.
  Trying to prove $equiv for \u_core.u_fsm.req_desc_comb [11]: failed.
  Trying to prove $equiv for \u_core.u_fsm.req_desc_comb [13]: failed.
  Trying to prove $equiv for \u_core.u_fsm.req_desc_comb [15]: failed.
  Trying to prove $equiv for \u_core.u_fsm.req_desc_comb [17]: failed.
  Trying to prove $equiv for \u_core.u_fsm.req_desc_comb [19]: failed.
  Trying to prove $equiv for \u_core.u_fsm.req_desc_comb [21]: failed.
  Trying to prove $equiv for \u_core.u_fsm.req_desc_comb [23]: failed.
  Trying to prove $equiv for \u_core.u_fsm.req_desc_comb [25]: failed.
  Trying to prove $equiv for \u_core.u_fsm.req_desc_comb [27]: failed.
  Trying to prove $equiv for \u_core.u_fsm.req_desc_comb [29]: failed.
  Trying to prove $equiv for \u_core.u_fsm.req_desc_comb [31]: failed.
  Trying to prove $equiv for \u_core.u_fsm.req_desc_comb [47]: failed.
  Trying to prove $equiv for \u_core.u_fsm.req_desc_comb [49]: failed.
  Trying to prove $equiv for \u_core.u_fsm.req_desc_comb [51]: failed.
 Grouping SAT models for \u_core.u_fsm.cmd_raw:
  Trying to prove $equiv for \u_core.u_fsm.cmd_raw [0]: failed.
  Trying to prove $equiv for \u_core.u_fsm.cmd_raw [1]: failed.
  Trying to prove $equiv for \u_core.u_fsm.cmd_raw [2]: failed.
  Trying to prove $equiv for \u_core.u_fsm.cmd_raw [3]: failed.
  Trying to prove $equiv for \u_core.u_fsm.cmd_raw [4]: failed.
  Trying to prove $equiv for \u_core.u_fsm.cmd_raw [5]: failed.
  Trying to prove $equiv for \u_core.u_fsm.cmd_raw [6]: failed.
  Trying to prove $equiv for \u_core.u_fsm.cmd_raw [7]: failed.
  Trying to prove $equiv for \u_core.u_fsm.cmd_raw [8]: failed.
  Trying to prove $equiv for \u_core.u_fsm.cmd_raw [9]: failed.
  Trying to prove $equiv for \u_core.u_fsm.cmd_raw [10]: failed.
  Trying to prove $equiv for \u_core.u_fsm.cmd_raw [11]: failed.
  Trying to prove $equiv for \u_core.u_fsm.cmd_raw [12]: failed.
  Trying to prove $equiv for \u_core.u_fsm.cmd_raw [13]: failed.
  Trying to prove $equiv for \u_core.u_fsm.cmd_raw [14]: failed.
  Trying to prove $equiv for \u_core.u_fsm.cmd_raw [15]: failed.
  Trying to prove $equiv for \u_core.u_fsm.envelope_bad: success!
  Trying to prove $equiv for \u_core.u_fsm.timeout_bad: success!
 Grouping SAT models for { \u_core.u_mmio.wb_dat_o [28:27] \u_core.u_mmio.wb_dat_o [25] \u_core.u_mmio.wb_dat_o [23] \u_core.u_mmio.wb_dat_o [21] \u_core.u_mmio.wb_dat_o [19] \u_core.u_mmio.wb_dat_o [17] \u_core.u_mmio.wb_dat_o [15:13] \u_core.u_mmio.wb_dat_o [11:9] \u_core.u_mmio.wb_dat_o [7:5] \u_core.u_mmio.wb_dat_o [3:1] }:
  Trying to prove $equiv for \u_core.u_mmio.wb_dat_o [1]: failed.
  Trying to prove $equiv for \u_core.u_mmio.wb_dat_o [2]: failed.
  Trying to prove $equiv for \u_core.u_mmio.wb_dat_o [3]: failed.
  Trying to prove $equiv for \u_core.u_mmio.wb_dat_o [5]: failed.
  Trying to prove $equiv for \u_core.u_mmio.wb_dat_o [6]: failed.
  Trying to prove $equiv for \u_core.u_mmio.wb_dat_o [7]: failed.
  Trying to prove $equiv for \u_core.u_mmio.wb_dat_o [9]: failed.
  Trying to prove $equiv for \u_core.u_mmio.wb_dat_o [10]: failed.
  Trying to prove $equiv for \u_core.u_mmio.wb_dat_o [11]: failed.
  Trying to prove $equiv for \u_core.u_mmio.wb_dat_o [13]: failed.
  Trying to prove $equiv for \u_core.u_mmio.wb_dat_o [14]: failed.
  Trying to prove $equiv for \u_core.u_mmio.wb_dat_o [15]: failed.
  Trying to prove $equiv for \u_core.u_mmio.wb_dat_o [17]: failed.
  Trying to prove $equiv for \u_core.u_mmio.wb_dat_o [19]: failed.
  Trying to prove $equiv for \u_core.u_mmio.wb_dat_o [21]: failed.
  Trying to prove $equiv for \u_core.u_mmio.wb_dat_o [23]: failed.
  Trying to prove $equiv for \u_core.u_mmio.wb_dat_o [25]: failed.
  Trying to prove $equiv for \u_core.u_mmio.wb_dat_o [27]: failed.
  Trying to prove $equiv for \u_core.u_mmio.wb_dat_o [28]: failed.
  Trying to prove $equiv for \u_core.u_mmio.wb_we_i: failed.
  Trying to prove $equiv for \u_core.u_mmio.cfg_rate_limit_en: failed.
 Grouping SAT models for { \u_core.u_mmio.cfg_rate_limit_step [15] \u_core.u_mmio.cfg_rate_limit_step [12:11] \u_core.u_mmio.cfg_rate_limit_step [8:6] \u_core.u_mmio.cfg_rate_limit_step [4:3] \u_core.u_mmio.cfg_rate_limit_step [0] }:
  Trying to prove $equiv for \u_core.u_mmio.cfg_rate_limit_step [0]: failed.
  Trying to prove $equiv for \u_core.u_mmio.cfg_rate_limit_step [3]: failed.
  Trying to prove $equiv for \u_core.u_mmio.cfg_rate_limit_step [4]: failed.
  Trying to prove $equiv for \u_core.u_mmio.cfg_rate_limit_step [6]: failed.
  Trying to prove $equiv for \u_core.u_mmio.cfg_rate_limit_step [7]: failed.
  Trying to prove $equiv for \u_core.u_mmio.cfg_rate_limit_step [8]: failed.
  Trying to prove $equiv for \u_core.u_mmio.cfg_rate_limit_step [11]: failed.
  Trying to prove $equiv for \u_core.u_mmio.cfg_rate_limit_step [12]: failed.
  Trying to prove $equiv for \u_core.u_mmio.cfg_rate_limit_step [15]: failed.
 Grouping SAT models for { \u_core.u_mmio.cfg_fallback_cmd [15] \u_core.u_mmio.cfg_fallback_cmd [13] \u_core.u_mmio.cfg_fallback_cmd [7] \u_core.u_mmio.cfg_fallback_cmd [3] }:
  Trying to prove $equiv for \u_core.u_mmio.cfg_fallback_cmd [3]: failed.
  Trying to prove $equiv for \u_core.u_mmio.cfg_fallback_cmd [7]: failed.
  Trying to prove $equiv for \u_core.u_mmio.cfg_fallback_cmd [13]: failed.
  Trying to prove $equiv for \u_core.u_mmio.cfg_fallback_cmd [15]: failed.
 Grouping SAT models for { \u_core.u_mmio.reg_state [7] \u_core.u_mmio.reg_state [5] \u_core.u_mmio.reg_state [3] \u_core.u_mmio.reg_state [1] }:
  Trying to prove $equiv for \u_core.u_mmio.reg_state [1]: failed.
  Trying to prove $equiv for \u_core.u_mmio.reg_state [3]: failed.
  Trying to prove $equiv for \u_core.u_mmio.reg_state [5]: failed.
  Trying to prove $equiv for \u_core.u_mmio.reg_state [7]: failed.
  Trying to prove $equiv for \u_core.u_mmio.reg_fault_summary [4]: failed.
 Grouping SAT models for \u_core.u_mmio.reg_outstanding_req_id [7:1]:
  Trying to prove $equiv for \u_core.u_mmio.reg_outstanding_req_id [1]: failed.
  Trying to prove $equiv for \u_core.u_mmio.reg_outstanding_req_id [2]: failed.
  Trying to prove $equiv for \u_core.u_mmio.reg_outstanding_req_id [3]: failed.
  Trying to prove $equiv for \u_core.u_mmio.reg_outstanding_req_id [4]: failed.
  Trying to prove $equiv for \u_core.u_mmio.reg_outstanding_req_id [5]: failed.
  Trying to prove $equiv for \u_core.u_mmio.reg_outstanding_req_id [6]: failed.
  Trying to prove $equiv for \u_core.u_mmio.reg_outstanding_req_id [7]: failed.
 Grouping SAT models for { \u_core.u_mmio.reg_response_req_id [7] \u_core.u_mmio.reg_response_req_id [5] \u_core.u_mmio.reg_response_req_id [3] \u_core.u_mmio.reg_response_req_id [1] }:
  Trying to prove $equiv for \u_core.u_mmio.reg_response_req_id [1]: failed.
  Trying to prove $equiv for \u_core.u_mmio.reg_response_req_id [3]: failed.
  Trying to prove $equiv for \u_core.u_mmio.reg_response_req_id [5]: failed.
  Trying to prove $equiv for \u_core.u_mmio.reg_response_req_id [7]: failed.
  Trying to prove $equiv for \u_core.u_mmio.reg_response_received: failed.
 Grouping SAT models for { \u_core.u_mmio.r_timeout_cycles [25] \u_core.u_mmio.r_timeout_cycles [19] \u_core.u_mmio.r_timeout_cycles [16:13] }:
  Trying to prove $equiv for \u_core.u_mmio.r_timeout_cycles [13]: failed.
  Trying to prove $equiv for \u_core.u_mmio.r_timeout_cycles [14]: failed.
  Trying to prove $equiv for \u_core.u_mmio.r_timeout_cycles [15]: failed.
  Trying to prove $equiv for \u_core.u_mmio.r_timeout_cycles [16]: failed.
  Trying to prove $equiv for \u_core.u_mmio.r_timeout_cycles [19]: failed.
  Trying to prove $equiv for \u_core.u_mmio.r_timeout_cycles [25]: failed.
 Grouping SAT models for { \u_core.u_mmio.r_clamp_min [11] \u_core.u_mmio.r_clamp_min [7] \u_core.u_mmio.r_clamp_min [5] \u_core.u_mmio.r_clamp_min [3] }:
  Trying to prove $equiv for \u_core.u_mmio.r_clamp_min [3]: failed.
  Trying to prove $equiv for \u_core.u_mmio.r_clamp_min [5]: failed.
  Trying to prove $equiv for \u_core.u_mmio.r_clamp_min [7]: failed.
  Trying to prove $equiv for \u_core.u_mmio.r_clamp_min [11]: failed.
 Grouping SAT models for { \u_core.u_mmio.r_clamp_max [15] \u_core.u_mmio.r_clamp_max [13] }:
  Trying to prove $equiv for \u_core.u_mmio.r_clamp_max [13]: failed.
  Trying to prove $equiv for \u_core.u_mmio.r_clamp_max [15]: failed.
 Grouping SAT models for { \u_core.u_mmio.r_request_id [6] \u_core.u_mmio.r_request_id [4] \u_core.u_mmio.r_request_id [2] }:
  Trying to prove $equiv for \u_core.u_mmio.r_request_id [2]: failed.
  Trying to prove $equiv for \u_core.u_mmio.r_request_id [4]: failed.
  Trying to prove $equiv for \u_core.u_mmio.r_request_id [6]: failed.
 Grouping SAT models for { \u_core.u_mmio.r_geometry_handle [14] \u_core.u_mmio.r_geometry_handle [12] \u_core.u_mmio.r_geometry_handle [10] \u_core.u_mmio.r_geometry_handle [8] }:
  Trying to prove $equiv for \u_core.u_mmio.r_geometry_handle [8]: failed.
  Trying to prove $equiv for \u_core.u_mmio.r_geometry_handle [10]: failed.
  Trying to prove $equiv for \u_core.u_mmio.r_geometry_handle [12]: failed.
  Trying to prove $equiv for \u_core.u_mmio.r_geometry_handle [14]: failed.
 Grouping SAT models for { \u_core.u_mmio.r_timestamp [29:28] \u_core.u_mmio.r_timestamp [22] \u_core.u_mmio.r_timestamp [14] \u_core.u_mmio.r_timestamp [12] \u_core.u_mmio.r_timestamp [10] \u_core.u_mmio.r_timestamp [8] \u_core.u_mmio.r_timestamp [6] }:
  Trying to prove $equiv for \u_core.u_mmio.r_timestamp [6]: failed.
  Trying to prove $equiv for \u_core.u_mmio.r_timestamp [8]: failed.
  Trying to prove $equiv for \u_core.u_mmio.r_timestamp [10]: failed.
  Trying to prove $equiv for \u_core.u_mmio.r_timestamp [12]: failed.
  Trying to prove $equiv for \u_core.u_mmio.r_timestamp [14]: failed.
  Trying to prove $equiv for \u_core.u_mmio.r_timestamp [22]: failed.
  Trying to prove $equiv for \u_core.u_mmio.r_timestamp [28]: failed.
  Trying to prove $equiv for \u_core.u_mmio.r_timestamp [29]: failed.
  Trying to prove $equiv for \u_core.u_mmio.wb_dat_o_r [31]: failed.
  Trying to prove $equiv for \u_core.u_mmio.wb_err_o_r: failed.
  Trying to prove $equiv for \u_core.u_mmio.access: success!
  Trying to prove $equiv for \u_core.u_mmio.write_access: success!
  Trying to prove $equiv for \u_core.u_mmio.illegal_addr: success!
 Grouping SAT models for { \u_core.u_mmio.addr_word [4] \u_core.u_mmio.addr_word [0] }:
  Trying to prove $equiv for \u_core.u_mmio.addr_word [0]: failed.
  Trying to prove $equiv for \u_core.u_mmio.addr_word [4]: failed.
 Grouping SAT models for { \u_core.reg_last_accepted_cmd [13] \u_core.reg_last_accepted_cmd [6:5] \u_core.reg_last_accepted_cmd [1:0] }:
  Trying to prove $equiv for \u_core.reg_last_accepted_cmd [0]: failed.
  Trying to prove $equiv for \u_core.reg_last_accepted_cmd [1]: failed.
  Trying to prove $equiv for \u_core.reg_last_accepted_cmd [5]: failed.
  Trying to prove $equiv for \u_core.reg_last_accepted_cmd [6]: failed.
  Trying to prove $equiv for \u_core.reg_last_accepted_cmd [13]: failed.
 Grouping SAT models for { \u_core.cfg_timestamp [31:30] \u_core.cfg_timestamp [26] \u_core.cfg_timestamp [24] \u_core.cfg_timestamp [21:15] \u_core.cfg_timestamp [13] \u_core.cfg_timestamp [11] \u_core.cfg_timestamp [9] \u_core.cfg_timestamp [4] \u_core.cfg_timestamp [2] \u_core.cfg_timestamp [0] }:
  Trying to prove $equiv for \u_core.cfg_timestamp [0]: failed.
  Trying to prove $equiv for \u_core.cfg_timestamp [2]: failed.
  Trying to prove $equiv for \u_core.cfg_timestamp [4]: failed.
  Trying to prove $equiv for \u_core.cfg_timestamp [9]: failed.
  Trying to prove $equiv for \u_core.cfg_timestamp [11]: failed.
  Trying to prove $equiv for \u_core.cfg_timestamp [13]: failed.
  Trying to prove $equiv for \u_core.cfg_timestamp [15]: failed.
  Trying to prove $equiv for \u_core.cfg_timestamp [16]: failed.
  Trying to prove $equiv for \u_core.cfg_timestamp [17]: failed.
  Trying to prove $equiv for \u_core.cfg_timestamp [18]: failed.
  Trying to prove $equiv for \u_core.cfg_timestamp [19]: failed.
  Trying to prove $equiv for \u_core.cfg_timestamp [20]: failed.
  Trying to prove $equiv for \u_core.cfg_timestamp [21]: failed.
  Trying to prove $equiv for \u_core.cfg_timestamp [24]: failed.
  Trying to prove $equiv for \u_core.cfg_timestamp [26]: failed.
  Trying to prove $equiv for \u_core.cfg_timestamp [30]: failed.
  Trying to prove $equiv for \u_core.cfg_timestamp [31]: failed.
 Grouping SAT models for { \u_core.cfg_flow_handle [14] \u_core.cfg_flow_handle [12] \u_core.cfg_flow_handle [10] \u_core.cfg_flow_handle [8] }:
  Trying to prove $equiv for \u_core.cfg_flow_handle [8]: failed.
  Trying to prove $equiv for \u_core.cfg_flow_handle [10]: failed.
  Trying to prove $equiv for \u_core.cfg_flow_handle [12]: failed.
  Trying to prove $equiv for \u_core.cfg_flow_handle [14]: failed.
  Trying to prove $equiv for \u_core.cfg_request_id [0]: failed.
  Trying to prove $equiv for \u_core.cfg_request_issue: failed.
 Grouping SAT models for { \u_core.cfg_clamp_max [11] \u_core.cfg_clamp_max [8] \u_core.cfg_clamp_max [4] \u_core.cfg_clamp_max [1:0] }:
  Trying to prove $equiv for \u_core.cfg_clamp_max [0]: failed.
  Trying to prove $equiv for \u_core.cfg_clamp_max [1]: failed.
  Trying to prove $equiv for \u_core.cfg_clamp_max [4]: failed.
  Trying to prove $equiv for \u_core.cfg_clamp_max [8]: failed.
  Trying to prove $equiv for \u_core.cfg_clamp_max [11]: failed.
 Grouping SAT models for { \u_core.cfg_clamp_min [15] \u_core.cfg_clamp_min [13] \u_core.cfg_clamp_min [9] }:
  Trying to prove $equiv for \u_core.cfg_clamp_min [9]: failed.
  Trying to prove $equiv for \u_core.cfg_clamp_min [13]: failed.
  Trying to prove $equiv for \u_core.cfg_clamp_min [15]: failed.
  Trying to prove $equiv for \u_core.actuator_cmd_valid_o: failed.
 Grouping SAT models for { \u_core.actuator_cmd_o [15] \u_core.actuator_cmd_o [13] \u_core.actuator_cmd_o [9] \u_core.actuator_cmd_o [5] \u_core.actuator_cmd_o [1] }:
  Trying to prove $equiv for \u_core.actuator_cmd_o [1]: failed.
  Trying to prove $equiv for \u_core.actuator_cmd_o [5]: failed.
  Trying to prove $equiv for \u_core.actuator_cmd_o [9]: failed.
  Trying to prove $equiv for \u_core.actuator_cmd_o [13]: failed.
  Trying to prove $equiv for \u_core.actuator_cmd_o [15]: failed.
  Trying to prove $equiv for \u_core.wb_ack_o: failed.
  Trying to prove $equiv for \u_core.wb_cyc_i: failed.
 Grouping SAT models for { \u_core.wb_dat_o [26] \u_core.wb_dat_o [24] \u_core.wb_dat_o [22] \u_core.wb_dat_o [20] \u_core.wb_dat_o [18] \u_core.wb_dat_o [16] \u_core.wb_dat_o [12] \u_core.wb_dat_o [8] \u_core.wb_dat_o [4] \u_core.wb_dat_o [0] }:
  Trying to prove $equiv for \u_core.wb_dat_o [0]: failed.
  Trying to prove $equiv for \u_core.wb_dat_o [4]: failed.
  Trying to prove $equiv for \u_core.wb_dat_o [8]: failed.
  Trying to prove $equiv for \u_core.wb_dat_o [12]: failed.
  Trying to prove $equiv for \u_core.wb_dat_o [16]: failed.
  Trying to prove $equiv for \u_core.wb_dat_o [18]: failed.
  Trying to prove $equiv for \u_core.wb_dat_o [20]: failed.
  Trying to prove $equiv for \u_core.wb_dat_o [22]: failed.
  Trying to prove $equiv for \u_core.wb_dat_o [24]: failed.
  Trying to prove $equiv for \u_core.wb_dat_o [26]: failed.
 Grouping SAT models for { \u_core.wb_dat_i [31] \u_core.wb_dat_i [29:25] \u_core.wb_dat_i [23:21] \u_core.wb_dat_i [19:17] \u_core.wb_dat_i [15:13] \u_core.wb_dat_i [11:9] \u_core.wb_dat_i [7:5] \u_core.wb_dat_i [3:1] }:
  Trying to prove $equiv for \u_core.wb_dat_i [1]: failed.
  Trying to prove $equiv for \u_core.wb_dat_i [2]: failed.
  Trying to prove $equiv for \u_core.wb_dat_i [3]: failed.
  Trying to prove $equiv for \u_core.wb_dat_i [5]: failed.
  Trying to prove $equiv for \u_core.wb_dat_i [6]: failed.
  Trying to prove $equiv for \u_core.wb_dat_i [7]: failed.
  Trying to prove $equiv for \u_core.wb_dat_i [9]: failed.
  Trying to prove $equiv for \u_core.wb_dat_i [10]: failed.
  Trying to prove $equiv for \u_core.wb_dat_i [11]: failed.
  Trying to prove $equiv for \u_core.wb_dat_i [13]: failed.
  Trying to prove $equiv for \u_core.wb_dat_i [14]: failed.
  Trying to prove $equiv for \u_core.wb_dat_i [15]: failed.
  Trying to prove $equiv for \u_core.wb_dat_i [17]: failed.
  Trying to prove $equiv for \u_core.wb_dat_i [18]: failed.
  Trying to prove $equiv for \u_core.wb_dat_i [19]: failed.
  Trying to prove $equiv for \u_core.wb_dat_i [21]: failed.
  Trying to prove $equiv for \u_core.wb_dat_i [22]: failed.
  Trying to prove $equiv for \u_core.wb_dat_i [23]: failed.
  Trying to prove $equiv for \u_core.wb_dat_i [25]: failed.
  Trying to prove $equiv for \u_core.wb_dat_i [26]: failed.
  Trying to prove $equiv for \u_core.wb_dat_i [27]: failed.
  Trying to prove $equiv for \u_core.wb_dat_i [28]: failed.
  Trying to prove $equiv for \u_core.wb_dat_i [29]: failed.
  Trying to prove $equiv for \u_core.wb_dat_i [31]: failed.
 Grouping SAT models for { \u_core.wb_adr_i [31:30] \u_core.wb_adr_i [28] \u_core.wb_adr_i [26:25] \u_core.wb_adr_i [22:21] \u_core.wb_adr_i [18:17] \u_core.wb_adr_i [15] \u_core.wb_adr_i [13] \u_core.wb_adr_i [10:9] \u_core.wb_adr_i [7] \u_core.wb_adr_i [5] \u_core.wb_adr_i [3] \u_core.wb_adr_i [1] }:
  Trying to prove $equiv for \u_core.wb_adr_i [1]: failed.
  Trying to prove $equiv for \u_core.wb_adr_i [3]: failed.
  Trying to prove $equiv for \u_core.wb_adr_i [5]: failed.
  Trying to prove $equiv for \u_core.wb_adr_i [7]: failed.
  Trying to prove $equiv for \u_core.wb_adr_i [9]: failed.
  Trying to prove $equiv for \u_core.wb_adr_i [10]: failed.
  Trying to prove $equiv for \u_core.wb_adr_i [13]: failed.
  Trying to prove $equiv for \u_core.wb_adr_i [15]: failed.
  Trying to prove $equiv for \u_core.wb_adr_i [17]: failed.
  Trying to prove $equiv for \u_core.wb_adr_i [18]: failed.
  Trying to prove $equiv for \u_core.wb_adr_i [21]: failed.
  Trying to prove $equiv for \u_core.wb_adr_i [22]: failed.
  Trying to prove $equiv for \u_core.wb_adr_i [25]: failed.
  Trying to prove $equiv for \u_core.wb_adr_i [26]: failed.
  Trying to prove $equiv for \u_core.wb_adr_i [28]: failed.
  Trying to prove $equiv for \u_core.wb_adr_i [30]: failed.
  Trying to prove $equiv for \u_core.wb_adr_i [31]: failed.
Proved 9 previously unproven $equiv cells.

19. Executing EQUIV_INDUCT pass.
Found 997 unproven $equiv cells in module equiv:
  Undef modelling: force def on 3824 initial reg values and 5 inputs.
  Proving existence of base case for step 1. (547268 clauses over 204678 variables)
  Proof for base case failed. Circuit inherently diverges!
Proved 0 previously unproven $equiv cells.

20. Executing EQUIV_STATUS pass.
Found 1010 $equiv cells in equiv:
  Of those cells 13 are proven and 997 are unproven.
  Unproven $equiv $auto$equiv_make.cc:294:find_same_wires$4203: \u_core.u_mmio.r_oper_en_max_gold [11] \u_core.u_mmio.r_oper_en_max_gate [11]
  Unproven $equiv $auto$equiv_make.cc:294:find_same_wires$5722: \rx_active_gold [58] \rx_active_gate [58]
  Unproven $equiv $auto$equiv_make.cc:294:find_same_wires$4202: \u_core.u_mmio.r_oper_en_max_gold [10] \u_core.u_mmio.r_oper_en_max_gate [10]
  Unproven $equiv $auto$equiv_make.cc:294:find_same_wires$5714: \rx_active_gold [50] \rx_active_gate [50]
  Unproven $equiv $auto$equiv_make.cc:294:find_same_wires$4201: \u_core.u_mmio.r_oper_en_max_gold [9] \u_core.u_mmio.r_oper_en_max_gate [9]
  Unproven $equiv $auto$equiv_make.cc:294:find_same_wires$5706: \rx_active_gold [42] \rx_active_gate [42]
  Unproven $equiv $auto$equiv_make.cc:294:find_same_wires$4200: \u_core.u_mmio.r_oper_en_max_gold [8] \u_core.u_mmio.r_oper_en_max_gate [8]
  Unproven $equiv $auto$equiv_make.cc:294:find_same_wires$4319: \u_core.u_mmio.r_oper_en_min_gold [5] \u_core.u_mmio.r_oper_en_min_gate [5]
  Unproven $equiv $auto$equiv_make.cc:294:find_same_wires$4501: \rx_active_gold [95] \rx_active_gate [95]
  Unproven $equiv $auto$equiv_make.cc:294:find_same_wires$5638: \u_core.u_safety.last_accepted_cmd_r_gold [14] \u_core.u_safety.last_accepted_cmd_r_gate [14]
  Unproven $equiv $auto$equiv_make.cc:294:find_same_wires$4423: \u_core.u_fsm.model_req_desc_r_gold [16] \u_core.u_fsm._065__gate [16]
  Unproven $equiv $auto$equiv_make.cc:294:find_same_wires$5406: \u_core.u_mmio.wb_dat_o_r_gold [19] \u_core.u_mmio.wb_dat_o_r_gate [19]
  Unproven $equiv $auto$equiv_make.cc:294:find_same_wires$5560: \u_core.u_mmio.r_clamp_max_gold [5] \u_core.u_mmio.r_clamp_max_gate [5]
  Unproven $equiv $auto$equiv_make.cc:294:find_same_wires$5170: \u_core.u_mmio.r_timestamp_gold [12] \u_core.u_mmio.r_timestamp_gate [12]
  Unproven $equiv $auto$equiv_make.cc:294:find_same_wires$4422: \u_core.u_fsm.model_req_desc_r_gold [15] \u_core.u_fsm._065__gate [15]
  Unproven $equiv $auto$equiv_make.cc:294:find_same_wires$5698: \rx_active_gold [34] \rx_active_gate [34]
  Unproven $equiv $auto$equiv_make.cc:294:find_same_wires$5168: \u_core.u_mmio.r_timestamp_gold [10] \u_core.u_mmio.r_timestamp_gate [10]
  Unproven $equiv $auto$equiv_make.cc:294:find_same_wires$4752: \rx_active_gold [4] \rx_active_gate [4]
  Unproven $equiv $auto$equiv_make.cc:294:find_same_wires$4421: \u_core.u_fsm.model_req_desc_r_gold [14] \u_core.u_fsm._065__gate [14]
  Unproven $equiv $auto$equiv_make.cc:294:find_same_wires$4341: \u_core.u_fsm.irq_pulse_r_gold \u_core.u_fsm.irq_pulse_r_gate
  Unproven $equiv $auto$equiv_make.cc:294:find_same_wires$5166: \u_core.u_mmio.r_timestamp_gold [8] \u_core.u_mmio.r_timestamp_gate [8]
  Unproven $equiv $auto$equiv_make.cc:294:find_same_wires$5002: \u_core.u_mmio.r_clamp_min_gold [11] \u_core.u_mmio.r_clamp_min_gate [11]
  Unproven $equiv $auto$equiv_make.cc:294:find_same_wires$4420: \u_core.u_fsm.model_req_desc_r_gold [13] \u_core.u_fsm._065__gate [13]
  Unproven $equiv $auto$equiv_make.cc:294:find_same_wires$5164: \u_core.u_mmio.r_timestamp_gold [6] \u_core.u_mmio.r_timestamp_gate [6]
  Unproven $equiv $auto$equiv_make.cc:294:find_same_wires$5577: \u_core.u_mmio.r_clamp_min_gold [6] \u_core.u_mmio.r_clamp_min_gate [6]
  Unproven $equiv $auto$equiv_make.cc:294:find_same_wires$5575: \u_core.u_mmio.r_clamp_min_gold [4] \u_core.u_mmio.r_clamp_min_gate [4]
  Unproven $equiv $auto$equiv_make.cc:294:find_same_wires$5404: \u_core.u_mmio.wb_dat_o_r_gold [17] \u_core.u_mmio.wb_dat_o_r_gate [17]
  Unproven $equiv $auto$equiv_make.cc:294:find_same_wires$5573: \u_core.u_mmio.r_clamp_min_gold [2] \u_core.u_mmio.r_clamp_min_gate [2]
  Unproven $equiv $auto$equiv_make.cc:294:find_same_wires$4219: \u_core.u_mmio.r_oper_en_min_gold [11] \u_core.u_mmio.r_oper_en_min_gate [11]
  Unproven $equiv $auto$equiv_make.cc:294:find_same_wires$5571: \u_core.u_mmio.r_clamp_min_gold [0] \u_core.u_mmio.r_clamp_min_gate [0]
  Unproven $equiv $auto$equiv_make.cc:294:find_same_wires$4522: \rx_active_gold [116] \rx_active_gate [116]
  Unproven $equiv $auto$equiv_make.cc:294:find_same_wires$4521: \rx_active_gold [115] \rx_active_gate [115]
  Unproven $equiv $auto$equiv_make.cc:294:find_same_wires$4520: \rx_active_gold [114] \rx_active_gate [114]
  Unproven $equiv $auto$equiv_make.cc:294:find_same_wires$4519: \rx_active_gold [113] \rx_active_gate [113]
  Unproven $equiv $auto$equiv_make.cc:294:find_same_wires$5402: \u_core.u_mmio.wb_dat_o_r_gold [15] \u_core.u_mmio.wb_dat_o_r_gate [15]
  Unproven $equiv $auto$equiv_make.cc:294:find_same_wires$4518: \rx_active_gold [112] \rx_active_gate [112]
  Unproven $equiv $auto$equiv_make.cc:294:find_same_wires$4517: \rx_active_gold [111] \rx_active_gate [111]
  Unproven $equiv $auto$equiv_make.cc:294:find_same_wires$4516: \rx_active_gold [110] \rx_active_gate [110]
  Unproven $equiv $auto$equiv_make.cc:294:find_same_wires$5736: \u_core.u_mmio.wb_dat_o_r_gold [8] \u_core.u_mmio.wb_dat_o_r_gate [8]
  Unproven $equiv $auto$equiv_make.cc:294:find_same_wires$3692: \u_core.u_mmio.r_flow_handle_gold [14] \u_core.u_mmio.r_flow_handle_gate [14]
  Unproven $equiv $auto$equiv_make.cc:294:find_same_wires$5732: \u_core.u_mmio.wb_dat_o_r_gold [4] \u_core.u_mmio.wb_dat_o_r_gate [4]
  Unproven $equiv $auto$equiv_make.cc:294:find_same_wires$3690: \u_core.u_mmio.r_flow_handle_gold [12] \u_core.u_mmio.r_flow_handle_gate [12]
  Unproven $equiv $auto$equiv_make.cc:294:find_same_wires$5728: \u_core.u_mmio.wb_dat_o_r_gold [0] \u_core.u_mmio.wb_dat_o_r_gate [0]
  Unproven $equiv $auto$equiv_make.cc:294:find_same_wires$3688: \u_core.u_mmio.r_flow_handle_gold [10] \u_core.u_mmio.r_flow_handle_gate [10]
  Unproven $equiv $auto$equiv_make.cc:294:find_same_wires$4438: \u_core.u_fsm.model_req_desc_r_gold [31] \u_core.u_fsm._065__gate [31]
  Unproven $equiv $auto$equiv_make.cc:294:find_same_wires$3686: \u_core.u_mmio.r_flow_handle_gold [8] \u_core.u_mmio.r_flow_handle_gate [8]
  Unproven $equiv $auto$equiv_make.cc:294:find_same_wires$4233: \u_core.u_mmio.r_status_flags_gold [0] \u_core.u_mmio.r_status_flags_gate [0]
  Unproven $equiv $auto$equiv_make.cc:294:find_same_wires$5558: \u_core.u_mmio.r_clamp_max_gold [3] \u_core.u_mmio.r_clamp_max_gate [3]
  Unproven $equiv $auto$equiv_make.cc:294:find_same_wires$5400: \u_core.u_mmio.wb_dat_o_r_gold [13] \u_core.u_mmio.wb_dat_o_r_gate [13]
  Unproven $equiv $auto$equiv_make.cc:294:find_same_wires$5564: \u_core.u_mmio.r_clamp_max_gold [9] \u_core.u_mmio.r_clamp_max_gate [9]
  Unproven $equiv $auto$equiv_make.cc:294:find_same_wires$5187: \u_core.u_mmio.r_timestamp_gold [29] \u_core.u_mmio.r_timestamp_gate [29]
  Unproven $equiv $auto$equiv_make.cc:294:find_same_wires$4710: \u_core.u_mmio.r_timestamp_gold [25] \u_core.u_mmio.r_timestamp_gate [25]
  Unproven $equiv $auto$equiv_make.cc:294:find_same_wires$4514: \rx_active_gold [108] \rx_active_gate [108]
  Unproven $equiv $auto$equiv_make.cc:294:find_same_wires$4512: \rx_active_gold [106] \rx_active_gate [106]
  Unproven $equiv $auto$equiv_make.cc:294:find_same_wires$5721: \rx_active_gold [57] \rx_active_gate [57]
  Unproven $equiv $auto$equiv_make.cc:294:find_same_wires$5719: \rx_active_gold [55] \rx_active_gate [55]
  Unproven $equiv $auto$equiv_make.cc:294:find_same_wires$5717: \rx_active_gold [53] \rx_active_gate [53]
  Unproven $equiv $auto$equiv_make.cc:294:find_same_wires$5715: \rx_active_gold [51] \rx_active_gate [51]
  Unproven $equiv $auto$equiv_make.cc:294:find_same_wires$5713: \rx_active_gold [49] \rx_active_gate [49]
  Unproven $equiv $auto$equiv_make.cc:294:find_same_wires$5711: \rx_active_gold [47] \rx_active_gate [47]
  Unproven $equiv $auto$equiv_make.cc:294:find_same_wires$5709: \rx_active_gold [45] \rx_active_gate [45]
  Unproven $equiv $auto$equiv_make.cc:294:find_same_wires$5707: \rx_active_gold [43] \rx_active_gate [43]
  Unproven $equiv $auto$equiv_make.cc:294:find_same_wires$5705: \rx_active_gold [41] \rx_active_gate [41]
  Unproven $equiv $auto$equiv_make.cc:294:find_same_wires$5703: \rx_active_gold [39] \rx_active_gate [39]
  Unproven $equiv $auto$equiv_make.cc:294:find_same_wires$5701: \rx_active_gold [37] \rx_active_gate [37]
  Unproven $equiv $auto$equiv_make.cc:294:find_same_wires$5699: \rx_active_gold [35] \rx_active_gate [35]
  Unproven $equiv $auto$equiv_make.cc:294:find_same_wires$5697: \rx_active_gold [33] \rx_active_gate [33]
  Unproven $equiv $auto$equiv_make.cc:294:find_same_wires$5695: \rx_active_gold [66] \rx_active_gate [66]
  Unproven $equiv $auto$equiv_make.cc:294:find_same_wires$5693: \rx_active_gold [30] \rx_active_gate [30]
  Unproven $equiv $auto$equiv_make.cc:294:find_same_wires$5691: \rx_active_gold [28] \rx_active_gate [28]
  Unproven $equiv $auto$equiv_make.cc:294:find_same_wires$4510: \rx_active_gold [104] \rx_active_gate [104]
  Unproven $equiv $auto$equiv_make.cc:294:find_same_wires$4508: \rx_active_gold [102] \rx_active_gate [102]
  Unproven $equiv $auto$equiv_make.cc:294:find_same_wires$4506: \rx_active_gold [100] \rx_active_gate [100]
  Unproven $equiv $auto$equiv_make.cc:294:find_same_wires$4504: \rx_active_gold [98] \rx_active_gate [98]
  Unproven $equiv $auto$equiv_make.cc:294:find_same_wires$3657: \u_core.u_mmio.r_clamp_min_gold [15] \u_core.u_mmio.r_clamp_min_gate [15]
  Unproven $equiv $auto$equiv_make.cc:294:find_same_wires$4164: \u_core.u_mmio.r_flow_handle_gold [5] \u_core.u_mmio.r_flow_handle_gate [5]
  Unproven $equiv $auto$equiv_make.cc:294:find_same_wires$3655: \u_core.u_mmio.r_clamp_min_gold [13] \u_core.u_mmio.r_clamp_min_gate [13]
  Unproven $equiv $auto$equiv_make.cc:294:find_same_wires$4163: \u_core.u_mmio.r_flow_handle_gold [4] \u_core.u_mmio.r_flow_handle_gate [4]
  Unproven $equiv $auto$equiv_make.cc:294:find_same_wires$4162: \u_core.u_mmio.r_flow_handle_gold [3] \u_core.u_mmio.r_flow_handle_gate [3]
  Unproven $equiv $auto$equiv_make.cc:294:find_same_wires$4161: \u_core.u_mmio.r_flow_handle_gold [2] \u_core.u_mmio.r_flow_handle_gate [2]
  Unproven $equiv $auto$equiv_make.cc:294:find_same_wires$3651: \u_core.u_mmio.r_clamp_min_gold [9] \u_core.u_mmio.r_clamp_min_gate [9]
  Unproven $equiv $auto$equiv_make.cc:294:find_same_wires$4160: \u_core.u_mmio.r_flow_handle_gold [1] \u_core.u_mmio.r_flow_handle_gate [1]
  Unproven $equiv $auto$equiv_make.cc:294:find_same_wires$4159: \u_core.u_mmio.r_flow_handle_gold [0] \u_core.u_mmio.r_flow_handle_gate [0]
  Unproven $equiv $auto$equiv_make.cc:294:find_same_wires$4158: \u_core.u_mmio.r_command_mode_gold [3] \u_core.u_mmio.r_command_mode_gate [3]
  Unproven $equiv $auto$equiv_make.cc:294:find_same_wires$4157: \u_core.u_mmio.r_command_mode_gold [2] \u_core.u_mmio.r_command_mode_gate [2]
  Unproven $equiv $auto$equiv_make.cc:294:find_same_wires$4156: \u_core.u_mmio.r_command_mode_gold [1] \u_core.u_mmio.r_command_mode_gate [1]
  Unproven $equiv $auto$equiv_make.cc:294:find_same_wires$4155: \u_core.u_mmio.r_command_mode_gold [0] \u_core.u_mmio.r_command_mode_gate [0]
  Unproven $equiv $auto$equiv_make.cc:294:find_same_wires$4154: \u_core.u_mmio.r_allow_multi_outstanding_gold \u_core.u_mmio.r_allow_multi_outstanding_gate
  Unproven $equiv $auto$equiv_make.cc:294:find_same_wires$5622: \u_core.u_fsm.envelope_violation_r_gold \u_core.u_fsm.envelope_violation_r_gate
  Unproven $equiv $auto$equiv_make.cc:294:find_same_wires$4153: \u_core.u_fsm.age_counter_r_gold [31] \u_core.u_fsm.age_counter_r_gate [31]
  Unproven $equiv $auto$equiv_make.cc:294:find_same_wires$4152: \u_core.u_fsm.age_counter_r_gold [30] \u_core.u_fsm.age_counter_r_gate [30]
  Unproven $equiv $auto$equiv_make.cc:294:find_same_wires$4151: \u_core.u_fsm.age_counter_r_gold [29] \u_core.u_fsm.age_counter_r_gate [29]
  Unproven $equiv $auto$equiv_make.cc:294:find_same_wires$4150: \u_core.u_fsm.age_counter_r_gold [28] \u_core.u_fsm.age_counter_r_gate [28]
  Unproven $equiv $auto$equiv_make.cc:294:find_same_wires$4149: \u_core.u_fsm.age_counter_r_gold [27] \u_core.u_fsm.age_counter_r_gate [27]
  Unproven $equiv $auto$equiv_make.cc:294:find_same_wires$3637: \u_core.u_mmio.r_clamp_max_gold [11] \u_core.u_mmio.r_clamp_max_gate [11]
  Unproven $equiv $auto$equiv_make.cc:294:find_same_wires$4148: \u_core.u_fsm.age_counter_r_gold [26] \u_core.u_fsm.age_counter_r_gate [26]
  Unproven $equiv $auto$equiv_make.cc:294:find_same_wires$4328: \u_core.u_fsm.fault_summary_r_gold [3] \u_core.u_fsm._060__gate [2]
  Unproven $equiv $auto$equiv_make.cc:294:find_same_wires$3634: \u_core.u_mmio.r_clamp_max_gold [8] \u_core.u_mmio.r_clamp_max_gate [8]
  Unproven $equiv $auto$equiv_make.cc:294:find_same_wires$5688: \rx_active_gold [25] \rx_active_gate [25]
  Unproven $equiv $auto$equiv_make.cc:294:find_same_wires$4147: \u_core.u_fsm.age_counter_r_gold [25] \u_core.u_fsm.age_counter_r_gate [25]
  Unproven $equiv $auto$equiv_make.cc:294:find_same_wires$5565: \u_core.u_mmio.r_clamp_max_gold [10] \u_core.u_mmio.r_clamp_max_gate [10]
  Unproven $equiv $auto$equiv_make.cc:294:find_same_wires$3630: \u_core.u_mmio.r_clamp_max_gold [4] \u_core.u_mmio.r_clamp_max_gate [4]
  Unproven $equiv $auto$equiv_make.cc:294:find_same_wires$4640: \u_core.u_fsm.pending_r_gold \u_core.u_fsm.pending_r_gate
  Unproven $equiv $auto$equiv_make.cc:294:find_same_wires$4146: \u_core.u_fsm.age_counter_r_gold [24] \u_core.u_fsm.age_counter_r_gate [24]
  Unproven $equiv $auto$equiv_make.cc:294:find_same_wires$3627: \u_core.u_mmio.r_clamp_max_gold [1] \u_core.u_mmio.r_clamp_max_gate [1]
  Unproven $equiv $auto$equiv_make.cc:294:find_same_wires$3626: \u_core.u_mmio.r_clamp_max_gold [0] \u_core.u_mmio.r_clamp_max_gate [0]
  Unproven $equiv $auto$equiv_make.cc:294:find_same_wires$4503: \rx_active_gold [97] \rx_active_gate [97]
  Unproven $equiv $auto$equiv_make.cc:294:find_same_wires$3624: \u_core.u_safety.actuator_cmd_valid_r_gold \u_core.u_safety.actuator_cmd_valid_r_gate
  Unproven $equiv $auto$equiv_make.cc:294:find_same_wires$3623: \u_core.u_safety.actuator_cmd_r_gold [15] \u_core.u_safety.actuator_cmd_r_gate [15]
  Unproven $equiv $auto$equiv_make.cc:294:find_same_wires$4145: \u_core.u_fsm.age_counter_r_gold [23] \u_core.u_fsm.age_counter_r_gate [23]
  Unproven $equiv $auto$equiv_make.cc:294:find_same_wires$3621: \u_core.u_safety.actuator_cmd_r_gold [13] \u_core.u_safety.actuator_cmd_r_gate [13]
  Unproven $equiv $auto$equiv_make.cc:294:find_same_wires$4144: \u_core.u_fsm.age_counter_r_gold [22] \u_core.u_fsm.age_counter_r_gate [22]
  Unproven $equiv $auto$equiv_make.cc:294:find_same_wires$4143: \u_core.u_fsm.age_counter_r_gold [21] \u_core.u_fsm.age_counter_r_gate [21]
  Unproven $equiv $auto$equiv_make.cc:294:find_same_wires$4142: \u_core.u_fsm.age_counter_r_gold [20] \u_core.u_fsm.age_counter_r_gate [20]
  Unproven $equiv $auto$equiv_make.cc:294:find_same_wires$3617: \u_core.u_safety.actuator_cmd_r_gold [9] \u_core.u_safety.actuator_cmd_r_gate [9]
  Unproven $equiv $auto$equiv_make.cc:294:find_same_wires$4141: \u_core.u_fsm.age_counter_r_gold [19] \u_core.u_fsm.age_counter_r_gate [19]
  Unproven $equiv $auto$equiv_make.cc:294:find_same_wires$4140: \u_core.u_fsm.age_counter_r_gold [18] \u_core.u_fsm.age_counter_r_gate [18]
  Unproven $equiv $auto$equiv_make.cc:294:find_same_wires$4139: \u_core.u_fsm.age_counter_r_gold [17] \u_core.u_fsm.age_counter_r_gate [17]
  Unproven $equiv $auto$equiv_make.cc:294:find_same_wires$3613: \u_core.u_safety.actuator_cmd_r_gold [5] \u_core.u_safety.actuator_cmd_r_gate [5]
  Unproven $equiv $auto$equiv_make.cc:294:find_same_wires$4138: \u_core.u_fsm.age_counter_r_gold [16] \u_core.u_fsm.age_counter_r_gate [16]
  Unproven $equiv $auto$equiv_make.cc:294:find_same_wires$4137: \u_core.u_fsm.age_counter_r_gold [15] \u_core.u_fsm.age_counter_r_gate [15]
  Unproven $equiv $auto$equiv_make.cc:294:find_same_wires$4136: \u_core.u_fsm.age_counter_r_gold [14] \u_core.u_fsm.age_counter_r_gate [14]
  Unproven $equiv $auto$equiv_make.cc:294:find_same_wires$3609: \u_core.u_safety.actuator_cmd_r_gold [1] \u_core.u_safety.actuator_cmd_r_gate [1]
  Unproven $equiv $auto$equiv_make.cc:294:find_same_wires$4135: \u_core.u_fsm.age_counter_r_gold [13] \u_core.u_fsm.age_counter_r_gate [13]
  Unproven $equiv $auto$equiv_make.cc:294:find_same_wires$3607: \tx_snapshot_gold [118] \tx_snapshot_gate [118]
  Unproven $equiv $auto$equiv_make.cc:294:find_same_wires$3606: \tx_snapshot_gold [117] \tx_snapshot_gate [117]
  Unproven $equiv $auto$equiv_make.cc:294:find_same_wires$3605: \tx_snapshot_gold [116] \tx_snapshot_gate [116]
  Unproven $equiv $auto$equiv_make.cc:294:find_same_wires$3604: \tx_snapshot_gold [115] \tx_snapshot_gate [115]
  Unproven $equiv $auto$equiv_make.cc:294:find_same_wires$3603: \tx_snapshot_gold [114] \tx_snapshot_gate [114]
  Unproven $equiv $auto$equiv_make.cc:294:find_same_wires$3602: \tx_snapshot_gold [113] \tx_snapshot_gate [113]
  Unproven $equiv $auto$equiv_make.cc:294:find_same_wires$3601: \tx_snapshot_gold [112] \tx_snapshot_gate [112]
  Unproven $equiv $auto$equiv_make.cc:294:find_same_wires$3600: \tx_snapshot_gold [111] \tx_snapshot_gate [111]
  Unproven $equiv $auto$equiv_make.cc:294:find_same_wires$3599: \tx_snapshot_gold [110] \tx_snapshot_gate [110]
  Unproven $equiv $auto$equiv_make.cc:294:find_same_wires$3598: \tx_snapshot_gold [109] \tx_snapshot_gate [109]
  Unproven $equiv $auto$equiv_make.cc:294:find_same_wires$3597: \tx_snapshot_gold [108] \tx_snapshot_gate [108]
  Unproven $equiv $auto$equiv_make.cc:294:find_same_wires$3596: \tx_snapshot_gold [107] \tx_snapshot_gate [107]
  Unproven $equiv $auto$equiv_make.cc:294:find_same_wires$3595: \tx_snapshot_gold [106] \tx_snapshot_gate [106]
  Unproven $equiv $auto$equiv_make.cc:294:find_same_wires$3594: \tx_snapshot_gold [105] \tx_snapshot_gate [105]
  Unproven $equiv $auto$equiv_make.cc:294:find_same_wires$3593: \tx_snapshot_gold [104] \tx_snapshot_gate [104]
  Unproven $equiv $auto$equiv_make.cc:294:find_same_wires$3592: \tx_snapshot_gold [103] \tx_snapshot_gate [103]
  Unproven $equiv $auto$equiv_make.cc:294:find_same_wires$3591: \tx_snapshot_gold [102] \tx_snapshot_gate [102]
  Unproven $equiv $auto$equiv_make.cc:294:find_same_wires$3590: \tx_snapshot_gold [101] \tx_snapshot_gate [101]
  Unproven $equiv $auto$equiv_make.cc:294:find_same_wires$3589: \tx_snapshot_gold [100] \tx_snapshot_gate [100]
  Unproven $equiv $auto$equiv_make.cc:294:find_same_wires$3588: \tx_snapshot_gold [99] \tx_snapshot_gate [99]
  Unproven $equiv $auto$equiv_make.cc:294:find_same_wires$3587: \tx_snapshot_gold [98] \tx_snapshot_gate [98]
  Unproven $equiv $auto$equiv_make.cc:294:find_same_wires$3586: \tx_snapshot_gold [97] \tx_snapshot_gate [97]
  Unproven $equiv $auto$equiv_make.cc:294:find_same_wires$3585: \tx_snapshot_gold [96] \tx_snapshot_gate [96]
  Unproven $equiv $auto$equiv_make.cc:294:find_same_wires$3584: \tx_snapshot_gold [95] \tx_snapshot_gate [95]
  Unproven $equiv $auto$equiv_make.cc:294:find_same_wires$3583: \tx_snapshot_gold [94] \tx_snapshot_gate [94]
  Unproven $equiv $auto$equiv_make.cc:294:find_same_wires$3582: \tx_snapshot_gold [93] \tx_snapshot_gate [93]
  Unproven $equiv $auto$equiv_make.cc:294:find_same_wires$3581: \tx_snapshot_gold [92] \tx_snapshot_gate [92]
  Unproven $equiv $auto$equiv_make.cc:294:find_same_wires$3580: \tx_snapshot_gold [91] \tx_snapshot_gate [91]
  Unproven $equiv $auto$equiv_make.cc:294:find_same_wires$3579: \tx_snapshot_gold [90] \tx_snapshot_gate [90]
  Unproven $equiv $auto$equiv_make.cc:294:find_same_wires$3578: \tx_snapshot_gold [89] \tx_snapshot_gate [89]
  Unproven $equiv $auto$equiv_make.cc:294:find_same_wires$3577: \tx_snapshot_gold [88] \tx_snapshot_gate [88]
  Unproven $equiv $auto$equiv_make.cc:294:find_same_wires$3576: \tx_snapshot_gold [87] \tx_snapshot_gate [87]
  Unproven $equiv $auto$equiv_make.cc:294:find_same_wires$3575: \tx_snapshot_gold [86] \tx_snapshot_gate [86]
  Unproven $equiv $auto$equiv_make.cc:294:find_same_wires$3574: \tx_snapshot_gold [85] \tx_snapshot_gate [85]
  Unproven $equiv $auto$equiv_make.cc:294:find_same_wires$3573: \tx_snapshot_gold [84] \tx_snapshot_gate [84]
  Unproven $equiv $auto$equiv_make.cc:294:find_same_wires$3572: \tx_snapshot_gold [83] \tx_snapshot_gate [83]
  Unproven $equiv $auto$equiv_make.cc:294:find_same_wires$3571: \tx_snapshot_gold [82] \tx_snapshot_gate [82]
  Unproven $equiv $auto$equiv_make.cc:294:find_same_wires$3570: \tx_snapshot_gold [81] \tx_snapshot_gate [81]
  Unproven $equiv $auto$equiv_make.cc:294:find_same_wires$3569: \tx_snapshot_gold [80] \tx_snapshot_gate [80]
  Unproven $equiv $auto$equiv_make.cc:294:find_same_wires$3568: \tx_snapshot_gold [79] \tx_snapshot_gate [79]
  Unproven $equiv $auto$equiv_make.cc:294:find_same_wires$3567: \tx_snapshot_gold [78] \tx_snapshot_gate [78]
  Unproven $equiv $auto$equiv_make.cc:294:find_same_wires$3566: \tx_snapshot_gold [77] \tx_snapshot_gate [77]
  Unproven $equiv $auto$equiv_make.cc:294:find_same_wires$3565: \tx_snapshot_gold [76] \tx_snapshot_gate [76]
  Unproven $equiv $auto$equiv_make.cc:294:find_same_wires$3564: \tx_snapshot_gold [75] \tx_snapshot_gate [75]
  Unproven $equiv $auto$equiv_make.cc:294:find_same_wires$3563: \tx_snapshot_gold [74] \tx_snapshot_gate [74]
  Unproven $equiv $auto$equiv_make.cc:294:find_same_wires$3562: \tx_snapshot_gold [73] \tx_snapshot_gate [73]
  Unproven $equiv $auto$equiv_make.cc:294:find_same_wires$3561: \tx_snapshot_gold [72] \tx_snapshot_gate [72]
  Unproven $equiv $auto$equiv_make.cc:294:find_same_wires$3560: \tx_snapshot_gold [71] \tx_snapshot_gate [71]
  Unproven $equiv $auto$equiv_make.cc:294:find_same_wires$3559: \tx_snapshot_gold [70] \tx_snapshot_gate [70]
  Unproven $equiv $auto$equiv_make.cc:294:find_same_wires$3558: \tx_snapshot_gold [69] \tx_snapshot_gate [69]
  Unproven $equiv $auto$equiv_make.cc:294:find_same_wires$3557: \tx_snapshot_gold [68] \tx_snapshot_gate [68]
  Unproven $equiv $auto$equiv_make.cc:294:find_same_wires$3556: \tx_snapshot_gold [67] \tx_snapshot_gate [67]
  Unproven $equiv $auto$equiv_make.cc:294:find_same_wires$3555: \tx_snapshot_gold [66] \tx_snapshot_gate [66]
  Unproven $equiv $auto$equiv_make.cc:294:find_same_wires$3554: \tx_snapshot_gold [65] \tx_snapshot_gate [65]
  Unproven $equiv $auto$equiv_make.cc:294:find_same_wires$3553: \tx_snapshot_gold [64] \tx_snapshot_gate [64]
  Unproven $equiv $auto$equiv_make.cc:294:find_same_wires$3552: \tx_snapshot_gold [63] \tx_snapshot_gate [63]
  Unproven $equiv $auto$equiv_make.cc:294:find_same_wires$3551: \tx_snapshot_gold [62] \tx_snapshot_gate [62]
  Unproven $equiv $auto$equiv_make.cc:294:find_same_wires$3550: \tx_snapshot_gold [61] \tx_snapshot_gate [61]
  Unproven $equiv $auto$equiv_make.cc:294:find_same_wires$3549: \tx_snapshot_gold [60] \tx_snapshot_gate [60]
  Unproven $equiv $auto$equiv_make.cc:294:find_same_wires$3548: \tx_snapshot_gold [59] \tx_snapshot_gate [59]
  Unproven $equiv $auto$equiv_make.cc:294:find_same_wires$3547: \tx_snapshot_gold [58] \tx_snapshot_gate [58]
  Unproven $equiv $auto$equiv_make.cc:294:find_same_wires$3546: \tx_snapshot_gold [57] \tx_snapshot_gate [57]
  Unproven $equiv $auto$equiv_make.cc:294:find_same_wires$3545: \tx_snapshot_gold [56] \tx_snapshot_gate [56]
  Unproven $equiv $auto$equiv_make.cc:294:find_same_wires$3544: \tx_snapshot_gold [55] \tx_snapshot_gate [55]
  Unproven $equiv $auto$equiv_make.cc:294:find_same_wires$3543: \tx_snapshot_gold [54] \tx_snapshot_gate [54]
  Unproven $equiv $auto$equiv_make.cc:294:find_same_wires$3542: \tx_snapshot_gold [53] \tx_snapshot_gate [53]
  Unproven $equiv $auto$equiv_make.cc:294:find_same_wires$3541: \tx_snapshot_gold [52] \tx_snapshot_gate [52]
  Unproven $equiv $auto$equiv_make.cc:294:find_same_wires$3540: \tx_snapshot_gold [51] \tx_snapshot_gate [51]
  Unproven $equiv $auto$equiv_make.cc:294:find_same_wires$3539: \tx_snapshot_gold [50] \tx_snapshot_gate [50]
  Unproven $equiv $auto$equiv_make.cc:294:find_same_wires$3538: \tx_snapshot_gold [49] \tx_snapshot_gate [49]
  Unproven $equiv $auto$equiv_make.cc:294:find_same_wires$3537: \tx_snapshot_gold [48] \tx_snapshot_gate [48]
  Unproven $equiv $auto$equiv_make.cc:294:find_same_wires$3536: \tx_snapshot_gold [47] \tx_snapshot_gate [47]
  Unproven $equiv $auto$equiv_make.cc:294:find_same_wires$3535: \tx_snapshot_gold [46] \tx_snapshot_gate [46]
  Unproven $equiv $auto$equiv_make.cc:294:find_same_wires$3534: \tx_snapshot_gold [45] \tx_snapshot_gate [45]
  Unproven $equiv $auto$equiv_make.cc:294:find_same_wires$3533: \tx_snapshot_gold [44] \tx_snapshot_gate [44]
  Unproven $equiv $auto$equiv_make.cc:294:find_same_wires$3532: \tx_snapshot_gold [43] \tx_snapshot_gate [43]
  Unproven $equiv $auto$equiv_make.cc:294:find_same_wires$3531: \tx_snapshot_gold [42] \tx_snapshot_gate [42]
  Unproven $equiv $auto$equiv_make.cc:294:find_same_wires$3530: \tx_snapshot_gold [41] \tx_snapshot_gate [41]
  Unproven $equiv $auto$equiv_make.cc:294:find_same_wires$3529: \tx_snapshot_gold [40] \tx_snapshot_gate [40]
  Unproven $equiv $auto$equiv_make.cc:294:find_same_wires$3528: \tx_snapshot_gold [39] \tx_snapshot_gate [39]
  Unproven $equiv $auto$equiv_make.cc:294:find_same_wires$3527: \tx_snapshot_gold [38] \tx_snapshot_gate [38]
  Unproven $equiv $auto$equiv_make.cc:294:find_same_wires$3526: \tx_snapshot_gold [37] \tx_snapshot_gate [37]
  Unproven $equiv $auto$equiv_make.cc:294:find_same_wires$3525: \tx_snapshot_gold [36] \tx_snapshot_gate [36]
  Unproven $equiv $auto$equiv_make.cc:294:find_same_wires$3524: \tx_snapshot_gold [35] \tx_snapshot_gate [35]
  Unproven $equiv $auto$equiv_make.cc:294:find_same_wires$3523: \tx_snapshot_gold [34] \tx_snapshot_gate [34]
  Unproven $equiv $auto$equiv_make.cc:294:find_same_wires$3522: \tx_snapshot_gold [33] \tx_snapshot_gate [33]
  Unproven $equiv $auto$equiv_make.cc:294:find_same_wires$3521: \tx_snapshot_gold [32] \tx_snapshot_gate [32]
  Unproven $equiv $auto$equiv_make.cc:294:find_same_wires$3520: \tx_snapshot_gold [31] \tx_snapshot_gate [31]
  Unproven $equiv $auto$equiv_make.cc:294:find_same_wires$3519: \tx_snapshot_gold [30] \tx_snapshot_gate [30]
  Unproven $equiv $auto$equiv_make.cc:294:find_same_wires$3518: \tx_snapshot_gold [29] \tx_snapshot_gate [29]
  Unproven $equiv $auto$equiv_make.cc:294:find_same_wires$3517: \tx_snapshot_gold [28] \tx_snapshot_gate [28]
  Unproven $equiv $auto$equiv_make.cc:294:find_same_wires$3516: \tx_snapshot_gold [27] \tx_snapshot_gate [27]
  Unproven $equiv $auto$equiv_make.cc:294:find_same_wires$3515: \tx_snapshot_gold [26] \tx_snapshot_gate [26]
  Unproven $equiv $auto$equiv_make.cc:294:find_same_wires$3514: \tx_snapshot_gold [25] \tx_snapshot_gate [25]
  Unproven $equiv $auto$equiv_make.cc:294:find_same_wires$3513: \tx_snapshot_gold [24] \tx_snapshot_gate [24]
  Unproven $equiv $auto$equiv_make.cc:294:find_same_wires$3512: \tx_snapshot_gold [23] \tx_snapshot_gate [23]
  Unproven $equiv $auto$equiv_make.cc:294:find_same_wires$3511: \tx_snapshot_gold [22] \tx_snapshot_gate [22]
  Unproven $equiv $auto$equiv_make.cc:294:find_same_wires$3510: \tx_snapshot_gold [21] \tx_snapshot_gate [21]
  Unproven $equiv $auto$equiv_make.cc:294:find_same_wires$3509: \tx_snapshot_gold [20] \tx_snapshot_gate [20]
  Unproven $equiv $auto$equiv_make.cc:294:find_same_wires$3508: \tx_snapshot_gold [19] \tx_snapshot_gate [19]
  Unproven $equiv $auto$equiv_make.cc:294:find_same_wires$3507: \tx_snapshot_gold [18] \tx_snapshot_gate [18]
  Unproven $equiv $auto$equiv_make.cc:294:find_same_wires$3506: \tx_snapshot_gold [17] \tx_snapshot_gate [17]
  Unproven $equiv $auto$equiv_make.cc:294:find_same_wires$3505: \tx_snapshot_gold [16] \tx_snapshot_gate [16]
  Unproven $equiv $auto$equiv_make.cc:294:find_same_wires$3504: \tx_snapshot_gold [15] \tx_snapshot_gate [15]
  Unproven $equiv $auto$equiv_make.cc:294:find_same_wires$3503: \tx_snapshot_gold [14] \tx_snapshot_gate [14]
  Unproven $equiv $auto$equiv_make.cc:294:find_same_wires$3502: \tx_snapshot_gold [13] \tx_snapshot_gate [13]
  Unproven $equiv $auto$equiv_make.cc:294:find_same_wires$3501: \tx_snapshot_gold [12] \tx_snapshot_gate [12]
  Unproven $equiv $auto$equiv_make.cc:294:find_same_wires$3500: \tx_snapshot_gold [11] \tx_snapshot_gate [11]
  Unproven $equiv $auto$equiv_make.cc:294:find_same_wires$3499: \tx_snapshot_gold [10] \tx_snapshot_gate [10]
  Unproven $equiv $auto$equiv_make.cc:294:find_same_wires$3498: \tx_snapshot_gold [9] \tx_snapshot_gate [9]
  Unproven $equiv $auto$equiv_make.cc:294:find_same_wires$3497: \tx_snapshot_gold [8] \tx_snapshot_gate [8]
  Unproven $equiv $auto$equiv_make.cc:294:find_same_wires$3496: \tx_snapshot_gold [7] \tx_snapshot_gate [7]
  Unproven $equiv $auto$equiv_make.cc:294:find_same_wires$3495: \tx_snapshot_gold [6] \tx_snapshot_gate [6]
  Unproven $equiv $auto$equiv_make.cc:294:find_same_wires$3494: \tx_snapshot_gold [5] \tx_snapshot_gate [5]
  Unproven $equiv $auto$equiv_make.cc:294:find_same_wires$3493: \tx_snapshot_gold [4] \tx_snapshot_gate [4]
  Unproven $equiv $auto$equiv_make.cc:294:find_same_wires$3492: \tx_snapshot_gold [3] \tx_snapshot_gate [3]
  Unproven $equiv $auto$equiv_make.cc:294:find_same_wires$3491: \tx_snapshot_gold [2] \tx_snapshot_gate [2]
  Unproven $equiv $auto$equiv_make.cc:294:find_same_wires$3490: \tx_snapshot_gold [1] \tx_snapshot_gate [1]
  Unproven $equiv $auto$equiv_make.cc:294:find_same_wires$3489: \tx_snapshot_gold [0] \tx_snapshot_gate [0]
  Unproven $equiv $auto$equiv_make.cc:294:find_same_wires$3488: \tx_shift_gold [118] \tx_shift_gate [118]
  Unproven $equiv $auto$equiv_make.cc:294:find_same_wires$3487: \tx_shift_gold [117] \tx_shift_gate [117]
  Unproven $equiv $auto$equiv_make.cc:294:find_same_wires$3486: \tx_shift_gold [116] \tx_shift_gate [116]
  Unproven $equiv $auto$equiv_make.cc:294:find_same_wires$3485: \tx_shift_gold [115] \tx_shift_gate [115]
  Unproven $equiv $auto$equiv_make.cc:294:find_same_wires$3484: \tx_shift_gold [114] \tx_shift_gate [114]
  Unproven $equiv $auto$equiv_make.cc:294:find_same_wires$3483: \tx_shift_gold [113] \tx_shift_gate [113]
  Unproven $equiv $auto$equiv_make.cc:294:find_same_wires$3482: \tx_shift_gold [112] \tx_shift_gate [112]
  Unproven $equiv $auto$equiv_make.cc:294:find_same_wires$3481: \tx_shift_gold [111] \tx_shift_gate [111]
  Unproven $equiv $auto$equiv_make.cc:294:find_same_wires$3480: \tx_shift_gold [110] \tx_shift_gate [110]
  Unproven $equiv $auto$equiv_make.cc:294:find_same_wires$3479: \tx_shift_gold [109] \tx_shift_gate [109]
  Unproven $equiv $auto$equiv_make.cc:294:find_same_wires$3478: \tx_shift_gold [108] \tx_shift_gate [108]
  Unproven $equiv $auto$equiv_make.cc:294:find_same_wires$3477: \tx_shift_gold [107] \tx_shift_gate [107]
  Unproven $equiv $auto$equiv_make.cc:294:find_same_wires$3476: \tx_shift_gold [106] \tx_shift_gate [106]
  Unproven $equiv $auto$equiv_make.cc:294:find_same_wires$3475: \tx_shift_gold [105] \tx_shift_gate [105]
  Unproven $equiv $auto$equiv_make.cc:294:find_same_wires$3474: \tx_shift_gold [104] \tx_shift_gate [104]
  Unproven $equiv $auto$equiv_make.cc:294:find_same_wires$3473: \tx_shift_gold [103] \tx_shift_gate [103]
  Unproven $equiv $auto$equiv_make.cc:294:find_same_wires$3472: \tx_shift_gold [102] \tx_shift_gate [102]
  Unproven $equiv $auto$equiv_make.cc:294:find_same_wires$3471: \tx_shift_gold [101] \tx_shift_gate [101]
  Unproven $equiv $auto$equiv_make.cc:294:find_same_wires$3470: \tx_shift_gold [100] \tx_shift_gate [100]
  Unproven $equiv $auto$equiv_make.cc:294:find_same_wires$3469: \tx_shift_gold [99] \tx_shift_gate [99]
  Unproven $equiv $auto$equiv_make.cc:294:find_same_wires$3468: \tx_shift_gold [98] \tx_shift_gate [98]
  Unproven $equiv $auto$equiv_make.cc:294:find_same_wires$3467: \tx_shift_gold [97] \tx_shift_gate [97]
  Unproven $equiv $auto$equiv_make.cc:294:find_same_wires$3466: \tx_shift_gold [96] \tx_shift_gate [96]
  Unproven $equiv $auto$equiv_make.cc:294:find_same_wires$3465: \tx_shift_gold [95] \tx_shift_gate [95]
  Unproven $equiv $auto$equiv_make.cc:294:find_same_wires$3464: \tx_shift_gold [94] \tx_shift_gate [94]
  Unproven $equiv $auto$equiv_make.cc:294:find_same_wires$3463: \tx_shift_gold [93] \tx_shift_gate [93]
  Unproven $equiv $auto$equiv_make.cc:294:find_same_wires$3462: \tx_shift_gold [92] \tx_shift_gate [92]
  Unproven $equiv $auto$equiv_make.cc:294:find_same_wires$3461: \tx_shift_gold [91] \tx_shift_gate [91]
  Unproven $equiv $auto$equiv_make.cc:294:find_same_wires$3460: \tx_shift_gold [90] \tx_shift_gate [90]
  Unproven $equiv $auto$equiv_make.cc:294:find_same_wires$3459: \tx_shift_gold [89] \tx_shift_gate [89]
  Unproven $equiv $auto$equiv_make.cc:294:find_same_wires$3458: \tx_shift_gold [88] \tx_shift_gate [88]
  Unproven $equiv $auto$equiv_make.cc:294:find_same_wires$3457: \tx_shift_gold [87] \tx_shift_gate [87]
  Unproven $equiv $auto$equiv_make.cc:294:find_same_wires$3456: \tx_shift_gold [86] \tx_shift_gate [86]
  Unproven $equiv $auto$equiv_make.cc:294:find_same_wires$3455: \tx_shift_gold [85] \tx_shift_gate [85]
  Unproven $equiv $auto$equiv_make.cc:294:find_same_wires$3454: \tx_shift_gold [84] \tx_shift_gate [84]
  Unproven $equiv $auto$equiv_make.cc:294:find_same_wires$3453: \tx_shift_gold [83] \tx_shift_gate [83]
  Unproven $equiv $auto$equiv_make.cc:294:find_same_wires$3452: \tx_shift_gold [82] \tx_shift_gate [82]
  Unproven $equiv $auto$equiv_make.cc:294:find_same_wires$3451: \tx_shift_gold [81] \tx_shift_gate [81]
  Unproven $equiv $auto$equiv_make.cc:294:find_same_wires$3450: \tx_shift_gold [80] \tx_shift_gate [80]
  Unproven $equiv $auto$equiv_make.cc:294:find_same_wires$3449: \tx_shift_gold [79] \tx_shift_gate [79]
  Unproven $equiv $auto$equiv_make.cc:294:find_same_wires$3448: \tx_shift_gold [78] \tx_shift_gate [78]
  Unproven $equiv $auto$equiv_make.cc:294:find_same_wires$3447: \tx_shift_gold [77] \tx_shift_gate [77]
  Unproven $equiv $auto$equiv_make.cc:294:find_same_wires$3446: \tx_shift_gold [76] \tx_shift_gate [76]
  Unproven $equiv $auto$equiv_make.cc:294:find_same_wires$3445: \tx_shift_gold [75] \tx_shift_gate [75]
  Unproven $equiv $auto$equiv_make.cc:294:find_same_wires$3444: \tx_shift_gold [74] \tx_shift_gate [74]
  Unproven $equiv $auto$equiv_make.cc:294:find_same_wires$3443: \tx_shift_gold [73] \tx_shift_gate [73]
  Unproven $equiv $auto$equiv_make.cc:294:find_same_wires$3442: \tx_shift_gold [72] \tx_shift_gate [72]
  Unproven $equiv $auto$equiv_make.cc:294:find_same_wires$3441: \tx_shift_gold [71] \tx_shift_gate [71]
  Unproven $equiv $auto$equiv_make.cc:294:find_same_wires$3440: \tx_shift_gold [70] \tx_shift_gate [70]
  Unproven $equiv $auto$equiv_make.cc:294:find_same_wires$3439: \tx_shift_gold [69] \tx_shift_gate [69]
  Unproven $equiv $auto$equiv_make.cc:294:find_same_wires$3438: \tx_shift_gold [68] \tx_shift_gate [68]
  Unproven $equiv $auto$equiv_make.cc:294:find_same_wires$3437: \tx_shift_gold [67] \tx_shift_gate [67]
  Unproven $equiv $auto$equiv_make.cc:294:find_same_wires$3436: \tx_shift_gold [66] \tx_shift_gate [66]
  Unproven $equiv $auto$equiv_make.cc:294:find_same_wires$3435: \tx_shift_gold [65] \tx_shift_gate [65]
  Unproven $equiv $auto$equiv_make.cc:294:find_same_wires$3434: \tx_shift_gold [64] \tx_shift_gate [64]
  Unproven $equiv $auto$equiv_make.cc:294:find_same_wires$3433: \tx_shift_gold [63] \tx_shift_gate [63]
  Unproven $equiv $auto$equiv_make.cc:294:find_same_wires$3432: \tx_shift_gold [62] \tx_shift_gate [62]
  Unproven $equiv $auto$equiv_make.cc:294:find_same_wires$3431: \tx_shift_gold [61] \tx_shift_gate [61]
  Unproven $equiv $auto$equiv_make.cc:294:find_same_wires$3430: \tx_shift_gold [60] \tx_shift_gate [60]
  Unproven $equiv $auto$equiv_make.cc:294:find_same_wires$3429: \tx_shift_gold [59] \tx_shift_gate [59]
  Unproven $equiv $auto$equiv_make.cc:294:find_same_wires$3428: \tx_shift_gold [58] \tx_shift_gate [58]
  Unproven $equiv $auto$equiv_make.cc:294:find_same_wires$3427: \tx_shift_gold [57] \tx_shift_gate [57]
  Unproven $equiv $auto$equiv_make.cc:294:find_same_wires$3426: \tx_shift_gold [56] \tx_shift_gate [56]
  Unproven $equiv $auto$equiv_make.cc:294:find_same_wires$3425: \tx_shift_gold [55] \tx_shift_gate [55]
  Unproven $equiv $auto$equiv_make.cc:294:find_same_wires$3424: \tx_shift_gold [54] \tx_shift_gate [54]
  Unproven $equiv $auto$equiv_make.cc:294:find_same_wires$3423: \tx_shift_gold [53] \tx_shift_gate [53]
  Unproven $equiv $auto$equiv_make.cc:294:find_same_wires$3422: \tx_shift_gold [52] \tx_shift_gate [52]
  Unproven $equiv $auto$equiv_make.cc:294:find_same_wires$3421: \tx_shift_gold [51] \tx_shift_gate [51]
  Unproven $equiv $auto$equiv_make.cc:294:find_same_wires$3420: \tx_shift_gold [50] \tx_shift_gate [50]
  Unproven $equiv $auto$equiv_make.cc:294:find_same_wires$3419: \tx_shift_gold [49] \tx_shift_gate [49]
  Unproven $equiv $auto$equiv_make.cc:294:find_same_wires$3418: \tx_shift_gold [48] \tx_shift_gate [48]
  Unproven $equiv $auto$equiv_make.cc:294:find_same_wires$3417: \tx_shift_gold [47] \tx_shift_gate [47]
  Unproven $equiv $auto$equiv_make.cc:294:find_same_wires$3416: \tx_shift_gold [46] \tx_shift_gate [46]
  Unproven $equiv $auto$equiv_make.cc:294:find_same_wires$3415: \tx_shift_gold [45] \tx_shift_gate [45]
  Unproven $equiv $auto$equiv_make.cc:294:find_same_wires$3414: \tx_shift_gold [44] \tx_shift_gate [44]
  Unproven $equiv $auto$equiv_make.cc:294:find_same_wires$3413: \tx_shift_gold [43] \tx_shift_gate [43]
  Unproven $equiv $auto$equiv_make.cc:294:find_same_wires$3412: \tx_shift_gold [42] \tx_shift_gate [42]
  Unproven $equiv $auto$equiv_make.cc:294:find_same_wires$3411: \tx_shift_gold [41] \tx_shift_gate [41]
  Unproven $equiv $auto$equiv_make.cc:294:find_same_wires$3410: \tx_shift_gold [40] \tx_shift_gate [40]
  Unproven $equiv $auto$equiv_make.cc:294:find_same_wires$3409: \tx_shift_gold [39] \tx_shift_gate [39]
  Unproven $equiv $auto$equiv_make.cc:294:find_same_wires$3408: \tx_shift_gold [38] \tx_shift_gate [38]
  Unproven $equiv $auto$equiv_make.cc:294:find_same_wires$3407: \tx_shift_gold [37] \tx_shift_gate [37]
  Unproven $equiv $auto$equiv_make.cc:294:find_same_wires$3406: \tx_shift_gold [36] \tx_shift_gate [36]
  Unproven $equiv $auto$equiv_make.cc:294:find_same_wires$3405: \tx_shift_gold [35] \tx_shift_gate [35]
  Unproven $equiv $auto$equiv_make.cc:294:find_same_wires$3404: \tx_shift_gold [34] \tx_shift_gate [34]
  Unproven $equiv $auto$equiv_make.cc:294:find_same_wires$3403: \tx_shift_gold [33] \tx_shift_gate [33]
  Unproven $equiv $auto$equiv_make.cc:294:find_same_wires$3402: \tx_shift_gold [32] \tx_shift_gate [32]
  Unproven $equiv $auto$equiv_make.cc:294:find_same_wires$3401: \tx_shift_gold [31] \tx_shift_gate [31]
  Unproven $equiv $auto$equiv_make.cc:294:find_same_wires$3400: \tx_shift_gold [30] \tx_shift_gate [30]
  Unproven $equiv $auto$equiv_make.cc:294:find_same_wires$3399: \tx_shift_gold [29] \tx_shift_gate [29]
  Unproven $equiv $auto$equiv_make.cc:294:find_same_wires$3398: \tx_shift_gold [28] \tx_shift_gate [28]
  Unproven $equiv $auto$equiv_make.cc:294:find_same_wires$3397: \tx_shift_gold [27] \tx_shift_gate [27]
  Unproven $equiv $auto$equiv_make.cc:294:find_same_wires$3396: \tx_shift_gold [26] \tx_shift_gate [26]
  Unproven $equiv $auto$equiv_make.cc:294:find_same_wires$3395: \tx_shift_gold [25] \tx_shift_gate [25]
  Unproven $equiv $auto$equiv_make.cc:294:find_same_wires$3394: \tx_shift_gold [24] \tx_shift_gate [24]
  Unproven $equiv $auto$equiv_make.cc:294:find_same_wires$3393: \tx_shift_gold [23] \tx_shift_gate [23]
  Unproven $equiv $auto$equiv_make.cc:294:find_same_wires$3392: \tx_shift_gold [22] \tx_shift_gate [22]
  Unproven $equiv $auto$equiv_make.cc:294:find_same_wires$3391: \tx_shift_gold [21] \tx_shift_gate [21]
  Unproven $equiv $auto$equiv_make.cc:294:find_same_wires$3390: \tx_shift_gold [20] \tx_shift_gate [20]
  Unproven $equiv $auto$equiv_make.cc:294:find_same_wires$3389: \tx_shift_gold [19] \tx_shift_gate [19]
  Unproven $equiv $auto$equiv_make.cc:294:find_same_wires$3388: \tx_shift_gold [18] \tx_shift_gate [18]
  Unproven $equiv $auto$equiv_make.cc:294:find_same_wires$3387: \tx_shift_gold [17] \tx_shift_gate [17]
  Unproven $equiv $auto$equiv_make.cc:294:find_same_wires$3386: \tx_shift_gold [16] \tx_shift_gate [16]
  Unproven $equiv $auto$equiv_make.cc:294:find_same_wires$3385: \tx_shift_gold [15] \tx_shift_gate [15]
  Unproven $equiv $auto$equiv_make.cc:294:find_same_wires$3384: \tx_shift_gold [14] \tx_shift_gate [14]
  Unproven $equiv $auto$equiv_make.cc:294:find_same_wires$3383: \tx_shift_gold [13] \tx_shift_gate [13]
  Unproven $equiv $auto$equiv_make.cc:294:find_same_wires$3382: \tx_shift_gold [12] \tx_shift_gate [12]
  Unproven $equiv $auto$equiv_make.cc:294:find_same_wires$3381: \tx_shift_gold [11] \tx_shift_gate [11]
  Unproven $equiv $auto$equiv_make.cc:294:find_same_wires$3380: \tx_shift_gold [10] \tx_shift_gate [10]
  Unproven $equiv $auto$equiv_make.cc:294:find_same_wires$3379: \tx_shift_gold [9] \tx_shift_gate [9]
  Unproven $equiv $auto$equiv_make.cc:294:find_same_wires$3378: \tx_shift_gold [8] \tx_shift_gate [8]
  Unproven $equiv $auto$equiv_make.cc:294:find_same_wires$3377: \tx_shift_gold [7] \tx_shift_gate [7]
  Unproven $equiv $auto$equiv_make.cc:294:find_same_wires$3376: \tx_shift_gold [6] \tx_shift_gate [6]
  Unproven $equiv $auto$equiv_make.cc:294:find_same_wires$3375: \tx_shift_gold [5] \tx_shift_gate [5]
  Unproven $equiv $auto$equiv_make.cc:294:find_same_wires$3374: \tx_shift_gold [4] \tx_shift_gate [4]
  Unproven $equiv $auto$equiv_make.cc:294:find_same_wires$3373: \tx_shift_gold [3] \tx_shift_gate [3]
  Unproven $equiv $auto$equiv_make.cc:294:find_same_wires$3372: \tx_shift_gold [2] \tx_shift_gate [2]
  Unproven $equiv $auto$equiv_make.cc:294:find_same_wires$3371: \tx_shift_gold [1] \tx_shift_gate [1]
  Unproven $equiv $auto$equiv_make.cc:294:find_same_wires$3370: \tx_shift_gold [0] \tx_shift_gate [0]
  Unproven $equiv $auto$equiv_make.cc:257:find_same_wires$3369: \spi_miso_gold \spi_miso_gate
  Unproven $equiv $auto$equiv_make.cc:294:find_same_wires$3368: \spi_cs_sync_gold \spi_cs_sync_gate
  Unproven $equiv $auto$equiv_make.cc:294:find_same_wires$3367: \spi_cs_prev_gold \spi_cs_prev_gate
  Unproven $equiv $auto$equiv_make.cc:294:find_same_wires$3366: \spi_cs_meta_gold \spi_cs_meta_gate
  Unproven $equiv $auto$equiv_make.cc:294:find_same_wires$3365: \spi_active_gold \spi_active_gate
  Unproven $equiv $auto$equiv_make.cc:294:find_same_wires$3364: \rx_shift_gold [132] \rx_shift_gate [132]
  Unproven $equiv $auto$equiv_make.cc:294:find_same_wires$3363: \rx_shift_gold [131] \rx_shift_gate [131]
  Unproven $equiv $auto$equiv_make.cc:294:find_same_wires$3362: \rx_shift_gold [130] \rx_shift_gate [130]
  Unproven $equiv $auto$equiv_make.cc:294:find_same_wires$3361: \rx_shift_gold [129] \rx_shift_gate [129]
  Unproven $equiv $auto$equiv_make.cc:294:find_same_wires$3360: \rx_shift_gold [128] \rx_shift_gate [128]
  Unproven $equiv $auto$equiv_make.cc:294:find_same_wires$3359: \rx_shift_gold [127] \rx_shift_gate [127]
  Unproven $equiv $auto$equiv_make.cc:294:find_same_wires$3358: \rx_shift_gold [126] \rx_shift_gate [126]
  Unproven $equiv $auto$equiv_make.cc:294:find_same_wires$3357: \rx_shift_gold [125] \rx_shift_gate [125]
  Unproven $equiv $auto$equiv_make.cc:294:find_same_wires$3356: \rx_shift_gold [124] \rx_shift_gate [124]
  Unproven $equiv $auto$equiv_make.cc:294:find_same_wires$3355: \rx_shift_gold [123] \rx_shift_gate [123]
  Unproven $equiv $auto$equiv_make.cc:294:find_same_wires$3354: \rx_shift_gold [122] \rx_shift_gate [122]
  Unproven $equiv $auto$equiv_make.cc:294:find_same_wires$3353: \rx_shift_gold [121] \rx_shift_gate [121]
  Unproven $equiv $auto$equiv_make.cc:294:find_same_wires$3352: \rx_shift_gold [120] \rx_shift_gate [120]
  Unproven $equiv $auto$equiv_make.cc:294:find_same_wires$3351: \rx_shift_gold [119] \rx_shift_gate [119]
  Unproven $equiv $auto$equiv_make.cc:294:find_same_wires$3350: \rx_shift_gold [118] \rx_shift_gate [118]
  Unproven $equiv $auto$equiv_make.cc:294:find_same_wires$3349: \rx_shift_gold [117] \rx_shift_gate [117]
  Unproven $equiv $auto$equiv_make.cc:294:find_same_wires$3348: \rx_shift_gold [116] \rx_shift_gate [116]
  Unproven $equiv $auto$equiv_make.cc:294:find_same_wires$3347: \rx_shift_gold [115] \rx_shift_gate [115]
  Unproven $equiv $auto$equiv_make.cc:294:find_same_wires$3346: \rx_shift_gold [114] \rx_shift_gate [114]
  Unproven $equiv $auto$equiv_make.cc:294:find_same_wires$3345: \rx_shift_gold [113] \rx_shift_gate [113]
  Unproven $equiv $auto$equiv_make.cc:294:find_same_wires$3344: \rx_shift_gold [112] \rx_shift_gate [112]
  Unproven $equiv $auto$equiv_make.cc:294:find_same_wires$3343: \rx_shift_gold [111] \rx_shift_gate [111]
  Unproven $equiv $auto$equiv_make.cc:294:find_same_wires$3342: \rx_shift_gold [110] \rx_shift_gate [110]
  Unproven $equiv $auto$equiv_make.cc:294:find_same_wires$3341: \rx_shift_gold [109] \rx_shift_gate [109]
  Unproven $equiv $auto$equiv_make.cc:294:find_same_wires$3340: \rx_shift_gold [108] \rx_shift_gate [108]
  Unproven $equiv $auto$equiv_make.cc:294:find_same_wires$3339: \rx_shift_gold [107] \rx_shift_gate [107]
  Unproven $equiv $auto$equiv_make.cc:294:find_same_wires$3338: \rx_shift_gold [106] \rx_shift_gate [106]
  Unproven $equiv $auto$equiv_make.cc:294:find_same_wires$3337: \rx_shift_gold [105] \rx_shift_gate [105]
  Unproven $equiv $auto$equiv_make.cc:294:find_same_wires$3336: \rx_shift_gold [104] \rx_shift_gate [104]
  Unproven $equiv $auto$equiv_make.cc:294:find_same_wires$3335: \rx_shift_gold [103] \rx_shift_gate [103]
  Unproven $equiv $auto$equiv_make.cc:294:find_same_wires$3334: \rx_shift_gold [102] \rx_shift_gate [102]
  Unproven $equiv $auto$equiv_make.cc:294:find_same_wires$3333: \rx_shift_gold [101] \rx_shift_gate [101]
  Unproven $equiv $auto$equiv_make.cc:294:find_same_wires$3332: \rx_shift_gold [100] \rx_shift_gate [100]
  Unproven $equiv $auto$equiv_make.cc:294:find_same_wires$3331: \rx_shift_gold [99] \rx_shift_gate [99]
  Unproven $equiv $auto$equiv_make.cc:294:find_same_wires$3330: \rx_shift_gold [98] \rx_shift_gate [98]
  Unproven $equiv $auto$equiv_make.cc:294:find_same_wires$3329: \rx_shift_gold [97] \rx_shift_gate [97]
  Unproven $equiv $auto$equiv_make.cc:294:find_same_wires$3328: \rx_shift_gold [96] \rx_shift_gate [96]
  Unproven $equiv $auto$equiv_make.cc:294:find_same_wires$3327: \rx_shift_gold [95] \rx_shift_gate [95]
  Unproven $equiv $auto$equiv_make.cc:294:find_same_wires$3326: \rx_shift_gold [94] \rx_shift_gate [94]
  Unproven $equiv $auto$equiv_make.cc:294:find_same_wires$3325: \rx_shift_gold [93] \rx_shift_gate [93]
  Unproven $equiv $auto$equiv_make.cc:294:find_same_wires$3324: \rx_shift_gold [92] \rx_shift_gate [92]
  Unproven $equiv $auto$equiv_make.cc:294:find_same_wires$3323: \rx_shift_gold [91] \rx_shift_gate [91]
  Unproven $equiv $auto$equiv_make.cc:294:find_same_wires$3322: \rx_shift_gold [90] \rx_shift_gate [90]
  Unproven $equiv $auto$equiv_make.cc:294:find_same_wires$3321: \rx_shift_gold [89] \rx_shift_gate [89]
  Unproven $equiv $auto$equiv_make.cc:294:find_same_wires$3320: \rx_shift_gold [88] \rx_shift_gate [88]
  Unproven $equiv $auto$equiv_make.cc:294:find_same_wires$3319: \rx_shift_gold [87] \rx_shift_gate [87]
  Unproven $equiv $auto$equiv_make.cc:294:find_same_wires$3318: \rx_shift_gold [86] \rx_shift_gate [86]
  Unproven $equiv $auto$equiv_make.cc:294:find_same_wires$3317: \rx_shift_gold [85] \rx_shift_gate [85]
  Unproven $equiv $auto$equiv_make.cc:294:find_same_wires$3316: \rx_shift_gold [84] \rx_shift_gate [84]
  Unproven $equiv $auto$equiv_make.cc:294:find_same_wires$3315: \rx_shift_gold [83] \rx_shift_gate [83]
  Unproven $equiv $auto$equiv_make.cc:294:find_same_wires$3314: \rx_shift_gold [82] \rx_shift_gate [82]
  Unproven $equiv $auto$equiv_make.cc:294:find_same_wires$3313: \rx_shift_gold [81] \rx_shift_gate [81]
  Unproven $equiv $auto$equiv_make.cc:294:find_same_wires$3312: \rx_shift_gold [80] \rx_shift_gate [80]
  Unproven $equiv $auto$equiv_make.cc:294:find_same_wires$3311: \rx_shift_gold [79] \rx_shift_gate [79]
  Unproven $equiv $auto$equiv_make.cc:294:find_same_wires$3310: \rx_shift_gold [78] \rx_shift_gate [78]
  Unproven $equiv $auto$equiv_make.cc:294:find_same_wires$3309: \rx_shift_gold [77] \rx_shift_gate [77]
  Unproven $equiv $auto$equiv_make.cc:294:find_same_wires$3308: \rx_shift_gold [76] \rx_shift_gate [76]
  Unproven $equiv $auto$equiv_make.cc:294:find_same_wires$3307: \rx_shift_gold [75] \rx_shift_gate [75]
  Unproven $equiv $auto$equiv_make.cc:294:find_same_wires$3306: \rx_shift_gold [74] \rx_shift_gate [74]
  Unproven $equiv $auto$equiv_make.cc:294:find_same_wires$3305: \rx_shift_gold [73] \rx_shift_gate [73]
  Unproven $equiv $auto$equiv_make.cc:294:find_same_wires$3304: \rx_shift_gold [72] \rx_shift_gate [72]
  Unproven $equiv $auto$equiv_make.cc:294:find_same_wires$3303: \rx_shift_gold [71] \rx_shift_gate [71]
  Unproven $equiv $auto$equiv_make.cc:294:find_same_wires$3302: \rx_shift_gold [70] \rx_shift_gate [70]
  Unproven $equiv $auto$equiv_make.cc:294:find_same_wires$3301: \rx_shift_gold [69] \rx_shift_gate [69]
  Unproven $equiv $auto$equiv_make.cc:294:find_same_wires$3300: \rx_shift_gold [68] \rx_shift_gate [68]
  Unproven $equiv $auto$equiv_make.cc:294:find_same_wires$3299: \rx_shift_gold [67] \rx_shift_gate [67]
  Unproven $equiv $auto$equiv_make.cc:294:find_same_wires$3298: \rx_shift_gold [66] \rx_shift_gate [66]
  Unproven $equiv $auto$equiv_make.cc:294:find_same_wires$3297: \rx_shift_gold [65] \rx_shift_gate [65]
  Unproven $equiv $auto$equiv_make.cc:294:find_same_wires$3296: \rx_shift_gold [64] \rx_shift_gate [64]
  Unproven $equiv $auto$equiv_make.cc:294:find_same_wires$3295: \rx_shift_gold [63] \rx_shift_gate [63]
  Unproven $equiv $auto$equiv_make.cc:294:find_same_wires$3294: \rx_shift_gold [62] \rx_shift_gate [62]
  Unproven $equiv $auto$equiv_make.cc:294:find_same_wires$3293: \rx_shift_gold [61] \rx_shift_gate [61]
  Unproven $equiv $auto$equiv_make.cc:294:find_same_wires$3292: \rx_shift_gold [60] \rx_shift_gate [60]
  Unproven $equiv $auto$equiv_make.cc:294:find_same_wires$3291: \rx_shift_gold [59] \rx_shift_gate [59]
  Unproven $equiv $auto$equiv_make.cc:294:find_same_wires$3290: \rx_shift_gold [58] \rx_shift_gate [58]
  Unproven $equiv $auto$equiv_make.cc:294:find_same_wires$3289: \rx_shift_gold [57] \rx_shift_gate [57]
  Unproven $equiv $auto$equiv_make.cc:294:find_same_wires$3288: \rx_shift_gold [56] \rx_shift_gate [56]
  Unproven $equiv $auto$equiv_make.cc:294:find_same_wires$3287: \rx_shift_gold [55] \rx_shift_gate [55]
  Unproven $equiv $auto$equiv_make.cc:294:find_same_wires$3286: \rx_shift_gold [54] \rx_shift_gate [54]
  Unproven $equiv $auto$equiv_make.cc:294:find_same_wires$3285: \rx_shift_gold [53] \rx_shift_gate [53]
  Unproven $equiv $auto$equiv_make.cc:294:find_same_wires$3284: \rx_shift_gold [52] \rx_shift_gate [52]
  Unproven $equiv $auto$equiv_make.cc:294:find_same_wires$3283: \rx_shift_gold [51] \rx_shift_gate [51]
  Unproven $equiv $auto$equiv_make.cc:294:find_same_wires$3282: \rx_shift_gold [50] \rx_shift_gate [50]
  Unproven $equiv $auto$equiv_make.cc:294:find_same_wires$3281: \rx_shift_gold [49] \rx_shift_gate [49]
  Unproven $equiv $auto$equiv_make.cc:294:find_same_wires$3280: \rx_shift_gold [48] \rx_shift_gate [48]
  Unproven $equiv $auto$equiv_make.cc:294:find_same_wires$3279: \rx_shift_gold [47] \rx_shift_gate [47]
  Unproven $equiv $auto$equiv_make.cc:294:find_same_wires$3278: \rx_shift_gold [46] \rx_shift_gate [46]
  Unproven $equiv $auto$equiv_make.cc:294:find_same_wires$3277: \rx_shift_gold [45] \rx_shift_gate [45]
  Unproven $equiv $auto$equiv_make.cc:294:find_same_wires$3276: \rx_shift_gold [44] \rx_shift_gate [44]
  Unproven $equiv $auto$equiv_make.cc:294:find_same_wires$3275: \rx_shift_gold [43] \rx_shift_gate [43]
  Unproven $equiv $auto$equiv_make.cc:294:find_same_wires$3274: \rx_shift_gold [42] \rx_shift_gate [42]
  Unproven $equiv $auto$equiv_make.cc:294:find_same_wires$3273: \rx_shift_gold [41] \rx_shift_gate [41]
  Unproven $equiv $auto$equiv_make.cc:294:find_same_wires$3272: \rx_shift_gold [40] \rx_shift_gate [40]
  Unproven $equiv $auto$equiv_make.cc:294:find_same_wires$3271: \rx_shift_gold [39] \rx_shift_gate [39]
  Unproven $equiv $auto$equiv_make.cc:294:find_same_wires$3270: \rx_shift_gold [38] \rx_shift_gate [38]
  Unproven $equiv $auto$equiv_make.cc:294:find_same_wires$3269: \rx_shift_gold [37] \rx_shift_gate [37]
  Unproven $equiv $auto$equiv_make.cc:294:find_same_wires$3268: \rx_shift_gold [36] \rx_shift_gate [36]
  Unproven $equiv $auto$equiv_make.cc:294:find_same_wires$3267: \rx_shift_gold [35] \rx_shift_gate [35]
  Unproven $equiv $auto$equiv_make.cc:294:find_same_wires$3266: \rx_shift_gold [34] \rx_shift_gate [34]
  Unproven $equiv $auto$equiv_make.cc:294:find_same_wires$3265: \rx_shift_gold [33] \rx_shift_gate [33]
  Unproven $equiv $auto$equiv_make.cc:294:find_same_wires$3264: \rx_shift_gold [32] \rx_shift_gate [32]
  Unproven $equiv $auto$equiv_make.cc:294:find_same_wires$3263: \rx_shift_gold [31] \rx_shift_gate [31]
  Unproven $equiv $auto$equiv_make.cc:294:find_same_wires$3262: \rx_shift_gold [30] \rx_shift_gate [30]
  Unproven $equiv $auto$equiv_make.cc:294:find_same_wires$3261: \rx_shift_gold [29] \rx_shift_gate [29]
  Unproven $equiv $auto$equiv_make.cc:294:find_same_wires$3260: \rx_shift_gold [28] \rx_shift_gate [28]
  Unproven $equiv $auto$equiv_make.cc:294:find_same_wires$3259: \rx_shift_gold [27] \rx_shift_gate [27]
  Unproven $equiv $auto$equiv_make.cc:294:find_same_wires$3258: \rx_shift_gold [26] \rx_shift_gate [26]
  Unproven $equiv $auto$equiv_make.cc:294:find_same_wires$3257: \rx_shift_gold [25] \rx_shift_gate [25]
  Unproven $equiv $auto$equiv_make.cc:294:find_same_wires$3256: \rx_shift_gold [24] \rx_shift_gate [24]
  Unproven $equiv $auto$equiv_make.cc:294:find_same_wires$3255: \rx_shift_gold [23] \rx_shift_gate [23]
  Unproven $equiv $auto$equiv_make.cc:294:find_same_wires$3254: \rx_shift_gold [22] \rx_shift_gate [22]
  Unproven $equiv $auto$equiv_make.cc:294:find_same_wires$3253: \rx_shift_gold [21] \rx_shift_gate [21]
  Unproven $equiv $auto$equiv_make.cc:294:find_same_wires$3252: \rx_shift_gold [20] \rx_shift_gate [20]
  Unproven $equiv $auto$equiv_make.cc:294:find_same_wires$3251: \rx_shift_gold [19] \rx_shift_gate [19]
  Unproven $equiv $auto$equiv_make.cc:294:find_same_wires$3250: \rx_shift_gold [18] \rx_shift_gate [18]
  Unproven $equiv $auto$equiv_make.cc:294:find_same_wires$3249: \rx_shift_gold [17] \rx_shift_gate [17]
  Unproven $equiv $auto$equiv_make.cc:294:find_same_wires$3248: \rx_shift_gold [16] \rx_shift_gate [16]
  Unproven $equiv $auto$equiv_make.cc:294:find_same_wires$3247: \rx_shift_gold [15] \rx_shift_gate [15]
  Unproven $equiv $auto$equiv_make.cc:294:find_same_wires$3246: \rx_shift_gold [14] \rx_shift_gate [14]
  Unproven $equiv $auto$equiv_make.cc:294:find_same_wires$3245: \rx_shift_gold [13] \rx_shift_gate [13]
  Unproven $equiv $auto$equiv_make.cc:294:find_same_wires$3244: \rx_shift_gold [12] \rx_shift_gate [12]
  Unproven $equiv $auto$equiv_make.cc:294:find_same_wires$3243: \rx_shift_gold [11] \rx_shift_gate [11]
  Unproven $equiv $auto$equiv_make.cc:294:find_same_wires$3242: \rx_shift_gold [10] \rx_shift_gate [10]
  Unproven $equiv $auto$equiv_make.cc:294:find_same_wires$3241: \rx_shift_gold [9] \rx_shift_gate [9]
  Unproven $equiv $auto$equiv_make.cc:294:find_same_wires$3240: \rx_shift_gold [8] \rx_shift_gate [8]
  Unproven $equiv $auto$equiv_make.cc:294:find_same_wires$3239: \rx_shift_gold [7] \rx_shift_gate [7]
  Unproven $equiv $auto$equiv_make.cc:294:find_same_wires$3238: \rx_shift_gold [6] \rx_shift_gate [6]
  Unproven $equiv $auto$equiv_make.cc:294:find_same_wires$3237: \rx_shift_gold [5] \rx_shift_gate [5]
  Unproven $equiv $auto$equiv_make.cc:294:find_same_wires$3236: \rx_shift_gold [4] \rx_shift_gate [4]
  Unproven $equiv $auto$equiv_make.cc:294:find_same_wires$3235: \rx_shift_gold [3] \rx_shift_gate [3]
  Unproven $equiv $auto$equiv_make.cc:294:find_same_wires$3234: \rx_shift_gold [2] \rx_shift_gate [2]
  Unproven $equiv $auto$equiv_make.cc:294:find_same_wires$3233: \rx_shift_gold [1] \rx_shift_gate [1]
  Unproven $equiv $auto$equiv_make.cc:294:find_same_wires$3232: \rx_shift_gold [0] \rx_shift_gate [0]
  Unproven $equiv $auto$equiv_make.cc:294:find_same_wires$5186: \u_core.u_mmio.r_timestamp_gold [28] \u_core.u_mmio.r_timestamp_gate [28]
  Unproven $equiv $auto$equiv_make.cc:294:find_same_wires$4592: \u_core.u_fsm.next_pending_gold \u_core.u_fsm.next_pending_gate
  Unproven $equiv $auto$equiv_make.cc:294:find_same_wires$4590: \u_core.u_fsm.next_fault_summary_gold [15] \u_core.u_fsm.next_fault_summary_gate [15]
  Unproven $equiv $auto$equiv_make.cc:294:find_same_wires$4589: \u_core.u_fsm.next_fault_summary_gold [14] \u_core.u_fsm.next_fault_summary_gate [14]
  Unproven $equiv $auto$equiv_make.cc:294:find_same_wires$4588: \u_core.u_fsm.next_fault_summary_gold [13] \u_core.u_fsm.next_fault_summary_gate [13]
  Unproven $equiv $auto$equiv_make.cc:294:find_same_wires$4587: \u_core.u_fsm.next_fault_summary_gold [12] \u_core.u_fsm.next_fault_summary_gate [12]
  Unproven $equiv $auto$equiv_make.cc:294:find_same_wires$4586: \u_core.u_fsm.next_fault_summary_gold [11] \u_core.u_fsm.next_fault_summary_gate [11]
  Unproven $equiv $auto$equiv_make.cc:294:find_same_wires$4585: \u_core.u_fsm.next_fault_summary_gold [10] \u_core.u_fsm.next_fault_summary_gate [10]
  Unproven $equiv $auto$equiv_make.cc:294:find_same_wires$4584: \u_core.u_fsm.next_fault_summary_gold [9] \u_core.u_fsm.next_fault_summary_gate [9]
  Unproven $equiv $auto$equiv_make.cc:294:find_same_wires$4583: \u_core.u_fsm.next_fault_summary_gold [8] \u_core.u_fsm.next_fault_summary_gate [8]
  Unproven $equiv $auto$equiv_make.cc:294:find_same_wires$4582: \u_core.u_fsm.next_fault_summary_gold [7] \u_core.u_fsm.next_fault_summary_gate [7]
  Unproven $equiv $auto$equiv_make.cc:294:find_same_wires$4581: \u_core.u_fsm.next_fault_summary_gold [6] \u_core.u_fsm.next_fault_summary_gate [6]
  Unproven $equiv $auto$equiv_make.cc:294:find_same_wires$4580: \u_core.u_fsm.next_fault_summary_gold [5] \u_core.u_fsm.next_fault_summary_gate [5]
  Unproven $equiv $auto$equiv_make.cc:294:find_same_wires$4579: \u_core.u_fsm.next_fault_summary_gold [4] \u_core.u_fsm.next_fault_summary_gate [4]
  Unproven $equiv $auto$equiv_make.cc:294:find_same_wires$4578: \u_core.u_fsm.next_fault_summary_gold [3] \u_core.u_fsm.next_fault_summary_gate [3]
  Unproven $equiv $auto$equiv_make.cc:294:find_same_wires$4577: \u_core.u_fsm.next_fault_summary_gold [2] \u_core.u_fsm.next_fault_summary_gate [2]
  Unproven $equiv $auto$equiv_make.cc:294:find_same_wires$4576: \u_core.u_fsm.next_fault_summary_gold [1] \u_core.u_fsm.next_fault_summary_gate [1]
  Unproven $equiv $auto$equiv_make.cc:294:find_same_wires$4575: \u_core.u_fsm.next_fault_summary_gold [0] \u_core.u_fsm.next_fault_summary_gate [0]
  Unproven $equiv $auto$equiv_make.cc:294:find_same_wires$4574: \u_core.u_fsm.next_fallback_active_gold \u_core.u_fsm.next_fallback_active_gate
  Unproven $equiv $auto$equiv_make.cc:294:find_same_wires$4572: \u_core.u_fsm.next_age_counter_gold [31] \u_core.u_fsm.next_age_counter_gate [31]
  Unproven $equiv $auto$equiv_make.cc:294:find_same_wires$4571: \u_core.u_fsm.next_age_counter_gold [30] \u_core.u_fsm.next_age_counter_gate [30]
  Unproven $equiv $auto$equiv_make.cc:294:find_same_wires$4570: \u_core.u_fsm.next_age_counter_gold [29] \u_core.u_fsm.next_age_counter_gate [29]
  Unproven $equiv $auto$equiv_make.cc:294:find_same_wires$4569: \u_core.u_fsm.next_age_counter_gold [28] \u_core.u_fsm.next_age_counter_gate [28]
  Unproven $equiv $auto$equiv_make.cc:294:find_same_wires$4568: \u_core.u_fsm.next_age_counter_gold [27] \u_core.u_fsm.next_age_counter_gate [27]
  Unproven $equiv $auto$equiv_make.cc:294:find_same_wires$4567: \u_core.u_fsm.next_age_counter_gold [26] \u_core.u_fsm.next_age_counter_gate [26]
  Unproven $equiv $auto$equiv_make.cc:294:find_same_wires$4566: \u_core.u_fsm.next_age_counter_gold [25] \u_core.u_fsm.next_age_counter_gate [25]
  Unproven $equiv $auto$equiv_make.cc:294:find_same_wires$4565: \u_core.u_fsm.next_age_counter_gold [24] \u_core.u_fsm.next_age_counter_gate [24]
  Unproven $equiv $auto$equiv_make.cc:294:find_same_wires$4564: \u_core.u_fsm.next_age_counter_gold [23] \u_core.u_fsm.next_age_counter_gate [23]
  Unproven $equiv $auto$equiv_make.cc:294:find_same_wires$4563: \u_core.u_fsm.next_age_counter_gold [22] \u_core.u_fsm.next_age_counter_gate [22]
  Unproven $equiv $auto$equiv_make.cc:294:find_same_wires$4562: \u_core.u_fsm.next_age_counter_gold [21] \u_core.u_fsm.next_age_counter_gate [21]
  Unproven $equiv $auto$equiv_make.cc:294:find_same_wires$4561: \u_core.u_fsm.next_age_counter_gold [20] \u_core.u_fsm.next_age_counter_gate [20]
  Unproven $equiv $auto$equiv_make.cc:294:find_same_wires$4560: \u_core.u_fsm.next_age_counter_gold [19] \u_core.u_fsm.next_age_counter_gate [19]
  Unproven $equiv $auto$equiv_make.cc:294:find_same_wires$4559: \u_core.u_fsm.next_age_counter_gold [18] \u_core.u_fsm.next_age_counter_gate [18]
  Unproven $equiv $auto$equiv_make.cc:294:find_same_wires$4558: \u_core.u_fsm.next_age_counter_gold [17] \u_core.u_fsm.next_age_counter_gate [17]
  Unproven $equiv $auto$equiv_make.cc:294:find_same_wires$4557: \u_core.u_fsm.next_age_counter_gold [16] \u_core.u_fsm.next_age_counter_gate [16]
  Unproven $equiv $auto$equiv_make.cc:294:find_same_wires$4556: \u_core.u_fsm.next_age_counter_gold [15] \u_core.u_fsm.next_age_counter_gate [15]
  Unproven $equiv $auto$equiv_make.cc:294:find_same_wires$4555: \u_core.u_fsm.next_age_counter_gold [14] \u_core.u_fsm.next_age_counter_gate [14]
  Unproven $equiv $auto$equiv_make.cc:294:find_same_wires$4554: \u_core.u_fsm.next_age_counter_gold [13] \u_core.u_fsm.next_age_counter_gate [13]
  Unproven $equiv $auto$equiv_make.cc:294:find_same_wires$4553: \u_core.u_fsm.next_age_counter_gold [12] \u_core.u_fsm.next_age_counter_gate [12]
  Unproven $equiv $auto$equiv_make.cc:294:find_same_wires$4552: \u_core.u_fsm.next_age_counter_gold [11] \u_core.u_fsm.next_age_counter_gate [11]
  Unproven $equiv $auto$equiv_make.cc:294:find_same_wires$4551: \u_core.u_fsm.next_age_counter_gold [10] \u_core.u_fsm.next_age_counter_gate [10]
  Unproven $equiv $auto$equiv_make.cc:294:find_same_wires$4550: \u_core.u_fsm.next_age_counter_gold [9] \u_core.u_fsm.next_age_counter_gate [9]
  Unproven $equiv $auto$equiv_make.cc:294:find_same_wires$4549: \u_core.u_fsm.next_age_counter_gold [8] \u_core.u_fsm.next_age_counter_gate [8]
  Unproven $equiv $auto$equiv_make.cc:294:find_same_wires$4548: \u_core.u_fsm.next_age_counter_gold [7] \u_core.u_fsm.next_age_counter_gate [7]
  Unproven $equiv $auto$equiv_make.cc:294:find_same_wires$4547: \u_core.u_fsm.next_age_counter_gold [6] \u_core.u_fsm.next_age_counter_gate [6]
  Unproven $equiv $auto$equiv_make.cc:294:find_same_wires$4546: \u_core.u_fsm.next_age_counter_gold [5] \u_core.u_fsm.next_age_counter_gate [5]
  Unproven $equiv $auto$equiv_make.cc:294:find_same_wires$4545: \u_core.u_fsm.next_age_counter_gold [4] \u_core.u_fsm.next_age_counter_gate [4]
  Unproven $equiv $auto$equiv_make.cc:294:find_same_wires$4544: \u_core.u_fsm.next_age_counter_gold [3] \u_core.u_fsm.next_age_counter_gate [3]
  Unproven $equiv $auto$equiv_make.cc:294:find_same_wires$4543: \u_core.u_fsm.next_age_counter_gold [2] \u_core.u_fsm.next_age_counter_gate [2]
  Unproven $equiv $auto$equiv_make.cc:294:find_same_wires$4542: \u_core.u_fsm.next_age_counter_gold [1] \u_core.u_fsm.next_age_counter_gate [1]
  Unproven $equiv $auto$equiv_make.cc:294:find_same_wires$4541: \u_core.u_fsm.next_age_counter_gold [0] \u_core.u_fsm.next_age_counter_gate [0]
  Unproven $equiv $auto$equiv_make.cc:294:find_same_wires$4540: \rx_active_gold [132] \rx_active_gate [132]
  Unproven $equiv $auto$equiv_make.cc:294:find_same_wires$4539: \u_core.u_fsm.model_rsp_ready_r_gold 1'1
  Unproven $equiv $auto$equiv_make.cc:294:find_same_wires$4265: \u_core.u_mmio.r_timeout_cycles_gold [24] \u_core.u_mmio.r_timeout_cycles_gate [24]
  Unproven $equiv $auto$equiv_make.cc:294:find_same_wires$4537: \rx_active_gold [131] \rx_active_gate [131]
  Unproven $equiv $auto$equiv_make.cc:294:find_same_wires$4536: \rx_active_gold [130] \rx_active_gate [130]
  Unproven $equiv $auto$equiv_make.cc:294:find_same_wires$4535: \rx_active_gold [129] \rx_active_gate [129]
  Unproven $equiv $auto$equiv_make.cc:294:find_same_wires$4534: \rx_active_gold [128] \rx_active_gate [128]
  Unproven $equiv $auto$equiv_make.cc:294:find_same_wires$4533: \rx_active_gold [127] \rx_active_gate [127]
  Unproven $equiv $auto$equiv_make.cc:294:find_same_wires$4532: \rx_active_gold [126] \rx_active_gate [126]
  Unproven $equiv $auto$equiv_make.cc:294:find_same_wires$4531: \rx_active_gold [125] \rx_active_gate [125]
  Unproven $equiv $auto$equiv_make.cc:294:find_same_wires$4530: \rx_active_gold [124] \rx_active_gate [124]
  Unproven $equiv $auto$equiv_make.cc:294:find_same_wires$5569: \u_core.u_mmio.r_clamp_max_gold [14] \u_core.u_mmio.r_clamp_max_gate [14]
  Unproven $equiv $auto$equiv_make.cc:294:find_same_wires$4690: \u_core.u_mmio.r_timestamp_gold [5] \u_core.u_mmio.r_timestamp_gate [5]
  Unproven $equiv $auto$equiv_make.cc:294:find_same_wires$4712: \u_core.u_mmio.r_timestamp_gold [27] \u_core.u_mmio.r_timestamp_gate [27]
  Unproven $equiv $auto$equiv_make.cc:294:find_same_wires$5670: \rx_active_gold [7] \rx_active_gate [7]
  Unproven $equiv $auto$equiv_make.cc:294:find_same_wires$3161: \rx_active_gold [62] \rx_active_gate [62]
  Unproven $equiv $auto$equiv_make.cc:294:find_same_wires$5479: \u_core.u_safety.actuator_cmd_r_gold [7] \u_core.u_safety.actuator_cmd_r_gate [7]
  Unproven $equiv $auto$equiv_make.cc:294:find_same_wires$4680: \u_core.u_mmio.r_geometry_handle_gold [11] \u_core.u_mmio.r_geometry_handle_gate [11]
  Unproven $equiv $auto$equiv_make.cc:294:find_same_wires$4890: \u_core.u_mmio.r_rate_limit_step_gold [15] \u_core.u_mmio.r_rate_limit_step_gate [15]
  Unproven $equiv $auto$equiv_make.cc:294:find_same_wires$4654: \u_core.u_fsm.state_r_gold [2] \u_core.u_fsm.state_r_gate [2]
  Unproven $equiv $auto$equiv_make.cc:294:find_same_wires$4180: \u_core.u_mmio.r_geometry_handle_gold [4] \u_core.u_mmio.r_geometry_handle_gate [4]
  Unproven $equiv $auto$equiv_make.cc:294:find_same_wires$3155: \rx_active_gold [56] \rx_active_gate [56]
  Unproven $equiv $auto$equiv_make.cc:294:find_same_wires$4179: \u_core.u_mmio.r_geometry_handle_gold [3] \u_core.u_mmio.r_geometry_handle_gate [3]
  Unproven $equiv $auto$equiv_make.cc:294:find_same_wires$4652: \u_core.u_fsm.state_r_gold [0] \u_core.u_fsm.state_r_gate [0]
  Unproven $equiv $auto$equiv_make.cc:294:find_same_wires$4178: \u_core.u_mmio.r_geometry_handle_gold [2] \u_core.u_mmio.r_geometry_handle_gate [2]
  Unproven $equiv $auto$equiv_make.cc:294:find_same_wires$3151: \rx_active_gold [52] \rx_active_gate [52]
  Unproven $equiv $auto$equiv_make.cc:294:find_same_wires$4177: \u_core.u_mmio.r_geometry_handle_gold [1] \u_core.u_mmio.r_geometry_handle_gate [1]
  Unproven $equiv $auto$equiv_make.cc:294:find_same_wires$5603: \u_core.u_safety.last_accepted_cmd_r_gold [15] \u_core.u_safety.last_accepted_cmd_r_gate [15]
  Unproven $equiv $auto$equiv_make.cc:294:find_same_wires$4176: \u_core.u_mmio.r_geometry_handle_gold [0] \u_core.u_mmio.r_geometry_handle_gate [0]
  Unproven $equiv $auto$equiv_make.cc:294:find_same_wires$3147: \rx_active_gold [48] \rx_active_gate [48]
  Unproven $equiv $auto$equiv_make.cc:294:find_same_wires$4175: \u_core.u_mmio.r_force_safe_mode_gold \u_core.u_mmio.r_force_safe_mode_gate
  Unproven $equiv $auto$equiv_make.cc:294:find_same_wires$4648: \u_core.u_fsm.response_req_id_r_gold [6] \u_core.u_fsm.response_req_id_r_gate [6]
  Unproven $equiv $auto$equiv_make.cc:294:find_same_wires$4515: \rx_active_gold [109] \rx_active_gate [109]
  Unproven $equiv $auto$equiv_make.cc:294:find_same_wires$3143: \rx_active_gold [44] \rx_active_gate [44]
  Unproven $equiv $auto$equiv_make.cc:294:find_same_wires$5754: \u_core.u_mmio.wb_dat_o_r_gold [26] \u_core.u_mmio.wb_dat_o_r_gate [26]
  Unproven $equiv $auto$equiv_make.cc:294:find_same_wires$4646: \u_core.u_fsm.response_req_id_r_gold [4] \u_core.u_fsm.response_req_id_r_gate [4]
  Unproven $equiv $auto$equiv_make.cc:294:find_same_wires$5264: \u_core.u_fsm.outstanding_req_id_r_gold [6] \u_core.u_fsm.outstanding_req_id_r_gate [6]
  Unproven $equiv $auto$equiv_make.cc:294:find_same_wires$3139: \rx_active_gold [40] \rx_active_gate [40]
  Unproven $equiv $auto$equiv_make.cc:294:find_same_wires$5262: \u_core.u_fsm.outstanding_req_id_r_gold [4] \u_core.u_fsm.outstanding_req_id_r_gate [4]
  Unproven $equiv $auto$equiv_make.cc:294:find_same_wires$4644: \u_core.u_fsm.response_req_id_r_gold [2] \u_core.u_fsm.response_req_id_r_gate [2]
  Unproven $equiv $auto$equiv_make.cc:294:find_same_wires$5260: \u_core.u_fsm.outstanding_req_id_r_gold [2] \u_core.u_fsm.outstanding_req_id_r_gate [2]
  Unproven $equiv $auto$equiv_make.cc:294:find_same_wires$3135: \rx_active_gold [36] \rx_active_gate [36]
  Unproven $equiv $auto$equiv_make.cc:294:find_same_wires$4482: \rx_active_gold [76] \rx_active_gate [76]
  Unproven $equiv $auto$equiv_make.cc:294:find_same_wires$4642: \u_core.u_fsm.response_req_id_r_gold [0] \u_core.u_fsm.response_req_id_r_gate [0]
  Unproven $equiv $auto$equiv_make.cc:294:find_same_wires$5533: \u_core.u_mmio.r_fallback_cmd_gold [11] \u_core.u_mmio.r_fallback_cmd_gate [11]
  Unproven $equiv $auto$equiv_make.cc:294:find_same_wires$3131: \rx_active_gold [32] \rx_active_gate [32]
  Unproven $equiv $auto$equiv_make.cc:294:find_same_wires$5628: \u_core.u_safety.last_accepted_cmd_r_gold [4] \u_core.u_safety.last_accepted_cmd_r_gate [4]
  Unproven $equiv $auto$equiv_make.cc:294:find_same_wires$4166: \u_core.u_mmio.r_flow_handle_gold [7] \u_core.u_mmio.r_flow_handle_gate [7]
  Unproven $equiv $auto$equiv_make.cc:294:find_same_wires$3128: \rx_active_gold [29] \rx_active_gate [29]
  Unproven $equiv $auto$equiv_make.cc:294:find_same_wires$4165: \u_core.u_mmio.r_flow_handle_gold [6] \u_core.u_mmio.r_flow_handle_gate [6]
  Unproven $equiv $auto$equiv_make.cc:294:find_same_wires$3126: \rx_active_gold [27] \rx_active_gate [27]
  Unproven $equiv $auto$equiv_make.cc:294:find_same_wires$4237: \u_core.u_mmio.r_status_flags_gold [4] \u_core.u_mmio.r_status_flags_gate [4]
  Unproven $equiv $auto$equiv_make.cc:294:find_same_wires$4493: \rx_active_gold [87] \rx_active_gate [87]
  Unproven $equiv $auto$equiv_make.cc:294:find_same_wires$3123: \rx_active_gold [24] \rx_active_gate [24]
  Unproven $equiv $auto$equiv_make.cc:294:find_same_wires$3122: \rx_active_gold [23] \rx_active_gate [23]
  Unproven $equiv $auto$equiv_make.cc:294:find_same_wires$4432: \u_core.u_fsm.model_req_desc_r_gold [25] \u_core.u_fsm._065__gate [25]
  Unproven $equiv $auto$equiv_make.cc:294:find_same_wires$4492: \rx_active_gold [86] \rx_active_gate [86]
  Unproven $equiv $auto$equiv_make.cc:294:find_same_wires$3119: \rx_active_gold [20] \rx_active_gate [20]
  Unproven $equiv $auto$equiv_make.cc:294:find_same_wires$3118: \rx_active_gold [19] \rx_active_gate [19]
  Unproven $equiv $auto$equiv_make.cc:294:find_same_wires$4236: \u_core.u_mmio.r_status_flags_gold [3] \u_core.u_mmio.r_status_flags_gate [3]
  Unproven $equiv $auto$equiv_make.cc:294:find_same_wires$4491: \rx_active_gold [85] \rx_active_gate [85]
  Unproven $equiv $auto$equiv_make.cc:294:find_same_wires$3115: \rx_active_gold [16] \rx_active_gate [16]
  Unproven $equiv $auto$equiv_make.cc:294:find_same_wires$4447: \u_core.u_fsm.model_req_desc_r_gold [40] \u_core.u_fsm._065__gate [40]
  Unproven $equiv $auto$equiv_make.cc:294:find_same_wires$3113: \rx_active_gold [14] \rx_active_gate [14]
  Unproven $equiv $auto$equiv_make.cc:294:find_same_wires$4490: \rx_active_gold [84] \rx_active_gate [84]
  Unproven $equiv $auto$equiv_make.cc:294:find_same_wires$3111: \rx_active_gold [12] \rx_active_gate [12]
  Unproven $equiv $auto$equiv_make.cc:294:find_same_wires$3110: \rx_active_gold [11] \rx_active_gate [11]
  Unproven $equiv $auto$equiv_make.cc:294:find_same_wires$4235: \u_core.u_mmio.r_status_flags_gold [2] \u_core.u_mmio.r_status_flags_gate [2]
  Unproven $equiv $auto$equiv_make.cc:294:find_same_wires$4489: \rx_active_gold [83] \rx_active_gate [83]
  Unproven $equiv $auto$equiv_make.cc:294:find_same_wires$3107: \rx_active_gold [8] \rx_active_gate [8]
  Unproven $equiv $auto$equiv_make.cc:294:find_same_wires$4315: \u_core.u_mmio.r_oper_en_min_gold [1] \u_core.u_mmio.r_oper_en_min_gate [1]
  Unproven $equiv $auto$equiv_make.cc:294:find_same_wires$4882: \u_core.u_mmio.r_rate_limit_step_gold [7] \u_core.u_mmio.r_rate_limit_step_gate [7]
  Unproven $equiv $auto$equiv_make.cc:294:find_same_wires$4218: \u_core.u_mmio.r_oper_en_min_gold [10] \u_core.u_mmio.r_oper_en_min_gate [10]
  Unproven $equiv $auto$equiv_make.cc:294:find_same_wires$5626: \u_core.u_safety.last_accepted_cmd_r_gold [2] \u_core.u_safety.last_accepted_cmd_r_gate [2]
  Unproven $equiv $auto$equiv_make.cc:294:find_same_wires$4437: \u_core.u_fsm.model_req_desc_r_gold [30] \u_core.u_fsm._065__gate [30]
  Unproven $equiv $auto$equiv_make.cc:294:find_same_wires$5398: \u_core.u_mmio.wb_dat_o_r_gold [11] \u_core.u_mmio.wb_dat_o_r_gate [11]
  Unproven $equiv $auto$equiv_make.cc:294:find_same_wires$5552: \u_core.u_mmio.r_rate_limit_step_gold [13] \u_core.u_mmio.r_rate_limit_step_gate [13]
  Unproven $equiv $auto$equiv_make.cc:294:find_same_wires$4181: \u_core.u_mmio.r_geometry_handle_gold [5] \u_core.u_mmio.r_geometry_handle_gate [5]
  Unproven $equiv $auto$equiv_make.cc:294:find_same_wires$5527: \u_core.u_mmio.r_fallback_cmd_gold [5] \u_core.u_mmio.r_fallback_cmd_gate [5]
  Unproven $equiv $auto$equiv_make.cc:294:find_same_wires$4245: \u_core.u_mmio.r_timeout_cycles_gold [4] \u_core.u_mmio.r_timeout_cycles_gate [4]
  Unproven $equiv $auto$equiv_make.cc:294:find_same_wires$3096: \rx_active_gold [65] \rx_active_gate [65]
  Unproven $equiv $auto$equiv_make.cc:294:find_same_wires$5408: \u_core.u_mmio.wb_dat_o_r_gold [21] \u_core.u_mmio.wb_dat_o_r_gate [21]
  Unproven $equiv $auto$equiv_make.cc:294:find_same_wires$4464: \u_core.u_fsm.model_req_desc_r_gold [57] 1'0
  Unproven $equiv $auto$equiv_make.cc:294:find_same_wires$3093: \u_core.u_mmio.wb_dat_o_r_gold [30] \u_core.u_mmio.wb_dat_o_r_gate [30]
  Unproven $equiv $auto$equiv_make.cc:294:find_same_wires$5396: \u_core.u_mmio.wb_dat_o_r_gold [9] \u_core.u_mmio.wb_dat_o_r_gate [9]
  Unproven $equiv $auto$equiv_make.cc:294:find_same_wires$4480: \rx_active_gold [74] \rx_active_gate [74]
  Unproven $equiv $auto$equiv_make.cc:294:find_same_wires$5283: \u_core.u_fsm.state_r_gold [5] \u_core.u_fsm.state_r_gate [5]
  Unproven $equiv $auto$equiv_make.cc:294:find_same_wires$5279: \u_core.u_fsm.state_r_gold [1] \u_core.u_fsm.state_r_gate [1]
  Unproven $equiv $auto$equiv_make.cc:294:find_same_wires$5275: \u_core.u_fsm.response_req_id_r_gold [7] \u_core.u_fsm.response_req_id_r_gate [7]
  Unproven $equiv $auto$equiv_make.cc:294:find_same_wires$5271: \u_core.u_fsm.response_req_id_r_gold [3] \u_core.u_fsm.response_req_id_r_gate [3]
  Unproven $equiv $auto$equiv_make.cc:294:find_same_wires$5267: \u_core.u_fsm.response_received_r_gold \u_core.u_fsm.response_received_r_gate
  Unproven $equiv $auto$equiv_make.cc:294:find_same_wires$5263: \u_core.u_fsm.outstanding_req_id_r_gold [5] \u_core.u_fsm.outstanding_req_id_r_gate [5]
  Unproven $equiv $auto$equiv_make.cc:294:find_same_wires$5259: \u_core.u_fsm.outstanding_req_id_r_gold [1] \u_core.u_fsm.outstanding_req_id_r_gate [1]
  Unproven $equiv $auto$equiv_make.cc:294:find_same_wires$4479: \rx_active_gold [73] \rx_active_gate [73]
  Unproven $equiv $auto$equiv_make.cc:294:find_same_wires$4474: \rx_active_gold [68] \rx_active_gate [68]
  Unproven $equiv $auto$equiv_make.cc:294:find_same_wires$4469: \u_core.u_fsm.model_req_desc_r_gold [62] 1'0
  Unproven $equiv $auto$equiv_make.cc:294:find_same_wires$4460: \u_core.u_fsm.model_req_desc_r_gold [53] \u_core.u_fsm._065__gate [53]
  Unproven $equiv $auto$equiv_make.cc:294:find_same_wires$4513: \rx_active_gold [107] \rx_active_gate [107]
  Unproven $equiv $auto$equiv_make.cc:294:find_same_wires$4312: \u_core.u_mmio.r_oper_en_max_gold [6] \u_core.u_mmio.r_oper_en_max_gate [6]
  Unproven $equiv $auto$equiv_make.cc:294:find_same_wires$4311: \u_core.u_mmio.r_oper_en_max_gold [5] \u_core.u_mmio.r_oper_en_max_gate [5]
  Unproven $equiv $auto$equiv_make.cc:294:find_same_wires$4499: \rx_active_gold [93] \rx_active_gate [93]
  Unproven $equiv $auto$equiv_make.cc:294:find_same_wires$4263: \u_core.u_mmio.r_timeout_cycles_gold [22] \u_core.u_mmio.r_timeout_cycles_gate [22]
  Unproven $equiv $auto$equiv_make.cc:294:find_same_wires$4497: \rx_active_gold [91] \rx_active_gate [91]
  Unproven $equiv $auto$equiv_make.cc:294:find_same_wires$4496: \rx_active_gold [90] \rx_active_gate [90]
  Unproven $equiv $auto$equiv_make.cc:294:find_same_wires$4495: \rx_active_gold [89] \rx_active_gate [89]
  Unproven $equiv $auto$equiv_make.cc:294:find_same_wires$4494: \rx_active_gold [88] \rx_active_gate [88]
  Unproven $equiv $auto$equiv_make.cc:294:find_same_wires$4509: \rx_active_gold [103] \rx_active_gate [103]
  Unproven $equiv $auto$equiv_make.cc:294:find_same_wires$4505: \rx_active_gold [99] \rx_active_gate [99]
  Unproven $equiv $auto$equiv_make.cc:294:find_same_wires$4124: \u_core.u_fsm.age_counter_r_gold [2] \u_core.u_fsm.age_counter_r_gate [2]
  Unproven $equiv $auto$equiv_make.cc:294:find_same_wires$4122: \u_core.u_fsm.age_counter_r_gold [0] \u_core.u_fsm.age_counter_r_gate [0]
  Unproven $equiv $auto$equiv_make.cc:294:find_same_wires$4468: \u_core.u_fsm.model_req_desc_r_gold [61] 1'0
  Unproven $equiv $auto$equiv_make.cc:294:find_same_wires$4467: \u_core.u_fsm.model_req_desc_r_gold [60] 1'0
  Unproven $equiv $auto$equiv_make.cc:294:find_same_wires$4466: \u_core.u_fsm.model_req_desc_r_gold [59] 1'0
  Unproven $equiv $auto$equiv_make.cc:294:find_same_wires$4217: \u_core.u_mmio.r_oper_en_min_gold [9] \u_core.u_mmio.r_oper_en_min_gate [9]
  Unproven $equiv $auto$equiv_make.cc:294:find_same_wires$4125: \u_core.u_fsm.age_counter_r_gold [3] \u_core.u_fsm.age_counter_r_gate [3]
  Unproven $equiv $auto$equiv_make.cc:294:find_same_wires$4688: \u_core.u_mmio.r_timestamp_gold [3] \u_core.u_mmio.r_timestamp_gate [3]
  Unproven $equiv $auto$equiv_make.cc:294:find_same_wires$5567: \u_core.u_mmio.r_clamp_max_gold [12] \u_core.u_mmio.r_clamp_max_gate [12]
  Unproven $equiv $auto$equiv_make.cc:294:find_same_wires$5666: \rx_active_gold [3] \rx_active_gate [3]
  Unproven $equiv $auto$equiv_make.cc:294:find_same_wires$4459: \u_core.u_fsm.model_req_desc_r_gold [52] \u_core.u_fsm._065__gate [52]
  Unproven $equiv $auto$equiv_make.cc:294:find_same_wires$5141: \u_core.u_mmio.r_timeout_cycles_gold [15] \u_core.u_mmio.r_timeout_cycles_gate [15]
  Unproven $equiv $auto$equiv_make.cc:294:find_same_wires$5642: \u_core.u_fsm.stale_reject_r_gold \u_core.u_fsm.service_error_r_gate
  Unproven $equiv $auto$equiv_make.cc:294:find_same_wires$5634: \u_core.u_safety.last_accepted_cmd_r_gold [10] \u_core.u_safety.last_accepted_cmd_r_gate [10]
  Unproven $equiv $auto$equiv_make.cc:294:find_same_wires$4458: \u_core.u_fsm.model_req_desc_r_gold [51] \u_core.u_fsm._065__gate [51]
  Unproven $equiv $auto$equiv_make.cc:294:find_same_wires$5394: \u_core.u_mmio.wb_dat_o_r_gold [7] \u_core.u_mmio.wb_dat_o_r_gate [7]
  Unproven $equiv $auto$equiv_make.cc:294:find_same_wires$4457: \u_core.u_fsm.model_req_desc_r_gold [50] \u_core.u_fsm._065__gate [50]
  Unproven $equiv $auto$equiv_make.cc:294:find_same_wires$5140: \u_core.u_mmio.r_timeout_cycles_gold [14] \u_core.u_mmio.r_timeout_cycles_gate [14]
  Unproven $equiv $auto$equiv_make.cc:294:find_same_wires$4456: \u_core.u_fsm.model_req_desc_r_gold [49] \u_core.u_fsm._065__gate [49]
  Unproven $equiv $auto$equiv_make.cc:294:find_same_wires$4656: \u_core.u_fsm.state_r_gold [4] \u_core.u_fsm.state_r_gate [4]
  Unproven $equiv $auto$equiv_make.cc:294:find_same_wires$5553: \u_core.u_mmio.r_rate_limit_step_gold [14] \u_core.u_mmio.r_rate_limit_step_gate [14]
  Unproven $equiv $auto$equiv_make.cc:294:find_same_wires$4240: \u_core.u_mmio.r_status_flags_gold [7] \u_core.u_mmio.r_status_flags_gate [7]
  Unproven $equiv $auto$equiv_make.cc:294:find_same_wires$4409: \u_core.u_fsm.model_req_desc_r_gold [2] \u_core.u_fsm._065__gate [2]
  Unproven $equiv $auto$equiv_make.cc:294:find_same_wires$4465: \u_core.u_fsm.model_req_desc_r_gold [58] 1'0
  Unproven $equiv $auto$equiv_make.cc:294:find_same_wires$4455: \u_core.u_fsm.model_req_desc_r_gold [48] \u_core.u_fsm._065__gate [48]
  Unproven $equiv $auto$equiv_make.cc:294:find_same_wires$5281: \u_core.u_fsm.state_r_gold [3] \u_core.u_fsm.state_r_gate [3]
  Unproven $equiv $auto$equiv_make.cc:294:find_same_wires$5265: \u_core.u_fsm.outstanding_req_id_r_gold [7] \u_core.u_fsm.outstanding_req_id_r_gate [7]
  Unproven $equiv $auto$equiv_make.cc:294:find_same_wires$4471: \rx_active_gold [67] \rx_active_gate [67]
  Unproven $equiv $auto$equiv_make.cc:294:find_same_wires$4806: \u_core.u_mmio.r_fallback_cmd_gold [13] \u_core.u_mmio.r_fallback_cmd_gate [13]
  Unproven $equiv $auto$equiv_make.cc:294:find_same_wires$4206: \u_core.u_mmio.r_oper_en_max_gold [14] \u_core.u_mmio.r_oper_en_max_gate [14]
  Unproven $equiv $auto$equiv_make.cc:294:find_same_wires$4507: \rx_active_gold [101] \rx_active_gate [101]
  Unproven $equiv $auto$equiv_make.cc:294:find_same_wires$4874: \u_core.u_mmio.r_rate_limit_en_gold \u_core.u_mmio.r_rate_limit_en_gate
  Unproven $equiv $auto$equiv_make.cc:294:find_same_wires$5392: \u_core.u_mmio.wb_dat_o_r_gold [5] \u_core.u_mmio.wb_dat_o_r_gate [5]
  Unproven $equiv $auto$equiv_make.cc:294:find_same_wires$4453: \u_core.u_fsm.model_req_desc_r_gold [46] \u_core.u_fsm._065__gate [46]
  Unproven $equiv $auto$equiv_make.cc:294:find_same_wires$4602: \u_core.u_fsm.next_state_gold [6] \u_core.u_fsm.next_state_gate [6]
  Unproven $equiv $auto$equiv_make.cc:294:find_same_wires$5621: \u_core.u_safety.reg_clamp_active_r_gold \u_core.u_safety.reg_clamp_active_r_gate
  Unproven $equiv $auto$equiv_make.cc:294:find_same_wires$5401: \u_core.u_mmio.wb_dat_o_r_gold [14] \u_core.u_mmio.wb_dat_o_r_gate [14]
  Unproven $equiv $auto$equiv_make.cc:294:find_same_wires$5397: \u_core.u_mmio.wb_dat_o_r_gold [10] \u_core.u_mmio.wb_dat_o_r_gate [10]
  Unproven $equiv $auto$equiv_make.cc:294:find_same_wires$4238: \u_core.u_mmio.r_status_flags_gold [5] \u_core.u_mmio.r_status_flags_gate [5]
  Unproven $equiv $auto$equiv_make.cc:294:find_same_wires$5393: \u_core.u_mmio.wb_dat_o_r_gold [6] \u_core.u_mmio.wb_dat_o_r_gate [6]
  Unproven $equiv $auto$equiv_make.cc:294:find_same_wires$5389: \u_core.u_mmio.wb_dat_o_r_gold [2] \u_core.u_mmio.wb_dat_o_r_gate [2]
  Unproven $equiv $auto$equiv_make.cc:294:find_same_wires$4123: \u_core.u_fsm.age_counter_r_gold [1] \u_core.u_fsm.age_counter_r_gate [1]
  Unproven $equiv $auto$equiv_make.cc:294:find_same_wires$4502: \rx_active_gold [96] \rx_active_gate [96]
  Unproven $equiv $auto$equiv_make.cc:294:find_same_wires$5054: \u_core.u_mmio.r_geometry_handle_gold [10] \u_core.u_mmio.r_geometry_handle_gate [10]
  Unproven $equiv $auto$equiv_make.cc:294:find_same_wires$4662: \u_core.u_mmio.r_request_id_gold [1] \u_core.u_mmio.r_request_id_gate [1]
  Unproven $equiv $auto$equiv_make.cc:294:find_same_wires$4216: \u_core.u_mmio.r_oper_en_min_gold [8] \u_core.u_mmio.r_oper_en_min_gate [8]
  Unproven $equiv $auto$equiv_make.cc:294:find_same_wires$4887: \u_core.u_mmio.r_rate_limit_step_gold [12] \u_core.u_mmio.r_rate_limit_step_gate [12]
  Unproven $equiv $auto$equiv_make.cc:294:find_same_wires$4249: \u_core.u_mmio.r_timeout_cycles_gold [8] \u_core.u_mmio.r_timeout_cycles_gate [8]
  Unproven $equiv $auto$equiv_make.cc:294:find_same_wires$4883: \u_core.u_mmio.r_rate_limit_step_gold [8] \u_core.u_mmio.r_rate_limit_step_gate [8]
  Unproven $equiv $auto$equiv_make.cc:294:find_same_wires$4881: \u_core.u_mmio.r_rate_limit_step_gold [6] \u_core.u_mmio.r_rate_limit_step_gate [6]
  Unproven $equiv $auto$equiv_make.cc:294:find_same_wires$4879: \u_core.u_mmio.r_rate_limit_step_gold [4] \u_core.u_mmio.r_rate_limit_step_gate [4]
  Unproven $equiv $auto$equiv_make.cc:294:find_same_wires$4248: \u_core.u_mmio.r_timeout_cycles_gold [7] \u_core.u_mmio.r_timeout_cycles_gate [7]
  Unproven $equiv $auto$equiv_make.cc:294:find_same_wires$4875: \u_core.u_mmio.r_rate_limit_step_gold [0] \u_core.u_mmio.r_rate_limit_step_gate [0]
  Unproven $equiv $auto$equiv_make.cc:294:find_same_wires$4481: \rx_active_gold [75] \rx_active_gate [75]
  Unproven $equiv $auto$equiv_make.cc:294:find_same_wires$4330: \u_core.u_fsm.fault_summary_r_gold [5] \u_core.u_fsm._059__gate [2]
  Unproven $equiv $auto$equiv_make.cc:294:find_same_wires$5415: \u_core.u_mmio.wb_dat_o_r_gold [28] \u_core.u_mmio.wb_dat_o_r_gate [28]
  Unproven $equiv $auto$equiv_make.cc:294:find_same_wires$5145: \u_core.u_mmio.r_timeout_cycles_gold [19] \u_core.u_mmio.r_timeout_cycles_gate [19]
  Unproven $equiv $auto$equiv_make.cc:294:find_same_wires$4253: \u_core.u_mmio.r_timeout_cycles_gold [12] \u_core.u_mmio.r_timeout_cycles_gate [12]
  Unproven $equiv $auto$equiv_make.cc:294:find_same_wires$5390: \u_core.u_mmio.wb_dat_o_r_gold [3] \u_core.u_mmio.wb_dat_o_r_gate [3]
  Unproven $equiv $auto$equiv_make.cc:294:find_same_wires$4317: \u_core.u_mmio.r_oper_en_min_gold [3] \u_core.u_mmio.r_oper_en_min_gate [3]
  Unproven $equiv $auto$equiv_make.cc:294:find_same_wires$4313: \u_core.u_mmio.r_oper_en_max_gold [7] \u_core.u_mmio.r_oper_en_max_gate [7]
  Unproven $equiv $auto$equiv_make.cc:294:find_same_wires$5472: \u_core.u_safety.actuator_cmd_r_gold [0] \u_core.u_safety.actuator_cmd_r_gate [0]
  Unproven $equiv $auto$equiv_make.cc:294:find_same_wires$5599: \u_core.u_safety.last_accepted_cmd_r_gold [11] \u_core.u_safety.last_accepted_cmd_r_gate [11]
  Unproven $equiv $auto$equiv_make.cc:294:find_same_wires$3004: \rx_active_gold [6] \rx_active_gate [6]
  Unproven $equiv $auto$equiv_make.cc:294:find_same_wires$4252: \u_core.u_mmio.r_timeout_cycles_gold [11] \u_core.u_mmio.r_timeout_cycles_gate [11]
  Unproven $equiv $auto$equiv_make.cc:294:find_same_wires$5052: \u_core.u_mmio.r_geometry_handle_gold [8] \u_core.u_mmio.r_geometry_handle_gate [8]
  Unproven $equiv $auto$equiv_make.cc:294:find_same_wires$5595: \u_core.u_safety.last_accepted_cmd_r_gold [7] \u_core.u_safety.last_accepted_cmd_r_gate [7]
  Unproven $equiv $auto$equiv_make.cc:294:find_same_wires$3000: \rx_active_gold [2] \rx_active_gate [2]
  Unproven $equiv $auto$equiv_make.cc:294:find_same_wires$4050: \u_core.u_safety.last_accepted_cmd_r_gold [6] \u_core.u_safety.last_accepted_cmd_r_gate [6]
  Unproven $equiv $auto$equiv_make.cc:294:find_same_wires$5591: \u_core.u_safety.last_accepted_cmd_r_gold [3] \u_core.u_safety.last_accepted_cmd_r_gate [3]
  Unproven $equiv $auto$equiv_make.cc:294:find_same_wires$4418: \u_core.u_fsm.model_req_desc_r_gold [11] \u_core.u_fsm._065__gate [11]
  Unproven $equiv $auto$equiv_make.cc:294:find_same_wires$4436: \u_core.u_fsm.model_req_desc_r_gold [29] \u_core.u_fsm._065__gate [29]
  Unproven $equiv $auto$equiv_make.cc:294:find_same_wires$4204: \u_core.u_mmio.r_oper_en_max_gold [12] \u_core.u_mmio.r_oper_en_max_gate [12]
  Unproven $equiv $auto$equiv_make.cc:294:find_same_wires$2994: \u_core.u_mmio.wb_dat_o_r_gold [29] \u_core.u_mmio.wb_dat_o_r_gate [29]
  Unproven $equiv $auto$equiv_make.cc:294:find_same_wires$3827: \u_core.u_mmio.r_timestamp_gold [18] \u_core.u_mmio.r_timestamp_gate [18]
  Unproven $equiv $auto$equiv_make.cc:294:find_same_wires$5684: \rx_active_gold [21] \rx_active_gate [21]
  Unproven $equiv $auto$equiv_make.cc:294:find_same_wires$4326: \u_core.u_fsm.fault_summary_r_gold [1] \u_core.u_fsm._059__gate [0]
  Unproven $equiv $auto$equiv_make.cc:294:find_same_wires$5680: \rx_active_gold [17] \rx_active_gate [17]
  Unproven $equiv $auto$equiv_make.cc:294:find_same_wires$5524: \u_core.u_mmio.r_fallback_cmd_gold [2] \u_core.u_mmio.r_fallback_cmd_gate [2]
  Unproven $equiv $auto$equiv_make.cc:294:find_same_wires$5676: \rx_active_gold [13] \rx_active_gate [13]
  Unproven $equiv $auto$equiv_make.cc:294:find_same_wires$4686: \u_core.u_mmio.r_timestamp_gold [1] \u_core.u_mmio.r_timestamp_gate [1]
  Unproven $equiv $auto$equiv_make.cc:294:find_same_wires$5672: \rx_active_gold [9] \rx_active_gate [9]
  Unproven $equiv $auto$equiv_make.cc:294:find_same_wires$4045: \u_core.u_safety.last_accepted_cmd_r_gold [1] \u_core.u_safety.last_accepted_cmd_r_gate [1]
  Unproven $equiv $auto$equiv_make.cc:294:find_same_wires$5668: \rx_active_gold [5] \rx_active_gate [5]
  Unproven $equiv $auto$equiv_make.cc:294:find_same_wires$5111: \u_core.u_mmio.r_request_id_gold [2] \u_core.u_mmio.r_request_id_gate [2]
  Unproven $equiv $auto$equiv_make.cc:294:find_same_wires$5664: \rx_active_gold [1] \rx_active_gate [1]
  Unproven $equiv $auto$equiv_make.cc:294:find_same_wires$5412: \u_core.u_mmio.wb_dat_o_r_gold [25] \u_core.u_mmio.wb_dat_o_r_gate [25]
  Unproven $equiv $auto$equiv_make.cc:294:find_same_wires$4488: \rx_active_gold [82] \rx_active_gate [82]
  Unproven $equiv $auto$equiv_make.cc:294:find_same_wires$4498: \rx_active_gold [92] \rx_active_gate [92]
  Unproven $equiv $auto$equiv_make.cc:294:find_same_wires$4487: \rx_active_gold [81] \rx_active_gate [81]
  Unproven $equiv $auto$equiv_make.cc:294:find_same_wires$4044: \u_core.u_safety.last_accepted_cmd_r_gold [0] \u_core.u_safety.last_accepted_cmd_r_gate [0]
  Unproven $equiv $auto$equiv_make.cc:294:find_same_wires$4486: \rx_active_gold [80] \rx_active_gate [80]
  Unproven $equiv $auto$equiv_make.cc:294:find_same_wires$5585: \u_core.u_mmio.r_clamp_min_gold [14] \u_core.u_mmio.r_clamp_min_gate [14]
  Unproven $equiv $auto$equiv_make.cc:294:find_same_wires$4485: \rx_active_gold [79] \rx_active_gate [79]
  Unproven $equiv $auto$equiv_make.cc:294:find_same_wires$5750: \u_core.u_mmio.wb_dat_o_r_gold [22] \u_core.u_mmio.wb_dat_o_r_gate [22]
  Unproven $equiv $auto$equiv_make.cc:294:find_same_wires$4529: \rx_active_gold [123] \rx_active_gate [123]
  Unproven $equiv $auto$equiv_make.cc:294:find_same_wires$4483: \rx_active_gold [77] \rx_active_gate [77]
  Unproven $equiv $auto$equiv_make.cc:294:find_same_wires$5636: \u_core.u_safety.last_accepted_cmd_r_gold [12] \u_core.u_safety.last_accepted_cmd_r_gate [12]
  Unproven $equiv $auto$equiv_make.cc:294:find_same_wires$5581: \u_core.u_mmio.r_clamp_min_gold [10] \u_core.u_mmio.r_clamp_min_gate [10]
  Unproven $equiv $auto$equiv_make.cc:294:find_same_wires$5632: \u_core.u_safety.last_accepted_cmd_r_gold [8] \u_core.u_safety.last_accepted_cmd_r_gate [8]
  Unproven $equiv $auto$equiv_make.cc:294:find_same_wires$5748: \u_core.u_mmio.wb_dat_o_r_gold [20] \u_core.u_mmio.wb_dat_o_r_gate [20]
  Unproven $equiv $auto$equiv_make.cc:294:find_same_wires$4604: \u_core.u_fsm.outstanding_req_id_r_gold [0] \u_core.u_fsm.outstanding_req_id_r_gate [0]
  Unproven $equiv $auto$equiv_make.cc:294:find_same_wires$5548: \u_core.u_mmio.r_rate_limit_step_gold [9] \u_core.u_mmio.r_rate_limit_step_gate [9]
  Unproven $equiv $auto$equiv_make.cc:294:find_same_wires$5388: \u_core.u_mmio.wb_dat_o_r_gold [1] \u_core.u_mmio.wb_dat_o_r_gate [1]
  Unproven $equiv $auto$equiv_make.cc:294:find_same_wires$5643: \u_core.u_fsm.timeout_expired_r_gold \u_core.u_fsm.timeout_expired_r_gate
  Unproven $equiv $auto$equiv_make.cc:294:find_same_wires$3830: \u_core.u_mmio.r_timestamp_gold [21] \u_core.u_mmio.r_timestamp_gate [21]
  Unproven $equiv $auto$equiv_make.cc:294:find_same_wires$5450: \u_core.u_mmio.wb_dat_o_r_gold [31] \u_core.u_mmio.wb_dat_o_r_gate [31]
  Unproven $equiv $auto$equiv_make.cc:294:find_same_wires$5285: \u_core.u_fsm.state_r_gold [7] \u_core.u_fsm.state_r_gate [7]
  Unproven $equiv $auto$equiv_make.cc:294:find_same_wires$5269: \u_core.u_fsm.response_req_id_r_gold [1] \u_core.u_fsm.response_req_id_r_gate [1]
  Unproven $equiv $auto$equiv_make.cc:294:find_same_wires$3833: \u_core.u_mmio.r_timestamp_gold [24] \u_core.u_mmio.r_timestamp_gate [24]
  Unproven $equiv $auto$equiv_make.cc:294:find_same_wires$4339: \u_core.u_fsm.fault_summary_r_gold [14] \u_core.u_fsm._059__gate [11]
  Unproven $equiv $auto$equiv_make.cc:294:find_same_wires$4523: \rx_active_gold [117] \rx_active_gate [117]
  Unproven $equiv $auto$equiv_make.cc:294:find_same_wires$4998: \u_core.u_mmio.r_clamp_min_gold [7] \u_core.u_mmio.r_clamp_min_gate [7]
  Unproven $equiv $auto$equiv_make.cc:294:find_same_wires$4478: \rx_active_gold [72] \rx_active_gate [72]
  Unproven $equiv $auto$equiv_make.cc:294:find_same_wires$4473: \u_core.u_fsm.model_req_valid_r_gold 1'0
  Unproven $equiv $auto$equiv_make.cc:294:find_same_wires$5452: \u_core.u_mmio.wb_err_o_r_gold \u_core.u_mmio.wb_err_o_r_gate
  Unproven $equiv $auto$equiv_make.cc:294:find_same_wires$5056: \u_core.u_mmio.r_geometry_handle_gold [12] \u_core.u_mmio.r_geometry_handle_gate [12]
  Unproven $equiv $auto$equiv_make.cc:294:find_same_wires$4996: \u_core.u_mmio.r_clamp_min_gold [5] \u_core.u_mmio.r_clamp_min_gate [5]
  Unproven $equiv $auto$equiv_make.cc:294:find_same_wires$4994: \u_core.u_mmio.r_clamp_min_gold [3] \u_core.u_mmio.r_clamp_min_gate [3]
  Unproven $equiv $auto$equiv_make.cc:294:find_same_wires$4338: \u_core.u_fsm.fault_summary_r_gold [13] \u_core.u_fsm._059__gate [10]
  Unproven $equiv $auto$equiv_make.cc:294:find_same_wires$5727: \rx_active_gold [63] \rx_active_gate [63]
  Unproven $equiv $auto$equiv_make.cc:294:find_same_wires$4484: \rx_active_gold [78] \rx_active_gate [78]
  Unproven $equiv $auto$equiv_make.cc:294:find_same_wires$4435: \u_core.u_fsm.model_req_desc_r_gold [28] \u_core.u_fsm._065__gate [28]
  Unproven $equiv $auto$equiv_make.cc:294:find_same_wires$5685: \rx_active_gold [22] \rx_active_gate [22]
  Unproven $equiv $auto$equiv_make.cc:294:find_same_wires$5544: \u_core.u_mmio.r_rate_limit_step_gold [5] \u_core.u_mmio.r_rate_limit_step_gate [5]
  Unproven $equiv $auto$equiv_make.cc:294:find_same_wires$5523: \u_core.u_mmio.r_fallback_cmd_gold [1] \u_core.u_mmio.r_fallback_cmd_gate [1]
  Unproven $equiv $auto$equiv_make.cc:294:find_same_wires$4325: \u_core.u_fsm.fault_summary_r_gold [0] \u_core.u_fsm._060__gate [0]
  Unproven $equiv $auto$equiv_make.cc:294:find_same_wires$4321: \u_core.u_mmio.r_oper_en_min_gold [7] \u_core.u_mmio.r_oper_en_min_gate [7]
  Unproven $equiv $auto$equiv_make.cc:294:find_same_wires$4320: \u_core.u_mmio.r_oper_en_min_gold [6] \u_core.u_mmio.r_oper_en_min_gate [6]
  Unproven $equiv $auto$equiv_make.cc:294:find_same_wires$4601: \u_core.u_fsm.next_state_gold [5] \u_core.u_fsm.next_state_gate [5]
  Unproven $equiv $auto$equiv_make.cc:294:find_same_wires$4318: \u_core.u_mmio.r_oper_en_min_gold [4] \u_core.u_mmio.r_oper_en_min_gate [4]
  Unproven $equiv $auto$equiv_make.cc:294:find_same_wires$4316: \u_core.u_mmio.r_oper_en_min_gold [2] \u_core.u_mmio.r_oper_en_min_gate [2]
  Unproven $equiv $auto$equiv_make.cc:294:find_same_wires$4314: \u_core.u_mmio.r_oper_en_min_gold [0] \u_core.u_mmio.r_oper_en_min_gate [0]
  Unproven $equiv $auto$equiv_make.cc:294:find_same_wires$5486: \u_core.u_safety.actuator_cmd_r_gold [14] \u_core.u_safety.actuator_cmd_r_gate [14]
  Unproven $equiv $auto$equiv_make.cc:294:find_same_wires$5557: \u_core.u_mmio.r_clamp_max_gold [2] \u_core.u_mmio.r_clamp_max_gate [2]
  Unproven $equiv $auto$equiv_make.cc:294:find_same_wires$4271: \u_core.u_mmio.r_timeout_cycles_gold [30] \u_core.u_mmio.r_timeout_cycles_gate [30]
  Unproven $equiv $auto$equiv_make.cc:294:find_same_wires$4269: \u_core.u_mmio.r_timeout_cycles_gold [28] \u_core.u_mmio.r_timeout_cycles_gate [28]
  Unproven $equiv $auto$equiv_make.cc:294:find_same_wires$4267: \u_core.u_mmio.r_timeout_cycles_gold [26] \u_core.u_mmio.r_timeout_cycles_gate [26]
  Unproven $equiv $auto$equiv_make.cc:294:find_same_wires$4434: \u_core.u_fsm.model_req_desc_r_gold [27] \u_core.u_fsm._065__gate [27]
  Unproven $equiv $auto$equiv_make.cc:294:find_same_wires$5540: \u_core.u_mmio.r_rate_limit_step_gold [1] \u_core.u_mmio.r_rate_limit_step_gate [1]
  Unproven $equiv $auto$equiv_make.cc:294:find_same_wires$4307: \u_core.u_mmio.r_oper_en_max_gold [1] \u_core.u_mmio.r_oper_en_max_gate [1]
  Unproven $equiv $auto$equiv_make.cc:294:find_same_wires$4672: \u_core.u_mmio.r_flow_handle_gold [11] \u_core.u_mmio.r_flow_handle_gate [11]
  Unproven $equiv $auto$equiv_make.cc:294:find_same_wires$4430: \u_core.u_fsm.model_req_desc_r_gold [23] \u_core.u_fsm._065__gate [23]
  Unproven $equiv $auto$equiv_make.cc:294:find_same_wires$4428: \u_core.u_fsm.model_req_desc_r_gold [21] \u_core.u_fsm._065__gate [21]
  Unproven $equiv $auto$equiv_make.cc:294:find_same_wires$4426: \u_core.u_fsm.model_req_desc_r_gold [19] \u_core.u_fsm._065__gate [19]
  Unproven $equiv $auto$equiv_make.cc:294:find_same_wires$4433: \u_core.u_fsm.model_req_desc_r_gold [26] \u_core.u_fsm._065__gate [26]
  Unproven $equiv $auto$equiv_make.cc:294:find_same_wires$5536: \u_core.u_mmio.r_fallback_cmd_gold [14] \u_core.u_mmio.r_fallback_cmd_gate [14]
  Unproven $equiv $auto$equiv_make.cc:294:find_same_wires$5534: \u_core.u_mmio.r_fallback_cmd_gold [12] \u_core.u_mmio.r_fallback_cmd_gate [12]
  Unproven $equiv $auto$equiv_make.cc:294:find_same_wires$4247: \u_core.u_mmio.r_timeout_cycles_gold [6] \u_core.u_mmio.r_timeout_cycles_gate [6]
  Unproven $equiv $auto$equiv_make.cc:294:find_same_wires$5725: \rx_active_gold [61] \rx_active_gate [61]
  Unproven $equiv $auto$equiv_make.cc:294:find_same_wires$5115: \u_core.u_mmio.r_request_id_gold [6] \u_core.u_mmio.r_request_id_gate [6]
  Unproven $equiv $auto$equiv_make.cc:294:find_same_wires$4708: \u_core.u_mmio.r_timestamp_gold [23] \u_core.u_mmio.r_timestamp_gate [23]
  Unproven $equiv $auto$equiv_make.cc:294:find_same_wires$5484: \u_core.u_safety.actuator_cmd_r_gold [12] \u_core.u_safety.actuator_cmd_r_gate [12]
  Unproven $equiv $auto$equiv_make.cc:294:find_same_wires$4244: \u_core.u_mmio.r_timeout_cycles_gold [3] \u_core.u_mmio.r_timeout_cycles_gate [3]
  Unproven $equiv $auto$equiv_make.cc:294:find_same_wires$4463: \u_core.u_fsm.model_req_desc_r_gold [56] 1'0
  Unproven $equiv $auto$equiv_make.cc:294:find_same_wires$5139: \u_core.u_mmio.r_timeout_cycles_gold [13] \u_core.u_mmio.r_timeout_cycles_gate [13]
  Unproven $equiv $auto$equiv_make.cc:294:find_same_wires$5142: \u_core.u_mmio.r_timeout_cycles_gold [16] \u_core.u_mmio.r_timeout_cycles_gate [16]
  Unproven $equiv $auto$equiv_make.cc:294:find_same_wires$4234: \u_core.u_mmio.r_status_flags_gold [1] \u_core.u_mmio.r_status_flags_gate [1]
  Unproven $equiv $auto$equiv_make.cc:294:find_same_wires$4462: \u_core.u_fsm.model_req_desc_r_gold [55] \u_core.u_fsm._065__gate [55]
  Unproven $equiv $auto$equiv_make.cc:294:find_same_wires$4886: \u_core.u_mmio.r_rate_limit_step_gold [11] \u_core.u_mmio.r_rate_limit_step_gate [11]
  Unproven $equiv $auto$equiv_make.cc:294:find_same_wires$4205: \u_core.u_mmio.r_oper_en_max_gold [13] \u_core.u_mmio.r_oper_en_max_gate [13]
  Unproven $equiv $auto$equiv_make.cc:294:find_same_wires$4242: \u_core.u_mmio.r_timeout_cycles_gold [1] \u_core.u_mmio.r_timeout_cycles_gate [1]
  Unproven $equiv $auto$equiv_make.cc:294:find_same_wires$4461: \u_core.u_fsm.model_req_desc_r_gold [54] \u_core.u_fsm._065__gate [54]
  Unproven $equiv $auto$equiv_make.cc:294:find_same_wires$4414: \u_core.u_fsm.model_req_desc_r_gold [7] \u_core.u_fsm._065__gate [7]
  Unproven $equiv $auto$equiv_make.cc:294:find_same_wires$4412: \u_core.u_fsm.model_req_desc_r_gold [5] \u_core.u_fsm._065__gate [5]
  Unproven $equiv $auto$equiv_make.cc:294:find_same_wires$5623: \u_core.u_fsm.fallback_active_r_gold \u_core.u_fsm.fallback_active_r_gate
  Unproven $equiv $auto$equiv_make.cc:294:find_same_wires$4658: \u_core.u_fsm.state_r_gold [6] \u_core.u_fsm.state_r_gate [6]
  Unproven $equiv $auto$equiv_make.cc:294:find_same_wires$4598: \u_core.u_fsm.next_state_gold [2] \u_core.u_fsm.next_state_gate [2]
  Unproven $equiv $auto$equiv_make.cc:294:find_same_wires$4310: \u_core.u_mmio.r_oper_en_max_gold [4] \u_core.u_mmio.r_oper_en_max_gate [4]
  Unproven $equiv $auto$equiv_make.cc:294:find_same_wires$4476: \rx_active_gold [70] \rx_active_gate [70]
  Unproven $equiv $auto$equiv_make.cc:294:find_same_wires$3768: \u_core.u_mmio.r_request_issue_gold \u_core.u_mmio.r_request_issue_gate
  Unproven $equiv $auto$equiv_make.cc:294:find_same_wires$5723: \rx_active_gold [59] \rx_active_gate [59]
  Unproven $equiv $auto$equiv_make.cc:294:find_same_wires$5532: \u_core.u_mmio.r_fallback_cmd_gold [10] \u_core.u_mmio.r_fallback_cmd_gate [10]
  Unproven $equiv $auto$equiv_make.cc:294:find_same_wires$4470: \u_core.u_fsm.model_req_desc_r_gold [63] 1'0
  Unproven $equiv $auto$equiv_make.cc:294:find_same_wires$4183: \u_core.u_mmio.r_geometry_handle_gold [7] \u_core.u_mmio.r_geometry_handle_gate [7]
  Unproven $equiv $auto$equiv_make.cc:294:find_same_wires$4678: \u_core.u_mmio.r_geometry_handle_gold [9] \u_core.u_mmio.r_geometry_handle_gate [9]
  Unproven $equiv $auto$equiv_make.cc:294:find_same_wires$4207: \u_core.u_mmio.r_oper_en_max_gold [15] \u_core.u_mmio.r_oper_en_max_gate [15]
  Unproven $equiv $auto$equiv_make.cc:294:find_same_wires$4454: \u_core.u_fsm.model_req_desc_r_gold [47] \u_core.u_fsm._065__gate [47]
  Unproven $equiv $auto$equiv_make.cc:294:find_same_wires$4220: \u_core.u_mmio.r_oper_en_min_gold [12] \u_core.u_mmio.r_oper_en_min_gate [12]
  Unproven $equiv $auto$equiv_make.cc:294:find_same_wires$4241: \u_core.u_mmio.r_timeout_cycles_gold [0] \u_core.u_mmio.r_timeout_cycles_gate [0]
  Unproven $equiv $auto$equiv_make.cc:294:find_same_wires$4057: \u_core.u_safety.last_accepted_cmd_r_gold [13] \u_core.u_safety.last_accepted_cmd_r_gate [13]
  Unproven $equiv $auto$equiv_make.cc:294:find_same_wires$4603: \u_core.u_fsm.next_state_gold [7] \u_core.u_fsm.next_state_gate [7]
  Unproven $equiv $auto$equiv_make.cc:294:find_same_wires$4246: \u_core.u_mmio.r_timeout_cycles_gold [5] \u_core.u_mmio.r_timeout_cycles_gate [5]
  Unproven $equiv $auto$equiv_make.cc:294:find_same_wires$4596: \u_core.u_fsm.next_state_gold [0] \u_core.u_fsm.next_state_gate [0]
  Unproven $equiv $auto$equiv_make.cc:294:find_same_wires$5058: \u_core.u_mmio.r_geometry_handle_gold [14] \u_core.u_mmio.r_geometry_handle_gate [14]
  Unproven $equiv $auto$equiv_make.cc:294:find_same_wires$3835: \u_core.u_mmio.r_timestamp_gold [26] \u_core.u_mmio.r_timestamp_gate [26]
  Unproven $equiv $auto$equiv_make.cc:294:find_same_wires$4410: \u_core.u_fsm.model_req_desc_r_gold [3] \u_core.u_fsm._065__gate [3]
  Unproven $equiv $auto$equiv_make.cc:294:find_same_wires$4408: \u_core.u_fsm.model_req_desc_r_gold [1] \u_core.u_fsm._065__gate [1]
  Unproven $equiv $auto$equiv_make.cc:294:find_same_wires$5454: \rx_active_gold [64] \rx_active_gate [64]
  Unproven $equiv $auto$equiv_make.cc:294:find_same_wires$4134: \u_core.u_fsm.age_counter_r_gold [12] \u_core.u_fsm.age_counter_r_gate [12]
  Unproven $equiv $auto$equiv_make.cc:294:find_same_wires$4445: \u_core.u_fsm.model_req_desc_r_gold [38] \u_core.u_fsm._065__gate [38]
  Unproven $equiv $auto$equiv_make.cc:294:find_same_wires$4443: \u_core.u_fsm.model_req_desc_r_gold [36] \u_core.u_fsm._065__gate [36]
  Unproven $equiv $auto$equiv_make.cc:294:find_same_wires$4441: \u_core.u_fsm.model_req_desc_r_gold [34] \u_core.u_fsm._065__gate [34]
  Unproven $equiv $auto$equiv_make.cc:294:find_same_wires$4439: \u_core.u_fsm.model_req_desc_r_gold [32] \u_core.u_fsm._065__gate [32]
  Unproven $equiv $auto$equiv_make.cc:294:find_same_wires$5641: \u_core.u_fsm.service_error_r_gold \u_core.u_fsm.service_error_r_gate
  Unproven $equiv $auto$equiv_make.cc:294:find_same_wires$5229: \u_core.u_fsm.fault_summary_r_gold [4] \u_core.u_fsm._059__gate [1]
  Unproven $equiv $auto$equiv_make.cc:294:find_same_wires$5718: \rx_active_gold [54] \rx_active_gate [54]
  Unproven $equiv $auto$equiv_make.cc:294:find_same_wires$5710: \rx_active_gold [46] \rx_active_gate [46]
  Unproven $equiv $auto$equiv_make.cc:294:find_same_wires$4431: \u_core.u_fsm.model_req_desc_r_gold [24] \u_core.u_fsm._065__gate [24]
  Unproven $equiv $auto$equiv_make.cc:294:find_same_wires$4429: \u_core.u_fsm.model_req_desc_r_gold [22] \u_core.u_fsm._065__gate [22]
  Unproven $equiv $auto$equiv_make.cc:294:find_same_wires$4427: \u_core.u_fsm.model_req_desc_r_gold [20] \u_core.u_fsm._065__gate [20]
  Unproven $equiv $auto$equiv_make.cc:294:find_same_wires$4425: \u_core.u_fsm.model_req_desc_r_gold [18] \u_core.u_fsm._065__gate [18]
  Unproven $equiv $auto$equiv_make.cc:294:find_same_wires$5702: \rx_active_gold [38] \rx_active_gate [38]
  Unproven $equiv $auto$equiv_make.cc:294:find_same_wires$5694: \rx_active_gold [31] \rx_active_gate [31]
  Unproven $equiv $auto$equiv_make.cc:294:find_same_wires$4748: \rx_active_gold [0] \rx_active_gate [0]
  Unproven $equiv $auto$equiv_make.cc:294:find_same_wires$4340: \u_core.u_fsm.fault_summary_r_gold [15] \u_core.u_fsm._059__gate [12]
  Unproven $equiv $auto$equiv_make.cc:294:find_same_wires$5113: \u_core.u_mmio.r_request_id_gold [4] \u_core.u_mmio.r_request_id_gate [4]
  Unproven $equiv $auto$equiv_make.cc:294:find_same_wires$4684: \u_core.u_mmio.r_geometry_handle_gold [15] \u_core.u_mmio.r_geometry_handle_gate [15]
  Unproven $equiv $auto$equiv_make.cc:294:find_same_wires$4258: \u_core.u_mmio.r_timeout_cycles_gold [17] \u_core.u_mmio.r_timeout_cycles_gate [17]
  Unproven $equiv $auto$equiv_make.cc:294:find_same_wires$5740: \u_core.u_mmio.wb_dat_o_r_gold [12] \u_core.u_mmio.wb_dat_o_r_gate [12]
  Unproven $equiv $auto$equiv_make.cc:294:find_same_wires$4419: \u_core.u_fsm.model_req_desc_r_gold [12] \u_core.u_fsm._065__gate [12]
  Unproven $equiv $auto$equiv_make.cc:294:find_same_wires$4417: \u_core.u_fsm.model_req_desc_r_gold [10] \u_core.u_fsm._065__gate [10]
  Unproven $equiv $auto$equiv_make.cc:294:find_same_wires$4415: \u_core.u_fsm.model_req_desc_r_gold [8] \u_core.u_fsm._065__gate [8]
  Unproven $equiv $auto$equiv_make.cc:294:find_same_wires$4413: \u_core.u_fsm.model_req_desc_r_gold [6] \u_core.u_fsm._065__gate [6]
  Unproven $equiv $auto$equiv_make.cc:294:find_same_wires$4411: \u_core.u_fsm.model_req_desc_r_gold [4] \u_core.u_fsm._065__gate [4]
  Unproven $equiv $auto$equiv_make.cc:294:find_same_wires$4477: \rx_active_gold [71] \rx_active_gate [71]
  Unproven $equiv $auto$equiv_make.cc:294:find_same_wires$4597: \u_core.u_fsm.next_state_gold [1] \u_core.u_fsm.next_state_gate [1]
  Unproven $equiv $auto$equiv_make.cc:294:find_same_wires$4475: \rx_active_gold [69] \rx_active_gate [69]
  Unproven $equiv $auto$equiv_make.cc:294:find_same_wires$5273: \u_core.u_fsm.response_req_id_r_gold [5] \u_core.u_fsm.response_req_id_r_gate [5]
  Unproven $equiv $auto$equiv_make.cc:294:find_same_wires$5579: \u_core.u_mmio.r_clamp_min_gold [8] \u_core.u_mmio.r_clamp_min_gate [8]
  Unproven $equiv $auto$equiv_make.cc:294:find_same_wires$4676: \u_core.u_mmio.r_flow_handle_gold [15] \u_core.u_mmio.r_flow_handle_gate [15]
  Unproven $equiv $auto$equiv_make.cc:294:find_same_wires$4450: \u_core.u_fsm.model_req_desc_r_gold [43] \u_core.u_fsm._065__gate [43]
  Unproven $equiv $auto$equiv_make.cc:294:find_same_wires$5414: \u_core.u_mmio.wb_dat_o_r_gold [27] \u_core.u_mmio.wb_dat_o_r_gate [27]
  Unproven $equiv $auto$equiv_make.cc:294:find_same_wires$4133: \u_core.u_fsm.age_counter_r_gold [11] \u_core.u_fsm.age_counter_r_gate [11]
  Unproven $equiv $auto$equiv_make.cc:294:find_same_wires$4132: \u_core.u_fsm.age_counter_r_gold [10] \u_core.u_fsm.age_counter_r_gate [10]
  Unproven $equiv $auto$equiv_make.cc:294:find_same_wires$4131: \u_core.u_fsm.age_counter_r_gold [9] \u_core.u_fsm.age_counter_r_gate [9]
  Unproven $equiv $auto$equiv_make.cc:294:find_same_wires$4130: \u_core.u_fsm.age_counter_r_gold [8] \u_core.u_fsm.age_counter_r_gate [8]
  Unproven $equiv $auto$equiv_make.cc:294:find_same_wires$4129: \u_core.u_fsm.age_counter_r_gold [7] \u_core.u_fsm.age_counter_r_gate [7]
  Unproven $equiv $auto$equiv_make.cc:294:find_same_wires$4128: \u_core.u_fsm.age_counter_r_gold [6] \u_core.u_fsm.age_counter_r_gate [6]
  Unproven $equiv $auto$equiv_make.cc:294:find_same_wires$4127: \u_core.u_fsm.age_counter_r_gold [5] \u_core.u_fsm.age_counter_r_gate [5]
  Unproven $equiv $auto$equiv_make.cc:294:find_same_wires$4126: \u_core.u_fsm.age_counter_r_gold [4] \u_core.u_fsm.age_counter_r_gate [4]
  Unproven $equiv $auto$equiv_make.cc:294:find_same_wires$4243: \u_core.u_mmio.r_timeout_cycles_gold [2] \u_core.u_mmio.r_timeout_cycles_gate [2]
  Unproven $equiv $auto$equiv_make.cc:294:find_same_wires$4407: \u_core.u_fsm.model_req_desc_r_gold [0] \u_core.u_fsm._065__gate [0]
  Unproven $equiv $auto$equiv_make.cc:294:find_same_wires$5752: \u_core.u_mmio.wb_dat_o_r_gold [24] \u_core.u_mmio.wb_dat_o_r_gate [24]
  Unproven $equiv $auto$equiv_make.cc:294:find_same_wires$5474: \u_core.u_safety.actuator_cmd_r_gold [2] \u_core.u_safety.actuator_cmd_r_gate [2]
  Unproven $equiv $auto$equiv_make.cc:294:find_same_wires$4808: \u_core.u_mmio.r_fallback_cmd_gold [15] \u_core.u_mmio.r_fallback_cmd_gate [15]
  Unproven $equiv $auto$equiv_make.cc:294:find_same_wires$4221: \u_core.u_mmio.r_oper_en_min_gold [13] \u_core.u_mmio.r_oper_en_min_gate [13]
  Unproven $equiv $auto$equiv_make.cc:294:find_same_wires$4528: \rx_active_gold [122] \rx_active_gate [122]
  Unproven $equiv $auto$equiv_make.cc:294:find_same_wires$4500: \rx_active_gold [94] \rx_active_gate [94]
  Unproven $equiv $auto$equiv_make.cc:294:find_same_wires$5151: \u_core.u_mmio.r_timeout_cycles_gold [25] \u_core.u_mmio.r_timeout_cycles_gate [25]
  Unproven $equiv $auto$equiv_make.cc:294:find_same_wires$5410: \u_core.u_mmio.wb_dat_o_r_gold [23] \u_core.u_mmio.wb_dat_o_r_gate [23]
  Unproven $equiv $auto$equiv_make.cc:294:find_same_wires$4692: \u_core.u_mmio.r_timestamp_gold [7] \u_core.u_mmio.r_timestamp_gate [7]
  Unproven $equiv $auto$equiv_make.cc:294:find_same_wires$3818: \u_core.u_mmio.r_timestamp_gold [9] \u_core.u_mmio.r_timestamp_gate [9]
  Unproven $equiv $auto$equiv_make.cc:294:find_same_wires$4331: \u_core.u_fsm.fault_summary_r_gold [6] \u_core.u_fsm._059__gate [3]
  Unproven $equiv $auto$equiv_make.cc:294:find_same_wires$4264: \u_core.u_mmio.r_timeout_cycles_gold [23] \u_core.u_mmio.r_timeout_cycles_gate [23]
  Unproven $equiv $auto$equiv_make.cc:294:find_same_wires$5476: \u_core.u_safety.actuator_cmd_r_gold [4] \u_core.u_safety.actuator_cmd_r_gate [4]
  Unproven $equiv $auto$equiv_make.cc:294:find_same_wires$5180: \u_core.u_mmio.r_timestamp_gold [22] \u_core.u_mmio.r_timestamp_gate [22]
  Unproven $equiv $auto$equiv_make.cc:294:find_same_wires$5531: \u_core.u_mmio.r_fallback_cmd_gold [9] \u_core.u_mmio.r_fallback_cmd_gate [9]
  Unproven $equiv $auto$equiv_make.cc:294:find_same_wires$4600: \u_core.u_fsm.next_state_gold [4] \u_core.u_fsm.next_state_gate [4]
  Unproven $equiv $auto$equiv_make.cc:294:find_same_wires$4800: \u_core.u_mmio.r_fallback_cmd_gold [7] \u_core.u_mmio.r_fallback_cmd_gate [7]
  Unproven $equiv $auto$equiv_make.cc:294:find_same_wires$4239: \u_core.u_mmio.r_status_flags_gold [6] \u_core.u_mmio.r_status_flags_gate [6]
  Unproven $equiv $auto$equiv_make.cc:294:find_same_wires$4327: \u_core.u_fsm.fault_summary_r_gold [2] \u_core.u_fsm._060__gate [1]
  Unproven $equiv $auto$equiv_make.cc:294:find_same_wires$4526: \rx_active_gold [120] \rx_active_gate [120]
  Unproven $equiv $auto$equiv_make.cc:294:find_same_wires$4525: \rx_active_gold [119] \rx_active_gate [119]
  Unproven $equiv $auto$equiv_make.cc:294:find_same_wires$3820: \u_core.u_mmio.r_timestamp_gold [11] \u_core.u_mmio.r_timestamp_gate [11]
  Unproven $equiv $auto$equiv_make.cc:294:find_same_wires$4524: \rx_active_gold [118] \rx_active_gate [118]
  Unproven $equiv $auto$equiv_make.cc:294:find_same_wires$3809: \u_core.u_mmio.r_timestamp_gold [0] \u_core.u_mmio.r_timestamp_gate [0]
  Unproven $equiv $auto$equiv_make.cc:294:find_same_wires$3825: \u_core.u_mmio.r_timestamp_gold [16] \u_core.u_mmio.r_timestamp_gate [16]
  Unproven $equiv $auto$equiv_make.cc:294:find_same_wires$5681: \rx_active_gold [18] \rx_active_gate [18]
  Unproven $equiv $auto$equiv_make.cc:294:find_same_wires$5673: \rx_active_gold [10] \rx_active_gate [10]
  Unproven $equiv $auto$equiv_make.cc:294:find_same_wires$5562: \u_core.u_mmio.r_clamp_max_gold [7] \u_core.u_mmio.r_clamp_max_gate [7]
  Unproven $equiv $auto$equiv_make.cc:294:find_same_wires$3822: \u_core.u_mmio.r_timestamp_gold [13] \u_core.u_mmio.r_timestamp_gate [13]
  Unproven $equiv $auto$equiv_make.cc:294:find_same_wires$4448: \u_core.u_fsm.model_req_desc_r_gold [41] \u_core.u_fsm._065__gate [41]
  Unproven $equiv $auto$equiv_make.cc:294:find_same_wires$3813: \u_core.u_mmio.r_timestamp_gold [4] \u_core.u_mmio.r_timestamp_gate [4]
  Unproven $equiv $auto$equiv_make.cc:294:find_same_wires$4251: \u_core.u_mmio.r_timeout_cycles_gold [10] \u_core.u_mmio.r_timeout_cycles_gate [10]
  Unproven $equiv $auto$equiv_make.cc:294:find_same_wires$3811: \u_core.u_mmio.r_timestamp_gold [2] \u_core.u_mmio.r_timestamp_gate [2]
  Unproven $equiv $auto$equiv_make.cc:294:find_same_wires$5549: \u_core.u_mmio.r_rate_limit_step_gold [10] \u_core.u_mmio.r_rate_limit_step_gate [10]
  Unproven $equiv $auto$equiv_make.cc:294:find_same_wires$5678: \rx_active_gold [15] \rx_active_gate [15]
  Unproven $equiv $auto$equiv_make.cc:294:find_same_wires$5541: \u_core.u_mmio.r_rate_limit_step_gold [2] \u_core.u_mmio.r_rate_limit_step_gate [2]
  Unproven $equiv $auto$equiv_make.cc:294:find_same_wires$4452: \u_core.u_fsm.model_req_desc_r_gold [45] \u_core.u_fsm._065__gate [45]
  Unproven $equiv $auto$equiv_make.cc:294:find_same_wires$4451: \u_core.u_fsm.model_req_desc_r_gold [44] \u_core.u_fsm._065__gate [44]
  Unproven $equiv $auto$equiv_make.cc:294:find_same_wires$5633: \u_core.u_safety.last_accepted_cmd_r_gold [9] \u_core.u_safety.last_accepted_cmd_r_gate [9]
  Unproven $equiv $auto$equiv_make.cc:294:find_same_wires$4049: \u_core.u_safety.last_accepted_cmd_r_gold [5] \u_core.u_safety.last_accepted_cmd_r_gate [5]
  Unproven $equiv $auto$equiv_make.cc:294:find_same_wires$4449: \u_core.u_fsm.model_req_desc_r_gold [42] \u_core.u_fsm._065__gate [42]
  Unproven $equiv $auto$equiv_make.cc:294:find_same_wires$3828: \u_core.u_mmio.r_timestamp_gold [19] \u_core.u_mmio.r_timestamp_gate [19]
  Unproven $equiv $auto$equiv_make.cc:294:find_same_wires$5482: \u_core.u_safety.actuator_cmd_r_gold [10] \u_core.u_safety.actuator_cmd_r_gate [10]
  Unproven $equiv $auto$equiv_make.cc:294:find_same_wires$5662: \u_core.u_mmio.wb_ack_o_r_gold \u_core.u_mmio.wb_ack_o_r_gate
  Unproven $equiv $auto$equiv_make.cc:294:find_same_wires$4182: \u_core.u_mmio.r_geometry_handle_gold [6] \u_core.u_mmio.r_geometry_handle_gate [6]
  Unproven $equiv $auto$equiv_make.cc:294:find_same_wires$4674: \u_core.u_mmio.r_flow_handle_gold [13] \u_core.u_mmio.r_flow_handle_gate [13]
  Unproven $equiv $auto$equiv_make.cc:294:find_same_wires$5746: \u_core.u_mmio.wb_dat_o_r_gold [18] \u_core.u_mmio.wb_dat_o_r_gate [18]
  Unproven $equiv $auto$equiv_make.cc:294:find_same_wires$5172: \u_core.u_mmio.r_timestamp_gold [14] \u_core.u_mmio.r_timestamp_gate [14]
  Unproven $equiv $auto$equiv_make.cc:294:find_same_wires$5744: \u_core.u_mmio.wb_dat_o_r_gold [16] \u_core.u_mmio.wb_dat_o_r_gate [16]
  Unproven $equiv $auto$equiv_make.cc:294:find_same_wires$4664: \u_core.u_mmio.r_request_id_gold [3] \u_core.u_mmio.r_request_id_gate [3]
  Unproven $equiv $auto$equiv_make.cc:294:find_same_wires$4682: \u_core.u_mmio.r_geometry_handle_gold [13] \u_core.u_mmio.r_geometry_handle_gate [13]
  Unproven $equiv $auto$equiv_make.cc:294:find_same_wires$3826: \u_core.u_mmio.r_timestamp_gold [17] \u_core.u_mmio.r_timestamp_gate [17]
  Unproven $equiv $auto$equiv_make.cc:294:find_same_wires$5261: \u_core.u_fsm.outstanding_req_id_r_gold [3] \u_core.u_fsm.outstanding_req_id_r_gate [3]
  Unproven $equiv $auto$equiv_make.cc:294:find_same_wires$4796: \u_core.u_mmio.r_fallback_cmd_gold [3] \u_core.u_mmio.r_fallback_cmd_gate [3]
  Unproven $equiv $auto$equiv_make.cc:294:find_same_wires$4511: \rx_active_gold [105] \rx_active_gate [105]
  Unproven $equiv $auto$equiv_make.cc:294:find_same_wires$5689: \rx_active_gold [26] \rx_active_gate [26]
  Unproven $equiv $auto$equiv_make.cc:294:find_same_wires$3829: \u_core.u_mmio.r_timestamp_gold [20] \u_core.u_mmio.r_timestamp_gate [20]
  Unproven $equiv $auto$equiv_make.cc:294:find_same_wires$3760: \u_core.u_mmio.r_request_id_gold [0] \u_core.u_mmio.r_request_id_gate [0]
  Unproven $equiv $auto$equiv_make.cc:294:find_same_wires$5724: \rx_active_gold [60] \rx_active_gate [60]
  Unproven $equiv $auto$equiv_make.cc:294:find_same_wires$4446: \u_core.u_fsm.model_req_desc_r_gold [39] \u_core.u_fsm._065__gate [39]
  Unproven $equiv $auto$equiv_make.cc:294:find_same_wires$4444: \u_core.u_fsm.model_req_desc_r_gold [37] \u_core.u_fsm._065__gate [37]
  Unproven $equiv $auto$equiv_make.cc:294:find_same_wires$5483: \u_core.u_safety.actuator_cmd_r_gold [11] \u_core.u_safety.actuator_cmd_r_gate [11]
  Unproven $equiv $auto$equiv_make.cc:294:find_same_wires$4442: \u_core.u_fsm.model_req_desc_r_gold [35] \u_core.u_fsm._065__gate [35]
  Unproven $equiv $auto$equiv_make.cc:294:find_same_wires$5475: \u_core.u_safety.actuator_cmd_r_gold [3] \u_core.u_safety.actuator_cmd_r_gate [3]
  Unproven $equiv $auto$equiv_make.cc:294:find_same_wires$4440: \u_core.u_fsm.model_req_desc_r_gold [33] \u_core.u_fsm._065__gate [33]
  Unproven $equiv $auto$equiv_make.cc:294:find_same_wires$5572: \u_core.u_mmio.r_clamp_min_gold [1] \u_core.u_mmio.r_clamp_min_gate [1]
  Unproven $equiv $auto$equiv_make.cc:294:find_same_wires$4272: \u_core.u_mmio.r_timeout_cycles_gold [31] \u_core.u_mmio.r_timeout_cycles_gate [31]
  Unproven $equiv $auto$equiv_make.cc:294:find_same_wires$4270: \u_core.u_mmio.r_timeout_cycles_gold [29] \u_core.u_mmio.r_timeout_cycles_gate [29]
  Unproven $equiv $auto$equiv_make.cc:294:find_same_wires$4268: \u_core.u_mmio.r_timeout_cycles_gold [27] \u_core.u_mmio.r_timeout_cycles_gate [27]
  Unproven $equiv $auto$equiv_make.cc:294:find_same_wires$5561: \u_core.u_mmio.r_clamp_max_gold [6] \u_core.u_mmio.r_clamp_max_gate [6]
  Unproven $equiv $auto$equiv_make.cc:294:find_same_wires$4424: \u_core.u_fsm.model_req_desc_r_gold [17] \u_core.u_fsm._065__gate [17]
  Unproven $equiv $auto$equiv_make.cc:294:find_same_wires$5583: \u_core.u_mmio.r_clamp_min_gold [12] \u_core.u_mmio.r_clamp_min_gate [12]
  Unproven $equiv $auto$equiv_make.cc:294:find_same_wires$4670: \u_core.u_mmio.r_flow_handle_gold [9] \u_core.u_mmio.r_flow_handle_gate [9]
  Unproven $equiv $auto$equiv_make.cc:294:find_same_wires$4416: \u_core.u_fsm.model_req_desc_r_gold [9] \u_core.u_fsm._065__gate [9]
  Unproven $equiv $auto$equiv_make.cc:294:find_same_wires$4668: \u_core.u_mmio.r_request_id_gold [7] \u_core.u_mmio.r_request_id_gate [7]
  Unproven $equiv $auto$equiv_make.cc:294:find_same_wires$4223: \u_core.u_mmio.r_oper_en_min_gold [15] \u_core.u_mmio.r_oper_en_min_gate [15]
  Unproven $equiv $auto$equiv_make.cc:294:find_same_wires$4666: \u_core.u_mmio.r_request_id_gold [5] \u_core.u_mmio.r_request_id_gate [5]
  Unproven $equiv $auto$equiv_make.cc:294:find_same_wires$4222: \u_core.u_mmio.r_oper_en_min_gold [14] \u_core.u_mmio.r_oper_en_min_gate [14]
  Unproven $equiv $auto$equiv_make.cc:294:find_same_wires$4306: \u_core.u_mmio.r_oper_en_max_gold [0] \u_core.u_mmio.r_oper_en_max_gate [0]
  Unproven $equiv $auto$equiv_make.cc:294:find_same_wires$4250: \u_core.u_mmio.r_timeout_cycles_gold [9] \u_core.u_mmio.r_timeout_cycles_gate [9]
  Unproven $equiv $auto$equiv_make.cc:294:find_same_wires$5522: \u_core.u_mmio.r_fallback_cmd_gold [0] \u_core.u_mmio.r_fallback_cmd_gate [0]
  Unproven $equiv $auto$equiv_make.cc:294:find_same_wires$4878: \u_core.u_mmio.r_rate_limit_step_gold [3] \u_core.u_mmio.r_rate_limit_step_gate [3]
  Unproven $equiv $auto$equiv_make.cc:294:find_same_wires$4599: \u_core.u_fsm.next_state_gold [3] \u_core.u_fsm.next_state_gate [3]
  Unproven $equiv $auto$equiv_make.cc:294:find_same_wires$5530: \u_core.u_mmio.r_fallback_cmd_gold [8] \u_core.u_mmio.r_fallback_cmd_gate [8]
  Unproven $equiv $auto$equiv_make.cc:294:find_same_wires$3840: \u_core.u_mmio.r_timestamp_gold [31] \u_core.u_mmio.r_timestamp_gate [31]
  Unproven $equiv $auto$equiv_make.cc:294:find_same_wires$4990: \u_core.u_mmio.r_clamp_max_gold [15] \u_core.u_mmio.r_clamp_max_gate [15]
  Unproven $equiv $auto$equiv_make.cc:294:find_same_wires$3839: \u_core.u_mmio.r_timestamp_gold [30] \u_core.u_mmio.r_timestamp_gate [30]
  Unproven $equiv $auto$equiv_make.cc:294:find_same_wires$4988: \u_core.u_mmio.r_clamp_max_gold [13] \u_core.u_mmio.r_clamp_max_gate [13]
  Unproven $equiv $auto$equiv_make.cc:294:find_same_wires$5480: \u_core.u_safety.actuator_cmd_r_gold [8] \u_core.u_safety.actuator_cmd_r_gate [8]
  Unproven $equiv $auto$equiv_make.cc:294:find_same_wires$4337: \u_core.u_fsm.fault_summary_r_gold [12] \u_core.u_fsm._059__gate [9]
  Unproven $equiv $auto$equiv_make.cc:294:find_same_wires$4262: \u_core.u_mmio.r_timeout_cycles_gold [21] \u_core.u_mmio.r_timeout_cycles_gate [21]
  Unproven $equiv $auto$equiv_make.cc:294:find_same_wires$4336: \u_core.u_fsm.fault_summary_r_gold [11] \u_core.u_fsm._059__gate [8]
  Unproven $equiv $auto$equiv_make.cc:294:find_same_wires$4259: \u_core.u_mmio.r_timeout_cycles_gold [18] \u_core.u_mmio.r_timeout_cycles_gate [18]
  Unproven $equiv $auto$equiv_make.cc:294:find_same_wires$4335: \u_core.u_fsm.fault_summary_r_gold [10] \u_core.u_fsm._059__gate [7]
  Unproven $equiv $auto$equiv_make.cc:294:find_same_wires$4261: \u_core.u_mmio.r_timeout_cycles_gold [20] \u_core.u_mmio.r_timeout_cycles_gate [20]
  Unproven $equiv $auto$equiv_make.cc:294:find_same_wires$4334: \u_core.u_fsm.fault_summary_r_gold [9] \u_core.u_fsm._059__gate [6]
  Unproven $equiv $auto$equiv_make.cc:294:find_same_wires$5478: \u_core.u_safety.actuator_cmd_r_gold [6] \u_core.u_safety.actuator_cmd_r_gate [6]
  Unproven $equiv $auto$equiv_make.cc:294:find_same_wires$4333: \u_core.u_fsm.fault_summary_r_gold [8] \u_core.u_fsm._059__gate [5]
  Unproven $equiv $auto$equiv_make.cc:294:find_same_wires$4527: \rx_active_gold [121] \rx_active_gate [121]
  Unproven $equiv $auto$equiv_make.cc:294:find_same_wires$4332: \u_core.u_fsm.fault_summary_r_gold [7] \u_core.u_fsm._059__gate [4]
  Unproven $equiv $auto$equiv_make.cc:294:find_same_wires$4309: \u_core.u_mmio.r_oper_en_max_gold [3] \u_core.u_mmio.r_oper_en_max_gate [3]
  Unproven $equiv $auto$equiv_make.cc:294:find_same_wires$4308: \u_core.u_mmio.r_oper_en_max_gold [2] \u_core.u_mmio.r_oper_en_max_gate [2]
  Unproven $equiv $auto$equiv_make.cc:294:find_same_wires$5528: \u_core.u_mmio.r_fallback_cmd_gold [6] \u_core.u_mmio.r_fallback_cmd_gate [6]
  Unproven $equiv $auto$equiv_make.cc:294:find_same_wires$5526: \u_core.u_mmio.r_fallback_cmd_gold [4] \u_core.u_mmio.r_fallback_cmd_gate [4]
  Unproven $equiv $auto$equiv_make.cc:294:find_same_wires$3824: \u_core.u_mmio.r_timestamp_gold [15] \u_core.u_mmio.r_timestamp_gate [15]
Found a total of 997 unproven $equiv cells.

ERROR: Found 997 unproven $equiv cells in 'equiv_status -assert'.