/----------------------------------------------------------------------------\
 |  yosys -- Yosys Open SYnthesis Suite                                       |
 |  Copyright (C) 2012 - 2025  Claire Xenia Wolf <claire@yosyshq.com>         |
 |  Distributed under an ISC-like license, type "license" to see terms        |
 \----------------------------------------------------------------------------/
 Yosys 0.56 (git sha1 9c447ad9d4b1ea589369364eea38b4d70da2c599, x86_64-w64-mingw32-g++ 15.2.0 -march=nocona -msahf -mtune=generic -O2 -fstack-protector-strong -O3)

-- Executing script file `C:\Users\satheesh\chiploop-saas\.tmp_lec_repro\part_adaptive_aero_control_top.ys' --

1. Executing Verilog-2005 frontend: C:\Users\satheesh\chiploop-saas\.tmp_workflow_a51ebfb7\fpga\handoff\rtl\adaptive_aero_control_top.v
Parsing SystemVerilog input from `C:\Users\satheesh\chiploop-saas\.tmp_workflow_a51ebfb7\fpga\handoff\rtl\adaptive_aero_control_top.v' to AST representation.
Generating RTLIL representation for module `\adaptive_aero_control_top'.
Successfully finished Verilog frontend.

2. Executing Verilog-2005 frontend: C:\Users\satheesh\chiploop-saas\.tmp_workflow_a51ebfb7\fpga\handoff\rtl\adaptive_aero_control_top_actuator_safety.v
Parsing SystemVerilog input from `C:\Users\satheesh\chiploop-saas\.tmp_workflow_a51ebfb7\fpga\handoff\rtl\adaptive_aero_control_top_actuator_safety.v' to AST representation.
Generating RTLIL representation for module `\adaptive_aero_control_top_actuator_safety'.
Successfully finished Verilog frontend.

3. Executing Verilog-2005 frontend: C:\Users\satheesh\chiploop-saas\.tmp_workflow_a51ebfb7\fpga\handoff\rtl\adaptive_aero_control_top_mmio.v
Parsing SystemVerilog input from `C:\Users\satheesh\chiploop-saas\.tmp_workflow_a51ebfb7\fpga\handoff\rtl\adaptive_aero_control_top_mmio.v' to AST representation.
Generating RTLIL representation for module `\adaptive_aero_control_top_mmio'.
Successfully finished Verilog frontend.

4. Executing Verilog-2005 frontend: C:\Users\satheesh\chiploop-saas\.tmp_workflow_a51ebfb7\fpga\handoff\rtl\adaptive_aero_control_top_request_fsm.v
Parsing SystemVerilog input from `C:\Users\satheesh\chiploop-saas\.tmp_workflow_a51ebfb7\fpga\handoff\rtl\adaptive_aero_control_top_request_fsm.v' to AST representation.
Generating RTLIL representation for module `\adaptive_aero_control_top_request_fsm'.
Successfully finished Verilog frontend.

5. Executing Verilog-2005 frontend: C:\Users\satheesh\chiploop-saas\.tmp_workflow_a51ebfb7\fpga\handoff\rtl\adaptive_aero_control_top_spi_fpga_top.sv
Parsing SystemVerilog input from `C:\Users\satheesh\chiploop-saas\.tmp_workflow_a51ebfb7\fpga\handoff\rtl\adaptive_aero_control_top_spi_fpga_top.sv' to AST representation.
Generating RTLIL representation for module `\adaptive_aero_control_top_spi_fpga_top'.
Successfully finished Verilog frontend.

6. Executing PREP pass.

6.1. Executing HIERARCHY pass (managing design hierarchy).

6.1.1. Analyzing design hierarchy..
Top module:  \adaptive_aero_control_top
Used module:     \adaptive_aero_control_top_actuator_safety
Used module:     \adaptive_aero_control_top_request_fsm
Used module:     \adaptive_aero_control_top_mmio

6.1.2. Analyzing design hierarchy..
Top module:  \adaptive_aero_control_top
Used module:     \adaptive_aero_control_top_actuator_safety
Used module:     \adaptive_aero_control_top_request_fsm
Used module:     \adaptive_aero_control_top_mmio
Removing unused module `\adaptive_aero_control_top_spi_fpga_top'.
Removed 1 unused modules.

6.2. Executing PROC pass (convert processes to netlists).

6.2.1. Executing PROC_CLEAN pass (remove empty switches from decision trees).
Found and cleaned up 1 empty switch in `\adaptive_aero_control_top_request_fsm.$proc$C:\Users\satheesh\chiploop-saas\.tmp_workflow_a51ebfb7\fpga\handoff\rtl\adaptive_aero_control_top_request_fsm.v:137$86'.
Cleaned up 1 empty switch.

6.2.2. Executing PROC_RMDEAD pass (remove dead branches from decision trees).
Marked 1 switch rules as full_case in process $proc$C:\Users\satheesh\chiploop-saas\.tmp_workflow_a51ebfb7\fpga\handoff\rtl\adaptive_aero_control_top_request_fsm.v:237$108 in module adaptive_aero_control_top_request_fsm.
Marked 9 switch rules as full_case in process $proc$C:\Users\satheesh\chiploop-saas\.tmp_workflow_a51ebfb7\fpga\handoff\rtl\adaptive_aero_control_top_request_fsm.v:137$86 in module adaptive_aero_control_top_request_fsm.
Marked 2 switch rules as full_case in process $proc$C:\Users\satheesh\chiploop-saas\.tmp_workflow_a51ebfb7\fpga\handoff\rtl\adaptive_aero_control_top_mmio.v:156$83 in module adaptive_aero_control_top_mmio.
Marked 3 switch rules as full_case in process $proc$C:\Users\satheesh\chiploop-saas\.tmp_workflow_a51ebfb7\fpga\handoff\rtl\adaptive_aero_control_top_actuator_safety.v:87$25 in module adaptive_aero_control_top_actuator_safety.
Removed a total of 0 dead cases.

6.2.3. Executing PROC_PRUNE pass (remove redundant assignments in processes).
Removed 25 redundant assignments.
Promoted 22 assignments to connections.

6.2.4. Executing PROC_INIT pass (extract init attributes).

6.2.5. Executing PROC_ARST pass (detect async resets in processes).
Found async reset \reset_n in `\adaptive_aero_control_top_request_fsm.$proc$C:\Users\satheesh\chiploop-saas\.tmp_workflow_a51ebfb7\fpga\handoff\rtl\adaptive_aero_control_top_request_fsm.v:237$108'.
Found async reset \reset_n in `\adaptive_aero_control_top_mmio.$proc$C:\Users\satheesh\chiploop-saas\.tmp_workflow_a51ebfb7\fpga\handoff\rtl\adaptive_aero_control_top_mmio.v:156$83'.
Found async reset \reset_n in `\adaptive_aero_control_top_actuator_safety.$proc$C:\Users\satheesh\chiploop-saas\.tmp_workflow_a51ebfb7\fpga\handoff\rtl\adaptive_aero_control_top_actuator_safety.v:87$25'.

6.2.6. Executing PROC_ROM pass (convert switches to ROMs).
Converted 0 switches.
<suppressed ~18 debug messages>

6.2.7. Executing PROC_MUX pass (convert decision trees to multiplexers).
Creating decoders for process `\adaptive_aero_control_top_request_fsm.$proc$C:\Users\satheesh\chiploop-saas\.tmp_workflow_a51ebfb7\fpga\handoff\rtl\adaptive_aero_control_top_request_fsm.v:237$108'.
     1/18: $0\model_rsp_ready_r[0:0]
     2/18: $0\model_req_valid_r[0:0]
     3/18: $0\model_req_desc_r[63:0]
     4/18: $0\fault_summary_r[15:0]
     5/18: $0\age_counter_r[31:0]
     6/18: $0\selected_cmd_valid_r[0:0]
     7/18: $0\selected_cmd_r[15:0]
     8/18: $0\irq_pulse_r[0:0]
     9/18: $0\fallback_active_r[0:0]
    10/18: $0\service_error_r[0:0]
    11/18: $0\envelope_violation_r[0:0]
    12/18: $0\timeout_expired_r[0:0]
    13/18: $0\stale_reject_r[0:0]
    14/18: $0\response_received_r[0:0]
    15/18: $0\pending_r[0:0]
    16/18: $0\response_req_id_r[7:0]
    17/18: $0\outstanding_req_id_r[7:0]
    18/18: $0\state_r[7:0]
Creating decoders for process `\adaptive_aero_control_top_request_fsm.$proc$C:\Users\satheesh\chiploop-saas\.tmp_workflow_a51ebfb7\fpga\handoff\rtl\adaptive_aero_control_top_request_fsm.v:137$86'.
     1/61: $8\next_state[7:0]
     2/61: $3\selected_cmd_next[15:0]
     3/61: $3\selected_cmd_valid_next[0:0]
     4/61: $4\next_age_counter[31:0]
     5/61: $7\next_state[7:0]
     6/61: $7\next_pending[0:0]
     7/61: $1\next_outstanding_req_id[7:0]
     8/61: $6\next_fault_summary[15:0] [15:5]
     9/61: $6\next_fault_summary[15:0] [4]
    10/61: $6\next_fault_summary[15:0] [3:2]
    11/61: $6\next_fault_summary[15:0] [1]
    12/61: $6\next_fault_summary[15:0] [0]
    13/61: $3\next_age_counter[31:0]
    14/61: $6\next_irq_pulse[0:0]
    15/61: $2\selected_cmd_valid_next[0:0]
    16/61: $2\selected_cmd_next[15:0]
    17/61: $6\next_pending[0:0]
    18/61: $6\next_state[7:0]
    19/61: $6\next_fallback_active[0:0]
    20/61: $2\next_service_error[0:0]
    21/61: $2\next_stale_reject[0:0]
    22/61: $5\next_fault_summary[15:0]
    23/61: $2\next_age_counter[31:0]
    24/61: $5\next_irq_pulse[0:0]
    25/61: $5\next_fallback_active[0:0]
    26/61: $1\next_service_error[0:0]
    27/61: $1\next_stale_reject[0:0]
    28/61: $5\next_pending[0:0]
    29/61: $5\next_state[7:0]
    30/61: $1\selected_cmd_valid_next[0:0]
    31/61: $1\selected_cmd_next[15:0]
    32/61: $1\next_response_received[0:0]
    33/61: $1\response_ok[0:0]
    34/61: $1\id_match[0:0]
    35/61: $1\next_response_req_id[7:0]
    36/61: $4\next_fault_summary[2:2]
    37/61: $4\next_irq_pulse[0:0]
    38/61: $4\next_pending[0:0]
    39/61: $4\next_state[7:0]
    40/61: $4\next_fallback_active[0:0]
    41/61: $1\next_envelope_violation[0:0]
    42/61: $3\next_fault_summary[3:3]
    43/61: $3\next_pending[0:0]
    44/61: $3\next_state[7:0]
    45/61: $3\next_irq_pulse[0:0]
    46/61: $3\next_fallback_active[0:0]
    47/61: $2\next_fault_summary[0:0]
    48/61: $2\next_pending[0:0]
    49/61: $2\next_state[7:0]
    50/61: $2\next_irq_pulse[0:0]
    51/61: $2\next_fallback_active[0:0]
    52/61: $2\next_timeout_expired[0:0]
    53/61: $2\timeout_bad[0:0]
    54/61: $1\timeout_bad[0:0]
    55/61: $1\next_fault_summary[0:0]
    56/61: $1\next_irq_pulse[0:0]
    57/61: $1\next_fallback_active[0:0]
    58/61: $1\next_timeout_expired[0:0]
    59/61: $1\next_pending[0:0]
    60/61: $1\next_state[7:0]
    61/61: $1\next_age_counter[31:0]
Creating decoders for process `\adaptive_aero_control_top_mmio.$proc$C:\Users\satheesh\chiploop-saas\.tmp_workflow_a51ebfb7\fpga\handoff\rtl\adaptive_aero_control_top_mmio.v:156$83'.
     1/20: $0\wb_dat_o_r[31:0]
     2/20: $0\wb_err_o_r[0:0]
     3/20: $0\wb_ack_o_r[0:0]
     4/20: $0\r_status_flags[7:0]
     5/20: $0\r_command_mode[3:0]
     6/20: $0\r_timestamp[31:0]
     7/20: $0\r_flow_handle[15:0]
     8/20: $0\r_geometry_handle[15:0]
     9/20: $0\r_request_id[7:0]
    10/20: $0\r_request_issue[0:0]
    11/20: $0\r_allow_multi_outstanding[0:0]
    12/20: $0\r_force_safe_mode[0:0]
    13/20: $0\r_fallback_cmd[15:0]
    14/20: $0\r_rate_limit_step[15:0]
    15/20: $0\r_rate_limit_en[0:0]
    16/20: $0\r_clamp_max[15:0]
    17/20: $0\r_clamp_min[15:0]
    18/20: $0\r_timeout_cycles[31:0]
    19/20: $0\r_oper_en_max[15:0]
    20/20: $0\r_oper_en_min[15:0]
Creating decoders for process `\adaptive_aero_control_top_actuator_safety.$proc$C:\Users\satheesh\chiploop-saas\.tmp_workflow_a51ebfb7\fpga\handoff\rtl\adaptive_aero_control_top_actuator_safety.v:87$25'.
     1/4: $0\actuator_cmd_valid_r[0:0]
     2/4: $0\actuator_cmd_r[15:0]
     3/4: $0\reg_clamp_active_r[0:0]
     4/4: $0\last_accepted_cmd_r[15:0]

6.2.8. Executing PROC_DLATCH pass (convert process syncs to latches).
No latch inferred for signal `\adaptive_aero_control_top_request_fsm.\selected_cmd_next' from process `\adaptive_aero_control_top_request_fsm.$proc$C:\Users\satheesh\chiploop-saas\.tmp_workflow_a51ebfb7\fpga\handoff\rtl\adaptive_aero_control_top_request_fsm.v:137$86'.
No latch inferred for signal `\adaptive_aero_control_top_request_fsm.\selected_cmd_valid_next' from process `\adaptive_aero_control_top_request_fsm.$proc$C:\Users\satheesh\chiploop-saas\.tmp_workflow_a51ebfb7\fpga\handoff\rtl\adaptive_aero_control_top_request_fsm.v:137$86'.
No latch inferred for signal `\adaptive_aero_control_top_request_fsm.\next_state' from process `\adaptive_aero_control_top_request_fsm.$proc$C:\Users\satheesh\chiploop-saas\.tmp_workflow_a51ebfb7\fpga\handoff\rtl\adaptive_aero_control_top_request_fsm.v:137$86'.
No latch inferred for signal `\adaptive_aero_control_top_request_fsm.\next_outstanding_req_id' from process `\adaptive_aero_control_top_request_fsm.$proc$C:\Users\satheesh\chiploop-saas\.tmp_workflow_a51ebfb7\fpga\handoff\rtl\adaptive_aero_control_top_request_fsm.v:137$86'.
No latch inferred for signal `\adaptive_aero_control_top_request_fsm.\next_response_req_id' from process `\adaptive_aero_control_top_request_fsm.$proc$C:\Users\satheesh\chiploop-saas\.tmp_workflow_a51ebfb7\fpga\handoff\rtl\adaptive_aero_control_top_request_fsm.v:137$86'.
No latch inferred for signal `\adaptive_aero_control_top_request_fsm.\next_pending' from process `\adaptive_aero_control_top_request_fsm.$proc$C:\Users\satheesh\chiploop-saas\.tmp_workflow_a51ebfb7\fpga\handoff\rtl\adaptive_aero_control_top_request_fsm.v:137$86'.
No latch inferred for signal `\adaptive_aero_control_top_request_fsm.\next_response_received' from process `\adaptive_aero_control_top_request_fsm.$proc$C:\Users\satheesh\chiploop-saas\.tmp_workflow_a51ebfb7\fpga\handoff\rtl\adaptive_aero_control_top_request_fsm.v:137$86'.
No latch inferred for signal `\adaptive_aero_control_top_request_fsm.\next_stale_reject' from process `\adaptive_aero_control_top_request_fsm.$proc$C:\Users\satheesh\chiploop-saas\.tmp_workflow_a51ebfb7\fpga\handoff\rtl\adaptive_aero_control_top_request_fsm.v:137$86'.
No latch inferred for signal `\adaptive_aero_control_top_request_fsm.\next_timeout_expired' from process `\adaptive_aero_control_top_request_fsm.$proc$C:\Users\satheesh\chiploop-saas\.tmp_workflow_a51ebfb7\fpga\handoff\rtl\adaptive_aero_control_top_request_fsm.v:137$86'.
No latch inferred for signal `\adaptive_aero_control_top_request_fsm.\next_envelope_violation' from process `\adaptive_aero_control_top_request_fsm.$proc$C:\Users\satheesh\chiploop-saas\.tmp_workflow_a51ebfb7\fpga\handoff\rtl\adaptive_aero_control_top_request_fsm.v:137$86'.
No latch inferred for signal `\adaptive_aero_control_top_request_fsm.\next_service_error' from process `\adaptive_aero_control_top_request_fsm.$proc$C:\Users\satheesh\chiploop-saas\.tmp_workflow_a51ebfb7\fpga\handoff\rtl\adaptive_aero_control_top_request_fsm.v:137$86'.
No latch inferred for signal `\adaptive_aero_control_top_request_fsm.\next_fallback_active' from process `\adaptive_aero_control_top_request_fsm.$proc$C:\Users\satheesh\chiploop-saas\.tmp_workflow_a51ebfb7\fpga\handoff\rtl\adaptive_aero_control_top_request_fsm.v:137$86'.
No latch inferred for signal `\adaptive_aero_control_top_request_fsm.\next_irq_pulse' from process `\adaptive_aero_control_top_request_fsm.$proc$C:\Users\satheesh\chiploop-saas\.tmp_workflow_a51ebfb7\fpga\handoff\rtl\adaptive_aero_control_top_request_fsm.v:137$86'.
No latch inferred for signal `\adaptive_aero_control_top_request_fsm.\next_age_counter' from process `\adaptive_aero_control_top_request_fsm.$proc$C:\Users\satheesh\chiploop-saas\.tmp_workflow_a51ebfb7\fpga\handoff\rtl\adaptive_aero_control_top_request_fsm.v:137$86'.
No latch inferred for signal `\adaptive_aero_control_top_request_fsm.\next_fault_summary' from process `\adaptive_aero_control_top_request_fsm.$proc$C:\Users\satheesh\chiploop-saas\.tmp_workflow_a51ebfb7\fpga\handoff\rtl\adaptive_aero_control_top_request_fsm.v:137$86'.
No latch inferred for signal `\adaptive_aero_control_top_request_fsm.\req_desc_comb' from process `\adaptive_aero_control_top_request_fsm.$proc$C:\Users\satheesh\chiploop-saas\.tmp_workflow_a51ebfb7\fpga\handoff\rtl\adaptive_aero_control_top_request_fsm.v:137$86'.
No latch inferred for signal `\adaptive_aero_control_top_request_fsm.\cmd_raw' from process `\adaptive_aero_control_top_request_fsm.$proc$C:\Users\satheesh\chiploop-saas\.tmp_workflow_a51ebfb7\fpga\handoff\rtl\adaptive_aero_control_top_request_fsm.v:137$86'.
No latch inferred for signal `\adaptive_aero_control_top_request_fsm.\envelope_bad' from process `\adaptive_aero_control_top_request_fsm.$proc$C:\Users\satheesh\chiploop-saas\.tmp_workflow_a51ebfb7\fpga\handoff\rtl\adaptive_aero_control_top_request_fsm.v:137$86'.
No latch inferred for signal `\adaptive_aero_control_top_request_fsm.\timeout_bad' from process `\adaptive_aero_control_top_request_fsm.$proc$C:\Users\satheesh\chiploop-saas\.tmp_workflow_a51ebfb7\fpga\handoff\rtl\adaptive_aero_control_top_request_fsm.v:137$86'.
No latch inferred for signal `\adaptive_aero_control_top_request_fsm.\id_match' from process `\adaptive_aero_control_top_request_fsm.$proc$C:\Users\satheesh\chiploop-saas\.tmp_workflow_a51ebfb7\fpga\handoff\rtl\adaptive_aero_control_top_request_fsm.v:137$86'.
No latch inferred for signal `\adaptive_aero_control_top_request_fsm.\response_ok' from process `\adaptive_aero_control_top_request_fsm.$proc$C:\Users\satheesh\chiploop-saas\.tmp_workflow_a51ebfb7\fpga\handoff\rtl\adaptive_aero_control_top_request_fsm.v:137$86'.
No latch inferred for signal `\adaptive_aero_control_top_request_fsm.\issue_req' from process `\adaptive_aero_control_top_request_fsm.$proc$C:\Users\satheesh\chiploop-saas\.tmp_workflow_a51ebfb7\fpga\handoff\rtl\adaptive_aero_control_top_request_fsm.v:137$86'.

6.2.9. Executing PROC_DFF pass (convert process syncs to FFs).
Creating register for signal `\adaptive_aero_control_top_request_fsm.\state_r' using process `\adaptive_aero_control_top_request_fsm.$proc$C:\Users\satheesh\chiploop-saas\.tmp_workflow_a51ebfb7\fpga\handoff\rtl\adaptive_aero_control_top_request_fsm.v:237$108'.
  created $adff cell `$procdff$565' with positive edge clock and positive level reset.
Creating register for signal `\adaptive_aero_control_top_request_fsm.\outstanding_req_id_r' using process `\adaptive_aero_control_top_request_fsm.$proc$C:\Users\satheesh\chiploop-saas\.tmp_workflow_a51ebfb7\fpga\handoff\rtl\adaptive_aero_control_top_request_fsm.v:237$108'.
  created $adff cell `$procdff$570' with positive edge clock and positive level reset.
Creating register for signal `\adaptive_aero_control_top_request_fsm.\response_req_id_r' using process `\adaptive_aero_control_top_request_fsm.$proc$C:\Users\satheesh\chiploop-saas\.tmp_workflow_a51ebfb7\fpga\handoff\rtl\adaptive_aero_control_top_request_fsm.v:237$108'.
  created $adff cell `$procdff$575' with positive edge clock and positive level reset.
Creating register for signal `\adaptive_aero_control_top_request_fsm.\pending_r' using process `\adaptive_aero_control_top_request_fsm.$proc$C:\Users\satheesh\chiploop-saas\.tmp_workflow_a51ebfb7\fpga\handoff\rtl\adaptive_aero_control_top_request_fsm.v:237$108'.
  created $adff cell `$procdff$580' with positive edge clock and positive level reset.
Creating register for signal `\adaptive_aero_control_top_request_fsm.\response_received_r' using process `\adaptive_aero_control_top_request_fsm.$proc$C:\Users\satheesh\chiploop-saas\.tmp_workflow_a51ebfb7\fpga\handoff\rtl\adaptive_aero_control_top_request_fsm.v:237$108'.
  created $adff cell `$procdff$585' with positive edge clock and positive level reset.
Creating register for signal `\adaptive_aero_control_top_request_fsm.\stale_reject_r' using process `\adaptive_aero_control_top_request_fsm.$proc$C:\Users\satheesh\chiploop-saas\.tmp_workflow_a51ebfb7\fpga\handoff\rtl\adaptive_aero_control_top_request_fsm.v:237$108'.
  created $adff cell `$procdff$590' with positive edge clock and positive level reset.
Creating register for signal `\adaptive_aero_control_top_request_fsm.\timeout_expired_r' using process `\adaptive_aero_control_top_request_fsm.$proc$C:\Users\satheesh\chiploop-saas\.tmp_workflow_a51ebfb7\fpga\handoff\rtl\adaptive_aero_control_top_request_fsm.v:237$108'.
  created $adff cell `$procdff$595' with positive edge clock and positive level reset.
Creating register for signal `\adaptive_aero_control_top_request_fsm.\envelope_violation_r' using process `\adaptive_aero_control_top_request_fsm.$proc$C:\Users\satheesh\chiploop-saas\.tmp_workflow_a51ebfb7\fpga\handoff\rtl\adaptive_aero_control_top_request_fsm.v:237$108'.
  created $adff cell `$procdff$600' with positive edge clock and positive level reset.
Creating register for signal `\adaptive_aero_control_top_request_fsm.\service_error_r' using process `\adaptive_aero_control_top_request_fsm.$proc$C:\Users\satheesh\chiploop-saas\.tmp_workflow_a51ebfb7\fpga\handoff\rtl\adaptive_aero_control_top_request_fsm.v:237$108'.
  created $adff cell `$procdff$605' with positive edge clock and positive level reset.
Creating register for signal `\adaptive_aero_control_top_request_fsm.\fallback_active_r' using process `\adaptive_aero_control_top_request_fsm.$proc$C:\Users\satheesh\chiploop-saas\.tmp_workflow_a51ebfb7\fpga\handoff\rtl\adaptive_aero_control_top_request_fsm.v:237$108'.
  created $adff cell `$procdff$610' with positive edge clock and positive level reset.
Creating register for signal `\adaptive_aero_control_top_request_fsm.\irq_pulse_r' using process `\adaptive_aero_control_top_request_fsm.$proc$C:\Users\satheesh\chiploop-saas\.tmp_workflow_a51ebfb7\fpga\handoff\rtl\adaptive_aero_control_top_request_fsm.v:237$108'.
  created $adff cell `$procdff$615' with positive edge clock and positive level reset.
Creating register for signal `\adaptive_aero_control_top_request_fsm.\selected_cmd_r' using process `\adaptive_aero_control_top_request_fsm.$proc$C:\Users\satheesh\chiploop-saas\.tmp_workflow_a51ebfb7\fpga\handoff\rtl\adaptive_aero_control_top_request_fsm.v:237$108'.
  created $adff cell `$procdff$620' with positive edge clock and positive level reset.
Creating register for signal `\adaptive_aero_control_top_request_fsm.\selected_cmd_valid_r' using process `\adaptive_aero_control_top_request_fsm.$proc$C:\Users\satheesh\chiploop-saas\.tmp_workflow_a51ebfb7\fpga\handoff\rtl\adaptive_aero_control_top_request_fsm.v:237$108'.
  created $adff cell `$procdff$625' with positive edge clock and positive level reset.
Creating register for signal `\adaptive_aero_control_top_request_fsm.\age_counter_r' using process `\adaptive_aero_control_top_request_fsm.$proc$C:\Users\satheesh\chiploop-saas\.tmp_workflow_a51ebfb7\fpga\handoff\rtl\adaptive_aero_control_top_request_fsm.v:237$108'.
  created $adff cell `$procdff$630' with positive edge clock and positive level reset.
Creating register for signal `\adaptive_aero_control_top_request_fsm.\fault_summary_r' using process `\adaptive_aero_control_top_request_fsm.$proc$C:\Users\satheesh\chiploop-saas\.tmp_workflow_a51ebfb7\fpga\handoff\rtl\adaptive_aero_control_top_request_fsm.v:237$108'.
  created $adff cell `$procdff$635' with positive edge clock and positive level reset.
Creating register for signal `\adaptive_aero_control_top_request_fsm.\model_req_desc_r' using process `\adaptive_aero_control_top_request_fsm.$proc$C:\Users\satheesh\chiploop-saas\.tmp_workflow_a51ebfb7\fpga\handoff\rtl\adaptive_aero_control_top_request_fsm.v:237$108'.
  created $adff cell `$procdff$640' with positive edge clock and positive level reset.
Creating register for signal `\adaptive_aero_control_top_request_fsm.\model_req_valid_r' using process `\adaptive_aero_control_top_request_fsm.$proc$C:\Users\satheesh\chiploop-saas\.tmp_workflow_a51ebfb7\fpga\handoff\rtl\adaptive_aero_control_top_request_fsm.v:237$108'.
  created $adff cell `$procdff$645' with positive edge clock and positive level reset.
Creating register for signal `\adaptive_aero_control_top_request_fsm.\model_rsp_ready_r' using process `\adaptive_aero_control_top_request_fsm.$proc$C:\Users\satheesh\chiploop-saas\.tmp_workflow_a51ebfb7\fpga\handoff\rtl\adaptive_aero_control_top_request_fsm.v:237$108'.
  created $adff cell `$procdff$650' with positive edge clock and positive level reset.
Creating register for signal `\adaptive_aero_control_top_mmio.\r_oper_en_min' using process `\adaptive_aero_control_top_mmio.$proc$C:\Users\satheesh\chiploop-saas\.tmp_workflow_a51ebfb7\fpga\handoff\rtl\adaptive_aero_control_top_mmio.v:156$83'.
  created $adff cell `$procdff$655' with positive edge clock and positive level reset.
Creating register for signal `\adaptive_aero_control_top_mmio.\r_oper_en_max' using process `\adaptive_aero_control_top_mmio.$proc$C:\Users\satheesh\chiploop-saas\.tmp_workflow_a51ebfb7\fpga\handoff\rtl\adaptive_aero_control_top_mmio.v:156$83'.
  created $adff cell `$procdff$660' with positive edge clock and positive level reset.
Creating register for signal `\adaptive_aero_control_top_mmio.\r_timeout_cycles' using process `\adaptive_aero_control_top_mmio.$proc$C:\Users\satheesh\chiploop-saas\.tmp_workflow_a51ebfb7\fpga\handoff\rtl\adaptive_aero_control_top_mmio.v:156$83'.
  created $adff cell `$procdff$665' with positive edge clock and positive level reset.
Creating register for signal `\adaptive_aero_control_top_mmio.\r_clamp_min' using process `\adaptive_aero_control_top_mmio.$proc$C:\Users\satheesh\chiploop-saas\.tmp_workflow_a51ebfb7\fpga\handoff\rtl\adaptive_aero_control_top_mmio.v:156$83'.
  created $adff cell `$procdff$670' with positive edge clock and positive level reset.
Creating register for signal `\adaptive_aero_control_top_mmio.\r_clamp_max' using process `\adaptive_aero_control_top_mmio.$proc$C:\Users\satheesh\chiploop-saas\.tmp_workflow_a51ebfb7\fpga\handoff\rtl\adaptive_aero_control_top_mmio.v:156$83'.
  created $adff cell `$procdff$675' with positive edge clock and positive level reset.
Creating register for signal `\adaptive_aero_control_top_mmio.\r_rate_limit_en' using process `\adaptive_aero_control_top_mmio.$proc$C:\Users\satheesh\chiploop-saas\.tmp_workflow_a51ebfb7\fpga\handoff\rtl\adaptive_aero_control_top_mmio.v:156$83'.
  created $adff cell `$procdff$680' with positive edge clock and positive level reset.
Creating register for signal `\adaptive_aero_control_top_mmio.\r_rate_limit_step' using process `\adaptive_aero_control_top_mmio.$proc$C:\Users\satheesh\chiploop-saas\.tmp_workflow_a51ebfb7\fpga\handoff\rtl\adaptive_aero_control_top_mmio.v:156$83'.
  created $adff cell `$procdff$685' with positive edge clock and positive level reset.
Creating register for signal `\adaptive_aero_control_top_mmio.\r_fallback_cmd' using process `\adaptive_aero_control_top_mmio.$proc$C:\Users\satheesh\chiploop-saas\.tmp_workflow_a51ebfb7\fpga\handoff\rtl\adaptive_aero_control_top_mmio.v:156$83'.
  created $adff cell `$procdff$690' with positive edge clock and positive level reset.
Creating register for signal `\adaptive_aero_control_top_mmio.\r_force_safe_mode' using process `\adaptive_aero_control_top_mmio.$proc$C:\Users\satheesh\chiploop-saas\.tmp_workflow_a51ebfb7\fpga\handoff\rtl\adaptive_aero_control_top_mmio.v:156$83'.
  created $adff cell `$procdff$695' with positive edge clock and positive level reset.
Creating register for signal `\adaptive_aero_control_top_mmio.\r_allow_multi_outstanding' using process `\adaptive_aero_control_top_mmio.$proc$C:\Users\satheesh\chiploop-saas\.tmp_workflow_a51ebfb7\fpga\handoff\rtl\adaptive_aero_control_top_mmio.v:156$83'.
  created $adff cell `$procdff$700' with positive edge clock and positive level reset.
Creating register for signal `\adaptive_aero_control_top_mmio.\r_request_issue' using process `\adaptive_aero_control_top_mmio.$proc$C:\Users\satheesh\chiploop-saas\.tmp_workflow_a51ebfb7\fpga\handoff\rtl\adaptive_aero_control_top_mmio.v:156$83'.
  created $adff cell `$procdff$705' with positive edge clock and positive level reset.
Creating register for signal `\adaptive_aero_control_top_mmio.\r_request_id' using process `\adaptive_aero_control_top_mmio.$proc$C:\Users\satheesh\chiploop-saas\.tmp_workflow_a51ebfb7\fpga\handoff\rtl\adaptive_aero_control_top_mmio.v:156$83'.
  created $adff cell `$procdff$710' with positive edge clock and positive level reset.
Creating register for signal `\adaptive_aero_control_top_mmio.\r_geometry_handle' using process `\adaptive_aero_control_top_mmio.$proc$C:\Users\satheesh\chiploop-saas\.tmp_workflow_a51ebfb7\fpga\handoff\rtl\adaptive_aero_control_top_mmio.v:156$83'.
  created $adff cell `$procdff$715' with positive edge clock and positive level reset.
Creating register for signal `\adaptive_aero_control_top_mmio.\r_flow_handle' using process `\adaptive_aero_control_top_mmio.$proc$C:\Users\satheesh\chiploop-saas\.tmp_workflow_a51ebfb7\fpga\handoff\rtl\adaptive_aero_control_top_mmio.v:156$83'.
  created $adff cell `$procdff$720' with positive edge clock and positive level reset.
Creating register for signal `\adaptive_aero_control_top_mmio.\r_timestamp' using process `\adaptive_aero_control_top_mmio.$proc$C:\Users\satheesh\chiploop-saas\.tmp_workflow_a51ebfb7\fpga\handoff\rtl\adaptive_aero_control_top_mmio.v:156$83'.
  created $adff cell `$procdff$725' with positive edge clock and positive level reset.
Creating register for signal `\adaptive_aero_control_top_mmio.\r_command_mode' using process `\adaptive_aero_control_top_mmio.$proc$C:\Users\satheesh\chiploop-saas\.tmp_workflow_a51ebfb7\fpga\handoff\rtl\adaptive_aero_control_top_mmio.v:156$83'.
  created $adff cell `$procdff$730' with positive edge clock and positive level reset.
Creating register for signal `\adaptive_aero_control_top_mmio.\r_status_flags' using process `\adaptive_aero_control_top_mmio.$proc$C:\Users\satheesh\chiploop-saas\.tmp_workflow_a51ebfb7\fpga\handoff\rtl\adaptive_aero_control_top_mmio.v:156$83'.
  created $adff cell `$procdff$735' with positive edge clock and positive level reset.
Creating register for signal `\adaptive_aero_control_top_mmio.\wb_dat_o_r' using process `\adaptive_aero_control_top_mmio.$proc$C:\Users\satheesh\chiploop-saas\.tmp_workflow_a51ebfb7\fpga\handoff\rtl\adaptive_aero_control_top_mmio.v:156$83'.
  created $adff cell `$procdff$740' with positive edge clock and positive level reset.
Creating register for signal `\adaptive_aero_control_top_mmio.\wb_ack_o_r' using process `\adaptive_aero_control_top_mmio.$proc$C:\Users\satheesh\chiploop-saas\.tmp_workflow_a51ebfb7\fpga\handoff\rtl\adaptive_aero_control_top_mmio.v:156$83'.
  created $adff cell `$procdff$745' with positive edge clock and positive level reset.
Creating register for signal `\adaptive_aero_control_top_mmio.\wb_err_o_r' using process `\adaptive_aero_control_top_mmio.$proc$C:\Users\satheesh\chiploop-saas\.tmp_workflow_a51ebfb7\fpga\handoff\rtl\adaptive_aero_control_top_mmio.v:156$83'.
  created $adff cell `$procdff$750' with positive edge clock and positive level reset.
Creating register for signal `\adaptive_aero_control_top_actuator_safety.\last_accepted_cmd_r' using process `\adaptive_aero_control_top_actuator_safety.$proc$C:\Users\satheesh\chiploop-saas\.tmp_workflow_a51ebfb7\fpga\handoff\rtl\adaptive_aero_control_top_actuator_safety.v:87$25'.
  created $adff cell `$procdff$755' with positive edge clock and positive level reset.
Creating register for signal `\adaptive_aero_control_top_actuator_safety.\actuator_cmd_r' using process `\adaptive_aero_control_top_actuator_safety.$proc$C:\Users\satheesh\chiploop-saas\.tmp_workflow_a51ebfb7\fpga\handoff\rtl\adaptive_aero_control_top_actuator_safety.v:87$25'.
  created $adff cell `$procdff$760' with positive edge clock and positive level reset.
Creating register for signal `\adaptive_aero_control_top_actuator_safety.\actuator_cmd_valid_r' using process `\adaptive_aero_control_top_actuator_safety.$proc$C:\Users\satheesh\chiploop-saas\.tmp_workflow_a51ebfb7\fpga\handoff\rtl\adaptive_aero_control_top_actuator_safety.v:87$25'.
  created $adff cell `$procdff$765' with positive edge clock and positive level reset.
Creating register for signal `\adaptive_aero_control_top_actuator_safety.\reg_clamp_active_r' using process `\adaptive_aero_control_top_actuator_safety.$proc$C:\Users\satheesh\chiploop-saas\.tmp_workflow_a51ebfb7\fpga\handoff\rtl\adaptive_aero_control_top_actuator_safety.v:87$25'.
  created $adff cell `$procdff$770' with positive edge clock and positive level reset.

6.2.10. Executing PROC_MEMWR pass (convert process memory writes to cells).

6.2.11. Executing PROC_CLEAN pass (remove empty switches from decision trees).
Removing empty process `adaptive_aero_control_top_request_fsm.$proc$C:\Users\satheesh\chiploop-saas\.tmp_workflow_a51ebfb7\fpga\handoff\rtl\adaptive_aero_control_top_request_fsm.v:237$108'.
Found and cleaned up 9 empty switches in `\adaptive_aero_control_top_request_fsm.$proc$C:\Users\satheesh\chiploop-saas\.tmp_workflow_a51ebfb7\fpga\handoff\rtl\adaptive_aero_control_top_request_fsm.v:137$86'.
Removing empty process `adaptive_aero_control_top_request_fsm.$proc$C:\Users\satheesh\chiploop-saas\.tmp_workflow_a51ebfb7\fpga\handoff\rtl\adaptive_aero_control_top_request_fsm.v:137$86'.
Found and cleaned up 3 empty switches in `\adaptive_aero_control_top_mmio.$proc$C:\Users\satheesh\chiploop-saas\.tmp_workflow_a51ebfb7\fpga\handoff\rtl\adaptive_aero_control_top_mmio.v:156$83'.
Removing empty process `adaptive_aero_control_top_mmio.$proc$C:\Users\satheesh\chiploop-saas\.tmp_workflow_a51ebfb7\fpga\handoff\rtl\adaptive_aero_control_top_mmio.v:156$83'.
Found and cleaned up 6 empty switches in `\adaptive_aero_control_top_actuator_safety.$proc$C:\Users\satheesh\chiploop-saas\.tmp_workflow_a51ebfb7\fpga\handoff\rtl\adaptive_aero_control_top_actuator_safety.v:87$25'.
Removing empty process `adaptive_aero_control_top_actuator_safety.$proc$C:\Users\satheesh\chiploop-saas\.tmp_workflow_a51ebfb7\fpga\handoff\rtl\adaptive_aero_control_top_actuator_safety.v:87$25'.
Cleaned up 18 empty switches.

6.2.12. Executing OPT_EXPR pass (perform const folding).
Optimizing module adaptive_aero_control_top_request_fsm.
<suppressed ~37 debug messages>
Optimizing module adaptive_aero_control_top_mmio.
<suppressed ~42 debug messages>
Optimizing module adaptive_aero_control_top_actuator_safety.
<suppressed ~9 debug messages>
Optimizing module adaptive_aero_control_top.

6.3. Executing FLATTEN pass (flatten design).
Deleting now unused module adaptive_aero_control_top_request_fsm.
Deleting now unused module adaptive_aero_control_top_mmio.
Deleting now unused module adaptive_aero_control_top_actuator_safety.
<suppressed ~3 debug messages>

6.4. Executing FUTURE pass.

6.5. Executing OPT_EXPR pass (perform const folding).
Optimizing module adaptive_aero_control_top.
<suppressed ~8 debug messages>

6.6. Executing OPT_CLEAN pass (remove unused cells and wires).
Finding unused cells or wires in module \adaptive_aero_control_top..
Removed 95 unused cells and 415 unused wires.
<suppressed ~119 debug messages>

6.7. Executing CHECK pass (checking for obvious problems).
Checking module adaptive_aero_control_top...
Found and reported 0 problems.

6.8. Executing OPT pass (performing simple optimizations).

6.8.1. Executing OPT_EXPR pass (perform const folding).
Optimizing module adaptive_aero_control_top.

6.8.2. Executing OPT_MERGE pass (detect identical cells).
Finding identical cells in module `\adaptive_aero_control_top'.
<suppressed ~60 debug messages>
Removed a total of 20 cells.

6.8.3. Executing OPT_MUXTREE pass (detect dead branches in mux trees).
Running muxtree optimizer on module \adaptive_aero_control_top..
  Creating internal representation of mux trees.
  Evaluating internal representation of mux trees.
  Analyzing evaluation results.
    dead port 2/2 on $mux $flatten\u_fsm.$procmux$145.
    dead port 2/2 on $mux $flatten\u_fsm.$procmux$151.
    dead port 2/2 on $mux $flatten\u_fsm.$procmux$157.
    dead port 2/2 on $mux $flatten\u_fsm.$procmux$163.
    dead port 2/2 on $mux $flatten\u_fsm.$procmux$169.
    dead port 2/2 on $mux $flatten\u_fsm.$procmux$175.
    dead port 2/2 on $mux $flatten\u_fsm.$procmux$180.
    dead port 2/2 on $mux $flatten\u_fsm.$procmux$197.
    dead port 2/2 on $mux $flatten\u_fsm.$procmux$203.
    dead port 2/2 on $mux $flatten\u_fsm.$procmux$209.
    dead port 2/2 on $mux $flatten\u_fsm.$procmux$215.
    dead port 2/2 on $mux $flatten\u_fsm.$procmux$221.
    dead port 2/2 on $mux $flatten\u_fsm.$procmux$302.
    dead port 2/2 on $mux $flatten\u_fsm.$procmux$308.
    dead port 2/2 on $mux $flatten\u_fsm.$procmux$314.
    dead port 2/2 on $mux $flatten\u_fsm.$procmux$320.
    dead port 2/2 on $mux $flatten\u_fsm.$procmux$326.
    dead port 2/2 on $mux $flatten\u_fsm.$procmux$332.
    dead port 2/2 on $mux $flatten\u_fsm.$procmux$338.
Removed 19 multiplexer ports.
<suppressed ~40 debug messages>

6.8.4. Executing OPT_REDUCE pass (consolidate $*mux and $reduce_* inputs).
  Optimizing cells in module \adaptive_aero_control_top.
    New ctrl vector for $pmux cell $flatten\u_mmio.$procmux$418: $auto$opt_reduce.cc:137:opt_pmux$775
  Optimizing cells in module \adaptive_aero_control_top.
Performed a total of 1 changes.

6.8.5. Executing OPT_MERGE pass (detect identical cells).
Finding identical cells in module `\adaptive_aero_control_top'.
<suppressed ~18 debug messages>
Removed a total of 6 cells.

6.8.6. Executing OPT_CLEAN pass (remove unused cells and wires).
Finding unused cells or wires in module \adaptive_aero_control_top..
Removed 0 unused cells and 42 unused wires.
<suppressed ~1 debug messages>

6.8.7. Executing OPT_EXPR pass (perform const folding).
Optimizing module adaptive_aero_control_top.

6.8.8. Rerunning OPT passes. (Maybe there is more to do..)

6.8.9. Executing OPT_MUXTREE pass (detect dead branches in mux trees).
Running muxtree optimizer on module \adaptive_aero_control_top..
  Creating internal representation of mux trees.
  Evaluating internal representation of mux trees.
  Analyzing evaluation results.
Removed 0 multiplexer ports.
<suppressed ~40 debug messages>

6.8.10. Executing OPT_REDUCE pass (consolidate $*mux and $reduce_* inputs).
  Optimizing cells in module \adaptive_aero_control_top.
Performed a total of 0 changes.

6.8.11. Executing OPT_MERGE pass (detect identical cells).
Finding identical cells in module `\adaptive_aero_control_top'.
Removed a total of 0 cells.

6.8.12. Executing OPT_CLEAN pass (remove unused cells and wires).
Finding unused cells or wires in module \adaptive_aero_control_top..

6.8.13. Executing OPT_EXPR pass (perform const folding).
Optimizing module adaptive_aero_control_top.

6.8.14. Finished OPT passes. (There is nothing left to do.)

6.9. Executing WREDUCE pass (reducing word size of cells).
Removed top 5 bits (of 8) from port B of cell adaptive_aero_control_top.$flatten\u_mmio.$procmux$383_CMP0 ($eq).
Removed top 4 bits (of 8) from port B of cell adaptive_aero_control_top.$flatten\u_mmio.$procmux$382_CMP0 ($eq).
Removed top 4 bits (of 8) from port B of cell adaptive_aero_control_top.$flatten\u_mmio.$procmux$381_CMP0 ($eq).
Removed top 3 bits (of 8) from port B of cell adaptive_aero_control_top.$flatten\u_mmio.$procmux$380_CMP0 ($eq).
Removed top 3 bits (of 8) from port B of cell adaptive_aero_control_top.$flatten\u_mmio.$procmux$379_CMP0 ($eq).
Removed top 3 bits (of 8) from port B of cell adaptive_aero_control_top.$flatten\u_mmio.$procmux$378_CMP0 ($eq).
Removed top 3 bits (of 8) from port B of cell adaptive_aero_control_top.$flatten\u_mmio.$procmux$377_CMP0 ($eq).
Removed top 2 bits (of 8) from port B of cell adaptive_aero_control_top.$flatten\u_mmio.$procmux$376_CMP0 ($eq).
Removed top 2 bits (of 8) from port B of cell adaptive_aero_control_top.$flatten\u_mmio.$procmux$375_CMP0 ($eq).
Removed top 2 bits (of 8) from port B of cell adaptive_aero_control_top.$flatten\u_mmio.$procmux$374_CMP0 ($eq).
Removed top 2 bits (of 8) from port B of cell adaptive_aero_control_top.$flatten\u_mmio.$procmux$373_CMP0 ($eq).
Removed top 2 bits (of 8) from port B of cell adaptive_aero_control_top.$flatten\u_mmio.$procmux$372_CMP0 ($eq).
Removed top 2 bits (of 8) from port B of cell adaptive_aero_control_top.$flatten\u_mmio.$procmux$371_CMP0 ($eq).
Removed top 2 bits (of 8) from port B of cell adaptive_aero_control_top.$flatten\u_mmio.$procmux$370_CMP0 ($eq).
Removed top 2 bits (of 8) from port B of cell adaptive_aero_control_top.$flatten\u_mmio.$procmux$369_CMP0 ($eq).
Removed top 1 bits (of 8) from port B of cell adaptive_aero_control_top.$flatten\u_mmio.$procmux$368_CMP0 ($eq).
Removed top 1 bits (of 8) from port B of cell adaptive_aero_control_top.$flatten\u_mmio.$procmux$367_CMP0 ($eq).
Removed top 1 bits (of 8) from port B of cell adaptive_aero_control_top.$flatten\u_mmio.$procmux$366_CMP0 ($eq).
Removed top 1 bits (of 8) from port B of cell adaptive_aero_control_top.$flatten\u_mmio.$ne$C:\Users\satheesh\chiploop-saas\.tmp_workflow_a51ebfb7\fpga\handoff\rtl\adaptive_aero_control_top_mmio.v:129$81 ($ne).
Removed top 1 bits (of 8) from port B of cell adaptive_aero_control_top.$flatten\u_mmio.$ne$C:\Users\satheesh\chiploop-saas\.tmp_workflow_a51ebfb7\fpga\handoff\rtl\adaptive_aero_control_top_mmio.v:128$79 ($ne).
Removed top 1 bits (of 8) from port B of cell adaptive_aero_control_top.$flatten\u_mmio.$ne$C:\Users\satheesh\chiploop-saas\.tmp_workflow_a51ebfb7\fpga\handoff\rtl\adaptive_aero_control_top_mmio.v:128$77 ($ne).
Removed top 2 bits (of 8) from port B of cell adaptive_aero_control_top.$flatten\u_mmio.$ne$C:\Users\satheesh\chiploop-saas\.tmp_workflow_a51ebfb7\fpga\handoff\rtl\adaptive_aero_control_top_mmio.v:128$75 ($ne).
Removed top 2 bits (of 8) from port B of cell adaptive_aero_control_top.$flatten\u_mmio.$ne$C:\Users\satheesh\chiploop-saas\.tmp_workflow_a51ebfb7\fpga\handoff\rtl\adaptive_aero_control_top_mmio.v:127$73 ($ne).
Removed top 2 bits (of 8) from port B of cell adaptive_aero_control_top.$flatten\u_mmio.$ne$C:\Users\satheesh\chiploop-saas\.tmp_workflow_a51ebfb7\fpga\handoff\rtl\adaptive_aero_control_top_mmio.v:127$71 ($ne).
Removed top 2 bits (of 8) from port B of cell adaptive_aero_control_top.$flatten\u_mmio.$ne$C:\Users\satheesh\chiploop-saas\.tmp_workflow_a51ebfb7\fpga\handoff\rtl\adaptive_aero_control_top_mmio.v:127$69 ($ne).
Removed top 2 bits (of 8) from port B of cell adaptive_aero_control_top.$flatten\u_mmio.$ne$C:\Users\satheesh\chiploop-saas\.tmp_workflow_a51ebfb7\fpga\handoff\rtl\adaptive_aero_control_top_mmio.v:126$67 ($ne).
Removed top 2 bits (of 8) from port B of cell adaptive_aero_control_top.$flatten\u_mmio.$ne$C:\Users\satheesh\chiploop-saas\.tmp_workflow_a51ebfb7\fpga\handoff\rtl\adaptive_aero_control_top_mmio.v:126$65 ($ne).
Removed top 2 bits (of 8) from port B of cell adaptive_aero_control_top.$flatten\u_mmio.$ne$C:\Users\satheesh\chiploop-saas\.tmp_workflow_a51ebfb7\fpga\handoff\rtl\adaptive_aero_control_top_mmio.v:126$63 ($ne).
Removed top 2 bits (of 8) from port B of cell adaptive_aero_control_top.$flatten\u_mmio.$ne$C:\Users\satheesh\chiploop-saas\.tmp_workflow_a51ebfb7\fpga\handoff\rtl\adaptive_aero_control_top_mmio.v:125$61 ($ne).
Removed top 3 bits (of 8) from port B of cell adaptive_aero_control_top.$flatten\u_mmio.$ne$C:\Users\satheesh\chiploop-saas\.tmp_workflow_a51ebfb7\fpga\handoff\rtl\adaptive_aero_control_top_mmio.v:125$59 ($ne).
Removed top 3 bits (of 8) from port B of cell adaptive_aero_control_top.$flatten\u_mmio.$ne$C:\Users\satheesh\chiploop-saas\.tmp_workflow_a51ebfb7\fpga\handoff\rtl\adaptive_aero_control_top_mmio.v:125$57 ($ne).
Removed top 3 bits (of 8) from port B of cell adaptive_aero_control_top.$flatten\u_mmio.$ne$C:\Users\satheesh\chiploop-saas\.tmp_workflow_a51ebfb7\fpga\handoff\rtl\adaptive_aero_control_top_mmio.v:124$55 ($ne).
Removed top 3 bits (of 8) from port B of cell adaptive_aero_control_top.$flatten\u_mmio.$ne$C:\Users\satheesh\chiploop-saas\.tmp_workflow_a51ebfb7\fpga\handoff\rtl\adaptive_aero_control_top_mmio.v:124$53 ($ne).
Removed top 4 bits (of 8) from port B of cell adaptive_aero_control_top.$flatten\u_mmio.$ne$C:\Users\satheesh\chiploop-saas\.tmp_workflow_a51ebfb7\fpga\handoff\rtl\adaptive_aero_control_top_mmio.v:124$51 ($ne).
Removed top 4 bits (of 8) from port B of cell adaptive_aero_control_top.$flatten\u_mmio.$ne$C:\Users\satheesh\chiploop-saas\.tmp_workflow_a51ebfb7\fpga\handoff\rtl\adaptive_aero_control_top_mmio.v:123$49 ($ne).
Removed top 5 bits (of 8) from port B of cell adaptive_aero_control_top.$flatten\u_mmio.$ne$C:\Users\satheesh\chiploop-saas\.tmp_workflow_a51ebfb7\fpga\handoff\rtl\adaptive_aero_control_top_mmio.v:123$47 ($ne).
Removed top 7 bits (of 8) from mux cell adaptive_aero_control_top.$flatten\u_fsm.$procmux$201 ($mux).
Removed top 6 bits (of 8) from port B of cell adaptive_aero_control_top.$flatten\u_fsm.$eq$C:\Users\satheesh\chiploop-saas\.tmp_workflow_a51ebfb7\fpga\handoff\rtl\adaptive_aero_control_top_request_fsm.v:232$107 ($eq).
Removed top 31 bits (of 32) from port B of cell adaptive_aero_control_top.$flatten\u_fsm.$add$C:\Users\satheesh\chiploop-saas\.tmp_workflow_a51ebfb7\fpga\handoff\rtl\adaptive_aero_control_top_request_fsm.v:162$89 ($add).
Removed top 7 bits (of 8) from port B of cell adaptive_aero_control_top.$flatten\u_fsm.$eq$C:\Users\satheesh\chiploop-saas\.tmp_workflow_a51ebfb7\fpga\handoff\rtl\adaptive_aero_control_top_request_fsm.v:161$88 ($eq).
Removed top 7 bits (of 8) from wire adaptive_aero_control_top.$flatten\u_fsm.$6\next_state[7:0].

6.10. Executing OPT_CLEAN pass (remove unused cells and wires).
Finding unused cells or wires in module \adaptive_aero_control_top..
Removed 0 unused cells and 1 unused wires.
<suppressed ~1 debug messages>

6.11. Executing MEMORY_COLLECT pass (generating $mem cells).

6.12. Executing OPT pass (performing simple optimizations).

6.12.1. Executing OPT_EXPR pass (perform const folding).
Optimizing module adaptive_aero_control_top.

6.12.2. Executing OPT_MERGE pass (detect identical cells).
Finding identical cells in module `\adaptive_aero_control_top'.
<suppressed ~3 debug messages>
Removed a total of 1 cells.

6.12.3. Executing OPT_CLEAN pass (remove unused cells and wires).
Finding unused cells or wires in module \adaptive_aero_control_top..
Removed 0 unused cells and 1 unused wires.
<suppressed ~1 debug messages>

6.12.4. Finished fast OPT passes.

6.13. Printing statistics.

=== adaptive_aero_control_top ===

   Number of wires:                358
   Number of wire bits:           2949
   Number of public wires:         213
   Number of public wire bits:    2172
   Number of ports:                 20
   Number of port bits:            254
   Number of memories:               0
   Number of memory bits:            0
   Number of processes:              0
   Number of cells:                207
     $add                            1
     $adff                          40
     $and                            3
     $eq                            21
     $ge                             1
     $gt                             1
     $logic_and                     25
     $logic_not                      5
     $logic_or                       4
     $mux                           80
     $ne                            19
     $pmux                           1
     $reduce_bool                    2
     $reduce_or                      1
     $scopeinfo                      3

6.14. Executing CHECK pass (checking for obvious problems).
Checking module adaptive_aero_control_top...
Found and reported 0 problems.

7. Executing ASYNC2SYNC pass.
Replacing adaptive_aero_control_top.$flatten\u_fsm.$procdff$565 ($adff): ARST=\reset_n, D=\u_fsm.next_state, Q=\u_fsm.state_r
Replacing adaptive_aero_control_top.$flatten\u_fsm.$procdff$570 ($adff): ARST=\reset_n, D=\u_fsm.next_outstanding_req_id, Q=\u_fsm.outstanding_req_id_r
Replacing adaptive_aero_control_top.$flatten\u_fsm.$procdff$575 ($adff): ARST=\reset_n, D=\u_fsm.next_response_req_id, Q=\u_fsm.response_req_id_r
Replacing adaptive_aero_control_top.$flatten\u_fsm.$procdff$580 ($adff): ARST=\reset_n, D=\u_fsm.next_pending, Q=\u_fsm.pending_r
Replacing adaptive_aero_control_top.$flatten\u_fsm.$procdff$585 ($adff): ARST=\reset_n, D=\u_fsm.next_response_received, Q=\u_fsm.response_received_r
Replacing adaptive_aero_control_top.$flatten\u_fsm.$procdff$590 ($adff): ARST=\reset_n, D=\u_fsm.next_service_error, Q=\u_fsm.stale_reject_r
Replacing adaptive_aero_control_top.$flatten\u_fsm.$procdff$595 ($adff): ARST=\reset_n, D=\u_fsm.next_timeout_expired, Q=\u_fsm.timeout_expired_r
Replacing adaptive_aero_control_top.$flatten\u_fsm.$procdff$600 ($adff): ARST=\reset_n, D=\u_fsm.next_envelope_violation, Q=\u_fsm.envelope_violation_r
Replacing adaptive_aero_control_top.$flatten\u_fsm.$procdff$605 ($adff): ARST=\reset_n, D=\u_fsm.next_service_error, Q=\u_fsm.service_error_r
Replacing adaptive_aero_control_top.$flatten\u_fsm.$procdff$610 ($adff): ARST=\reset_n, D=\u_fsm.next_fallback_active, Q=\u_fsm.fallback_active_r
Replacing adaptive_aero_control_top.$flatten\u_fsm.$procdff$615 ($adff): ARST=\reset_n, D=\u_fsm.next_irq_pulse, Q=\u_fsm.irq_pulse_r
Replacing adaptive_aero_control_top.$flatten\u_fsm.$procdff$630 ($adff): ARST=\reset_n, D=\u_fsm.next_age_counter, Q=\u_fsm.age_counter_r
Replacing adaptive_aero_control_top.$flatten\u_fsm.$procdff$635 ($adff): ARST=\reset_n, D=\u_fsm.next_fault_summary, Q=\u_fsm.fault_summary_r
Replacing adaptive_aero_control_top.$flatten\u_fsm.$procdff$640 ($adff): ARST=\reset_n, D={ 8'00000000 \u_mmio.r_timestamp \u_mmio.r_geometry_handle [15:8] \u_mmio.r_flow_handle [15:8] \u_mmio.r_request_id }, Q=\u_fsm.model_req_desc_r
Replacing adaptive_aero_control_top.$flatten\u_fsm.$procdff$645 ($adff): ARST=\reset_n, D=\u_fsm.model_req_valid_r, Q=\u_fsm.model_req_valid_r
Replacing adaptive_aero_control_top.$flatten\u_fsm.$procdff$650 ($adff): ARST=\reset_n, D=\u_fsm.model_rsp_ready_r, Q=\u_fsm.model_rsp_ready_r
Replacing adaptive_aero_control_top.$flatten\u_mmio.$procdff$655 ($adff): ARST=\reset_n, D=$flatten\u_mmio.$0\r_oper_en_min[15:0], Q=\u_mmio.r_oper_en_min
Replacing adaptive_aero_control_top.$flatten\u_mmio.$procdff$660 ($adff): ARST=\reset_n, D=$flatten\u_mmio.$0\r_oper_en_max[15:0], Q=\u_mmio.r_oper_en_max
Replacing adaptive_aero_control_top.$flatten\u_mmio.$procdff$665 ($adff): ARST=\reset_n, D=$flatten\u_mmio.$0\r_timeout_cycles[31:0], Q=\u_mmio.r_timeout_cycles
Replacing adaptive_aero_control_top.$flatten\u_mmio.$procdff$670 ($adff): ARST=\reset_n, D=$flatten\u_mmio.$0\r_clamp_min[15:0], Q=\u_mmio.r_clamp_min
Replacing adaptive_aero_control_top.$flatten\u_mmio.$procdff$675 ($adff): ARST=\reset_n, D=$flatten\u_mmio.$0\r_clamp_max[15:0], Q=\u_mmio.r_clamp_max
Replacing adaptive_aero_control_top.$flatten\u_mmio.$procdff$680 ($adff): ARST=\reset_n, D=$flatten\u_mmio.$0\r_rate_limit_en[0:0], Q=\u_mmio.r_rate_limit_en
Replacing adaptive_aero_control_top.$flatten\u_mmio.$procdff$685 ($adff): ARST=\reset_n, D=$flatten\u_mmio.$0\r_rate_limit_step[15:0], Q=\u_mmio.r_rate_limit_step
Replacing adaptive_aero_control_top.$flatten\u_mmio.$procdff$690 ($adff): ARST=\reset_n, D=$flatten\u_mmio.$0\r_fallback_cmd[15:0], Q=\u_mmio.r_fallback_cmd
Replacing adaptive_aero_control_top.$flatten\u_mmio.$procdff$695 ($adff): ARST=\reset_n, D=$flatten\u_mmio.$0\r_force_safe_mode[0:0], Q=\u_mmio.r_force_safe_mode
Replacing adaptive_aero_control_top.$flatten\u_mmio.$procdff$700 ($adff): ARST=\reset_n, D=$flatten\u_mmio.$0\r_allow_multi_outstanding[0:0], Q=\u_mmio.r_allow_multi_outstanding
Replacing adaptive_aero_control_top.$flatten\u_mmio.$procdff$705 ($adff): ARST=\reset_n, D=$flatten\u_mmio.$0\r_request_issue[0:0], Q=\u_mmio.r_request_issue
Replacing adaptive_aero_control_top.$flatten\u_mmio.$procdff$710 ($adff): ARST=\reset_n, D=$flatten\u_mmio.$0\r_request_id[7:0], Q=\u_mmio.r_request_id
Replacing adaptive_aero_control_top.$flatten\u_mmio.$procdff$715 ($adff): ARST=\reset_n, D=$flatten\u_mmio.$0\r_geometry_handle[15:0], Q=\u_mmio.r_geometry_handle
Replacing adaptive_aero_control_top.$flatten\u_mmio.$procdff$720 ($adff): ARST=\reset_n, D=$flatten\u_mmio.$0\r_flow_handle[15:0], Q=\u_mmio.r_flow_handle
Replacing adaptive_aero_control_top.$flatten\u_mmio.$procdff$725 ($adff): ARST=\reset_n, D=$flatten\u_mmio.$0\r_timestamp[31:0], Q=\u_mmio.r_timestamp
Replacing adaptive_aero_control_top.$flatten\u_mmio.$procdff$730 ($adff): ARST=\reset_n, D=$flatten\u_mmio.$0\r_command_mode[3:0], Q=\u_mmio.r_command_mode
Replacing adaptive_aero_control_top.$flatten\u_mmio.$procdff$735 ($adff): ARST=\reset_n, D=$flatten\u_mmio.$0\r_status_flags[7:0], Q=\u_mmio.r_status_flags
Replacing adaptive_aero_control_top.$flatten\u_mmio.$procdff$740 ($adff): ARST=\reset_n, D=$flatten\u_mmio.$0\wb_dat_o_r[31:0], Q=\u_mmio.wb_dat_o_r
Replacing adaptive_aero_control_top.$flatten\u_mmio.$procdff$745 ($adff): ARST=\reset_n, D=\u_mmio.access, Q=\u_mmio.wb_ack_o_r
Replacing adaptive_aero_control_top.$flatten\u_mmio.$procdff$750 ($adff): ARST=\reset_n, D=$flatten\u_mmio.$0\wb_err_o_r[0:0], Q=\u_mmio.wb_err_o_r
Replacing adaptive_aero_control_top.$flatten\u_safety.$procdff$755 ($adff): ARST=\reset_n, D=$flatten\u_safety.$0\last_accepted_cmd_r[15:0], Q=\u_safety.last_accepted_cmd_r
Replacing adaptive_aero_control_top.$flatten\u_safety.$procdff$760 ($adff): ARST=\reset_n, D=\u_mmio.r_fallback_cmd, Q=\u_safety.actuator_cmd_r
Replacing adaptive_aero_control_top.$flatten\u_safety.$procdff$765 ($adff): ARST=\reset_n, D=1'0, Q=\u_safety.actuator_cmd_valid_r
Replacing adaptive_aero_control_top.$flatten\u_safety.$procdff$770 ($adff): ARST=\reset_n, D=$flatten\u_safety.$0\reg_clamp_active_r[0:0], Q=\u_safety.reg_clamp_active_r

8. Executing MEMORY pass.

8.1. Executing OPT_MEM pass (optimize memories).
Performed a total of 0 transformations.

8.2. Executing OPT_MEM_PRIORITY pass (removing unnecessary memory write priority relations).
Performed a total of 0 transformations.

8.3. Executing OPT_MEM_FEEDBACK pass (finding memory read-to-write feedback paths).

8.4. Executing MEMORY_BMUX2ROM pass (converting muxes to ROMs).

8.5. Executing MEMORY_DFF pass (merging $dff cells to $memrd).

8.6. Executing OPT_CLEAN pass (remove unused cells and wires).
Finding unused cells or wires in module \adaptive_aero_control_top..

8.7. Executing MEMORY_SHARE pass (consolidating $memrd/$memwr cells).

8.8. Executing OPT_MEM_WIDEN pass (optimize memories where all ports are wide).
Performed a total of 0 transformations.

8.9. Executing OPT_CLEAN pass (remove unused cells and wires).
Finding unused cells or wires in module \adaptive_aero_control_top..

8.10. Executing MEMORY_COLLECT pass (generating $mem cells).

8.11. Executing MEMORY_MAP pass (converting memories to logic and flip-flops).

9. Executing OPT_CLEAN pass (remove unused cells and wires).
Finding unused cells or wires in module \adaptive_aero_control_top..
Renaming module \adaptive_aero_control_top to \gold.

10. Executing Verilog-2005 frontend: C:\Users\satheesh\chiploop-saas\.tmp_lec_repro\generic.v
Parsing SystemVerilog input from `C:\Users\satheesh\chiploop-saas\.tmp_lec_repro\generic.v' to AST representation.
Warning: Encountered `parallel_case' comment! Such legacy hot comments are supported by Yosys, but are not part of any formal language specification. Using the Verilog `parallel_case' attribute or the SystemVerilog `unique' or `priority' keywords is recommended!
Generating RTLIL representation for module `\adaptive_aero_control_top'.
Generating RTLIL representation for module `\adaptive_aero_control_top_actuator_safety'.
Generating RTLIL representation for module `\adaptive_aero_control_top_mmio'.
Generating RTLIL representation for module `\adaptive_aero_control_top_request_fsm'.
Generating RTLIL representation for module `\adaptive_aero_control_top_spi_fpga_top'.
Successfully finished Verilog frontend.

11. Executing PREP pass.

11.1. Executing HIERARCHY pass (managing design hierarchy).

11.1.1. Analyzing design hierarchy..
Top module:  \adaptive_aero_control_top
Used module:     \adaptive_aero_control_top_actuator_safety
Used module:     \adaptive_aero_control_top_mmio
Used module:     \adaptive_aero_control_top_request_fsm

11.1.2. Analyzing design hierarchy..
Top module:  \adaptive_aero_control_top
Used module:     \adaptive_aero_control_top_actuator_safety
Used module:     \adaptive_aero_control_top_mmio
Used module:     \adaptive_aero_control_top_request_fsm
Removing unused module `\adaptive_aero_control_top_spi_fpga_top'.
Removed 1 unused modules.

11.2. Executing PROC pass (convert processes to netlists).

11.2.1. Executing PROC_CLEAN pass (remove empty switches from decision trees).
Cleaned up 0 empty switches.

11.2.2. Executing PROC_RMDEAD pass (remove dead branches from decision trees).
Marked 1 switch rules as full_case in process $proc$C:\Users\satheesh\chiploop-saas\.tmp_lec_repro\generic.v:977$1090 in module adaptive_aero_control_top_request_fsm.
Marked 1 switch rules as full_case in process $proc$C:\Users\satheesh\chiploop-saas\.tmp_lec_repro\generic.v:974$1088 in module adaptive_aero_control_top_request_fsm.
Marked 1 switch rules as full_case in process $proc$C:\Users\satheesh\chiploop-saas\.tmp_lec_repro\generic.v:971$1086 in module adaptive_aero_control_top_request_fsm.
Marked 1 switch rules as full_case in process $proc$C:\Users\satheesh\chiploop-saas\.tmp_lec_repro\generic.v:968$1084 in module adaptive_aero_control_top_request_fsm.
Marked 1 switch rules as full_case in process $proc$C:\Users\satheesh\chiploop-saas\.tmp_lec_repro\generic.v:965$1082 in module adaptive_aero_control_top_request_fsm.
Marked 1 switch rules as full_case in process $proc$C:\Users\satheesh\chiploop-saas\.tmp_lec_repro\generic.v:962$1080 in module adaptive_aero_control_top_request_fsm.
Marked 1 switch rules as full_case in process $proc$C:\Users\satheesh\chiploop-saas\.tmp_lec_repro\generic.v:959$1078 in module adaptive_aero_control_top_request_fsm.
Marked 1 switch rules as full_case in process $proc$C:\Users\satheesh\chiploop-saas\.tmp_lec_repro\generic.v:956$1076 in module adaptive_aero_control_top_request_fsm.
Marked 1 switch rules as full_case in process $proc$C:\Users\satheesh\chiploop-saas\.tmp_lec_repro\generic.v:928$1049 in module adaptive_aero_control_top_request_fsm.
Marked 1 switch rules as full_case in process $proc$C:\Users\satheesh\chiploop-saas\.tmp_lec_repro\generic.v:924$1047 in module adaptive_aero_control_top_request_fsm.
Marked 1 switch rules as full_case in process $proc$C:\Users\satheesh\chiploop-saas\.tmp_lec_repro\generic.v:920$1045 in module adaptive_aero_control_top_request_fsm.
Marked 1 switch rules as full_case in process $proc$C:\Users\satheesh\chiploop-saas\.tmp_lec_repro\generic.v:917$1043 in module adaptive_aero_control_top_request_fsm.
Marked 1 switch rules as full_case in process $proc$C:\Users\satheesh\chiploop-saas\.tmp_lec_repro\generic.v:914$1041 in module adaptive_aero_control_top_request_fsm.
Marked 1 switch rules as full_case in process $proc$C:\Users\satheesh\chiploop-saas\.tmp_lec_repro\generic.v:911$1039 in module adaptive_aero_control_top_request_fsm.
Marked 1 switch rules as full_case in process $proc$C:\Users\satheesh\chiploop-saas\.tmp_lec_repro\generic.v:907$1037 in module adaptive_aero_control_top_request_fsm.
Marked 1 switch rules as full_case in process $proc$C:\Users\satheesh\chiploop-saas\.tmp_lec_repro\generic.v:902$1035 in module adaptive_aero_control_top_request_fsm.
Marked 1 switch rules as full_case in process $proc$C:\Users\satheesh\chiploop-saas\.tmp_lec_repro\generic.v:0$1028 in module adaptive_aero_control_top_mmio.
Marked 1 switch rules as full_case in process $proc$C:\Users\satheesh\chiploop-saas\.tmp_lec_repro\generic.v:642$1007 in module adaptive_aero_control_top_mmio.
Marked 1 switch rules as full_case in process $proc$C:\Users\satheesh\chiploop-saas\.tmp_lec_repro\generic.v:639$1005 in module adaptive_aero_control_top_mmio.
Marked 1 switch rules as full_case in process $proc$C:\Users\satheesh\chiploop-saas\.tmp_lec_repro\generic.v:636$1003 in module adaptive_aero_control_top_mmio.
Marked 1 switch rules as full_case in process $proc$C:\Users\satheesh\chiploop-saas\.tmp_lec_repro\generic.v:583$951 in module adaptive_aero_control_top_mmio.
Marked 1 switch rules as full_case in process $proc$C:\Users\satheesh\chiploop-saas\.tmp_lec_repro\generic.v:580$949 in module adaptive_aero_control_top_mmio.
Marked 1 switch rules as full_case in process $proc$C:\Users\satheesh\chiploop-saas\.tmp_lec_repro\generic.v:577$947 in module adaptive_aero_control_top_mmio.
Marked 1 switch rules as full_case in process $proc$C:\Users\satheesh\chiploop-saas\.tmp_lec_repro\generic.v:574$945 in module adaptive_aero_control_top_mmio.
Marked 1 switch rules as full_case in process $proc$C:\Users\satheesh\chiploop-saas\.tmp_lec_repro\generic.v:571$943 in module adaptive_aero_control_top_mmio.
Marked 1 switch rules as full_case in process $proc$C:\Users\satheesh\chiploop-saas\.tmp_lec_repro\generic.v:568$941 in module adaptive_aero_control_top_mmio.
Marked 1 switch rules as full_case in process $proc$C:\Users\satheesh\chiploop-saas\.tmp_lec_repro\generic.v:565$939 in module adaptive_aero_control_top_mmio.
Marked 1 switch rules as full_case in process $proc$C:\Users\satheesh\chiploop-saas\.tmp_lec_repro\generic.v:562$937 in module adaptive_aero_control_top_mmio.
Marked 1 switch rules as full_case in process $proc$C:\Users\satheesh\chiploop-saas\.tmp_lec_repro\generic.v:559$935 in module adaptive_aero_control_top_mmio.
Marked 1 switch rules as full_case in process $proc$C:\Users\satheesh\chiploop-saas\.tmp_lec_repro\generic.v:556$933 in module adaptive_aero_control_top_mmio.
Marked 1 switch rules as full_case in process $proc$C:\Users\satheesh\chiploop-saas\.tmp_lec_repro\generic.v:553$931 in module adaptive_aero_control_top_mmio.
Marked 1 switch rules as full_case in process $proc$C:\Users\satheesh\chiploop-saas\.tmp_lec_repro\generic.v:550$929 in module adaptive_aero_control_top_mmio.
Marked 1 switch rules as full_case in process $proc$C:\Users\satheesh\chiploop-saas\.tmp_lec_repro\generic.v:547$927 in module adaptive_aero_control_top_mmio.
Marked 1 switch rules as full_case in process $proc$C:\Users\satheesh\chiploop-saas\.tmp_lec_repro\generic.v:544$925 in module adaptive_aero_control_top_mmio.
Marked 1 switch rules as full_case in process $proc$C:\Users\satheesh\chiploop-saas\.tmp_lec_repro\generic.v:541$923 in module adaptive_aero_control_top_mmio.
Marked 1 switch rules as full_case in process $proc$C:\Users\satheesh\chiploop-saas\.tmp_lec_repro\generic.v:538$921 in module adaptive_aero_control_top_mmio.
Marked 1 switch rules as full_case in process $proc$C:\Users\satheesh\chiploop-saas\.tmp_lec_repro\generic.v:535$919 in module adaptive_aero_control_top_mmio.
Marked 1 switch rules as full_case in process $proc$C:\Users\satheesh\chiploop-saas\.tmp_lec_repro\generic.v:319$894 in module adaptive_aero_control_top_actuator_safety.
Marked 1 switch rules as full_case in process $proc$C:\Users\satheesh\chiploop-saas\.tmp_lec_repro\generic.v:316$892 in module adaptive_aero_control_top_actuator_safety.
Marked 1 switch rules as full_case in process $proc$C:\Users\satheesh\chiploop-saas\.tmp_lec_repro\generic.v:313$890 in module adaptive_aero_control_top_actuator_safety.
Marked 1 switch rules as full_case in process $proc$C:\Users\satheesh\chiploop-saas\.tmp_lec_repro\generic.v:280$858 in module adaptive_aero_control_top_actuator_safety.
Removed a total of 0 dead cases.

11.2.3. Executing PROC_PRUNE pass (remove redundant assignments in processes).
Removed 16 redundant assignments.
Promoted 4 assignments to connections.

11.2.4. Executing PROC_INIT pass (extract init attributes).

11.2.5. Executing PROC_ARST pass (detect async resets in processes).
Found async reset \reset_n in `\adaptive_aero_control_top_request_fsm.$proc$C:\Users\satheesh\chiploop-saas\.tmp_lec_repro\generic.v:977$1090'.
Found async reset \reset_n in `\adaptive_aero_control_top_request_fsm.$proc$C:\Users\satheesh\chiploop-saas\.tmp_lec_repro\generic.v:974$1088'.
Found async reset \reset_n in `\adaptive_aero_control_top_request_fsm.$proc$C:\Users\satheesh\chiploop-saas\.tmp_lec_repro\generic.v:971$1086'.
Found async reset \reset_n in `\adaptive_aero_control_top_request_fsm.$proc$C:\Users\satheesh\chiploop-saas\.tmp_lec_repro\generic.v:968$1084'.
Found async reset \reset_n in `\adaptive_aero_control_top_request_fsm.$proc$C:\Users\satheesh\chiploop-saas\.tmp_lec_repro\generic.v:965$1082'.
Found async reset \reset_n in `\adaptive_aero_control_top_request_fsm.$proc$C:\Users\satheesh\chiploop-saas\.tmp_lec_repro\generic.v:962$1080'.
Found async reset \reset_n in `\adaptive_aero_control_top_request_fsm.$proc$C:\Users\satheesh\chiploop-saas\.tmp_lec_repro\generic.v:959$1078'.
Found async reset \reset_n in `\adaptive_aero_control_top_request_fsm.$proc$C:\Users\satheesh\chiploop-saas\.tmp_lec_repro\generic.v:956$1076'.
Found async reset \reset_n in `\adaptive_aero_control_top_request_fsm.$proc$C:\Users\satheesh\chiploop-saas\.tmp_lec_repro\generic.v:928$1049'.
Found async reset \reset_n in `\adaptive_aero_control_top_request_fsm.$proc$C:\Users\satheesh\chiploop-saas\.tmp_lec_repro\generic.v:924$1047'.
Found async reset \reset_n in `\adaptive_aero_control_top_request_fsm.$proc$C:\Users\satheesh\chiploop-saas\.tmp_lec_repro\generic.v:920$1045'.
Found async reset \reset_n in `\adaptive_aero_control_top_request_fsm.$proc$C:\Users\satheesh\chiploop-saas\.tmp_lec_repro\generic.v:917$1043'.
Found async reset \reset_n in `\adaptive_aero_control_top_request_fsm.$proc$C:\Users\satheesh\chiploop-saas\.tmp_lec_repro\generic.v:914$1041'.
Found async reset \reset_n in `\adaptive_aero_control_top_request_fsm.$proc$C:\Users\satheesh\chiploop-saas\.tmp_lec_repro\generic.v:911$1039'.
Found async reset \reset_n in `\adaptive_aero_control_top_request_fsm.$proc$C:\Users\satheesh\chiploop-saas\.tmp_lec_repro\generic.v:907$1037'.
Found async reset \reset_n in `\adaptive_aero_control_top_request_fsm.$proc$C:\Users\satheesh\chiploop-saas\.tmp_lec_repro\generic.v:902$1035'.
Found async reset \reset_n in `\adaptive_aero_control_top_mmio.$proc$C:\Users\satheesh\chiploop-saas\.tmp_lec_repro\generic.v:642$1007'.
Found async reset \reset_n in `\adaptive_aero_control_top_mmio.$proc$C:\Users\satheesh\chiploop-saas\.tmp_lec_repro\generic.v:639$1005'.
Found async reset \reset_n in `\adaptive_aero_control_top_mmio.$proc$C:\Users\satheesh\chiploop-saas\.tmp_lec_repro\generic.v:636$1003'.
Found async reset \reset_n in `\adaptive_aero_control_top_mmio.$proc$C:\Users\satheesh\chiploop-saas\.tmp_lec_repro\generic.v:583$951'.
Found async reset \reset_n in `\adaptive_aero_control_top_mmio.$proc$C:\Users\satheesh\chiploop-saas\.tmp_lec_repro\generic.v:580$949'.
Found async reset \reset_n in `\adaptive_aero_control_top_mmio.$proc$C:\Users\satheesh\chiploop-saas\.tmp_lec_repro\generic.v:577$947'.
Found async reset \reset_n in `\adaptive_aero_control_top_mmio.$proc$C:\Users\satheesh\chiploop-saas\.tmp_lec_repro\generic.v:574$945'.
Found async reset \reset_n in `\adaptive_aero_control_top_mmio.$proc$C:\Users\satheesh\chiploop-saas\.tmp_lec_repro\generic.v:571$943'.
Found async reset \reset_n in `\adaptive_aero_control_top_mmio.$proc$C:\Users\satheesh\chiploop-saas\.tmp_lec_repro\generic.v:568$941'.
Found async reset \reset_n in `\adaptive_aero_control_top_mmio.$proc$C:\Users\satheesh\chiploop-saas\.tmp_lec_repro\generic.v:565$939'.
Found async reset \reset_n in `\adaptive_aero_control_top_mmio.$proc$C:\Users\satheesh\chiploop-saas\.tmp_lec_repro\generic.v:562$937'.
Found async reset \reset_n in `\adaptive_aero_control_top_mmio.$proc$C:\Users\satheesh\chiploop-saas\.tmp_lec_repro\generic.v:559$935'.
Found async reset \reset_n in `\adaptive_aero_control_top_mmio.$proc$C:\Users\satheesh\chiploop-saas\.tmp_lec_repro\generic.v:556$933'.
Found async reset \reset_n in `\adaptive_aero_control_top_mmio.$proc$C:\Users\satheesh\chiploop-saas\.tmp_lec_repro\generic.v:553$931'.
Found async reset \reset_n in `\adaptive_aero_control_top_mmio.$proc$C:\Users\satheesh\chiploop-saas\.tmp_lec_repro\generic.v:550$929'.
Found async reset \reset_n in `\adaptive_aero_control_top_mmio.$proc$C:\Users\satheesh\chiploop-saas\.tmp_lec_repro\generic.v:547$927'.
Found async reset \reset_n in `\adaptive_aero_control_top_mmio.$proc$C:\Users\satheesh\chiploop-saas\.tmp_lec_repro\generic.v:544$925'.
Found async reset \reset_n in `\adaptive_aero_control_top_mmio.$proc$C:\Users\satheesh\chiploop-saas\.tmp_lec_repro\generic.v:541$923'.
Found async reset \reset_n in `\adaptive_aero_control_top_mmio.$proc$C:\Users\satheesh\chiploop-saas\.tmp_lec_repro\generic.v:538$921'.
Found async reset \reset_n in `\adaptive_aero_control_top_mmio.$proc$C:\Users\satheesh\chiploop-saas\.tmp_lec_repro\generic.v:535$919'.
Found async reset \reset_n in `\adaptive_aero_control_top_actuator_safety.$proc$C:\Users\satheesh\chiploop-saas\.tmp_lec_repro\generic.v:319$894'.
Found async reset \reset_n in `\adaptive_aero_control_top_actuator_safety.$proc$C:\Users\satheesh\chiploop-saas\.tmp_lec_repro\generic.v:316$892'.
Found async reset \reset_n in `\adaptive_aero_control_top_actuator_safety.$proc$C:\Users\satheesh\chiploop-saas\.tmp_lec_repro\generic.v:313$890'.
Found async reset \reset_n in `\adaptive_aero_control_top_actuator_safety.$proc$C:\Users\satheesh\chiploop-saas\.tmp_lec_repro\generic.v:280$858'.

11.2.6. Executing PROC_ROM pass (convert switches to ROMs).
Converted 0 switches.
<suppressed ~25 debug messages>

11.2.7. Executing PROC_MUX pass (convert decision trees to multiplexers).
Creating decoders for process `\adaptive_aero_control_top_request_fsm.$proc$C:\Users\satheesh\chiploop-saas\.tmp_lec_repro\generic.v:977$1090'.
     1/1: $0\age_counter_r[31:0]
Creating decoders for process `\adaptive_aero_control_top_request_fsm.$proc$C:\Users\satheesh\chiploop-saas\.tmp_lec_repro\generic.v:974$1088'.
     1/1: $0\selected_cmd_valid_r[0:0]
Creating decoders for process `\adaptive_aero_control_top_request_fsm.$proc$C:\Users\satheesh\chiploop-saas\.tmp_lec_repro\generic.v:971$1086'.
     1/1: $0\irq_pulse_r[0:0]
Creating decoders for process `\adaptive_aero_control_top_request_fsm.$proc$C:\Users\satheesh\chiploop-saas\.tmp_lec_repro\generic.v:968$1084'.
     1/1: $0\fallback_active_r[0:0]
Creating decoders for process `\adaptive_aero_control_top_request_fsm.$proc$C:\Users\satheesh\chiploop-saas\.tmp_lec_repro\generic.v:965$1082'.
     1/1: $0\service_error_r[0:0]
Creating decoders for process `\adaptive_aero_control_top_request_fsm.$proc$C:\Users\satheesh\chiploop-saas\.tmp_lec_repro\generic.v:962$1080'.
     1/1: $0\envelope_violation_r[0:0]
Creating decoders for process `\adaptive_aero_control_top_request_fsm.$proc$C:\Users\satheesh\chiploop-saas\.tmp_lec_repro\generic.v:959$1078'.
     1/1: $0\response_received_r[0:0]
Creating decoders for process `\adaptive_aero_control_top_request_fsm.$proc$C:\Users\satheesh\chiploop-saas\.tmp_lec_repro\generic.v:956$1076'.
     1/1: $0\state_r[7:0]
Creating decoders for process `\adaptive_aero_control_top_request_fsm.$proc$C:\Users\satheesh\chiploop-saas\.tmp_lec_repro\generic.v:928$1049'.
     1/1: $0\timeout_expired_r[0:0]
Creating decoders for process `\adaptive_aero_control_top_request_fsm.$proc$C:\Users\satheesh\chiploop-saas\.tmp_lec_repro\generic.v:924$1047'.
     1/1: $0\_065_[55:0]
Creating decoders for process `\adaptive_aero_control_top_request_fsm.$proc$C:\Users\satheesh\chiploop-saas\.tmp_lec_repro\generic.v:920$1045'.
     1/1: $0\pending_r[0:0]
Creating decoders for process `\adaptive_aero_control_top_request_fsm.$proc$C:\Users\satheesh\chiploop-saas\.tmp_lec_repro\generic.v:917$1043'.
     1/1: $0\selected_cmd_r[15:0]
Creating decoders for process `\adaptive_aero_control_top_request_fsm.$proc$C:\Users\satheesh\chiploop-saas\.tmp_lec_repro\generic.v:914$1041'.
     1/1: $0\response_req_id_r[7:0]
Creating decoders for process `\adaptive_aero_control_top_request_fsm.$proc$C:\Users\satheesh\chiploop-saas\.tmp_lec_repro\generic.v:911$1039'.
     1/1: $0\outstanding_req_id_r[7:0]
Creating decoders for process `\adaptive_aero_control_top_request_fsm.$proc$C:\Users\satheesh\chiploop-saas\.tmp_lec_repro\generic.v:907$1037'.
     1/1: $0\_060_[2:0]
Creating decoders for process `\adaptive_aero_control_top_request_fsm.$proc$C:\Users\satheesh\chiploop-saas\.tmp_lec_repro\generic.v:902$1035'.
     1/1: $0\_059_[12:0]
Creating decoders for process `\adaptive_aero_control_top_mmio.$proc$C:\Users\satheesh\chiploop-saas\.tmp_lec_repro\generic.v:0$1028'.
     1/1: $1\_143_$func$C:\Users\satheesh\chiploop-saas\.tmp_lec_repro\generic.v:692$915.$result[31:0]$1033
Creating decoders for process `\adaptive_aero_control_top_mmio.$proc$C:\Users\satheesh\chiploop-saas\.tmp_lec_repro\generic.v:642$1007'.
     1/1: $0\wb_err_o_r[0:0]
Creating decoders for process `\adaptive_aero_control_top_mmio.$proc$C:\Users\satheesh\chiploop-saas\.tmp_lec_repro\generic.v:639$1005'.
     1/1: $0\wb_ack_o_r[0:0]
Creating decoders for process `\adaptive_aero_control_top_mmio.$proc$C:\Users\satheesh\chiploop-saas\.tmp_lec_repro\generic.v:636$1003'.
     1/1: $0\wb_dat_o_r[31:0]
Creating decoders for process `\adaptive_aero_control_top_mmio.$proc$C:\Users\satheesh\chiploop-saas\.tmp_lec_repro\generic.v:583$951'.
     1/1: $0\r_oper_en_min[15:0]
Creating decoders for process `\adaptive_aero_control_top_mmio.$proc$C:\Users\satheesh\chiploop-saas\.tmp_lec_repro\generic.v:580$949'.
     1/1: $0\r_request_id[7:0]
Creating decoders for process `\adaptive_aero_control_top_mmio.$proc$C:\Users\satheesh\chiploop-saas\.tmp_lec_repro\generic.v:577$947'.
     1/1: $0\r_rate_limit_step[15:0]
Creating decoders for process `\adaptive_aero_control_top_mmio.$proc$C:\Users\satheesh\chiploop-saas\.tmp_lec_repro\generic.v:574$945'.
     1/1: $0\r_allow_multi_outstanding[0:0]
Creating decoders for process `\adaptive_aero_control_top_mmio.$proc$C:\Users\satheesh\chiploop-saas\.tmp_lec_repro\generic.v:571$943'.
     1/1: $0\r_rate_limit_en[0:0]
Creating decoders for process `\adaptive_aero_control_top_mmio.$proc$C:\Users\satheesh\chiploop-saas\.tmp_lec_repro\generic.v:568$941'.
     1/1: $0\r_status_flags[7:0]
Creating decoders for process `\adaptive_aero_control_top_mmio.$proc$C:\Users\satheesh\chiploop-saas\.tmp_lec_repro\generic.v:565$939'.
     1/1: $0\r_geometry_handle[15:0]
Creating decoders for process `\adaptive_aero_control_top_mmio.$proc$C:\Users\satheesh\chiploop-saas\.tmp_lec_repro\generic.v:562$937'.
     1/1: $0\r_clamp_max[15:0]
Creating decoders for process `\adaptive_aero_control_top_mmio.$proc$C:\Users\satheesh\chiploop-saas\.tmp_lec_repro\generic.v:559$935'.
     1/1: $0\r_flow_handle[15:0]
Creating decoders for process `\adaptive_aero_control_top_mmio.$proc$C:\Users\satheesh\chiploop-saas\.tmp_lec_repro\generic.v:556$933'.
     1/1: $0\r_force_safe_mode[0:0]
Creating decoders for process `\adaptive_aero_control_top_mmio.$proc$C:\Users\satheesh\chiploop-saas\.tmp_lec_repro\generic.v:553$931'.
     1/1: $0\r_clamp_min[15:0]
Creating decoders for process `\adaptive_aero_control_top_mmio.$proc$C:\Users\satheesh\chiploop-saas\.tmp_lec_repro\generic.v:550$929'.
     1/1: $0\r_command_mode[3:0]
Creating decoders for process `\adaptive_aero_control_top_mmio.$proc$C:\Users\satheesh\chiploop-saas\.tmp_lec_repro\generic.v:547$927'.
     1/1: $0\r_timeout_cycles[31:0]
Creating decoders for process `\adaptive_aero_control_top_mmio.$proc$C:\Users\satheesh\chiploop-saas\.tmp_lec_repro\generic.v:544$925'.
     1/1: $0\r_request_issue[0:0]
Creating decoders for process `\adaptive_aero_control_top_mmio.$proc$C:\Users\satheesh\chiploop-saas\.tmp_lec_repro\generic.v:541$923'.
     1/1: $0\r_fallback_cmd[15:0]
Creating decoders for process `\adaptive_aero_control_top_mmio.$proc$C:\Users\satheesh\chiploop-saas\.tmp_lec_repro\generic.v:538$921'.
     1/1: $0\r_oper_en_max[15:0]
Creating decoders for process `\adaptive_aero_control_top_mmio.$proc$C:\Users\satheesh\chiploop-saas\.tmp_lec_repro\generic.v:535$919'.
     1/1: $0\r_timestamp[31:0]
Creating decoders for process `\adaptive_aero_control_top_actuator_safety.$proc$C:\Users\satheesh\chiploop-saas\.tmp_lec_repro\generic.v:319$894'.
     1/1: $0\reg_clamp_active_r[0:0]
Creating decoders for process `\adaptive_aero_control_top_actuator_safety.$proc$C:\Users\satheesh\chiploop-saas\.tmp_lec_repro\generic.v:316$892'.
     1/1: $0\actuator_cmd_valid_r[0:0]
Creating decoders for process `\adaptive_aero_control_top_actuator_safety.$proc$C:\Users\satheesh\chiploop-saas\.tmp_lec_repro\generic.v:313$890'.
     1/1: $0\actuator_cmd_r[15:0]
Creating decoders for process `\adaptive_aero_control_top_actuator_safety.$proc$C:\Users\satheesh\chiploop-saas\.tmp_lec_repro\generic.v:280$858'.
     1/1: $0\last_accepted_cmd_r[15:0]

11.2.8. Executing PROC_DLATCH pass (convert process syncs to latches).
No latch inferred for signal `\adaptive_aero_control_top_mmio.\_143_$func$C:\Users\satheesh\chiploop-saas\.tmp_lec_repro\generic.v:692$915.s' from process `\adaptive_aero_control_top_mmio.$proc$C:\Users\satheesh\chiploop-saas\.tmp_lec_repro\generic.v:0$1028'.
No latch inferred for signal `\adaptive_aero_control_top_mmio.\_143_$func$C:\Users\satheesh\chiploop-saas\.tmp_lec_repro\generic.v:692$915.b' from process `\adaptive_aero_control_top_mmio.$proc$C:\Users\satheesh\chiploop-saas\.tmp_lec_repro\generic.v:0$1028'.
No latch inferred for signal `\adaptive_aero_control_top_mmio.\_143_$func$C:\Users\satheesh\chiploop-saas\.tmp_lec_repro\generic.v:692$915.$result' from process `\adaptive_aero_control_top_mmio.$proc$C:\Users\satheesh\chiploop-saas\.tmp_lec_repro\generic.v:0$1028'.
No latch inferred for signal `\adaptive_aero_control_top_mmio.\_143_$func$C:\Users\satheesh\chiploop-saas\.tmp_lec_repro\generic.v:692$914.$result' from process `\adaptive_aero_control_top_mmio.$proc$C:\Users\satheesh\chiploop-saas\.tmp_lec_repro\generic.v:0$1028'.

11.2.9. Executing PROC_DFF pass (convert process syncs to FFs).
Creating register for signal `\adaptive_aero_control_top_request_fsm.\age_counter_r' using process `\adaptive_aero_control_top_request_fsm.$proc$C:\Users\satheesh\chiploop-saas\.tmp_lec_repro\generic.v:977$1090'.
  created $adff cell `$procdff$1231' with positive edge clock and positive level reset.
Creating register for signal `\adaptive_aero_control_top_request_fsm.\selected_cmd_valid_r' using process `\adaptive_aero_control_top_request_fsm.$proc$C:\Users\satheesh\chiploop-saas\.tmp_lec_repro\generic.v:974$1088'.
  created $adff cell `$procdff$1236' with positive edge clock and positive level reset.
Creating register for signal `\adaptive_aero_control_top_request_fsm.\irq_pulse_r' using process `\adaptive_aero_control_top_request_fsm.$proc$C:\Users\satheesh\chiploop-saas\.tmp_lec_repro\generic.v:971$1086'.
  created $adff cell `$procdff$1241' with positive edge clock and positive level reset.
Creating register for signal `\adaptive_aero_control_top_request_fsm.\fallback_active_r' using process `\adaptive_aero_control_top_request_fsm.$proc$C:\Users\satheesh\chiploop-saas\.tmp_lec_repro\generic.v:968$1084'.
  created $adff cell `$procdff$1246' with positive edge clock and positive level reset.
Creating register for signal `\adaptive_aero_control_top_request_fsm.\service_error_r' using process `\adaptive_aero_control_top_request_fsm.$proc$C:\Users\satheesh\chiploop-saas\.tmp_lec_repro\generic.v:965$1082'.
  created $adff cell `$procdff$1251' with positive edge clock and positive level reset.
Creating register for signal `\adaptive_aero_control_top_request_fsm.\envelope_violation_r' using process `\adaptive_aero_control_top_request_fsm.$proc$C:\Users\satheesh\chiploop-saas\.tmp_lec_repro\generic.v:962$1080'.
  created $adff cell `$procdff$1256' with positive edge clock and positive level reset.
Creating register for signal `\adaptive_aero_control_top_request_fsm.\response_received_r' using process `\adaptive_aero_control_top_request_fsm.$proc$C:\Users\satheesh\chiploop-saas\.tmp_lec_repro\generic.v:959$1078'.
  created $adff cell `$procdff$1261' with positive edge clock and positive level reset.
Creating register for signal `\adaptive_aero_control_top_request_fsm.\state_r' using process `\adaptive_aero_control_top_request_fsm.$proc$C:\Users\satheesh\chiploop-saas\.tmp_lec_repro\generic.v:956$1076'.
  created $adff cell `$procdff$1266' with positive edge clock and positive level reset.
Creating register for signal `\adaptive_aero_control_top_request_fsm.\timeout_expired_r' using process `\adaptive_aero_control_top_request_fsm.$proc$C:\Users\satheesh\chiploop-saas\.tmp_lec_repro\generic.v:928$1049'.
  created $adff cell `$procdff$1271' with positive edge clock and positive level reset.
Creating register for signal `\adaptive_aero_control_top_request_fsm.\_065_' using process `\adaptive_aero_control_top_request_fsm.$proc$C:\Users\satheesh\chiploop-saas\.tmp_lec_repro\generic.v:924$1047'.
  created $adff cell `$procdff$1276' with positive edge clock and positive level reset.
Creating register for signal `\adaptive_aero_control_top_request_fsm.\pending_r' using process `\adaptive_aero_control_top_request_fsm.$proc$C:\Users\satheesh\chiploop-saas\.tmp_lec_repro\generic.v:920$1045'.
  created $adff cell `$procdff$1281' with positive edge clock and positive level reset.
Creating register for signal `\adaptive_aero_control_top_request_fsm.\selected_cmd_r' using process `\adaptive_aero_control_top_request_fsm.$proc$C:\Users\satheesh\chiploop-saas\.tmp_lec_repro\generic.v:917$1043'.
  created $adff cell `$procdff$1286' with positive edge clock and positive level reset.
Creating register for signal `\adaptive_aero_control_top_request_fsm.\response_req_id_r' using process `\adaptive_aero_control_top_request_fsm.$proc$C:\Users\satheesh\chiploop-saas\.tmp_lec_repro\generic.v:914$1041'.
  created $adff cell `$procdff$1291' with positive edge clock and positive level reset.
Creating register for signal `\adaptive_aero_control_top_request_fsm.\outstanding_req_id_r' using process `\adaptive_aero_control_top_request_fsm.$proc$C:\Users\satheesh\chiploop-saas\.tmp_lec_repro\generic.v:911$1039'.
  created $adff cell `$procdff$1296' with positive edge clock and positive level reset.
Creating register for signal `\adaptive_aero_control_top_request_fsm.\_060_' using process `\adaptive_aero_control_top_request_fsm.$proc$C:\Users\satheesh\chiploop-saas\.tmp_lec_repro\generic.v:907$1037'.
  created $adff cell `$procdff$1301' with positive edge clock and positive level reset.
Creating register for signal `\adaptive_aero_control_top_request_fsm.\_059_' using process `\adaptive_aero_control_top_request_fsm.$proc$C:\Users\satheesh\chiploop-saas\.tmp_lec_repro\generic.v:902$1035'.
  created $adff cell `$procdff$1306' with positive edge clock and positive level reset.
Creating register for signal `\adaptive_aero_control_top_mmio.\wb_err_o_r' using process `\adaptive_aero_control_top_mmio.$proc$C:\Users\satheesh\chiploop-saas\.tmp_lec_repro\generic.v:642$1007'.
  created $adff cell `$procdff$1311' with positive edge clock and positive level reset.
Creating register for signal `\adaptive_aero_control_top_mmio.\wb_ack_o_r' using process `\adaptive_aero_control_top_mmio.$proc$C:\Users\satheesh\chiploop-saas\.tmp_lec_repro\generic.v:639$1005'.
  created $adff cell `$procdff$1316' with positive edge clock and positive level reset.
Creating register for signal `\adaptive_aero_control_top_mmio.\wb_dat_o_r' using process `\adaptive_aero_control_top_mmio.$proc$C:\Users\satheesh\chiploop-saas\.tmp_lec_repro\generic.v:636$1003'.
  created $adff cell `$procdff$1321' with positive edge clock and positive level reset.
Creating register for signal `\adaptive_aero_control_top_mmio.\r_oper_en_min' using process `\adaptive_aero_control_top_mmio.$proc$C:\Users\satheesh\chiploop-saas\.tmp_lec_repro\generic.v:583$951'.
  created $adff cell `$procdff$1326' with positive edge clock and positive level reset.
Creating register for signal `\adaptive_aero_control_top_mmio.\r_request_id' using process `\adaptive_aero_control_top_mmio.$proc$C:\Users\satheesh\chiploop-saas\.tmp_lec_repro\generic.v:580$949'.
  created $adff cell `$procdff$1331' with positive edge clock and positive level reset.
Creating register for signal `\adaptive_aero_control_top_mmio.\r_rate_limit_step' using process `\adaptive_aero_control_top_mmio.$proc$C:\Users\satheesh\chiploop-saas\.tmp_lec_repro\generic.v:577$947'.
  created $adff cell `$procdff$1336' with positive edge clock and positive level reset.
Creating register for signal `\adaptive_aero_control_top_mmio.\r_allow_multi_outstanding' using process `\adaptive_aero_control_top_mmio.$proc$C:\Users\satheesh\chiploop-saas\.tmp_lec_repro\generic.v:574$945'.
  created $adff cell `$procdff$1341' with positive edge clock and positive level reset.
Creating register for signal `\adaptive_aero_control_top_mmio.\r_rate_limit_en' using process `\adaptive_aero_control_top_mmio.$proc$C:\Users\satheesh\chiploop-saas\.tmp_lec_repro\generic.v:571$943'.
  created $adff cell `$procdff$1346' with positive edge clock and positive level reset.
Creating register for signal `\adaptive_aero_control_top_mmio.\r_status_flags' using process `\adaptive_aero_control_top_mmio.$proc$C:\Users\satheesh\chiploop-saas\.tmp_lec_repro\generic.v:568$941'.
  created $adff cell `$procdff$1351' with positive edge clock and positive level reset.
Creating register for signal `\adaptive_aero_control_top_mmio.\r_geometry_handle' using process `\adaptive_aero_control_top_mmio.$proc$C:\Users\satheesh\chiploop-saas\.tmp_lec_repro\generic.v:565$939'.
  created $adff cell `$procdff$1356' with positive edge clock and positive level reset.
Creating register for signal `\adaptive_aero_control_top_mmio.\r_clamp_max' using process `\adaptive_aero_control_top_mmio.$proc$C:\Users\satheesh\chiploop-saas\.tmp_lec_repro\generic.v:562$937'.
  created $adff cell `$procdff$1361' with positive edge clock and positive level reset.
Creating register for signal `\adaptive_aero_control_top_mmio.\r_flow_handle' using process `\adaptive_aero_control_top_mmio.$proc$C:\Users\satheesh\chiploop-saas\.tmp_lec_repro\generic.v:559$935'.
  created $adff cell `$procdff$1366' with positive edge clock and positive level reset.
Creating register for signal `\adaptive_aero_control_top_mmio.\r_force_safe_mode' using process `\adaptive_aero_control_top_mmio.$proc$C:\Users\satheesh\chiploop-saas\.tmp_lec_repro\generic.v:556$933'.
  created $adff cell `$procdff$1371' with positive edge clock and positive level reset.
Creating register for signal `\adaptive_aero_control_top_mmio.\r_clamp_min' using process `\adaptive_aero_control_top_mmio.$proc$C:\Users\satheesh\chiploop-saas\.tmp_lec_repro\generic.v:553$931'.
  created $adff cell `$procdff$1376' with positive edge clock and positive level reset.
Creating register for signal `\adaptive_aero_control_top_mmio.\r_command_mode' using process `\adaptive_aero_control_top_mmio.$proc$C:\Users\satheesh\chiploop-saas\.tmp_lec_repro\generic.v:550$929'.
  created $adff cell `$procdff$1381' with positive edge clock and positive level reset.
Creating register for signal `\adaptive_aero_control_top_mmio.\r_timeout_cycles' using process `\adaptive_aero_control_top_mmio.$proc$C:\Users\satheesh\chiploop-saas\.tmp_lec_repro\generic.v:547$927'.
  created $adff cell `$procdff$1386' with positive edge clock and positive level reset.
Creating register for signal `\adaptive_aero_control_top_mmio.\r_request_issue' using process `\adaptive_aero_control_top_mmio.$proc$C:\Users\satheesh\chiploop-saas\.tmp_lec_repro\generic.v:544$925'.
  created $adff cell `$procdff$1391' with positive edge clock and positive level reset.
Creating register for signal `\adaptive_aero_control_top_mmio.\r_fallback_cmd' using process `\adaptive_aero_control_top_mmio.$proc$C:\Users\satheesh\chiploop-saas\.tmp_lec_repro\generic.v:541$923'.
  created $adff cell `$procdff$1396' with positive edge clock and positive level reset.
Creating register for signal `\adaptive_aero_control_top_mmio.\r_oper_en_max' using process `\adaptive_aero_control_top_mmio.$proc$C:\Users\satheesh\chiploop-saas\.tmp_lec_repro\generic.v:538$921'.
  created $adff cell `$procdff$1401' with positive edge clock and positive level reset.
Creating register for signal `\adaptive_aero_control_top_mmio.\r_timestamp' using process `\adaptive_aero_control_top_mmio.$proc$C:\Users\satheesh\chiploop-saas\.tmp_lec_repro\generic.v:535$919'.
  created $adff cell `$procdff$1406' with positive edge clock and positive level reset.
Creating register for signal `\adaptive_aero_control_top_actuator_safety.\reg_clamp_active_r' using process `\adaptive_aero_control_top_actuator_safety.$proc$C:\Users\satheesh\chiploop-saas\.tmp_lec_repro\generic.v:319$894'.
  created $adff cell `$procdff$1411' with positive edge clock and positive level reset.
Creating register for signal `\adaptive_aero_control_top_actuator_safety.\actuator_cmd_valid_r' using process `\adaptive_aero_control_top_actuator_safety.$proc$C:\Users\satheesh\chiploop-saas\.tmp_lec_repro\generic.v:316$892'.
  created $adff cell `$procdff$1416' with positive edge clock and positive level reset.
Creating register for signal `\adaptive_aero_control_top_actuator_safety.\actuator_cmd_r' using process `\adaptive_aero_control_top_actuator_safety.$proc$C:\Users\satheesh\chiploop-saas\.tmp_lec_repro\generic.v:313$890'.
  created $adff cell `$procdff$1421' with positive edge clock and positive level reset.
Creating register for signal `\adaptive_aero_control_top_actuator_safety.\last_accepted_cmd_r' using process `\adaptive_aero_control_top_actuator_safety.$proc$C:\Users\satheesh\chiploop-saas\.tmp_lec_repro\generic.v:280$858'.
  created $adff cell `$procdff$1426' with positive edge clock and positive level reset.

11.2.10. Executing PROC_MEMWR pass (convert process memory writes to cells).

11.2.11. Executing PROC_CLEAN pass (remove empty switches from decision trees).
Removing empty process `adaptive_aero_control_top_request_fsm.$proc$C:\Users\satheesh\chiploop-saas\.tmp_lec_repro\generic.v:977$1090'.
Removing empty process `adaptive_aero_control_top_request_fsm.$proc$C:\Users\satheesh\chiploop-saas\.tmp_lec_repro\generic.v:974$1088'.
Removing empty process `adaptive_aero_control_top_request_fsm.$proc$C:\Users\satheesh\chiploop-saas\.tmp_lec_repro\generic.v:971$1086'.
Removing empty process `adaptive_aero_control_top_request_fsm.$proc$C:\Users\satheesh\chiploop-saas\.tmp_lec_repro\generic.v:968$1084'.
Removing empty process `adaptive_aero_control_top_request_fsm.$proc$C:\Users\satheesh\chiploop-saas\.tmp_lec_repro\generic.v:965$1082'.
Removing empty process `adaptive_aero_control_top_request_fsm.$proc$C:\Users\satheesh\chiploop-saas\.tmp_lec_repro\generic.v:962$1080'.
Removing empty process `adaptive_aero_control_top_request_fsm.$proc$C:\Users\satheesh\chiploop-saas\.tmp_lec_repro\generic.v:959$1078'.
Removing empty process `adaptive_aero_control_top_request_fsm.$proc$C:\Users\satheesh\chiploop-saas\.tmp_lec_repro\generic.v:956$1076'.
Found and cleaned up 1 empty switch in `\adaptive_aero_control_top_request_fsm.$proc$C:\Users\satheesh\chiploop-saas\.tmp_lec_repro\generic.v:928$1049'.
Removing empty process `adaptive_aero_control_top_request_fsm.$proc$C:\Users\satheesh\chiploop-saas\.tmp_lec_repro\generic.v:928$1049'.
Removing empty process `adaptive_aero_control_top_request_fsm.$proc$C:\Users\satheesh\chiploop-saas\.tmp_lec_repro\generic.v:924$1047'.
Found and cleaned up 1 empty switch in `\adaptive_aero_control_top_request_fsm.$proc$C:\Users\satheesh\chiploop-saas\.tmp_lec_repro\generic.v:920$1045'.
Removing empty process `adaptive_aero_control_top_request_fsm.$proc$C:\Users\satheesh\chiploop-saas\.tmp_lec_repro\generic.v:920$1045'.
Found and cleaned up 1 empty switch in `\adaptive_aero_control_top_request_fsm.$proc$C:\Users\satheesh\chiploop-saas\.tmp_lec_repro\generic.v:917$1043'.
Removing empty process `adaptive_aero_control_top_request_fsm.$proc$C:\Users\satheesh\chiploop-saas\.tmp_lec_repro\generic.v:917$1043'.
Found and cleaned up 1 empty switch in `\adaptive_aero_control_top_request_fsm.$proc$C:\Users\satheesh\chiploop-saas\.tmp_lec_repro\generic.v:914$1041'.
Removing empty process `adaptive_aero_control_top_request_fsm.$proc$C:\Users\satheesh\chiploop-saas\.tmp_lec_repro\generic.v:914$1041'.
Found and cleaned up 1 empty switch in `\adaptive_aero_control_top_request_fsm.$proc$C:\Users\satheesh\chiploop-saas\.tmp_lec_repro\generic.v:911$1039'.
Removing empty process `adaptive_aero_control_top_request_fsm.$proc$C:\Users\satheesh\chiploop-saas\.tmp_lec_repro\generic.v:911$1039'.
Removing empty process `adaptive_aero_control_top_request_fsm.$proc$C:\Users\satheesh\chiploop-saas\.tmp_lec_repro\generic.v:907$1037'.
Found and cleaned up 1 empty switch in `\adaptive_aero_control_top_request_fsm.$proc$C:\Users\satheesh\chiploop-saas\.tmp_lec_repro\generic.v:902$1035'.
Removing empty process `adaptive_aero_control_top_request_fsm.$proc$C:\Users\satheesh\chiploop-saas\.tmp_lec_repro\generic.v:902$1035'.
Found and cleaned up 1 empty switch in `\adaptive_aero_control_top_mmio.$proc$C:\Users\satheesh\chiploop-saas\.tmp_lec_repro\generic.v:0$1028'.
Removing empty process `adaptive_aero_control_top_mmio.$proc$C:\Users\satheesh\chiploop-saas\.tmp_lec_repro\generic.v:0$1028'.
Removing empty process `adaptive_aero_control_top_mmio.$proc$C:\Users\satheesh\chiploop-saas\.tmp_lec_repro\generic.v:642$1007'.
Removing empty process `adaptive_aero_control_top_mmio.$proc$C:\Users\satheesh\chiploop-saas\.tmp_lec_repro\generic.v:639$1005'.
Removing empty process `adaptive_aero_control_top_mmio.$proc$C:\Users\satheesh\chiploop-saas\.tmp_lec_repro\generic.v:636$1003'.
Found and cleaned up 1 empty switch in `\adaptive_aero_control_top_mmio.$proc$C:\Users\satheesh\chiploop-saas\.tmp_lec_repro\generic.v:583$951'.
Removing empty process `adaptive_aero_control_top_mmio.$proc$C:\Users\satheesh\chiploop-saas\.tmp_lec_repro\generic.v:583$951'.
Found and cleaned up 1 empty switch in `\adaptive_aero_control_top_mmio.$proc$C:\Users\satheesh\chiploop-saas\.tmp_lec_repro\generic.v:580$949'.
Removing empty process `adaptive_aero_control_top_mmio.$proc$C:\Users\satheesh\chiploop-saas\.tmp_lec_repro\generic.v:580$949'.
Found and cleaned up 1 empty switch in `\adaptive_aero_control_top_mmio.$proc$C:\Users\satheesh\chiploop-saas\.tmp_lec_repro\generic.v:577$947'.
Removing empty process `adaptive_aero_control_top_mmio.$proc$C:\Users\satheesh\chiploop-saas\.tmp_lec_repro\generic.v:577$947'.
Found and cleaned up 1 empty switch in `\adaptive_aero_control_top_mmio.$proc$C:\Users\satheesh\chiploop-saas\.tmp_lec_repro\generic.v:574$945'.
Removing empty process `adaptive_aero_control_top_mmio.$proc$C:\Users\satheesh\chiploop-saas\.tmp_lec_repro\generic.v:574$945'.
Found and cleaned up 1 empty switch in `\adaptive_aero_control_top_mmio.$proc$C:\Users\satheesh\chiploop-saas\.tmp_lec_repro\generic.v:571$943'.
Removing empty process `adaptive_aero_control_top_mmio.$proc$C:\Users\satheesh\chiploop-saas\.tmp_lec_repro\generic.v:571$943'.
Found and cleaned up 1 empty switch in `\adaptive_aero_control_top_mmio.$proc$C:\Users\satheesh\chiploop-saas\.tmp_lec_repro\generic.v:568$941'.
Removing empty process `adaptive_aero_control_top_mmio.$proc$C:\Users\satheesh\chiploop-saas\.tmp_lec_repro\generic.v:568$941'.
Found and cleaned up 1 empty switch in `\adaptive_aero_control_top_mmio.$proc$C:\Users\satheesh\chiploop-saas\.tmp_lec_repro\generic.v:565$939'.
Removing empty process `adaptive_aero_control_top_mmio.$proc$C:\Users\satheesh\chiploop-saas\.tmp_lec_repro\generic.v:565$939'.
Found and cleaned up 1 empty switch in `\adaptive_aero_control_top_mmio.$proc$C:\Users\satheesh\chiploop-saas\.tmp_lec_repro\generic.v:562$937'.
Removing empty process `adaptive_aero_control_top_mmio.$proc$C:\Users\satheesh\chiploop-saas\.tmp_lec_repro\generic.v:562$937'.
Found and cleaned up 1 empty switch in `\adaptive_aero_control_top_mmio.$proc$C:\Users\satheesh\chiploop-saas\.tmp_lec_repro\generic.v:559$935'.
Removing empty process `adaptive_aero_control_top_mmio.$proc$C:\Users\satheesh\chiploop-saas\.tmp_lec_repro\generic.v:559$935'.
Found and cleaned up 1 empty switch in `\adaptive_aero_control_top_mmio.$proc$C:\Users\satheesh\chiploop-saas\.tmp_lec_repro\generic.v:556$933'.
Removing empty process `adaptive_aero_control_top_mmio.$proc$C:\Users\satheesh\chiploop-saas\.tmp_lec_repro\generic.v:556$933'.
Found and cleaned up 1 empty switch in `\adaptive_aero_control_top_mmio.$proc$C:\Users\satheesh\chiploop-saas\.tmp_lec_repro\generic.v:553$931'.
Removing empty process `adaptive_aero_control_top_mmio.$proc$C:\Users\satheesh\chiploop-saas\.tmp_lec_repro\generic.v:553$931'.
Found and cleaned up 1 empty switch in `\adaptive_aero_control_top_mmio.$proc$C:\Users\satheesh\chiploop-saas\.tmp_lec_repro\generic.v:550$929'.
Removing empty process `adaptive_aero_control_top_mmio.$proc$C:\Users\satheesh\chiploop-saas\.tmp_lec_repro\generic.v:550$929'.
Found and cleaned up 1 empty switch in `\adaptive_aero_control_top_mmio.$proc$C:\Users\satheesh\chiploop-saas\.tmp_lec_repro\generic.v:547$927'.
Removing empty process `adaptive_aero_control_top_mmio.$proc$C:\Users\satheesh\chiploop-saas\.tmp_lec_repro\generic.v:547$927'.
Found and cleaned up 1 empty switch in `\adaptive_aero_control_top_mmio.$proc$C:\Users\satheesh\chiploop-saas\.tmp_lec_repro\generic.v:544$925'.
Removing empty process `adaptive_aero_control_top_mmio.$proc$C:\Users\satheesh\chiploop-saas\.tmp_lec_repro\generic.v:544$925'.
Found and cleaned up 1 empty switch in `\adaptive_aero_control_top_mmio.$proc$C:\Users\satheesh\chiploop-saas\.tmp_lec_repro\generic.v:541$923'.
Removing empty process `adaptive_aero_control_top_mmio.$proc$C:\Users\satheesh\chiploop-saas\.tmp_lec_repro\generic.v:541$923'.
Found and cleaned up 1 empty switch in `\adaptive_aero_control_top_mmio.$proc$C:\Users\satheesh\chiploop-saas\.tmp_lec_repro\generic.v:538$921'.
Removing empty process `adaptive_aero_control_top_mmio.$proc$C:\Users\satheesh\chiploop-saas\.tmp_lec_repro\generic.v:538$921'.
Found and cleaned up 1 empty switch in `\adaptive_aero_control_top_mmio.$proc$C:\Users\satheesh\chiploop-saas\.tmp_lec_repro\generic.v:535$919'.
Removing empty process `adaptive_aero_control_top_mmio.$proc$C:\Users\satheesh\chiploop-saas\.tmp_lec_repro\generic.v:535$919'.
Removing empty process `adaptive_aero_control_top_actuator_safety.$proc$C:\Users\satheesh\chiploop-saas\.tmp_lec_repro\generic.v:319$894'.
Removing empty process `adaptive_aero_control_top_actuator_safety.$proc$C:\Users\satheesh\chiploop-saas\.tmp_lec_repro\generic.v:316$892'.
Removing empty process `adaptive_aero_control_top_actuator_safety.$proc$C:\Users\satheesh\chiploop-saas\.tmp_lec_repro\generic.v:313$890'.
Found and cleaned up 1 empty switch in `\adaptive_aero_control_top_actuator_safety.$proc$C:\Users\satheesh\chiploop-saas\.tmp_lec_repro\generic.v:280$858'.
Removing empty process `adaptive_aero_control_top_actuator_safety.$proc$C:\Users\satheesh\chiploop-saas\.tmp_lec_repro\generic.v:280$858'.
Cleaned up 25 empty switches.

11.2.12. Executing OPT_EXPR pass (perform const folding).
Optimizing module adaptive_aero_control_top_request_fsm.
<suppressed ~32 debug messages>
Optimizing module adaptive_aero_control_top_mmio.
<suppressed ~40 debug messages>
Optimizing module adaptive_aero_control_top_actuator_safety.
<suppressed ~8 debug messages>
Optimizing module adaptive_aero_control_top.

11.3. Executing FLATTEN pass (flatten design).
Deleting now unused module adaptive_aero_control_top_request_fsm.
Deleting now unused module adaptive_aero_control_top_mmio.
Deleting now unused module adaptive_aero_control_top_actuator_safety.
<suppressed ~3 debug messages>

11.4. Executing FUTURE pass.

11.5. Executing OPT_EXPR pass (perform const folding).
Optimizing module adaptive_aero_control_top.
<suppressed ~8 debug messages>

11.6. Executing OPT_CLEAN pass (remove unused cells and wires).
Finding unused cells or wires in module \adaptive_aero_control_top..
Removed 127 unused cells and 454 unused wires.
<suppressed ~176 debug messages>

11.7. Executing CHECK pass (checking for obvious problems).
Checking module adaptive_aero_control_top...
Found and reported 0 problems.

11.8. Executing OPT pass (performing simple optimizations).

11.8.1. Executing OPT_EXPR pass (perform const folding).
Optimizing module adaptive_aero_control_top.
<suppressed ~1 debug messages>

11.8.2. Executing OPT_MERGE pass (detect identical cells).
Finding identical cells in module `\adaptive_aero_control_top'.
Removed a total of 0 cells.

11.8.3. Executing OPT_MUXTREE pass (detect dead branches in mux trees).
Running muxtree optimizer on module \adaptive_aero_control_top..
  Creating internal representation of mux trees.
  Evaluating internal representation of mux trees.
  Analyzing evaluation results.
    dead port 2/2 on $mux $flatten\u_safety.$ternary$C:\Users\satheesh\chiploop-saas\.tmp_lec_repro\generic.v:330$904.
Removed 1 multiplexer ports.
<suppressed ~42 debug messages>

11.8.4. Executing OPT_REDUCE pass (consolidate $*mux and $reduce_* inputs).
  Optimizing cells in module \adaptive_aero_control_top.
Performed a total of 0 changes.

11.8.5. Executing OPT_MERGE pass (detect identical cells).
Finding identical cells in module `\adaptive_aero_control_top'.
Removed a total of 0 cells.

11.8.6. Executing OPT_CLEAN pass (remove unused cells and wires).
Finding unused cells or wires in module \adaptive_aero_control_top..

11.8.7. Executing OPT_EXPR pass (perform const folding).
Optimizing module adaptive_aero_control_top.

11.8.8. Rerunning OPT passes. (Maybe there is more to do..)

11.8.9. Executing OPT_MUXTREE pass (detect dead branches in mux trees).
Running muxtree optimizer on module \adaptive_aero_control_top..
  Creating internal representation of mux trees.
  Evaluating internal representation of mux trees.
  Analyzing evaluation results.
Removed 0 multiplexer ports.
<suppressed ~42 debug messages>

11.8.10. Executing OPT_REDUCE pass (consolidate $*mux and $reduce_* inputs).
  Optimizing cells in module \adaptive_aero_control_top.
Performed a total of 0 changes.

11.8.11. Executing OPT_MERGE pass (detect identical cells).
Finding identical cells in module `\adaptive_aero_control_top'.
Removed a total of 0 cells.

11.8.12. Executing OPT_CLEAN pass (remove unused cells and wires).
Finding unused cells or wires in module \adaptive_aero_control_top..

11.8.13. Executing OPT_EXPR pass (perform const folding).
Optimizing module adaptive_aero_control_top.

11.8.14. Finished OPT passes. (There is nothing left to do.)

11.9. Executing WREDUCE pass (reducing word size of cells).
Removed top 31 bits (of 32) from port B of cell adaptive_aero_control_top.$flatten\u_fsm.$add$C:\Users\satheesh\chiploop-saas\.tmp_lec_repro\generic.v:900$1034 ($add).
Removed top 7 bits (of 8) from port B of cell adaptive_aero_control_top.$flatten\u_fsm.$eq$C:\Users\satheesh\chiploop-saas\.tmp_lec_repro\generic.v:938$1058 ($eq).
Removed top 6 bits (of 8) from port B of cell adaptive_aero_control_top.$flatten\u_fsm.$eq$C:\Users\satheesh\chiploop-saas\.tmp_lec_repro\generic.v:941$1061 ($eq).
Removed top 7 bits (of 8) from mux cell adaptive_aero_control_top.$flatten\u_fsm.$ternary$C:\Users\satheesh\chiploop-saas\.tmp_lec_repro\generic.v:992$1104 ($mux).
Removed top 12 bits (of 16) from mux cell adaptive_aero_control_top.$flatten\u_fsm.$ternary$C:\Users\satheesh\chiploop-saas\.tmp_lec_repro\generic.v:995$1107 ($mux).
Removed top 4 bits (of 8) from port B of cell adaptive_aero_control_top.$flatten\u_mmio.$eq$C:\Users\satheesh\chiploop-saas\.tmp_lec_repro\generic.v:711$1027 ($eq).
Removed top 3 bits (of 8) from port B of cell adaptive_aero_control_top.$flatten\u_mmio.$eq$C:\Users\satheesh\chiploop-saas\.tmp_lec_repro\generic.v:710$1026 ($eq).
Removed top 3 bits (of 8) from port B of cell adaptive_aero_control_top.$flatten\u_mmio.$eq$C:\Users\satheesh\chiploop-saas\.tmp_lec_repro\generic.v:709$1025 ($eq).
Removed top 3 bits (of 8) from port B of cell adaptive_aero_control_top.$flatten\u_mmio.$eq$C:\Users\satheesh\chiploop-saas\.tmp_lec_repro\generic.v:708$1024 ($eq).
Removed top 3 bits (of 8) from port B of cell adaptive_aero_control_top.$flatten\u_mmio.$eq$C:\Users\satheesh\chiploop-saas\.tmp_lec_repro\generic.v:707$1023 ($eq).
Removed top 4 bits (of 8) from port B of cell adaptive_aero_control_top.$flatten\u_mmio.$eq$C:\Users\satheesh\chiploop-saas\.tmp_lec_repro\generic.v:706$1022 ($eq).
Removed top 2 bits (of 8) from port B of cell adaptive_aero_control_top.$flatten\u_mmio.$eq$C:\Users\satheesh\chiploop-saas\.tmp_lec_repro\generic.v:705$1021 ($eq).
Removed top 2 bits (of 8) from port B of cell adaptive_aero_control_top.$flatten\u_mmio.$eq$C:\Users\satheesh\chiploop-saas\.tmp_lec_repro\generic.v:704$1020 ($eq).
Removed top 2 bits (of 8) from port B of cell adaptive_aero_control_top.$flatten\u_mmio.$eq$C:\Users\satheesh\chiploop-saas\.tmp_lec_repro\generic.v:703$1019 ($eq).
Removed top 2 bits (of 8) from port B of cell adaptive_aero_control_top.$flatten\u_mmio.$eq$C:\Users\satheesh\chiploop-saas\.tmp_lec_repro\generic.v:702$1018 ($eq).
Removed top 2 bits (of 8) from port B of cell adaptive_aero_control_top.$flatten\u_mmio.$eq$C:\Users\satheesh\chiploop-saas\.tmp_lec_repro\generic.v:701$1017 ($eq).
Removed top 5 bits (of 8) from port B of cell adaptive_aero_control_top.$flatten\u_mmio.$eq$C:\Users\satheesh\chiploop-saas\.tmp_lec_repro\generic.v:699$1015 ($eq).
Removed top 2 bits (of 8) from port B of cell adaptive_aero_control_top.$flatten\u_mmio.$eq$C:\Users\satheesh\chiploop-saas\.tmp_lec_repro\generic.v:698$1014 ($eq).
Removed top 2 bits (of 8) from port B of cell adaptive_aero_control_top.$flatten\u_mmio.$eq$C:\Users\satheesh\chiploop-saas\.tmp_lec_repro\generic.v:697$1013 ($eq).
Removed top 2 bits (of 8) from port B of cell adaptive_aero_control_top.$flatten\u_mmio.$eq$C:\Users\satheesh\chiploop-saas\.tmp_lec_repro\generic.v:696$1012 ($eq).
Removed top 1 bits (of 8) from port B of cell adaptive_aero_control_top.$flatten\u_mmio.$eq$C:\Users\satheesh\chiploop-saas\.tmp_lec_repro\generic.v:695$1011 ($eq).
Removed top 1 bits (of 8) from port B of cell adaptive_aero_control_top.$flatten\u_mmio.$eq$C:\Users\satheesh\chiploop-saas\.tmp_lec_repro\generic.v:694$1010 ($eq).
Removed top 1 bits (of 8) from port B of cell adaptive_aero_control_top.$flatten\u_mmio.$eq$C:\Users\satheesh\chiploop-saas\.tmp_lec_repro\generic.v:693$1009 ($eq).
Removed top 1 bits (of 8) from port B of cell adaptive_aero_control_top.$flatten\u_mmio.$ne$C:\Users\satheesh\chiploop-saas\.tmp_lec_repro\generic.v:635$1002 ($ne).
Removed top 1 bits (of 8) from port B of cell adaptive_aero_control_top.$flatten\u_mmio.$ne$C:\Users\satheesh\chiploop-saas\.tmp_lec_repro\generic.v:634$1001 ($ne).
Removed top 1 bits (of 8) from port B of cell adaptive_aero_control_top.$flatten\u_mmio.$ne$C:\Users\satheesh\chiploop-saas\.tmp_lec_repro\generic.v:633$1000 ($ne).
Removed top 2 bits (of 8) from port B of cell adaptive_aero_control_top.$flatten\u_mmio.$ne$C:\Users\satheesh\chiploop-saas\.tmp_lec_repro\generic.v:632$999 ($ne).
Removed top 2 bits (of 8) from port B of cell adaptive_aero_control_top.$flatten\u_mmio.$ne$C:\Users\satheesh\chiploop-saas\.tmp_lec_repro\generic.v:631$998 ($ne).
Removed top 2 bits (of 8) from port B of cell adaptive_aero_control_top.$flatten\u_mmio.$ne$C:\Users\satheesh\chiploop-saas\.tmp_lec_repro\generic.v:630$997 ($ne).
Removed top 2 bits (of 8) from port B of cell adaptive_aero_control_top.$flatten\u_mmio.$ne$C:\Users\satheesh\chiploop-saas\.tmp_lec_repro\generic.v:629$996 ($ne).
Removed top 2 bits (of 8) from port B of cell adaptive_aero_control_top.$flatten\u_mmio.$ne$C:\Users\satheesh\chiploop-saas\.tmp_lec_repro\generic.v:628$995 ($ne).
Removed top 2 bits (of 8) from port B of cell adaptive_aero_control_top.$flatten\u_mmio.$ne$C:\Users\satheesh\chiploop-saas\.tmp_lec_repro\generic.v:627$994 ($ne).
Removed top 2 bits (of 8) from port B of cell adaptive_aero_control_top.$flatten\u_mmio.$ne$C:\Users\satheesh\chiploop-saas\.tmp_lec_repro\generic.v:626$993 ($ne).
Removed top 2 bits (of 8) from port B of cell adaptive_aero_control_top.$flatten\u_mmio.$ne$C:\Users\satheesh\chiploop-saas\.tmp_lec_repro\generic.v:625$992 ($ne).
Removed top 3 bits (of 8) from port B of cell adaptive_aero_control_top.$flatten\u_mmio.$ne$C:\Users\satheesh\chiploop-saas\.tmp_lec_repro\generic.v:624$991 ($ne).
Removed top 3 bits (of 8) from port B of cell adaptive_aero_control_top.$flatten\u_mmio.$ne$C:\Users\satheesh\chiploop-saas\.tmp_lec_repro\generic.v:623$990 ($ne).
Removed top 3 bits (of 8) from port B of cell adaptive_aero_control_top.$flatten\u_mmio.$ne$C:\Users\satheesh\chiploop-saas\.tmp_lec_repro\generic.v:622$989 ($ne).
Removed top 3 bits (of 8) from port B of cell adaptive_aero_control_top.$flatten\u_mmio.$ne$C:\Users\satheesh\chiploop-saas\.tmp_lec_repro\generic.v:621$988 ($ne).
Removed top 4 bits (of 8) from port B of cell adaptive_aero_control_top.$flatten\u_mmio.$ne$C:\Users\satheesh\chiploop-saas\.tmp_lec_repro\generic.v:620$987 ($ne).
Removed top 4 bits (of 8) from port B of cell adaptive_aero_control_top.$flatten\u_mmio.$ne$C:\Users\satheesh\chiploop-saas\.tmp_lec_repro\generic.v:619$986 ($ne).
Removed top 5 bits (of 8) from port B of cell adaptive_aero_control_top.$flatten\u_mmio.$ne$C:\Users\satheesh\chiploop-saas\.tmp_lec_repro\generic.v:618$985 ($ne).

11.10. Executing OPT_CLEAN pass (remove unused cells and wires).
Finding unused cells or wires in module \adaptive_aero_control_top..

11.11. Executing MEMORY_COLLECT pass (generating $mem cells).

11.12. Executing OPT pass (performing simple optimizations).

11.12.1. Executing OPT_EXPR pass (perform const folding).
Optimizing module adaptive_aero_control_top.

11.12.2. Executing OPT_MERGE pass (detect identical cells).
Finding identical cells in module `\adaptive_aero_control_top'.
<suppressed ~3 debug messages>
Removed a total of 1 cells.

11.12.3. Executing OPT_CLEAN pass (remove unused cells and wires).
Finding unused cells or wires in module \adaptive_aero_control_top..

11.12.4. Finished fast OPT passes.

11.13. Printing statistics.

=== adaptive_aero_control_top ===

   Number of wires:                373
   Number of wire bits:           3516
   Number of public wires:         350
   Number of public wire bits:    3253
   Number of ports:                 20
   Number of port bits:            254
   Number of memories:               0
   Number of memory bits:            0
   Number of processes:              0
   Number of cells:                205
     $add                            1
     $adff                          38
     $and                            3
     $eq                            21
     $ge                             1
     $gt                             1
     $logic_and                     25
     $logic_not                      5
     $logic_or                       4
     $mux                           64
     $ne                            19
     $pmux                           1
     $reduce_and                    14
     $reduce_or                      5
     $scopeinfo                      3

11.14. Executing CHECK pass (checking for obvious problems).
Checking module adaptive_aero_control_top...
Found and reported 0 problems.

12. Executing ASYNC2SYNC pass.
Replacing adaptive_aero_control_top.$flatten\u_fsm.$procdff$1231 ($adff): ARST=\reset_n, D=\u_fsm.next_age_counter, Q=\u_fsm.age_counter_r
Replacing adaptive_aero_control_top.$flatten\u_fsm.$procdff$1241 ($adff): ARST=\reset_n, D=\u_fsm.next_irq_pulse, Q=\u_fsm.irq_pulse_r
Replacing adaptive_aero_control_top.$flatten\u_fsm.$procdff$1246 ($adff): ARST=\reset_n, D=\u_fsm.next_fallback_active, Q=\u_fsm.fallback_active_r
Replacing adaptive_aero_control_top.$flatten\u_fsm.$procdff$1251 ($adff): ARST=\reset_n, D=\u_fsm.next_service_error, Q=\u_fsm.service_error_r
Replacing adaptive_aero_control_top.$flatten\u_fsm.$procdff$1256 ($adff): ARST=\reset_n, D=\u_fsm.next_envelope_violation, Q=\u_fsm.envelope_violation_r
Replacing adaptive_aero_control_top.$flatten\u_fsm.$procdff$1261 ($adff): ARST=\reset_n, D=\u_fsm.next_response_received, Q=\u_fsm.response_received_r
Replacing adaptive_aero_control_top.$flatten\u_fsm.$procdff$1266 ($adff): ARST=\reset_n, D=\u_fsm.next_state, Q=\u_fsm.state_r
Replacing adaptive_aero_control_top.$flatten\u_fsm.$procdff$1271 ($adff): ARST=\reset_n, D=$flatten\u_fsm.$0\timeout_expired_r[0:0], Q=\u_fsm.timeout_expired_r
Replacing adaptive_aero_control_top.$flatten\u_fsm.$procdff$1276 ($adff): ARST=\reset_n, D={ \u_mmio.r_timestamp \u_mmio.r_geometry_handle [15:8] \u_mmio.r_flow_handle [15:8] \u_mmio.r_request_id }, Q=\u_fsm._065_
Replacing adaptive_aero_control_top.$flatten\u_fsm.$procdff$1281 ($adff): ARST=\reset_n, D=$flatten\u_fsm.$0\pending_r[0:0], Q=\u_fsm.pending_r
Replacing adaptive_aero_control_top.$flatten\u_fsm.$procdff$1291 ($adff): ARST=\reset_n, D=$flatten\u_fsm.$0\response_req_id_r[7:0], Q=\u_fsm.response_req_id_r
Replacing adaptive_aero_control_top.$flatten\u_fsm.$procdff$1296 ($adff): ARST=\reset_n, D=$flatten\u_fsm.$0\outstanding_req_id_r[7:0], Q=\u_fsm.outstanding_req_id_r
Replacing adaptive_aero_control_top.$flatten\u_fsm.$procdff$1301 ($adff): ARST=\reset_n, D={ \u_fsm.next_fault_summary [3:2] \u_fsm.next_fault_summary [0] }, Q=\u_fsm._060_
Replacing adaptive_aero_control_top.$flatten\u_fsm.$procdff$1306 ($adff): ARST=\reset_n, D=$flatten\u_fsm.$0\_059_[12:0], Q=\u_fsm._059_
Replacing adaptive_aero_control_top.$flatten\u_mmio.$procdff$1311 ($adff): ARST=\reset_n, D=\u_mmio._001_, Q=\u_mmio.wb_err_o_r
Replacing adaptive_aero_control_top.$flatten\u_mmio.$procdff$1316 ($adff): ARST=\reset_n, D=\u_mmio.access, Q=\u_mmio.wb_ack_o_r
Replacing adaptive_aero_control_top.$flatten\u_mmio.$procdff$1321 ($adff): ARST=\reset_n, D=\u_mmio._000_, Q=\u_mmio.wb_dat_o_r
Replacing adaptive_aero_control_top.$flatten\u_mmio.$procdff$1326 ($adff): ARST=\reset_n, D=$flatten\u_mmio.$0\r_oper_en_min[15:0], Q=\u_mmio.r_oper_en_min
Replacing adaptive_aero_control_top.$flatten\u_mmio.$procdff$1331 ($adff): ARST=\reset_n, D=$flatten\u_mmio.$0\r_request_id[7:0], Q=\u_mmio.r_request_id
Replacing adaptive_aero_control_top.$flatten\u_mmio.$procdff$1336 ($adff): ARST=\reset_n, D=$flatten\u_mmio.$0\r_rate_limit_step[15:0], Q=\u_mmio.r_rate_limit_step
Replacing adaptive_aero_control_top.$flatten\u_mmio.$procdff$1341 ($adff): ARST=\reset_n, D=$flatten\u_mmio.$0\r_allow_multi_outstanding[0:0], Q=\u_mmio.r_allow_multi_outstanding
Replacing adaptive_aero_control_top.$flatten\u_mmio.$procdff$1346 ($adff): ARST=\reset_n, D=$flatten\u_mmio.$0\r_rate_limit_en[0:0], Q=\u_mmio.r_rate_limit_en
Replacing adaptive_aero_control_top.$flatten\u_mmio.$procdff$1351 ($adff): ARST=\reset_n, D=$flatten\u_mmio.$0\r_status_flags[7:0], Q=\u_mmio.r_status_flags
Replacing adaptive_aero_control_top.$flatten\u_mmio.$procdff$1356 ($adff): ARST=\reset_n, D=$flatten\u_mmio.$0\r_geometry_handle[15:0], Q=\u_mmio.r_geometry_handle
Replacing adaptive_aero_control_top.$flatten\u_mmio.$procdff$1361 ($adff): ARST=\reset_n, D=$flatten\u_mmio.$0\r_clamp_max[15:0], Q=\u_mmio.r_clamp_max
Replacing adaptive_aero_control_top.$flatten\u_mmio.$procdff$1366 ($adff): ARST=\reset_n, D=$flatten\u_mmio.$0\r_flow_handle[15:0], Q=\u_mmio.r_flow_handle
Replacing adaptive_aero_control_top.$flatten\u_mmio.$procdff$1371 ($adff): ARST=\reset_n, D=$flatten\u_mmio.$0\r_force_safe_mode[0:0], Q=\u_mmio.r_force_safe_mode
Replacing adaptive_aero_control_top.$flatten\u_mmio.$procdff$1376 ($adff): ARST=\reset_n, D=$flatten\u_mmio.$0\r_clamp_min[15:0], Q=\u_mmio.r_clamp_min
Replacing adaptive_aero_control_top.$flatten\u_mmio.$procdff$1381 ($adff): ARST=\reset_n, D=$flatten\u_mmio.$0\r_command_mode[3:0], Q=\u_mmio.r_command_mode
Replacing adaptive_aero_control_top.$flatten\u_mmio.$procdff$1386 ($adff): ARST=\reset_n, D=$flatten\u_mmio.$0\r_timeout_cycles[31:0], Q=\u_mmio.r_timeout_cycles
Replacing adaptive_aero_control_top.$flatten\u_mmio.$procdff$1391 ($adff): ARST=\reset_n, D=$flatten\u_mmio.$0\r_request_issue[0:0], Q=\u_mmio.r_request_issue
Replacing adaptive_aero_control_top.$flatten\u_mmio.$procdff$1396 ($adff): ARST=\reset_n, D=$flatten\u_mmio.$0\r_fallback_cmd[15:0], Q=\u_mmio.r_fallback_cmd
Replacing adaptive_aero_control_top.$flatten\u_mmio.$procdff$1401 ($adff): ARST=\reset_n, D=$flatten\u_mmio.$0\r_oper_en_max[15:0], Q=\u_mmio.r_oper_en_max
Replacing adaptive_aero_control_top.$flatten\u_mmio.$procdff$1406 ($adff): ARST=\reset_n, D=$flatten\u_mmio.$0\r_timestamp[31:0], Q=\u_mmio.r_timestamp
Replacing adaptive_aero_control_top.$flatten\u_safety.$procdff$1411 ($adff): ARST=\reset_n, D=\u_safety._03_, Q=\u_safety.reg_clamp_active_r
Replacing adaptive_aero_control_top.$flatten\u_safety.$procdff$1416 ($adff): ARST=\reset_n, D=1'0, Q=\u_safety.actuator_cmd_valid_r
Replacing adaptive_aero_control_top.$flatten\u_safety.$procdff$1421 ($adff): ARST=\reset_n, D=\u_mmio.r_fallback_cmd, Q=\u_safety.actuator_cmd_r
Replacing adaptive_aero_control_top.$flatten\u_safety.$procdff$1426 ($adff): ARST=\reset_n, D=$flatten\u_safety.$0\last_accepted_cmd_r[15:0], Q=\u_safety.last_accepted_cmd_r

13. Executing MEMORY pass.

13.1. Executing OPT_MEM pass (optimize memories).
Performed a total of 0 transformations.

13.2. Executing OPT_MEM_PRIORITY pass (removing unnecessary memory write priority relations).
Performed a total of 0 transformations.

13.3. Executing OPT_MEM_FEEDBACK pass (finding memory read-to-write feedback paths).

13.4. Executing MEMORY_BMUX2ROM pass (converting muxes to ROMs).

13.5. Executing MEMORY_DFF pass (merging $dff cells to $memrd).

13.6. Executing OPT_CLEAN pass (remove unused cells and wires).
Finding unused cells or wires in module \adaptive_aero_control_top..

13.7. Executing MEMORY_SHARE pass (consolidating $memrd/$memwr cells).

13.8. Executing OPT_MEM_WIDEN pass (optimize memories where all ports are wide).
Performed a total of 0 transformations.

13.9. Executing OPT_CLEAN pass (remove unused cells and wires).
Finding unused cells or wires in module \adaptive_aero_control_top..

13.10. Executing MEMORY_COLLECT pass (generating $mem cells).

13.11. Executing MEMORY_MAP pass (converting memories to logic and flip-flops).

14. Executing OPT_CLEAN pass (remove unused cells and wires).
Finding unused cells or wires in module \adaptive_aero_control_top..
Renaming module \adaptive_aero_control_top to \gate.

15. Executing EQUIV_MAKE pass (creating equiv checking module).
Presumably equivalent wires: actuator_cmd_o_gold (\u_safety.actuator_cmd_r_gold), actuator_cmd_o_gate (\u_safety.actuator_cmd_r_gate) -> actuator_cmd_o
Presumably equivalent wires: actuator_cmd_valid_o_gold (\u_safety.actuator_cmd_valid_r_gold), actuator_cmd_valid_o_gate (\u_safety.actuator_cmd_valid_r_gate) -> actuator_cmd_valid_o
Presumably equivalent wires: cfg_allow_multi_outstanding_gold (\u_mmio.r_allow_multi_outstanding_gold), cfg_allow_multi_outstanding_gate (\u_mmio.r_allow_multi_outstanding_gate) -> cfg_allow_multi_outstanding
Presumably equivalent wires: cfg_clamp_max_gold (\u_mmio.r_clamp_max_gold), cfg_clamp_max_gate (\u_mmio.r_clamp_max_gate) -> cfg_clamp_max
Presumably equivalent wires: cfg_clamp_min_gold (\u_mmio.r_clamp_min_gold), cfg_clamp_min_gate (\u_mmio.r_clamp_min_gate) -> cfg_clamp_min
Presumably equivalent wires: cfg_command_mode_gold (\u_mmio.r_command_mode_gold), cfg_command_mode_gate (\u_mmio.r_command_mode_gate) -> cfg_command_mode
Presumably equivalent wires: cfg_fallback_cmd_gold (\u_mmio.r_fallback_cmd_gold), cfg_fallback_cmd_gate (\u_mmio.r_fallback_cmd_gate) -> cfg_fallback_cmd
Presumably equivalent wires: cfg_flow_handle_gold (\u_mmio.r_flow_handle_gold), cfg_flow_handle_gate (\u_mmio.r_flow_handle_gate) -> cfg_flow_handle
Presumably equivalent wires: cfg_force_safe_mode_gold (\u_mmio.r_force_safe_mode_gold), cfg_force_safe_mode_gate (\u_mmio.r_force_safe_mode_gate) -> cfg_force_safe_mode
Presumably equivalent wires: cfg_geometry_handle_gold (\u_mmio.r_geometry_handle_gold), cfg_geometry_handle_gate (\u_mmio.r_geometry_handle_gate) -> cfg_geometry_handle
Presumably equivalent wires: cfg_oper_en_max_gold (\u_mmio.r_oper_en_max_gold), cfg_oper_en_max_gate (\u_mmio.r_oper_en_max_gate) -> cfg_oper_en_max
Presumably equivalent wires: cfg_oper_en_min_gold (\u_mmio.r_oper_en_min_gold), cfg_oper_en_min_gate (\u_mmio.r_oper_en_min_gate) -> cfg_oper_en_min
Presumably equivalent wires: cfg_rate_limit_en_gold (\u_mmio.r_rate_limit_en_gold), cfg_rate_limit_en_gate (\u_mmio.r_rate_limit_en_gate) -> cfg_rate_limit_en
Presumably equivalent wires: cfg_rate_limit_step_gold (\u_mmio.r_rate_limit_step_gold), cfg_rate_limit_step_gate (\u_mmio.r_rate_limit_step_gate) -> cfg_rate_limit_step
Presumably equivalent wires: cfg_request_id_gold (\u_mmio.r_request_id_gold), cfg_request_id_gate (\u_mmio.r_request_id_gate) -> cfg_request_id
Presumably equivalent wires: cfg_request_issue_gold (\u_mmio.r_request_issue_gold), cfg_request_issue_gate (\u_mmio.r_request_issue_gate) -> cfg_request_issue
Presumably equivalent wires: cfg_status_flags_gold (\u_mmio.r_status_flags_gold), cfg_status_flags_gate (\u_mmio.r_status_flags_gate) -> cfg_status_flags
Presumably equivalent wires: cfg_timeout_cycles_gold (\u_mmio.r_timeout_cycles_gold), cfg_timeout_cycles_gate (\u_mmio.r_timeout_cycles_gate) -> cfg_timeout_cycles
Presumably equivalent wires: cfg_timestamp_gold (\u_mmio.r_timestamp_gold), cfg_timestamp_gate (\u_mmio.r_timestamp_gate) -> cfg_timestamp
Presumably equivalent wires: clk_gold (\clk_gold), clk_gate (\clk_gate) -> clk
Presumably equivalent wires: fault_o_gold (\u_fsm.fallback_active_r_gold), fault_o_gate (\u_fsm.fallback_active_r_gate) -> fault_o
Presumably equivalent wires: irq_o_gold (\u_fsm.irq_pulse_r_gold), irq_o_gate (\u_fsm.irq_pulse_r_gate) -> irq_o
Presumably equivalent wires: last_accepted_cmd_o_gold (\u_safety.last_accepted_cmd_r_gold), last_accepted_cmd_o_gate (\u_safety.last_accepted_cmd_r_gate) -> last_accepted_cmd_o
Presumably equivalent wires: model_req_desc_o_gold (\u_fsm.model_req_desc_r_gold), model_req_desc_o_gate ({ 8'00000000 \u_fsm._065__gate }) -> model_req_desc_o
Presumably equivalent wires: model_req_ready_i_gold (\model_req_ready_i_gold), model_req_ready_i_gate (\model_req_ready_i_gate) -> model_req_ready_i
Presumably equivalent wires: model_req_valid_o_gold (\u_fsm.model_req_valid_r_gold), model_req_valid_o_gate (1'0) -> model_req_valid_o
Presumably equivalent wires: model_rsp_desc_i_gold (\model_rsp_desc_i_gold), model_rsp_desc_i_gate (\model_rsp_desc_i_gate) -> model_rsp_desc_i
Presumably equivalent wires: model_rsp_ready_o_gold (\u_fsm.model_rsp_ready_r_gold), model_rsp_ready_o_gate (1'1) -> model_rsp_ready_o
Presumably equivalent wires: model_rsp_valid_i_gold (\model_rsp_valid_i_gold), model_rsp_valid_i_gate (\model_rsp_valid_i_gate) -> model_rsp_valid_i
Presumably equivalent wires: reg_capabilities_gold (31), reg_capabilities_gate (31) -> reg_capabilities
Presumably equivalent wires: reg_clamp_active_gold (\u_safety.reg_clamp_active_r_gold), reg_clamp_active_gate (\u_safety.reg_clamp_active_r_gate) -> reg_clamp_active
Presumably equivalent wires: reg_envelope_violation_gold (\u_fsm.envelope_violation_r_gold), reg_envelope_violation_gate (\u_fsm.envelope_violation_r_gate) -> reg_envelope_violation
Presumably equivalent wires: reg_fallback_active_gold (\u_fsm.fallback_active_r_gold), reg_fallback_active_gate (\u_fsm.fallback_active_r_gate) -> reg_fallback_active
Presumably equivalent wires: reg_fault_summary_gold (\u_fsm.fault_summary_r_gold), reg_fault_summary_gate ({ \u_fsm._059__gate [12:1] \u_fsm._060__gate [2:1] \u_fsm._059__gate [0] \u_fsm._060__gate [0] }) -> reg_fault_summary
Presumably equivalent wires: reg_irq_pulse_gold (\u_fsm.irq_pulse_r_gold), reg_irq_pulse_gate (\u_fsm.irq_pulse_r_gate) -> reg_irq_pulse
Presumably equivalent wires: reg_last_accepted_cmd_gold (\u_safety.last_accepted_cmd_r_gold), reg_last_accepted_cmd_gate (\u_safety.last_accepted_cmd_r_gate) -> reg_last_accepted_cmd
Presumably equivalent wires: reg_outstanding_req_id_gold (\u_fsm.outstanding_req_id_r_gold), reg_outstanding_req_id_gate (\u_fsm.outstanding_req_id_r_gate) -> reg_outstanding_req_id
Presumably equivalent wires: reg_pending_gold (\u_fsm.pending_r_gold), reg_pending_gate (\u_fsm.pending_r_gate) -> reg_pending
Presumably equivalent wires: reg_response_received_gold (\u_fsm.response_received_r_gold), reg_response_received_gate (\u_fsm.response_received_r_gate) -> reg_response_received
Presumably equivalent wires: reg_response_req_id_gold (\u_fsm.response_req_id_r_gold), reg_response_req_id_gate (\u_fsm.response_req_id_r_gate) -> reg_response_req_id
Presumably equivalent wires: reg_service_error_gold (\u_fsm.service_error_r_gold), reg_service_error_gate (\u_fsm.service_error_r_gate) -> reg_service_error
Presumably equivalent wires: reg_stale_reject_gold (\u_fsm.stale_reject_r_gold), reg_stale_reject_gate (\u_fsm.service_error_r_gate) -> reg_stale_reject
Presumably equivalent wires: reg_state_gold (\u_fsm.state_r_gold), reg_state_gate (\u_fsm.state_r_gate) -> reg_state
Presumably equivalent wires: reg_timeout_expired_gold (\u_fsm.timeout_expired_r_gold), reg_timeout_expired_gate (\u_fsm.timeout_expired_r_gate) -> reg_timeout_expired
Presumably equivalent wires: reg_version_gold (65536), reg_version_gate (65536) -> reg_version
Presumably equivalent wires: reset_n_gold (\reset_n_gold), reset_n_gate (\reset_n_gate) -> reset_n
Presumably equivalent wires: u_fsm.age_counter_r_gold (\u_fsm.age_counter_r_gold), u_fsm.age_counter_r_gate (\u_fsm.age_counter_r_gate) -> u_fsm.age_counter_r
Presumably equivalent wires: u_fsm.cfg_allow_multi_outstanding_gold (\u_mmio.r_allow_multi_outstanding_gold), u_fsm.cfg_allow_multi_outstanding_gate (\u_mmio.r_allow_multi_outstanding_gate) -> u_fsm.cfg_allow_multi_outstanding
Presumably equivalent wires: u_fsm.cfg_command_mode_gold (\u_mmio.r_command_mode_gold), u_fsm.cfg_command_mode_gate (\u_mmio.r_command_mode_gate) -> u_fsm.cfg_command_mode
Presumably equivalent wires: u_fsm.cfg_flow_handle_gold (\u_mmio.r_flow_handle_gold), u_fsm.cfg_flow_handle_gate (\u_mmio.r_flow_handle_gate) -> u_fsm.cfg_flow_handle
Presumably equivalent wires: u_fsm.cfg_force_safe_mode_gold (\u_mmio.r_force_safe_mode_gold), u_fsm.cfg_force_safe_mode_gate (\u_mmio.r_force_safe_mode_gate) -> u_fsm.cfg_force_safe_mode
Presumably equivalent wires: u_fsm.cfg_geometry_handle_gold (\u_mmio.r_geometry_handle_gold), u_fsm.cfg_geometry_handle_gate (\u_mmio.r_geometry_handle_gate) -> u_fsm.cfg_geometry_handle
Presumably equivalent wires: u_fsm.cfg_oper_en_max_gold (\u_mmio.r_oper_en_max_gold), u_fsm.cfg_oper_en_max_gate (\u_mmio.r_oper_en_max_gate) -> u_fsm.cfg_oper_en_max
Presumably equivalent wires: u_fsm.cfg_oper_en_min_gold (\u_mmio.r_oper_en_min_gold), u_fsm.cfg_oper_en_min_gate (\u_mmio.r_oper_en_min_gate) -> u_fsm.cfg_oper_en_min
Presumably equivalent wires: u_fsm.cfg_request_id_gold (\u_mmio.r_request_id_gold), u_fsm.cfg_request_id_gate (\u_mmio.r_request_id_gate) -> u_fsm.cfg_request_id
Presumably equivalent wires: u_fsm.cfg_request_issue_gold (\u_mmio.r_request_issue_gold), u_fsm.cfg_request_issue_gate (\u_mmio.r_request_issue_gate) -> u_fsm.cfg_request_issue
Presumably equivalent wires: u_fsm.cfg_status_flags_gold (\u_mmio.r_status_flags_gold), u_fsm.cfg_status_flags_gate (\u_mmio.r_status_flags_gate) -> u_fsm.cfg_status_flags
Presumably equivalent wires: u_fsm.cfg_timeout_cycles_gold (\u_mmio.r_timeout_cycles_gold), u_fsm.cfg_timeout_cycles_gate (\u_mmio.r_timeout_cycles_gate) -> u_fsm.cfg_timeout_cycles
Presumably equivalent wires: u_fsm.cfg_timestamp_gold (\u_mmio.r_timestamp_gold), u_fsm.cfg_timestamp_gate (\u_mmio.r_timestamp_gate) -> u_fsm.cfg_timestamp
Presumably equivalent wires: u_fsm.clk_gold (\clk_gold), u_fsm.clk_gate (\clk_gate) -> u_fsm.clk
Presumably equivalent wires: u_fsm.cmd_raw_gold ({ \u_mmio.r_oper_en_min_gold [7:0] \u_mmio.r_oper_en_max_gold [7:0] }), u_fsm.cmd_raw_gate ({ \u_mmio.r_oper_en_min_gate [7:0] \u_mmio.r_oper_en_max_gate [7:0] }) -> u_fsm.cmd_raw
Presumably equivalent wires: u_fsm.envelope_bad_gold (\u_fsm.envelope_bad_gold), u_fsm.envelope_bad_gate (\u_fsm.envelope_bad_gate) -> u_fsm.envelope_bad
Presumably equivalent wires: u_fsm.envelope_violation_r_gold (\u_fsm.envelope_violation_r_gold), u_fsm.envelope_violation_r_gate (\u_fsm.envelope_violation_r_gate) -> u_fsm.envelope_violation_r
Presumably equivalent wires: u_fsm.fallback_active_r_gold (\u_fsm.fallback_active_r_gold), u_fsm.fallback_active_r_gate (\u_fsm.fallback_active_r_gate) -> u_fsm.fallback_active_r
Presumably equivalent wires: u_fsm.fault_summary_r_gold (\u_fsm.fault_summary_r_gold), u_fsm.fault_summary_r_gate ({ \u_fsm._059__gate [12:1] \u_fsm._060__gate [2:1] \u_fsm._059__gate [0] \u_fsm._060__gate [0] }) -> u_fsm.fault_summary_r
Presumably equivalent wires: u_fsm.irq_pulse_r_gold (\u_fsm.irq_pulse_r_gold), u_fsm.irq_pulse_r_gate (\u_fsm.irq_pulse_r_gate) -> u_fsm.irq_pulse_r
Presumably equivalent wires: u_fsm.issue_req_gold (\u_mmio.r_request_issue_gold), u_fsm.issue_req_gate (\u_mmio.r_request_issue_gate) -> u_fsm.issue_req
Presumably equivalent wires: u_fsm.model_req_desc_o_gold (\u_fsm.model_req_desc_r_gold), u_fsm.model_req_desc_o_gate ({ 8'00000000 \u_fsm._065__gate }) -> u_fsm.model_req_desc_o
Presumably equivalent wires: u_fsm.model_req_desc_r_gold (\u_fsm.model_req_desc_r_gold), u_fsm.model_req_desc_r_gate ({ 8'00000000 \u_fsm._065__gate }) -> u_fsm.model_req_desc_r
Presumably equivalent wires: u_fsm.model_req_ready_i_gold (\model_req_ready_i_gold), u_fsm.model_req_ready_i_gate (\model_req_ready_i_gate) -> u_fsm.model_req_ready_i
Presumably equivalent wires: u_fsm.model_req_valid_o_gold (\u_fsm.model_req_valid_r_gold), u_fsm.model_req_valid_o_gate (1'0) -> u_fsm.model_req_valid_o
Presumably equivalent wires: u_fsm.model_req_valid_r_gold (\u_fsm.model_req_valid_r_gold), u_fsm.model_req_valid_r_gate (1'0) -> u_fsm.model_req_valid_r
Presumably equivalent wires: u_fsm.model_rsp_desc_i_gold (\model_rsp_desc_i_gold), u_fsm.model_rsp_desc_i_gate (\model_rsp_desc_i_gate) -> u_fsm.model_rsp_desc_i
Presumably equivalent wires: u_fsm.model_rsp_ready_o_gold (\u_fsm.model_rsp_ready_r_gold), u_fsm.model_rsp_ready_o_gate (1'1) -> u_fsm.model_rsp_ready_o
Presumably equivalent wires: u_fsm.model_rsp_ready_r_gold (\u_fsm.model_rsp_ready_r_gold), u_fsm.model_rsp_ready_r_gate (1'1) -> u_fsm.model_rsp_ready_r
Presumably equivalent wires: u_fsm.model_rsp_valid_i_gold (\model_rsp_valid_i_gold), u_fsm.model_rsp_valid_i_gate (\model_rsp_valid_i_gate) -> u_fsm.model_rsp_valid_i
Presumably equivalent wires: u_fsm.next_age_counter_gold (\u_fsm.next_age_counter_gold), u_fsm.next_age_counter_gate (\u_fsm.next_age_counter_gate) -> u_fsm.next_age_counter
Presumably equivalent wires: u_fsm.next_envelope_violation_gold (\u_fsm.next_envelope_violation_gold), u_fsm.next_envelope_violation_gate (\u_fsm.next_envelope_violation_gate) -> u_fsm.next_envelope_violation
Presumably equivalent wires: u_fsm.next_fallback_active_gold (\u_fsm.next_fallback_active_gold), u_fsm.next_fallback_active_gate (\u_fsm.next_fallback_active_gate) -> u_fsm.next_fallback_active
Presumably equivalent wires: u_fsm.next_fault_summary_gold (\u_fsm.next_fault_summary_gold), u_fsm.next_fault_summary_gate ({ 12'x \u_fsm.next_fault_summary_gate [3:0] }) -> u_fsm.next_fault_summary
Presumably equivalent wires: u_fsm.next_irq_pulse_gold (\u_fsm.next_irq_pulse_gold), u_fsm.next_irq_pulse_gate (\u_fsm.next_irq_pulse_gate) -> u_fsm.next_irq_pulse
Presumably equivalent wires: u_fsm.next_pending_gold (\u_fsm.next_pending_gold), u_fsm.next_pending_gate (\u_fsm.next_pending_gate) -> u_fsm.next_pending
Presumably equivalent wires: u_fsm.next_response_received_gold (\u_fsm.next_response_received_gold), u_fsm.next_response_received_gate (\u_fsm.next_response_received_gate) -> u_fsm.next_response_received
Presumably equivalent wires: u_fsm.next_service_error_gold (\u_fsm.next_service_error_gold), u_fsm.next_service_error_gate (\u_fsm.next_service_error_gate) -> u_fsm.next_service_error
Presumably equivalent wires: u_fsm.next_stale_reject_gold (\u_fsm.next_service_error_gold), u_fsm.next_stale_reject_gate (\u_fsm.next_service_error_gate) -> u_fsm.next_stale_reject
Presumably equivalent wires: u_fsm.next_state_gold (\u_fsm.next_state_gold), u_fsm.next_state_gate (\u_fsm.next_state_gate) -> u_fsm.next_state
Presumably equivalent wires: u_fsm.outstanding_req_id_r_gold (\u_fsm.outstanding_req_id_r_gold), u_fsm.outstanding_req_id_r_gate (\u_fsm.outstanding_req_id_r_gate) -> u_fsm.outstanding_req_id_r
Presumably equivalent wires: u_fsm.pending_r_gold (\u_fsm.pending_r_gold), u_fsm.pending_r_gate (\u_fsm.pending_r_gate) -> u_fsm.pending_r
Presumably equivalent wires: u_fsm.reg_envelope_violation_gold (\u_fsm.envelope_violation_r_gold), u_fsm.reg_envelope_violation_gate (\u_fsm.envelope_violation_r_gate) -> u_fsm.reg_envelope_violation
Presumably equivalent wires: u_fsm.reg_fallback_active_gold (\u_fsm.fallback_active_r_gold), u_fsm.reg_fallback_active_gate (\u_fsm.fallback_active_r_gate) -> u_fsm.reg_fallback_active
Presumably equivalent wires: u_fsm.reg_fault_summary_gold (\u_fsm.fault_summary_r_gold), u_fsm.reg_fault_summary_gate ({ \u_fsm._059__gate [12:1] \u_fsm._060__gate [2:1] \u_fsm._059__gate [0] \u_fsm._060__gate [0] }) -> u_fsm.reg_fault_summary
Presumably equivalent wires: u_fsm.reg_irq_pulse_gold (\u_fsm.irq_pulse_r_gold), u_fsm.reg_irq_pulse_gate (\u_fsm.irq_pulse_r_gate) -> u_fsm.reg_irq_pulse
Presumably equivalent wires: u_fsm.reg_outstanding_req_id_gold (\u_fsm.outstanding_req_id_r_gold), u_fsm.reg_outstanding_req_id_gate (\u_fsm.outstanding_req_id_r_gate) -> u_fsm.reg_outstanding_req_id
Presumably equivalent wires: u_fsm.reg_pending_gold (\u_fsm.pending_r_gold), u_fsm.reg_pending_gate (\u_fsm.pending_r_gate) -> u_fsm.reg_pending
Presumably equivalent wires: u_fsm.reg_response_received_gold (\u_fsm.response_received_r_gold), u_fsm.reg_response_received_gate (\u_fsm.response_received_r_gate) -> u_fsm.reg_response_received
Presumably equivalent wires: u_fsm.reg_response_req_id_gold (\u_fsm.response_req_id_r_gold), u_fsm.reg_response_req_id_gate (\u_fsm.response_req_id_r_gate) -> u_fsm.reg_response_req_id
Presumably equivalent wires: u_fsm.reg_service_error_gold (\u_fsm.service_error_r_gold), u_fsm.reg_service_error_gate (\u_fsm.service_error_r_gate) -> u_fsm.reg_service_error
Presumably equivalent wires: u_fsm.reg_stale_reject_gold (\u_fsm.stale_reject_r_gold), u_fsm.reg_stale_reject_gate (\u_fsm.service_error_r_gate) -> u_fsm.reg_stale_reject
Presumably equivalent wires: u_fsm.reg_state_gold (\u_fsm.state_r_gold), u_fsm.reg_state_gate (\u_fsm.state_r_gate) -> u_fsm.reg_state
Presumably equivalent wires: u_fsm.reg_timeout_expired_gold (\u_fsm.timeout_expired_r_gold), u_fsm.reg_timeout_expired_gate (\u_fsm.timeout_expired_r_gate) -> u_fsm.reg_timeout_expired
Presumably equivalent wires: u_fsm.req_desc_comb_gold ({ 8'00000000 \u_mmio.r_timestamp_gold \u_mmio.r_geometry_handle_gold [15:8] \u_mmio.r_flow_handle_gold [15:8] \u_mmio.r_request_id_gold }), u_fsm.req_desc_comb_gate ({ 8'00000000 \u_mmio.r_timestamp_gate \u_mmio.r_geometry_handle_gate [15:8] \u_mmio.r_flow_handle_gate [15:8] \u_mmio.r_request_id_gate }) -> u_fsm.req_desc_comb
Presumably equivalent wires: u_fsm.reset_n_gold (\reset_n_gold), u_fsm.reset_n_gate (\reset_n_gate) -> u_fsm.reset_n
Presumably equivalent wires: u_fsm.response_received_r_gold (\u_fsm.response_received_r_gold), u_fsm.response_received_r_gate (\u_fsm.response_received_r_gate) -> u_fsm.response_received_r
Presumably equivalent wires: u_fsm.response_req_id_r_gold (\u_fsm.response_req_id_r_gold), u_fsm.response_req_id_r_gate (\u_fsm.response_req_id_r_gate) -> u_fsm.response_req_id_r
Presumably equivalent wires: u_fsm.service_error_r_gold (\u_fsm.service_error_r_gold), u_fsm.service_error_r_gate (\u_fsm.service_error_r_gate) -> u_fsm.service_error_r
Presumably equivalent wires: u_fsm.stale_reject_r_gold (\u_fsm.stale_reject_r_gold), u_fsm.stale_reject_r_gate (\u_fsm.service_error_r_gate) -> u_fsm.stale_reject_r
Presumably equivalent wires: u_fsm.state_r_gold (\u_fsm.state_r_gold), u_fsm.state_r_gate (\u_fsm.state_r_gate) -> u_fsm.state_r
Presumably equivalent wires: u_fsm.timeout_bad_gold (\u_fsm.timeout_bad_gold), u_fsm.timeout_bad_gate (\u_fsm.timeout_bad_gate) -> u_fsm.timeout_bad
Presumably equivalent wires: u_fsm.timeout_expired_r_gold (\u_fsm.timeout_expired_r_gold), u_fsm.timeout_expired_r_gate (\u_fsm.timeout_expired_r_gate) -> u_fsm.timeout_expired_r
Presumably equivalent wires: u_mmio.access_gold (\u_mmio.access_gold), u_mmio.access_gate (\u_mmio.access_gate) -> u_mmio.access
Presumably equivalent wires: u_mmio.addr_word_gold (\wb_adr_i_gold [7:0]), u_mmio.addr_word_gate (\wb_adr_i_gate [7:0]) -> u_mmio.addr_word
Presumably equivalent wires: u_mmio.cfg_allow_multi_outstanding_gold (\u_mmio.r_allow_multi_outstanding_gold), u_mmio.cfg_allow_multi_outstanding_gate (\u_mmio.r_allow_multi_outstanding_gate) -> u_mmio.cfg_allow_multi_outstanding
Presumably equivalent wires: u_mmio.cfg_clamp_max_gold (\u_mmio.r_clamp_max_gold), u_mmio.cfg_clamp_max_gate (\u_mmio.r_clamp_max_gate) -> u_mmio.cfg_clamp_max
Presumably equivalent wires: u_mmio.cfg_clamp_min_gold (\u_mmio.r_clamp_min_gold), u_mmio.cfg_clamp_min_gate (\u_mmio.r_clamp_min_gate) -> u_mmio.cfg_clamp_min
Presumably equivalent wires: u_mmio.cfg_command_mode_gold (\u_mmio.r_command_mode_gold), u_mmio.cfg_command_mode_gate (\u_mmio.r_command_mode_gate) -> u_mmio.cfg_command_mode
Presumably equivalent wires: u_mmio.cfg_fallback_cmd_gold (\u_mmio.r_fallback_cmd_gold), u_mmio.cfg_fallback_cmd_gate (\u_mmio.r_fallback_cmd_gate) -> u_mmio.cfg_fallback_cmd
Presumably equivalent wires: u_mmio.cfg_flow_handle_gold (\u_mmio.r_flow_handle_gold), u_mmio.cfg_flow_handle_gate (\u_mmio.r_flow_handle_gate) -> u_mmio.cfg_flow_handle
Presumably equivalent wires: u_mmio.cfg_force_safe_mode_gold (\u_mmio.r_force_safe_mode_gold), u_mmio.cfg_force_safe_mode_gate (\u_mmio.r_force_safe_mode_gate) -> u_mmio.cfg_force_safe_mode
Presumably equivalent wires: u_mmio.cfg_geometry_handle_gold (\u_mmio.r_geometry_handle_gold), u_mmio.cfg_geometry_handle_gate (\u_mmio.r_geometry_handle_gate) -> u_mmio.cfg_geometry_handle
Presumably equivalent wires: u_mmio.cfg_oper_en_max_gold (\u_mmio.r_oper_en_max_gold), u_mmio.cfg_oper_en_max_gate (\u_mmio.r_oper_en_max_gate) -> u_mmio.cfg_oper_en_max
Presumably equivalent wires: u_mmio.cfg_oper_en_min_gold (\u_mmio.r_oper_en_min_gold), u_mmio.cfg_oper_en_min_gate (\u_mmio.r_oper_en_min_gate) -> u_mmio.cfg_oper_en_min
Presumably equivalent wires: u_mmio.cfg_rate_limit_en_gold (\u_mmio.r_rate_limit_en_gold), u_mmio.cfg_rate_limit_en_gate (\u_mmio.r_rate_limit_en_gate) -> u_mmio.cfg_rate_limit_en
Presumably equivalent wires: u_mmio.cfg_rate_limit_step_gold (\u_mmio.r_rate_limit_step_gold), u_mmio.cfg_rate_limit_step_gate (\u_mmio.r_rate_limit_step_gate) -> u_mmio.cfg_rate_limit_step
Presumably equivalent wires: u_mmio.cfg_request_id_gold (\u_mmio.r_request_id_gold), u_mmio.cfg_request_id_gate (\u_mmio.r_request_id_gate) -> u_mmio.cfg_request_id
Presumably equivalent wires: u_mmio.cfg_request_issue_gold (\u_mmio.r_request_issue_gold), u_mmio.cfg_request_issue_gate (\u_mmio.r_request_issue_gate) -> u_mmio.cfg_request_issue
Presumably equivalent wires: u_mmio.cfg_status_flags_gold (\u_mmio.r_status_flags_gold), u_mmio.cfg_status_flags_gate (\u_mmio.r_status_flags_gate) -> u_mmio.cfg_status_flags
Presumably equivalent wires: u_mmio.cfg_timeout_cycles_gold (\u_mmio.r_timeout_cycles_gold), u_mmio.cfg_timeout_cycles_gate (\u_mmio.r_timeout_cycles_gate) -> u_mmio.cfg_timeout_cycles
Presumably equivalent wires: u_mmio.cfg_timestamp_gold (\u_mmio.r_timestamp_gold), u_mmio.cfg_timestamp_gate (\u_mmio.r_timestamp_gate) -> u_mmio.cfg_timestamp
Presumably equivalent wires: u_mmio.clk_gold (\clk_gold), u_mmio.clk_gate (\clk_gate) -> u_mmio.clk
Presumably equivalent wires: u_mmio.illegal_addr_gold (\u_mmio.illegal_addr_gold), u_mmio.illegal_addr_gate (\u_mmio.illegal_addr_gate) -> u_mmio.illegal_addr
Presumably equivalent wires: u_mmio.r_allow_multi_outstanding_gold (\u_mmio.r_allow_multi_outstanding_gold), u_mmio.r_allow_multi_outstanding_gate (\u_mmio.r_allow_multi_outstanding_gate) -> u_mmio.r_allow_multi_outstanding
Presumably equivalent wires: u_mmio.r_clamp_max_gold (\u_mmio.r_clamp_max_gold), u_mmio.r_clamp_max_gate (\u_mmio.r_clamp_max_gate) -> u_mmio.r_clamp_max
Presumably equivalent wires: u_mmio.r_clamp_min_gold (\u_mmio.r_clamp_min_gold), u_mmio.r_clamp_min_gate (\u_mmio.r_clamp_min_gate) -> u_mmio.r_clamp_min
Presumably equivalent wires: u_mmio.r_command_mode_gold (\u_mmio.r_command_mode_gold), u_mmio.r_command_mode_gate (\u_mmio.r_command_mode_gate) -> u_mmio.r_command_mode
Presumably equivalent wires: u_mmio.r_fallback_cmd_gold (\u_mmio.r_fallback_cmd_gold), u_mmio.r_fallback_cmd_gate (\u_mmio.r_fallback_cmd_gate) -> u_mmio.r_fallback_cmd
Presumably equivalent wires: u_mmio.r_flow_handle_gold (\u_mmio.r_flow_handle_gold), u_mmio.r_flow_handle_gate (\u_mmio.r_flow_handle_gate) -> u_mmio.r_flow_handle
Presumably equivalent wires: u_mmio.r_force_safe_mode_gold (\u_mmio.r_force_safe_mode_gold), u_mmio.r_force_safe_mode_gate (\u_mmio.r_force_safe_mode_gate) -> u_mmio.r_force_safe_mode
Presumably equivalent wires: u_mmio.r_geometry_handle_gold (\u_mmio.r_geometry_handle_gold), u_mmio.r_geometry_handle_gate (\u_mmio.r_geometry_handle_gate) -> u_mmio.r_geometry_handle
Presumably equivalent wires: u_mmio.r_oper_en_max_gold (\u_mmio.r_oper_en_max_gold), u_mmio.r_oper_en_max_gate (\u_mmio.r_oper_en_max_gate) -> u_mmio.r_oper_en_max
Presumably equivalent wires: u_mmio.r_oper_en_min_gold (\u_mmio.r_oper_en_min_gold), u_mmio.r_oper_en_min_gate (\u_mmio.r_oper_en_min_gate) -> u_mmio.r_oper_en_min
Presumably equivalent wires: u_mmio.r_rate_limit_en_gold (\u_mmio.r_rate_limit_en_gold), u_mmio.r_rate_limit_en_gate (\u_mmio.r_rate_limit_en_gate) -> u_mmio.r_rate_limit_en
Presumably equivalent wires: u_mmio.r_rate_limit_step_gold (\u_mmio.r_rate_limit_step_gold), u_mmio.r_rate_limit_step_gate (\u_mmio.r_rate_limit_step_gate) -> u_mmio.r_rate_limit_step
Presumably equivalent wires: u_mmio.r_request_id_gold (\u_mmio.r_request_id_gold), u_mmio.r_request_id_gate (\u_mmio.r_request_id_gate) -> u_mmio.r_request_id
Presumably equivalent wires: u_mmio.r_request_issue_gold (\u_mmio.r_request_issue_gold), u_mmio.r_request_issue_gate (\u_mmio.r_request_issue_gate) -> u_mmio.r_request_issue
Presumably equivalent wires: u_mmio.r_status_flags_gold (\u_mmio.r_status_flags_gold), u_mmio.r_status_flags_gate (\u_mmio.r_status_flags_gate) -> u_mmio.r_status_flags
Presumably equivalent wires: u_mmio.r_timeout_cycles_gold (\u_mmio.r_timeout_cycles_gold), u_mmio.r_timeout_cycles_gate (\u_mmio.r_timeout_cycles_gate) -> u_mmio.r_timeout_cycles
Presumably equivalent wires: u_mmio.r_timestamp_gold (\u_mmio.r_timestamp_gold), u_mmio.r_timestamp_gate (\u_mmio.r_timestamp_gate) -> u_mmio.r_timestamp
Presumably equivalent wires: u_mmio.reg_capabilities_gold (31), u_mmio.reg_capabilities_gate (31) -> u_mmio.reg_capabilities
Presumably equivalent wires: u_mmio.reg_clamp_active_gold (\u_safety.reg_clamp_active_r_gold), u_mmio.reg_clamp_active_gate (\u_safety.reg_clamp_active_r_gate) -> u_mmio.reg_clamp_active
Presumably equivalent wires: u_mmio.reg_envelope_violation_gold (\u_fsm.envelope_violation_r_gold), u_mmio.reg_envelope_violation_gate (\u_fsm.envelope_violation_r_gate) -> u_mmio.reg_envelope_violation
Presumably equivalent wires: u_mmio.reg_fallback_active_gold (\u_fsm.fallback_active_r_gold), u_mmio.reg_fallback_active_gate (\u_fsm.fallback_active_r_gate) -> u_mmio.reg_fallback_active
Presumably equivalent wires: u_mmio.reg_fault_summary_gold (\u_fsm.fault_summary_r_gold), u_mmio.reg_fault_summary_gate ({ \u_fsm._059__gate [12:1] \u_fsm._060__gate [2:1] \u_fsm._059__gate [0] \u_fsm._060__gate [0] }) -> u_mmio.reg_fault_summary
Presumably equivalent wires: u_mmio.reg_irq_pulse_gold (\u_fsm.irq_pulse_r_gold), u_mmio.reg_irq_pulse_gate (\u_fsm.irq_pulse_r_gate) -> u_mmio.reg_irq_pulse
Presumably equivalent wires: u_mmio.reg_last_accepted_cmd_gold (\u_safety.last_accepted_cmd_r_gold), u_mmio.reg_last_accepted_cmd_gate (\u_safety.last_accepted_cmd_r_gate) -> u_mmio.reg_last_accepted_cmd
Presumably equivalent wires: u_mmio.reg_outstanding_req_id_gold (\u_fsm.outstanding_req_id_r_gold), u_mmio.reg_outstanding_req_id_gate (\u_fsm.outstanding_req_id_r_gate) -> u_mmio.reg_outstanding_req_id
Presumably equivalent wires: u_mmio.reg_pending_gold (\u_fsm.pending_r_gold), u_mmio.reg_pending_gate (\u_fsm.pending_r_gate) -> u_mmio.reg_pending
Presumably equivalent wires: u_mmio.reg_response_received_gold (\u_fsm.response_received_r_gold), u_mmio.reg_response_received_gate (\u_fsm.response_received_r_gate) -> u_mmio.reg_response_received
Presumably equivalent wires: u_mmio.reg_response_req_id_gold (\u_fsm.response_req_id_r_gold), u_mmio.reg_response_req_id_gate (\u_fsm.response_req_id_r_gate) -> u_mmio.reg_response_req_id
Presumably equivalent wires: u_mmio.reg_service_error_gold (\u_fsm.service_error_r_gold), u_mmio.reg_service_error_gate (\u_fsm.service_error_r_gate) -> u_mmio.reg_service_error
Presumably equivalent wires: u_mmio.reg_stale_reject_gold (\u_fsm.stale_reject_r_gold), u_mmio.reg_stale_reject_gate (\u_fsm.service_error_r_gate) -> u_mmio.reg_stale_reject
Presumably equivalent wires: u_mmio.reg_state_gold (\u_fsm.state_r_gold), u_mmio.reg_state_gate (\u_fsm.state_r_gate) -> u_mmio.reg_state
Presumably equivalent wires: u_mmio.reg_timeout_expired_gold (\u_fsm.timeout_expired_r_gold), u_mmio.reg_timeout_expired_gate (\u_fsm.timeout_expired_r_gate) -> u_mmio.reg_timeout_expired
Presumably equivalent wires: u_mmio.reg_version_gold (65536), u_mmio.reg_version_gate (65536) -> u_mmio.reg_version
Presumably equivalent wires: u_mmio.reset_n_gold (\reset_n_gold), u_mmio.reset_n_gate (\reset_n_gate) -> u_mmio.reset_n
Presumably equivalent wires: u_mmio.wb_ack_o_gold (\u_mmio.wb_ack_o_r_gold), u_mmio.wb_ack_o_gate (\u_mmio.wb_ack_o_r_gate) -> u_mmio.wb_ack_o
Presumably equivalent wires: u_mmio.wb_ack_o_r_gold (\u_mmio.wb_ack_o_r_gold), u_mmio.wb_ack_o_r_gate (\u_mmio.wb_ack_o_r_gate) -> u_mmio.wb_ack_o_r
Presumably equivalent wires: u_mmio.wb_adr_i_gold (\wb_adr_i_gold), u_mmio.wb_adr_i_gate (\wb_adr_i_gate) -> u_mmio.wb_adr_i
Presumably equivalent wires: u_mmio.wb_cyc_i_gold (\wb_cyc_i_gold), u_mmio.wb_cyc_i_gate (\wb_cyc_i_gate) -> u_mmio.wb_cyc_i
Presumably equivalent wires: u_mmio.wb_dat_i_gold (\wb_dat_i_gold), u_mmio.wb_dat_i_gate (\wb_dat_i_gate) -> u_mmio.wb_dat_i
Presumably equivalent wires: u_mmio.wb_dat_o_gold (\u_mmio.wb_dat_o_r_gold), u_mmio.wb_dat_o_gate (\u_mmio.wb_dat_o_r_gate) -> u_mmio.wb_dat_o
Presumably equivalent wires: u_mmio.wb_dat_o_r_gold (\u_mmio.wb_dat_o_r_gold), u_mmio.wb_dat_o_r_gate (\u_mmio.wb_dat_o_r_gate) -> u_mmio.wb_dat_o_r
Presumably equivalent wires: u_mmio.wb_err_o_gold (\u_mmio.wb_err_o_r_gold), u_mmio.wb_err_o_gate (\u_mmio.wb_err_o_r_gate) -> u_mmio.wb_err_o
Presumably equivalent wires: u_mmio.wb_err_o_r_gold (\u_mmio.wb_err_o_r_gold), u_mmio.wb_err_o_r_gate (\u_mmio.wb_err_o_r_gate) -> u_mmio.wb_err_o_r
Presumably equivalent wires: u_mmio.wb_stb_i_gold (\wb_stb_i_gold), u_mmio.wb_stb_i_gate (\wb_stb_i_gate) -> u_mmio.wb_stb_i
Presumably equivalent wires: u_mmio.wb_we_i_gold (\wb_we_i_gold), u_mmio.wb_we_i_gate (\wb_we_i_gate) -> u_mmio.wb_we_i
Presumably equivalent wires: u_mmio.write_access_gold (\u_mmio.write_access_gold), u_mmio.write_access_gate (\u_mmio.write_access_gate) -> u_mmio.write_access
Presumably equivalent wires: u_safety.actuator_cmd_o_gold (\u_safety.actuator_cmd_r_gold), u_safety.actuator_cmd_o_gate (\u_safety.actuator_cmd_r_gate) -> u_safety.actuator_cmd_o
Presumably equivalent wires: u_safety.actuator_cmd_r_gold (\u_safety.actuator_cmd_r_gold), u_safety.actuator_cmd_r_gate (\u_safety.actuator_cmd_r_gate) -> u_safety.actuator_cmd_r
Presumably equivalent wires: u_safety.actuator_cmd_valid_o_gold (\u_safety.actuator_cmd_valid_r_gold), u_safety.actuator_cmd_valid_o_gate (\u_safety.actuator_cmd_valid_r_gate) -> u_safety.actuator_cmd_valid_o
Presumably equivalent wires: u_safety.actuator_cmd_valid_r_gold (\u_safety.actuator_cmd_valid_r_gold), u_safety.actuator_cmd_valid_r_gate (\u_safety.actuator_cmd_valid_r_gate) -> u_safety.actuator_cmd_valid_r
Presumably equivalent wires: u_safety.cfg_clamp_max_gold (\u_mmio.r_clamp_max_gold), u_safety.cfg_clamp_max_gate (\u_mmio.r_clamp_max_gate) -> u_safety.cfg_clamp_max
Presumably equivalent wires: u_safety.cfg_clamp_min_gold (\u_mmio.r_clamp_min_gold), u_safety.cfg_clamp_min_gate (\u_mmio.r_clamp_min_gate) -> u_safety.cfg_clamp_min
Presumably equivalent wires: u_safety.cfg_fallback_cmd_gold (\u_mmio.r_fallback_cmd_gold), u_safety.cfg_fallback_cmd_gate (\u_mmio.r_fallback_cmd_gate) -> u_safety.cfg_fallback_cmd
Presumably equivalent wires: u_safety.cfg_rate_limit_en_gold (\u_mmio.r_rate_limit_en_gold), u_safety.cfg_rate_limit_en_gate (\u_mmio.r_rate_limit_en_gate) -> u_safety.cfg_rate_limit_en
Presumably equivalent wires: u_safety.cfg_rate_limit_step_gold (\u_mmio.r_rate_limit_step_gold), u_safety.cfg_rate_limit_step_gate (\u_mmio.r_rate_limit_step_gate) -> u_safety.cfg_rate_limit_step
Presumably equivalent wires: u_safety.clamp_max_eff_gold (\u_mmio.r_clamp_max_gold), u_safety.clamp_max_eff_gate (\u_mmio.r_clamp_max_gate) -> u_safety.clamp_max_eff
Presumably equivalent wires: u_safety.clamp_min_eff_gold (\u_mmio.r_clamp_min_gold), u_safety.clamp_min_eff_gate (\u_mmio.r_clamp_min_gate) -> u_safety.clamp_min_eff
Presumably equivalent wires: u_safety.clk_gold (\clk_gold), u_safety.clk_gate (\clk_gate) -> u_safety.clk
Presumably equivalent wires: u_safety.last_accepted_cmd_o_gold (\u_safety.last_accepted_cmd_r_gold), u_safety.last_accepted_cmd_o_gate (\u_safety.last_accepted_cmd_r_gate) -> u_safety.last_accepted_cmd_o
Presumably equivalent wires: u_safety.last_accepted_cmd_r_gold (\u_safety.last_accepted_cmd_r_gold), u_safety.last_accepted_cmd_r_gate (\u_safety.last_accepted_cmd_r_gate) -> u_safety.last_accepted_cmd_r
Presumably equivalent wires: u_safety.reg_clamp_active_gold (\u_safety.reg_clamp_active_r_gold), u_safety.reg_clamp_active_gate (\u_safety.reg_clamp_active_r_gate) -> u_safety.reg_clamp_active
Presumably equivalent wires: u_safety.reg_clamp_active_r_gold (\u_safety.reg_clamp_active_r_gold), u_safety.reg_clamp_active_r_gate (\u_safety.reg_clamp_active_r_gate) -> u_safety.reg_clamp_active_r
Presumably equivalent wires: u_safety.reg_envelope_violation_gold (\u_fsm.envelope_violation_r_gold), u_safety.reg_envelope_violation_gate (\u_fsm.envelope_violation_r_gate) -> u_safety.reg_envelope_violation
Presumably equivalent wires: u_safety.reg_fallback_active_gold (\u_fsm.fallback_active_r_gold), u_safety.reg_fallback_active_gate (\u_fsm.fallback_active_r_gate) -> u_safety.reg_fallback_active
Presumably equivalent wires: u_safety.reg_last_accepted_cmd_gold (\u_safety.last_accepted_cmd_r_gold), u_safety.reg_last_accepted_cmd_gate (\u_safety.last_accepted_cmd_r_gate) -> u_safety.reg_last_accepted_cmd
Presumably equivalent wires: u_safety.reg_pending_gold (\u_fsm.pending_r_gold), u_safety.reg_pending_gate (\u_fsm.pending_r_gate) -> u_safety.reg_pending
Presumably equivalent wires: u_safety.reg_service_error_gold (\u_fsm.service_error_r_gold), u_safety.reg_service_error_gate (\u_fsm.service_error_r_gate) -> u_safety.reg_service_error
Presumably equivalent wires: u_safety.reg_stale_reject_gold (\u_fsm.stale_reject_r_gold), u_safety.reg_stale_reject_gate (\u_fsm.service_error_r_gate) -> u_safety.reg_stale_reject
Presumably equivalent wires: u_safety.reg_timeout_expired_gold (\u_fsm.timeout_expired_r_gold), u_safety.reg_timeout_expired_gate (\u_fsm.timeout_expired_r_gate) -> u_safety.reg_timeout_expired
Presumably equivalent wires: u_safety.reset_n_gold (\reset_n_gold), u_safety.reset_n_gate (\reset_n_gate) -> u_safety.reset_n
Presumably equivalent wires: u_safety.selected_cmd_o_gold (16'0000000000000000), u_safety.selected_cmd_o_gate (16'0000000000000000) -> u_safety.selected_cmd_o
Presumably equivalent wires: u_safety.selected_cmd_valid_o_gold (1'0), u_safety.selected_cmd_valid_o_gate (1'0) -> u_safety.selected_cmd_valid_o
Presumably equivalent wires: wb_ack_o_gold (\u_mmio.wb_ack_o_r_gold), wb_ack_o_gate (\u_mmio.wb_ack_o_r_gate) -> wb_ack_o
Presumably equivalent wires: wb_adr_i_gold (\wb_adr_i_gold), wb_adr_i_gate (\wb_adr_i_gate) -> wb_adr_i
Presumably equivalent wires: wb_cyc_i_gold (\wb_cyc_i_gold), wb_cyc_i_gate (\wb_cyc_i_gate) -> wb_cyc_i
Presumably equivalent wires: wb_dat_i_gold (\wb_dat_i_gold), wb_dat_i_gate (\wb_dat_i_gate) -> wb_dat_i
Presumably equivalent wires: wb_dat_o_gold (\u_mmio.wb_dat_o_r_gold), wb_dat_o_gate (\u_mmio.wb_dat_o_r_gate) -> wb_dat_o
Presumably equivalent wires: wb_err_o_gold (\u_mmio.wb_err_o_r_gold), wb_err_o_gate (\u_mmio.wb_err_o_r_gate) -> wb_err_o
Presumably equivalent wires: wb_stb_i_gold (\wb_stb_i_gold), wb_stb_i_gate (\wb_stb_i_gate) -> wb_stb_i
Presumably equivalent wires: wb_we_i_gold (\wb_we_i_gold), wb_we_i_gate (\wb_we_i_gate) -> wb_we_i
Changing input A of cell $flatten\u_fsm.$add$C:\Users\satheesh\chiploop-saas\.tmp_lec_repro\generic.v:900$1034_gate ($add): \u_fsm.age_counter_r_gate -> \u_fsm.age_counter_r
Changing input A of cell $flatten\u_fsm.$eq$C:\Users\satheesh\chiploop-saas\.tmp_lec_repro\generic.v:938$1058_gate ($eq): \u_fsm.state_r_gate -> \u_fsm.state_r
Changing input B of cell $flatten\u_fsm.$eq$C:\Users\satheesh\chiploop-saas\.tmp_lec_repro\generic.v:939$1059_gate ($eq): \u_fsm.outstanding_req_id_r_gate -> \u_fsm.outstanding_req_id_r
Changing input A of cell $flatten\u_fsm.$ge$C:\Users\satheesh\chiploop-saas\.tmp_lec_repro\generic.v:942$1062_gate ($ge): \u_fsm.age_counter_r_gate -> \u_fsm.age_counter_r
Changing input B of cell $flatten\u_fsm.$ge$C:\Users\satheesh\chiploop-saas\.tmp_lec_repro\generic.v:942$1062_gate ($ge): \u_mmio.r_timeout_cycles_gate -> \u_mmio.r_timeout_cycles
Changing input A of cell $flatten\u_fsm.$gt$C:\Users\satheesh\chiploop-saas\.tmp_lec_repro\generic.v:943$1063_gate ($gt): \u_mmio.r_oper_en_min_gate -> \u_mmio.r_oper_en_min
Changing input B of cell $flatten\u_fsm.$gt$C:\Users\satheesh\chiploop-saas\.tmp_lec_repro\generic.v:943$1063_gate ($gt): \u_mmio.r_oper_en_max_gate -> \u_mmio.r_oper_en_max
Changing input A of cell $flatten\u_fsm.$logic_and$C:\Users\satheesh\chiploop-saas\.tmp_lec_repro\generic.v:948$1068_gate ($logic_and): \u_mmio.r_request_issue_gate -> \u_mmio.r_request_issue
Changing input A of cell $flatten\u_fsm.$logic_not$C:\Users\satheesh\chiploop-saas\.tmp_lec_repro\generic.v:951$1071_gate ($logic_not): \u_fsm.timeout_bad_gate -> \u_fsm.timeout_bad
Changing input A of cell $flatten\u_fsm.$logic_not$C:\Users\satheesh\chiploop-saas\.tmp_lec_repro\generic.v:952$1072_gate ($logic_not): \u_fsm.pending_r_gate -> \u_fsm.pending_r
Changing input A of cell $flatten\u_fsm.$logic_not$C:\Users\satheesh\chiploop-saas\.tmp_lec_repro\generic.v:953$1073_gate ($logic_not): \u_mmio.r_force_safe_mode_gate -> \u_mmio.r_force_safe_mode
Changing input A of cell $flatten\u_fsm.$logic_not$C:\Users\satheesh\chiploop-saas\.tmp_lec_repro\generic.v:954$1074_gate ($logic_not): \u_fsm.envelope_bad_gate -> \u_fsm.envelope_bad
Changing input D of cell $flatten\u_fsm.$procdff$1231_gate ($sdff): \u_fsm.next_age_counter_gate -> \u_fsm.next_age_counter
Changing input D of cell $flatten\u_fsm.$procdff$1241_gate ($sdff): \u_fsm.next_irq_pulse_gate -> \u_fsm.next_irq_pulse
Changing input D of cell $flatten\u_fsm.$procdff$1246_gate ($sdff): \u_fsm.next_fallback_active_gate -> \u_fsm.next_fallback_active
Changing input D of cell $flatten\u_fsm.$procdff$1251_gate ($sdff): \u_fsm.next_service_error_gate -> \u_fsm.next_service_error
Changing input D of cell $flatten\u_fsm.$procdff$1256_gate ($sdff): \u_fsm.next_envelope_violation_gate -> \u_fsm.next_envelope_violation
Changing input D of cell $flatten\u_fsm.$procdff$1261_gate ($sdff): \u_fsm.next_response_received_gate -> \u_fsm.next_response_received
Changing input D of cell $flatten\u_fsm.$procdff$1266_gate ($sdff): \u_fsm.next_state_gate -> \u_fsm.next_state
Changing input D of cell $flatten\u_fsm.$procdff$1276_gate ($sdff): { \u_mmio.r_timestamp_gate \u_mmio.r_geometry_handle_gate [15:8] \u_mmio.r_flow_handle_gate [15:8] \u_mmio.r_request_id_gate } -> { \u_mmio.r_timestamp \u_mmio.r_geometry_handle [15:8] \u_mmio.r_flow_handle [15:8] \u_mmio.r_request_id }
Changing input D of cell $flatten\u_fsm.$procdff$1301_gate ($sdff): { \u_fsm.next_fault_summary_gate [3:2] \u_fsm.next_fault_summary_gate [0] } -> { \u_fsm.next_fault_summary [3:2] \u_fsm.next_fault_summary [0] }
Changing input A of cell $flatten\u_fsm.$procmux$1158_gate ($mux): \u_fsm.timeout_expired_r_gate -> \u_fsm.timeout_expired_r
Changing input A of cell $flatten\u_fsm.$procmux$1160_gate ($mux): \u_fsm.pending_r_gate -> \u_fsm.pending_r
Changing input B of cell $flatten\u_fsm.$procmux$1160_gate ($mux): \u_fsm.next_pending_gate -> \u_fsm.next_pending
Changing input A of cell $flatten\u_fsm.$procmux$1164_gate ($mux): \u_fsm.response_req_id_r_gate -> \u_fsm.response_req_id_r
Changing input A of cell $flatten\u_fsm.$procmux$1166_gate ($mux): \u_fsm.outstanding_req_id_r_gate -> \u_fsm.outstanding_req_id_r
Changing input B of cell $flatten\u_fsm.$procmux$1166_gate ($mux): \u_mmio.r_request_id_gate -> \u_mmio.r_request_id
Changing input A of cell $flatten\u_fsm.$reduce_or$C:\Users\satheesh\chiploop-saas\.tmp_lec_repro\generic.v:933$1053_gate ($reduce_or): { \u_fsm.envelope_bad_gate \u_mmio.r_force_safe_mode_gate \u_fsm._052__gate \u_fsm._041__gate \model_rsp_valid_i_gate } -> { \u_fsm.envelope_bad \u_mmio.r_force_safe_mode \u_fsm._052__gate \u_fsm._041__gate \model_rsp_valid_i_gate }
Changing input A of cell $flatten\u_fsm.$reduce_or$C:\Users\satheesh\chiploop-saas\.tmp_lec_repro\generic.v:934$1054_gate ($reduce_or): { \u_fsm.envelope_bad_gate \u_mmio.r_force_safe_mode_gate \u_fsm._052__gate \u_fsm._046__gate \model_rsp_valid_i_gate } -> { \u_fsm.envelope_bad \u_mmio.r_force_safe_mode \u_fsm._052__gate \u_fsm._046__gate \model_rsp_valid_i_gate }
Changing input A of cell $flatten\u_fsm.$reduce_or$C:\Users\satheesh\chiploop-saas\.tmp_lec_repro\generic.v:955$1075_gate ($reduce_or): \u_mmio.r_timeout_cycles_gate -> \u_mmio.r_timeout_cycles
Changing input S of cell $flatten\u_fsm.$ternary$C:\Users\satheesh\chiploop-saas\.tmp_lec_repro\generic.v:1005$1117_gate ($mux): \u_fsm.envelope_bad_gate -> \u_fsm.envelope_bad
Changing input S of cell $flatten\u_fsm.$ternary$C:\Users\satheesh\chiploop-saas\.tmp_lec_repro\generic.v:1006$1118_gate ($mux): \u_fsm.envelope_bad_gate -> \u_fsm.envelope_bad
Changing input S of cell $flatten\u_fsm.$ternary$C:\Users\satheesh\chiploop-saas\.tmp_lec_repro\generic.v:1007$1119_gate ($mux): \u_fsm.envelope_bad_gate -> \u_fsm.envelope_bad
Changing input S of cell $flatten\u_fsm.$ternary$C:\Users\satheesh\chiploop-saas\.tmp_lec_repro\generic.v:1008$1120_gate ($mux): \u_fsm.envelope_bad_gate -> \u_fsm.envelope_bad
Changing input S of cell $flatten\u_fsm.$ternary$C:\Users\satheesh\chiploop-saas\.tmp_lec_repro\generic.v:1009$1121_gate ($mux): \u_fsm.envelope_bad_gate -> \u_fsm.envelope_bad
Changing input S of cell $flatten\u_fsm.$ternary$C:\Users\satheesh\chiploop-saas\.tmp_lec_repro\generic.v:1010$1122_gate ($mux): \u_fsm.envelope_bad_gate -> \u_fsm.envelope_bad
Changing input S of cell $flatten\u_fsm.$ternary$C:\Users\satheesh\chiploop-saas\.tmp_lec_repro\generic.v:1011$1123_gate ($mux): \u_mmio.r_force_safe_mode_gate -> \u_mmio.r_force_safe_mode
Changing input S of cell $flatten\u_fsm.$ternary$C:\Users\satheesh\chiploop-saas\.tmp_lec_repro\generic.v:1012$1124_gate ($mux): \u_mmio.r_force_safe_mode_gate -> \u_mmio.r_force_safe_mode
Changing input S of cell $flatten\u_fsm.$ternary$C:\Users\satheesh\chiploop-saas\.tmp_lec_repro\generic.v:1013$1125_gate ($mux): \u_mmio.r_force_safe_mode_gate -> \u_mmio.r_force_safe_mode
Changing input A of cell $flatten\u_fsm.$ternary$C:\Users\satheesh\chiploop-saas\.tmp_lec_repro\generic.v:1014$1126_gate ($mux): \u_fsm.timeout_bad_gate -> \u_fsm.timeout_bad
Changing input S of cell $flatten\u_fsm.$ternary$C:\Users\satheesh\chiploop-saas\.tmp_lec_repro\generic.v:1014$1126_gate ($mux): \u_mmio.r_force_safe_mode_gate -> \u_mmio.r_force_safe_mode
Changing input S of cell $flatten\u_fsm.$ternary$C:\Users\satheesh\chiploop-saas\.tmp_lec_repro\generic.v:1015$1127_gate ($mux): \u_mmio.r_force_safe_mode_gate -> \u_mmio.r_force_safe_mode
Changing input A of cell $flatten\u_fsm.$ternary$C:\Users\satheesh\chiploop-saas\.tmp_lec_repro\generic.v:1018$1130_gate ($mux): \u_fsm.state_r_gate -> \u_fsm.state_r
Changing input A of cell $flatten\u_fsm.$ternary$C:\Users\satheesh\chiploop-saas\.tmp_lec_repro\generic.v:1019$1131_gate ($mux): \u_fsm.fallback_active_r_gate -> \u_fsm.fallback_active_r
Changing input A of cell $flatten\u_fsm.$ternary$C:\Users\satheesh\chiploop-saas\.tmp_lec_repro\generic.v:1023$1135_gate ($mux): \u_fsm.fallback_active_r_gate -> \u_fsm.fallback_active_r
Changing input A of cell $flatten\u_fsm.$ternary$C:\Users\satheesh\chiploop-saas\.tmp_lec_repro\generic.v:1025$1137_gate ($mux): \u_fsm.state_r_gate -> \u_fsm.state_r
Changing input A of cell $flatten\u_fsm.$ternary$C:\Users\satheesh\chiploop-saas\.tmp_lec_repro\generic.v:1026$1138_gate ($mux): \u_fsm.age_counter_r_gate -> \u_fsm.age_counter_r
Changing input A of cell $flatten\u_mmio.$and$C:\Users\satheesh\chiploop-saas\.tmp_lec_repro\generic.v:533$917_gate ($and): \u_mmio.access_gate -> \u_mmio.access
Changing input A of cell $flatten\u_mmio.$and$C:\Users\satheesh\chiploop-saas\.tmp_lec_repro\generic.v:534$918_gate ($and): \u_mmio.access_gate -> \u_mmio.access
Changing input B of cell $flatten\u_mmio.$and$C:\Users\satheesh\chiploop-saas\.tmp_lec_repro\generic.v:534$918_gate ($and): \u_mmio.illegal_addr_gate -> \u_mmio.illegal_addr
Changing input D of cell $flatten\u_mmio.$procdff$1316_gate ($sdff): \u_mmio.access_gate -> \u_mmio.access
Changing input B of cell $flatten\u_mmio.$procmux$1171_gate ($pmux): { 31'0000000000000000000000000000000 \u_fsm.irq_pulse_r_gate 16'0000000000000000 \u_fsm._059__gate [12:1] \u_fsm._060__gate [2:1] \u_fsm._059__gate [0] \u_fsm._060__gate [0] 16'0000000000000000 \u_safety.last_accepted_cmd_r_gate 24'000000000000000000000000 \u_fsm.response_req_id_r_gate 24'000000000000000000000000 \u_fsm.outstanding_req_id_r_gate 16'0000000000000000 \u_fsm.service_error_r_gate \u_fsm.envelope_violation_r_gate \u_fsm.fallback_active_r_gate \u_safety.reg_clamp_active_r_gate \u_fsm.timeout_expired_r_gate \u_fsm.service_error_r_gate \u_fsm.response_received_r_gate \u_fsm.pending_r_gate \u_fsm.state_r_gate \u_mmio.r_timestamp_gate \u_mmio.r_status_flags_gate 4'0000 \u_mmio.r_command_mode_gate \u_mmio.r_flow_handle_gate 8'00000000 \u_mmio.r_request_id_gate \u_mmio.r_geometry_handle_gate 16'0000000000000000 \u_mmio.r_fallback_cmd_gate 16'0000000000000000 \u_mmio.r_rate_limit_step_gate 16'0000000000000000 \u_mmio.r_clamp_max_gate 16'0000000000000000 \u_mmio.r_clamp_min_gate \u_mmio.r_timeout_cycles_gate 16'0000000000000000 \u_mmio.r_oper_en_max_gate 16'0000000000000000 \u_mmio.r_oper_en_min_gate 28'0000000000000000000000000000 \u_mmio.r_rate_limit_en_gate \u_mmio.r_allow_multi_outstanding_gate \u_mmio.r_force_safe_mode_gate \u_mmio.r_request_issue_gate 64'0000000000000000000000000001111100000000000000010000000000000000 } -> { 31'0000000000000000000000000000000 \u_fsm.irq_pulse_r 16'0000000000000000 \u_fsm._059__gate [12:1] \u_fsm._060__gate [2:1] \u_fsm._059__gate [0] \u_fsm._060__gate [0] 16'0000000000000000 \u_safety.last_accepted_cmd_r 24'000000000000000000000000 \u_fsm.response_req_id_r 24'000000000000000000000000 \u_fsm.outstanding_req_id_r 16'0000000000000000 \u_fsm.service_error_r \u_fsm.envelope_violation_r \u_fsm.fallback_active_r \u_safety.reg_clamp_active_r \u_fsm.timeout_expired_r \u_fsm.service_error_r \u_fsm.response_received_r \u_fsm.pending_r \u_fsm.state_r \u_mmio.r_timestamp \u_mmio.r_status_flags 4'0000 \u_mmio.r_command_mode \u_mmio.r_flow_handle 8'00000000 \u_mmio.r_request_id \u_mmio.r_geometry_handle 16'0000000000000000 \u_mmio.r_fallback_cmd 16'0000000000000000 \u_mmio.r_rate_limit_step 16'0000000000000000 \u_mmio.r_clamp_max 16'0000000000000000 \u_mmio.r_clamp_min \u_mmio.r_timeout_cycles 16'0000000000000000 \u_mmio.r_oper_en_max 16'0000000000000000 \u_mmio.r_oper_en_min 28'0000000000000000000000000000 \u_mmio.r_rate_limit_en \u_mmio.r_allow_multi_outstanding \u_mmio.r_force_safe_mode \u_mmio.r_request_issue 64'0000000000000000000000000001111100000000000000010000000000000000 }
Changing input A of cell $flatten\u_mmio.$procmux$1191_gate ($mux): \u_mmio.r_oper_en_min_gate -> \u_mmio.r_oper_en_min
Changing input A of cell $flatten\u_mmio.$procmux$1193_gate ($mux): \u_mmio.r_request_id_gate -> \u_mmio.r_request_id
Changing input A of cell $flatten\u_mmio.$procmux$1195_gate ($mux): \u_mmio.r_rate_limit_step_gate -> \u_mmio.r_rate_limit_step
Changing input A of cell $flatten\u_mmio.$procmux$1197_gate ($mux): \u_mmio.r_allow_multi_outstanding_gate -> \u_mmio.r_allow_multi_outstanding
Changing input A of cell $flatten\u_mmio.$procmux$1199_gate ($mux): \u_mmio.r_rate_limit_en_gate -> \u_mmio.r_rate_limit_en
Changing input A of cell $flatten\u_mmio.$procmux$1201_gate ($mux): \u_mmio.r_status_flags_gate -> \u_mmio.r_status_flags
Changing input A of cell $flatten\u_mmio.$procmux$1203_gate ($mux): \u_mmio.r_geometry_handle_gate -> \u_mmio.r_geometry_handle
Changing input A of cell $flatten\u_mmio.$procmux$1205_gate ($mux): \u_mmio.r_clamp_max_gate -> \u_mmio.r_clamp_max
Changing input A of cell $flatten\u_mmio.$procmux$1207_gate ($mux): \u_mmio.r_flow_handle_gate -> \u_mmio.r_flow_handle
Changing input A of cell $flatten\u_mmio.$procmux$1209_gate ($mux): \u_mmio.r_force_safe_mode_gate -> \u_mmio.r_force_safe_mode
Changing input A of cell $flatten\u_mmio.$procmux$1211_gate ($mux): \u_mmio.r_clamp_min_gate -> \u_mmio.r_clamp_min
Changing input A of cell $flatten\u_mmio.$procmux$1213_gate ($mux): \u_mmio.r_command_mode_gate -> \u_mmio.r_command_mode
Changing input A of cell $flatten\u_mmio.$procmux$1215_gate ($mux): \u_mmio.r_timeout_cycles_gate -> \u_mmio.r_timeout_cycles
Changing input A of cell $flatten\u_mmio.$procmux$1217_gate ($mux): \u_mmio.r_request_issue_gate -> \u_mmio.r_request_issue
Changing input A of cell $flatten\u_mmio.$procmux$1219_gate ($mux): \u_mmio.r_fallback_cmd_gate -> \u_mmio.r_fallback_cmd
Changing input A of cell $flatten\u_mmio.$procmux$1221_gate ($mux): \u_mmio.r_oper_en_max_gate -> \u_mmio.r_oper_en_max
Changing input A of cell $flatten\u_mmio.$procmux$1223_gate ($mux): \u_mmio.r_timestamp_gate -> \u_mmio.r_timestamp
Changing input A of cell $flatten\u_mmio.$reduce_and$C:\Users\satheesh\chiploop-saas\.tmp_lec_repro\generic.v:586$953_gate ($reduce_and): { \u_mmio._057__gate \u_mmio.write_access_gate } -> { \u_mmio._057__gate \u_mmio.write_access }
Changing input A of cell $flatten\u_mmio.$reduce_and$C:\Users\satheesh\chiploop-saas\.tmp_lec_repro\generic.v:587$954_gate ($reduce_and): { \u_mmio._065__gate \u_mmio.write_access_gate } -> { \u_mmio._065__gate \u_mmio.write_access }
Changing input A of cell $flatten\u_mmio.$reduce_and$C:\Users\satheesh\chiploop-saas\.tmp_lec_repro\generic.v:588$955_gate ($reduce_and): { \u_mmio._060__gate \u_mmio.write_access_gate } -> { \u_mmio._060__gate \u_mmio.write_access }
Changing input A of cell $flatten\u_mmio.$reduce_and$C:\Users\satheesh\chiploop-saas\.tmp_lec_repro\generic.v:589$956_gate ($reduce_and): { \u_mmio._014__gate \u_mmio.write_access_gate } -> { \u_mmio._014__gate \u_mmio.write_access }
Changing input A of cell $flatten\u_mmio.$reduce_and$C:\Users\satheesh\chiploop-saas\.tmp_lec_repro\generic.v:590$957_gate ($reduce_and): { \u_mmio._064__gate \u_mmio.write_access_gate } -> { \u_mmio._064__gate \u_mmio.write_access }
Changing input A of cell $flatten\u_mmio.$reduce_and$C:\Users\satheesh\chiploop-saas\.tmp_lec_repro\generic.v:591$958_gate ($reduce_and): { \u_mmio._058__gate \u_mmio.write_access_gate } -> { \u_mmio._058__gate \u_mmio.write_access }
Changing input A of cell $flatten\u_mmio.$reduce_and$C:\Users\satheesh\chiploop-saas\.tmp_lec_repro\generic.v:592$959_gate ($reduce_and): { \u_mmio._063__gate \u_mmio.write_access_gate } -> { \u_mmio._063__gate \u_mmio.write_access }
Changing input A of cell $flatten\u_mmio.$reduce_and$C:\Users\satheesh\chiploop-saas\.tmp_lec_repro\generic.v:593$960_gate ($reduce_and): { \u_mmio._067__gate \u_mmio.write_access_gate } -> { \u_mmio._067__gate \u_mmio.write_access }
Changing input A of cell $flatten\u_mmio.$reduce_and$C:\Users\satheesh\chiploop-saas\.tmp_lec_repro\generic.v:594$961_gate ($reduce_and): { \u_mmio._062__gate \u_mmio.write_access_gate } -> { \u_mmio._062__gate \u_mmio.write_access }
Changing input A of cell $flatten\u_mmio.$reduce_and$C:\Users\satheesh\chiploop-saas\.tmp_lec_repro\generic.v:595$962_gate ($reduce_and): { \u_mmio._059__gate \u_mmio.write_access_gate } -> { \u_mmio._059__gate \u_mmio.write_access }
Changing input A of cell $flatten\u_mmio.$reduce_and$C:\Users\satheesh\chiploop-saas\.tmp_lec_repro\generic.v:596$963_gate ($reduce_and): { \u_mmio._061__gate \u_mmio.write_access_gate } -> { \u_mmio._061__gate \u_mmio.write_access }
Changing input A of cell $flatten\u_mmio.$reduce_and$C:\Users\satheesh\chiploop-saas\.tmp_lec_repro\generic.v:597$964_gate ($reduce_and): { \u_mmio._066__gate \u_mmio.write_access_gate } -> { \u_mmio._066__gate \u_mmio.write_access }
Changing input A of cell $flatten\u_safety.$logic_or$C:\Users\satheesh\chiploop-saas\.tmp_lec_repro\generic.v:294$871_gate ($logic_or): \u_fsm.fallback_active_r_gate -> \u_fsm.fallback_active_r
Changing input B of cell $flatten\u_safety.$logic_or$C:\Users\satheesh\chiploop-saas\.tmp_lec_repro\generic.v:294$871_gate ($logic_or): \u_fsm.envelope_violation_r_gate -> \u_fsm.envelope_violation_r
Changing input B of cell $flatten\u_safety.$logic_or$C:\Users\satheesh\chiploop-saas\.tmp_lec_repro\generic.v:295$872_gate ($logic_or): \u_fsm.timeout_expired_r_gate -> \u_fsm.timeout_expired_r
Changing input B of cell $flatten\u_safety.$logic_or$C:\Users\satheesh\chiploop-saas\.tmp_lec_repro\generic.v:296$873_gate ($logic_or): \u_fsm.service_error_r_gate -> \u_fsm.service_error_r
Changing input B of cell $flatten\u_safety.$logic_or$C:\Users\satheesh\chiploop-saas\.tmp_lec_repro\generic.v:297$874_gate ($logic_or): \u_fsm.service_error_r_gate -> \u_fsm.service_error_r
Changing input A of cell $flatten\u_safety.$ne$C:\Users\satheesh\chiploop-saas\.tmp_lec_repro\generic.v:308$885_gate ($ne): \u_mmio.r_fallback_cmd_gate -> \u_mmio.r_fallback_cmd
Changing input B of cell $flatten\u_safety.$ne$C:\Users\satheesh\chiploop-saas\.tmp_lec_repro\generic.v:308$885_gate ($ne): \u_safety.last_accepted_cmd_r_gate -> \u_safety.last_accepted_cmd_r
Changing input D of cell $flatten\u_safety.$procdff$1421_gate ($sdff): \u_mmio.r_fallback_cmd_gate -> \u_mmio.r_fallback_cmd
Changing input A of cell $flatten\u_safety.$procmux$1225_gate ($mux): \u_safety.last_accepted_cmd_r_gate -> \u_safety.last_accepted_cmd_r
Changing input B of cell $flatten\u_safety.$procmux$1225_gate ($mux): \u_mmio.r_fallback_cmd_gate -> \u_mmio.r_fallback_cmd
Changing input A of cell $flatten\u_fsm.$add$C:\Users\satheesh\chiploop-saas\.tmp_workflow_a51ebfb7\fpga\handoff\rtl\adaptive_aero_control_top_request_fsm.v:162$89_gold ($add): \u_fsm.age_counter_r_gold -> \u_fsm.age_counter_r
Changing input A of cell $flatten\u_fsm.$eq$C:\Users\satheesh\chiploop-saas\.tmp_workflow_a51ebfb7\fpga\handoff\rtl\adaptive_aero_control_top_request_fsm.v:161$88_gold ($eq): \u_fsm.state_r_gold -> \u_fsm.state_r
Changing input B of cell $flatten\u_fsm.$eq$C:\Users\satheesh\chiploop-saas\.tmp_workflow_a51ebfb7\fpga\handoff\rtl\adaptive_aero_control_top_request_fsm.v:193$93_gold ($eq): \u_fsm.outstanding_req_id_r_gold -> \u_fsm.outstanding_req_id_r
Changing input A of cell $flatten\u_fsm.$ge$C:\Users\satheesh\chiploop-saas\.tmp_workflow_a51ebfb7\fpga\handoff\rtl\adaptive_aero_control_top_request_fsm.v:163$91_gold ($ge): \u_fsm.age_counter_r_gold -> \u_fsm.age_counter_r
Changing input B of cell $flatten\u_fsm.$ge$C:\Users\satheesh\chiploop-saas\.tmp_workflow_a51ebfb7\fpga\handoff\rtl\adaptive_aero_control_top_request_fsm.v:163$91_gold ($ge): \u_mmio.r_timeout_cycles_gold -> \u_mmio.r_timeout_cycles
Changing input A of cell $flatten\u_fsm.$gt$C:\Users\satheesh\chiploop-saas\.tmp_workflow_a51ebfb7\fpga\handoff\rtl\adaptive_aero_control_top_request_fsm.v:155$87_gold ($gt): \u_mmio.r_oper_en_min_gold -> \u_mmio.r_oper_en_min
Changing input B of cell $flatten\u_fsm.$gt$C:\Users\satheesh\chiploop-saas\.tmp_workflow_a51ebfb7\fpga\handoff\rtl\adaptive_aero_control_top_request_fsm.v:155$87_gold ($gt): \u_mmio.r_oper_en_max_gold -> \u_mmio.r_oper_en_max
Changing input A of cell $flatten\u_fsm.$logic_and$C:\Users\satheesh\chiploop-saas\.tmp_workflow_a51ebfb7\fpga\handoff\rtl\adaptive_aero_control_top_request_fsm.v:216$101_gold ($logic_and): \u_mmio.r_request_issue_gold -> \u_mmio.r_request_issue
Changing input A of cell $flatten\u_fsm.$logic_not$C:\Users\satheesh\chiploop-saas\.tmp_workflow_a51ebfb7\fpga\handoff\rtl\adaptive_aero_control_top_request_fsm.v:194$94_gold ($logic_not): \u_fsm.timeout_bad_gold -> \u_fsm.timeout_bad
Changing input A of cell $flatten\u_fsm.$logic_not$C:\Users\satheesh\chiploop-saas\.tmp_workflow_a51ebfb7\fpga\handoff\rtl\adaptive_aero_control_top_request_fsm.v:194$96_gold ($logic_not): \u_fsm.envelope_bad_gold -> \u_fsm.envelope_bad
Changing input A of cell $flatten\u_fsm.$logic_not$C:\Users\satheesh\chiploop-saas\.tmp_workflow_a51ebfb7\fpga\handoff\rtl\adaptive_aero_control_top_request_fsm.v:194$98_gold ($logic_not): \u_mmio.r_force_safe_mode_gold -> \u_mmio.r_force_safe_mode
Changing input A of cell $flatten\u_fsm.$logic_not$C:\Users\satheesh\chiploop-saas\.tmp_workflow_a51ebfb7\fpga\handoff\rtl\adaptive_aero_control_top_request_fsm.v:216$100_gold ($logic_not): \u_fsm.pending_r_gold -> \u_fsm.pending_r
Changing input A of cell $flatten\u_fsm.$ne$C:\Users\satheesh\chiploop-saas\.tmp_workflow_a51ebfb7\fpga\handoff\rtl\adaptive_aero_control_top_request_fsm.v:163$90_gold ($reduce_bool): \u_mmio.r_timeout_cycles_gold -> \u_mmio.r_timeout_cycles
Changing input D of cell $flatten\u_fsm.$procdff$565_gold ($sdff): \u_fsm.next_state_gold -> \u_fsm.next_state
Changing input D of cell $flatten\u_fsm.$procdff$580_gold ($sdff): \u_fsm.next_pending_gold -> \u_fsm.next_pending
Changing input D of cell $flatten\u_fsm.$procdff$585_gold ($sdff): \u_fsm.next_response_received_gold -> \u_fsm.next_response_received
Changing input D of cell $flatten\u_fsm.$procdff$590_gold ($sdff): \u_fsm.next_service_error_gold -> \u_fsm.next_service_error
Changing input D of cell $flatten\u_fsm.$procdff$600_gold ($sdff): \u_fsm.next_envelope_violation_gold -> \u_fsm.next_envelope_violation
Changing input D of cell $flatten\u_fsm.$procdff$605_gold ($sdff): \u_fsm.next_service_error_gold -> \u_fsm.next_service_error
Changing input D of cell $flatten\u_fsm.$procdff$610_gold ($sdff): \u_fsm.next_fallback_active_gold -> \u_fsm.next_fallback_active
Changing input D of cell $flatten\u_fsm.$procdff$615_gold ($sdff): \u_fsm.next_irq_pulse_gold -> \u_fsm.next_irq_pulse
Changing input D of cell $flatten\u_fsm.$procdff$630_gold ($sdff): \u_fsm.next_age_counter_gold -> \u_fsm.next_age_counter
Changing input D of cell $flatten\u_fsm.$procdff$635_gold ($sdff): \u_fsm.next_fault_summary_gold -> \u_fsm.next_fault_summary
Changing input D of cell $flatten\u_fsm.$procdff$640_gold ($sdff): { 8'00000000 \u_mmio.r_timestamp_gold \u_mmio.r_geometry_handle_gold [15:8] \u_mmio.r_flow_handle_gold [15:8] \u_mmio.r_request_id_gold } -> { 8'00000000 \u_mmio.r_timestamp \u_mmio.r_geometry_handle [15:8] \u_mmio.r_flow_handle [15:8] \u_mmio.r_request_id }
Changing input D of cell $flatten\u_fsm.$procdff$645_gold ($sdff): \u_fsm.model_req_valid_r_gold -> 1'0
Changing input D of cell $flatten\u_fsm.$procdff$650_gold ($sdff): \u_fsm.model_rsp_ready_r_gold -> 1'1
Changing input A of cell $flatten\u_fsm.$procmux$139_gold ($mux): \u_fsm.outstanding_req_id_r_gold -> \u_fsm.outstanding_req_id_r
Changing input B of cell $flatten\u_fsm.$procmux$139_gold ($mux): \u_mmio.r_request_id_gold -> \u_mmio.r_request_id
Changing input A of cell $flatten\u_fsm.$procmux$143_gold ($mux): \u_fsm.fault_summary_r_gold [15:5] -> \u_fsm.fault_summary_r [15:5]
Changing input A of cell $flatten\u_fsm.$procmux$224_gold ($mux): { \u_fsm.fault_summary_r_gold [15:4] $flatten\u_fsm.$3\next_fault_summary[3:3]_gold $flatten\u_fsm.$4\next_fault_summary[2:2]_gold \u_fsm.fault_summary_r_gold [1] $flatten\u_fsm.$1\next_fault_summary[0:0]_gold } -> { \u_fsm.fault_summary_r [15:4] $flatten\u_fsm.$3\next_fault_summary[3:3]_gold $flatten\u_fsm.$4\next_fault_summary[2:2]_gold \u_fsm.fault_summary_r [1] $flatten\u_fsm.$1\next_fault_summary[0:0]_gold }
Changing input A of cell $flatten\u_fsm.$procmux$263_gold ($mux): \u_fsm.response_req_id_r_gold -> \u_fsm.response_req_id_r
Changing input A of cell $flatten\u_fsm.$procmux$266_gold ($mux): \u_fsm.fault_summary_r_gold [2] -> \u_fsm.fault_summary_r [2]
Changing input S of cell $flatten\u_fsm.$procmux$266_gold ($mux): \u_fsm.envelope_bad_gold -> \u_fsm.envelope_bad
Changing input S of cell $flatten\u_fsm.$procmux$269_gold ($mux): \u_fsm.envelope_bad_gold -> \u_fsm.envelope_bad
Changing input S of cell $flatten\u_fsm.$procmux$272_gold ($mux): \u_fsm.envelope_bad_gold -> \u_fsm.envelope_bad
Changing input S of cell $flatten\u_fsm.$procmux$275_gold ($mux): \u_fsm.envelope_bad_gold -> \u_fsm.envelope_bad
Changing input S of cell $flatten\u_fsm.$procmux$278_gold ($mux): \u_fsm.envelope_bad_gold -> \u_fsm.envelope_bad
Changing input S of cell $flatten\u_fsm.$procmux$281_gold ($mux): \u_fsm.envelope_bad_gold -> \u_fsm.envelope_bad
Changing input A of cell $flatten\u_fsm.$procmux$284_gold ($mux): \u_fsm.fault_summary_r_gold [3] -> \u_fsm.fault_summary_r [3]
Changing input S of cell $flatten\u_fsm.$procmux$284_gold ($mux): \u_mmio.r_force_safe_mode_gold -> \u_mmio.r_force_safe_mode
Changing input S of cell $flatten\u_fsm.$procmux$287_gold ($mux): \u_mmio.r_force_safe_mode_gold -> \u_mmio.r_force_safe_mode
Changing input S of cell $flatten\u_fsm.$procmux$290_gold ($mux): \u_mmio.r_force_safe_mode_gold -> \u_mmio.r_force_safe_mode
Changing input A of cell $flatten\u_fsm.$procmux$293_gold ($mux): \u_fsm.timeout_bad_gold -> \u_fsm.timeout_bad
Changing input S of cell $flatten\u_fsm.$procmux$293_gold ($mux): \u_mmio.r_force_safe_mode_gold -> \u_mmio.r_force_safe_mode
Changing input S of cell $flatten\u_fsm.$procmux$296_gold ($mux): \u_mmio.r_force_safe_mode_gold -> \u_mmio.r_force_safe_mode
Changing input A of cell $flatten\u_fsm.$procmux$300_gold ($mux): \u_fsm.fault_summary_r_gold [0] -> \u_fsm.fault_summary_r [0]
Changing input A of cell $flatten\u_fsm.$procmux$306_gold ($mux): \u_fsm.pending_r_gold -> \u_fsm.pending_r
Changing input A of cell $flatten\u_fsm.$procmux$312_gold ($mux): \u_fsm.state_r_gold -> \u_fsm.state_r
Changing input A of cell $flatten\u_fsm.$procmux$324_gold ($mux): \u_fsm.fallback_active_r_gold -> \u_fsm.fallback_active_r
Changing input A of cell $flatten\u_fsm.$procmux$330_gold ($mux): \u_fsm.timeout_expired_r_gold -> \u_fsm.timeout_expired_r
Changing input A of cell $flatten\u_fsm.$procmux$344_gold ($mux): \u_fsm.fault_summary_r_gold [0] -> \u_fsm.fault_summary_r [0]
Changing input A of cell $flatten\u_fsm.$procmux$350_gold ($mux): \u_fsm.fallback_active_r_gold -> \u_fsm.fallback_active_r
Changing input A of cell $flatten\u_fsm.$procmux$353_gold ($mux): \u_fsm.timeout_expired_r_gold -> \u_fsm.timeout_expired_r
Changing input A of cell $flatten\u_fsm.$procmux$356_gold ($mux): \u_fsm.pending_r_gold -> \u_fsm.pending_r
Changing input A of cell $flatten\u_fsm.$procmux$359_gold ($mux): \u_fsm.state_r_gold -> \u_fsm.state_r
Changing input A of cell $flatten\u_fsm.$procmux$362_gold ($mux): \u_fsm.age_counter_r_gold -> \u_fsm.age_counter_r
Changing input A of cell $flatten\u_mmio.$and$C:\Users\satheesh\chiploop-saas\.tmp_workflow_a51ebfb7\fpga\handoff\rtl\adaptive_aero_control_top_mmio.v:120$43_gold ($and): \u_mmio.access_gold -> \u_mmio.access
Changing input A of cell $flatten\u_mmio.$and$C:\Users\satheesh\chiploop-saas\.tmp_workflow_a51ebfb7\fpga\handoff\rtl\adaptive_aero_control_top_mmio.v:180$85_gold ($and): \u_mmio.access_gold -> \u_mmio.access
Changing input B of cell $flatten\u_mmio.$and$C:\Users\satheesh\chiploop-saas\.tmp_workflow_a51ebfb7\fpga\handoff\rtl\adaptive_aero_control_top_mmio.v:180$85_gold ($and): \u_mmio.illegal_addr_gold -> \u_mmio.illegal_addr
Changing input D of cell $flatten\u_mmio.$procdff$745_gold ($sdff): \u_mmio.access_gold -> \u_mmio.access
Changing input B of cell $flatten\u_mmio.$procmux$365_gold ($pmux): { 92'00000000000000010000000000000000000000000000000000000000000111110000000000000000000000000000 \u_mmio.r_rate_limit_en_gold \u_mmio.r_allow_multi_outstanding_gold \u_mmio.r_force_safe_mode_gold \u_mmio.r_request_issue_gold 16'0000000000000000 \u_mmio.r_oper_en_min_gold 16'0000000000000000 \u_mmio.r_oper_en_max_gold \u_mmio.r_timeout_cycles_gold 16'0000000000000000 \u_mmio.r_clamp_min_gold 16'0000000000000000 \u_mmio.r_clamp_max_gold 16'0000000000000000 \u_mmio.r_rate_limit_step_gold 16'0000000000000000 \u_mmio.r_fallback_cmd_gold 8'00000000 \u_mmio.r_request_id_gold \u_mmio.r_geometry_handle_gold \u_mmio.r_status_flags_gold 4'0000 \u_mmio.r_command_mode_gold \u_mmio.r_flow_handle_gold \u_mmio.r_timestamp_gold 16'0000000000000000 \u_fsm.service_error_r_gold \u_fsm.envelope_violation_r_gold \u_fsm.fallback_active_r_gold \u_safety.reg_clamp_active_r_gold \u_fsm.timeout_expired_r_gold \u_fsm.stale_reject_r_gold \u_fsm.response_received_r_gold \u_fsm.pending_r_gold \u_fsm.state_r_gold 24'000000000000000000000000 \u_fsm.outstanding_req_id_r_gold 24'000000000000000000000000 \u_fsm.response_req_id_r_gold 16'0000000000000000 \u_safety.last_accepted_cmd_r_gold 16'0000000000000000 \u_fsm.fault_summary_r_gold 31'0000000000000000000000000000000 \u_fsm.irq_pulse_r_gold } -> { 92'00000000000000010000000000000000000000000000000000000000000111110000000000000000000000000000 \u_mmio.r_rate_limit_en \u_mmio.r_allow_multi_outstanding \u_mmio.r_force_safe_mode \u_mmio.r_request_issue 16'0000000000000000 \u_mmio.r_oper_en_min 16'0000000000000000 \u_mmio.r_oper_en_max \u_mmio.r_timeout_cycles 16'0000000000000000 \u_mmio.r_clamp_min 16'0000000000000000 \u_mmio.r_clamp_max 16'0000000000000000 \u_mmio.r_rate_limit_step 16'0000000000000000 \u_mmio.r_fallback_cmd 8'00000000 \u_mmio.r_request_id \u_mmio.r_geometry_handle \u_mmio.r_status_flags 4'0000 \u_mmio.r_command_mode \u_mmio.r_flow_handle \u_mmio.r_timestamp 16'0000000000000000 \u_fsm.service_error_r \u_fsm.envelope_violation_r \u_fsm.fallback_active_r \u_safety.reg_clamp_active_r \u_fsm.timeout_expired_r \u_fsm.stale_reject_r \u_fsm.response_received_r \u_fsm.pending_r \u_fsm.state_r 24'000000000000000000000000 \u_fsm.outstanding_req_id_r 24'000000000000000000000000 \u_fsm.response_req_id_r 16'0000000000000000 \u_safety.last_accepted_cmd_r 16'0000000000000000 \u_fsm.fault_summary_r 31'0000000000000000000000000000000 \u_fsm.irq_pulse_r }
Changing input A of cell $flatten\u_mmio.$procmux$386_gold ($mux): \u_mmio.r_status_flags_gold -> \u_mmio.r_status_flags
Changing input A of cell $flatten\u_mmio.$procmux$388_gold ($mux): \u_mmio.r_status_flags_gold -> \u_mmio.r_status_flags
Changing input S of cell $flatten\u_mmio.$procmux$388_gold ($mux): \u_mmio.write_access_gold -> \u_mmio.write_access
Changing input A of cell $flatten\u_mmio.$procmux$391_gold ($mux): \u_mmio.r_command_mode_gold -> \u_mmio.r_command_mode
Changing input A of cell $flatten\u_mmio.$procmux$393_gold ($mux): \u_mmio.r_command_mode_gold -> \u_mmio.r_command_mode
Changing input S of cell $flatten\u_mmio.$procmux$393_gold ($mux): \u_mmio.write_access_gold -> \u_mmio.write_access
Changing input A of cell $flatten\u_mmio.$procmux$395_gold ($mux): \u_mmio.r_timestamp_gold -> \u_mmio.r_timestamp
Changing input A of cell $flatten\u_mmio.$procmux$397_gold ($mux): \u_mmio.r_timestamp_gold -> \u_mmio.r_timestamp
Changing input S of cell $flatten\u_mmio.$procmux$397_gold ($mux): \u_mmio.write_access_gold -> \u_mmio.write_access
Changing input A of cell $flatten\u_mmio.$procmux$400_gold ($mux): \u_mmio.r_flow_handle_gold -> \u_mmio.r_flow_handle
Changing input A of cell $flatten\u_mmio.$procmux$402_gold ($mux): \u_mmio.r_flow_handle_gold -> \u_mmio.r_flow_handle
Changing input S of cell $flatten\u_mmio.$procmux$402_gold ($mux): \u_mmio.write_access_gold -> \u_mmio.write_access
Changing input A of cell $flatten\u_mmio.$procmux$406_gold ($mux): \u_mmio.r_geometry_handle_gold -> \u_mmio.r_geometry_handle
Changing input A of cell $flatten\u_mmio.$procmux$408_gold ($mux): \u_mmio.r_geometry_handle_gold -> \u_mmio.r_geometry_handle
Changing input S of cell $flatten\u_mmio.$procmux$408_gold ($mux): \u_mmio.write_access_gold -> \u_mmio.write_access
Changing input A of cell $flatten\u_mmio.$procmux$412_gold ($mux): \u_mmio.r_request_id_gold -> \u_mmio.r_request_id
Changing input A of cell $flatten\u_mmio.$procmux$414_gold ($mux): \u_mmio.r_request_id_gold -> \u_mmio.r_request_id
Changing input S of cell $flatten\u_mmio.$procmux$414_gold ($mux): \u_mmio.write_access_gold -> \u_mmio.write_access
Changing input A of cell $flatten\u_mmio.$procmux$418_gold ($mux): \u_mmio.r_request_issue_gold -> \u_mmio.r_request_issue
Changing input A of cell $flatten\u_mmio.$procmux$421_gold ($mux): \u_mmio.r_request_issue_gold -> \u_mmio.r_request_issue
Changing input S of cell $flatten\u_mmio.$procmux$421_gold ($mux): \u_mmio.write_access_gold -> \u_mmio.write_access
Changing input A of cell $flatten\u_mmio.$procmux$433_gold ($mux): \u_mmio.r_allow_multi_outstanding_gold -> \u_mmio.r_allow_multi_outstanding
Changing input A of cell $flatten\u_mmio.$procmux$435_gold ($mux): \u_mmio.r_allow_multi_outstanding_gold -> \u_mmio.r_allow_multi_outstanding
Changing input S of cell $flatten\u_mmio.$procmux$435_gold ($mux): \u_mmio.write_access_gold -> \u_mmio.write_access
Changing input A of cell $flatten\u_mmio.$procmux$447_gold ($mux): \u_mmio.r_force_safe_mode_gold -> \u_mmio.r_force_safe_mode
Changing input A of cell $flatten\u_mmio.$procmux$449_gold ($mux): \u_mmio.r_force_safe_mode_gold -> \u_mmio.r_force_safe_mode
Changing input S of cell $flatten\u_mmio.$procmux$449_gold ($mux): \u_mmio.write_access_gold -> \u_mmio.write_access
Changing input A of cell $flatten\u_mmio.$procmux$454_gold ($mux): \u_mmio.r_fallback_cmd_gold -> \u_mmio.r_fallback_cmd
Changing input A of cell $flatten\u_mmio.$procmux$456_gold ($mux): \u_mmio.r_fallback_cmd_gold -> \u_mmio.r_fallback_cmd
Changing input S of cell $flatten\u_mmio.$procmux$456_gold ($mux): \u_mmio.write_access_gold -> \u_mmio.write_access
Changing input A of cell $flatten\u_mmio.$procmux$462_gold ($mux): \u_mmio.r_rate_limit_step_gold -> \u_mmio.r_rate_limit_step
Changing input A of cell $flatten\u_mmio.$procmux$464_gold ($mux): \u_mmio.r_rate_limit_step_gold -> \u_mmio.r_rate_limit_step
Changing input S of cell $flatten\u_mmio.$procmux$464_gold ($mux): \u_mmio.write_access_gold -> \u_mmio.write_access
Changing input A of cell $flatten\u_mmio.$procmux$476_gold ($mux): \u_mmio.r_rate_limit_en_gold -> \u_mmio.r_rate_limit_en
Changing input A of cell $flatten\u_mmio.$procmux$478_gold ($mux): \u_mmio.r_rate_limit_en_gold -> \u_mmio.r_rate_limit_en
Changing input S of cell $flatten\u_mmio.$procmux$478_gold ($mux): \u_mmio.write_access_gold -> \u_mmio.write_access
Changing input A of cell $flatten\u_mmio.$procmux$485_gold ($mux): \u_mmio.r_clamp_max_gold -> \u_mmio.r_clamp_max
Changing input A of cell $flatten\u_mmio.$procmux$487_gold ($mux): \u_mmio.r_clamp_max_gold -> \u_mmio.r_clamp_max
Changing input S of cell $flatten\u_mmio.$procmux$487_gold ($mux): \u_mmio.write_access_gold -> \u_mmio.write_access
Changing input A of cell $flatten\u_mmio.$procmux$495_gold ($mux): \u_mmio.r_clamp_min_gold -> \u_mmio.r_clamp_min
Changing input A of cell $flatten\u_mmio.$procmux$497_gold ($mux): \u_mmio.r_clamp_min_gold -> \u_mmio.r_clamp_min
Changing input S of cell $flatten\u_mmio.$procmux$497_gold ($mux): \u_mmio.write_access_gold -> \u_mmio.write_access
Changing input A of cell $flatten\u_mmio.$procmux$506_gold ($mux): \u_mmio.r_timeout_cycles_gold -> \u_mmio.r_timeout_cycles
Changing input A of cell $flatten\u_mmio.$procmux$508_gold ($mux): \u_mmio.r_timeout_cycles_gold -> \u_mmio.r_timeout_cycles
Changing input S of cell $flatten\u_mmio.$procmux$508_gold ($mux): \u_mmio.write_access_gold -> \u_mmio.write_access
Changing input A of cell $flatten\u_mmio.$procmux$518_gold ($mux): \u_mmio.r_oper_en_max_gold -> \u_mmio.r_oper_en_max
Changing input A of cell $flatten\u_mmio.$procmux$520_gold ($mux): \u_mmio.r_oper_en_max_gold -> \u_mmio.r_oper_en_max
Changing input S of cell $flatten\u_mmio.$procmux$520_gold ($mux): \u_mmio.write_access_gold -> \u_mmio.write_access
Changing input A of cell $flatten\u_mmio.$procmux$531_gold ($mux): \u_mmio.r_oper_en_min_gold -> \u_mmio.r_oper_en_min
Changing input A of cell $flatten\u_mmio.$procmux$533_gold ($mux): \u_mmio.r_oper_en_min_gold -> \u_mmio.r_oper_en_min
Changing input S of cell $flatten\u_mmio.$procmux$533_gold ($mux): \u_mmio.write_access_gold -> \u_mmio.write_access
Changing input A of cell $flatten\u_safety.$logic_or$C:\Users\satheesh\chiploop-saas\.tmp_workflow_a51ebfb7\fpga\handoff\rtl\adaptive_aero_control_top_actuator_safety.v:102$32_gold ($logic_or): \u_fsm.fallback_active_r_gold -> \u_fsm.fallback_active_r
Changing input B of cell $flatten\u_safety.$logic_or$C:\Users\satheesh\chiploop-saas\.tmp_workflow_a51ebfb7\fpga\handoff\rtl\adaptive_aero_control_top_actuator_safety.v:102$32_gold ($logic_or): \u_fsm.envelope_violation_r_gold -> \u_fsm.envelope_violation_r
Changing input B of cell $flatten\u_safety.$logic_or$C:\Users\satheesh\chiploop-saas\.tmp_workflow_a51ebfb7\fpga\handoff\rtl\adaptive_aero_control_top_actuator_safety.v:102$33_gold ($logic_or): \u_fsm.timeout_expired_r_gold -> \u_fsm.timeout_expired_r
Changing input B of cell $flatten\u_safety.$logic_or$C:\Users\satheesh\chiploop-saas\.tmp_workflow_a51ebfb7\fpga\handoff\rtl\adaptive_aero_control_top_actuator_safety.v:102$34_gold ($logic_or): \u_fsm.stale_reject_r_gold -> \u_fsm.stale_reject_r
Changing input B of cell $flatten\u_safety.$logic_or$C:\Users\satheesh\chiploop-saas\.tmp_workflow_a51ebfb7\fpga\handoff\rtl\adaptive_aero_control_top_actuator_safety.v:102$35_gold ($logic_or): \u_fsm.service_error_r_gold -> \u_fsm.service_error_r
Changing input A of cell $flatten\u_safety.$ne$C:\Users\satheesh\chiploop-saas\.tmp_workflow_a51ebfb7\fpga\handoff\rtl\adaptive_aero_control_top_actuator_safety.v:99$31_gold ($ne): \u_mmio.r_fallback_cmd_gold -> \u_mmio.r_fallback_cmd
Changing input B of cell $flatten\u_safety.$ne$C:\Users\satheesh\chiploop-saas\.tmp_workflow_a51ebfb7\fpga\handoff\rtl\adaptive_aero_control_top_actuator_safety.v:99$31_gold ($ne): \u_safety.last_accepted_cmd_r_gold -> \u_safety.last_accepted_cmd_r
Changing input D of cell $flatten\u_safety.$procdff$760_gold ($sdff): \u_mmio.r_fallback_cmd_gold -> \u_mmio.r_fallback_cmd
Changing input A of cell $flatten\u_safety.$procmux$557_gold ($mux): \u_safety.last_accepted_cmd_r_gold -> \u_safety.last_accepted_cmd_r
Changing input B of cell $flatten\u_safety.$procmux$557_gold ($mux): \u_mmio.r_fallback_cmd_gold -> \u_mmio.r_fallback_cmd
Presumably equivalent cells: u_fsm_gold u_fsm_gate ($scopeinfo) -> u_fsm
Presumably equivalent cells: u_mmio_gold u_mmio_gate ($scopeinfo) -> u_mmio
Presumably equivalent cells: u_safety_gold u_safety_gate ($scopeinfo) -> u_safety

16. Executing HIERARCHY pass (managing design hierarchy).

16.1. Analyzing design hierarchy..
Top module:  \equiv

16.2. Analyzing design hierarchy..
Top module:  \equiv
Removing unused module `\gate'.
Removing unused module `\gold'.
Removed 2 unused modules.

17. Executing EQUIV_STRUCT pass.
Running equiv_struct on module equiv:
  Starting iteration 1.
    Fwd merging 2 $equiv cells (from group of 3) using strategy deduplicate:
      Merging cells $auto$equiv_make.cc:294:find_same_wires$3319 and $auto$equiv_make.cc:294:find_same_wires$3318.
    Fwd merging 2 $equiv cells (from group of 3) using strategy deduplicate:
      Merging cells $auto$equiv_make.cc:294:find_same_wires$3317 and $auto$equiv_make.cc:294:find_same_wires$3301.
    Fwd merging 2 $equiv cells (from group of 3) using strategy deduplicate:
      Merging cells $auto$equiv_make.cc:294:find_same_wires$3316 and $auto$equiv_make.cc:294:find_same_wires$3300.
    Fwd merging 2 $equiv cells (from group of 3) using strategy deduplicate:
      Merging cells $auto$equiv_make.cc:294:find_same_wires$3315 and $auto$equiv_make.cc:294:find_same_wires$3299.
    Fwd merging 2 $equiv cells (from group of 3) using strategy deduplicate:
      Merging cells $auto$equiv_make.cc:294:find_same_wires$3314 and $auto$equiv_make.cc:294:find_same_wires$3298.
    Fwd merging 2 $equiv cells (from group of 3) using strategy deduplicate:
      Merging cells $auto$equiv_make.cc:294:find_same_wires$3313 and $auto$equiv_make.cc:294:find_same_wires$3297.
    Fwd merging 2 $equiv cells (from group of 3) using strategy deduplicate:
      Merging cells $auto$equiv_make.cc:294:find_same_wires$3312 and $auto$equiv_make.cc:294:find_same_wires$3296.
    Fwd merging 2 $equiv cells (from group of 3) using strategy deduplicate:
      Merging cells $auto$equiv_make.cc:294:find_same_wires$3311 and $auto$equiv_make.cc:294:find_same_wires$3295.
    Fwd merging 2 $equiv cells (from group of 3) using strategy deduplicate:
      Merging cells $auto$equiv_make.cc:294:find_same_wires$3310 and $auto$equiv_make.cc:294:find_same_wires$3294.
    Fwd merging 2 $equiv cells (from group of 3) using strategy deduplicate:
      Merging cells $auto$equiv_make.cc:294:find_same_wires$3309 and $auto$equiv_make.cc:294:find_same_wires$3293.
    Fwd merging 2 $equiv cells (from group of 3) using strategy deduplicate:
      Merging cells $auto$equiv_make.cc:294:find_same_wires$3308 and $auto$equiv_make.cc:294:find_same_wires$3292.
    Fwd merging 2 $equiv cells (from group of 3) using strategy deduplicate:
      Merging cells $auto$equiv_make.cc:294:find_same_wires$3307 and $auto$equiv_make.cc:294:find_same_wires$3291.
    Fwd merging 2 $equiv cells (from group of 3) using strategy deduplicate:
      Merging cells $auto$equiv_make.cc:294:find_same_wires$3306 and $auto$equiv_make.cc:294:find_same_wires$3290.
    Fwd merging 2 $equiv cells (from group of 3) using strategy deduplicate:
      Merging cells $auto$equiv_make.cc:294:find_same_wires$3305 and $auto$equiv_make.cc:294:find_same_wires$3289.
    Fwd merging 2 $equiv cells (from group of 3) using strategy deduplicate:
      Merging cells $auto$equiv_make.cc:294:find_same_wires$3304 and $auto$equiv_make.cc:294:find_same_wires$3288.
    Fwd merging 2 $equiv cells (from group of 3) using strategy deduplicate:
      Merging cells $auto$equiv_make.cc:294:find_same_wires$3303 and $auto$equiv_make.cc:294:find_same_wires$3287.
    Fwd merging 2 $equiv cells (from group of 3) using strategy deduplicate:
      Merging cells $auto$equiv_make.cc:294:find_same_wires$3302 and $auto$equiv_make.cc:294:find_same_wires$3286.
    Fwd merging 2 $equiv cells (from group of 3) using strategy deduplicate:
      Merging cells $auto$equiv_make.cc:294:find_same_wires$3282 and $auto$equiv_make.cc:294:find_same_wires$3281.
    Fwd merging 2 $equiv cells (from group of 3) using strategy deduplicate:
      Merging cells $auto$equiv_make.cc:257:find_same_wires$3521 and $auto$equiv_make.cc:294:find_same_wires$3277.
    Fwd merging 2 $equiv cells (from group of 3) using strategy deduplicate:
      Merging cells $auto$equiv_make.cc:257:find_same_wires$3520 and $auto$equiv_make.cc:294:find_same_wires$3276.
    Fwd merging 2 $equiv cells (from group of 3) using strategy deduplicate:
      Merging cells $auto$equiv_make.cc:257:find_same_wires$3519 and $auto$equiv_make.cc:294:find_same_wires$3275.
    Fwd merging 2 $equiv cells (from group of 3) using strategy deduplicate:
      Merging cells $auto$equiv_make.cc:257:find_same_wires$3518 and $auto$equiv_make.cc:294:find_same_wires$3274.
    Fwd merging 2 $equiv cells (from group of 3) using strategy deduplicate:
      Merging cells $auto$equiv_make.cc:257:find_same_wires$3517 and $auto$equiv_make.cc:294:find_same_wires$3273.
    Fwd merging 2 $equiv cells (from group of 3) using strategy deduplicate:
      Merging cells $auto$equiv_make.cc:257:find_same_wires$3516 and $auto$equiv_make.cc:294:find_same_wires$3272.
    Fwd merging 2 $equiv cells (from group of 3) using strategy deduplicate:
      Merging cells $auto$equiv_make.cc:257:find_same_wires$3515 and $auto$equiv_make.cc:294:find_same_wires$3271.
    Fwd merging 2 $equiv cells (from group of 3) using strategy deduplicate:
      Merging cells $auto$equiv_make.cc:257:find_same_wires$3514 and $auto$equiv_make.cc:294:find_same_wires$3270.
    Fwd merging 2 $equiv cells (from group of 3) using strategy deduplicate:
      Merging cells $auto$equiv_make.cc:257:find_same_wires$3513 and $auto$equiv_make.cc:294:find_same_wires$3269.
    Fwd merging 2 $equiv cells (from group of 3) using strategy deduplicate:
      Merging cells $auto$equiv_make.cc:257:find_same_wires$3512 and $auto$equiv_make.cc:294:find_same_wires$3268.
    Fwd merging 2 $equiv cells (from group of 3) using strategy deduplicate:
      Merging cells $auto$equiv_make.cc:257:find_same_wires$3511 and $auto$equiv_make.cc:294:find_same_wires$3267.
    Fwd merging 2 $equiv cells (from group of 3) using strategy deduplicate:
      Merging cells $auto$equiv_make.cc:257:find_same_wires$3510 and $auto$equiv_make.cc:294:find_same_wires$3266.
    Fwd merging 2 $equiv cells (from group of 3) using strategy deduplicate:
      Merging cells $auto$equiv_make.cc:257:find_same_wires$3509 and $auto$equiv_make.cc:294:find_same_wires$3265.
    Fwd merging 2 $equiv cells (from group of 3) using strategy deduplicate:
      Merging cells $auto$equiv_make.cc:257:find_same_wires$3508 and $auto$equiv_make.cc:294:find_same_wires$3264.
    Fwd merging 2 $equiv cells (from group of 3) using strategy deduplicate:
      Merging cells $auto$equiv_make.cc:257:find_same_wires$3507 and $auto$equiv_make.cc:294:find_same_wires$3263.
    Fwd merging 2 $equiv cells (from group of 3) using strategy deduplicate:
      Merging cells $auto$equiv_make.cc:257:find_same_wires$3506 and $auto$equiv_make.cc:294:find_same_wires$3262.
    Fwd merging 2 $equiv cells (from group of 3) using strategy deduplicate:
      Merging cells $auto$equiv_make.cc:257:find_same_wires$3505 and $auto$equiv_make.cc:294:find_same_wires$3261.
    Fwd merging 2 $equiv cells (from group of 3) using strategy deduplicate:
      Merging cells $auto$equiv_make.cc:257:find_same_wires$3504 and $auto$equiv_make.cc:294:find_same_wires$3260.
    Fwd merging 2 $equiv cells (from group of 3) using strategy deduplicate:
      Merging cells $auto$equiv_make.cc:257:find_same_wires$3503 and $auto$equiv_make.cc:294:find_same_wires$3259.
    Fwd merging 2 $equiv cells (from group of 3) using strategy deduplicate:
      Merging cells $auto$equiv_make.cc:257:find_same_wires$3502 and $auto$equiv_make.cc:294:find_same_wires$3258.
    Fwd merging 2 $equiv cells (from group of 3) using strategy deduplicate:
      Merging cells $auto$equiv_make.cc:257:find_same_wires$3501 and $auto$equiv_make.cc:294:find_same_wires$3257.
    Fwd merging 2 $equiv cells (from group of 3) using strategy deduplicate:
      Merging cells $auto$equiv_make.cc:257:find_same_wires$3500 and $auto$equiv_make.cc:294:find_same_wires$3256.
    Fwd merging 2 $equiv cells (from group of 3) using strategy deduplicate:
      Merging cells $auto$equiv_make.cc:257:find_same_wires$3499 and $auto$equiv_make.cc:294:find_same_wires$3255.
    Fwd merging 2 $equiv cells (from group of 3) using strategy deduplicate:
      Merging cells $auto$equiv_make.cc:257:find_same_wires$3498 and $auto$equiv_make.cc:294:find_same_wires$3254.
    Fwd merging 2 $equiv cells (from group of 3) using strategy deduplicate:
      Merging cells $auto$equiv_make.cc:257:find_same_wires$3497 and $auto$equiv_make.cc:294:find_same_wires$3253.
    Fwd merging 2 $equiv cells (from group of 3) using strategy deduplicate:
      Merging cells $auto$equiv_make.cc:257:find_same_wires$3496 and $auto$equiv_make.cc:294:find_same_wires$3252.
    Fwd merging 2 $equiv cells (from group of 3) using strategy deduplicate:
      Merging cells $auto$equiv_make.cc:257:find_same_wires$3495 and $auto$equiv_make.cc:294:find_same_wires$3251.
    Fwd merging 2 $equiv cells (from group of 3) using strategy deduplicate:
      Merging cells $auto$equiv_make.cc:257:find_same_wires$3494 and $auto$equiv_make.cc:294:find_same_wires$3250.
    Fwd merging 2 $equiv cells (from group of 3) using strategy deduplicate:
      Merging cells $auto$equiv_make.cc:257:find_same_wires$3493 and $auto$equiv_make.cc:294:find_same_wires$3249.
    Fwd merging 2 $equiv cells (from group of 3) using strategy deduplicate:
      Merging cells $auto$equiv_make.cc:294:find_same_wires$3280 and $auto$equiv_make.cc:294:find_same_wires$3248.
    Fwd merging 2 $equiv cells (from group of 3) using strategy deduplicate:
      Merging cells $auto$equiv_make.cc:294:find_same_wires$3279 and $auto$equiv_make.cc:294:find_same_wires$3247.
    Fwd merging 2 $equiv cells (from group of 3) using strategy deduplicate:
      Merging cells $auto$equiv_make.cc:294:find_same_wires$3278 and $auto$equiv_make.cc:294:find_same_wires$3246.
    Fwd merging 2 $equiv cells (from group of 2) using strategy deduplicate:
      Merging cells $auto$equiv_make.cc:294:find_same_wires$3159 and $auto$equiv_make.cc:294:find_same_wires$2585.
    Fwd merging 2 $equiv cells (from group of 2) using strategy deduplicate:
      Merging cells $auto$equiv_make.cc:294:find_same_wires$3158 and $auto$equiv_make.cc:294:find_same_wires$2584.
    Fwd merging 2 $equiv cells (from group of 2) using strategy deduplicate:
      Merging cells $auto$equiv_make.cc:294:find_same_wires$3157 and $auto$equiv_make.cc:294:find_same_wires$2583.
    Fwd merging 2 $equiv cells (from group of 2) using strategy deduplicate:
      Merging cells $auto$equiv_make.cc:294:find_same_wires$3156 and $auto$equiv_make.cc:294:find_same_wires$2582.
    Fwd merging 2 $equiv cells (from group of 2) using strategy deduplicate:
      Merging cells $auto$equiv_make.cc:294:find_same_wires$3155 and $auto$equiv_make.cc:294:find_same_wires$2581.
    Fwd merging 2 $equiv cells (from group of 2) using strategy deduplicate:
      Merging cells $auto$equiv_make.cc:294:find_same_wires$3154 and $auto$equiv_make.cc:294:find_same_wires$2580.
    Fwd merging 2 $equiv cells (from group of 2) using strategy deduplicate:
      Merging cells $auto$equiv_make.cc:294:find_same_wires$3153 and $auto$equiv_make.cc:294:find_same_wires$2579.
    Fwd merging 2 $equiv cells (from group of 2) using strategy deduplicate:
      Merging cells $auto$equiv_make.cc:294:find_same_wires$3152 and $auto$equiv_make.cc:294:find_same_wires$2578.
    Fwd merging 2 $equiv cells (from group of 3) using strategy deduplicate:
      Merging cells $auto$equiv_make.cc:257:find_same_wires$3492 and $auto$equiv_make.cc:294:find_same_wires$3151.
    Fwd merging 2 $equiv cells (from group of 3) using strategy deduplicate:
      Merging cells $auto$equiv_make.cc:294:find_same_wires$3474 and $auto$equiv_make.cc:294:find_same_wires$3149.
    Fwd merging 4 $equiv cells (from group of 4) using strategy deduplicate:
      Merging cells $auto$equiv_make.cc:294:find_same_wires$3451 and $auto$equiv_make.cc:294:find_same_wires$3450.
      Merging cells $auto$equiv_make.cc:294:find_same_wires$3052 and $auto$equiv_make.cc:294:find_same_wires$1855.
    Fwd merging 2 $equiv cells (from group of 3) using strategy deduplicate:
      Merging cells $auto$equiv_make.cc:294:find_same_wires$3417 and $auto$equiv_make.cc:294:find_same_wires$2802.
    Fwd merging 4 $equiv cells (from group of 4) using strategy deduplicate:
      Merging cells $auto$equiv_make.cc:294:find_same_wires$3384 and $auto$equiv_make.cc:294:find_same_wires$2938.
      Merging cells $auto$equiv_make.cc:294:find_same_wires$2720 and $auto$equiv_make.cc:294:find_same_wires$1657.
    Fwd merging 4 $equiv cells (from group of 4) using strategy deduplicate:
      Merging cells $auto$equiv_make.cc:294:find_same_wires$3383 and $auto$equiv_make.cc:294:find_same_wires$2937.
      Merging cells $auto$equiv_make.cc:294:find_same_wires$2719 and $auto$equiv_make.cc:294:find_same_wires$1656.
    Fwd merging 4 $equiv cells (from group of 4) using strategy deduplicate:
      Merging cells $auto$equiv_make.cc:294:find_same_wires$3382 and $auto$equiv_make.cc:294:find_same_wires$2936.
      Merging cells $auto$equiv_make.cc:294:find_same_wires$2718 and $auto$equiv_make.cc:294:find_same_wires$1655.
    Fwd merging 4 $equiv cells (from group of 4) using strategy deduplicate:
      Merging cells $auto$equiv_make.cc:294:find_same_wires$3381 and $auto$equiv_make.cc:294:find_same_wires$2935.
      Merging cells $auto$equiv_make.cc:294:find_same_wires$2717 and $auto$equiv_make.cc:294:find_same_wires$1654.
    Fwd merging 4 $equiv cells (from group of 4) using strategy deduplicate:
      Merging cells $auto$equiv_make.cc:294:find_same_wires$3380 and $auto$equiv_make.cc:294:find_same_wires$2934.
      Merging cells $auto$equiv_make.cc:294:find_same_wires$2716 and $auto$equiv_make.cc:294:find_same_wires$1653.
    Fwd merging 4 $equiv cells (from group of 4) using strategy deduplicate:
      Merging cells $auto$equiv_make.cc:294:find_same_wires$3379 and $auto$equiv_make.cc:294:find_same_wires$2933.
      Merging cells $auto$equiv_make.cc:294:find_same_wires$2715 and $auto$equiv_make.cc:294:find_same_wires$1652.
    Fwd merging 4 $equiv cells (from group of 4) using strategy deduplicate:
      Merging cells $auto$equiv_make.cc:294:find_same_wires$3378 and $auto$equiv_make.cc:294:find_same_wires$2932.
      Merging cells $auto$equiv_make.cc:294:find_same_wires$2714 and $auto$equiv_make.cc:294:find_same_wires$1651.
    Fwd merging 4 $equiv cells (from group of 4) using strategy deduplicate:
      Merging cells $auto$equiv_make.cc:294:find_same_wires$3377 and $auto$equiv_make.cc:294:find_same_wires$2931.
      Merging cells $auto$equiv_make.cc:294:find_same_wires$2713 and $auto$equiv_make.cc:294:find_same_wires$1650.
    Fwd merging 4 $equiv cells (from group of 4) using strategy deduplicate:
      Merging cells $auto$equiv_make.cc:294:find_same_wires$3376 and $auto$equiv_make.cc:294:find_same_wires$2930.
      Merging cells $auto$equiv_make.cc:294:find_same_wires$2712 and $auto$equiv_make.cc:294:find_same_wires$1649.
    Fwd merging 4 $equiv cells (from group of 4) using strategy deduplicate:
      Merging cells $auto$equiv_make.cc:294:find_same_wires$3375 and $auto$equiv_make.cc:294:find_same_wires$2929.
      Merging cells $auto$equiv_make.cc:294:find_same_wires$2711 and $auto$equiv_make.cc:294:find_same_wires$1648.
    Fwd merging 4 $equiv cells (from group of 4) using strategy deduplicate:
      Merging cells $auto$equiv_make.cc:294:find_same_wires$3374 and $auto$equiv_make.cc:294:find_same_wires$2928.
      Merging cells $auto$equiv_make.cc:294:find_same_wires$2710 and $auto$equiv_make.cc:294:find_same_wires$1647.
    Fwd merging 4 $equiv cells (from group of 4) using strategy deduplicate:
      Merging cells $auto$equiv_make.cc:294:find_same_wires$3373 and $auto$equiv_make.cc:294:find_same_wires$2927.
      Merging cells $auto$equiv_make.cc:294:find_same_wires$2709 and $auto$equiv_make.cc:294:find_same_wires$1646.
    Fwd merging 4 $equiv cells (from group of 4) using strategy deduplicate:
      Merging cells $auto$equiv_make.cc:294:find_same_wires$3372 and $auto$equiv_make.cc:294:find_same_wires$2926.
      Merging cells $auto$equiv_make.cc:294:find_same_wires$2708 and $auto$equiv_make.cc:294:find_same_wires$1645.
    Fwd merging 4 $equiv cells (from group of 4) using strategy deduplicate:
      Merging cells $auto$equiv_make.cc:294:find_same_wires$3371 and $auto$equiv_make.cc:294:find_same_wires$2925.
      Merging cells $auto$equiv_make.cc:294:find_same_wires$2707 and $auto$equiv_make.cc:294:find_same_wires$1644.
    Fwd merging 4 $equiv cells (from group of 4) using strategy deduplicate:
      Merging cells $auto$equiv_make.cc:294:find_same_wires$3370 and $auto$equiv_make.cc:294:find_same_wires$2924.
      Merging cells $auto$equiv_make.cc:294:find_same_wires$2706 and $auto$equiv_make.cc:294:find_same_wires$1643.
    Fwd merging 4 $equiv cells (from group of 4) using strategy deduplicate:
      Merging cells $auto$equiv_make.cc:294:find_same_wires$3369 and $auto$equiv_make.cc:294:find_same_wires$2923.
      Merging cells $auto$equiv_make.cc:294:find_same_wires$2705 and $auto$equiv_make.cc:294:find_same_wires$1642.
    Fwd merging 4 $equiv cells (from group of 4) using strategy deduplicate:
      Merging cells $auto$equiv_make.cc:294:find_same_wires$3368 and $auto$equiv_make.cc:294:find_same_wires$2922.
      Merging cells $auto$equiv_make.cc:294:find_same_wires$2704 and $auto$equiv_make.cc:294:find_same_wires$1641.
    Fwd merging 4 $equiv cells (from group of 4) using strategy deduplicate:
      Merging cells $auto$equiv_make.cc:294:find_same_wires$3367 and $auto$equiv_make.cc:294:find_same_wires$2856.
      Merging cells $auto$equiv_make.cc:294:find_same_wires$2638 and $auto$equiv_make.cc:294:find_same_wires$1575.
    Fwd merging 4 $equiv cells (from group of 4) using strategy deduplicate:
      Merging cells $auto$equiv_make.cc:294:find_same_wires$3366 and $auto$equiv_make.cc:294:find_same_wires$2855.
      Merging cells $auto$equiv_make.cc:294:find_same_wires$2637 and $auto$equiv_make.cc:294:find_same_wires$1574.
    Fwd merging 4 $equiv cells (from group of 4) using strategy deduplicate:
      Merging cells $auto$equiv_make.cc:294:find_same_wires$3365 and $auto$equiv_make.cc:294:find_same_wires$2854.
      Merging cells $auto$equiv_make.cc:294:find_same_wires$2636 and $auto$equiv_make.cc:294:find_same_wires$1573.
    Fwd merging 4 $equiv cells (from group of 4) using strategy deduplicate:
      Merging cells $auto$equiv_make.cc:294:find_same_wires$3364 and $auto$equiv_make.cc:294:find_same_wires$2853.
      Merging cells $auto$equiv_make.cc:294:find_same_wires$2635 and $auto$equiv_make.cc:294:find_same_wires$1572.
    Fwd merging 4 $equiv cells (from group of 4) using strategy deduplicate:
      Merging cells $auto$equiv_make.cc:294:find_same_wires$3363 and $auto$equiv_make.cc:294:find_same_wires$2852.
      Merging cells $auto$equiv_make.cc:294:find_same_wires$2634 and $auto$equiv_make.cc:294:find_same_wires$1571.
    Fwd merging 4 $equiv cells (from group of 4) using strategy deduplicate:
      Merging cells $auto$equiv_make.cc:294:find_same_wires$3362 and $auto$equiv_make.cc:294:find_same_wires$2851.
      Merging cells $auto$equiv_make.cc:294:find_same_wires$2633 and $auto$equiv_make.cc:294:find_same_wires$1570.
    Fwd merging 4 $equiv cells (from group of 4) using strategy deduplicate:
      Merging cells $auto$equiv_make.cc:294:find_same_wires$3361 and $auto$equiv_make.cc:294:find_same_wires$2850.
      Merging cells $auto$equiv_make.cc:294:find_same_wires$2632 and $auto$equiv_make.cc:294:find_same_wires$1569.
    Fwd merging 4 $equiv cells (from group of 4) using strategy deduplicate:
      Merging cells $auto$equiv_make.cc:294:find_same_wires$3360 and $auto$equiv_make.cc:294:find_same_wires$2849.
      Merging cells $auto$equiv_make.cc:294:find_same_wires$2631 and $auto$equiv_make.cc:294:find_same_wires$1568.
    Fwd merging 4 $equiv cells (from group of 4) using strategy deduplicate:
      Merging cells $auto$equiv_make.cc:294:find_same_wires$3359 and $auto$equiv_make.cc:294:find_same_wires$2848.
      Merging cells $auto$equiv_make.cc:294:find_same_wires$2630 and $auto$equiv_make.cc:294:find_same_wires$1567.
    Fwd merging 4 $equiv cells (from group of 4) using strategy deduplicate:
      Merging cells $auto$equiv_make.cc:294:find_same_wires$3358 and $auto$equiv_make.cc:294:find_same_wires$2847.
      Merging cells $auto$equiv_make.cc:294:find_same_wires$2629 and $auto$equiv_make.cc:294:find_same_wires$1566.
    Fwd merging 4 $equiv cells (from group of 4) using strategy deduplicate:
      Merging cells $auto$equiv_make.cc:294:find_same_wires$3357 and $auto$equiv_make.cc:294:find_same_wires$2846.
      Merging cells $auto$equiv_make.cc:294:find_same_wires$2628 and $auto$equiv_make.cc:294:find_same_wires$1565.
    Fwd merging 4 $equiv cells (from group of 4) using strategy deduplicate:
      Merging cells $auto$equiv_make.cc:294:find_same_wires$3356 and $auto$equiv_make.cc:294:find_same_wires$2845.
      Merging cells $auto$equiv_make.cc:294:find_same_wires$2627 and $auto$equiv_make.cc:294:find_same_wires$1564.
    Fwd merging 4 $equiv cells (from group of 4) using strategy deduplicate:
      Merging cells $auto$equiv_make.cc:294:find_same_wires$3355 and $auto$equiv_make.cc:294:find_same_wires$2844.
      Merging cells $auto$equiv_make.cc:294:find_same_wires$2626 and $auto$equiv_make.cc:294:find_same_wires$1563.
    Fwd merging 4 $equiv cells (from group of 4) using strategy deduplicate:
      Merging cells $auto$equiv_make.cc:294:find_same_wires$3354 and $auto$equiv_make.cc:294:find_same_wires$2843.
      Merging cells $auto$equiv_make.cc:294:find_same_wires$2625 and $auto$equiv_make.cc:294:find_same_wires$1562.
    Fwd merging 4 $equiv cells (from group of 4) using strategy deduplicate:
      Merging cells $auto$equiv_make.cc:294:find_same_wires$3353 and $auto$equiv_make.cc:294:find_same_wires$2842.
      Merging cells $auto$equiv_make.cc:294:find_same_wires$2624 and $auto$equiv_make.cc:294:find_same_wires$1561.
    Fwd merging 4 $equiv cells (from group of 4) using strategy deduplicate:
      Merging cells $auto$equiv_make.cc:294:find_same_wires$3352 and $auto$equiv_make.cc:294:find_same_wires$2841.
      Merging cells $auto$equiv_make.cc:294:find_same_wires$2623 and $auto$equiv_make.cc:294:find_same_wires$1560.
    Fwd merging 4 $equiv cells (from group of 5) using strategy deduplicate:
      Merging cells $auto$equiv_make.cc:294:find_same_wires$3416 and $auto$equiv_make.cc:294:find_same_wires$3351.
      Merging cells $auto$equiv_make.cc:294:find_same_wires$2836 and $auto$equiv_make.cc:294:find_same_wires$2618.
    Fwd merging 4 $equiv cells (from group of 5) using strategy deduplicate:
      Merging cells $auto$equiv_make.cc:294:find_same_wires$3415 and $auto$equiv_make.cc:294:find_same_wires$3350.
      Merging cells $auto$equiv_make.cc:294:find_same_wires$2835 and $auto$equiv_make.cc:294:find_same_wires$2617.
    Fwd merging 4 $equiv cells (from group of 5) using strategy deduplicate:
      Merging cells $auto$equiv_make.cc:294:find_same_wires$3414 and $auto$equiv_make.cc:294:find_same_wires$3349.
      Merging cells $auto$equiv_make.cc:294:find_same_wires$2834 and $auto$equiv_make.cc:294:find_same_wires$2616.
    Fwd merging 4 $equiv cells (from group of 5) using strategy deduplicate:
      Merging cells $auto$equiv_make.cc:294:find_same_wires$3413 and $auto$equiv_make.cc:294:find_same_wires$3348.
      Merging cells $auto$equiv_make.cc:294:find_same_wires$2833 and $auto$equiv_make.cc:294:find_same_wires$2615.
    Fwd merging 4 $equiv cells (from group of 5) using strategy deduplicate:
      Merging cells $auto$equiv_make.cc:294:find_same_wires$3412 and $auto$equiv_make.cc:294:find_same_wires$3347.
      Merging cells $auto$equiv_make.cc:294:find_same_wires$2832 and $auto$equiv_make.cc:294:find_same_wires$2614.
    Fwd merging 4 $equiv cells (from group of 5) using strategy deduplicate:
      Merging cells $auto$equiv_make.cc:294:find_same_wires$3411 and $auto$equiv_make.cc:294:find_same_wires$3346.
      Merging cells $auto$equiv_make.cc:294:find_same_wires$2831 and $auto$equiv_make.cc:294:find_same_wires$2613.
    Fwd merging 4 $equiv cells (from group of 5) using strategy deduplicate:
      Merging cells $auto$equiv_make.cc:294:find_same_wires$3410 and $auto$equiv_make.cc:294:find_same_wires$3345.
      Merging cells $auto$equiv_make.cc:294:find_same_wires$2830 and $auto$equiv_make.cc:294:find_same_wires$2612.
    Fwd merging 4 $equiv cells (from group of 5) using strategy deduplicate:
      Merging cells $auto$equiv_make.cc:294:find_same_wires$3409 and $auto$equiv_make.cc:294:find_same_wires$3344.
      Merging cells $auto$equiv_make.cc:294:find_same_wires$2829 and $auto$equiv_make.cc:294:find_same_wires$2611.
    Fwd merging 4 $equiv cells (from group of 5) using strategy deduplicate:
      Merging cells $auto$equiv_make.cc:294:find_same_wires$3408 and $auto$equiv_make.cc:294:find_same_wires$3343.
      Merging cells $auto$equiv_make.cc:294:find_same_wires$2828 and $auto$equiv_make.cc:294:find_same_wires$2610.
    Fwd merging 4 $equiv cells (from group of 5) using strategy deduplicate:
      Merging cells $auto$equiv_make.cc:294:find_same_wires$3407 and $auto$equiv_make.cc:294:find_same_wires$3342.
      Merging cells $auto$equiv_make.cc:294:find_same_wires$2827 and $auto$equiv_make.cc:294:find_same_wires$2609.
    Fwd merging 4 $equiv cells (from group of 5) using strategy deduplicate:
      Merging cells $auto$equiv_make.cc:294:find_same_wires$3406 and $auto$equiv_make.cc:294:find_same_wires$3341.
      Merging cells $auto$equiv_make.cc:294:find_same_wires$2826 and $auto$equiv_make.cc:294:find_same_wires$2608.
    Fwd merging 4 $equiv cells (from group of 5) using strategy deduplicate:
      Merging cells $auto$equiv_make.cc:294:find_same_wires$3405 and $auto$equiv_make.cc:294:find_same_wires$3340.
      Merging cells $auto$equiv_make.cc:294:find_same_wires$2825 and $auto$equiv_make.cc:294:find_same_wires$2607.
    Fwd merging 4 $equiv cells (from group of 5) using strategy deduplicate:
      Merging cells $auto$equiv_make.cc:294:find_same_wires$3404 and $auto$equiv_make.cc:294:find_same_wires$3339.
      Merging cells $auto$equiv_make.cc:294:find_same_wires$2824 and $auto$equiv_make.cc:294:find_same_wires$2606.
    Fwd merging 4 $equiv cells (from group of 5) using strategy deduplicate:
      Merging cells $auto$equiv_make.cc:294:find_same_wires$3403 and $auto$equiv_make.cc:294:find_same_wires$3338.
      Merging cells $auto$equiv_make.cc:294:find_same_wires$2823 and $auto$equiv_make.cc:294:find_same_wires$2605.
    Fwd merging 4 $equiv cells (from group of 5) using strategy deduplicate:
      Merging cells $auto$equiv_make.cc:294:find_same_wires$3402 and $auto$equiv_make.cc:294:find_same_wires$3337.
      Merging cells $auto$equiv_make.cc:294:find_same_wires$2822 and $auto$equiv_make.cc:294:find_same_wires$2604.
    Fwd merging 4 $equiv cells (from group of 5) using strategy deduplicate:
      Merging cells $auto$equiv_make.cc:294:find_same_wires$3401 and $auto$equiv_make.cc:294:find_same_wires$3336.
      Merging cells $auto$equiv_make.cc:294:find_same_wires$2821 and $auto$equiv_make.cc:294:find_same_wires$2603.
    Fwd merging 4 $equiv cells (from group of 5) using strategy deduplicate:
      Merging cells $auto$equiv_make.cc:294:find_same_wires$3400 and $auto$equiv_make.cc:294:find_same_wires$3335.
      Merging cells $auto$equiv_make.cc:294:find_same_wires$2820 and $auto$equiv_make.cc:294:find_same_wires$2602.
    Fwd merging 4 $equiv cells (from group of 5) using strategy deduplicate:
      Merging cells $auto$equiv_make.cc:294:find_same_wires$3399 and $auto$equiv_make.cc:294:find_same_wires$3334.
      Merging cells $auto$equiv_make.cc:294:find_same_wires$2819 and $auto$equiv_make.cc:294:find_same_wires$2601.
    Fwd merging 4 $equiv cells (from group of 5) using strategy deduplicate:
      Merging cells $auto$equiv_make.cc:294:find_same_wires$3398 and $auto$equiv_make.cc:294:find_same_wires$3333.
      Merging cells $auto$equiv_make.cc:294:find_same_wires$2818 and $auto$equiv_make.cc:294:find_same_wires$2600.
    Fwd merging 4 $equiv cells (from group of 5) using strategy deduplicate:
      Merging cells $auto$equiv_make.cc:294:find_same_wires$3397 and $auto$equiv_make.cc:294:find_same_wires$3332.
      Merging cells $auto$equiv_make.cc:294:find_same_wires$2817 and $auto$equiv_make.cc:294:find_same_wires$2599.
    Fwd merging 4 $equiv cells (from group of 5) using strategy deduplicate:
      Merging cells $auto$equiv_make.cc:294:find_same_wires$3396 and $auto$equiv_make.cc:294:find_same_wires$3331.
      Merging cells $auto$equiv_make.cc:294:find_same_wires$2816 and $auto$equiv_make.cc:294:find_same_wires$2598.
    Fwd merging 4 $equiv cells (from group of 5) using strategy deduplicate:
      Merging cells $auto$equiv_make.cc:294:find_same_wires$3395 and $auto$equiv_make.cc:294:find_same_wires$3330.
      Merging cells $auto$equiv_make.cc:294:find_same_wires$2815 and $auto$equiv_make.cc:294:find_same_wires$2597.
    Fwd merging 4 $equiv cells (from group of 5) using strategy deduplicate:
      Merging cells $auto$equiv_make.cc:294:find_same_wires$3394 and $auto$equiv_make.cc:294:find_same_wires$3329.
      Merging cells $auto$equiv_make.cc:294:find_same_wires$2814 and $auto$equiv_make.cc:294:find_same_wires$2596.
    Fwd merging 4 $equiv cells (from group of 5) using strategy deduplicate:
      Merging cells $auto$equiv_make.cc:294:find_same_wires$3393 and $auto$equiv_make.cc:294:find_same_wires$3328.
      Merging cells $auto$equiv_make.cc:294:find_same_wires$2813 and $auto$equiv_make.cc:294:find_same_wires$2595.
    Fwd merging 4 $equiv cells (from group of 5) using strategy deduplicate:
      Merging cells $auto$equiv_make.cc:294:find_same_wires$3392 and $auto$equiv_make.cc:294:find_same_wires$3327.
      Merging cells $auto$equiv_make.cc:294:find_same_wires$2812 and $auto$equiv_make.cc:294:find_same_wires$2594.
    Fwd merging 4 $equiv cells (from group of 5) using strategy deduplicate:
      Merging cells $auto$equiv_make.cc:294:find_same_wires$3391 and $auto$equiv_make.cc:294:find_same_wires$3326.
      Merging cells $auto$equiv_make.cc:294:find_same_wires$2811 and $auto$equiv_make.cc:294:find_same_wires$2593.
    Fwd merging 4 $equiv cells (from group of 5) using strategy deduplicate:
      Merging cells $auto$equiv_make.cc:294:find_same_wires$3390 and $auto$equiv_make.cc:294:find_same_wires$3325.
      Merging cells $auto$equiv_make.cc:294:find_same_wires$2810 and $auto$equiv_make.cc:294:find_same_wires$2592.
    Fwd merging 4 $equiv cells (from group of 5) using strategy deduplicate:
      Merging cells $auto$equiv_make.cc:294:find_same_wires$3389 and $auto$equiv_make.cc:294:find_same_wires$3324.
      Merging cells $auto$equiv_make.cc:294:find_same_wires$2809 and $auto$equiv_make.cc:294:find_same_wires$2591.
    Fwd merging 4 $equiv cells (from group of 5) using strategy deduplicate:
      Merging cells $auto$equiv_make.cc:294:find_same_wires$3388 and $auto$equiv_make.cc:294:find_same_wires$3323.
      Merging cells $auto$equiv_make.cc:294:find_same_wires$2808 and $auto$equiv_make.cc:294:find_same_wires$2590.
    Fwd merging 4 $equiv cells (from group of 5) using strategy deduplicate:
      Merging cells $auto$equiv_make.cc:294:find_same_wires$3387 and $auto$equiv_make.cc:294:find_same_wires$3322.
      Merging cells $auto$equiv_make.cc:294:find_same_wires$2807 and $auto$equiv_make.cc:294:find_same_wires$2589.
    Fwd merging 4 $equiv cells (from group of 5) using strategy deduplicate:
      Merging cells $auto$equiv_make.cc:294:find_same_wires$3386 and $auto$equiv_make.cc:294:find_same_wires$3321.
      Merging cells $auto$equiv_make.cc:294:find_same_wires$2806 and $auto$equiv_make.cc:294:find_same_wires$2588.
    Fwd merging 4 $equiv cells (from group of 5) using strategy deduplicate:
      Merging cells $auto$equiv_make.cc:294:find_same_wires$3385 and $auto$equiv_make.cc:294:find_same_wires$3320.
      Merging cells $auto$equiv_make.cc:294:find_same_wires$2805 and $auto$equiv_make.cc:294:find_same_wires$2587.
    Fwd merging 4 $equiv cells (from group of 5) using strategy deduplicate:
      Merging cells $auto$equiv_make.cc:294:find_same_wires$3473 and $auto$equiv_make.cc:294:find_same_wires$3116.
      Merging cells $auto$equiv_make.cc:294:find_same_wires$2576 and $auto$equiv_make.cc:294:find_same_wires$2490.
    Fwd merging 4 $equiv cells (from group of 4) using strategy deduplicate:
      Merging cells $auto$equiv_make.cc:294:find_same_wires$3115 and $auto$equiv_make.cc:294:find_same_wires$2574.
      Merging cells $auto$equiv_make.cc:294:find_same_wires$2489 and $auto$equiv_make.cc:294:find_same_wires$1918.
    Fwd merging 4 $equiv cells (from group of 4) using strategy deduplicate:
      Merging cells $auto$equiv_make.cc:294:find_same_wires$3114 and $auto$equiv_make.cc:294:find_same_wires$2573.
      Merging cells $auto$equiv_make.cc:294:find_same_wires$2488 and $auto$equiv_make.cc:294:find_same_wires$1917.
    Fwd merging 4 $equiv cells (from group of 4) using strategy deduplicate:
      Merging cells $auto$equiv_make.cc:294:find_same_wires$3113 and $auto$equiv_make.cc:294:find_same_wires$2572.
      Merging cells $auto$equiv_make.cc:294:find_same_wires$2487 and $auto$equiv_make.cc:294:find_same_wires$1916.
    Fwd merging 4 $equiv cells (from group of 4) using strategy deduplicate:
      Merging cells $auto$equiv_make.cc:294:find_same_wires$3112 and $auto$equiv_make.cc:294:find_same_wires$2571.
      Merging cells $auto$equiv_make.cc:294:find_same_wires$2486 and $auto$equiv_make.cc:294:find_same_wires$1915.
    Fwd merging 4 $equiv cells (from group of 4) using strategy deduplicate:
      Merging cells $auto$equiv_make.cc:294:find_same_wires$3111 and $auto$equiv_make.cc:294:find_same_wires$2570.
      Merging cells $auto$equiv_make.cc:294:find_same_wires$2485 and $auto$equiv_make.cc:294:find_same_wires$1914.
    Fwd merging 4 $equiv cells (from group of 4) using strategy deduplicate:
      Merging cells $auto$equiv_make.cc:294:find_same_wires$3110 and $auto$equiv_make.cc:294:find_same_wires$2569.
      Merging cells $auto$equiv_make.cc:294:find_same_wires$2484 and $auto$equiv_make.cc:294:find_same_wires$1913.
    Fwd merging 4 $equiv cells (from group of 4) using strategy deduplicate:
      Merging cells $auto$equiv_make.cc:294:find_same_wires$3109 and $auto$equiv_make.cc:294:find_same_wires$2568.
      Merging cells $auto$equiv_make.cc:294:find_same_wires$2483 and $auto$equiv_make.cc:294:find_same_wires$1912.
    Fwd merging 4 $equiv cells (from group of 4) using strategy deduplicate:
      Merging cells $auto$equiv_make.cc:294:find_same_wires$3108 and $auto$equiv_make.cc:294:find_same_wires$2567.
      Merging cells $auto$equiv_make.cc:294:find_same_wires$2482 and $auto$equiv_make.cc:294:find_same_wires$1911.
    Fwd merging 4 $equiv cells (from group of 5) using strategy deduplicate:
      Merging cells $auto$equiv_make.cc:294:find_same_wires$3472 and $auto$equiv_make.cc:294:find_same_wires$3107.
      Merging cells $auto$equiv_make.cc:294:find_same_wires$2566 and $auto$equiv_make.cc:294:find_same_wires$2481.
    Fwd merging 4 $equiv cells (from group of 5) using strategy deduplicate:
      Merging cells $auto$equiv_make.cc:294:find_same_wires$3471 and $auto$equiv_make.cc:294:find_same_wires$3106.
      Merging cells $auto$equiv_make.cc:294:find_same_wires$2565 and $auto$equiv_make.cc:294:find_same_wires$2480.
    Fwd merging 4 $equiv cells (from group of 4) using strategy deduplicate:
      Merging cells $auto$equiv_make.cc:294:find_same_wires$3105 and $auto$equiv_make.cc:294:find_same_wires$2564.
      Merging cells $auto$equiv_make.cc:294:find_same_wires$2479 and $auto$equiv_make.cc:294:find_same_wires$1908.
    Fwd merging 4 $equiv cells (from group of 4) using strategy deduplicate:
      Merging cells $auto$equiv_make.cc:294:find_same_wires$3104 and $auto$equiv_make.cc:294:find_same_wires$2563.
      Merging cells $auto$equiv_make.cc:294:find_same_wires$2478 and $auto$equiv_make.cc:294:find_same_wires$1907.
    Fwd merging 4 $equiv cells (from group of 4) using strategy deduplicate:
      Merging cells $auto$equiv_make.cc:294:find_same_wires$3103 and $auto$equiv_make.cc:294:find_same_wires$2562.
      Merging cells $auto$equiv_make.cc:294:find_same_wires$2477 and $auto$equiv_make.cc:294:find_same_wires$1906.
    Fwd merging 4 $equiv cells (from group of 4) using strategy deduplicate:
      Merging cells $auto$equiv_make.cc:294:find_same_wires$3102 and $auto$equiv_make.cc:294:find_same_wires$2561.
      Merging cells $auto$equiv_make.cc:294:find_same_wires$2476 and $auto$equiv_make.cc:294:find_same_wires$1905.
    Fwd merging 4 $equiv cells (from group of 4) using strategy deduplicate:
      Merging cells $auto$equiv_make.cc:294:find_same_wires$3101 and $auto$equiv_make.cc:294:find_same_wires$2560.
      Merging cells $auto$equiv_make.cc:294:find_same_wires$2475 and $auto$equiv_make.cc:294:find_same_wires$1904.
    Fwd merging 4 $equiv cells (from group of 4) using strategy deduplicate:
      Merging cells $auto$equiv_make.cc:294:find_same_wires$3100 and $auto$equiv_make.cc:294:find_same_wires$2559.
      Merging cells $auto$equiv_make.cc:294:find_same_wires$2474 and $auto$equiv_make.cc:294:find_same_wires$1903.
    Fwd merging 4 $equiv cells (from group of 4) using strategy deduplicate:
      Merging cells $auto$equiv_make.cc:294:find_same_wires$3099 and $auto$equiv_make.cc:294:find_same_wires$2558.
      Merging cells $auto$equiv_make.cc:294:find_same_wires$2473 and $auto$equiv_make.cc:294:find_same_wires$1902.
    Fwd merging 4 $equiv cells (from group of 4) using strategy deduplicate:
      Merging cells $auto$equiv_make.cc:294:find_same_wires$3098 and $auto$equiv_make.cc:294:find_same_wires$2557.
      Merging cells $auto$equiv_make.cc:294:find_same_wires$2472 and $auto$equiv_make.cc:294:find_same_wires$1901.
    Fwd merging 4 $equiv cells (from group of 4) using strategy deduplicate:
      Merging cells $auto$equiv_make.cc:294:find_same_wires$3097 and $auto$equiv_make.cc:294:find_same_wires$2556.
      Merging cells $auto$equiv_make.cc:294:find_same_wires$2471 and $auto$equiv_make.cc:294:find_same_wires$1900.
    Fwd merging 4 $equiv cells (from group of 5) using strategy deduplicate:
      Merging cells $auto$equiv_make.cc:294:find_same_wires$3470 and $auto$equiv_make.cc:294:find_same_wires$3096.
      Merging cells $auto$equiv_make.cc:294:find_same_wires$2470 and $auto$equiv_make.cc:294:find_same_wires$2442.
    Fwd merging 4 $equiv cells (from group of 4) using strategy deduplicate:
      Merging cells $auto$equiv_make.cc:294:find_same_wires$3095 and $auto$equiv_make.cc:294:find_same_wires$2469.
      Merging cells $auto$equiv_make.cc:294:find_same_wires$2441 and $auto$equiv_make.cc:294:find_same_wires$1898.
    Fwd merging 4 $equiv cells (from group of 4) using strategy deduplicate:
      Merging cells $auto$equiv_make.cc:294:find_same_wires$3094 and $auto$equiv_make.cc:294:find_same_wires$2468.
      Merging cells $auto$equiv_make.cc:294:find_same_wires$2440 and $auto$equiv_make.cc:294:find_same_wires$1897.
    Fwd merging 4 $equiv cells (from group of 4) using strategy deduplicate:
      Merging cells $auto$equiv_make.cc:294:find_same_wires$3093 and $auto$equiv_make.cc:294:find_same_wires$2467.
      Merging cells $auto$equiv_make.cc:294:find_same_wires$2439 and $auto$equiv_make.cc:294:find_same_wires$1896.
    Fwd merging 4 $equiv cells (from group of 4) using strategy deduplicate:
      Merging cells $auto$equiv_make.cc:294:find_same_wires$3092 and $auto$equiv_make.cc:294:find_same_wires$2466.
      Merging cells $auto$equiv_make.cc:294:find_same_wires$2438 and $auto$equiv_make.cc:294:find_same_wires$1895.
    Fwd merging 4 $equiv cells (from group of 4) using strategy deduplicate:
      Merging cells $auto$equiv_make.cc:294:find_same_wires$3091 and $auto$equiv_make.cc:294:find_same_wires$2465.
      Merging cells $auto$equiv_make.cc:294:find_same_wires$2437 and $auto$equiv_make.cc:294:find_same_wires$1894.
    Fwd merging 4 $equiv cells (from group of 4) using strategy deduplicate:
      Merging cells $auto$equiv_make.cc:294:find_same_wires$3090 and $auto$equiv_make.cc:294:find_same_wires$2464.
      Merging cells $auto$equiv_make.cc:294:find_same_wires$2436 and $auto$equiv_make.cc:294:find_same_wires$1893.
    Fwd merging 4 $equiv cells (from group of 4) using strategy deduplicate:
      Merging cells $auto$equiv_make.cc:294:find_same_wires$3089 and $auto$equiv_make.cc:294:find_same_wires$2463.
      Merging cells $auto$equiv_make.cc:294:find_same_wires$2435 and $auto$equiv_make.cc:294:find_same_wires$1892.
    Fwd merging 4 $equiv cells (from group of 4) using strategy deduplicate:
      Merging cells $auto$equiv_make.cc:294:find_same_wires$3088 and $auto$equiv_make.cc:294:find_same_wires$2462.
      Merging cells $auto$equiv_make.cc:294:find_same_wires$2434 and $auto$equiv_make.cc:294:find_same_wires$1891.
    Fwd merging 2 $equiv cells (from group of 2) using strategy deduplicate:
      Merging cells $auto$equiv_make.cc:294:find_same_wires$2425 and $auto$equiv_make.cc:294:find_same_wires$2424.
    Fwd merging 2 $equiv cells (from group of 3) using strategy deduplicate:
      Merging cells $auto$equiv_make.cc:294:find_same_wires$2369 and $auto$equiv_make.cc:294:find_same_wires$2368.
    Fwd merging 2 $equiv cells (from group of 3) using strategy deduplicate:
      Merging cells $auto$equiv_make.cc:294:find_same_wires$2303 and $auto$equiv_make.cc:294:find_same_wires$2302.
    Fwd merging 2 $equiv cells (from group of 3) using strategy deduplicate:
      Merging cells $auto$equiv_make.cc:294:find_same_wires$2300 and $auto$equiv_make.cc:294:find_same_wires$2236.
    Fwd merging 2 $equiv cells (from group of 3) using strategy deduplicate:
      Merging cells $auto$equiv_make.cc:294:find_same_wires$2299 and $auto$equiv_make.cc:294:find_same_wires$2235.
    Fwd merging 2 $equiv cells (from group of 3) using strategy deduplicate:
      Merging cells $auto$equiv_make.cc:294:find_same_wires$2298 and $auto$equiv_make.cc:294:find_same_wires$2234.
    Fwd merging 2 $equiv cells (from group of 3) using strategy deduplicate:
      Merging cells $auto$equiv_make.cc:294:find_same_wires$2297 and $auto$equiv_make.cc:294:find_same_wires$2233.
    Fwd merging 2 $equiv cells (from group of 3) using strategy deduplicate:
      Merging cells $auto$equiv_make.cc:294:find_same_wires$2296 and $auto$equiv_make.cc:294:find_same_wires$2232.
    Fwd merging 2 $equiv cells (from group of 3) using strategy deduplicate:
      Merging cells $auto$equiv_make.cc:294:find_same_wires$2295 and $auto$equiv_make.cc:294:find_same_wires$2231.
    Fwd merging 2 $equiv cells (from group of 3) using strategy deduplicate:
      Merging cells $auto$equiv_make.cc:294:find_same_wires$2294 and $auto$equiv_make.cc:294:find_same_wires$2230.
    Fwd merging 2 $equiv cells (from group of 3) using strategy deduplicate:
      Merging cells $auto$equiv_make.cc:294:find_same_wires$2293 and $auto$equiv_make.cc:294:find_same_wires$2229.
    Fwd merging 2 $equiv cells (from group of 3) using strategy deduplicate:
      Merging cells $auto$equiv_make.cc:294:find_same_wires$2292 and $auto$equiv_make.cc:294:find_same_wires$2228.
    Fwd merging 2 $equiv cells (from group of 3) using strategy deduplicate:
      Merging cells $auto$equiv_make.cc:294:find_same_wires$2291 and $auto$equiv_make.cc:294:find_same_wires$2227.
    Fwd merging 2 $equiv cells (from group of 3) using strategy deduplicate:
      Merging cells $auto$equiv_make.cc:294:find_same_wires$2290 and $auto$equiv_make.cc:294:find_same_wires$2226.
    Fwd merging 2 $equiv cells (from group of 3) using strategy deduplicate:
      Merging cells $auto$equiv_make.cc:294:find_same_wires$2289 and $auto$equiv_make.cc:294:find_same_wires$2225.
    Fwd merging 2 $equiv cells (from group of 3) using strategy deduplicate:
      Merging cells $auto$equiv_make.cc:294:find_same_wires$2288 and $auto$equiv_make.cc:294:find_same_wires$2224.
    Fwd merging 2 $equiv cells (from group of 3) using strategy deduplicate:
      Merging cells $auto$equiv_make.cc:294:find_same_wires$2287 and $auto$equiv_make.cc:294:find_same_wires$2223.
    Fwd merging 2 $equiv cells (from group of 3) using strategy deduplicate:
      Merging cells $auto$equiv_make.cc:294:find_same_wires$2286 and $auto$equiv_make.cc:294:find_same_wires$2222.
    Fwd merging 2 $equiv cells (from group of 3) using strategy deduplicate:
      Merging cells $auto$equiv_make.cc:294:find_same_wires$2285 and $auto$equiv_make.cc:294:find_same_wires$2221.
    Fwd merging 2 $equiv cells (from group of 3) using strategy deduplicate:
      Merging cells $auto$equiv_make.cc:294:find_same_wires$2284 and $auto$equiv_make.cc:294:find_same_wires$2220.
    Fwd merging 2 $equiv cells (from group of 3) using strategy deduplicate:
      Merging cells $auto$equiv_make.cc:294:find_same_wires$2283 and $auto$equiv_make.cc:294:find_same_wires$2219.
    Fwd merging 2 $equiv cells (from group of 3) using strategy deduplicate:
      Merging cells $auto$equiv_make.cc:294:find_same_wires$2282 and $auto$equiv_make.cc:294:find_same_wires$2218.
    Fwd merging 2 $equiv cells (from group of 3) using strategy deduplicate:
      Merging cells $auto$equiv_make.cc:294:find_same_wires$2281 and $auto$equiv_make.cc:294:find_same_wires$2217.
    Fwd merging 2 $equiv cells (from group of 3) using strategy deduplicate:
      Merging cells $auto$equiv_make.cc:294:find_same_wires$2280 and $auto$equiv_make.cc:294:find_same_wires$2216.
    Fwd merging 2 $equiv cells (from group of 3) using strategy deduplicate:
      Merging cells $auto$equiv_make.cc:294:find_same_wires$2279 and $auto$equiv_make.cc:294:find_same_wires$2215.
    Fwd merging 2 $equiv cells (from group of 3) using strategy deduplicate:
      Merging cells $auto$equiv_make.cc:294:find_same_wires$2278 and $auto$equiv_make.cc:294:find_same_wires$2214.
    Fwd merging 2 $equiv cells (from group of 3) using strategy deduplicate:
      Merging cells $auto$equiv_make.cc:294:find_same_wires$2277 and $auto$equiv_make.cc:294:find_same_wires$2213.
    Fwd merging 2 $equiv cells (from group of 3) using strategy deduplicate:
      Merging cells $auto$equiv_make.cc:294:find_same_wires$2276 and $auto$equiv_make.cc:294:find_same_wires$2212.
    Fwd merging 2 $equiv cells (from group of 3) using strategy deduplicate:
      Merging cells $auto$equiv_make.cc:294:find_same_wires$2275 and $auto$equiv_make.cc:294:find_same_wires$2211.
    Fwd merging 2 $equiv cells (from group of 3) using strategy deduplicate:
      Merging cells $auto$equiv_make.cc:294:find_same_wires$2274 and $auto$equiv_make.cc:294:find_same_wires$2210.
    Fwd merging 2 $equiv cells (from group of 3) using strategy deduplicate:
      Merging cells $auto$equiv_make.cc:294:find_same_wires$2273 and $auto$equiv_make.cc:294:find_same_wires$2209.
    Fwd merging 2 $equiv cells (from group of 3) using strategy deduplicate:
      Merging cells $auto$equiv_make.cc:294:find_same_wires$2272 and $auto$equiv_make.cc:294:find_same_wires$2208.
    Fwd merging 2 $equiv cells (from group of 3) using strategy deduplicate:
      Merging cells $auto$equiv_make.cc:294:find_same_wires$2271 and $auto$equiv_make.cc:294:find_same_wires$2207.
    Fwd merging 2 $equiv cells (from group of 3) using strategy deduplicate:
      Merging cells $auto$equiv_make.cc:294:find_same_wires$2270 and $auto$equiv_make.cc:294:find_same_wires$2206.
    Fwd merging 2 $equiv cells (from group of 3) using strategy deduplicate:
      Merging cells $auto$equiv_make.cc:294:find_same_wires$2269 and $auto$equiv_make.cc:294:find_same_wires$2205.
    Fwd merging 2 $equiv cells (from group of 3) using strategy deduplicate:
      Merging cells $auto$equiv_make.cc:294:find_same_wires$2268 and $auto$equiv_make.cc:294:find_same_wires$2204.
    Fwd merging 2 $equiv cells (from group of 3) using strategy deduplicate:
      Merging cells $auto$equiv_make.cc:294:find_same_wires$2267 and $auto$equiv_make.cc:294:find_same_wires$2203.
    Fwd merging 2 $equiv cells (from group of 3) using strategy deduplicate:
      Merging cells $auto$equiv_make.cc:294:find_same_wires$2266 and $auto$equiv_make.cc:294:find_same_wires$2202.
    Fwd merging 2 $equiv cells (from group of 3) using strategy deduplicate:
      Merging cells $auto$equiv_make.cc:294:find_same_wires$2265 and $auto$equiv_make.cc:294:find_same_wires$2201.
    Fwd merging 2 $equiv cells (from group of 3) using strategy deduplicate:
      Merging cells $auto$equiv_make.cc:294:find_same_wires$2264 and $auto$equiv_make.cc:294:find_same_wires$2200.
    Fwd merging 2 $equiv cells (from group of 3) using strategy deduplicate:
      Merging cells $auto$equiv_make.cc:294:find_same_wires$2263 and $auto$equiv_make.cc:294:find_same_wires$2199.
    Fwd merging 2 $equiv cells (from group of 3) using strategy deduplicate:
      Merging cells $auto$equiv_make.cc:294:find_same_wires$2262 and $auto$equiv_make.cc:294:find_same_wires$2198.
    Fwd merging 2 $equiv cells (from group of 3) using strategy deduplicate:
      Merging cells $auto$equiv_make.cc:294:find_same_wires$2261 and $auto$equiv_make.cc:294:find_same_wires$2197.
    Fwd merging 2 $equiv cells (from group of 3) using strategy deduplicate:
      Merging cells $auto$equiv_make.cc:294:find_same_wires$2260 and $auto$equiv_make.cc:294:find_same_wires$2196.
    Fwd merging 2 $equiv cells (from group of 3) using strategy deduplicate:
      Merging cells $auto$equiv_make.cc:294:find_same_wires$2259 and $auto$equiv_make.cc:294:find_same_wires$2195.
    Fwd merging 2 $equiv cells (from group of 3) using strategy deduplicate:
      Merging cells $auto$equiv_make.cc:294:find_same_wires$2258 and $auto$equiv_make.cc:294:find_same_wires$2194.
    Fwd merging 2 $equiv cells (from group of 3) using strategy deduplicate:
      Merging cells $auto$equiv_make.cc:294:find_same_wires$2257 and $auto$equiv_make.cc:294:find_same_wires$2193.
    Fwd merging 2 $equiv cells (from group of 3) using strategy deduplicate:
      Merging cells $auto$equiv_make.cc:294:find_same_wires$2256 and $auto$equiv_make.cc:294:find_same_wires$2192.
    Fwd merging 2 $equiv cells (from group of 3) using strategy deduplicate:
      Merging cells $auto$equiv_make.cc:294:find_same_wires$2255 and $auto$equiv_make.cc:294:find_same_wires$2191.
    Fwd merging 2 $equiv cells (from group of 3) using strategy deduplicate:
      Merging cells $auto$equiv_make.cc:294:find_same_wires$2254 and $auto$equiv_make.cc:294:find_same_wires$2190.
    Fwd merging 2 $equiv cells (from group of 3) using strategy deduplicate:
      Merging cells $auto$equiv_make.cc:294:find_same_wires$2253 and $auto$equiv_make.cc:294:find_same_wires$2189.
    Fwd merging 2 $equiv cells (from group of 3) using strategy deduplicate:
      Merging cells $auto$equiv_make.cc:294:find_same_wires$2252 and $auto$equiv_make.cc:294:find_same_wires$2188.
    Fwd merging 2 $equiv cells (from group of 3) using strategy deduplicate:
      Merging cells $auto$equiv_make.cc:294:find_same_wires$2251 and $auto$equiv_make.cc:294:find_same_wires$2187.
    Fwd merging 2 $equiv cells (from group of 3) using strategy deduplicate:
      Merging cells $auto$equiv_make.cc:294:find_same_wires$2250 and $auto$equiv_make.cc:294:find_same_wires$2186.
    Fwd merging 2 $equiv cells (from group of 3) using strategy deduplicate:
      Merging cells $auto$equiv_make.cc:294:find_same_wires$2249 and $auto$equiv_make.cc:294:find_same_wires$2185.
    Fwd merging 2 $equiv cells (from group of 3) using strategy deduplicate:
      Merging cells $auto$equiv_make.cc:294:find_same_wires$2248 and $auto$equiv_make.cc:294:find_same_wires$2184.
    Fwd merging 2 $equiv cells (from group of 3) using strategy deduplicate:
      Merging cells $auto$equiv_make.cc:294:find_same_wires$2247 and $auto$equiv_make.cc:294:find_same_wires$2183.
    Fwd merging 2 $equiv cells (from group of 3) using strategy deduplicate:
      Merging cells $auto$equiv_make.cc:294:find_same_wires$2246 and $auto$equiv_make.cc:294:find_same_wires$2182.
    Fwd merging 2 $equiv cells (from group of 3) using strategy deduplicate:
      Merging cells $auto$equiv_make.cc:294:find_same_wires$2245 and $auto$equiv_make.cc:294:find_same_wires$2181.
    Fwd merging 2 $equiv cells (from group of 3) using strategy deduplicate:
      Merging cells $auto$equiv_make.cc:294:find_same_wires$2244 and $auto$equiv_make.cc:294:find_same_wires$2180.
    Fwd merging 2 $equiv cells (from group of 3) using strategy deduplicate:
      Merging cells $auto$equiv_make.cc:294:find_same_wires$2243 and $auto$equiv_make.cc:294:find_same_wires$2179.
    Fwd merging 2 $equiv cells (from group of 3) using strategy deduplicate:
      Merging cells $auto$equiv_make.cc:294:find_same_wires$2242 and $auto$equiv_make.cc:294:find_same_wires$2178.
    Fwd merging 2 $equiv cells (from group of 3) using strategy deduplicate:
      Merging cells $auto$equiv_make.cc:294:find_same_wires$2241 and $auto$equiv_make.cc:294:find_same_wires$2177.
    Fwd merging 2 $equiv cells (from group of 3) using strategy deduplicate:
      Merging cells $auto$equiv_make.cc:294:find_same_wires$2240 and $auto$equiv_make.cc:294:find_same_wires$2176.
    Fwd merging 2 $equiv cells (from group of 3) using strategy deduplicate:
      Merging cells $auto$equiv_make.cc:294:find_same_wires$2239 and $auto$equiv_make.cc:294:find_same_wires$2175.
    Fwd merging 2 $equiv cells (from group of 3) using strategy deduplicate:
      Merging cells $auto$equiv_make.cc:294:find_same_wires$2238 and $auto$equiv_make.cc:294:find_same_wires$2174.
    Fwd merging 2 $equiv cells (from group of 3) using strategy deduplicate:
      Merging cells $auto$equiv_make.cc:294:find_same_wires$2237 and $auto$equiv_make.cc:294:find_same_wires$2173.
    Fwd merging 4 $equiv cells (from group of 4) using strategy deduplicate:
      Merging cells $auto$equiv_make.cc:294:find_same_wires$3070 and $auto$equiv_make.cc:294:find_same_wires$2460.
      Merging cells $auto$equiv_make.cc:294:find_same_wires$2170 and $auto$equiv_make.cc:294:find_same_wires$1873.
    Fwd merging 4 $equiv cells (from group of 4) using strategy deduplicate:
      Merging cells $auto$equiv_make.cc:294:find_same_wires$3069 and $auto$equiv_make.cc:294:find_same_wires$2459.
      Merging cells $auto$equiv_make.cc:294:find_same_wires$2169 and $auto$equiv_make.cc:294:find_same_wires$1872.
    Fwd merging 4 $equiv cells (from group of 4) using strategy deduplicate:
      Merging cells $auto$equiv_make.cc:294:find_same_wires$3068 and $auto$equiv_make.cc:294:find_same_wires$2458.
      Merging cells $auto$equiv_make.cc:294:find_same_wires$2168 and $auto$equiv_make.cc:294:find_same_wires$1871.
    Fwd merging 4 $equiv cells (from group of 4) using strategy deduplicate:
      Merging cells $auto$equiv_make.cc:294:find_same_wires$3067 and $auto$equiv_make.cc:294:find_same_wires$2457.
      Merging cells $auto$equiv_make.cc:294:find_same_wires$2167 and $auto$equiv_make.cc:294:find_same_wires$1870.
    Fwd merging 4 $equiv cells (from group of 4) using strategy deduplicate:
      Merging cells $auto$equiv_make.cc:294:find_same_wires$3066 and $auto$equiv_make.cc:294:find_same_wires$2456.
      Merging cells $auto$equiv_make.cc:294:find_same_wires$2166 and $auto$equiv_make.cc:294:find_same_wires$1869.
    Fwd merging 4 $equiv cells (from group of 4) using strategy deduplicate:
      Merging cells $auto$equiv_make.cc:294:find_same_wires$3065 and $auto$equiv_make.cc:294:find_same_wires$2455.
      Merging cells $auto$equiv_make.cc:294:find_same_wires$2165 and $auto$equiv_make.cc:294:find_same_wires$1868.
    Fwd merging 4 $equiv cells (from group of 4) using strategy deduplicate:
      Merging cells $auto$equiv_make.cc:294:find_same_wires$3064 and $auto$equiv_make.cc:294:find_same_wires$2454.
      Merging cells $auto$equiv_make.cc:294:find_same_wires$2164 and $auto$equiv_make.cc:294:find_same_wires$1867.
    Fwd merging 4 $equiv cells (from group of 4) using strategy deduplicate:
      Merging cells $auto$equiv_make.cc:294:find_same_wires$3063 and $auto$equiv_make.cc:294:find_same_wires$2453.
      Merging cells $auto$equiv_make.cc:294:find_same_wires$2163 and $auto$equiv_make.cc:294:find_same_wires$1866.
    Fwd merging 4 $equiv cells (from group of 4) using strategy deduplicate:
      Merging cells $auto$equiv_make.cc:294:find_same_wires$3062 and $auto$equiv_make.cc:294:find_same_wires$2452.
      Merging cells $auto$equiv_make.cc:294:find_same_wires$2162 and $auto$equiv_make.cc:294:find_same_wires$1865.
    Fwd merging 4 $equiv cells (from group of 4) using strategy deduplicate:
      Merging cells $auto$equiv_make.cc:294:find_same_wires$3061 and $auto$equiv_make.cc:294:find_same_wires$2451.
      Merging cells $auto$equiv_make.cc:294:find_same_wires$2161 and $auto$equiv_make.cc:294:find_same_wires$1864.
    Fwd merging 4 $equiv cells (from group of 4) using strategy deduplicate:
      Merging cells $auto$equiv_make.cc:294:find_same_wires$3060 and $auto$equiv_make.cc:294:find_same_wires$2450.
      Merging cells $auto$equiv_make.cc:294:find_same_wires$2160 and $auto$equiv_make.cc:294:find_same_wires$1863.
    Fwd merging 4 $equiv cells (from group of 4) using strategy deduplicate:
      Merging cells $auto$equiv_make.cc:294:find_same_wires$3059 and $auto$equiv_make.cc:294:find_same_wires$2449.
      Merging cells $auto$equiv_make.cc:294:find_same_wires$2159 and $auto$equiv_make.cc:294:find_same_wires$1862.
    Fwd merging 4 $equiv cells (from group of 4) using strategy deduplicate:
      Merging cells $auto$equiv_make.cc:294:find_same_wires$3058 and $auto$equiv_make.cc:294:find_same_wires$2448.
      Merging cells $auto$equiv_make.cc:294:find_same_wires$2158 and $auto$equiv_make.cc:294:find_same_wires$1861.
    Fwd merging 4 $equiv cells (from group of 4) using strategy deduplicate:
      Merging cells $auto$equiv_make.cc:294:find_same_wires$3057 and $auto$equiv_make.cc:294:find_same_wires$2447.
      Merging cells $auto$equiv_make.cc:294:find_same_wires$2157 and $auto$equiv_make.cc:294:find_same_wires$1860.
    Fwd merging 4 $equiv cells (from group of 4) using strategy deduplicate:
      Merging cells $auto$equiv_make.cc:294:find_same_wires$3056 and $auto$equiv_make.cc:294:find_same_wires$2446.
      Merging cells $auto$equiv_make.cc:294:find_same_wires$2156 and $auto$equiv_make.cc:294:find_same_wires$1859.
    Fwd merging 4 $equiv cells (from group of 4) using strategy deduplicate:
      Merging cells $auto$equiv_make.cc:294:find_same_wires$3055 and $auto$equiv_make.cc:294:find_same_wires$2445.
      Merging cells $auto$equiv_make.cc:294:find_same_wires$2155 and $auto$equiv_make.cc:294:find_same_wires$1858.
    Fwd merging 4 $equiv cells (from group of 5) using strategy deduplicate:
      Merging cells $auto$equiv_make.cc:294:find_same_wires$3452 and $auto$equiv_make.cc:294:find_same_wires$3053.
      Merging cells $auto$equiv_make.cc:294:find_same_wires$2443 and $auto$equiv_make.cc:294:find_same_wires$2153.
    Fwd merging 4 $equiv cells (from group of 5) using strategy deduplicate:
      Merging cells $auto$equiv_make.cc:294:find_same_wires$3019 and $auto$equiv_make.cc:294:find_same_wires$2801.
      Merging cells $auto$equiv_make.cc:294:find_same_wires$2546 and $auto$equiv_make.cc:294:find_same_wires$2134.
    Fwd merging 4 $equiv cells (from group of 5) using strategy deduplicate:
      Merging cells $auto$equiv_make.cc:294:find_same_wires$3018 and $auto$equiv_make.cc:294:find_same_wires$2800.
      Merging cells $auto$equiv_make.cc:294:find_same_wires$2545 and $auto$equiv_make.cc:294:find_same_wires$2133.
    Fwd merging 4 $equiv cells (from group of 5) using strategy deduplicate:
      Merging cells $auto$equiv_make.cc:294:find_same_wires$3017 and $auto$equiv_make.cc:294:find_same_wires$2799.
      Merging cells $auto$equiv_make.cc:294:find_same_wires$2544 and $auto$equiv_make.cc:294:find_same_wires$2132.
    Fwd merging 4 $equiv cells (from group of 5) using strategy deduplicate:
      Merging cells $auto$equiv_make.cc:294:find_same_wires$3016 and $auto$equiv_make.cc:294:find_same_wires$2798.
      Merging cells $auto$equiv_make.cc:294:find_same_wires$2543 and $auto$equiv_make.cc:294:find_same_wires$2131.
    Fwd merging 4 $equiv cells (from group of 5) using strategy deduplicate:
      Merging cells $auto$equiv_make.cc:294:find_same_wires$3015 and $auto$equiv_make.cc:294:find_same_wires$2797.
      Merging cells $auto$equiv_make.cc:294:find_same_wires$2542 and $auto$equiv_make.cc:294:find_same_wires$2130.
    Fwd merging 4 $equiv cells (from group of 5) using strategy deduplicate:
      Merging cells $auto$equiv_make.cc:294:find_same_wires$3014 and $auto$equiv_make.cc:294:find_same_wires$2796.
      Merging cells $auto$equiv_make.cc:294:find_same_wires$2541 and $auto$equiv_make.cc:294:find_same_wires$2129.
    Fwd merging 4 $equiv cells (from group of 5) using strategy deduplicate:
      Merging cells $auto$equiv_make.cc:294:find_same_wires$3013 and $auto$equiv_make.cc:294:find_same_wires$2795.
      Merging cells $auto$equiv_make.cc:294:find_same_wires$2540 and $auto$equiv_make.cc:294:find_same_wires$2128.
    Fwd merging 4 $equiv cells (from group of 5) using strategy deduplicate:
      Merging cells $auto$equiv_make.cc:294:find_same_wires$3012 and $auto$equiv_make.cc:294:find_same_wires$2794.
      Merging cells $auto$equiv_make.cc:294:find_same_wires$2539 and $auto$equiv_make.cc:294:find_same_wires$2127.
    Fwd merging 4 $equiv cells (from group of 5) using strategy deduplicate:
      Merging cells $auto$equiv_make.cc:294:find_same_wires$3011 and $auto$equiv_make.cc:294:find_same_wires$2793.
      Merging cells $auto$equiv_make.cc:294:find_same_wires$2538 and $auto$equiv_make.cc:294:find_same_wires$2126.
    Fwd merging 4 $equiv cells (from group of 5) using strategy deduplicate:
      Merging cells $auto$equiv_make.cc:294:find_same_wires$3010 and $auto$equiv_make.cc:294:find_same_wires$2792.
      Merging cells $auto$equiv_make.cc:294:find_same_wires$2537 and $auto$equiv_make.cc:294:find_same_wires$2125.
    Fwd merging 4 $equiv cells (from group of 5) using strategy deduplicate:
      Merging cells $auto$equiv_make.cc:294:find_same_wires$3009 and $auto$equiv_make.cc:294:find_same_wires$2791.
      Merging cells $auto$equiv_make.cc:294:find_same_wires$2536 and $auto$equiv_make.cc:294:find_same_wires$2124.
    Fwd merging 4 $equiv cells (from group of 5) using strategy deduplicate:
      Merging cells $auto$equiv_make.cc:294:find_same_wires$3008 and $auto$equiv_make.cc:294:find_same_wires$2790.
      Merging cells $auto$equiv_make.cc:294:find_same_wires$2535 and $auto$equiv_make.cc:294:find_same_wires$2123.
    Fwd merging 4 $equiv cells (from group of 5) using strategy deduplicate:
      Merging cells $auto$equiv_make.cc:294:find_same_wires$3007 and $auto$equiv_make.cc:294:find_same_wires$2789.
      Merging cells $auto$equiv_make.cc:294:find_same_wires$2534 and $auto$equiv_make.cc:294:find_same_wires$2122.
    Fwd merging 4 $equiv cells (from group of 5) using strategy deduplicate:
      Merging cells $auto$equiv_make.cc:294:find_same_wires$3006 and $auto$equiv_make.cc:294:find_same_wires$2788.
      Merging cells $auto$equiv_make.cc:294:find_same_wires$2533 and $auto$equiv_make.cc:294:find_same_wires$2121.
    Fwd merging 4 $equiv cells (from group of 5) using strategy deduplicate:
      Merging cells $auto$equiv_make.cc:294:find_same_wires$3005 and $auto$equiv_make.cc:294:find_same_wires$2787.
      Merging cells $auto$equiv_make.cc:294:find_same_wires$2532 and $auto$equiv_make.cc:294:find_same_wires$2120.
    Fwd merging 4 $equiv cells (from group of 5) using strategy deduplicate:
      Merging cells $auto$equiv_make.cc:294:find_same_wires$3004 and $auto$equiv_make.cc:294:find_same_wires$2786.
      Merging cells $auto$equiv_make.cc:294:find_same_wires$2531 and $auto$equiv_make.cc:294:find_same_wires$2119.
    Fwd merging 4 $equiv cells (from group of 5) using strategy deduplicate:
      Merging cells $auto$equiv_make.cc:294:find_same_wires$3003 and $auto$equiv_make.cc:294:find_same_wires$2785.
      Merging cells $auto$equiv_make.cc:294:find_same_wires$2530 and $auto$equiv_make.cc:294:find_same_wires$2118.
    Fwd merging 4 $equiv cells (from group of 5) using strategy deduplicate:
      Merging cells $auto$equiv_make.cc:294:find_same_wires$3002 and $auto$equiv_make.cc:294:find_same_wires$2784.
      Merging cells $auto$equiv_make.cc:294:find_same_wires$2529 and $auto$equiv_make.cc:294:find_same_wires$2117.
    Fwd merging 4 $equiv cells (from group of 5) using strategy deduplicate:
      Merging cells $auto$equiv_make.cc:294:find_same_wires$3001 and $auto$equiv_make.cc:294:find_same_wires$2783.
      Merging cells $auto$equiv_make.cc:294:find_same_wires$2528 and $auto$equiv_make.cc:294:find_same_wires$2116.
    Fwd merging 4 $equiv cells (from group of 5) using strategy deduplicate:
      Merging cells $auto$equiv_make.cc:294:find_same_wires$3000 and $auto$equiv_make.cc:294:find_same_wires$2782.
      Merging cells $auto$equiv_make.cc:294:find_same_wires$2527 and $auto$equiv_make.cc:294:find_same_wires$2115.
    Fwd merging 4 $equiv cells (from group of 5) using strategy deduplicate:
      Merging cells $auto$equiv_make.cc:294:find_same_wires$2999 and $auto$equiv_make.cc:294:find_same_wires$2781.
      Merging cells $auto$equiv_make.cc:294:find_same_wires$2526 and $auto$equiv_make.cc:294:find_same_wires$2114.
    Fwd merging 4 $equiv cells (from group of 5) using strategy deduplicate:
      Merging cells $auto$equiv_make.cc:294:find_same_wires$2998 and $auto$equiv_make.cc:294:find_same_wires$2780.
      Merging cells $auto$equiv_make.cc:294:find_same_wires$2525 and $auto$equiv_make.cc:294:find_same_wires$2113.
    Fwd merging 4 $equiv cells (from group of 5) using strategy deduplicate:
      Merging cells $auto$equiv_make.cc:294:find_same_wires$2997 and $auto$equiv_make.cc:294:find_same_wires$2779.
      Merging cells $auto$equiv_make.cc:294:find_same_wires$2524 and $auto$equiv_make.cc:294:find_same_wires$2112.
    Fwd merging 4 $equiv cells (from group of 5) using strategy deduplicate:
      Merging cells $auto$equiv_make.cc:294:find_same_wires$2996 and $auto$equiv_make.cc:294:find_same_wires$2778.
      Merging cells $auto$equiv_make.cc:294:find_same_wires$2523 and $auto$equiv_make.cc:294:find_same_wires$2111.
    Fwd merging 4 $equiv cells (from group of 5) using strategy deduplicate:
      Merging cells $auto$equiv_make.cc:294:find_same_wires$2995 and $auto$equiv_make.cc:294:find_same_wires$2777.
      Merging cells $auto$equiv_make.cc:294:find_same_wires$2522 and $auto$equiv_make.cc:294:find_same_wires$2110.
    Fwd merging 4 $equiv cells (from group of 5) using strategy deduplicate:
      Merging cells $auto$equiv_make.cc:294:find_same_wires$2994 and $auto$equiv_make.cc:294:find_same_wires$2776.
      Merging cells $auto$equiv_make.cc:294:find_same_wires$2521 and $auto$equiv_make.cc:294:find_same_wires$2109.
    Fwd merging 4 $equiv cells (from group of 5) using strategy deduplicate:
      Merging cells $auto$equiv_make.cc:294:find_same_wires$2993 and $auto$equiv_make.cc:294:find_same_wires$2775.
      Merging cells $auto$equiv_make.cc:294:find_same_wires$2520 and $auto$equiv_make.cc:294:find_same_wires$2108.
    Fwd merging 4 $equiv cells (from group of 5) using strategy deduplicate:
      Merging cells $auto$equiv_make.cc:294:find_same_wires$2992 and $auto$equiv_make.cc:294:find_same_wires$2774.
      Merging cells $auto$equiv_make.cc:294:find_same_wires$2519 and $auto$equiv_make.cc:294:find_same_wires$2107.
    Fwd merging 4 $equiv cells (from group of 5) using strategy deduplicate:
      Merging cells $auto$equiv_make.cc:294:find_same_wires$2991 and $auto$equiv_make.cc:294:find_same_wires$2773.
      Merging cells $auto$equiv_make.cc:294:find_same_wires$2518 and $auto$equiv_make.cc:294:find_same_wires$2106.
    Fwd merging 4 $equiv cells (from group of 5) using strategy deduplicate:
      Merging cells $auto$equiv_make.cc:294:find_same_wires$2990 and $auto$equiv_make.cc:294:find_same_wires$2772.
      Merging cells $auto$equiv_make.cc:294:find_same_wires$2517 and $auto$equiv_make.cc:294:find_same_wires$2105.
    Fwd merging 4 $equiv cells (from group of 5) using strategy deduplicate:
      Merging cells $auto$equiv_make.cc:294:find_same_wires$2989 and $auto$equiv_make.cc:294:find_same_wires$2771.
      Merging cells $auto$equiv_make.cc:294:find_same_wires$2516 and $auto$equiv_make.cc:294:find_same_wires$2104.
    Fwd merging 4 $equiv cells (from group of 5) using strategy deduplicate:
      Merging cells $auto$equiv_make.cc:294:find_same_wires$2988 and $auto$equiv_make.cc:294:find_same_wires$2770.
      Merging cells $auto$equiv_make.cc:294:find_same_wires$2515 and $auto$equiv_make.cc:294:find_same_wires$2103.
    Fwd merging 4 $equiv cells (from group of 4) using strategy deduplicate:
      Merging cells $auto$equiv_make.cc:294:find_same_wires$2987 and $auto$equiv_make.cc:294:find_same_wires$2769.
      Merging cells $auto$equiv_make.cc:294:find_same_wires$2102 and $auto$equiv_make.cc:294:find_same_wires$1706.
    Fwd merging 4 $equiv cells (from group of 4) using strategy deduplicate:
      Merging cells $auto$equiv_make.cc:294:find_same_wires$2986 and $auto$equiv_make.cc:294:find_same_wires$2768.
      Merging cells $auto$equiv_make.cc:294:find_same_wires$2101 and $auto$equiv_make.cc:294:find_same_wires$1705.
    Fwd merging 4 $equiv cells (from group of 4) using strategy deduplicate:
      Merging cells $auto$equiv_make.cc:294:find_same_wires$2985 and $auto$equiv_make.cc:294:find_same_wires$2767.
      Merging cells $auto$equiv_make.cc:294:find_same_wires$2100 and $auto$equiv_make.cc:294:find_same_wires$1704.
    Fwd merging 4 $equiv cells (from group of 4) using strategy deduplicate:
      Merging cells $auto$equiv_make.cc:294:find_same_wires$2984 and $auto$equiv_make.cc:294:find_same_wires$2766.
      Merging cells $auto$equiv_make.cc:294:find_same_wires$2099 and $auto$equiv_make.cc:294:find_same_wires$1703.
    Fwd merging 4 $equiv cells (from group of 4) using strategy deduplicate:
      Merging cells $auto$equiv_make.cc:294:find_same_wires$2983 and $auto$equiv_make.cc:294:find_same_wires$2765.
      Merging cells $auto$equiv_make.cc:294:find_same_wires$2098 and $auto$equiv_make.cc:294:find_same_wires$1702.
    Fwd merging 4 $equiv cells (from group of 4) using strategy deduplicate:
      Merging cells $auto$equiv_make.cc:294:find_same_wires$2982 and $auto$equiv_make.cc:294:find_same_wires$2764.
      Merging cells $auto$equiv_make.cc:294:find_same_wires$2097 and $auto$equiv_make.cc:294:find_same_wires$1701.
    Fwd merging 4 $equiv cells (from group of 4) using strategy deduplicate:
      Merging cells $auto$equiv_make.cc:294:find_same_wires$2981 and $auto$equiv_make.cc:294:find_same_wires$2763.
      Merging cells $auto$equiv_make.cc:294:find_same_wires$2096 and $auto$equiv_make.cc:294:find_same_wires$1700.
    Fwd merging 4 $equiv cells (from group of 4) using strategy deduplicate:
      Merging cells $auto$equiv_make.cc:294:find_same_wires$2980 and $auto$equiv_make.cc:294:find_same_wires$2762.
      Merging cells $auto$equiv_make.cc:294:find_same_wires$2095 and $auto$equiv_make.cc:294:find_same_wires$1699.
    Fwd merging 4 $equiv cells (from group of 4) using strategy deduplicate:
      Merging cells $auto$equiv_make.cc:294:find_same_wires$2979 and $auto$equiv_make.cc:294:find_same_wires$2761.
      Merging cells $auto$equiv_make.cc:294:find_same_wires$2094 and $auto$equiv_make.cc:294:find_same_wires$1698.
    Fwd merging 4 $equiv cells (from group of 4) using strategy deduplicate:
      Merging cells $auto$equiv_make.cc:294:find_same_wires$2978 and $auto$equiv_make.cc:294:find_same_wires$2760.
      Merging cells $auto$equiv_make.cc:294:find_same_wires$2093 and $auto$equiv_make.cc:294:find_same_wires$1697.
    Fwd merging 4 $equiv cells (from group of 4) using strategy deduplicate:
      Merging cells $auto$equiv_make.cc:294:find_same_wires$2977 and $auto$equiv_make.cc:294:find_same_wires$2759.
      Merging cells $auto$equiv_make.cc:294:find_same_wires$2092 and $auto$equiv_make.cc:294:find_same_wires$1696.
    Fwd merging 4 $equiv cells (from group of 4) using strategy deduplicate:
      Merging cells $auto$equiv_make.cc:294:find_same_wires$2976 and $auto$equiv_make.cc:294:find_same_wires$2758.
      Merging cells $auto$equiv_make.cc:294:find_same_wires$2091 and $auto$equiv_make.cc:294:find_same_wires$1695.
    Fwd merging 4 $equiv cells (from group of 4) using strategy deduplicate:
      Merging cells $auto$equiv_make.cc:294:find_same_wires$2975 and $auto$equiv_make.cc:294:find_same_wires$2757.
      Merging cells $auto$equiv_make.cc:294:find_same_wires$2090 and $auto$equiv_make.cc:294:find_same_wires$1694.
    Fwd merging 4 $equiv cells (from group of 4) using strategy deduplicate:
      Merging cells $auto$equiv_make.cc:294:find_same_wires$2974 and $auto$equiv_make.cc:294:find_same_wires$2756.
      Merging cells $auto$equiv_make.cc:294:find_same_wires$2089 and $auto$equiv_make.cc:294:find_same_wires$1693.
    Fwd merging 4 $equiv cells (from group of 4) using strategy deduplicate:
      Merging cells $auto$equiv_make.cc:294:find_same_wires$2973 and $auto$equiv_make.cc:294:find_same_wires$2755.
      Merging cells $auto$equiv_make.cc:294:find_same_wires$2088 and $auto$equiv_make.cc:294:find_same_wires$1692.
    Fwd merging 4 $equiv cells (from group of 4) using strategy deduplicate:
      Merging cells $auto$equiv_make.cc:294:find_same_wires$2972 and $auto$equiv_make.cc:294:find_same_wires$2754.
      Merging cells $auto$equiv_make.cc:294:find_same_wires$2087 and $auto$equiv_make.cc:294:find_same_wires$1691.
    Fwd merging 4 $equiv cells (from group of 4) using strategy deduplicate:
      Merging cells $auto$equiv_make.cc:294:find_same_wires$2971 and $auto$equiv_make.cc:294:find_same_wires$2753.
      Merging cells $auto$equiv_make.cc:294:find_same_wires$2086 and $auto$equiv_make.cc:294:find_same_wires$1690.
    Fwd merging 4 $equiv cells (from group of 4) using strategy deduplicate:
      Merging cells $auto$equiv_make.cc:294:find_same_wires$2970 and $auto$equiv_make.cc:294:find_same_wires$2752.
      Merging cells $auto$equiv_make.cc:294:find_same_wires$2085 and $auto$equiv_make.cc:294:find_same_wires$1689.
    Fwd merging 4 $equiv cells (from group of 4) using strategy deduplicate:
      Merging cells $auto$equiv_make.cc:294:find_same_wires$2969 and $auto$equiv_make.cc:294:find_same_wires$2751.
      Merging cells $auto$equiv_make.cc:294:find_same_wires$2084 and $auto$equiv_make.cc:294:find_same_wires$1688.
    Fwd merging 4 $equiv cells (from group of 4) using strategy deduplicate:
      Merging cells $auto$equiv_make.cc:294:find_same_wires$2968 and $auto$equiv_make.cc:294:find_same_wires$2750.
      Merging cells $auto$equiv_make.cc:294:find_same_wires$2083 and $auto$equiv_make.cc:294:find_same_wires$1687.
    Fwd merging 4 $equiv cells (from group of 4) using strategy deduplicate:
      Merging cells $auto$equiv_make.cc:294:find_same_wires$2967 and $auto$equiv_make.cc:294:find_same_wires$2749.
      Merging cells $auto$equiv_make.cc:294:find_same_wires$2082 and $auto$equiv_make.cc:294:find_same_wires$1686.
    Fwd merging 4 $equiv cells (from group of 4) using strategy deduplicate:
      Merging cells $auto$equiv_make.cc:294:find_same_wires$2966 and $auto$equiv_make.cc:294:find_same_wires$2748.
      Merging cells $auto$equiv_make.cc:294:find_same_wires$2081 and $auto$equiv_make.cc:294:find_same_wires$1685.
    Fwd merging 4 $equiv cells (from group of 4) using strategy deduplicate:
      Merging cells $auto$equiv_make.cc:294:find_same_wires$2965 and $auto$equiv_make.cc:294:find_same_wires$2747.
      Merging cells $auto$equiv_make.cc:294:find_same_wires$2080 and $auto$equiv_make.cc:294:find_same_wires$1684.
    Fwd merging 4 $equiv cells (from group of 4) using strategy deduplicate:
      Merging cells $auto$equiv_make.cc:294:find_same_wires$2964 and $auto$equiv_make.cc:294:find_same_wires$2746.
      Merging cells $auto$equiv_make.cc:294:find_same_wires$2079 and $auto$equiv_make.cc:294:find_same_wires$1683.
    Fwd merging 4 $equiv cells (from group of 4) using strategy deduplicate:
      Merging cells $auto$equiv_make.cc:294:find_same_wires$2963 and $auto$equiv_make.cc:294:find_same_wires$2745.
      Merging cells $auto$equiv_make.cc:294:find_same_wires$2078 and $auto$equiv_make.cc:294:find_same_wires$1682.
    Fwd merging 4 $equiv cells (from group of 4) using strategy deduplicate:
      Merging cells $auto$equiv_make.cc:294:find_same_wires$2962 and $auto$equiv_make.cc:294:find_same_wires$2744.
      Merging cells $auto$equiv_make.cc:294:find_same_wires$2077 and $auto$equiv_make.cc:294:find_same_wires$1681.
    Fwd merging 4 $equiv cells (from group of 4) using strategy deduplicate:
      Merging cells $auto$equiv_make.cc:294:find_same_wires$2961 and $auto$equiv_make.cc:294:find_same_wires$2743.
      Merging cells $auto$equiv_make.cc:294:find_same_wires$2076 and $auto$equiv_make.cc:294:find_same_wires$1680.
    Fwd merging 4 $equiv cells (from group of 4) using strategy deduplicate:
      Merging cells $auto$equiv_make.cc:294:find_same_wires$2960 and $auto$equiv_make.cc:294:find_same_wires$2742.
      Merging cells $auto$equiv_make.cc:294:find_same_wires$2075 and $auto$equiv_make.cc:294:find_same_wires$1679.
    Fwd merging 4 $equiv cells (from group of 4) using strategy deduplicate:
      Merging cells $auto$equiv_make.cc:294:find_same_wires$2959 and $auto$equiv_make.cc:294:find_same_wires$2741.
      Merging cells $auto$equiv_make.cc:294:find_same_wires$2074 and $auto$equiv_make.cc:294:find_same_wires$1678.
    Fwd merging 4 $equiv cells (from group of 4) using strategy deduplicate:
      Merging cells $auto$equiv_make.cc:294:find_same_wires$2958 and $auto$equiv_make.cc:294:find_same_wires$2740.
      Merging cells $auto$equiv_make.cc:294:find_same_wires$2073 and $auto$equiv_make.cc:294:find_same_wires$1677.
    Fwd merging 4 $equiv cells (from group of 4) using strategy deduplicate:
      Merging cells $auto$equiv_make.cc:294:find_same_wires$2957 and $auto$equiv_make.cc:294:find_same_wires$2739.
      Merging cells $auto$equiv_make.cc:294:find_same_wires$2072 and $auto$equiv_make.cc:294:find_same_wires$1676.
    Fwd merging 4 $equiv cells (from group of 4) using strategy deduplicate:
      Merging cells $auto$equiv_make.cc:294:find_same_wires$2956 and $auto$equiv_make.cc:294:find_same_wires$2738.
      Merging cells $auto$equiv_make.cc:294:find_same_wires$2071 and $auto$equiv_make.cc:294:find_same_wires$1675.
    Fwd merging 4 $equiv cells (from group of 4) using strategy deduplicate:
      Merging cells $auto$equiv_make.cc:294:find_same_wires$2955 and $auto$equiv_make.cc:294:find_same_wires$2737.
      Merging cells $auto$equiv_make.cc:294:find_same_wires$2070 and $auto$equiv_make.cc:294:find_same_wires$1674.
    Fwd merging 4 $equiv cells (from group of 4) using strategy deduplicate:
      Merging cells $auto$equiv_make.cc:294:find_same_wires$2954 and $auto$equiv_make.cc:294:find_same_wires$2736.
      Merging cells $auto$equiv_make.cc:294:find_same_wires$2069 and $auto$equiv_make.cc:294:find_same_wires$1673.
    Fwd merging 4 $equiv cells (from group of 4) using strategy deduplicate:
      Merging cells $auto$equiv_make.cc:294:find_same_wires$2953 and $auto$equiv_make.cc:294:find_same_wires$2735.
      Merging cells $auto$equiv_make.cc:294:find_same_wires$2068 and $auto$equiv_make.cc:294:find_same_wires$1672.
    Fwd merging 4 $equiv cells (from group of 4) using strategy deduplicate:
      Merging cells $auto$equiv_make.cc:294:find_same_wires$2952 and $auto$equiv_make.cc:294:find_same_wires$2734.
      Merging cells $auto$equiv_make.cc:294:find_same_wires$2067 and $auto$equiv_make.cc:294:find_same_wires$1671.
    Fwd merging 4 $equiv cells (from group of 4) using strategy deduplicate:
      Merging cells $auto$equiv_make.cc:294:find_same_wires$2951 and $auto$equiv_make.cc:294:find_same_wires$2733.
      Merging cells $auto$equiv_make.cc:294:find_same_wires$2066 and $auto$equiv_make.cc:294:find_same_wires$1670.
    Fwd merging 4 $equiv cells (from group of 4) using strategy deduplicate:
      Merging cells $auto$equiv_make.cc:294:find_same_wires$2950 and $auto$equiv_make.cc:294:find_same_wires$2732.
      Merging cells $auto$equiv_make.cc:294:find_same_wires$2065 and $auto$equiv_make.cc:294:find_same_wires$1669.
    Fwd merging 4 $equiv cells (from group of 4) using strategy deduplicate:
      Merging cells $auto$equiv_make.cc:294:find_same_wires$2949 and $auto$equiv_make.cc:294:find_same_wires$2731.
      Merging cells $auto$equiv_make.cc:294:find_same_wires$2064 and $auto$equiv_make.cc:294:find_same_wires$1668.
    Fwd merging 4 $equiv cells (from group of 4) using strategy deduplicate:
      Merging cells $auto$equiv_make.cc:294:find_same_wires$2948 and $auto$equiv_make.cc:294:find_same_wires$2730.
      Merging cells $auto$equiv_make.cc:294:find_same_wires$2063 and $auto$equiv_make.cc:294:find_same_wires$1667.
    Fwd merging 4 $equiv cells (from group of 5) using strategy deduplicate:
      Merging cells $auto$equiv_make.cc:294:find_same_wires$2947 and $auto$equiv_make.cc:294:find_same_wires$2729.
      Merging cells $auto$equiv_make.cc:294:find_same_wires$2172 and $auto$equiv_make.cc:294:find_same_wires$2062.
    Fwd merging 4 $equiv cells (from group of 5) using strategy deduplicate:
      Merging cells $auto$equiv_make.cc:294:find_same_wires$2946 and $auto$equiv_make.cc:294:find_same_wires$2728.
      Merging cells $auto$equiv_make.cc:294:find_same_wires$2498 and $auto$equiv_make.cc:294:find_same_wires$2061.
    Fwd merging 4 $equiv cells (from group of 5) using strategy deduplicate:
      Merging cells $auto$equiv_make.cc:294:find_same_wires$2945 and $auto$equiv_make.cc:294:find_same_wires$2727.
      Merging cells $auto$equiv_make.cc:294:find_same_wires$2497 and $auto$equiv_make.cc:294:find_same_wires$2060.
    Fwd merging 4 $equiv cells (from group of 5) using strategy deduplicate:
      Merging cells $auto$equiv_make.cc:294:find_same_wires$2944 and $auto$equiv_make.cc:294:find_same_wires$2726.
      Merging cells $auto$equiv_make.cc:294:find_same_wires$2496 and $auto$equiv_make.cc:294:find_same_wires$2059.
    Fwd merging 4 $equiv cells (from group of 5) using strategy deduplicate:
      Merging cells $auto$equiv_make.cc:294:find_same_wires$2943 and $auto$equiv_make.cc:294:find_same_wires$2725.
      Merging cells $auto$equiv_make.cc:294:find_same_wires$2495 and $auto$equiv_make.cc:294:find_same_wires$2058.
    Fwd merging 4 $equiv cells (from group of 5) using strategy deduplicate:
      Merging cells $auto$equiv_make.cc:294:find_same_wires$2942 and $auto$equiv_make.cc:294:find_same_wires$2724.
      Merging cells $auto$equiv_make.cc:294:find_same_wires$2494 and $auto$equiv_make.cc:294:find_same_wires$2057.
    Fwd merging 4 $equiv cells (from group of 5) using strategy deduplicate:
      Merging cells $auto$equiv_make.cc:294:find_same_wires$2941 and $auto$equiv_make.cc:294:find_same_wires$2723.
      Merging cells $auto$equiv_make.cc:294:find_same_wires$2493 and $auto$equiv_make.cc:294:find_same_wires$2056.
    Fwd merging 4 $equiv cells (from group of 5) using strategy deduplicate:
      Merging cells $auto$equiv_make.cc:294:find_same_wires$2940 and $auto$equiv_make.cc:294:find_same_wires$2722.
      Merging cells $auto$equiv_make.cc:294:find_same_wires$2492 and $auto$equiv_make.cc:294:find_same_wires$2055.
    Fwd merging 4 $equiv cells (from group of 5) using strategy deduplicate:
      Merging cells $auto$equiv_make.cc:294:find_same_wires$2939 and $auto$equiv_make.cc:294:find_same_wires$2721.
      Merging cells $auto$equiv_make.cc:294:find_same_wires$2491 and $auto$equiv_make.cc:294:find_same_wires$2054.
    Fwd merging 4 $equiv cells (from group of 4) using strategy deduplicate:
      Merging cells $auto$equiv_make.cc:294:find_same_wires$2921 and $auto$equiv_make.cc:294:find_same_wires$2703.
      Merging cells $auto$equiv_make.cc:294:find_same_wires$2053 and $auto$equiv_make.cc:294:find_same_wires$1640.
    Fwd merging 4 $equiv cells (from group of 4) using strategy deduplicate:
      Merging cells $auto$equiv_make.cc:294:find_same_wires$2920 and $auto$equiv_make.cc:294:find_same_wires$2702.
      Merging cells $auto$equiv_make.cc:294:find_same_wires$2052 and $auto$equiv_make.cc:294:find_same_wires$1639.
    Fwd merging 4 $equiv cells (from group of 4) using strategy deduplicate:
      Merging cells $auto$equiv_make.cc:294:find_same_wires$2919 and $auto$equiv_make.cc:294:find_same_wires$2701.
      Merging cells $auto$equiv_make.cc:294:find_same_wires$2051 and $auto$equiv_make.cc:294:find_same_wires$1638.
    Fwd merging 4 $equiv cells (from group of 4) using strategy deduplicate:
      Merging cells $auto$equiv_make.cc:294:find_same_wires$2918 and $auto$equiv_make.cc:294:find_same_wires$2700.
      Merging cells $auto$equiv_make.cc:294:find_same_wires$2050 and $auto$equiv_make.cc:294:find_same_wires$1637.
    Fwd merging 4 $equiv cells (from group of 4) using strategy deduplicate:
      Merging cells $auto$equiv_make.cc:294:find_same_wires$2917 and $auto$equiv_make.cc:294:find_same_wires$2699.
      Merging cells $auto$equiv_make.cc:294:find_same_wires$2049 and $auto$equiv_make.cc:294:find_same_wires$1636.
    Fwd merging 4 $equiv cells (from group of 4) using strategy deduplicate:
      Merging cells $auto$equiv_make.cc:294:find_same_wires$2916 and $auto$equiv_make.cc:294:find_same_wires$2698.
      Merging cells $auto$equiv_make.cc:294:find_same_wires$2048 and $auto$equiv_make.cc:294:find_same_wires$1635.
    Fwd merging 4 $equiv cells (from group of 4) using strategy deduplicate:
      Merging cells $auto$equiv_make.cc:294:find_same_wires$2915 and $auto$equiv_make.cc:294:find_same_wires$2697.
      Merging cells $auto$equiv_make.cc:294:find_same_wires$2047 and $auto$equiv_make.cc:294:find_same_wires$1634.
    Fwd merging 4 $equiv cells (from group of 4) using strategy deduplicate:
      Merging cells $auto$equiv_make.cc:294:find_same_wires$2914 and $auto$equiv_make.cc:294:find_same_wires$2696.
      Merging cells $auto$equiv_make.cc:294:find_same_wires$2046 and $auto$equiv_make.cc:294:find_same_wires$1633.
    Fwd merging 4 $equiv cells (from group of 5) using strategy deduplicate:
      Merging cells $auto$equiv_make.cc:294:find_same_wires$2913 and $auto$equiv_make.cc:294:find_same_wires$2695.
      Merging cells $auto$equiv_make.cc:294:find_same_wires$2151 and $auto$equiv_make.cc:294:find_same_wires$2045.
    Fwd merging 4 $equiv cells (from group of 5) using strategy deduplicate:
      Merging cells $auto$equiv_make.cc:294:find_same_wires$2912 and $auto$equiv_make.cc:294:find_same_wires$2694.
      Merging cells $auto$equiv_make.cc:294:find_same_wires$2150 and $auto$equiv_make.cc:294:find_same_wires$2044.
    Fwd merging 4 $equiv cells (from group of 5) using strategy deduplicate:
      Merging cells $auto$equiv_make.cc:294:find_same_wires$2911 and $auto$equiv_make.cc:294:find_same_wires$2693.
      Merging cells $auto$equiv_make.cc:294:find_same_wires$2149 and $auto$equiv_make.cc:294:find_same_wires$2043.
    Fwd merging 4 $equiv cells (from group of 5) using strategy deduplicate:
      Merging cells $auto$equiv_make.cc:294:find_same_wires$2910 and $auto$equiv_make.cc:294:find_same_wires$2692.
      Merging cells $auto$equiv_make.cc:294:find_same_wires$2148 and $auto$equiv_make.cc:294:find_same_wires$2042.
    Fwd merging 4 $equiv cells (from group of 5) using strategy deduplicate:
      Merging cells $auto$equiv_make.cc:294:find_same_wires$2909 and $auto$equiv_make.cc:294:find_same_wires$2691.
      Merging cells $auto$equiv_make.cc:294:find_same_wires$2147 and $auto$equiv_make.cc:294:find_same_wires$2041.
    Fwd merging 4 $equiv cells (from group of 5) using strategy deduplicate:
      Merging cells $auto$equiv_make.cc:294:find_same_wires$2908 and $auto$equiv_make.cc:294:find_same_wires$2690.
      Merging cells $auto$equiv_make.cc:294:find_same_wires$2146 and $auto$equiv_make.cc:294:find_same_wires$2040.
    Fwd merging 4 $equiv cells (from group of 5) using strategy deduplicate:
      Merging cells $auto$equiv_make.cc:294:find_same_wires$2907 and $auto$equiv_make.cc:294:find_same_wires$2689.
      Merging cells $auto$equiv_make.cc:294:find_same_wires$2145 and $auto$equiv_make.cc:294:find_same_wires$2039.
    Fwd merging 4 $equiv cells (from group of 5) using strategy deduplicate:
      Merging cells $auto$equiv_make.cc:294:find_same_wires$2906 and $auto$equiv_make.cc:294:find_same_wires$2688.
      Merging cells $auto$equiv_make.cc:294:find_same_wires$2144 and $auto$equiv_make.cc:294:find_same_wires$2038.
    Fwd merging 4 $equiv cells (from group of 4) using strategy deduplicate:
      Merging cells $auto$equiv_make.cc:294:find_same_wires$2905 and $auto$equiv_make.cc:294:find_same_wires$2687.
      Merging cells $auto$equiv_make.cc:294:find_same_wires$2037 and $auto$equiv_make.cc:294:find_same_wires$1624.
    Fwd merging 4 $equiv cells (from group of 4) using strategy deduplicate:
      Merging cells $auto$equiv_make.cc:294:find_same_wires$2904 and $auto$equiv_make.cc:294:find_same_wires$2686.
      Merging cells $auto$equiv_make.cc:294:find_same_wires$2036 and $auto$equiv_make.cc:294:find_same_wires$1623.
    Fwd merging 4 $equiv cells (from group of 4) using strategy deduplicate:
      Merging cells $auto$equiv_make.cc:294:find_same_wires$2903 and $auto$equiv_make.cc:294:find_same_wires$2685.
      Merging cells $auto$equiv_make.cc:294:find_same_wires$2035 and $auto$equiv_make.cc:294:find_same_wires$1622.
    Fwd merging 4 $equiv cells (from group of 4) using strategy deduplicate:
      Merging cells $auto$equiv_make.cc:294:find_same_wires$2902 and $auto$equiv_make.cc:294:find_same_wires$2684.
      Merging cells $auto$equiv_make.cc:294:find_same_wires$2034 and $auto$equiv_make.cc:294:find_same_wires$1621.
    Fwd merging 4 $equiv cells (from group of 4) using strategy deduplicate:
      Merging cells $auto$equiv_make.cc:294:find_same_wires$2901 and $auto$equiv_make.cc:294:find_same_wires$2683.
      Merging cells $auto$equiv_make.cc:294:find_same_wires$2033 and $auto$equiv_make.cc:294:find_same_wires$1620.
    Fwd merging 4 $equiv cells (from group of 4) using strategy deduplicate:
      Merging cells $auto$equiv_make.cc:294:find_same_wires$2900 and $auto$equiv_make.cc:294:find_same_wires$2682.
      Merging cells $auto$equiv_make.cc:294:find_same_wires$2032 and $auto$equiv_make.cc:294:find_same_wires$1619.
    Fwd merging 4 $equiv cells (from group of 4) using strategy deduplicate:
      Merging cells $auto$equiv_make.cc:294:find_same_wires$2899 and $auto$equiv_make.cc:294:find_same_wires$2681.
      Merging cells $auto$equiv_make.cc:294:find_same_wires$2031 and $auto$equiv_make.cc:294:find_same_wires$1618.
    Fwd merging 4 $equiv cells (from group of 4) using strategy deduplicate:
      Merging cells $auto$equiv_make.cc:294:find_same_wires$2898 and $auto$equiv_make.cc:294:find_same_wires$2680.
      Merging cells $auto$equiv_make.cc:294:find_same_wires$2030 and $auto$equiv_make.cc:294:find_same_wires$1617.
    Fwd merging 4 $equiv cells (from group of 5) using strategy deduplicate:
      Merging cells $auto$equiv_make.cc:294:find_same_wires$2897 and $auto$equiv_make.cc:294:find_same_wires$2679.
      Merging cells $auto$equiv_make.cc:294:find_same_wires$2143 and $auto$equiv_make.cc:294:find_same_wires$2029.
    Fwd merging 4 $equiv cells (from group of 5) using strategy deduplicate:
      Merging cells $auto$equiv_make.cc:294:find_same_wires$2896 and $auto$equiv_make.cc:294:find_same_wires$2678.
      Merging cells $auto$equiv_make.cc:294:find_same_wires$2142 and $auto$equiv_make.cc:294:find_same_wires$2028.
    Fwd merging 4 $equiv cells (from group of 5) using strategy deduplicate:
      Merging cells $auto$equiv_make.cc:294:find_same_wires$2895 and $auto$equiv_make.cc:294:find_same_wires$2677.
      Merging cells $auto$equiv_make.cc:294:find_same_wires$2141 and $auto$equiv_make.cc:294:find_same_wires$2027.
    Fwd merging 4 $equiv cells (from group of 5) using strategy deduplicate:
      Merging cells $auto$equiv_make.cc:294:find_same_wires$2894 and $auto$equiv_make.cc:294:find_same_wires$2676.
      Merging cells $auto$equiv_make.cc:294:find_same_wires$2140 and $auto$equiv_make.cc:294:find_same_wires$2026.
    Fwd merging 4 $equiv cells (from group of 5) using strategy deduplicate:
      Merging cells $auto$equiv_make.cc:294:find_same_wires$2893 and $auto$equiv_make.cc:294:find_same_wires$2675.
      Merging cells $auto$equiv_make.cc:294:find_same_wires$2139 and $auto$equiv_make.cc:294:find_same_wires$2025.
    Fwd merging 4 $equiv cells (from group of 5) using strategy deduplicate:
      Merging cells $auto$equiv_make.cc:294:find_same_wires$2892 and $auto$equiv_make.cc:294:find_same_wires$2674.
      Merging cells $auto$equiv_make.cc:294:find_same_wires$2138 and $auto$equiv_make.cc:294:find_same_wires$2024.
    Fwd merging 4 $equiv cells (from group of 5) using strategy deduplicate:
      Merging cells $auto$equiv_make.cc:294:find_same_wires$2891 and $auto$equiv_make.cc:294:find_same_wires$2673.
      Merging cells $auto$equiv_make.cc:294:find_same_wires$2137 and $auto$equiv_make.cc:294:find_same_wires$2023.
    Fwd merging 4 $equiv cells (from group of 5) using strategy deduplicate:
      Merging cells $auto$equiv_make.cc:294:find_same_wires$2890 and $auto$equiv_make.cc:294:find_same_wires$2672.
      Merging cells $auto$equiv_make.cc:294:find_same_wires$2136 and $auto$equiv_make.cc:294:find_same_wires$2022.
    Fwd merging 4 $equiv cells (from group of 5) using strategy deduplicate:
      Merging cells $auto$equiv_make.cc:294:find_same_wires$2889 and $auto$equiv_make.cc:294:find_same_wires$2671.
      Merging cells $auto$equiv_make.cc:294:find_same_wires$2514 and $auto$equiv_make.cc:294:find_same_wires$2021.
    Fwd merging 4 $equiv cells (from group of 5) using strategy deduplicate:
      Merging cells $auto$equiv_make.cc:294:find_same_wires$2888 and $auto$equiv_make.cc:294:find_same_wires$2670.
      Merging cells $auto$equiv_make.cc:294:find_same_wires$2513 and $auto$equiv_make.cc:294:find_same_wires$2020.
    Fwd merging 4 $equiv cells (from group of 5) using strategy deduplicate:
      Merging cells $auto$equiv_make.cc:294:find_same_wires$2887 and $auto$equiv_make.cc:294:find_same_wires$2669.
      Merging cells $auto$equiv_make.cc:294:find_same_wires$2512 and $auto$equiv_make.cc:294:find_same_wires$2019.
    Fwd merging 4 $equiv cells (from group of 5) using strategy deduplicate:
      Merging cells $auto$equiv_make.cc:294:find_same_wires$2886 and $auto$equiv_make.cc:294:find_same_wires$2668.
      Merging cells $auto$equiv_make.cc:294:find_same_wires$2511 and $auto$equiv_make.cc:294:find_same_wires$2018.
    Fwd merging 4 $equiv cells (from group of 5) using strategy deduplicate:
      Merging cells $auto$equiv_make.cc:294:find_same_wires$2885 and $auto$equiv_make.cc:294:find_same_wires$2667.
      Merging cells $auto$equiv_make.cc:294:find_same_wires$2510 and $auto$equiv_make.cc:294:find_same_wires$2017.
    Fwd merging 4 $equiv cells (from group of 5) using strategy deduplicate:
      Merging cells $auto$equiv_make.cc:294:find_same_wires$2884 and $auto$equiv_make.cc:294:find_same_wires$2666.
      Merging cells $auto$equiv_make.cc:294:find_same_wires$2509 and $auto$equiv_make.cc:294:find_same_wires$2016.
    Fwd merging 4 $equiv cells (from group of 5) using strategy deduplicate:
      Merging cells $auto$equiv_make.cc:294:find_same_wires$2883 and $auto$equiv_make.cc:294:find_same_wires$2665.
      Merging cells $auto$equiv_make.cc:294:find_same_wires$2508 and $auto$equiv_make.cc:294:find_same_wires$2015.
    Fwd merging 4 $equiv cells (from group of 5) using strategy deduplicate:
      Merging cells $auto$equiv_make.cc:294:find_same_wires$2882 and $auto$equiv_make.cc:294:find_same_wires$2664.
      Merging cells $auto$equiv_make.cc:294:find_same_wires$2507 and $auto$equiv_make.cc:294:find_same_wires$2014.
    Fwd merging 4 $equiv cells (from group of 4) using strategy deduplicate:
      Merging cells $auto$equiv_make.cc:294:find_same_wires$2881 and $auto$equiv_make.cc:294:find_same_wires$2663.
      Merging cells $auto$equiv_make.cc:294:find_same_wires$2013 and $auto$equiv_make.cc:294:find_same_wires$1600.
    Fwd merging 4 $equiv cells (from group of 4) using strategy deduplicate:
      Merging cells $auto$equiv_make.cc:294:find_same_wires$2880 and $auto$equiv_make.cc:294:find_same_wires$2662.
      Merging cells $auto$equiv_make.cc:294:find_same_wires$2012 and $auto$equiv_make.cc:294:find_same_wires$1599.
    Fwd merging 4 $equiv cells (from group of 4) using strategy deduplicate:
      Merging cells $auto$equiv_make.cc:294:find_same_wires$2879 and $auto$equiv_make.cc:294:find_same_wires$2661.
      Merging cells $auto$equiv_make.cc:294:find_same_wires$2011 and $auto$equiv_make.cc:294:find_same_wires$1598.
    Fwd merging 4 $equiv cells (from group of 4) using strategy deduplicate:
      Merging cells $auto$equiv_make.cc:294:find_same_wires$2878 and $auto$equiv_make.cc:294:find_same_wires$2660.
      Merging cells $auto$equiv_make.cc:294:find_same_wires$2010 and $auto$equiv_make.cc:294:find_same_wires$1597.
    Fwd merging 4 $equiv cells (from group of 4) using strategy deduplicate:
      Merging cells $auto$equiv_make.cc:294:find_same_wires$2877 and $auto$equiv_make.cc:294:find_same_wires$2659.
      Merging cells $auto$equiv_make.cc:294:find_same_wires$2009 and $auto$equiv_make.cc:294:find_same_wires$1596.
    Fwd merging 4 $equiv cells (from group of 4) using strategy deduplicate:
      Merging cells $auto$equiv_make.cc:294:find_same_wires$2876 and $auto$equiv_make.cc:294:find_same_wires$2658.
      Merging cells $auto$equiv_make.cc:294:find_same_wires$2008 and $auto$equiv_make.cc:294:find_same_wires$1595.
    Fwd merging 4 $equiv cells (from group of 4) using strategy deduplicate:
      Merging cells $auto$equiv_make.cc:294:find_same_wires$2875 and $auto$equiv_make.cc:294:find_same_wires$2657.
      Merging cells $auto$equiv_make.cc:294:find_same_wires$2007 and $auto$equiv_make.cc:294:find_same_wires$1594.
    Fwd merging 4 $equiv cells (from group of 4) using strategy deduplicate:
      Merging cells $auto$equiv_make.cc:294:find_same_wires$2874 and $auto$equiv_make.cc:294:find_same_wires$2656.
      Merging cells $auto$equiv_make.cc:294:find_same_wires$2006 and $auto$equiv_make.cc:294:find_same_wires$1593.
    Fwd merging 4 $equiv cells (from group of 4) using strategy deduplicate:
      Merging cells $auto$equiv_make.cc:294:find_same_wires$2873 and $auto$equiv_make.cc:294:find_same_wires$2655.
      Merging cells $auto$equiv_make.cc:294:find_same_wires$2005 and $auto$equiv_make.cc:294:find_same_wires$1592.
    Fwd merging 4 $equiv cells (from group of 5) using strategy deduplicate:
      Merging cells $auto$equiv_make.cc:294:find_same_wires$2872 and $auto$equiv_make.cc:294:find_same_wires$2654.
      Merging cells $auto$equiv_make.cc:294:find_same_wires$2506 and $auto$equiv_make.cc:294:find_same_wires$2004.
    Fwd merging 4 $equiv cells (from group of 5) using strategy deduplicate:
      Merging cells $auto$equiv_make.cc:294:find_same_wires$2871 and $auto$equiv_make.cc:294:find_same_wires$2653.
      Merging cells $auto$equiv_make.cc:294:find_same_wires$2505 and $auto$equiv_make.cc:294:find_same_wires$2003.
    Fwd merging 4 $equiv cells (from group of 5) using strategy deduplicate:
      Merging cells $auto$equiv_make.cc:294:find_same_wires$2870 and $auto$equiv_make.cc:294:find_same_wires$2652.
      Merging cells $auto$equiv_make.cc:294:find_same_wires$2504 and $auto$equiv_make.cc:294:find_same_wires$2002.
    Fwd merging 4 $equiv cells (from group of 5) using strategy deduplicate:
      Merging cells $auto$equiv_make.cc:294:find_same_wires$2869 and $auto$equiv_make.cc:294:find_same_wires$2651.
      Merging cells $auto$equiv_make.cc:294:find_same_wires$2503 and $auto$equiv_make.cc:294:find_same_wires$2001.
    Fwd merging 4 $equiv cells (from group of 5) using strategy deduplicate:
      Merging cells $auto$equiv_make.cc:294:find_same_wires$2868 and $auto$equiv_make.cc:294:find_same_wires$2650.
      Merging cells $auto$equiv_make.cc:294:find_same_wires$2502 and $auto$equiv_make.cc:294:find_same_wires$2000.
    Fwd merging 4 $equiv cells (from group of 5) using strategy deduplicate:
      Merging cells $auto$equiv_make.cc:294:find_same_wires$2867 and $auto$equiv_make.cc:294:find_same_wires$2649.
      Merging cells $auto$equiv_make.cc:294:find_same_wires$2501 and $auto$equiv_make.cc:294:find_same_wires$1999.
    Fwd merging 4 $equiv cells (from group of 5) using strategy deduplicate:
      Merging cells $auto$equiv_make.cc:294:find_same_wires$2866 and $auto$equiv_make.cc:294:find_same_wires$2648.
      Merging cells $auto$equiv_make.cc:294:find_same_wires$2500 and $auto$equiv_make.cc:294:find_same_wires$1998.
    Fwd merging 4 $equiv cells (from group of 5) using strategy deduplicate:
      Merging cells $auto$equiv_make.cc:294:find_same_wires$2865 and $auto$equiv_make.cc:294:find_same_wires$2647.
      Merging cells $auto$equiv_make.cc:294:find_same_wires$2499 and $auto$equiv_make.cc:294:find_same_wires$1997.
    Fwd merging 4 $equiv cells (from group of 4) using strategy deduplicate:
      Merging cells $auto$equiv_make.cc:294:find_same_wires$2864 and $auto$equiv_make.cc:294:find_same_wires$2646.
      Merging cells $auto$equiv_make.cc:294:find_same_wires$1996 and $auto$equiv_make.cc:294:find_same_wires$1583.
    Fwd merging 4 $equiv cells (from group of 4) using strategy deduplicate:
      Merging cells $auto$equiv_make.cc:294:find_same_wires$2863 and $auto$equiv_make.cc:294:find_same_wires$2645.
      Merging cells $auto$equiv_make.cc:294:find_same_wires$1995 and $auto$equiv_make.cc:294:find_same_wires$1582.
    Fwd merging 4 $equiv cells (from group of 4) using strategy deduplicate:
      Merging cells $auto$equiv_make.cc:294:find_same_wires$2862 and $auto$equiv_make.cc:294:find_same_wires$2644.
      Merging cells $auto$equiv_make.cc:294:find_same_wires$1994 and $auto$equiv_make.cc:294:find_same_wires$1581.
    Fwd merging 4 $equiv cells (from group of 4) using strategy deduplicate:
      Merging cells $auto$equiv_make.cc:294:find_same_wires$2861 and $auto$equiv_make.cc:294:find_same_wires$2643.
      Merging cells $auto$equiv_make.cc:294:find_same_wires$1993 and $auto$equiv_make.cc:294:find_same_wires$1580.
    Fwd merging 4 $equiv cells (from group of 4) using strategy deduplicate:
      Merging cells $auto$equiv_make.cc:294:find_same_wires$2860 and $auto$equiv_make.cc:294:find_same_wires$2642.
      Merging cells $auto$equiv_make.cc:294:find_same_wires$1992 and $auto$equiv_make.cc:294:find_same_wires$1579.
    Fwd merging 4 $equiv cells (from group of 4) using strategy deduplicate:
      Merging cells $auto$equiv_make.cc:294:find_same_wires$2859 and $auto$equiv_make.cc:294:find_same_wires$2641.
      Merging cells $auto$equiv_make.cc:294:find_same_wires$1991 and $auto$equiv_make.cc:294:find_same_wires$1578.
    Fwd merging 4 $equiv cells (from group of 4) using strategy deduplicate:
      Merging cells $auto$equiv_make.cc:294:find_same_wires$2858 and $auto$equiv_make.cc:294:find_same_wires$2640.
      Merging cells $auto$equiv_make.cc:294:find_same_wires$1990 and $auto$equiv_make.cc:294:find_same_wires$1577.
    Fwd merging 4 $equiv cells (from group of 4) using strategy deduplicate:
      Merging cells $auto$equiv_make.cc:294:find_same_wires$2857 and $auto$equiv_make.cc:294:find_same_wires$2639.
      Merging cells $auto$equiv_make.cc:294:find_same_wires$1989 and $auto$equiv_make.cc:294:find_same_wires$1576.
    Fwd merging 4 $equiv cells (from group of 4) using strategy deduplicate:
      Merging cells $auto$equiv_make.cc:294:find_same_wires$2840 and $auto$equiv_make.cc:294:find_same_wires$2622.
      Merging cells $auto$equiv_make.cc:294:find_same_wires$1988 and $auto$equiv_make.cc:294:find_same_wires$1559.
    Fwd merging 4 $equiv cells (from group of 4) using strategy deduplicate:
      Merging cells $auto$equiv_make.cc:294:find_same_wires$2839 and $auto$equiv_make.cc:294:find_same_wires$2621.
      Merging cells $auto$equiv_make.cc:294:find_same_wires$1987 and $auto$equiv_make.cc:294:find_same_wires$1558.
    Fwd merging 4 $equiv cells (from group of 4) using strategy deduplicate:
      Merging cells $auto$equiv_make.cc:294:find_same_wires$2838 and $auto$equiv_make.cc:294:find_same_wires$2620.
      Merging cells $auto$equiv_make.cc:294:find_same_wires$1986 and $auto$equiv_make.cc:294:find_same_wires$1557.
    Fwd merging 4 $equiv cells (from group of 4) using strategy deduplicate:
      Merging cells $auto$equiv_make.cc:294:find_same_wires$2837 and $auto$equiv_make.cc:294:find_same_wires$2619.
      Merging cells $auto$equiv_make.cc:294:find_same_wires$1985 and $auto$equiv_make.cc:294:find_same_wires$1556.
    Fwd merging 4 $equiv cells (from group of 4) using strategy deduplicate:
      Merging cells $auto$equiv_make.cc:294:find_same_wires$2804 and $auto$equiv_make.cc:294:find_same_wires$2586.
      Merging cells $auto$equiv_make.cc:294:find_same_wires$1984 and $auto$equiv_make.cc:294:find_same_wires$1523.
    Fwd merging 6 $equiv cells (from group of 6) using strategy deduplicate:
      Merging cells $auto$equiv_make.cc:294:find_same_wires$3469 and $auto$equiv_make.cc:294:find_same_wires$3449.
      Merging cells $auto$equiv_make.cc:294:find_same_wires$3433 and $auto$equiv_make.cc:294:find_same_wires$3087.
      Merging cells $auto$equiv_make.cc:294:find_same_wires$1890 and $auto$equiv_make.cc:294:find_same_wires$1756.
    Fwd merging 6 $equiv cells (from group of 6) using strategy deduplicate:
      Merging cells $auto$equiv_make.cc:294:find_same_wires$3468 and $auto$equiv_make.cc:294:find_same_wires$3448.
      Merging cells $auto$equiv_make.cc:294:find_same_wires$3432 and $auto$equiv_make.cc:294:find_same_wires$3086.
      Merging cells $auto$equiv_make.cc:294:find_same_wires$1889 and $auto$equiv_make.cc:294:find_same_wires$1755.
    Fwd merging 6 $equiv cells (from group of 6) using strategy deduplicate:
      Merging cells $auto$equiv_make.cc:294:find_same_wires$3467 and $auto$equiv_make.cc:294:find_same_wires$3447.
      Merging cells $auto$equiv_make.cc:294:find_same_wires$3431 and $auto$equiv_make.cc:294:find_same_wires$3085.
      Merging cells $auto$equiv_make.cc:294:find_same_wires$1888 and $auto$equiv_make.cc:294:find_same_wires$1754.
    Fwd merging 6 $equiv cells (from group of 6) using strategy deduplicate:
      Merging cells $auto$equiv_make.cc:294:find_same_wires$3466 and $auto$equiv_make.cc:294:find_same_wires$3446.
      Merging cells $auto$equiv_make.cc:294:find_same_wires$3430 and $auto$equiv_make.cc:294:find_same_wires$3084.
      Merging cells $auto$equiv_make.cc:294:find_same_wires$1887 and $auto$equiv_make.cc:294:find_same_wires$1753.
    Fwd merging 6 $equiv cells (from group of 6) using strategy deduplicate:
      Merging cells $auto$equiv_make.cc:294:find_same_wires$3465 and $auto$equiv_make.cc:294:find_same_wires$3445.
      Merging cells $auto$equiv_make.cc:294:find_same_wires$3429 and $auto$equiv_make.cc:294:find_same_wires$3083.
      Merging cells $auto$equiv_make.cc:294:find_same_wires$1886 and $auto$equiv_make.cc:294:find_same_wires$1752.
    Fwd merging 6 $equiv cells (from group of 6) using strategy deduplicate:
      Merging cells $auto$equiv_make.cc:294:find_same_wires$3464 and $auto$equiv_make.cc:294:find_same_wires$3444.
      Merging cells $auto$equiv_make.cc:294:find_same_wires$3428 and $auto$equiv_make.cc:294:find_same_wires$3082.
      Merging cells $auto$equiv_make.cc:294:find_same_wires$1885 and $auto$equiv_make.cc:294:find_same_wires$1751.
    Fwd merging 6 $equiv cells (from group of 6) using strategy deduplicate:
      Merging cells $auto$equiv_make.cc:294:find_same_wires$3463 and $auto$equiv_make.cc:294:find_same_wires$3443.
      Merging cells $auto$equiv_make.cc:294:find_same_wires$3427 and $auto$equiv_make.cc:294:find_same_wires$3081.
      Merging cells $auto$equiv_make.cc:294:find_same_wires$1884 and $auto$equiv_make.cc:294:find_same_wires$1750.
    Fwd merging 6 $equiv cells (from group of 6) using strategy deduplicate:
      Merging cells $auto$equiv_make.cc:294:find_same_wires$3462 and $auto$equiv_make.cc:294:find_same_wires$3442.
      Merging cells $auto$equiv_make.cc:294:find_same_wires$3426 and $auto$equiv_make.cc:294:find_same_wires$3080.
      Merging cells $auto$equiv_make.cc:294:find_same_wires$1883 and $auto$equiv_make.cc:294:find_same_wires$1749.
    Fwd merging 6 $equiv cells (from group of 6) using strategy deduplicate:
      Merging cells $auto$equiv_make.cc:294:find_same_wires$3461 and $auto$equiv_make.cc:294:find_same_wires$3441.
      Merging cells $auto$equiv_make.cc:294:find_same_wires$3425 and $auto$equiv_make.cc:294:find_same_wires$3079.
      Merging cells $auto$equiv_make.cc:294:find_same_wires$1882 and $auto$equiv_make.cc:294:find_same_wires$1748.
    Fwd merging 6 $equiv cells (from group of 6) using strategy deduplicate:
      Merging cells $auto$equiv_make.cc:294:find_same_wires$3460 and $auto$equiv_make.cc:294:find_same_wires$3440.
      Merging cells $auto$equiv_make.cc:294:find_same_wires$3424 and $auto$equiv_make.cc:294:find_same_wires$3078.
      Merging cells $auto$equiv_make.cc:294:find_same_wires$1881 and $auto$equiv_make.cc:294:find_same_wires$1747.
    Fwd merging 6 $equiv cells (from group of 6) using strategy deduplicate:
      Merging cells $auto$equiv_make.cc:294:find_same_wires$3459 and $auto$equiv_make.cc:294:find_same_wires$3439.
      Merging cells $auto$equiv_make.cc:294:find_same_wires$3423 and $auto$equiv_make.cc:294:find_same_wires$3077.
      Merging cells $auto$equiv_make.cc:294:find_same_wires$1880 and $auto$equiv_make.cc:294:find_same_wires$1746.
    Fwd merging 6 $equiv cells (from group of 6) using strategy deduplicate:
      Merging cells $auto$equiv_make.cc:294:find_same_wires$3458 and $auto$equiv_make.cc:294:find_same_wires$3438.
      Merging cells $auto$equiv_make.cc:294:find_same_wires$3422 and $auto$equiv_make.cc:294:find_same_wires$3076.
      Merging cells $auto$equiv_make.cc:294:find_same_wires$1879 and $auto$equiv_make.cc:294:find_same_wires$1745.
    Fwd merging 6 $equiv cells (from group of 6) using strategy deduplicate:
      Merging cells $auto$equiv_make.cc:294:find_same_wires$3457 and $auto$equiv_make.cc:294:find_same_wires$3437.
      Merging cells $auto$equiv_make.cc:294:find_same_wires$3421 and $auto$equiv_make.cc:294:find_same_wires$3075.
      Merging cells $auto$equiv_make.cc:294:find_same_wires$1878 and $auto$equiv_make.cc:294:find_same_wires$1744.
    Fwd merging 6 $equiv cells (from group of 6) using strategy deduplicate:
      Merging cells $auto$equiv_make.cc:294:find_same_wires$3456 and $auto$equiv_make.cc:294:find_same_wires$3436.
      Merging cells $auto$equiv_make.cc:294:find_same_wires$3420 and $auto$equiv_make.cc:294:find_same_wires$3074.
      Merging cells $auto$equiv_make.cc:294:find_same_wires$1877 and $auto$equiv_make.cc:294:find_same_wires$1743.
    Fwd merging 6 $equiv cells (from group of 6) using strategy deduplicate:
      Merging cells $auto$equiv_make.cc:294:find_same_wires$3455 and $auto$equiv_make.cc:294:find_same_wires$3435.
      Merging cells $auto$equiv_make.cc:294:find_same_wires$3419 and $auto$equiv_make.cc:294:find_same_wires$3073.
      Merging cells $auto$equiv_make.cc:294:find_same_wires$1876 and $auto$equiv_make.cc:294:find_same_wires$1742.
    Fwd merging 6 $equiv cells (from group of 6) using strategy deduplicate:
      Merging cells $auto$equiv_make.cc:294:find_same_wires$3454 and $auto$equiv_make.cc:294:find_same_wires$3434.
      Merging cells $auto$equiv_make.cc:294:find_same_wires$3418 and $auto$equiv_make.cc:294:find_same_wires$3072.
      Merging cells $auto$equiv_make.cc:294:find_same_wires$1875 and $auto$equiv_make.cc:294:find_same_wires$1741.
    Fwd merging 4 $equiv cells (from group of 5) using strategy deduplicate:
      Merging cells $auto$equiv_make.cc:294:find_same_wires$3071 and $auto$equiv_make.cc:294:find_same_wires$2461.
      Merging cells $auto$equiv_make.cc:294:find_same_wires$2171 and $auto$equiv_make.cc:294:find_same_wires$1874.
    Fwd merging 6 $equiv cells (from group of 6) using strategy deduplicate:
      Merging cells $auto$equiv_make.cc:294:find_same_wires$3453 and $auto$equiv_make.cc:294:find_same_wires$3054.
      Merging cells $auto$equiv_make.cc:294:find_same_wires$2444 and $auto$equiv_make.cc:294:find_same_wires$2154.
      Merging cells $auto$equiv_make.cc:294:find_same_wires$1857 and $auto$equiv_make.cc:257:find_same_wires$1739.
    Fwd merging 140 $equiv cells (from group of 141) using strategy deduplicate:
      Merging cells $auto$equiv_make.cc:294:find_same_wires$3491 and $auto$equiv_make.cc:294:find_same_wires$3490.
      Merging cells $auto$equiv_make.cc:294:find_same_wires$3489 and $auto$equiv_make.cc:294:find_same_wires$3488.
      Merging cells $auto$equiv_make.cc:294:find_same_wires$3487 and $auto$equiv_make.cc:294:find_same_wires$3486.
      Merging cells $auto$equiv_make.cc:294:find_same_wires$3485 and $auto$equiv_make.cc:294:find_same_wires$3484.
      Merging cells $auto$equiv_make.cc:294:find_same_wires$3483 and $auto$equiv_make.cc:294:find_same_wires$3482.
      Merging cells $auto$equiv_make.cc:294:find_same_wires$3481 and $auto$equiv_make.cc:294:find_same_wires$3480.
      Merging cells $auto$equiv_make.cc:294:find_same_wires$3479 and $auto$equiv_make.cc:294:find_same_wires$3478.
      Merging cells $auto$equiv_make.cc:294:find_same_wires$3477 and $auto$equiv_make.cc:294:find_same_wires$3476.
      Merging cells $auto$equiv_make.cc:294:find_same_wires$3475 and $auto$equiv_make.cc:294:find_same_wires$3148.
      Merging cells $auto$equiv_make.cc:294:find_same_wires$3147 and $auto$equiv_make.cc:294:find_same_wires$3146.
      Merging cells $auto$equiv_make.cc:294:find_same_wires$3145 and $auto$equiv_make.cc:294:find_same_wires$3144.
      Merging cells $auto$equiv_make.cc:294:find_same_wires$3143 and $auto$equiv_make.cc:294:find_same_wires$3142.
      Merging cells $auto$equiv_make.cc:294:find_same_wires$3141 and $auto$equiv_make.cc:294:find_same_wires$3140.
      Merging cells $auto$equiv_make.cc:294:find_same_wires$3139 and $auto$equiv_make.cc:294:find_same_wires$3138.
      Merging cells $auto$equiv_make.cc:294:find_same_wires$3137 and $auto$equiv_make.cc:294:find_same_wires$3136.
      Merging cells $auto$equiv_make.cc:294:find_same_wires$3135 and $auto$equiv_make.cc:294:find_same_wires$3134.
      Merging cells $auto$equiv_make.cc:294:find_same_wires$3132 and $auto$equiv_make.cc:294:find_same_wires$3131.
      Merging cells $auto$equiv_make.cc:294:find_same_wires$3130 and $auto$equiv_make.cc:294:find_same_wires$3129.
      Merging cells $auto$equiv_make.cc:294:find_same_wires$3128 and $auto$equiv_make.cc:294:find_same_wires$3127.
      Merging cells $auto$equiv_make.cc:294:find_same_wires$3126 and $auto$equiv_make.cc:294:find_same_wires$3125.
      Merging cells $auto$equiv_make.cc:294:find_same_wires$3124 and $auto$equiv_make.cc:294:find_same_wires$3123.
      Merging cells $auto$equiv_make.cc:294:find_same_wires$3122 and $auto$equiv_make.cc:294:find_same_wires$3121.
      Merging cells $auto$equiv_make.cc:294:find_same_wires$3120 and $auto$equiv_make.cc:294:find_same_wires$3119.
      Merging cells $auto$equiv_make.cc:294:find_same_wires$3118 and $auto$equiv_make.cc:294:find_same_wires$3117.
      Merging cells $auto$equiv_make.cc:294:find_same_wires$3051 and $auto$equiv_make.cc:294:find_same_wires$3050.
      Merging cells $auto$equiv_make.cc:294:find_same_wires$3049 and $auto$equiv_make.cc:294:find_same_wires$3048.
      Merging cells $auto$equiv_make.cc:294:find_same_wires$3047 and $auto$equiv_make.cc:294:find_same_wires$3046.
      Merging cells $auto$equiv_make.cc:294:find_same_wires$3045 and $auto$equiv_make.cc:294:find_same_wires$3044.
      Merging cells $auto$equiv_make.cc:294:find_same_wires$3043 and $auto$equiv_make.cc:294:find_same_wires$3042.
      Merging cells $auto$equiv_make.cc:294:find_same_wires$3041 and $auto$equiv_make.cc:294:find_same_wires$3040.
      Merging cells $auto$equiv_make.cc:294:find_same_wires$3039 and $auto$equiv_make.cc:294:find_same_wires$3038.
      Merging cells $auto$equiv_make.cc:294:find_same_wires$3037 and $auto$equiv_make.cc:294:find_same_wires$3036.
      Merging cells $auto$equiv_make.cc:294:find_same_wires$3035 and $auto$equiv_make.cc:294:find_same_wires$3034.
      Merging cells $auto$equiv_make.cc:294:find_same_wires$3033 and $auto$equiv_make.cc:294:find_same_wires$3032.
      Merging cells $auto$equiv_make.cc:294:find_same_wires$3031 and $auto$equiv_make.cc:294:find_same_wires$3030.
      Merging cells $auto$equiv_make.cc:294:find_same_wires$3029 and $auto$equiv_make.cc:294:find_same_wires$3028.
      Merging cells $auto$equiv_make.cc:294:find_same_wires$3027 and $auto$equiv_make.cc:294:find_same_wires$3026.
      Merging cells $auto$equiv_make.cc:294:find_same_wires$3025 and $auto$equiv_make.cc:294:find_same_wires$2554.
      Merging cells $auto$equiv_make.cc:294:find_same_wires$2553 and $auto$equiv_make.cc:294:find_same_wires$2552.
      Merging cells $auto$equiv_make.cc:294:find_same_wires$2551 and $auto$equiv_make.cc:294:find_same_wires$2550.
      Merging cells $auto$equiv_make.cc:294:find_same_wires$2549 and $auto$equiv_make.cc:294:find_same_wires$2548.
      Merging cells $auto$equiv_make.cc:294:find_same_wires$2547 and $auto$equiv_make.cc:294:find_same_wires$1951.
      Merging cells $auto$equiv_make.cc:294:find_same_wires$1950 and $auto$equiv_make.cc:294:find_same_wires$1949.
      Merging cells $auto$equiv_make.cc:294:find_same_wires$1948 and $auto$equiv_make.cc:294:find_same_wires$1947.
      Merging cells $auto$equiv_make.cc:294:find_same_wires$1946 and $auto$equiv_make.cc:294:find_same_wires$1945.
      Merging cells $auto$equiv_make.cc:294:find_same_wires$1944 and $auto$equiv_make.cc:294:find_same_wires$1943.
      Merging cells $auto$equiv_make.cc:294:find_same_wires$1942 and $auto$equiv_make.cc:294:find_same_wires$1941.
      Merging cells $auto$equiv_make.cc:294:find_same_wires$1940 and $auto$equiv_make.cc:294:find_same_wires$1939.
      Merging cells $auto$equiv_make.cc:294:find_same_wires$1938 and $auto$equiv_make.cc:294:find_same_wires$1937.
      Merging cells $auto$equiv_make.cc:294:find_same_wires$1935 and $auto$equiv_make.cc:294:find_same_wires$1934.
      Merging cells $auto$equiv_make.cc:294:find_same_wires$1933 and $auto$equiv_make.cc:294:find_same_wires$1932.
      Merging cells $auto$equiv_make.cc:294:find_same_wires$1931 and $auto$equiv_make.cc:294:find_same_wires$1930.
      Merging cells $auto$equiv_make.cc:294:find_same_wires$1929 and $auto$equiv_make.cc:294:find_same_wires$1928.
      Merging cells $auto$equiv_make.cc:294:find_same_wires$1927 and $auto$equiv_make.cc:294:find_same_wires$1926.
      Merging cells $auto$equiv_make.cc:294:find_same_wires$1925 and $auto$equiv_make.cc:294:find_same_wires$1924.
      Merging cells $auto$equiv_make.cc:294:find_same_wires$1923 and $auto$equiv_make.cc:294:find_same_wires$1922.
      Merging cells $auto$equiv_make.cc:294:find_same_wires$1921 and $auto$equiv_make.cc:294:find_same_wires$1920.
      Merging cells $auto$equiv_make.cc:294:find_same_wires$1854 and $auto$equiv_make.cc:294:find_same_wires$1853.
      Merging cells $auto$equiv_make.cc:294:find_same_wires$1852 and $auto$equiv_make.cc:294:find_same_wires$1851.
      Merging cells $auto$equiv_make.cc:294:find_same_wires$1850 and $auto$equiv_make.cc:294:find_same_wires$1849.
      Merging cells $auto$equiv_make.cc:294:find_same_wires$1848 and $auto$equiv_make.cc:294:find_same_wires$1847.
      Merging cells $auto$equiv_make.cc:294:find_same_wires$1846 and $auto$equiv_make.cc:294:find_same_wires$1845.
      Merging cells $auto$equiv_make.cc:294:find_same_wires$1844 and $auto$equiv_make.cc:294:find_same_wires$1843.
      Merging cells $auto$equiv_make.cc:294:find_same_wires$1842 and $auto$equiv_make.cc:294:find_same_wires$1841.
      Merging cells $auto$equiv_make.cc:294:find_same_wires$1840 and $auto$equiv_make.cc:294:find_same_wires$1839.
      Merging cells $auto$equiv_make.cc:294:find_same_wires$1838 and $auto$equiv_make.cc:294:find_same_wires$1837.
      Merging cells $auto$equiv_make.cc:294:find_same_wires$1836 and $auto$equiv_make.cc:294:find_same_wires$1835.
      Merging cells $auto$equiv_make.cc:294:find_same_wires$1834 and $auto$equiv_make.cc:294:find_same_wires$1833.
      Merging cells $auto$equiv_make.cc:294:find_same_wires$1832 and $auto$equiv_make.cc:294:find_same_wires$1831.
      Merging cells $auto$equiv_make.cc:294:find_same_wires$1830 and $auto$equiv_make.cc:294:find_same_wires$1829.
    Fwd merging 12 $equiv cells (from group of 12) using strategy deduplicate:
      Merging cells $auto$equiv_make.cc:294:find_same_wires$3133 and $auto$equiv_make.cc:294:find_same_wires$3024.
      Merging cells $auto$equiv_make.cc:294:find_same_wires$3023 and $auto$equiv_make.cc:294:find_same_wires$3022.
      Merging cells $auto$equiv_make.cc:294:find_same_wires$3021 and $auto$equiv_make.cc:294:find_same_wires$3020.
      Merging cells $auto$equiv_make.cc:294:find_same_wires$1936 and $auto$equiv_make.cc:294:find_same_wires$1827.
      Merging cells $auto$equiv_make.cc:294:find_same_wires$1826 and $auto$equiv_make.cc:294:find_same_wires$1825.
      Merging cells $auto$equiv_make.cc:294:find_same_wires$1824 and $auto$equiv_make.cc:294:find_same_wires$1823.
  Starting iteration 2.
    Fwd merging 2 $equiv cells (from group of 2) using strategy deduplicate:
      Merging cells $auto$equiv_make.cc:294:find_same_wires$2804 and $auto$equiv_make.cc:294:find_same_wires$1984.
    Fwd merging 2 $equiv cells (from group of 2) using strategy deduplicate:
      Merging cells $auto$equiv_make.cc:294:find_same_wires$3058 and $auto$equiv_make.cc:294:find_same_wires$2158.
    Fwd merging 2 $equiv cells (from group of 2) using strategy deduplicate:
      Merging cells $auto$equiv_make.cc:294:find_same_wires$3056 and $auto$equiv_make.cc:294:find_same_wires$2156.
    Fwd merging 2 $equiv cells (from group of 2) using strategy deduplicate:
      Merging cells $auto$equiv_make.cc:294:find_same_wires$2720 and $auto$equiv_make.cc:294:find_same_wires$3384.
    Fwd merging 2 $equiv cells (from group of 2) using strategy deduplicate:
      Merging cells $auto$equiv_make.cc:294:find_same_wires$2719 and $auto$equiv_make.cc:294:find_same_wires$3383.
    Fwd merging 2 $equiv cells (from group of 2) using strategy deduplicate:
      Merging cells $auto$equiv_make.cc:294:find_same_wires$2718 and $auto$equiv_make.cc:294:find_same_wires$3382.
    Fwd merging 2 $equiv cells (from group of 2) using strategy deduplicate:
      Merging cells $auto$equiv_make.cc:294:find_same_wires$2717 and $auto$equiv_make.cc:294:find_same_wires$3381.
    Fwd merging 2 $equiv cells (from group of 2) using strategy deduplicate:
      Merging cells $auto$equiv_make.cc:294:find_same_wires$2716 and $auto$equiv_make.cc:294:find_same_wires$3380.
    Fwd merging 2 $equiv cells (from group of 2) using strategy deduplicate:
      Merging cells $auto$equiv_make.cc:294:find_same_wires$2715 and $auto$equiv_make.cc:294:find_same_wires$3379.
    Fwd merging 2 $equiv cells (from group of 2) using strategy deduplicate:
      Merging cells $auto$equiv_make.cc:294:find_same_wires$2714 and $auto$equiv_make.cc:294:find_same_wires$3378.
    Fwd merging 2 $equiv cells (from group of 2) using strategy deduplicate:
      Merging cells $auto$equiv_make.cc:294:find_same_wires$2713 and $auto$equiv_make.cc:294:find_same_wires$3377.
    Fwd merging 2 $equiv cells (from group of 2) using strategy deduplicate:
      Merging cells $auto$equiv_make.cc:294:find_same_wires$2712 and $auto$equiv_make.cc:294:find_same_wires$3376.
    Fwd merging 2 $equiv cells (from group of 2) using strategy deduplicate:
      Merging cells $auto$equiv_make.cc:294:find_same_wires$2711 and $auto$equiv_make.cc:294:find_same_wires$3375.
    Fwd merging 2 $equiv cells (from group of 2) using strategy deduplicate:
      Merging cells $auto$equiv_make.cc:294:find_same_wires$2710 and $auto$equiv_make.cc:294:find_same_wires$3374.
    Fwd merging 2 $equiv cells (from group of 2) using strategy deduplicate:
      Merging cells $auto$equiv_make.cc:294:find_same_wires$2709 and $auto$equiv_make.cc:294:find_same_wires$3373.
    Fwd merging 2 $equiv cells (from group of 2) using strategy deduplicate:
      Merging cells $auto$equiv_make.cc:294:find_same_wires$2708 and $auto$equiv_make.cc:294:find_same_wires$3372.
    Fwd merging 2 $equiv cells (from group of 2) using strategy deduplicate:
      Merging cells $auto$equiv_make.cc:294:find_same_wires$2707 and $auto$equiv_make.cc:294:find_same_wires$3371.
    Fwd merging 2 $equiv cells (from group of 2) using strategy deduplicate:
      Merging cells $auto$equiv_make.cc:294:find_same_wires$2706 and $auto$equiv_make.cc:294:find_same_wires$3370.
    Fwd merging 2 $equiv cells (from group of 2) using strategy deduplicate:
      Merging cells $auto$equiv_make.cc:294:find_same_wires$2705 and $auto$equiv_make.cc:294:find_same_wires$3369.
    Fwd merging 2 $equiv cells (from group of 2) using strategy deduplicate:
      Merging cells $auto$equiv_make.cc:294:find_same_wires$2704 and $auto$equiv_make.cc:294:find_same_wires$3368.
    Fwd merging 2 $equiv cells (from group of 2) using strategy deduplicate:
      Merging cells $auto$equiv_make.cc:294:find_same_wires$2986 and $auto$equiv_make.cc:294:find_same_wires$2101.
    Fwd merging 2 $equiv cells (from group of 2) using strategy deduplicate:
      Merging cells $auto$equiv_make.cc:294:find_same_wires$2984 and $auto$equiv_make.cc:294:find_same_wires$2099.
    Fwd merging 2 $equiv cells (from group of 2) using strategy deduplicate:
      Merging cells $auto$equiv_make.cc:294:find_same_wires$2982 and $auto$equiv_make.cc:294:find_same_wires$2097.
    Fwd merging 2 $equiv cells (from group of 2) using strategy deduplicate:
      Merging cells $auto$equiv_make.cc:294:find_same_wires$2980 and $auto$equiv_make.cc:294:find_same_wires$2095.
    Fwd merging 2 $equiv cells (from group of 2) using strategy deduplicate:
      Merging cells $auto$equiv_make.cc:294:find_same_wires$2978 and $auto$equiv_make.cc:294:find_same_wires$2093.
    Fwd merging 2 $equiv cells (from group of 2) using strategy deduplicate:
      Merging cells $auto$equiv_make.cc:294:find_same_wires$2976 and $auto$equiv_make.cc:294:find_same_wires$2091.
    Fwd merging 2 $equiv cells (from group of 2) using strategy deduplicate:
      Merging cells $auto$equiv_make.cc:294:find_same_wires$2974 and $auto$equiv_make.cc:294:find_same_wires$2089.
    Fwd merging 2 $equiv cells (from group of 2) using strategy deduplicate:
      Merging cells $auto$equiv_make.cc:294:find_same_wires$2972 and $auto$equiv_make.cc:294:find_same_wires$2087.
    Fwd merging 2 $equiv cells (from group of 2) using strategy deduplicate:
      Merging cells $auto$equiv_make.cc:294:find_same_wires$2970 and $auto$equiv_make.cc:294:find_same_wires$2085.
    Fwd merging 2 $equiv cells (from group of 2) using strategy deduplicate:
      Merging cells $auto$equiv_make.cc:294:find_same_wires$2968 and $auto$equiv_make.cc:294:find_same_wires$2083.
    Fwd merging 2 $equiv cells (from group of 2) using strategy deduplicate:
      Merging cells $auto$equiv_make.cc:294:find_same_wires$2966 and $auto$equiv_make.cc:294:find_same_wires$2081.
    Fwd merging 2 $equiv cells (from group of 2) using strategy deduplicate:
      Merging cells $auto$equiv_make.cc:294:find_same_wires$2964 and $auto$equiv_make.cc:294:find_same_wires$2079.
    Fwd merging 2 $equiv cells (from group of 2) using strategy deduplicate:
      Merging cells $auto$equiv_make.cc:294:find_same_wires$2962 and $auto$equiv_make.cc:294:find_same_wires$2077.
    Fwd merging 2 $equiv cells (from group of 2) using strategy deduplicate:
      Merging cells $auto$equiv_make.cc:294:find_same_wires$2960 and $auto$equiv_make.cc:294:find_same_wires$2075.
    Fwd merging 2 $equiv cells (from group of 2) using strategy deduplicate:
      Merging cells $auto$equiv_make.cc:294:find_same_wires$2958 and $auto$equiv_make.cc:294:find_same_wires$2073.
    Fwd merging 2 $equiv cells (from group of 2) using strategy deduplicate:
      Merging cells $auto$equiv_make.cc:294:find_same_wires$2956 and $auto$equiv_make.cc:294:find_same_wires$2071.
    Fwd merging 2 $equiv cells (from group of 2) using strategy deduplicate:
      Merging cells $auto$equiv_make.cc:294:find_same_wires$2954 and $auto$equiv_make.cc:294:find_same_wires$2069.
    Fwd merging 2 $equiv cells (from group of 2) using strategy deduplicate:
      Merging cells $auto$equiv_make.cc:294:find_same_wires$2952 and $auto$equiv_make.cc:294:find_same_wires$2067.
    Fwd merging 2 $equiv cells (from group of 2) using strategy deduplicate:
      Merging cells $auto$equiv_make.cc:294:find_same_wires$2950 and $auto$equiv_make.cc:294:find_same_wires$2065.
    Fwd merging 2 $equiv cells (from group of 2) using strategy deduplicate:
      Merging cells $auto$equiv_make.cc:294:find_same_wires$2948 and $auto$equiv_make.cc:294:find_same_wires$2063.
    Fwd merging 2 $equiv cells (from group of 2) using strategy deduplicate:
      Merging cells $auto$equiv_make.cc:294:find_same_wires$3451 and $auto$equiv_make.cc:294:find_same_wires$3052.
    Fwd merging 2 $equiv cells (from group of 2) using strategy deduplicate:
      Merging cells $auto$equiv_make.cc:294:find_same_wires$2862 and $auto$equiv_make.cc:294:find_same_wires$1994.
    Fwd merging 2 $equiv cells (from group of 2) using strategy deduplicate:
      Merging cells $auto$equiv_make.cc:294:find_same_wires$2838 and $auto$equiv_make.cc:294:find_same_wires$1986.
    Fwd merging 2 $equiv cells (from group of 2) using strategy deduplicate:
      Merging cells $auto$equiv_make.cc:294:find_same_wires$2920 and $auto$equiv_make.cc:294:find_same_wires$2052.
    Fwd merging 2 $equiv cells (from group of 2) using strategy deduplicate:
      Merging cells $auto$equiv_make.cc:294:find_same_wires$2918 and $auto$equiv_make.cc:294:find_same_wires$2050.
    Fwd merging 2 $equiv cells (from group of 2) using strategy deduplicate:
      Merging cells $auto$equiv_make.cc:294:find_same_wires$2916 and $auto$equiv_make.cc:294:find_same_wires$2048.
    Fwd merging 2 $equiv cells (from group of 2) using strategy deduplicate:
      Merging cells $auto$equiv_make.cc:294:find_same_wires$2914 and $auto$equiv_make.cc:294:find_same_wires$2046.
    Fwd merging 2 $equiv cells (from group of 2) using strategy deduplicate:
      Merging cells $auto$equiv_make.cc:294:find_same_wires$2904 and $auto$equiv_make.cc:294:find_same_wires$2036.
    Fwd merging 2 $equiv cells (from group of 2) using strategy deduplicate:
      Merging cells $auto$equiv_make.cc:294:find_same_wires$2902 and $auto$equiv_make.cc:294:find_same_wires$2034.
    Fwd merging 2 $equiv cells (from group of 2) using strategy deduplicate:
      Merging cells $auto$equiv_make.cc:294:find_same_wires$2900 and $auto$equiv_make.cc:294:find_same_wires$2032.
    Fwd merging 2 $equiv cells (from group of 2) using strategy deduplicate:
      Merging cells $auto$equiv_make.cc:294:find_same_wires$2898 and $auto$equiv_make.cc:294:find_same_wires$2030.
    Fwd merging 2 $equiv cells (from group of 2) using strategy deduplicate:
      Merging cells $auto$equiv_make.cc:294:find_same_wires$2880 and $auto$equiv_make.cc:294:find_same_wires$2012.
    Fwd merging 2 $equiv cells (from group of 2) using strategy deduplicate:
      Merging cells $auto$equiv_make.cc:294:find_same_wires$2638 and $auto$equiv_make.cc:294:find_same_wires$3367.
    Fwd merging 2 $equiv cells (from group of 2) using strategy deduplicate:
      Merging cells $auto$equiv_make.cc:294:find_same_wires$2637 and $auto$equiv_make.cc:294:find_same_wires$3366.
    Fwd merging 2 $equiv cells (from group of 2) using strategy deduplicate:
      Merging cells $auto$equiv_make.cc:294:find_same_wires$2636 and $auto$equiv_make.cc:294:find_same_wires$3365.
    Fwd merging 2 $equiv cells (from group of 2) using strategy deduplicate:
      Merging cells $auto$equiv_make.cc:294:find_same_wires$2635 and $auto$equiv_make.cc:294:find_same_wires$3364.
    Fwd merging 2 $equiv cells (from group of 2) using strategy deduplicate:
      Merging cells $auto$equiv_make.cc:294:find_same_wires$2634 and $auto$equiv_make.cc:294:find_same_wires$3363.
    Fwd merging 2 $equiv cells (from group of 2) using strategy deduplicate:
      Merging cells $auto$equiv_make.cc:294:find_same_wires$2633 and $auto$equiv_make.cc:294:find_same_wires$3362.
    Fwd merging 2 $equiv cells (from group of 2) using strategy deduplicate:
      Merging cells $auto$equiv_make.cc:294:find_same_wires$2632 and $auto$equiv_make.cc:294:find_same_wires$3361.
    Fwd merging 2 $equiv cells (from group of 2) using strategy deduplicate:
      Merging cells $auto$equiv_make.cc:294:find_same_wires$2631 and $auto$equiv_make.cc:294:find_same_wires$3360.
    Fwd merging 2 $equiv cells (from group of 2) using strategy deduplicate:
      Merging cells $auto$equiv_make.cc:294:find_same_wires$2630 and $auto$equiv_make.cc:294:find_same_wires$3359.
    Fwd merging 2 $equiv cells (from group of 2) using strategy deduplicate:
      Merging cells $auto$equiv_make.cc:294:find_same_wires$2629 and $auto$equiv_make.cc:294:find_same_wires$3358.
    Fwd merging 2 $equiv cells (from group of 2) using strategy deduplicate:
      Merging cells $auto$equiv_make.cc:294:find_same_wires$2628 and $auto$equiv_make.cc:294:find_same_wires$3357.
    Fwd merging 2 $equiv cells (from group of 2) using strategy deduplicate:
      Merging cells $auto$equiv_make.cc:294:find_same_wires$2627 and $auto$equiv_make.cc:294:find_same_wires$3356.
    Fwd merging 2 $equiv cells (from group of 2) using strategy deduplicate:
      Merging cells $auto$equiv_make.cc:294:find_same_wires$2626 and $auto$equiv_make.cc:294:find_same_wires$3355.
    Fwd merging 2 $equiv cells (from group of 2) using strategy deduplicate:
      Merging cells $auto$equiv_make.cc:294:find_same_wires$2625 and $auto$equiv_make.cc:294:find_same_wires$3354.
    Fwd merging 2 $equiv cells (from group of 2) using strategy deduplicate:
      Merging cells $auto$equiv_make.cc:294:find_same_wires$2624 and $auto$equiv_make.cc:294:find_same_wires$3353.
    Fwd merging 2 $equiv cells (from group of 2) using strategy deduplicate:
      Merging cells $auto$equiv_make.cc:294:find_same_wires$2623 and $auto$equiv_make.cc:294:find_same_wires$3352.
    Fwd merging 2 $equiv cells (from group of 2) using strategy deduplicate:
      Merging cells $auto$equiv_make.cc:294:find_same_wires$2878 and $auto$equiv_make.cc:294:find_same_wires$2010.
    Fwd merging 2 $equiv cells (from group of 2) using strategy deduplicate:
      Merging cells $auto$equiv_make.cc:294:find_same_wires$2876 and $auto$equiv_make.cc:294:find_same_wires$2008.
    Fwd merging 2 $equiv cells (from group of 2) using strategy deduplicate:
      Merging cells $auto$equiv_make.cc:294:find_same_wires$2874 and $auto$equiv_make.cc:294:find_same_wires$2006.
    Fwd merging 2 $equiv cells (from group of 3) using strategy deduplicate:
      Merging cells $auto$equiv_make.cc:294:find_same_wires$2806 and $auto$equiv_make.cc:294:find_same_wires$3386.
    Fwd merging 2 $equiv cells (from group of 3) using strategy deduplicate:
      Merging cells $auto$equiv_make.cc:294:find_same_wires$3431 and $auto$equiv_make.cc:294:find_same_wires$3467.
    Fwd merging 2 $equiv cells (from group of 2) using strategy deduplicate:
      Merging cells $auto$equiv_make.cc:294:find_same_wires$3319 and $auto$equiv_make.cc:257:find_same_wires$1522.
    Fwd merging 2 $equiv cells (from group of 2) using strategy deduplicate:
      Merging cells $auto$equiv_make.cc:294:find_same_wires$3317 and $auto$equiv_make.cc:257:find_same_wires$1521.
    Fwd merging 2 $equiv cells (from group of 2) using strategy deduplicate:
      Merging cells $auto$equiv_make.cc:294:find_same_wires$3315 and $auto$equiv_make.cc:257:find_same_wires$1519.
    Fwd merging 2 $equiv cells (from group of 2) using strategy deduplicate:
      Merging cells $auto$equiv_make.cc:294:find_same_wires$3313 and $auto$equiv_make.cc:257:find_same_wires$1517.
    Fwd merging 2 $equiv cells (from group of 3) using strategy deduplicate:
      Merging cells $auto$equiv_make.cc:294:find_same_wires$3472 and $auto$equiv_make.cc:294:find_same_wires$2566.
    Fwd merging 2 $equiv cells (from group of 3) using strategy deduplicate:
      Merging cells $auto$equiv_make.cc:294:find_same_wires$3471 and $auto$equiv_make.cc:294:find_same_wires$2565.
    Fwd merging 2 $equiv cells (from group of 2) using strategy deduplicate:
      Merging cells $auto$equiv_make.cc:294:find_same_wires$3307 and $auto$equiv_make.cc:257:find_same_wires$1511.
    Fwd merging 2 $equiv cells (from group of 2) using strategy deduplicate:
      Merging cells $auto$equiv_make.cc:294:find_same_wires$3305 and $auto$equiv_make.cc:257:find_same_wires$1509.
    Fwd merging 2 $equiv cells (from group of 2) using strategy deduplicate:
      Merging cells $auto$equiv_make.cc:294:find_same_wires$3303 and $auto$equiv_make.cc:257:find_same_wires$1507.
    Fwd merging 2 $equiv cells (from group of 2) using strategy deduplicate:
      Merging cells $auto$equiv_make.cc:257:find_same_wires$3521 and $auto$equiv_make.cc:294:find_same_wires$3245.
    Fwd merging 2 $equiv cells (from group of 2) using strategy deduplicate:
      Merging cells $auto$equiv_make.cc:257:find_same_wires$3519 and $auto$equiv_make.cc:294:find_same_wires$3243.
    Fwd merging 2 $equiv cells (from group of 2) using strategy deduplicate:
      Merging cells $auto$equiv_make.cc:257:find_same_wires$3517 and $auto$equiv_make.cc:294:find_same_wires$3241.
    Fwd merging 2 $equiv cells (from group of 2) using strategy deduplicate:
      Merging cells $auto$equiv_make.cc:257:find_same_wires$3515 and $auto$equiv_make.cc:294:find_same_wires$3239.
    Fwd merging 2 $equiv cells (from group of 2) using strategy deduplicate:
      Merging cells $auto$equiv_make.cc:257:find_same_wires$3513 and $auto$equiv_make.cc:294:find_same_wires$3237.
    Fwd merging 2 $equiv cells (from group of 2) using strategy deduplicate:
      Merging cells $auto$equiv_make.cc:257:find_same_wires$3511 and $auto$equiv_make.cc:294:find_same_wires$3235.
    Fwd merging 2 $equiv cells (from group of 2) using strategy deduplicate:
      Merging cells $auto$equiv_make.cc:294:find_same_wires$2555 and $auto$equiv_make.cc:294:find_same_wires$3474.
    Fwd merging 2 $equiv cells (from group of 3) using strategy deduplicate:
      Merging cells $auto$equiv_make.cc:294:find_same_wires$3018 and $auto$equiv_make.cc:294:find_same_wires$2545.
    Fwd merging 2 $equiv cells (from group of 3) using strategy deduplicate:
      Merging cells $auto$equiv_make.cc:294:find_same_wires$3016 and $auto$equiv_make.cc:294:find_same_wires$2543.
    Fwd merging 2 $equiv cells (from group of 3) using strategy deduplicate:
      Merging cells $auto$equiv_make.cc:294:find_same_wires$3014 and $auto$equiv_make.cc:294:find_same_wires$2541.
    Fwd merging 2 $equiv cells (from group of 3) using strategy deduplicate:
      Merging cells $auto$equiv_make.cc:294:find_same_wires$3012 and $auto$equiv_make.cc:294:find_same_wires$2539.
    Fwd merging 2 $equiv cells (from group of 3) using strategy deduplicate:
      Merging cells $auto$equiv_make.cc:294:find_same_wires$3010 and $auto$equiv_make.cc:294:find_same_wires$2537.
    Fwd merging 2 $equiv cells (from group of 3) using strategy deduplicate:
      Merging cells $auto$equiv_make.cc:294:find_same_wires$3008 and $auto$equiv_make.cc:294:find_same_wires$2535.
    Fwd merging 2 $equiv cells (from group of 3) using strategy deduplicate:
      Merging cells $auto$equiv_make.cc:294:find_same_wires$3006 and $auto$equiv_make.cc:294:find_same_wires$2533.
    Fwd merging 2 $equiv cells (from group of 3) using strategy deduplicate:
      Merging cells $auto$equiv_make.cc:294:find_same_wires$3004 and $auto$equiv_make.cc:294:find_same_wires$2531.
    Fwd merging 2 $equiv cells (from group of 3) using strategy deduplicate:
      Merging cells $auto$equiv_make.cc:294:find_same_wires$3002 and $auto$equiv_make.cc:294:find_same_wires$2529.
    Fwd merging 2 $equiv cells (from group of 3) using strategy deduplicate:
      Merging cells $auto$equiv_make.cc:294:find_same_wires$3000 and $auto$equiv_make.cc:294:find_same_wires$2527.
    Fwd merging 2 $equiv cells (from group of 3) using strategy deduplicate:
      Merging cells $auto$equiv_make.cc:294:find_same_wires$2998 and $auto$equiv_make.cc:294:find_same_wires$2525.
    Fwd merging 2 $equiv cells (from group of 3) using strategy deduplicate:
      Merging cells $auto$equiv_make.cc:294:find_same_wires$2996 and $auto$equiv_make.cc:294:find_same_wires$2523.
    Fwd merging 2 $equiv cells (from group of 3) using strategy deduplicate:
      Merging cells $auto$equiv_make.cc:294:find_same_wires$2994 and $auto$equiv_make.cc:294:find_same_wires$2521.
    Fwd merging 2 $equiv cells (from group of 3) using strategy deduplicate:
      Merging cells $auto$equiv_make.cc:294:find_same_wires$2992 and $auto$equiv_make.cc:294:find_same_wires$2519.
    Fwd merging 2 $equiv cells (from group of 3) using strategy deduplicate:
      Merging cells $auto$equiv_make.cc:294:find_same_wires$2990 and $auto$equiv_make.cc:294:find_same_wires$2517.
    Fwd merging 2 $equiv cells (from group of 3) using strategy deduplicate:
      Merging cells $auto$equiv_make.cc:294:find_same_wires$2988 and $auto$equiv_make.cc:294:find_same_wires$2515.
    Fwd merging 2 $equiv cells (from group of 3) using strategy deduplicate:
      Merging cells $auto$equiv_make.cc:294:find_same_wires$2888 and $auto$equiv_make.cc:294:find_same_wires$2513.
    Fwd merging 2 $equiv cells (from group of 3) using strategy deduplicate:
      Merging cells $auto$equiv_make.cc:294:find_same_wires$2886 and $auto$equiv_make.cc:294:find_same_wires$2511.
    Fwd merging 2 $equiv cells (from group of 3) using strategy deduplicate:
      Merging cells $auto$equiv_make.cc:294:find_same_wires$2884 and $auto$equiv_make.cc:294:find_same_wires$2509.
    Fwd merging 2 $equiv cells (from group of 3) using strategy deduplicate:
      Merging cells $auto$equiv_make.cc:294:find_same_wires$2882 and $auto$equiv_make.cc:294:find_same_wires$2507.
    Fwd merging 2 $equiv cells (from group of 3) using strategy deduplicate:
      Merging cells $auto$equiv_make.cc:294:find_same_wires$2872 and $auto$equiv_make.cc:294:find_same_wires$2506.
    Fwd merging 2 $equiv cells (from group of 3) using strategy deduplicate:
      Merging cells $auto$equiv_make.cc:294:find_same_wires$2870 and $auto$equiv_make.cc:294:find_same_wires$2504.
    Fwd merging 2 $equiv cells (from group of 3) using strategy deduplicate:
      Merging cells $auto$equiv_make.cc:294:find_same_wires$2946 and $auto$equiv_make.cc:294:find_same_wires$2498.
    Fwd merging 2 $equiv cells (from group of 3) using strategy deduplicate:
      Merging cells $auto$equiv_make.cc:294:find_same_wires$2944 and $auto$equiv_make.cc:294:find_same_wires$2496.
    Fwd merging 2 $equiv cells (from group of 3) using strategy deduplicate:
      Merging cells $auto$equiv_make.cc:294:find_same_wires$2942 and $auto$equiv_make.cc:294:find_same_wires$2494.
    Fwd merging 2 $equiv cells (from group of 3) using strategy deduplicate:
      Merging cells $auto$equiv_make.cc:294:find_same_wires$2940 and $auto$equiv_make.cc:294:find_same_wires$2492.
    Fwd merging 2 $equiv cells (from group of 3) using strategy deduplicate:
      Merging cells $auto$equiv_make.cc:294:find_same_wires$2805 and $auto$equiv_make.cc:294:find_same_wires$3385.
    Fwd merging 2 $equiv cells (from group of 2) using strategy deduplicate:
      Merging cells $auto$equiv_make.cc:294:find_same_wires$2489 and $auto$equiv_make.cc:294:find_same_wires$3115.
    Fwd merging 2 $equiv cells (from group of 2) using strategy deduplicate:
      Merging cells $auto$equiv_make.cc:294:find_same_wires$2488 and $auto$equiv_make.cc:294:find_same_wires$3114.
    Fwd merging 2 $equiv cells (from group of 2) using strategy deduplicate:
      Merging cells $auto$equiv_make.cc:294:find_same_wires$2487 and $auto$equiv_make.cc:294:find_same_wires$3113.
    Fwd merging 2 $equiv cells (from group of 2) using strategy deduplicate:
      Merging cells $auto$equiv_make.cc:294:find_same_wires$2486 and $auto$equiv_make.cc:294:find_same_wires$3112.
    Fwd merging 2 $equiv cells (from group of 2) using strategy deduplicate:
      Merging cells $auto$equiv_make.cc:294:find_same_wires$2485 and $auto$equiv_make.cc:294:find_same_wires$3111.
    Fwd merging 2 $equiv cells (from group of 2) using strategy deduplicate:
      Merging cells $auto$equiv_make.cc:294:find_same_wires$2484 and $auto$equiv_make.cc:294:find_same_wires$3110.
    Fwd merging 2 $equiv cells (from group of 2) using strategy deduplicate:
      Merging cells $auto$equiv_make.cc:294:find_same_wires$2483 and $auto$equiv_make.cc:294:find_same_wires$3109.
    Fwd merging 2 $equiv cells (from group of 2) using strategy deduplicate:
      Merging cells $auto$equiv_make.cc:294:find_same_wires$2482 and $auto$equiv_make.cc:294:find_same_wires$3108.
    Fwd merging 2 $equiv cells (from group of 2) using strategy deduplicate:
      Merging cells $auto$equiv_make.cc:294:find_same_wires$3310 and $auto$equiv_make.cc:257:find_same_wires$1514.
    Fwd merging 2 $equiv cells (from group of 2) using strategy deduplicate:
      Merging cells $auto$equiv_make.cc:294:find_same_wires$3308 and $auto$equiv_make.cc:257:find_same_wires$1512.
    Fwd merging 2 $equiv cells (from group of 2) using strategy deduplicate:
      Merging cells $auto$equiv_make.cc:294:find_same_wires$2479 and $auto$equiv_make.cc:294:find_same_wires$3105.
    Fwd merging 2 $equiv cells (from group of 2) using strategy deduplicate:
      Merging cells $auto$equiv_make.cc:294:find_same_wires$2478 and $auto$equiv_make.cc:294:find_same_wires$3104.
    Fwd merging 2 $equiv cells (from group of 2) using strategy deduplicate:
      Merging cells $auto$equiv_make.cc:294:find_same_wires$2477 and $auto$equiv_make.cc:294:find_same_wires$3103.
    Fwd merging 2 $equiv cells (from group of 2) using strategy deduplicate:
      Merging cells $auto$equiv_make.cc:294:find_same_wires$2476 and $auto$equiv_make.cc:294:find_same_wires$3102.
    Fwd merging 2 $equiv cells (from group of 2) using strategy deduplicate:
      Merging cells $auto$equiv_make.cc:294:find_same_wires$2475 and $auto$equiv_make.cc:294:find_same_wires$3101.
    Fwd merging 2 $equiv cells (from group of 2) using strategy deduplicate:
      Merging cells $auto$equiv_make.cc:294:find_same_wires$2474 and $auto$equiv_make.cc:294:find_same_wires$3100.
    Fwd merging 2 $equiv cells (from group of 2) using strategy deduplicate:
      Merging cells $auto$equiv_make.cc:294:find_same_wires$2473 and $auto$equiv_make.cc:294:find_same_wires$3099.
    Fwd merging 2 $equiv cells (from group of 2) using strategy deduplicate:
      Merging cells $auto$equiv_make.cc:294:find_same_wires$2472 and $auto$equiv_make.cc:294:find_same_wires$3098.
    Fwd merging 2 $equiv cells (from group of 2) using strategy deduplicate:
      Merging cells $auto$equiv_make.cc:294:find_same_wires$2471 and $auto$equiv_make.cc:294:find_same_wires$3097.
    Fwd merging 2 $equiv cells (from group of 3) using strategy deduplicate:
      Merging cells $auto$equiv_make.cc:294:find_same_wires$3470 and $auto$equiv_make.cc:294:find_same_wires$2470.
    Fwd merging 2 $equiv cells (from group of 2) using strategy deduplicate:
      Merging cells $auto$equiv_make.cc:257:find_same_wires$3507 and $auto$equiv_make.cc:294:find_same_wires$3231.
    Fwd merging 2 $equiv cells (from group of 2) using strategy deduplicate:
      Merging cells $auto$equiv_make.cc:257:find_same_wires$3505 and $auto$equiv_make.cc:294:find_same_wires$3229.
    Fwd merging 2 $equiv cells (from group of 2) using strategy deduplicate:
      Merging cells $auto$equiv_make.cc:294:find_same_wires$3279 and $auto$equiv_make.cc:257:find_same_wires$3523.
    Fwd merging 2 $equiv cells (from group of 2) using strategy deduplicate:
      Merging cells $auto$equiv_make.cc:257:find_same_wires$3504 and $auto$equiv_make.cc:294:find_same_wires$3228.
    Fwd merging 2 $equiv cells (from group of 2) using strategy deduplicate:
      Merging cells $auto$equiv_make.cc:257:find_same_wires$3502 and $auto$equiv_make.cc:294:find_same_wires$3226.
    Fwd merging 2 $equiv cells (from group of 2) using strategy deduplicate:
      Merging cells $auto$equiv_make.cc:257:find_same_wires$3500 and $auto$equiv_make.cc:294:find_same_wires$3224.
    Fwd merging 2 $equiv cells (from group of 2) using strategy deduplicate:
      Merging cells $auto$equiv_make.cc:257:find_same_wires$3508 and $auto$equiv_make.cc:294:find_same_wires$3232.
    Fwd merging 2 $equiv cells (from group of 2) using strategy deduplicate:
      Merging cells $auto$equiv_make.cc:294:find_same_wires$2441 and $auto$equiv_make.cc:294:find_same_wires$3095.
    Fwd merging 2 $equiv cells (from group of 2) using strategy deduplicate:
      Merging cells $auto$equiv_make.cc:294:find_same_wires$2440 and $auto$equiv_make.cc:294:find_same_wires$3094.
    Fwd merging 2 $equiv cells (from group of 2) using strategy deduplicate:
      Merging cells $auto$equiv_make.cc:294:find_same_wires$2439 and $auto$equiv_make.cc:294:find_same_wires$3093.
    Fwd merging 2 $equiv cells (from group of 2) using strategy deduplicate:
      Merging cells $auto$equiv_make.cc:294:find_same_wires$2438 and $auto$equiv_make.cc:294:find_same_wires$3092.
    Fwd merging 2 $equiv cells (from group of 2) using strategy deduplicate:
      Merging cells $auto$equiv_make.cc:294:find_same_wires$2437 and $auto$equiv_make.cc:294:find_same_wires$3091.
    Fwd merging 2 $equiv cells (from group of 2) using strategy deduplicate:
      Merging cells $auto$equiv_make.cc:294:find_same_wires$2436 and $auto$equiv_make.cc:294:find_same_wires$3090.
    Fwd merging 2 $equiv cells (from group of 2) using strategy deduplicate:
      Merging cells $auto$equiv_make.cc:294:find_same_wires$2435 and $auto$equiv_make.cc:294:find_same_wires$3089.
    Fwd merging 2 $equiv cells (from group of 2) using strategy deduplicate:
      Merging cells $auto$equiv_make.cc:294:find_same_wires$2434 and $auto$equiv_make.cc:294:find_same_wires$3088.
    Fwd merging 2 $equiv cells (from group of 2) using strategy deduplicate:
      Merging cells $auto$equiv_make.cc:257:find_same_wires$3498 and $auto$equiv_make.cc:294:find_same_wires$3222.
    Fwd merging 2 $equiv cells (from group of 2) using strategy deduplicate:
      Merging cells $auto$equiv_make.cc:294:find_same_wires$2369 and $auto$equiv_make.cc:257:find_same_wires$1822.
    Fwd merging 2 $equiv cells (from group of 2) using strategy deduplicate:
      Merging cells $auto$equiv_make.cc:257:find_same_wires$3497 and $auto$equiv_make.cc:294:find_same_wires$3221.
    Fwd merging 2 $equiv cells (from group of 2) using strategy deduplicate:
      Merging cells $auto$equiv_make.cc:294:find_same_wires$2303 and $auto$equiv_make.cc:257:find_same_wires$1821.
    Fwd merging 2 $equiv cells (from group of 2) using strategy deduplicate:
      Merging cells $auto$equiv_make.cc:257:find_same_wires$3496 and $auto$equiv_make.cc:294:find_same_wires$3220.
    Fwd merging 2 $equiv cells (from group of 2) using strategy deduplicate:
      Merging cells $auto$equiv_make.cc:294:find_same_wires$2300 and $auto$equiv_make.cc:257:find_same_wires$1820.
    Fwd merging 2 $equiv cells (from group of 2) using strategy deduplicate:
      Merging cells $auto$equiv_make.cc:294:find_same_wires$2299 and $auto$equiv_make.cc:257:find_same_wires$1819.
    Fwd merging 2 $equiv cells (from group of 2) using strategy deduplicate:
      Merging cells $auto$equiv_make.cc:294:find_same_wires$2298 and $auto$equiv_make.cc:257:find_same_wires$1818.
    Fwd merging 2 $equiv cells (from group of 2) using strategy deduplicate:
      Merging cells $auto$equiv_make.cc:294:find_same_wires$2297 and $auto$equiv_make.cc:257:find_same_wires$1817.
    Fwd merging 2 $equiv cells (from group of 2) using strategy deduplicate:
      Merging cells $auto$equiv_make.cc:294:find_same_wires$2296 and $auto$equiv_make.cc:257:find_same_wires$1816.
    Fwd merging 2 $equiv cells (from group of 2) using strategy deduplicate:
      Merging cells $auto$equiv_make.cc:294:find_same_wires$2295 and $auto$equiv_make.cc:257:find_same_wires$1815.
    Fwd merging 2 $equiv cells (from group of 2) using strategy deduplicate:
      Merging cells $auto$equiv_make.cc:294:find_same_wires$2294 and $auto$equiv_make.cc:257:find_same_wires$1814.
    Fwd merging 2 $equiv cells (from group of 2) using strategy deduplicate:
      Merging cells $auto$equiv_make.cc:294:find_same_wires$2293 and $auto$equiv_make.cc:257:find_same_wires$1813.
    Fwd merging 2 $equiv cells (from group of 2) using strategy deduplicate:
      Merging cells $auto$equiv_make.cc:294:find_same_wires$2292 and $auto$equiv_make.cc:257:find_same_wires$1812.
    Fwd merging 2 $equiv cells (from group of 2) using strategy deduplicate:
      Merging cells $auto$equiv_make.cc:294:find_same_wires$2291 and $auto$equiv_make.cc:257:find_same_wires$1811.
    Fwd merging 2 $equiv cells (from group of 2) using strategy deduplicate:
      Merging cells $auto$equiv_make.cc:294:find_same_wires$2290 and $auto$equiv_make.cc:257:find_same_wires$1810.
    Fwd merging 2 $equiv cells (from group of 2) using strategy deduplicate:
      Merging cells $auto$equiv_make.cc:294:find_same_wires$2289 and $auto$equiv_make.cc:257:find_same_wires$1809.
    Fwd merging 2 $equiv cells (from group of 2) using strategy deduplicate:
      Merging cells $auto$equiv_make.cc:294:find_same_wires$2288 and $auto$equiv_make.cc:257:find_same_wires$1808.
    Fwd merging 2 $equiv cells (from group of 2) using strategy deduplicate:
      Merging cells $auto$equiv_make.cc:294:find_same_wires$2287 and $auto$equiv_make.cc:257:find_same_wires$1807.
    Fwd merging 2 $equiv cells (from group of 2) using strategy deduplicate:
      Merging cells $auto$equiv_make.cc:294:find_same_wires$2286 and $auto$equiv_make.cc:257:find_same_wires$1806.
    Fwd merging 2 $equiv cells (from group of 2) using strategy deduplicate:
      Merging cells $auto$equiv_make.cc:294:find_same_wires$2285 and $auto$equiv_make.cc:257:find_same_wires$1805.
    Fwd merging 2 $equiv cells (from group of 2) using strategy deduplicate:
      Merging cells $auto$equiv_make.cc:294:find_same_wires$2284 and $auto$equiv_make.cc:257:find_same_wires$1804.
    Fwd merging 2 $equiv cells (from group of 2) using strategy deduplicate:
      Merging cells $auto$equiv_make.cc:294:find_same_wires$2283 and $auto$equiv_make.cc:257:find_same_wires$1803.
    Fwd merging 2 $equiv cells (from group of 2) using strategy deduplicate:
      Merging cells $auto$equiv_make.cc:294:find_same_wires$2282 and $auto$equiv_make.cc:257:find_same_wires$1802.
    Fwd merging 2 $equiv cells (from group of 2) using strategy deduplicate:
      Merging cells $auto$equiv_make.cc:294:find_same_wires$2281 and $auto$equiv_make.cc:257:find_same_wires$1801.
    Fwd merging 2 $equiv cells (from group of 2) using strategy deduplicate:
      Merging cells $auto$equiv_make.cc:294:find_same_wires$2280 and $auto$equiv_make.cc:257:find_same_wires$1800.
    Fwd merging 2 $equiv cells (from group of 2) using strategy deduplicate:
      Merging cells $auto$equiv_make.cc:294:find_same_wires$2279 and $auto$equiv_make.cc:257:find_same_wires$1799.
    Fwd merging 2 $equiv cells (from group of 2) using strategy deduplicate:
      Merging cells $auto$equiv_make.cc:294:find_same_wires$2278 and $auto$equiv_make.cc:257:find_same_wires$1798.
    Fwd merging 2 $equiv cells (from group of 2) using strategy deduplicate:
      Merging cells $auto$equiv_make.cc:294:find_same_wires$2277 and $auto$equiv_make.cc:257:find_same_wires$1797.
    Fwd merging 2 $equiv cells (from group of 2) using strategy deduplicate:
      Merging cells $auto$equiv_make.cc:294:find_same_wires$2276 and $auto$equiv_make.cc:257:find_same_wires$1796.
    Fwd merging 2 $equiv cells (from group of 2) using strategy deduplicate:
      Merging cells $auto$equiv_make.cc:294:find_same_wires$2275 and $auto$equiv_make.cc:257:find_same_wires$1795.
    Fwd merging 2 $equiv cells (from group of 2) using strategy deduplicate:
      Merging cells $auto$equiv_make.cc:294:find_same_wires$2274 and $auto$equiv_make.cc:257:find_same_wires$1794.
    Fwd merging 2 $equiv cells (from group of 2) using strategy deduplicate:
      Merging cells $auto$equiv_make.cc:294:find_same_wires$2273 and $auto$equiv_make.cc:257:find_same_wires$1793.
    Fwd merging 2 $equiv cells (from group of 2) using strategy deduplicate:
      Merging cells $auto$equiv_make.cc:294:find_same_wires$2272 and $auto$equiv_make.cc:257:find_same_wires$1792.
    Fwd merging 2 $equiv cells (from group of 2) using strategy deduplicate:
      Merging cells $auto$equiv_make.cc:294:find_same_wires$2271 and $auto$equiv_make.cc:257:find_same_wires$1791.
    Fwd merging 2 $equiv cells (from group of 2) using strategy deduplicate:
      Merging cells $auto$equiv_make.cc:294:find_same_wires$2270 and $auto$equiv_make.cc:257:find_same_wires$1790.
    Fwd merging 2 $equiv cells (from group of 2) using strategy deduplicate:
      Merging cells $auto$equiv_make.cc:294:find_same_wires$2269 and $auto$equiv_make.cc:257:find_same_wires$1789.
    Fwd merging 2 $equiv cells (from group of 2) using strategy deduplicate:
      Merging cells $auto$equiv_make.cc:294:find_same_wires$2268 and $auto$equiv_make.cc:257:find_same_wires$1788.
    Fwd merging 2 $equiv cells (from group of 2) using strategy deduplicate:
      Merging cells $auto$equiv_make.cc:294:find_same_wires$2267 and $auto$equiv_make.cc:257:find_same_wires$1787.
    Fwd merging 2 $equiv cells (from group of 2) using strategy deduplicate:
      Merging cells $auto$equiv_make.cc:294:find_same_wires$2266 and $auto$equiv_make.cc:257:find_same_wires$1786.
    Fwd merging 2 $equiv cells (from group of 2) using strategy deduplicate:
      Merging cells $auto$equiv_make.cc:294:find_same_wires$2265 and $auto$equiv_make.cc:257:find_same_wires$1785.
    Fwd merging 2 $equiv cells (from group of 2) using strategy deduplicate:
      Merging cells $auto$equiv_make.cc:294:find_same_wires$2264 and $auto$equiv_make.cc:257:find_same_wires$1784.
    Fwd merging 2 $equiv cells (from group of 2) using strategy deduplicate:
      Merging cells $auto$equiv_make.cc:294:find_same_wires$2263 and $auto$equiv_make.cc:257:find_same_wires$1783.
    Fwd merging 2 $equiv cells (from group of 2) using strategy deduplicate:
      Merging cells $auto$equiv_make.cc:294:find_same_wires$2262 and $auto$equiv_make.cc:257:find_same_wires$1782.
    Fwd merging 2 $equiv cells (from group of 2) using strategy deduplicate:
      Merging cells $auto$equiv_make.cc:294:find_same_wires$2261 and $auto$equiv_make.cc:257:find_same_wires$1781.
    Fwd merging 2 $equiv cells (from group of 2) using strategy deduplicate:
      Merging cells $auto$equiv_make.cc:294:find_same_wires$2260 and $auto$equiv_make.cc:257:find_same_wires$1780.
    Fwd merging 2 $equiv cells (from group of 2) using strategy deduplicate:
      Merging cells $auto$equiv_make.cc:294:find_same_wires$2259 and $auto$equiv_make.cc:257:find_same_wires$1779.
    Fwd merging 2 $equiv cells (from group of 2) using strategy deduplicate:
      Merging cells $auto$equiv_make.cc:294:find_same_wires$2258 and $auto$equiv_make.cc:257:find_same_wires$1778.
    Fwd merging 2 $equiv cells (from group of 2) using strategy deduplicate:
      Merging cells $auto$equiv_make.cc:294:find_same_wires$2257 and $auto$equiv_make.cc:257:find_same_wires$1777.
    Fwd merging 2 $equiv cells (from group of 2) using strategy deduplicate:
      Merging cells $auto$equiv_make.cc:294:find_same_wires$2256 and $auto$equiv_make.cc:257:find_same_wires$1776.
    Fwd merging 2 $equiv cells (from group of 2) using strategy deduplicate:
      Merging cells $auto$equiv_make.cc:294:find_same_wires$2255 and $auto$equiv_make.cc:257:find_same_wires$1775.
    Fwd merging 2 $equiv cells (from group of 2) using strategy deduplicate:
      Merging cells $auto$equiv_make.cc:294:find_same_wires$2254 and $auto$equiv_make.cc:257:find_same_wires$1774.
    Fwd merging 2 $equiv cells (from group of 2) using strategy deduplicate:
      Merging cells $auto$equiv_make.cc:294:find_same_wires$2253 and $auto$equiv_make.cc:257:find_same_wires$1773.
    Fwd merging 2 $equiv cells (from group of 2) using strategy deduplicate:
      Merging cells $auto$equiv_make.cc:294:find_same_wires$2252 and $auto$equiv_make.cc:257:find_same_wires$1772.
    Fwd merging 2 $equiv cells (from group of 2) using strategy deduplicate:
      Merging cells $auto$equiv_make.cc:294:find_same_wires$2251 and $auto$equiv_make.cc:257:find_same_wires$1771.
    Fwd merging 2 $equiv cells (from group of 2) using strategy deduplicate:
      Merging cells $auto$equiv_make.cc:294:find_same_wires$2250 and $auto$equiv_make.cc:257:find_same_wires$1770.
    Fwd merging 2 $equiv cells (from group of 2) using strategy deduplicate:
      Merging cells $auto$equiv_make.cc:294:find_same_wires$2249 and $auto$equiv_make.cc:257:find_same_wires$1769.
    Fwd merging 2 $equiv cells (from group of 2) using strategy deduplicate:
      Merging cells $auto$equiv_make.cc:294:find_same_wires$2248 and $auto$equiv_make.cc:257:find_same_wires$1768.
    Fwd merging 2 $equiv cells (from group of 2) using strategy deduplicate:
      Merging cells $auto$equiv_make.cc:294:find_same_wires$2247 and $auto$equiv_make.cc:257:find_same_wires$1767.
    Fwd merging 2 $equiv cells (from group of 2) using strategy deduplicate:
      Merging cells $auto$equiv_make.cc:294:find_same_wires$2246 and $auto$equiv_make.cc:257:find_same_wires$1766.
    Fwd merging 2 $equiv cells (from group of 2) using strategy deduplicate:
      Merging cells $auto$equiv_make.cc:294:find_same_wires$2245 and $auto$equiv_make.cc:257:find_same_wires$1765.
    Fwd merging 2 $equiv cells (from group of 2) using strategy deduplicate:
      Merging cells $auto$equiv_make.cc:294:find_same_wires$2244 and $auto$equiv_make.cc:257:find_same_wires$1764.
    Fwd merging 2 $equiv cells (from group of 2) using strategy deduplicate:
      Merging cells $auto$equiv_make.cc:294:find_same_wires$2243 and $auto$equiv_make.cc:257:find_same_wires$1763.
    Fwd merging 2 $equiv cells (from group of 2) using strategy deduplicate:
      Merging cells $auto$equiv_make.cc:294:find_same_wires$2242 and $auto$equiv_make.cc:257:find_same_wires$1762.
    Fwd merging 2 $equiv cells (from group of 2) using strategy deduplicate:
      Merging cells $auto$equiv_make.cc:294:find_same_wires$2241 and $auto$equiv_make.cc:257:find_same_wires$1761.
    Fwd merging 2 $equiv cells (from group of 2) using strategy deduplicate:
      Merging cells $auto$equiv_make.cc:294:find_same_wires$2240 and $auto$equiv_make.cc:257:find_same_wires$1760.
    Fwd merging 2 $equiv cells (from group of 2) using strategy deduplicate:
      Merging cells $auto$equiv_make.cc:294:find_same_wires$2239 and $auto$equiv_make.cc:257:find_same_wires$1759.
    Fwd merging 2 $equiv cells (from group of 2) using strategy deduplicate:
      Merging cells $auto$equiv_make.cc:294:find_same_wires$2238 and $auto$equiv_make.cc:257:find_same_wires$1758.
    Fwd merging 2 $equiv cells (from group of 2) using strategy deduplicate:
      Merging cells $auto$equiv_make.cc:294:find_same_wires$2237 and $auto$equiv_make.cc:257:find_same_wires$1757.
    Fwd merging 2 $equiv cells (from group of 2) using strategy deduplicate:
      Merging cells $auto$equiv_make.cc:257:find_same_wires$3495 and $auto$equiv_make.cc:294:find_same_wires$3219.
    Fwd merging 2 $equiv cells (from group of 2) using strategy deduplicate:
      Merging cells $auto$equiv_make.cc:257:find_same_wires$3494 and $auto$equiv_make.cc:294:find_same_wires$3218.
    Fwd merging 2 $equiv cells (from group of 2) using strategy deduplicate:
      Merging cells $auto$equiv_make.cc:257:find_same_wires$3493 and $auto$equiv_make.cc:294:find_same_wires$3217.
    Fwd merging 2 $equiv cells (from group of 2) using strategy deduplicate:
      Merging cells $auto$equiv_make.cc:257:find_same_wires$3492 and $auto$equiv_make.cc:294:find_same_wires$3150.
    Fwd merging 2 $equiv cells (from group of 3) using strategy deduplicate:
      Merging cells $auto$equiv_make.cc:294:find_same_wires$3393 and $auto$equiv_make.cc:294:find_same_wires$2813.
    Fwd merging 2 $equiv cells (from group of 3) using strategy deduplicate:
      Merging cells $auto$equiv_make.cc:294:find_same_wires$3392 and $auto$equiv_make.cc:294:find_same_wires$2812.
    Fwd merging 2 $equiv cells (from group of 3) using strategy deduplicate:
      Merging cells $auto$equiv_make.cc:294:find_same_wires$3391 and $auto$equiv_make.cc:294:find_same_wires$2811.
    Fwd merging 2 $equiv cells (from group of 3) using strategy deduplicate:
      Merging cells $auto$equiv_make.cc:294:find_same_wires$3390 and $auto$equiv_make.cc:294:find_same_wires$2810.
    Fwd merging 2 $equiv cells (from group of 3) using strategy deduplicate:
      Merging cells $auto$equiv_make.cc:294:find_same_wires$3388 and $auto$equiv_make.cc:294:find_same_wires$2808.
    Fwd merging 2 $equiv cells (from group of 3) using strategy deduplicate:
      Merging cells $auto$equiv_make.cc:294:find_same_wires$2576 and $auto$equiv_make.cc:294:find_same_wires$3473.
    Fwd merging 2 $equiv cells (from group of 2) using strategy deduplicate:
      Merging cells $auto$equiv_make.cc:294:find_same_wires$3244 and $auto$equiv_make.cc:257:find_same_wires$3520.
    Fwd merging 2 $equiv cells (from group of 2) using strategy deduplicate:
      Merging cells $auto$equiv_make.cc:294:find_same_wires$3242 and $auto$equiv_make.cc:257:find_same_wires$3518.
    Fwd merging 2 $equiv cells (from group of 2) using strategy deduplicate:
      Merging cells $auto$equiv_make.cc:294:find_same_wires$3240 and $auto$equiv_make.cc:257:find_same_wires$3516.
    Fwd merging 2 $equiv cells (from group of 2) using strategy deduplicate:
      Merging cells $auto$equiv_make.cc:294:find_same_wires$3238 and $auto$equiv_make.cc:257:find_same_wires$3514.
    Fwd merging 2 $equiv cells (from group of 2) using strategy deduplicate:
      Merging cells $auto$equiv_make.cc:294:find_same_wires$3236 and $auto$equiv_make.cc:257:find_same_wires$3512.
    Fwd merging 2 $equiv cells (from group of 2) using strategy deduplicate:
      Merging cells $auto$equiv_make.cc:294:find_same_wires$3234 and $auto$equiv_make.cc:257:find_same_wires$3510.
    Fwd merging 2 $equiv cells (from group of 2) using strategy deduplicate:
      Merging cells $auto$equiv_make.cc:294:find_same_wires$3233 and $auto$equiv_make.cc:257:find_same_wires$3509.
    Fwd merging 2 $equiv cells (from group of 2) using strategy deduplicate:
      Merging cells $auto$equiv_make.cc:294:find_same_wires$3230 and $auto$equiv_make.cc:257:find_same_wires$3506.
    Fwd merging 2 $equiv cells (from group of 2) using strategy deduplicate:
      Merging cells $auto$equiv_make.cc:294:find_same_wires$3227 and $auto$equiv_make.cc:257:find_same_wires$3503.
    Fwd merging 2 $equiv cells (from group of 2) using strategy deduplicate:
      Merging cells $auto$equiv_make.cc:294:find_same_wires$3225 and $auto$equiv_make.cc:257:find_same_wires$3501.
    Fwd merging 2 $equiv cells (from group of 2) using strategy deduplicate:
      Merging cells $auto$equiv_make.cc:294:find_same_wires$3223 and $auto$equiv_make.cc:257:find_same_wires$3499.
    Fwd merging 2 $equiv cells (from group of 2) using strategy deduplicate:
      Merging cells $auto$equiv_make.cc:294:find_same_wires$2170 and $auto$equiv_make.cc:294:find_same_wires$3070.
    Fwd merging 2 $equiv cells (from group of 2) using strategy deduplicate:
      Merging cells $auto$equiv_make.cc:294:find_same_wires$2169 and $auto$equiv_make.cc:294:find_same_wires$3069.
    Fwd merging 2 $equiv cells (from group of 2) using strategy deduplicate:
      Merging cells $auto$equiv_make.cc:294:find_same_wires$2168 and $auto$equiv_make.cc:294:find_same_wires$3068.
    Fwd merging 2 $equiv cells (from group of 2) using strategy deduplicate:
      Merging cells $auto$equiv_make.cc:294:find_same_wires$2167 and $auto$equiv_make.cc:294:find_same_wires$3067.
    Fwd merging 2 $equiv cells (from group of 2) using strategy deduplicate:
      Merging cells $auto$equiv_make.cc:294:find_same_wires$2166 and $auto$equiv_make.cc:294:find_same_wires$3066.
    Fwd merging 2 $equiv cells (from group of 2) using strategy deduplicate:
      Merging cells $auto$equiv_make.cc:294:find_same_wires$2165 and $auto$equiv_make.cc:294:find_same_wires$3065.
    Fwd merging 2 $equiv cells (from group of 2) using strategy deduplicate:
      Merging cells $auto$equiv_make.cc:294:find_same_wires$2164 and $auto$equiv_make.cc:294:find_same_wires$3064.
    Fwd merging 2 $equiv cells (from group of 2) using strategy deduplicate:
      Merging cells $auto$equiv_make.cc:294:find_same_wires$2163 and $auto$equiv_make.cc:294:find_same_wires$3063.
    Fwd merging 2 $equiv cells (from group of 2) using strategy deduplicate:
      Merging cells $auto$equiv_make.cc:294:find_same_wires$2162 and $auto$equiv_make.cc:294:find_same_wires$3062.
    Fwd merging 2 $equiv cells (from group of 2) using strategy deduplicate:
      Merging cells $auto$equiv_make.cc:294:find_same_wires$2161 and $auto$equiv_make.cc:294:find_same_wires$3061.
    Fwd merging 2 $equiv cells (from group of 2) using strategy deduplicate:
      Merging cells $auto$equiv_make.cc:294:find_same_wires$2160 and $auto$equiv_make.cc:294:find_same_wires$3060.
    Fwd merging 2 $equiv cells (from group of 2) using strategy deduplicate:
      Merging cells $auto$equiv_make.cc:294:find_same_wires$2159 and $auto$equiv_make.cc:294:find_same_wires$3059.
    Fwd merging 2 $equiv cells (from group of 2) using strategy deduplicate:
      Merging cells $auto$equiv_make.cc:294:find_same_wires$2157 and $auto$equiv_make.cc:294:find_same_wires$3057.
    Fwd merging 2 $equiv cells (from group of 2) using strategy deduplicate:
      Merging cells $auto$equiv_make.cc:294:find_same_wires$2155 and $auto$equiv_make.cc:294:find_same_wires$3055.
    Fwd merging 2 $equiv cells (from group of 3) using strategy deduplicate:
      Merging cells $auto$equiv_make.cc:294:find_same_wires$2912 and $auto$equiv_make.cc:294:find_same_wires$2150.
    Fwd merging 2 $equiv cells (from group of 3) using strategy deduplicate:
      Merging cells $auto$equiv_make.cc:294:find_same_wires$2910 and $auto$equiv_make.cc:294:find_same_wires$2148.
    Fwd merging 2 $equiv cells (from group of 3) using strategy deduplicate:
      Merging cells $auto$equiv_make.cc:294:find_same_wires$2908 and $auto$equiv_make.cc:294:find_same_wires$2146.
    Fwd merging 2 $equiv cells (from group of 3) using strategy deduplicate:
      Merging cells $auto$equiv_make.cc:294:find_same_wires$2906 and $auto$equiv_make.cc:294:find_same_wires$2144.
    Fwd merging 2 $equiv cells (from group of 3) using strategy deduplicate:
      Merging cells $auto$equiv_make.cc:294:find_same_wires$2896 and $auto$equiv_make.cc:294:find_same_wires$2142.
    Fwd merging 2 $equiv cells (from group of 3) using strategy deduplicate:
      Merging cells $auto$equiv_make.cc:294:find_same_wires$2894 and $auto$equiv_make.cc:294:find_same_wires$2140.
    Fwd merging 2 $equiv cells (from group of 3) using strategy deduplicate:
      Merging cells $auto$equiv_make.cc:294:find_same_wires$2892 and $auto$equiv_make.cc:294:find_same_wires$2138.
    Fwd merging 2 $equiv cells (from group of 3) using strategy deduplicate:
      Merging cells $auto$equiv_make.cc:294:find_same_wires$2890 and $auto$equiv_make.cc:294:find_same_wires$2136.
    Fwd merging 2 $equiv cells (from group of 2) using strategy deduplicate:
      Merging cells $auto$equiv_make.cc:294:find_same_wires$2135 and $auto$equiv_make.cc:294:find_same_wires$3417.
    Fwd merging 2 $equiv cells (from group of 3) using strategy deduplicate:
      Merging cells $auto$equiv_make.cc:294:find_same_wires$3427 and $auto$equiv_make.cc:294:find_same_wires$3463.
    Fwd merging 2 $equiv cells (from group of 2) using strategy deduplicate:
      Merging cells $auto$equiv_make.cc:294:find_same_wires$3311 and $auto$equiv_make.cc:257:find_same_wires$1515.
    Fwd merging 2 $equiv cells (from group of 2) using strategy deduplicate:
      Merging cells $auto$equiv_make.cc:294:find_same_wires$2102 and $auto$equiv_make.cc:294:find_same_wires$2987.
    Fwd merging 2 $equiv cells (from group of 2) using strategy deduplicate:
      Merging cells $auto$equiv_make.cc:294:find_same_wires$2100 and $auto$equiv_make.cc:294:find_same_wires$2985.
    Fwd merging 2 $equiv cells (from group of 2) using strategy deduplicate:
      Merging cells $auto$equiv_make.cc:294:find_same_wires$2098 and $auto$equiv_make.cc:294:find_same_wires$2983.
    Fwd merging 2 $equiv cells (from group of 2) using strategy deduplicate:
      Merging cells $auto$equiv_make.cc:294:find_same_wires$2096 and $auto$equiv_make.cc:294:find_same_wires$2981.
    Fwd merging 2 $equiv cells (from group of 2) using strategy deduplicate:
      Merging cells $auto$equiv_make.cc:294:find_same_wires$2094 and $auto$equiv_make.cc:294:find_same_wires$2979.
    Fwd merging 2 $equiv cells (from group of 2) using strategy deduplicate:
      Merging cells $auto$equiv_make.cc:294:find_same_wires$2092 and $auto$equiv_make.cc:294:find_same_wires$2977.
    Fwd merging 2 $equiv cells (from group of 2) using strategy deduplicate:
      Merging cells $auto$equiv_make.cc:294:find_same_wires$2090 and $auto$equiv_make.cc:294:find_same_wires$2975.
    Fwd merging 2 $equiv cells (from group of 2) using strategy deduplicate:
      Merging cells $auto$equiv_make.cc:294:find_same_wires$2088 and $auto$equiv_make.cc:294:find_same_wires$2973.
    Fwd merging 2 $equiv cells (from group of 2) using strategy deduplicate:
      Merging cells $auto$equiv_make.cc:294:find_same_wires$2086 and $auto$equiv_make.cc:294:find_same_wires$2971.
    Fwd merging 2 $equiv cells (from group of 2) using strategy deduplicate:
      Merging cells $auto$equiv_make.cc:294:find_same_wires$2084 and $auto$equiv_make.cc:294:find_same_wires$2969.
    Fwd merging 2 $equiv cells (from group of 2) using strategy deduplicate:
      Merging cells $auto$equiv_make.cc:294:find_same_wires$2082 and $auto$equiv_make.cc:294:find_same_wires$2967.
    Fwd merging 2 $equiv cells (from group of 2) using strategy deduplicate:
      Merging cells $auto$equiv_make.cc:294:find_same_wires$2080 and $auto$equiv_make.cc:294:find_same_wires$2965.
    Fwd merging 2 $equiv cells (from group of 2) using strategy deduplicate:
      Merging cells $auto$equiv_make.cc:294:find_same_wires$2078 and $auto$equiv_make.cc:294:find_same_wires$2963.
    Fwd merging 2 $equiv cells (from group of 2) using strategy deduplicate:
      Merging cells $auto$equiv_make.cc:294:find_same_wires$2076 and $auto$equiv_make.cc:294:find_same_wires$2961.
    Fwd merging 2 $equiv cells (from group of 2) using strategy deduplicate:
      Merging cells $auto$equiv_make.cc:294:find_same_wires$2074 and $auto$equiv_make.cc:294:find_same_wires$2959.
    Fwd merging 2 $equiv cells (from group of 2) using strategy deduplicate:
      Merging cells $auto$equiv_make.cc:294:find_same_wires$2072 and $auto$equiv_make.cc:294:find_same_wires$2957.
    Fwd merging 2 $equiv cells (from group of 2) using strategy deduplicate:
      Merging cells $auto$equiv_make.cc:294:find_same_wires$2070 and $auto$equiv_make.cc:294:find_same_wires$2955.
    Fwd merging 2 $equiv cells (from group of 2) using strategy deduplicate:
      Merging cells $auto$equiv_make.cc:294:find_same_wires$2068 and $auto$equiv_make.cc:294:find_same_wires$2953.
    Fwd merging 2 $equiv cells (from group of 2) using strategy deduplicate:
      Merging cells $auto$equiv_make.cc:294:find_same_wires$2066 and $auto$equiv_make.cc:294:find_same_wires$2951.
    Fwd merging 2 $equiv cells (from group of 2) using strategy deduplicate:
      Merging cells $auto$equiv_make.cc:294:find_same_wires$2064 and $auto$equiv_make.cc:294:find_same_wires$2949.
    Fwd merging 2 $equiv cells (from group of 3) using strategy deduplicate:
      Merging cells $auto$equiv_make.cc:294:find_same_wires$2546 and $auto$equiv_make.cc:294:find_same_wires$3019.
    Fwd merging 2 $equiv cells (from group of 3) using strategy deduplicate:
      Merging cells $auto$equiv_make.cc:294:find_same_wires$2544 and $auto$equiv_make.cc:294:find_same_wires$3017.
    Fwd merging 2 $equiv cells (from group of 3) using strategy deduplicate:
      Merging cells $auto$equiv_make.cc:294:find_same_wires$2542 and $auto$equiv_make.cc:294:find_same_wires$3015.
    Fwd merging 2 $equiv cells (from group of 3) using strategy deduplicate:
      Merging cells $auto$equiv_make.cc:294:find_same_wires$2540 and $auto$equiv_make.cc:294:find_same_wires$3013.
    Fwd merging 2 $equiv cells (from group of 3) using strategy deduplicate:
      Merging cells $auto$equiv_make.cc:294:find_same_wires$2538 and $auto$equiv_make.cc:294:find_same_wires$3011.
    Fwd merging 2 $equiv cells (from group of 3) using strategy deduplicate:
      Merging cells $auto$equiv_make.cc:294:find_same_wires$2536 and $auto$equiv_make.cc:294:find_same_wires$3009.
    Fwd merging 2 $equiv cells (from group of 2) using strategy deduplicate:
      Merging cells $auto$equiv_make.cc:294:find_same_wires$2053 and $auto$equiv_make.cc:294:find_same_wires$2921.
    Fwd merging 2 $equiv cells (from group of 2) using strategy deduplicate:
      Merging cells $auto$equiv_make.cc:294:find_same_wires$2051 and $auto$equiv_make.cc:294:find_same_wires$2919.
    Fwd merging 2 $equiv cells (from group of 2) using strategy deduplicate:
      Merging cells $auto$equiv_make.cc:294:find_same_wires$2049 and $auto$equiv_make.cc:294:find_same_wires$2917.
    Fwd merging 2 $equiv cells (from group of 2) using strategy deduplicate:
      Merging cells $auto$equiv_make.cc:294:find_same_wires$2047 and $auto$equiv_make.cc:294:find_same_wires$2915.
    Fwd merging 2 $equiv cells (from group of 3) using strategy deduplicate:
      Merging cells $auto$equiv_make.cc:294:find_same_wires$2518 and $auto$equiv_make.cc:294:find_same_wires$2991.
    Fwd merging 2 $equiv cells (from group of 3) using strategy deduplicate:
      Merging cells $auto$equiv_make.cc:294:find_same_wires$2516 and $auto$equiv_make.cc:294:find_same_wires$2989.
    Fwd merging 2 $equiv cells (from group of 2) using strategy deduplicate:
      Merging cells $auto$equiv_make.cc:294:find_same_wires$2037 and $auto$equiv_make.cc:294:find_same_wires$2905.
    Fwd merging 2 $equiv cells (from group of 2) using strategy deduplicate:
      Merging cells $auto$equiv_make.cc:294:find_same_wires$2035 and $auto$equiv_make.cc:294:find_same_wires$2903.
    Fwd merging 2 $equiv cells (from group of 2) using strategy deduplicate:
      Merging cells $auto$equiv_make.cc:294:find_same_wires$2033 and $auto$equiv_make.cc:294:find_same_wires$2901.
    Fwd merging 2 $equiv cells (from group of 2) using strategy deduplicate:
      Merging cells $auto$equiv_make.cc:294:find_same_wires$2031 and $auto$equiv_make.cc:294:find_same_wires$2899.
    Fwd merging 2 $equiv cells (from group of 3) using strategy deduplicate:
      Merging cells $auto$equiv_make.cc:294:find_same_wires$2172 and $auto$equiv_make.cc:294:find_same_wires$2947.
    Fwd merging 2 $equiv cells (from group of 3) using strategy deduplicate:
      Merging cells $auto$equiv_make.cc:294:find_same_wires$2497 and $auto$equiv_make.cc:294:find_same_wires$2945.
    Fwd merging 2 $equiv cells (from group of 3) using strategy deduplicate:
      Merging cells $auto$equiv_make.cc:294:find_same_wires$2495 and $auto$equiv_make.cc:294:find_same_wires$2943.
    Fwd merging 2 $equiv cells (from group of 3) using strategy deduplicate:
      Merging cells $auto$equiv_make.cc:294:find_same_wires$2493 and $auto$equiv_make.cc:294:find_same_wires$2941.
    Fwd merging 2 $equiv cells (from group of 3) using strategy deduplicate:
      Merging cells $auto$equiv_make.cc:294:find_same_wires$2491 and $auto$equiv_make.cc:294:find_same_wires$2939.
    Fwd merging 2 $equiv cells (from group of 3) using strategy deduplicate:
      Merging cells $auto$equiv_make.cc:294:find_same_wires$2444 and $auto$equiv_make.cc:294:find_same_wires$3453.
    Fwd merging 2 $equiv cells (from group of 3) using strategy deduplicate:
      Merging cells $auto$equiv_make.cc:294:find_same_wires$2502 and $auto$equiv_make.cc:294:find_same_wires$2868.
    Fwd merging 2 $equiv cells (from group of 2) using strategy deduplicate:
      Merging cells $auto$equiv_make.cc:294:find_same_wires$2013 and $auto$equiv_make.cc:294:find_same_wires$2881.
    Fwd merging 2 $equiv cells (from group of 2) using strategy deduplicate:
      Merging cells $auto$equiv_make.cc:294:find_same_wires$2011 and $auto$equiv_make.cc:294:find_same_wires$2879.
    Fwd merging 2 $equiv cells (from group of 2) using strategy deduplicate:
      Merging cells $auto$equiv_make.cc:294:find_same_wires$2009 and $auto$equiv_make.cc:294:find_same_wires$2877.
    Fwd merging 2 $equiv cells (from group of 2) using strategy deduplicate:
      Merging cells $auto$equiv_make.cc:294:find_same_wires$2007 and $auto$equiv_make.cc:294:find_same_wires$2875.
    Fwd merging 2 $equiv cells (from group of 2) using strategy deduplicate:
      Merging cells $auto$equiv_make.cc:294:find_same_wires$2005 and $auto$equiv_make.cc:294:find_same_wires$2873.
    Fwd merging 2 $equiv cells (from group of 3) using strategy deduplicate:
      Merging cells $auto$equiv_make.cc:294:find_same_wires$2147 and $auto$equiv_make.cc:294:find_same_wires$2909.
    Fwd merging 2 $equiv cells (from group of 3) using strategy deduplicate:
      Merging cells $auto$equiv_make.cc:294:find_same_wires$2145 and $auto$equiv_make.cc:294:find_same_wires$2907.
    Fwd merging 2 $equiv cells (from group of 3) using strategy deduplicate:
      Merging cells $auto$equiv_make.cc:294:find_same_wires$2143 and $auto$equiv_make.cc:294:find_same_wires$2897.
    Fwd merging 2 $equiv cells (from group of 3) using strategy deduplicate:
      Merging cells $auto$equiv_make.cc:294:find_same_wires$2141 and $auto$equiv_make.cc:294:find_same_wires$2895.
    Fwd merging 2 $equiv cells (from group of 2) using strategy deduplicate:
      Merging cells $auto$equiv_make.cc:294:find_same_wires$1996 and $auto$equiv_make.cc:294:find_same_wires$2864.
    Fwd merging 2 $equiv cells (from group of 2) using strategy deduplicate:
      Merging cells $auto$equiv_make.cc:294:find_same_wires$1995 and $auto$equiv_make.cc:294:find_same_wires$2863.
    Fwd merging 2 $equiv cells (from group of 2) using strategy deduplicate:
      Merging cells $auto$equiv_make.cc:294:find_same_wires$1993 and $auto$equiv_make.cc:294:find_same_wires$2861.
    Fwd merging 2 $equiv cells (from group of 2) using strategy deduplicate:
      Merging cells $auto$equiv_make.cc:294:find_same_wires$1992 and $auto$equiv_make.cc:294:find_same_wires$2860.
    Fwd merging 2 $equiv cells (from group of 2) using strategy deduplicate:
      Merging cells $auto$equiv_make.cc:294:find_same_wires$1991 and $auto$equiv_make.cc:294:find_same_wires$2859.
    Fwd merging 2 $equiv cells (from group of 2) using strategy deduplicate:
      Merging cells $auto$equiv_make.cc:294:find_same_wires$1990 and $auto$equiv_make.cc:294:find_same_wires$2858.
    Fwd merging 2 $equiv cells (from group of 2) using strategy deduplicate:
      Merging cells $auto$equiv_make.cc:294:find_same_wires$1989 and $auto$equiv_make.cc:294:find_same_wires$2857.
    Fwd merging 2 $equiv cells (from group of 2) using strategy deduplicate:
      Merging cells $auto$equiv_make.cc:294:find_same_wires$1988 and $auto$equiv_make.cc:294:find_same_wires$2840.
    Fwd merging 2 $equiv cells (from group of 2) using strategy deduplicate:
      Merging cells $auto$equiv_make.cc:294:find_same_wires$1987 and $auto$equiv_make.cc:294:find_same_wires$2839.
    Fwd merging 2 $equiv cells (from group of 2) using strategy deduplicate:
      Merging cells $auto$equiv_make.cc:294:find_same_wires$1985 and $auto$equiv_make.cc:294:find_same_wires$2837.
    Fwd merging 2 $equiv cells (from group of 3) using strategy deduplicate:
      Merging cells $auto$equiv_make.cc:294:find_same_wires$2809 and $auto$equiv_make.cc:294:find_same_wires$3389.
    Fwd merging 2 $equiv cells (from group of 2) using strategy deduplicate:
      Merging cells $auto$equiv_make.cc:294:find_same_wires$3309 and $auto$equiv_make.cc:257:find_same_wires$1513.
    Fwd merging 2 $equiv cells (from group of 2) using strategy deduplicate:
      Merging cells $auto$equiv_make.cc:294:find_same_wires$3316 and $auto$equiv_make.cc:257:find_same_wires$1520.
    Fwd merging 2 $equiv cells (from group of 2) using strategy deduplicate:
      Merging cells $auto$equiv_make.cc:294:find_same_wires$3314 and $auto$equiv_make.cc:257:find_same_wires$1518.
    Fwd merging 2 $equiv cells (from group of 2) using strategy deduplicate:
      Merging cells $auto$equiv_make.cc:294:find_same_wires$3312 and $auto$equiv_make.cc:257:find_same_wires$1516.
    Fwd merging 2 $equiv cells (from group of 2) using strategy deduplicate:
      Merging cells $auto$equiv_make.cc:294:find_same_wires$3306 and $auto$equiv_make.cc:257:find_same_wires$1510.
    Fwd merging 2 $equiv cells (from group of 2) using strategy deduplicate:
      Merging cells $auto$equiv_make.cc:294:find_same_wires$3304 and $auto$equiv_make.cc:257:find_same_wires$1508.
    Fwd merging 2 $equiv cells (from group of 2) using strategy deduplicate:
      Merging cells $auto$equiv_make.cc:294:find_same_wires$3302 and $auto$equiv_make.cc:257:find_same_wires$1506.
    Fwd merging 2 $equiv cells (from group of 2) using strategy deduplicate:
      Merging cells $auto$equiv_make.cc:294:find_same_wires$3282 and $auto$equiv_make.cc:257:find_same_wires$3525.
    Fwd merging 2 $equiv cells (from group of 2) using strategy deduplicate:
      Merging cells $auto$equiv_make.cc:294:find_same_wires$3280 and $auto$equiv_make.cc:257:find_same_wires$3524.
    Fwd merging 2 $equiv cells (from group of 2) using strategy deduplicate:
      Merging cells $auto$equiv_make.cc:294:find_same_wires$3278 and $auto$equiv_make.cc:257:find_same_wires$3522.
    Fwd merging 2 $equiv cells (from group of 3) using strategy deduplicate:
      Merging cells $auto$equiv_make.cc:294:find_same_wires$3469 and $auto$equiv_make.cc:294:find_same_wires$1890.
    Fwd merging 2 $equiv cells (from group of 3) using strategy deduplicate:
      Merging cells $auto$equiv_make.cc:294:find_same_wires$3468 and $auto$equiv_make.cc:294:find_same_wires$1889.
    Fwd merging 2 $equiv cells (from group of 3) using strategy deduplicate:
      Merging cells $auto$equiv_make.cc:294:find_same_wires$3466 and $auto$equiv_make.cc:294:find_same_wires$1887.
    Fwd merging 2 $equiv cells (from group of 3) using strategy deduplicate:
      Merging cells $auto$equiv_make.cc:294:find_same_wires$3465 and $auto$equiv_make.cc:294:find_same_wires$1886.
    Fwd merging 2 $equiv cells (from group of 3) using strategy deduplicate:
      Merging cells $auto$equiv_make.cc:294:find_same_wires$3464 and $auto$equiv_make.cc:294:find_same_wires$1885.
    Fwd merging 2 $equiv cells (from group of 3) using strategy deduplicate:
      Merging cells $auto$equiv_make.cc:294:find_same_wires$3425 and $auto$equiv_make.cc:294:find_same_wires$1882.
    Fwd merging 2 $equiv cells (from group of 3) using strategy deduplicate:
      Merging cells $auto$equiv_make.cc:294:find_same_wires$3460 and $auto$equiv_make.cc:294:find_same_wires$1881.
    Fwd merging 2 $equiv cells (from group of 3) using strategy deduplicate:
      Merging cells $auto$equiv_make.cc:294:find_same_wires$3459 and $auto$equiv_make.cc:294:find_same_wires$1880.
    Fwd merging 2 $equiv cells (from group of 3) using strategy deduplicate:
      Merging cells $auto$equiv_make.cc:294:find_same_wires$3457 and $auto$equiv_make.cc:294:find_same_wires$1878.
    Fwd merging 2 $equiv cells (from group of 3) using strategy deduplicate:
      Merging cells $auto$equiv_make.cc:294:find_same_wires$3455 and $auto$equiv_make.cc:294:find_same_wires$1876.
    Fwd merging 2 $equiv cells (from group of 3) using strategy deduplicate:
      Merging cells $auto$equiv_make.cc:294:find_same_wires$2443 and $auto$equiv_make.cc:294:find_same_wires$1856.
    Fwd merging 6 $equiv cells (from group of 6) using strategy deduplicate:
      Merging cells $auto$equiv_make.cc:294:find_same_wires$3133 and $auto$equiv_make.cc:294:find_same_wires$3023.
      Merging cells $auto$equiv_make.cc:294:find_same_wires$3021 and $auto$equiv_make.cc:294:find_same_wires$1936.
      Merging cells $auto$equiv_make.cc:294:find_same_wires$1826 and $auto$equiv_make.cc:294:find_same_wires$1824.
    Fwd merging 2 $equiv cells (from group of 3) using strategy deduplicate:
      Merging cells $auto$equiv_make.cc:294:find_same_wires$3387 and $auto$equiv_make.cc:294:find_same_wires$2807.
    Fwd merging 2 $equiv cells (from group of 3) using strategy deduplicate:
      Merging cells $auto$equiv_make.cc:294:find_same_wires$2500 and $auto$equiv_make.cc:294:find_same_wires$2866.
    Fwd merging 2 $equiv cells (from group of 3) using strategy deduplicate:
      Merging cells $auto$equiv_make.cc:294:find_same_wires$2817 and $auto$equiv_make.cc:294:find_same_wires$3397.
    Fwd merging 2 $equiv cells (from group of 3) using strategy deduplicate:
      Merging cells $auto$equiv_make.cc:294:find_same_wires$3413 and $auto$equiv_make.cc:294:find_same_wires$2833.
    Fwd merging 2 $equiv cells (from group of 3) using strategy deduplicate:
      Merging cells $auto$equiv_make.cc:294:find_same_wires$3401 and $auto$equiv_make.cc:294:find_same_wires$2821.
    Fwd merging 2 $equiv cells (from group of 3) using strategy deduplicate:
      Merging cells $auto$equiv_make.cc:294:find_same_wires$2171 and $auto$equiv_make.cc:257:find_same_wires$1740.
    Fwd merging 2 $equiv cells (from group of 3) using strategy deduplicate:
      Merging cells $auto$equiv_make.cc:294:find_same_wires$2534 and $auto$equiv_make.cc:294:find_same_wires$1726.
    Fwd merging 2 $equiv cells (from group of 3) using strategy deduplicate:
      Merging cells $auto$equiv_make.cc:294:find_same_wires$2532 and $auto$equiv_make.cc:294:find_same_wires$1724.
    Fwd merging 2 $equiv cells (from group of 3) using strategy deduplicate:
      Merging cells $auto$equiv_make.cc:294:find_same_wires$2530 and $auto$equiv_make.cc:294:find_same_wires$1722.
    Fwd merging 2 $equiv cells (from group of 3) using strategy deduplicate:
      Merging cells $auto$equiv_make.cc:294:find_same_wires$2528 and $auto$equiv_make.cc:294:find_same_wires$1720.
    Fwd merging 2 $equiv cells (from group of 3) using strategy deduplicate:
      Merging cells $auto$equiv_make.cc:294:find_same_wires$2526 and $auto$equiv_make.cc:294:find_same_wires$1718.
    Fwd merging 2 $equiv cells (from group of 3) using strategy deduplicate:
      Merging cells $auto$equiv_make.cc:294:find_same_wires$2524 and $auto$equiv_make.cc:294:find_same_wires$1716.
    Fwd merging 2 $equiv cells (from group of 3) using strategy deduplicate:
      Merging cells $auto$equiv_make.cc:294:find_same_wires$2522 and $auto$equiv_make.cc:294:find_same_wires$1714.
    Fwd merging 2 $equiv cells (from group of 3) using strategy deduplicate:
      Merging cells $auto$equiv_make.cc:294:find_same_wires$2520 and $auto$equiv_make.cc:294:find_same_wires$1712.
    Fwd merging 2 $equiv cells (from group of 3) using strategy deduplicate:
      Merging cells $auto$equiv_make.cc:294:find_same_wires$2501 and $auto$equiv_make.cc:294:find_same_wires$2867.
    Fwd merging 2 $equiv cells (from group of 3) using strategy deduplicate:
      Merging cells $auto$equiv_make.cc:294:find_same_wires$2819 and $auto$equiv_make.cc:294:find_same_wires$3399.
    Fwd merging 2 $equiv cells (from group of 3) using strategy deduplicate:
      Merging cells $auto$equiv_make.cc:294:find_same_wires$3411 and $auto$equiv_make.cc:294:find_same_wires$2831.
    Fwd merging 2 $equiv cells (from group of 3) using strategy deduplicate:
      Merging cells $auto$equiv_make.cc:294:find_same_wires$3405 and $auto$equiv_make.cc:294:find_same_wires$2825.
    Fwd merging 70 $equiv cells (from group of 71) using strategy deduplicate:
      Merging cells $auto$equiv_make.cc:294:find_same_wires$3132 and $auto$equiv_make.cc:294:find_same_wires$3130.
      Merging cells $auto$equiv_make.cc:294:find_same_wires$3128 and $auto$equiv_make.cc:294:find_same_wires$3126.
      Merging cells $auto$equiv_make.cc:294:find_same_wires$3124 and $auto$equiv_make.cc:294:find_same_wires$2553.
      Merging cells $auto$equiv_make.cc:294:find_same_wires$3122 and $auto$equiv_make.cc:294:find_same_wires$2551.
      Merging cells $auto$equiv_make.cc:294:find_same_wires$3120 and $auto$equiv_make.cc:294:find_same_wires$2549.
      Merging cells $auto$equiv_make.cc:294:find_same_wires$3118 and $auto$equiv_make.cc:294:find_same_wires$2547.
      Merging cells $auto$equiv_make.cc:294:find_same_wires$3491 and $auto$equiv_make.cc:294:find_same_wires$3489.
      Merging cells $auto$equiv_make.cc:294:find_same_wires$3487 and $auto$equiv_make.cc:294:find_same_wires$3485.
      Merging cells $auto$equiv_make.cc:294:find_same_wires$3483 and $auto$equiv_make.cc:294:find_same_wires$3481.
      Merging cells $auto$equiv_make.cc:294:find_same_wires$3479 and $auto$equiv_make.cc:294:find_same_wires$3477.
      Merging cells $auto$equiv_make.cc:294:find_same_wires$3475 and $auto$equiv_make.cc:294:find_same_wires$3147.
      Merging cells $auto$equiv_make.cc:294:find_same_wires$3145 and $auto$equiv_make.cc:294:find_same_wires$3143.
      Merging cells $auto$equiv_make.cc:294:find_same_wires$3141 and $auto$equiv_make.cc:294:find_same_wires$3139.
      Merging cells $auto$equiv_make.cc:294:find_same_wires$3137 and $auto$equiv_make.cc:294:find_same_wires$3135.
      Merging cells $auto$equiv_make.cc:294:find_same_wires$3025 and $auto$equiv_make.cc:294:find_same_wires$1950.
      Merging cells $auto$equiv_make.cc:294:find_same_wires$1948 and $auto$equiv_make.cc:294:find_same_wires$1946.
      Merging cells $auto$equiv_make.cc:294:find_same_wires$1944 and $auto$equiv_make.cc:294:find_same_wires$1942.
      Merging cells $auto$equiv_make.cc:294:find_same_wires$1940 and $auto$equiv_make.cc:294:find_same_wires$1938.
      Merging cells $auto$equiv_make.cc:294:find_same_wires$1935 and $auto$equiv_make.cc:294:find_same_wires$1933.
      Merging cells $auto$equiv_make.cc:294:find_same_wires$1931 and $auto$equiv_make.cc:294:find_same_wires$1929.
      Merging cells $auto$equiv_make.cc:294:find_same_wires$1927 and $auto$equiv_make.cc:294:find_same_wires$1925.
      Merging cells $auto$equiv_make.cc:294:find_same_wires$1923 and $auto$equiv_make.cc:294:find_same_wires$1921.
      Merging cells $auto$equiv_make.cc:294:find_same_wires$1854 and $auto$equiv_make.cc:294:find_same_wires$1852.
      Merging cells $auto$equiv_make.cc:294:find_same_wires$1850 and $auto$equiv_make.cc:294:find_same_wires$1848.
      Merging cells $auto$equiv_make.cc:294:find_same_wires$1846 and $auto$equiv_make.cc:294:find_same_wires$1844.
      Merging cells $auto$equiv_make.cc:294:find_same_wires$1842 and $auto$equiv_make.cc:294:find_same_wires$1840.
      Merging cells $auto$equiv_make.cc:294:find_same_wires$1838 and $auto$equiv_make.cc:294:find_same_wires$1836.
      Merging cells $auto$equiv_make.cc:294:find_same_wires$1834 and $auto$equiv_make.cc:294:find_same_wires$1832.
      Merging cells $auto$equiv_make.cc:294:find_same_wires$1830 and $auto$equiv_make.cc:294:find_same_wires$1828.
      Merging cells $auto$equiv_make.cc:294:find_same_wires$3051 and $auto$equiv_make.cc:294:find_same_wires$3049.
      Merging cells $auto$equiv_make.cc:294:find_same_wires$3047 and $auto$equiv_make.cc:294:find_same_wires$3045.
      Merging cells $auto$equiv_make.cc:294:find_same_wires$3043 and $auto$equiv_make.cc:294:find_same_wires$3041.
      Merging cells $auto$equiv_make.cc:294:find_same_wires$3039 and $auto$equiv_make.cc:294:find_same_wires$3037.
      Merging cells $auto$equiv_make.cc:294:find_same_wires$3035 and $auto$equiv_make.cc:294:find_same_wires$3033.
      Merging cells $auto$equiv_make.cc:294:find_same_wires$3031 and $auto$equiv_make.cc:294:find_same_wires$3029.
    Fwd merging 2 $equiv cells (from group of 3) using strategy deduplicate:
      Merging cells $auto$equiv_make.cc:294:find_same_wires$1879 and $auto$equiv_make.cc:294:find_same_wires$3458.
    Fwd merging 2 $equiv cells (from group of 3) using strategy deduplicate:
      Merging cells $auto$equiv_make.cc:294:find_same_wires$1877 and $auto$equiv_make.cc:294:find_same_wires$3456.
    Fwd merging 2 $equiv cells (from group of 3) using strategy deduplicate:
      Merging cells $auto$equiv_make.cc:294:find_same_wires$1875 and $auto$equiv_make.cc:294:find_same_wires$3454.
    Fwd merging 2 $equiv cells (from group of 3) using strategy deduplicate:
      Merging cells $auto$equiv_make.cc:294:find_same_wires$1883 and $auto$equiv_make.cc:294:find_same_wires$3462.
    Fwd merging 2 $equiv cells (from group of 3) using strategy deduplicate:
      Merging cells $auto$equiv_make.cc:294:find_same_wires$2499 and $auto$equiv_make.cc:294:find_same_wires$2865.
    Fwd merging 2 $equiv cells (from group of 3) using strategy deduplicate:
      Merging cells $auto$equiv_make.cc:294:find_same_wires$2827 and $auto$equiv_make.cc:294:find_same_wires$3407.
    Fwd merging 2 $equiv cells (from group of 3) using strategy deduplicate:
      Merging cells $auto$equiv_make.cc:294:find_same_wires$2815 and $auto$equiv_make.cc:294:find_same_wires$3395.
    Fwd merging 2 $equiv cells (from group of 3) using strategy deduplicate:
      Merging cells $auto$equiv_make.cc:294:find_same_wires$3415 and $auto$equiv_make.cc:294:find_same_wires$2835.
    Fwd merging 2 $equiv cells (from group of 3) using strategy deduplicate:
      Merging cells $auto$equiv_make.cc:294:find_same_wires$3409 and $auto$equiv_make.cc:294:find_same_wires$2829.
    Fwd merging 2 $equiv cells (from group of 3) using strategy deduplicate:
      Merging cells $auto$equiv_make.cc:294:find_same_wires$3403 and $auto$equiv_make.cc:294:find_same_wires$2823.
    Fwd merging 2 $equiv cells (from group of 3) using strategy deduplicate:
      Merging cells $auto$equiv_make.cc:294:find_same_wires$2151 and $auto$equiv_make.cc:294:find_same_wires$1632.
    Fwd merging 2 $equiv cells (from group of 3) using strategy deduplicate:
      Merging cells $auto$equiv_make.cc:294:find_same_wires$2149 and $auto$equiv_make.cc:294:find_same_wires$1630.
    Fwd merging 2 $equiv cells (from group of 3) using strategy deduplicate:
      Merging cells $auto$equiv_make.cc:294:find_same_wires$2139 and $auto$equiv_make.cc:294:find_same_wires$1612.
    Fwd merging 2 $equiv cells (from group of 3) using strategy deduplicate:
      Merging cells $auto$equiv_make.cc:294:find_same_wires$2137 and $auto$equiv_make.cc:294:find_same_wires$1610.
    Fwd merging 2 $equiv cells (from group of 3) using strategy deduplicate:
      Merging cells $auto$equiv_make.cc:294:find_same_wires$2514 and $auto$equiv_make.cc:294:find_same_wires$1608.
    Fwd merging 2 $equiv cells (from group of 3) using strategy deduplicate:
      Merging cells $auto$equiv_make.cc:294:find_same_wires$2512 and $auto$equiv_make.cc:294:find_same_wires$1606.
    Fwd merging 2 $equiv cells (from group of 3) using strategy deduplicate:
      Merging cells $auto$equiv_make.cc:294:find_same_wires$2510 and $auto$equiv_make.cc:294:find_same_wires$1604.
    Fwd merging 2 $equiv cells (from group of 3) using strategy deduplicate:
      Merging cells $auto$equiv_make.cc:294:find_same_wires$2508 and $auto$equiv_make.cc:294:find_same_wires$1602.
    Fwd merging 2 $equiv cells (from group of 3) using strategy deduplicate:
      Merging cells $auto$equiv_make.cc:294:find_same_wires$2505 and $auto$equiv_make.cc:294:find_same_wires$1590.
    Fwd merging 2 $equiv cells (from group of 3) using strategy deduplicate:
      Merging cells $auto$equiv_make.cc:294:find_same_wires$2503 and $auto$equiv_make.cc:294:find_same_wires$1588.
    Fwd merging 2 $equiv cells (from group of 3) using strategy deduplicate:
      Merging cells $auto$equiv_make.cc:294:find_same_wires$2836 and $auto$equiv_make.cc:294:find_same_wires$3416.
    Fwd merging 2 $equiv cells (from group of 3) using strategy deduplicate:
      Merging cells $auto$equiv_make.cc:294:find_same_wires$2834 and $auto$equiv_make.cc:294:find_same_wires$3414.
    Fwd merging 2 $equiv cells (from group of 3) using strategy deduplicate:
      Merging cells $auto$equiv_make.cc:294:find_same_wires$2832 and $auto$equiv_make.cc:294:find_same_wires$3412.
    Fwd merging 2 $equiv cells (from group of 3) using strategy deduplicate:
      Merging cells $auto$equiv_make.cc:294:find_same_wires$2830 and $auto$equiv_make.cc:294:find_same_wires$3410.
    Fwd merging 2 $equiv cells (from group of 3) using strategy deduplicate:
      Merging cells $auto$equiv_make.cc:294:find_same_wires$2828 and $auto$equiv_make.cc:294:find_same_wires$3408.
    Fwd merging 2 $equiv cells (from group of 3) using strategy deduplicate:
      Merging cells $auto$equiv_make.cc:294:find_same_wires$2826 and $auto$equiv_make.cc:294:find_same_wires$3406.
    Fwd merging 2 $equiv cells (from group of 3) using strategy deduplicate:
      Merging cells $auto$equiv_make.cc:294:find_same_wires$2824 and $auto$equiv_make.cc:294:find_same_wires$3404.
    Fwd merging 2 $equiv cells (from group of 3) using strategy deduplicate:
      Merging cells $auto$equiv_make.cc:294:find_same_wires$2822 and $auto$equiv_make.cc:294:find_same_wires$3402.
    Fwd merging 2 $equiv cells (from group of 3) using strategy deduplicate:
      Merging cells $auto$equiv_make.cc:294:find_same_wires$2820 and $auto$equiv_make.cc:294:find_same_wires$3400.
    Fwd merging 2 $equiv cells (from group of 3) using strategy deduplicate:
      Merging cells $auto$equiv_make.cc:294:find_same_wires$2818 and $auto$equiv_make.cc:294:find_same_wires$3398.
    Fwd merging 2 $equiv cells (from group of 3) using strategy deduplicate:
      Merging cells $auto$equiv_make.cc:294:find_same_wires$2816 and $auto$equiv_make.cc:294:find_same_wires$3396.
    Fwd merging 2 $equiv cells (from group of 3) using strategy deduplicate:
      Merging cells $auto$equiv_make.cc:294:find_same_wires$2814 and $auto$equiv_make.cc:294:find_same_wires$3394.
  Starting iteration 3.
    Fwd merging 2 $equiv cells (from group of 2) using strategy deduplicate:
      Merging cells $auto$equiv_make.cc:294:find_same_wires$2815 and $auto$equiv_make.cc:294:find_same_wires$1534.
    Fwd merging 2 $equiv cells (from group of 2) using strategy deduplicate:
      Merging cells $auto$equiv_make.cc:294:find_same_wires$2814 and $auto$equiv_make.cc:294:find_same_wires$1533.
    Fwd merging 2 $equiv cells (from group of 2) using strategy deduplicate:
      Merging cells $auto$equiv_make.cc:294:find_same_wires$2514 and $auto$equiv_make.cc:294:find_same_wires$2889.
    Fwd merging 2 $equiv cells (from group of 2) using strategy deduplicate:
      Merging cells $auto$equiv_make.cc:294:find_same_wires$2512 and $auto$equiv_make.cc:294:find_same_wires$2887.
    Fwd merging 2 $equiv cells (from group of 2) using strategy deduplicate:
      Merging cells $auto$equiv_make.cc:294:find_same_wires$2809 and $auto$equiv_make.cc:294:find_same_wires$1528.
    Fwd merging 2 $equiv cells (from group of 2) using strategy deduplicate:
      Merging cells $auto$equiv_make.cc:294:find_same_wires$2510 and $auto$equiv_make.cc:294:find_same_wires$2885.
    Fwd merging 2 $equiv cells (from group of 2) using strategy deduplicate:
      Merging cells $auto$equiv_make.cc:294:find_same_wires$2912 and $auto$equiv_make.cc:294:find_same_wires$1631.
    Fwd merging 2 $equiv cells (from group of 2) using strategy deduplicate:
      Merging cells $auto$equiv_make.cc:294:find_same_wires$2910 and $auto$equiv_make.cc:294:find_same_wires$1629.
    Fwd merging 2 $equiv cells (from group of 2) using strategy deduplicate:
      Merging cells $auto$equiv_make.cc:294:find_same_wires$2908 and $auto$equiv_make.cc:294:find_same_wires$1627.
    Fwd merging 2 $equiv cells (from group of 2) using strategy deduplicate:
      Merging cells $auto$equiv_make.cc:294:find_same_wires$2906 and $auto$equiv_make.cc:294:find_same_wires$1625.
    Fwd merging 2 $equiv cells (from group of 2) using strategy deduplicate:
      Merging cells $auto$equiv_make.cc:294:find_same_wires$3391 and $auto$equiv_make.cc:294:find_same_wires$1530.
    Fwd merging 2 $equiv cells (from group of 2) using strategy deduplicate:
      Merging cells $auto$equiv_make.cc:294:find_same_wires$2946 and $auto$equiv_make.cc:294:find_same_wires$1665.
    Fwd merging 2 $equiv cells (from group of 2) using strategy deduplicate:
      Merging cells $auto$equiv_make.cc:294:find_same_wires$2870 and $auto$equiv_make.cc:294:find_same_wires$1589.
    Fwd merging 2 $equiv cells (from group of 2) using strategy deduplicate:
      Merging cells $auto$equiv_make.cc:294:find_same_wires$3471 and $auto$equiv_make.cc:294:find_same_wires$1909.
    Fwd merging 2 $equiv cells (from group of 2) using strategy deduplicate:
      Merging cells $auto$equiv_make.cc:294:find_same_wires$2518 and $auto$equiv_make.cc:294:find_same_wires$1710.
    Fwd merging 2 $equiv cells (from group of 2) using strategy deduplicate:
      Merging cells $auto$equiv_make.cc:294:find_same_wires$2172 and $auto$equiv_make.cc:294:find_same_wires$1666.
    Fwd merging 2 $equiv cells (from group of 2) using strategy deduplicate:
      Merging cells $auto$equiv_make.cc:294:find_same_wires$2171 and $auto$equiv_make.cc:294:find_same_wires$3071.
    Fwd merging 2 $equiv cells (from group of 2) using strategy deduplicate:
      Merging cells $auto$equiv_make.cc:294:find_same_wires$2805 and $auto$equiv_make.cc:294:find_same_wires$1524.
    Fwd merging 2 $equiv cells (from group of 2) using strategy deduplicate:
      Merging cells $auto$equiv_make.cc:294:find_same_wires$2817 and $auto$equiv_make.cc:294:find_same_wires$1536.
    Fwd merging 2 $equiv cells (from group of 2) using strategy deduplicate:
      Merging cells $auto$equiv_make.cc:294:find_same_wires$2151 and $auto$equiv_make.cc:294:find_same_wires$2913.
    Fwd merging 2 $equiv cells (from group of 2) using strategy deduplicate:
      Merging cells $auto$equiv_make.cc:294:find_same_wires$2149 and $auto$equiv_make.cc:294:find_same_wires$2911.
    Fwd merging 2 $equiv cells (from group of 2) using strategy deduplicate:
      Merging cells $auto$equiv_make.cc:294:find_same_wires$2147 and $auto$equiv_make.cc:294:find_same_wires$1628.
    Fwd merging 2 $equiv cells (from group of 2) using strategy deduplicate:
      Merging cells $auto$equiv_make.cc:294:find_same_wires$2145 and $auto$equiv_make.cc:294:find_same_wires$1626.
    Fwd merging 2 $equiv cells (from group of 2) using strategy deduplicate:
      Merging cells $auto$equiv_make.cc:294:find_same_wires$2143 and $auto$equiv_make.cc:294:find_same_wires$1616.
    Fwd merging 2 $equiv cells (from group of 2) using strategy deduplicate:
      Merging cells $auto$equiv_make.cc:294:find_same_wires$2141 and $auto$equiv_make.cc:294:find_same_wires$1614.
    Fwd merging 2 $equiv cells (from group of 2) using strategy deduplicate:
      Merging cells $auto$equiv_make.cc:294:find_same_wires$2139 and $auto$equiv_make.cc:294:find_same_wires$2893.
    Fwd merging 2 $equiv cells (from group of 2) using strategy deduplicate:
      Merging cells $auto$equiv_make.cc:294:find_same_wires$2137 and $auto$equiv_make.cc:294:find_same_wires$2891.
    Fwd merging 2 $equiv cells (from group of 2) using strategy deduplicate:
      Merging cells $auto$equiv_make.cc:294:find_same_wires$3464 and $auto$equiv_make.cc:294:find_same_wires$3428.
    Fwd merging 2 $equiv cells (from group of 2) using strategy deduplicate:
      Merging cells $auto$equiv_make.cc:294:find_same_wires$2872 and $auto$equiv_make.cc:294:find_same_wires$1591.
    Fwd merging 2 $equiv cells (from group of 2) using strategy deduplicate:
      Merging cells $auto$equiv_make.cc:294:find_same_wires$3390 and $auto$equiv_make.cc:294:find_same_wires$1529.
    Fwd merging 2 $equiv cells (from group of 2) using strategy deduplicate:
      Merging cells $auto$equiv_make.cc:294:find_same_wires$3008 and $auto$equiv_make.cc:294:find_same_wires$1727.
    Fwd merging 2 $equiv cells (from group of 2) using strategy deduplicate:
      Merging cells $auto$equiv_make.cc:294:find_same_wires$3006 and $auto$equiv_make.cc:294:find_same_wires$1725.
    Fwd merging 2 $equiv cells (from group of 2) using strategy deduplicate:
      Merging cells $auto$equiv_make.cc:294:find_same_wires$3004 and $auto$equiv_make.cc:294:find_same_wires$1723.
    Fwd merging 2 $equiv cells (from group of 2) using strategy deduplicate:
      Merging cells $auto$equiv_make.cc:294:find_same_wires$3002 and $auto$equiv_make.cc:294:find_same_wires$1721.
    Fwd merging 2 $equiv cells (from group of 3) using strategy deduplicate:
      Merging cells $auto$equiv_make.cc:294:find_same_wires$3133 and $auto$equiv_make.cc:294:find_same_wires$3021.
    Fwd merging 2 $equiv cells (from group of 2) using strategy deduplicate:
      Merging cells $auto$equiv_make.cc:294:find_same_wires$2994 and $auto$equiv_make.cc:294:find_same_wires$1713.
    Fwd merging 2 $equiv cells (from group of 2) using strategy deduplicate:
      Merging cells $auto$equiv_make.cc:294:find_same_wires$2992 and $auto$equiv_make.cc:294:find_same_wires$1711.
    Fwd merging 2 $equiv cells (from group of 2) using strategy deduplicate:
      Merging cells $auto$equiv_make.cc:294:find_same_wires$2990 and $auto$equiv_make.cc:294:find_same_wires$1709.
    Fwd merging 2 $equiv cells (from group of 2) using strategy deduplicate:
      Merging cells $auto$equiv_make.cc:294:find_same_wires$2988 and $auto$equiv_make.cc:294:find_same_wires$1707.
    Fwd merging 2 $equiv cells (from group of 2) using strategy deduplicate:
      Merging cells $auto$equiv_make.cc:294:find_same_wires$2443 and $auto$equiv_make.cc:294:find_same_wires$3452.
    Fwd merging 2 $equiv cells (from group of 2) using strategy deduplicate:
      Merging cells $auto$equiv_make.cc:294:find_same_wires$3457 and $auto$equiv_make.cc:294:find_same_wires$3421.
    Fwd merging 2 $equiv cells (from group of 2) using strategy deduplicate:
      Merging cells $auto$equiv_make.cc:294:find_same_wires$3425 and $auto$equiv_make.cc:294:find_same_wires$3461.
    Fwd merging 2 $equiv cells (from group of 2) using strategy deduplicate:
      Merging cells $auto$equiv_make.cc:294:find_same_wires$3401 and $auto$equiv_make.cc:294:find_same_wires$1540.
    Fwd merging 2 $equiv cells (from group of 2) using strategy deduplicate:
      Merging cells $auto$equiv_make.cc:294:find_same_wires$2944 and $auto$equiv_make.cc:294:find_same_wires$1663.
    Fwd merging 2 $equiv cells (from group of 2) using strategy deduplicate:
      Merging cells $auto$equiv_make.cc:294:find_same_wires$2942 and $auto$equiv_make.cc:294:find_same_wires$1661.
    Fwd merging 2 $equiv cells (from group of 2) using strategy deduplicate:
      Merging cells $auto$equiv_make.cc:294:find_same_wires$2940 and $auto$equiv_make.cc:294:find_same_wires$1659.
    Fwd merging 2 $equiv cells (from group of 2) using strategy deduplicate:
      Merging cells $auto$equiv_make.cc:294:find_same_wires$2998 and $auto$equiv_make.cc:294:find_same_wires$1717.
    Fwd merging 2 $equiv cells (from group of 2) using strategy deduplicate:
      Merging cells $auto$equiv_make.cc:294:find_same_wires$2996 and $auto$equiv_make.cc:294:find_same_wires$1715.
    Fwd merging 2 $equiv cells (from group of 2) using strategy deduplicate:
      Merging cells $auto$equiv_make.cc:294:find_same_wires$2806 and $auto$equiv_make.cc:294:find_same_wires$1525.
    Fwd merging 2 $equiv cells (from group of 2) using strategy deduplicate:
      Merging cells $auto$equiv_make.cc:294:find_same_wires$3392 and $auto$equiv_make.cc:294:find_same_wires$1531.
    Fwd merging 2 $equiv cells (from group of 2) using strategy deduplicate:
      Merging cells $auto$equiv_make.cc:294:find_same_wires$3388 and $auto$equiv_make.cc:294:find_same_wires$1527.
    Fwd merging 2 $equiv cells (from group of 2) using strategy deduplicate:
      Merging cells $auto$equiv_make.cc:294:find_same_wires$3016 and $auto$equiv_make.cc:294:find_same_wires$1735.
    Fwd merging 2 $equiv cells (from group of 2) using strategy deduplicate:
      Merging cells $auto$equiv_make.cc:294:find_same_wires$2503 and $auto$equiv_make.cc:294:find_same_wires$2869.
    Fwd merging 2 $equiv cells (from group of 2) using strategy deduplicate:
      Merging cells $auto$equiv_make.cc:294:find_same_wires$3460 and $auto$equiv_make.cc:294:find_same_wires$3424.
    Fwd merging 2 $equiv cells (from group of 2) using strategy deduplicate:
      Merging cells $auto$equiv_make.cc:294:find_same_wires$1919 and $auto$equiv_make.cc:294:find_same_wires$2576.
    Fwd merging 2 $equiv cells (from group of 2) using strategy deduplicate:
      Merging cells $auto$equiv_make.cc:294:find_same_wires$3010 and $auto$equiv_make.cc:294:find_same_wires$1729.
    Fwd merging 2 $equiv cells (from group of 2) using strategy deduplicate:
      Merging cells $auto$equiv_make.cc:294:find_same_wires$1910 and $auto$equiv_make.cc:294:find_same_wires$3472.
    Fwd merging 2 $equiv cells (from group of 2) using strategy deduplicate:
      Merging cells $auto$equiv_make.cc:294:find_same_wires$2508 and $auto$equiv_make.cc:294:find_same_wires$2883.
    Fwd merging 2 $equiv cells (from group of 2) using strategy deduplicate:
      Merging cells $auto$equiv_make.cc:294:find_same_wires$2505 and $auto$equiv_make.cc:294:find_same_wires$2871.
    Fwd merging 2 $equiv cells (from group of 2) using strategy deduplicate:
      Merging cells $auto$equiv_make.cc:294:find_same_wires$1899 and $auto$equiv_make.cc:294:find_same_wires$3470.
    Fwd merging 2 $equiv cells (from group of 2) using strategy deduplicate:
      Merging cells $auto$equiv_make.cc:294:find_same_wires$2502 and $auto$equiv_make.cc:294:find_same_wires$1587.
    Fwd merging 2 $equiv cells (from group of 2) using strategy deduplicate:
      Merging cells $auto$equiv_make.cc:294:find_same_wires$2501 and $auto$equiv_make.cc:294:find_same_wires$1586.
    Fwd merging 2 $equiv cells (from group of 2) using strategy deduplicate:
      Merging cells $auto$equiv_make.cc:294:find_same_wires$2500 and $auto$equiv_make.cc:294:find_same_wires$1585.
    Fwd merging 2 $equiv cells (from group of 2) using strategy deduplicate:
      Merging cells $auto$equiv_make.cc:294:find_same_wires$2499 and $auto$equiv_make.cc:294:find_same_wires$1584.
    Fwd merging 2 $equiv cells (from group of 2) using strategy deduplicate:
      Merging cells $auto$equiv_make.cc:294:find_same_wires$1888 and $auto$equiv_make.cc:294:find_same_wires$3431.
    Fwd merging 2 $equiv cells (from group of 2) using strategy deduplicate:
      Merging cells $auto$equiv_make.cc:294:find_same_wires$1884 and $auto$equiv_make.cc:294:find_same_wires$3427.
    Fwd merging 2 $equiv cells (from group of 2) using strategy deduplicate:
      Merging cells $auto$equiv_make.cc:294:find_same_wires$1883 and $auto$equiv_make.cc:294:find_same_wires$3426.
    Fwd merging 2 $equiv cells (from group of 2) using strategy deduplicate:
      Merging cells $auto$equiv_make.cc:294:find_same_wires$1879 and $auto$equiv_make.cc:294:find_same_wires$3422.
    Fwd merging 2 $equiv cells (from group of 2) using strategy deduplicate:
      Merging cells $auto$equiv_make.cc:294:find_same_wires$1877 and $auto$equiv_make.cc:294:find_same_wires$3420.
    Fwd merging 2 $equiv cells (from group of 2) using strategy deduplicate:
      Merging cells $auto$equiv_make.cc:294:find_same_wires$1875 and $auto$equiv_make.cc:294:find_same_wires$3418.
    Fwd merging 2 $equiv cells (from group of 2) using strategy deduplicate:
      Merging cells $auto$equiv_make.cc:294:find_same_wires$2819 and $auto$equiv_make.cc:294:find_same_wires$1538.
    Fwd merging 2 $equiv cells (from group of 2) using strategy deduplicate:
      Merging cells $auto$equiv_make.cc:294:find_same_wires$1857 and $auto$equiv_make.cc:294:find_same_wires$2444.
    Fwd merging 2 $equiv cells (from group of 2) using strategy deduplicate:
      Merging cells $auto$equiv_make.cc:294:find_same_wires$3405 and $auto$equiv_make.cc:294:find_same_wires$1544.
    Fwd merging 2 $equiv cells (from group of 2) using strategy deduplicate:
      Merging cells $auto$equiv_make.cc:294:find_same_wires$2834 and $auto$equiv_make.cc:294:find_same_wires$1553.
    Fwd merging 2 $equiv cells (from group of 2) using strategy deduplicate:
      Merging cells $auto$equiv_make.cc:294:find_same_wires$2828 and $auto$equiv_make.cc:294:find_same_wires$1547.
    Fwd merging 2 $equiv cells (from group of 2) using strategy deduplicate:
      Merging cells $auto$equiv_make.cc:294:find_same_wires$2822 and $auto$equiv_make.cc:294:find_same_wires$1541.
    Fwd merging 2 $equiv cells (from group of 2) using strategy deduplicate:
      Merging cells $auto$equiv_make.cc:294:find_same_wires$3000 and $auto$equiv_make.cc:294:find_same_wires$1719.
    Fwd merging 2 $equiv cells (from group of 2) using strategy deduplicate:
      Merging cells $auto$equiv_make.cc:294:find_same_wires$2516 and $auto$equiv_make.cc:294:find_same_wires$1708.
    Fwd merging 2 $equiv cells (from group of 2) using strategy deduplicate:
      Merging cells $auto$equiv_make.cc:294:find_same_wires$3393 and $auto$equiv_make.cc:294:find_same_wires$1532.
    Fwd merging 2 $equiv cells (from group of 2) using strategy deduplicate:
      Merging cells $auto$equiv_make.cc:294:find_same_wires$3469 and $auto$equiv_make.cc:294:find_same_wires$3433.
    Fwd merging 2 $equiv cells (from group of 2) using strategy deduplicate:
      Merging cells $auto$equiv_make.cc:294:find_same_wires$3468 and $auto$equiv_make.cc:294:find_same_wires$3432.
    Fwd merging 2 $equiv cells (from group of 2) using strategy deduplicate:
      Merging cells $auto$equiv_make.cc:294:find_same_wires$3455 and $auto$equiv_make.cc:294:find_same_wires$3419.
    Fwd merging 2 $equiv cells (from group of 2) using strategy deduplicate:
      Merging cells $auto$equiv_make.cc:294:find_same_wires$3466 and $auto$equiv_make.cc:294:find_same_wires$3430.
    Fwd merging 2 $equiv cells (from group of 2) using strategy deduplicate:
      Merging cells $auto$equiv_make.cc:294:find_same_wires$3465 and $auto$equiv_make.cc:294:find_same_wires$3429.
    Fwd merging 2 $equiv cells (from group of 2) using strategy deduplicate:
      Merging cells $auto$equiv_make.cc:294:find_same_wires$3018 and $auto$equiv_make.cc:294:find_same_wires$1737.
    Fwd merging 2 $equiv cells (from group of 2) using strategy deduplicate:
      Merging cells $auto$equiv_make.cc:294:find_same_wires$2826 and $auto$equiv_make.cc:294:find_same_wires$1545.
    Fwd merging 2 $equiv cells (from group of 2) using strategy deduplicate:
      Merging cells $auto$equiv_make.cc:294:find_same_wires$2546 and $auto$equiv_make.cc:294:find_same_wires$1738.
    Fwd merging 2 $equiv cells (from group of 2) using strategy deduplicate:
      Merging cells $auto$equiv_make.cc:294:find_same_wires$2544 and $auto$equiv_make.cc:294:find_same_wires$1736.
    Fwd merging 2 $equiv cells (from group of 2) using strategy deduplicate:
      Merging cells $auto$equiv_make.cc:294:find_same_wires$2542 and $auto$equiv_make.cc:294:find_same_wires$1734.
    Fwd merging 2 $equiv cells (from group of 2) using strategy deduplicate:
      Merging cells $auto$equiv_make.cc:294:find_same_wires$2540 and $auto$equiv_make.cc:294:find_same_wires$1732.
    Fwd merging 2 $equiv cells (from group of 2) using strategy deduplicate:
      Merging cells $auto$equiv_make.cc:294:find_same_wires$2896 and $auto$equiv_make.cc:294:find_same_wires$1615.
    Fwd merging 2 $equiv cells (from group of 2) using strategy deduplicate:
      Merging cells $auto$equiv_make.cc:294:find_same_wires$2538 and $auto$equiv_make.cc:294:find_same_wires$1730.
    Fwd merging 2 $equiv cells (from group of 2) using strategy deduplicate:
      Merging cells $auto$equiv_make.cc:294:find_same_wires$2894 and $auto$equiv_make.cc:294:find_same_wires$1613.
    Fwd merging 2 $equiv cells (from group of 2) using strategy deduplicate:
      Merging cells $auto$equiv_make.cc:294:find_same_wires$2536 and $auto$equiv_make.cc:294:find_same_wires$1728.
    Fwd merging 2 $equiv cells (from group of 2) using strategy deduplicate:
      Merging cells $auto$equiv_make.cc:294:find_same_wires$2892 and $auto$equiv_make.cc:294:find_same_wires$1611.
    Fwd merging 2 $equiv cells (from group of 2) using strategy deduplicate:
      Merging cells $auto$equiv_make.cc:294:find_same_wires$2534 and $auto$equiv_make.cc:294:find_same_wires$3007.
    Fwd merging 2 $equiv cells (from group of 2) using strategy deduplicate:
      Merging cells $auto$equiv_make.cc:294:find_same_wires$2890 and $auto$equiv_make.cc:294:find_same_wires$1609.
    Fwd merging 2 $equiv cells (from group of 2) using strategy deduplicate:
      Merging cells $auto$equiv_make.cc:294:find_same_wires$2532 and $auto$equiv_make.cc:294:find_same_wires$3005.
    Fwd merging 2 $equiv cells (from group of 2) using strategy deduplicate:
      Merging cells $auto$equiv_make.cc:294:find_same_wires$2888 and $auto$equiv_make.cc:294:find_same_wires$1607.
    Fwd merging 2 $equiv cells (from group of 2) using strategy deduplicate:
      Merging cells $auto$equiv_make.cc:294:find_same_wires$2530 and $auto$equiv_make.cc:294:find_same_wires$3003.
    Fwd merging 2 $equiv cells (from group of 2) using strategy deduplicate:
      Merging cells $auto$equiv_make.cc:294:find_same_wires$2886 and $auto$equiv_make.cc:294:find_same_wires$1605.
    Fwd merging 2 $equiv cells (from group of 2) using strategy deduplicate:
      Merging cells $auto$equiv_make.cc:294:find_same_wires$2528 and $auto$equiv_make.cc:294:find_same_wires$3001.
    Fwd merging 2 $equiv cells (from group of 2) using strategy deduplicate:
      Merging cells $auto$equiv_make.cc:294:find_same_wires$2884 and $auto$equiv_make.cc:294:find_same_wires$1603.
    Fwd merging 2 $equiv cells (from group of 2) using strategy deduplicate:
      Merging cells $auto$equiv_make.cc:294:find_same_wires$2526 and $auto$equiv_make.cc:294:find_same_wires$2999.
    Fwd merging 2 $equiv cells (from group of 2) using strategy deduplicate:
      Merging cells $auto$equiv_make.cc:294:find_same_wires$2882 and $auto$equiv_make.cc:294:find_same_wires$1601.
    Fwd merging 2 $equiv cells (from group of 2) using strategy deduplicate:
      Merging cells $auto$equiv_make.cc:294:find_same_wires$2524 and $auto$equiv_make.cc:294:find_same_wires$2997.
    Fwd merging 2 $equiv cells (from group of 2) using strategy deduplicate:
      Merging cells $auto$equiv_make.cc:294:find_same_wires$2522 and $auto$equiv_make.cc:294:find_same_wires$2995.
    Fwd merging 2 $equiv cells (from group of 2) using strategy deduplicate:
      Merging cells $auto$equiv_make.cc:294:find_same_wires$2520 and $auto$equiv_make.cc:294:find_same_wires$2993.
    Fwd merging 2 $equiv cells (from group of 2) using strategy deduplicate:
      Merging cells $auto$equiv_make.cc:294:find_same_wires$3415 and $auto$equiv_make.cc:294:find_same_wires$1554.
    Fwd merging 2 $equiv cells (from group of 2) using strategy deduplicate:
      Merging cells $auto$equiv_make.cc:294:find_same_wires$3409 and $auto$equiv_make.cc:294:find_same_wires$1548.
    Fwd merging 2 $equiv cells (from group of 2) using strategy deduplicate:
      Merging cells $auto$equiv_make.cc:294:find_same_wires$3403 and $auto$equiv_make.cc:294:find_same_wires$1542.
    Fwd merging 2 $equiv cells (from group of 2) using strategy deduplicate:
      Merging cells $auto$equiv_make.cc:294:find_same_wires$2836 and $auto$equiv_make.cc:294:find_same_wires$1555.
    Fwd merging 2 $equiv cells (from group of 2) using strategy deduplicate:
      Merging cells $auto$equiv_make.cc:294:find_same_wires$2830 and $auto$equiv_make.cc:294:find_same_wires$1549.
    Fwd merging 2 $equiv cells (from group of 2) using strategy deduplicate:
      Merging cells $auto$equiv_make.cc:294:find_same_wires$2827 and $auto$equiv_make.cc:294:find_same_wires$1546.
    Fwd merging 2 $equiv cells (from group of 2) using strategy deduplicate:
      Merging cells $auto$equiv_make.cc:294:find_same_wires$2824 and $auto$equiv_make.cc:294:find_same_wires$1543.
    Fwd merging 2 $equiv cells (from group of 2) using strategy deduplicate:
      Merging cells $auto$equiv_make.cc:294:find_same_wires$2816 and $auto$equiv_make.cc:294:find_same_wires$1535.
    Fwd merging 2 $equiv cells (from group of 2) using strategy deduplicate:
      Merging cells $auto$equiv_make.cc:294:find_same_wires$1733 and $auto$equiv_make.cc:294:find_same_wires$3014.
    Fwd merging 2 $equiv cells (from group of 2) using strategy deduplicate:
      Merging cells $auto$equiv_make.cc:294:find_same_wires$1731 and $auto$equiv_make.cc:294:find_same_wires$3012.
    Fwd merging 2 $equiv cells (from group of 2) using strategy deduplicate:
      Merging cells $auto$equiv_make.cc:294:find_same_wires$2818 and $auto$equiv_make.cc:294:find_same_wires$1537.
    Fwd merging 2 $equiv cells (from group of 2) using strategy deduplicate:
      Merging cells $auto$equiv_make.cc:294:find_same_wires$3387 and $auto$equiv_make.cc:294:find_same_wires$1526.
    Fwd merging 2 $equiv cells (from group of 2) using strategy deduplicate:
      Merging cells $auto$equiv_make.cc:294:find_same_wires$3423 and $auto$equiv_make.cc:294:find_same_wires$3459.
    Fwd merging 2 $equiv cells (from group of 2) using strategy deduplicate:
      Merging cells $auto$equiv_make.cc:294:find_same_wires$3411 and $auto$equiv_make.cc:294:find_same_wires$1550.
    Fwd merging 2 $equiv cells (from group of 2) using strategy deduplicate:
      Merging cells $auto$equiv_make.cc:294:find_same_wires$2497 and $auto$equiv_make.cc:294:find_same_wires$1664.
    Fwd merging 2 $equiv cells (from group of 2) using strategy deduplicate:
      Merging cells $auto$equiv_make.cc:294:find_same_wires$2495 and $auto$equiv_make.cc:294:find_same_wires$1662.
    Fwd merging 2 $equiv cells (from group of 2) using strategy deduplicate:
      Merging cells $auto$equiv_make.cc:294:find_same_wires$2493 and $auto$equiv_make.cc:294:find_same_wires$1660.
    Fwd merging 2 $equiv cells (from group of 2) using strategy deduplicate:
      Merging cells $auto$equiv_make.cc:294:find_same_wires$2491 and $auto$equiv_make.cc:294:find_same_wires$1658.
    Fwd merging 36 $equiv cells (from group of 36) using strategy deduplicate:
      Merging cells $auto$equiv_make.cc:294:find_same_wires$3491 and $auto$equiv_make.cc:294:find_same_wires$3487.
      Merging cells $auto$equiv_make.cc:294:find_same_wires$3483 and $auto$equiv_make.cc:294:find_same_wires$3479.
      Merging cells $auto$equiv_make.cc:294:find_same_wires$3475 and $auto$equiv_make.cc:294:find_same_wires$3145.
      Merging cells $auto$equiv_make.cc:294:find_same_wires$3141 and $auto$equiv_make.cc:294:find_same_wires$3137.
      Merging cells $auto$equiv_make.cc:294:find_same_wires$3025 and $auto$equiv_make.cc:294:find_same_wires$1948.
      Merging cells $auto$equiv_make.cc:294:find_same_wires$1944 and $auto$equiv_make.cc:294:find_same_wires$1940.
      Merging cells $auto$equiv_make.cc:294:find_same_wires$3132 and $auto$equiv_make.cc:294:find_same_wires$1935.
      Merging cells $auto$equiv_make.cc:294:find_same_wires$1931 and $auto$equiv_make.cc:294:find_same_wires$1927.
      Merging cells $auto$equiv_make.cc:294:find_same_wires$1923 and $auto$equiv_make.cc:294:find_same_wires$1854.
      Merging cells $auto$equiv_make.cc:294:find_same_wires$1850 and $auto$equiv_make.cc:294:find_same_wires$1846.
      Merging cells $auto$equiv_make.cc:294:find_same_wires$1842 and $auto$equiv_make.cc:294:find_same_wires$1838.
      Merging cells $auto$equiv_make.cc:294:find_same_wires$1834 and $auto$equiv_make.cc:294:find_same_wires$1830.
      Merging cells $auto$equiv_make.cc:294:find_same_wires$3124 and $auto$equiv_make.cc:294:find_same_wires$3122.
      Merging cells $auto$equiv_make.cc:294:find_same_wires$3120 and $auto$equiv_make.cc:294:find_same_wires$3118.
      Merging cells $auto$equiv_make.cc:294:find_same_wires$3128 and $auto$equiv_make.cc:294:find_same_wires$3051.
      Merging cells $auto$equiv_make.cc:294:find_same_wires$3047 and $auto$equiv_make.cc:294:find_same_wires$3043.
      Merging cells $auto$equiv_make.cc:294:find_same_wires$3039 and $auto$equiv_make.cc:294:find_same_wires$3035.
      Merging cells $auto$equiv_make.cc:294:find_same_wires$3031 and $auto$equiv_make.cc:294:find_same_wires$3027.
    Fwd merging 2 $equiv cells (from group of 2) using strategy deduplicate:
      Merging cells $auto$equiv_make.cc:294:find_same_wires$2820 and $auto$equiv_make.cc:294:find_same_wires$1539.
    Fwd merging 2 $equiv cells (from group of 2) using strategy deduplicate:
      Merging cells $auto$equiv_make.cc:294:find_same_wires$2832 and $auto$equiv_make.cc:294:find_same_wires$1551.
    Fwd merging 2 $equiv cells (from group of 2) using strategy deduplicate:
      Merging cells $auto$equiv_make.cc:294:find_same_wires$1552 and $auto$equiv_make.cc:294:find_same_wires$3413.
  Starting iteration 4.
    Fwd merging 2 $equiv cells (from group of 2) using strategy deduplicate:
      Merging cells $auto$equiv_make.cc:294:find_same_wires$3133 and $auto$equiv_make.cc:294:find_same_wires$1826.
    Fwd merging 18 $equiv cells (from group of 18) using strategy deduplicate:
      Merging cells $auto$equiv_make.cc:294:find_same_wires$3141 and $auto$equiv_make.cc:294:find_same_wires$3025.
      Merging cells $auto$equiv_make.cc:294:find_same_wires$1944 and $auto$equiv_make.cc:294:find_same_wires$3132.
      Merging cells $auto$equiv_make.cc:294:find_same_wires$1931 and $auto$equiv_make.cc:294:find_same_wires$1923.
      Merging cells $auto$equiv_make.cc:294:find_same_wires$1850 and $auto$equiv_make.cc:294:find_same_wires$1842.
      Merging cells $auto$equiv_make.cc:294:find_same_wires$1834 and $auto$equiv_make.cc:294:find_same_wires$3124.
      Merging cells $auto$equiv_make.cc:294:find_same_wires$3120 and $auto$equiv_make.cc:294:find_same_wires$3483.
      Merging cells $auto$equiv_make.cc:294:find_same_wires$3128 and $auto$equiv_make.cc:294:find_same_wires$3047.
      Merging cells $auto$equiv_make.cc:294:find_same_wires$3039 and $auto$equiv_make.cc:294:find_same_wires$3031.
      Merging cells $auto$equiv_make.cc:294:find_same_wires$3491 and $auto$equiv_make.cc:294:find_same_wires$3475.
  Starting iteration 5.
    Fwd merging 8 $equiv cells (from group of 9) using strategy deduplicate:
      Merging cells $auto$equiv_make.cc:294:find_same_wires$3141 and $auto$equiv_make.cc:294:find_same_wires$1944.
      Merging cells $auto$equiv_make.cc:294:find_same_wires$1931 and $auto$equiv_make.cc:294:find_same_wires$1850.
      Merging cells $auto$equiv_make.cc:294:find_same_wires$1834 and $auto$equiv_make.cc:294:find_same_wires$3120.
      Merging cells $auto$equiv_make.cc:294:find_same_wires$3128 and $auto$equiv_make.cc:294:find_same_wires$3039.
  Starting iteration 6.
    Fwd merging 4 $equiv cells (from group of 5) using strategy deduplicate:
      Merging cells $auto$equiv_make.cc:294:find_same_wires$3141 and $auto$equiv_make.cc:294:find_same_wires$1931.
      Merging cells $auto$equiv_make.cc:294:find_same_wires$1834 and $auto$equiv_make.cc:294:find_same_wires$3128.
  Starting iteration 7.
    Fwd merging 2 $equiv cells (from group of 3) using strategy deduplicate:
      Merging cells $auto$equiv_make.cc:294:find_same_wires$3141 and $auto$equiv_make.cc:294:find_same_wires$1834.
  Starting iteration 8.
    Fwd merging 2 $equiv cells (from group of 2) using strategy deduplicate:
      Merging cells $auto$equiv_make.cc:294:find_same_wires$3141 and $auto$equiv_make.cc:294:find_same_wires$3491.
  Starting iteration 9.
    Nothing to merge.
  Performed a total of 1386 merges in module equiv.

18. Executing EQUIV_SIMPLE pass.
Found 622 unproven $equiv cells (80 groups) in equiv:
 Grouping SAT models for { \wb_dat_o [28] \wb_dat_o [26] \wb_dat_o [24] \wb_dat_o [22] \wb_dat_o [20] \wb_dat_o [18] \wb_dat_o [15:14] \wb_dat_o [12:11] \wb_dat_o [9] \wb_dat_o [7] \wb_dat_o [5:0] }:
  Trying to prove $equiv for \wb_dat_o [0]: failed.
  Trying to prove $equiv for \wb_dat_o [1]: failed.
  Trying to prove $equiv for \wb_dat_o [2]: failed.
  Trying to prove $equiv for \wb_dat_o [3]: failed.
  Trying to prove $equiv for \wb_dat_o [4]: failed.
  Trying to prove $equiv for \wb_dat_o [5]: failed.
  Trying to prove $equiv for \wb_dat_o [7]: failed.
  Trying to prove $equiv for \wb_dat_o [9]: failed.
  Trying to prove $equiv for \wb_dat_o [11]: failed.
  Trying to prove $equiv for \wb_dat_o [12]: failed.
  Trying to prove $equiv for \wb_dat_o [14]: failed.
  Trying to prove $equiv for \wb_dat_o [15]: failed.
  Trying to prove $equiv for \wb_dat_o [18]: success!
  Trying to prove $equiv for \wb_dat_o [20]: success!
  Trying to prove $equiv for \wb_dat_o [22]: success!
  Trying to prove $equiv for \wb_dat_o [24]: success!
  Trying to prove $equiv for \wb_dat_o [26]: success!
  Trying to prove $equiv for \wb_dat_o [28]: success!
  Trying to prove $equiv for \wb_ack_o: success!
  Trying to prove $equiv for \cfg_clamp_min [12]: success!
 Grouping SAT models for { \cfg_timestamp [26] \cfg_timestamp [24] }:
  Trying to prove $equiv for \cfg_timestamp [24]: success!
  Trying to prove $equiv for \cfg_timestamp [26]: success!
 Grouping SAT models for { \reg_last_accepted_cmd [13] \reg_last_accepted_cmd [9:8] \reg_last_accepted_cmd [4] \reg_last_accepted_cmd [2] \reg_last_accepted_cmd [0] }:
  Trying to prove $equiv for \reg_last_accepted_cmd [0]: failed.
  Trying to prove $equiv for \reg_last_accepted_cmd [2]: failed.
  Trying to prove $equiv for \reg_last_accepted_cmd [4]: failed.
  Trying to prove $equiv for \reg_last_accepted_cmd [8]: failed.
  Trying to prove $equiv for \reg_last_accepted_cmd [9]: failed.
  Trying to prove $equiv for \reg_last_accepted_cmd [13]: failed.
  Trying to prove $equiv for \reg_pending: failed.
  Trying to prove $equiv for \reg_stale_reject: success!
  Trying to prove $equiv for \reg_timeout_expired: success!
  Trying to prove $equiv for \reg_fallback_active: success!
  Trying to prove $equiv for \u_mmio.illegal_addr: success!
  Trying to prove $equiv for \u_mmio.write_access: success!
  Trying to prove $equiv for \u_mmio.access: success!
  Trying to prove $equiv for \u_mmio.wb_err_o_r: success!
 Grouping SAT models for \u_mmio.wb_dat_o_r [31:29]:
  Trying to prove $equiv for \u_mmio.wb_dat_o_r [29]: success!
  Trying to prove $equiv for \u_mmio.wb_dat_o_r [30]: success!
  Trying to prove $equiv for \u_mmio.wb_dat_o_r [31]: success!
 Grouping SAT models for { \u_mmio.r_status_flags [6] \u_mmio.r_status_flags [4] \u_mmio.r_status_flags [2] \u_mmio.r_status_flags [0] }:
  Trying to prove $equiv for \u_mmio.r_status_flags [0]: success!
  Trying to prove $equiv for \u_mmio.r_status_flags [2]: success!
  Trying to prove $equiv for \u_mmio.r_status_flags [4]: success!
  Trying to prove $equiv for \u_mmio.r_status_flags [6]: success!
  Trying to prove $equiv for \u_mmio.r_command_mode [1]: success!
 Grouping SAT models for { \u_mmio.r_timestamp [30] \u_mmio.r_timestamp [28] \u_mmio.r_timestamp [22] \u_mmio.r_timestamp [20] \u_mmio.r_timestamp [18] \u_mmio.r_timestamp [16] \u_mmio.r_timestamp [14] \u_mmio.r_timestamp [12] \u_mmio.r_timestamp [10] \u_mmio.r_timestamp [8] \u_mmio.r_timestamp [6] \u_mmio.r_timestamp [4] \u_mmio.r_timestamp [2] \u_mmio.r_timestamp [0] }:
  Trying to prove $equiv for \u_mmio.r_timestamp [0]: success!
  Trying to prove $equiv for \u_mmio.r_timestamp [2]: success!
  Trying to prove $equiv for \u_mmio.r_timestamp [4]: success!
  Trying to prove $equiv for \u_mmio.r_timestamp [6]: success!
  Trying to prove $equiv for \u_mmio.r_timestamp [8]: success!
  Trying to prove $equiv for \u_mmio.r_timestamp [10]: success!
  Trying to prove $equiv for \u_mmio.r_timestamp [12]: success!
  Trying to prove $equiv for \u_mmio.r_timestamp [14]: success!
  Trying to prove $equiv for \u_mmio.r_timestamp [16]: success!
  Trying to prove $equiv for \u_mmio.r_timestamp [18]: success!
  Trying to prove $equiv for \u_mmio.r_timestamp [20]: success!
  Trying to prove $equiv for \u_mmio.r_timestamp [22]: success!
  Trying to prove $equiv for \u_mmio.r_timestamp [28]: success!
  Trying to prove $equiv for \u_mmio.r_timestamp [30]: success!
 Grouping SAT models for { \u_mmio.r_flow_handle [15] \u_mmio.r_flow_handle [13] \u_mmio.r_flow_handle [5] }:
  Trying to prove $equiv for \u_mmio.r_flow_handle [5]: success!
  Trying to prove $equiv for \u_mmio.r_flow_handle [13]: success!
  Trying to prove $equiv for \u_mmio.r_flow_handle [15]: success!
 Grouping SAT models for { \u_mmio.r_geometry_handle [14] \u_mmio.r_geometry_handle [12] \u_mmio.r_geometry_handle [10] \u_mmio.r_geometry_handle [8] \u_mmio.r_geometry_handle [6] \u_mmio.r_geometry_handle [4] \u_mmio.r_geometry_handle [2] \u_mmio.r_geometry_handle [0] }:
  Trying to prove $equiv for \u_mmio.r_geometry_handle [0]: success!
  Trying to prove $equiv for \u_mmio.r_geometry_handle [2]: success!
  Trying to prove $equiv for \u_mmio.r_geometry_handle [4]: success!
  Trying to prove $equiv for \u_mmio.r_geometry_handle [6]: success!
  Trying to prove $equiv for \u_mmio.r_geometry_handle [8]: success!
  Trying to prove $equiv for \u_mmio.r_geometry_handle [10]: success!
  Trying to prove $equiv for \u_mmio.r_geometry_handle [12]: success!
  Trying to prove $equiv for \u_mmio.r_geometry_handle [14]: success!
 Grouping SAT models for { \u_mmio.r_request_id [7] \u_mmio.r_request_id [5] \u_mmio.r_request_id [3] \u_mmio.r_request_id [1] }:
  Trying to prove $equiv for \u_mmio.r_request_id [1]: success!
  Trying to prove $equiv for \u_mmio.r_request_id [3]: success!
  Trying to prove $equiv for \u_mmio.r_request_id [5]: success!
  Trying to prove $equiv for \u_mmio.r_request_id [7]: success!
  Trying to prove $equiv for \u_mmio.r_allow_multi_outstanding: success!
 Grouping SAT models for { \u_mmio.r_clamp_max [15:9] \u_mmio.r_clamp_max [4] \u_mmio.r_clamp_max [1:0] }:
  Trying to prove $equiv for \u_mmio.r_clamp_max [0]: success!
  Trying to prove $equiv for \u_mmio.r_clamp_max [1]: success!
  Trying to prove $equiv for \u_mmio.r_clamp_max [4]: success!
  Trying to prove $equiv for \u_mmio.r_clamp_max [9]: success!
  Trying to prove $equiv for \u_mmio.r_clamp_max [10]: success!
  Trying to prove $equiv for \u_mmio.r_clamp_max [11]: success!
  Trying to prove $equiv for \u_mmio.r_clamp_max [12]: success!
  Trying to prove $equiv for \u_mmio.r_clamp_max [13]: success!
  Trying to prove $equiv for \u_mmio.r_clamp_max [14]: success!
  Trying to prove $equiv for \u_mmio.r_clamp_max [15]: success!
 Grouping SAT models for { \u_mmio.r_clamp_min [15] \u_mmio.r_clamp_min [13] \u_mmio.r_clamp_min [11] \u_mmio.r_clamp_min [9] \u_mmio.r_clamp_min [7:5] \u_mmio.r_clamp_min [3] \u_mmio.r_clamp_min [1] }:
  Trying to prove $equiv for \u_mmio.r_clamp_min [1]: success!
  Trying to prove $equiv for \u_mmio.r_clamp_min [3]: success!
  Trying to prove $equiv for \u_mmio.r_clamp_min [5]: success!
  Trying to prove $equiv for \u_mmio.r_clamp_min [6]: success!
  Trying to prove $equiv for \u_mmio.r_clamp_min [7]: success!
  Trying to prove $equiv for \u_mmio.r_clamp_min [9]: success!
  Trying to prove $equiv for \u_mmio.r_clamp_min [11]: success!
  Trying to prove $equiv for \u_mmio.r_clamp_min [13]: success!
  Trying to prove $equiv for \u_mmio.r_clamp_min [15]: success!
 Grouping SAT models for { \u_mmio.r_timeout_cycles [30] \u_mmio.r_timeout_cycles [28] \u_mmio.r_timeout_cycles [26] \u_mmio.r_timeout_cycles [24] \u_mmio.r_timeout_cycles [22] \u_mmio.r_timeout_cycles [20] \u_mmio.r_timeout_cycles [18] \u_mmio.r_timeout_cycles [16] \u_mmio.r_timeout_cycles [14] \u_mmio.r_timeout_cycles [12] \u_mmio.r_timeout_cycles [10] \u_mmio.r_timeout_cycles [8] \u_mmio.r_timeout_cycles [6] \u_mmio.r_timeout_cycles [4] \u_mmio.r_timeout_cycles [2] \u_mmio.r_timeout_cycles [0] }:
  Trying to prove $equiv for \u_mmio.r_timeout_cycles [0]: success!
  Trying to prove $equiv for \u_mmio.r_timeout_cycles [2]: success!
  Trying to prove $equiv for \u_mmio.r_timeout_cycles [4]: success!
  Trying to prove $equiv for \u_mmio.r_timeout_cycles [6]: success!
  Trying to prove $equiv for \u_mmio.r_timeout_cycles [8]: success!
  Trying to prove $equiv for \u_mmio.r_timeout_cycles [10]: success!
  Trying to prove $equiv for \u_mmio.r_timeout_cycles [12]: success!
  Trying to prove $equiv for \u_mmio.r_timeout_cycles [14]: success!
  Trying to prove $equiv for \u_mmio.r_timeout_cycles [16]: success!
  Trying to prove $equiv for \u_mmio.r_timeout_cycles [18]: success!
  Trying to prove $equiv for \u_mmio.r_timeout_cycles [20]: success!
  Trying to prove $equiv for \u_mmio.r_timeout_cycles [22]: success!
  Trying to prove $equiv for \u_mmio.r_timeout_cycles [24]: success!
  Trying to prove $equiv for \u_mmio.r_timeout_cycles [26]: success!
  Trying to prove $equiv for \u_mmio.r_timeout_cycles [28]: success!
  Trying to prove $equiv for \u_mmio.r_timeout_cycles [30]: success!
 Grouping SAT models for { \u_mmio.r_oper_en_max [14] \u_mmio.r_oper_en_max [12] \u_mmio.r_oper_en_max [10] \u_mmio.r_oper_en_max [8] \u_mmio.r_oper_en_max [6] \u_mmio.r_oper_en_max [4] \u_mmio.r_oper_en_max [2] \u_mmio.r_oper_en_max [0] }:
  Trying to prove $equiv for \u_mmio.r_oper_en_max [0]: success!
  Trying to prove $equiv for \u_mmio.r_oper_en_max [2]: success!
  Trying to prove $equiv for \u_mmio.r_oper_en_max [4]: success!
  Trying to prove $equiv for \u_mmio.r_oper_en_max [6]: success!
  Trying to prove $equiv for \u_mmio.r_oper_en_max [8]: success!
  Trying to prove $equiv for \u_mmio.r_oper_en_max [10]: success!
  Trying to prove $equiv for \u_mmio.r_oper_en_max [12]: success!
  Trying to prove $equiv for \u_mmio.r_oper_en_max [14]: success!
 Grouping SAT models for { \u_mmio.r_oper_en_min [14] \u_mmio.r_oper_en_min [12] \u_mmio.r_oper_en_min [10] \u_mmio.r_oper_en_min [8] \u_mmio.r_oper_en_min [6] \u_mmio.r_oper_en_min [4] \u_mmio.r_oper_en_min [2] \u_mmio.r_oper_en_min [0] }:
  Trying to prove $equiv for \u_mmio.r_oper_en_min [0]: success!
  Trying to prove $equiv for \u_mmio.r_oper_en_min [2]: success!
  Trying to prove $equiv for \u_mmio.r_oper_en_min [4]: success!
  Trying to prove $equiv for \u_mmio.r_oper_en_min [6]: success!
  Trying to prove $equiv for \u_mmio.r_oper_en_min [8]: success!
  Trying to prove $equiv for \u_mmio.r_oper_en_min [10]: success!
  Trying to prove $equiv for \u_mmio.r_oper_en_min [12]: success!
  Trying to prove $equiv for \u_mmio.r_oper_en_min [14]: success!
 Grouping SAT models for { \u_mmio.reg_fault_summary [3] \u_mmio.reg_fault_summary [1] }:
  Trying to prove $equiv for \u_mmio.reg_fault_summary [1]: failed.
  Trying to prove $equiv for \u_mmio.reg_fault_summary [3]: success!
 Grouping SAT models for \u_mmio.cfg_fallback_cmd:
  Trying to prove $equiv for \u_mmio.cfg_fallback_cmd [0]: success!
  Trying to prove $equiv for \u_mmio.cfg_fallback_cmd [1]: success!
  Trying to prove $equiv for \u_mmio.cfg_fallback_cmd [2]: success!
  Trying to prove $equiv for \u_mmio.cfg_fallback_cmd [3]: success!
  Trying to prove $equiv for \u_mmio.cfg_fallback_cmd [4]: success!
  Trying to prove $equiv for \u_mmio.cfg_fallback_cmd [5]: success!
  Trying to prove $equiv for \u_mmio.cfg_fallback_cmd [6]: success!
  Trying to prove $equiv for \u_mmio.cfg_fallback_cmd [7]: success!
  Trying to prove $equiv for \u_mmio.cfg_fallback_cmd [8]: success!
  Trying to prove $equiv for \u_mmio.cfg_fallback_cmd [9]: success!
  Trying to prove $equiv for \u_mmio.cfg_fallback_cmd [10]: success!
  Trying to prove $equiv for \u_mmio.cfg_fallback_cmd [11]: success!
  Trying to prove $equiv for \u_mmio.cfg_fallback_cmd [12]: success!
  Trying to prove $equiv for \u_mmio.cfg_fallback_cmd [13]: success!
  Trying to prove $equiv for \u_mmio.cfg_fallback_cmd [14]: success!
  Trying to prove $equiv for \u_mmio.cfg_fallback_cmd [15]: success!
 Grouping SAT models for \u_mmio.cfg_rate_limit_step:
  Trying to prove $equiv for \u_mmio.cfg_rate_limit_step [0]: success!
  Trying to prove $equiv for \u_mmio.cfg_rate_limit_step [1]: success!
  Trying to prove $equiv for \u_mmio.cfg_rate_limit_step [2]: success!
  Trying to prove $equiv for \u_mmio.cfg_rate_limit_step [3]: success!
  Trying to prove $equiv for \u_mmio.cfg_rate_limit_step [4]: success!
  Trying to prove $equiv for \u_mmio.cfg_rate_limit_step [5]: success!
  Trying to prove $equiv for \u_mmio.cfg_rate_limit_step [6]: success!
  Trying to prove $equiv for \u_mmio.cfg_rate_limit_step [7]: success!
  Trying to prove $equiv for \u_mmio.cfg_rate_limit_step [8]: success!
  Trying to prove $equiv for \u_mmio.cfg_rate_limit_step [9]: success!
  Trying to prove $equiv for \u_mmio.cfg_rate_limit_step [10]: success!
  Trying to prove $equiv for \u_mmio.cfg_rate_limit_step [11]: success!
  Trying to prove $equiv for \u_mmio.cfg_rate_limit_step [12]: success!
  Trying to prove $equiv for \u_mmio.cfg_rate_limit_step [13]: success!
  Trying to prove $equiv for \u_mmio.cfg_rate_limit_step [14]: success!
  Trying to prove $equiv for \u_mmio.cfg_rate_limit_step [15]: success!
  Trying to prove $equiv for \u_mmio.cfg_rate_limit_en: success!
  Trying to prove $equiv for \u_mmio.wb_cyc_i: success!
  Trying to prove $equiv for \u_mmio.wb_stb_i: success!
  Trying to prove $equiv for \u_mmio.wb_we_i: success!
 Grouping SAT models for { \u_mmio.wb_dat_o [27] \u_mmio.wb_dat_o [25] \u_mmio.wb_dat_o [23] \u_mmio.wb_dat_o [21] \u_mmio.wb_dat_o [19] \u_mmio.wb_dat_o [17:16] \u_mmio.wb_dat_o [13] \u_mmio.wb_dat_o [10] \u_mmio.wb_dat_o [8] \u_mmio.wb_dat_o [6] }:
  Trying to prove $equiv for \u_mmio.wb_dat_o [6]: failed.
  Trying to prove $equiv for \u_mmio.wb_dat_o [8]: failed.
  Trying to prove $equiv for \u_mmio.wb_dat_o [10]: failed.
  Trying to prove $equiv for \u_mmio.wb_dat_o [13]: failed.
  Trying to prove $equiv for \u_mmio.wb_dat_o [16]: success!
  Trying to prove $equiv for \u_mmio.wb_dat_o [17]: success!
  Trying to prove $equiv for \u_mmio.wb_dat_o [19]: success!
  Trying to prove $equiv for \u_mmio.wb_dat_o [21]: success!
  Trying to prove $equiv for \u_mmio.wb_dat_o [23]: success!
  Trying to prove $equiv for \u_mmio.wb_dat_o [25]: success!
  Trying to prove $equiv for \u_mmio.wb_dat_o [27]: success!
 Grouping SAT models for \u_mmio.wb_dat_i:
  Trying to prove $equiv for \u_mmio.wb_dat_i [0]: success!
  Trying to prove $equiv for \u_mmio.wb_dat_i [1]: success!
  Trying to prove $equiv for \u_mmio.wb_dat_i [2]: success!
  Trying to prove $equiv for \u_mmio.wb_dat_i [3]: success!
  Trying to prove $equiv for \u_mmio.wb_dat_i [4]: success!
  Trying to prove $equiv for \u_mmio.wb_dat_i [5]: success!
  Trying to prove $equiv for \u_mmio.wb_dat_i [6]: success!
  Trying to prove $equiv for \u_mmio.wb_dat_i [7]: success!
  Trying to prove $equiv for \u_mmio.wb_dat_i [8]: success!
  Trying to prove $equiv for \u_mmio.wb_dat_i [9]: success!
  Trying to prove $equiv for \u_mmio.wb_dat_i [10]: success!
  Trying to prove $equiv for \u_mmio.wb_dat_i [11]: success!
  Trying to prove $equiv for \u_mmio.wb_dat_i [12]: success!
  Trying to prove $equiv for \u_mmio.wb_dat_i [13]: success!
  Trying to prove $equiv for \u_mmio.wb_dat_i [14]: success!
  Trying to prove $equiv for \u_mmio.wb_dat_i [15]: success!
  Trying to prove $equiv for \u_mmio.wb_dat_i [16]: success!
  Trying to prove $equiv for \u_mmio.wb_dat_i [17]: success!
  Trying to prove $equiv for \u_mmio.wb_dat_i [18]: success!
  Trying to prove $equiv for \u_mmio.wb_dat_i [19]: success!
  Trying to prove $equiv for \u_mmio.wb_dat_i [20]: success!
  Trying to prove $equiv for \u_mmio.wb_dat_i [21]: success!
  Trying to prove $equiv for \u_mmio.wb_dat_i [22]: success!
  Trying to prove $equiv for \u_mmio.wb_dat_i [23]: success!
  Trying to prove $equiv for \u_mmio.wb_dat_i [24]: success!
  Trying to prove $equiv for \u_mmio.wb_dat_i [25]: success!
  Trying to prove $equiv for \u_mmio.wb_dat_i [26]: success!
  Trying to prove $equiv for \u_mmio.wb_dat_i [27]: success!
  Trying to prove $equiv for \u_mmio.wb_dat_i [28]: success!
  Trying to prove $equiv for \u_mmio.wb_dat_i [29]: success!
  Trying to prove $equiv for \u_mmio.wb_dat_i [30]: success!
  Trying to prove $equiv for \u_mmio.wb_dat_i [31]: success!
 Grouping SAT models for \u_mmio.wb_adr_i [31:8]:
  Trying to prove $equiv for \u_mmio.wb_adr_i [8]: success!
  Trying to prove $equiv for \u_mmio.wb_adr_i [9]: success!
  Trying to prove $equiv for \u_mmio.wb_adr_i [10]: success!
  Trying to prove $equiv for \u_mmio.wb_adr_i [11]: success!
  Trying to prove $equiv for \u_mmio.wb_adr_i [12]: success!
  Trying to prove $equiv for \u_mmio.wb_adr_i [13]: success!
  Trying to prove $equiv for \u_mmio.wb_adr_i [14]: success!
  Trying to prove $equiv for \u_mmio.wb_adr_i [15]: success!
  Trying to prove $equiv for \u_mmio.wb_adr_i [16]: success!
  Trying to prove $equiv for \u_mmio.wb_adr_i [17]: success!
  Trying to prove $equiv for \u_mmio.wb_adr_i [18]: success!
  Trying to prove $equiv for \u_mmio.wb_adr_i [19]: success!
  Trying to prove $equiv for \u_mmio.wb_adr_i [20]: success!
  Trying to prove $equiv for \u_mmio.wb_adr_i [21]: success!
  Trying to prove $equiv for \u_mmio.wb_adr_i [22]: success!
  Trying to prove $equiv for \u_mmio.wb_adr_i [23]: success!
  Trying to prove $equiv for \u_mmio.wb_adr_i [24]: success!
  Trying to prove $equiv for \u_mmio.wb_adr_i [25]: success!
  Trying to prove $equiv for \u_mmio.wb_adr_i [26]: success!
  Trying to prove $equiv for \u_mmio.wb_adr_i [27]: success!
  Trying to prove $equiv for \u_mmio.wb_adr_i [28]: success!
  Trying to prove $equiv for \u_mmio.wb_adr_i [29]: success!
  Trying to prove $equiv for \u_mmio.wb_adr_i [30]: success!
  Trying to prove $equiv for \u_mmio.wb_adr_i [31]: success!
  Trying to prove $equiv for \u_fsm.issue_req: success!
  Trying to prove $equiv for \u_fsm.timeout_bad: success!
  Trying to prove $equiv for \u_fsm.envelope_bad: success!
 Grouping SAT models for { \u_fsm.cmd_raw [15] \u_fsm.cmd_raw [13] \u_fsm.cmd_raw [11] \u_fsm.cmd_raw [9] \u_fsm.cmd_raw [7] \u_fsm.cmd_raw [5] \u_fsm.cmd_raw [3] \u_fsm.cmd_raw [1] }:
  Trying to prove $equiv for \u_fsm.cmd_raw [1]: success!
  Trying to prove $equiv for \u_fsm.cmd_raw [3]: success!
  Trying to prove $equiv for \u_fsm.cmd_raw [5]: success!
  Trying to prove $equiv for \u_fsm.cmd_raw [7]: success!
  Trying to prove $equiv for \u_fsm.cmd_raw [9]: success!
  Trying to prove $equiv for \u_fsm.cmd_raw [11]: success!
  Trying to prove $equiv for \u_fsm.cmd_raw [13]: success!
  Trying to prove $equiv for \u_fsm.cmd_raw [15]: success!
 Grouping SAT models for { \u_fsm.req_desc_comb [55] \u_fsm.req_desc_comb [53] \u_fsm.req_desc_comb [51] \u_fsm.req_desc_comb [49] \u_fsm.req_desc_comb [47] \u_fsm.req_desc_comb [45] \u_fsm.req_desc_comb [43] \u_fsm.req_desc_comb [41] \u_fsm.req_desc_comb [39] \u_fsm.req_desc_comb [37] \u_fsm.req_desc_comb [35] \u_fsm.req_desc_comb [33] \u_fsm.req_desc_comb [31] \u_fsm.req_desc_comb [29] \u_fsm.req_desc_comb [27] \u_fsm.req_desc_comb [25] \u_fsm.req_desc_comb [23] \u_fsm.req_desc_comb [21] \u_fsm.req_desc_comb [19] \u_fsm.req_desc_comb [17] \u_fsm.req_desc_comb [14] \u_fsm.req_desc_comb [12:8] \u_fsm.req_desc_comb [6] \u_fsm.req_desc_comb [4] \u_fsm.req_desc_comb [2] \u_fsm.req_desc_comb [0] }:
  Trying to prove $equiv for \u_fsm.req_desc_comb [0]: success!
  Trying to prove $equiv for \u_fsm.req_desc_comb [2]: success!
  Trying to prove $equiv for \u_fsm.req_desc_comb [4]: success!
  Trying to prove $equiv for \u_fsm.req_desc_comb [6]: success!
  Trying to prove $equiv for \u_fsm.req_desc_comb [8]: success!
  Trying to prove $equiv for \u_fsm.req_desc_comb [9]: success!
  Trying to prove $equiv for \u_fsm.req_desc_comb [10]: success!
  Trying to prove $equiv for \u_fsm.req_desc_comb [11]: success!
  Trying to prove $equiv for \u_fsm.req_desc_comb [12]: success!
  Trying to prove $equiv for \u_fsm.req_desc_comb [14]: success!
  Trying to prove $equiv for \u_fsm.req_desc_comb [17]: success!
  Trying to prove $equiv for \u_fsm.req_desc_comb [19]: success!
  Trying to prove $equiv for \u_fsm.req_desc_comb [21]: success!
  Trying to prove $equiv for \u_fsm.req_desc_comb [23]: success!
  Trying to prove $equiv for \u_fsm.req_desc_comb [25]: success!
  Trying to prove $equiv for \u_fsm.req_desc_comb [27]: success!
  Trying to prove $equiv for \u_fsm.req_desc_comb [29]: success!
  Trying to prove $equiv for \u_fsm.req_desc_comb [31]: success!
  Trying to prove $equiv for \u_fsm.req_desc_comb [33]: success!
  Trying to prove $equiv for \u_fsm.req_desc_comb [35]: success!
  Trying to prove $equiv for \u_fsm.req_desc_comb [37]: success!
  Trying to prove $equiv for \u_fsm.req_desc_comb [39]: success!
  Trying to prove $equiv for \u_fsm.req_desc_comb [41]: success!
  Trying to prove $equiv for \u_fsm.req_desc_comb [43]: success!
  Trying to prove $equiv for \u_fsm.req_desc_comb [45]: success!
  Trying to prove $equiv for \u_fsm.req_desc_comb [47]: success!
  Trying to prove $equiv for \u_fsm.req_desc_comb [49]: success!
  Trying to prove $equiv for \u_fsm.req_desc_comb [51]: success!
  Trying to prove $equiv for \u_fsm.req_desc_comb [53]: success!
  Trying to prove $equiv for \u_fsm.req_desc_comb [55]: success!
 Grouping SAT models for \u_fsm.next_fault_summary:
  Trying to prove $equiv for \u_fsm.next_fault_summary [0]: failed.
  Trying to prove $equiv for \u_fsm.next_fault_summary [1]: failed.
  Trying to prove $equiv for \u_fsm.next_fault_summary [2]: failed.
  Trying to prove $equiv for \u_fsm.next_fault_summary [3]: failed.
  Trying to prove $equiv for \u_fsm.next_fault_summary [4]: failed.
  Trying to prove $equiv for \u_fsm.next_fault_summary [5]: failed.
  Trying to prove $equiv for \u_fsm.next_fault_summary [6]: failed.
  Trying to prove $equiv for \u_fsm.next_fault_summary [7]: failed.
  Trying to prove $equiv for \u_fsm.next_fault_summary [8]: failed.
  Trying to prove $equiv for \u_fsm.next_fault_summary [9]: failed.
  Trying to prove $equiv for \u_fsm.next_fault_summary [10]: failed.
  Trying to prove $equiv for \u_fsm.next_fault_summary [11]: failed.
  Trying to prove $equiv for \u_fsm.next_fault_summary [12]: failed.
  Trying to prove $equiv for \u_fsm.next_fault_summary [13]: failed.
  Trying to prove $equiv for \u_fsm.next_fault_summary [14]: failed.
  Trying to prove $equiv for \u_fsm.next_fault_summary [15]: failed.
 Grouping SAT models for \u_fsm.next_age_counter:
  Trying to prove $equiv for \u_fsm.next_age_counter [0]: failed.
  Trying to prove $equiv for \u_fsm.next_age_counter [1]: failed.
  Trying to prove $equiv for \u_fsm.next_age_counter [2]: failed.
  Trying to prove $equiv for \u_fsm.next_age_counter [3]: failed.
  Trying to prove $equiv for \u_fsm.next_age_counter [4]: failed.
  Trying to prove $equiv for \u_fsm.next_age_counter [5]: failed.
  Trying to prove $equiv for \u_fsm.next_age_counter [6]: failed.
  Trying to prove $equiv for \u_fsm.next_age_counter [7]: failed.
  Trying to prove $equiv for \u_fsm.next_age_counter [8]: failed.
  Trying to prove $equiv for \u_fsm.next_age_counter [9]: failed.
  Trying to prove $equiv for \u_fsm.next_age_counter [10]: failed.
  Trying to prove $equiv for \u_fsm.next_age_counter [11]: failed.
  Trying to prove $equiv for \u_fsm.next_age_counter [12]: failed.
  Trying to prove $equiv for \u_fsm.next_age_counter [13]: failed.
  Trying to prove $equiv for \u_fsm.next_age_counter [14]: failed.
  Trying to prove $equiv for \u_fsm.next_age_counter [15]: failed.
  Trying to prove $equiv for \u_fsm.next_age_counter [16]: failed.
  Trying to prove $equiv for \u_fsm.next_age_counter [17]: failed.
  Trying to prove $equiv for \u_fsm.next_age_counter [18]: failed.
  Trying to prove $equiv for \u_fsm.next_age_counter [19]: failed.
  Trying to prove $equiv for \u_fsm.next_age_counter [20]: failed.
  Trying to prove $equiv for \u_fsm.next_age_counter [21]: failed.
  Trying to prove $equiv for \u_fsm.next_age_counter [22]: failed.
  Trying to prove $equiv for \u_fsm.next_age_counter [23]: failed.
  Trying to prove $equiv for \u_fsm.next_age_counter [24]: failed.
  Trying to prove $equiv for \u_fsm.next_age_counter [25]: failed.
  Trying to prove $equiv for \u_fsm.next_age_counter [26]: failed.
  Trying to prove $equiv for \u_fsm.next_age_counter [27]: failed.
  Trying to prove $equiv for \u_fsm.next_age_counter [28]: failed.
  Trying to prove $equiv for \u_fsm.next_age_counter [29]: failed.
  Trying to prove $equiv for \u_fsm.next_age_counter [30]: failed.
  Trying to prove $equiv for \u_fsm.next_age_counter [31]: failed.
  Trying to prove $equiv for \u_fsm.next_irq_pulse: success!
  Trying to prove $equiv for \u_fsm.next_fallback_active: failed.
  Trying to prove $equiv for \u_fsm.next_envelope_violation: success!
  Trying to prove $equiv for \u_fsm.next_stale_reject: success!
  Trying to prove $equiv for \u_fsm.next_response_received: success!
  Trying to prove $equiv for \u_fsm.next_pending: failed.
 Grouping SAT models for \u_fsm.next_state:
  Trying to prove $equiv for \u_fsm.next_state [0]: failed.
  Trying to prove $equiv for \u_fsm.next_state [1]: failed.
  Trying to prove $equiv for \u_fsm.next_state [2]: failed.
  Trying to prove $equiv for \u_fsm.next_state [3]: failed.
  Trying to prove $equiv for \u_fsm.next_state [4]: failed.
  Trying to prove $equiv for \u_fsm.next_state [5]: failed.
  Trying to prove $equiv for \u_fsm.next_state [6]: failed.
  Trying to prove $equiv for \u_fsm.next_state [7]: failed.
  Trying to prove $equiv for \u_fsm.model_rsp_ready_r: success!
  Trying to prove $equiv for \u_fsm.model_req_valid_r: success!
 Grouping SAT models for \u_fsm.model_req_desc_r:
  Trying to prove $equiv for \u_fsm.model_req_desc_r [0]: success!
  Trying to prove $equiv for \u_fsm.model_req_desc_r [1]: success!
  Trying to prove $equiv for \u_fsm.model_req_desc_r [2]: success!
  Trying to prove $equiv for \u_fsm.model_req_desc_r [3]: success!
  Trying to prove $equiv for \u_fsm.model_req_desc_r [4]: success!
  Trying to prove $equiv for \u_fsm.model_req_desc_r [5]: success!
  Trying to prove $equiv for \u_fsm.model_req_desc_r [6]: success!
  Trying to prove $equiv for \u_fsm.model_req_desc_r [7]: success!
  Trying to prove $equiv for \u_fsm.model_req_desc_r [8]: success!
  Trying to prove $equiv for \u_fsm.model_req_desc_r [9]: success!
  Trying to prove $equiv for \u_fsm.model_req_desc_r [10]: success!
  Trying to prove $equiv for \u_fsm.model_req_desc_r [11]: success!
  Trying to prove $equiv for \u_fsm.model_req_desc_r [12]: success!
  Trying to prove $equiv for \u_fsm.model_req_desc_r [13]: success!
  Trying to prove $equiv for \u_fsm.model_req_desc_r [14]: success!
  Trying to prove $equiv for \u_fsm.model_req_desc_r [15]: success!
  Trying to prove $equiv for \u_fsm.model_req_desc_r [16]: success!
  Trying to prove $equiv for \u_fsm.model_req_desc_r [17]: success!
  Trying to prove $equiv for \u_fsm.model_req_desc_r [18]: success!
  Trying to prove $equiv for \u_fsm.model_req_desc_r [19]: success!
  Trying to prove $equiv for \u_fsm.model_req_desc_r [20]: success!
  Trying to prove $equiv for \u_fsm.model_req_desc_r [21]: success!
  Trying to prove $equiv for \u_fsm.model_req_desc_r [22]: success!
  Trying to prove $equiv for \u_fsm.model_req_desc_r [23]: success!
  Trying to prove $equiv for \u_fsm.model_req_desc_r [24]: success!
  Trying to prove $equiv for \u_fsm.model_req_desc_r [25]: success!
  Trying to prove $equiv for \u_fsm.model_req_desc_r [26]: success!
  Trying to prove $equiv for \u_fsm.model_req_desc_r [27]: success!
  Trying to prove $equiv for \u_fsm.model_req_desc_r [28]: success!
  Trying to prove $equiv for \u_fsm.model_req_desc_r [29]: success!
  Trying to prove $equiv for \u_fsm.model_req_desc_r [30]: success!
  Trying to prove $equiv for \u_fsm.model_req_desc_r [31]: success!
  Trying to prove $equiv for \u_fsm.model_req_desc_r [32]: success!
  Trying to prove $equiv for \u_fsm.model_req_desc_r [33]: success!
  Trying to prove $equiv for \u_fsm.model_req_desc_r [34]: success!
  Trying to prove $equiv for \u_fsm.model_req_desc_r [35]: success!
  Trying to prove $equiv for \u_fsm.model_req_desc_r [36]: success!
  Trying to prove $equiv for \u_fsm.model_req_desc_r [37]: success!
  Trying to prove $equiv for \u_fsm.model_req_desc_r [38]: success!
  Trying to prove $equiv for \u_fsm.model_req_desc_r [39]: success!
  Trying to prove $equiv for \u_fsm.model_req_desc_r [40]: success!
  Trying to prove $equiv for \u_fsm.model_req_desc_r [41]: success!
  Trying to prove $equiv for \u_fsm.model_req_desc_r [42]: success!
  Trying to prove $equiv for \u_fsm.model_req_desc_r [43]: success!
  Trying to prove $equiv for \u_fsm.model_req_desc_r [44]: success!
  Trying to prove $equiv for \u_fsm.model_req_desc_r [45]: success!
  Trying to prove $equiv for \u_fsm.model_req_desc_r [46]: success!
  Trying to prove $equiv for \u_fsm.model_req_desc_r [47]: success!
  Trying to prove $equiv for \u_fsm.model_req_desc_r [48]: success!
  Trying to prove $equiv for \u_fsm.model_req_desc_r [49]: success!
  Trying to prove $equiv for \u_fsm.model_req_desc_r [50]: success!
  Trying to prove $equiv for \u_fsm.model_req_desc_r [51]: success!
  Trying to prove $equiv for \u_fsm.model_req_desc_r [52]: success!
  Trying to prove $equiv for \u_fsm.model_req_desc_r [53]: success!
  Trying to prove $equiv for \u_fsm.model_req_desc_r [54]: success!
  Trying to prove $equiv for \u_fsm.model_req_desc_r [55]: success!
  Trying to prove $equiv for \u_fsm.model_req_desc_r [56]: success!
  Trying to prove $equiv for \u_fsm.model_req_desc_r [57]: success!
  Trying to prove $equiv for \u_fsm.model_req_desc_r [58]: success!
  Trying to prove $equiv for \u_fsm.model_req_desc_r [59]: success!
  Trying to prove $equiv for \u_fsm.model_req_desc_r [60]: success!
  Trying to prove $equiv for \u_fsm.model_req_desc_r [61]: success!
  Trying to prove $equiv for \u_fsm.model_req_desc_r [62]: success!
  Trying to prove $equiv for \u_fsm.model_req_desc_r [63]: success!
 Grouping SAT models for { \u_fsm.fault_summary_r [15:4] \u_fsm.fault_summary_r [2] \u_fsm.fault_summary_r [0] }:
  Trying to prove $equiv for \u_fsm.fault_summary_r [0]: success!
  Trying to prove $equiv for \u_fsm.fault_summary_r [2]: success!
  Trying to prove $equiv for \u_fsm.fault_summary_r [4]: failed.
  Trying to prove $equiv for \u_fsm.fault_summary_r [5]: failed.
  Trying to prove $equiv for \u_fsm.fault_summary_r [6]: failed.
  Trying to prove $equiv for \u_fsm.fault_summary_r [7]: failed.
  Trying to prove $equiv for \u_fsm.fault_summary_r [8]: failed.
  Trying to prove $equiv for \u_fsm.fault_summary_r [9]: failed.
  Trying to prove $equiv for \u_fsm.fault_summary_r [10]: failed.
  Trying to prove $equiv for \u_fsm.fault_summary_r [11]: failed.
  Trying to prove $equiv for \u_fsm.fault_summary_r [12]: failed.
  Trying to prove $equiv for \u_fsm.fault_summary_r [13]: failed.
  Trying to prove $equiv for \u_fsm.fault_summary_r [14]: failed.
  Trying to prove $equiv for \u_fsm.fault_summary_r [15]: failed.
 Grouping SAT models for \u_fsm.age_counter_r:
  Trying to prove $equiv for \u_fsm.age_counter_r [0]: success!
  Trying to prove $equiv for \u_fsm.age_counter_r [1]: success!
  Trying to prove $equiv for \u_fsm.age_counter_r [2]: success!
  Trying to prove $equiv for \u_fsm.age_counter_r [3]: success!
  Trying to prove $equiv for \u_fsm.age_counter_r [4]: success!
  Trying to prove $equiv for \u_fsm.age_counter_r [5]: success!
  Trying to prove $equiv for \u_fsm.age_counter_r [6]: success!
  Trying to prove $equiv for \u_fsm.age_counter_r [7]: success!
  Trying to prove $equiv for \u_fsm.age_counter_r [8]: success!
  Trying to prove $equiv for \u_fsm.age_counter_r [9]: success!
  Trying to prove $equiv for \u_fsm.age_counter_r [10]: success!
  Trying to prove $equiv for \u_fsm.age_counter_r [11]: success!
  Trying to prove $equiv for \u_fsm.age_counter_r [12]: success!
  Trying to prove $equiv for \u_fsm.age_counter_r [13]: success!
  Trying to prove $equiv for \u_fsm.age_counter_r [14]: success!
  Trying to prove $equiv for \u_fsm.age_counter_r [15]: success!
  Trying to prove $equiv for \u_fsm.age_counter_r [16]: success!
  Trying to prove $equiv for \u_fsm.age_counter_r [17]: success!
  Trying to prove $equiv for \u_fsm.age_counter_r [18]: success!
  Trying to prove $equiv for \u_fsm.age_counter_r [19]: success!
  Trying to prove $equiv for \u_fsm.age_counter_r [20]: success!
  Trying to prove $equiv for \u_fsm.age_counter_r [21]: success!
  Trying to prove $equiv for \u_fsm.age_counter_r [22]: success!
  Trying to prove $equiv for \u_fsm.age_counter_r [23]: success!
  Trying to prove $equiv for \u_fsm.age_counter_r [24]: success!
  Trying to prove $equiv for \u_fsm.age_counter_r [25]: success!
  Trying to prove $equiv for \u_fsm.age_counter_r [26]: success!
  Trying to prove $equiv for \u_fsm.age_counter_r [27]: success!
  Trying to prove $equiv for \u_fsm.age_counter_r [28]: success!
  Trying to prove $equiv for \u_fsm.age_counter_r [29]: success!
  Trying to prove $equiv for \u_fsm.age_counter_r [30]: success!
  Trying to prove $equiv for \u_fsm.age_counter_r [31]: success!
  Trying to prove $equiv for \u_fsm.irq_pulse_r: success!
 Grouping SAT models for \u_fsm.outstanding_req_id_r:
  Trying to prove $equiv for \u_fsm.outstanding_req_id_r [0]: success!
  Trying to prove $equiv for \u_fsm.outstanding_req_id_r [1]: success!
  Trying to prove $equiv for \u_fsm.outstanding_req_id_r [2]: success!
  Trying to prove $equiv for \u_fsm.outstanding_req_id_r [3]: success!
  Trying to prove $equiv for \u_fsm.outstanding_req_id_r [4]: success!
  Trying to prove $equiv for \u_fsm.outstanding_req_id_r [5]: success!
  Trying to prove $equiv for \u_fsm.outstanding_req_id_r [6]: success!
  Trying to prove $equiv for \u_fsm.outstanding_req_id_r [7]: success!
  Trying to prove $equiv for \u_fsm.reg_envelope_violation: success!
  Trying to prove $equiv for \u_fsm.reg_response_received: success!
 Grouping SAT models for \u_fsm.reg_response_req_id:
  Trying to prove $equiv for \u_fsm.reg_response_req_id [0]: success!
  Trying to prove $equiv for \u_fsm.reg_response_req_id [1]: success!
  Trying to prove $equiv for \u_fsm.reg_response_req_id [2]: success!
  Trying to prove $equiv for \u_fsm.reg_response_req_id [3]: success!
  Trying to prove $equiv for \u_fsm.reg_response_req_id [4]: success!
  Trying to prove $equiv for \u_fsm.reg_response_req_id [5]: success!
  Trying to prove $equiv for \u_fsm.reg_response_req_id [6]: success!
  Trying to prove $equiv for \u_fsm.reg_response_req_id [7]: success!
 Grouping SAT models for \u_fsm.reg_state:
  Trying to prove $equiv for \u_fsm.reg_state [0]: success!
  Trying to prove $equiv for \u_fsm.reg_state [1]: success!
  Trying to prove $equiv for \u_fsm.reg_state [2]: success!
  Trying to prove $equiv for \u_fsm.reg_state [3]: success!
  Trying to prove $equiv for \u_fsm.reg_state [4]: success!
  Trying to prove $equiv for \u_fsm.reg_state [5]: success!
  Trying to prove $equiv for \u_fsm.reg_state [6]: success!
  Trying to prove $equiv for \u_fsm.reg_state [7]: success!
  Trying to prove $equiv for \u_fsm.model_rsp_valid_i: success!
 Grouping SAT models for \u_fsm.model_rsp_desc_i:
  Trying to prove $equiv for \u_fsm.model_rsp_desc_i [0]: success!
  Trying to prove $equiv for \u_fsm.model_rsp_desc_i [1]: success!
  Trying to prove $equiv for \u_fsm.model_rsp_desc_i [2]: success!
  Trying to prove $equiv for \u_fsm.model_rsp_desc_i [3]: success!
  Trying to prove $equiv for \u_fsm.model_rsp_desc_i [4]: success!
  Trying to prove $equiv for \u_fsm.model_rsp_desc_i [5]: success!
  Trying to prove $equiv for \u_fsm.model_rsp_desc_i [6]: success!
  Trying to prove $equiv for \u_fsm.model_rsp_desc_i [7]: success!
  Trying to prove $equiv for \u_fsm.model_rsp_desc_i [8]: success!
  Trying to prove $equiv for \u_fsm.model_rsp_desc_i [9]: success!
  Trying to prove $equiv for \u_fsm.model_rsp_desc_i [10]: success!
  Trying to prove $equiv for \u_fsm.model_rsp_desc_i [11]: success!
  Trying to prove $equiv for \u_fsm.model_rsp_desc_i [12]: success!
  Trying to prove $equiv for \u_fsm.model_rsp_desc_i [13]: success!
  Trying to prove $equiv for \u_fsm.model_rsp_desc_i [14]: success!
  Trying to prove $equiv for \u_fsm.model_rsp_desc_i [15]: success!
  Trying to prove $equiv for \u_fsm.model_rsp_desc_i [16]: success!
  Trying to prove $equiv for \u_fsm.model_rsp_desc_i [17]: success!
  Trying to prove $equiv for \u_fsm.model_rsp_desc_i [18]: success!
  Trying to prove $equiv for \u_fsm.model_rsp_desc_i [19]: success!
  Trying to prove $equiv for \u_fsm.model_rsp_desc_i [20]: success!
  Trying to prove $equiv for \u_fsm.model_rsp_desc_i [21]: success!
  Trying to prove $equiv for \u_fsm.model_rsp_desc_i [22]: success!
  Trying to prove $equiv for \u_fsm.model_rsp_desc_i [23]: success!
  Trying to prove $equiv for \u_fsm.model_rsp_desc_i [24]: success!
  Trying to prove $equiv for \u_fsm.model_rsp_desc_i [25]: success!
  Trying to prove $equiv for \u_fsm.model_rsp_desc_i [26]: success!
  Trying to prove $equiv for \u_fsm.model_rsp_desc_i [27]: success!
  Trying to prove $equiv for \u_fsm.model_rsp_desc_i [28]: success!
  Trying to prove $equiv for \u_fsm.model_rsp_desc_i [29]: success!
  Trying to prove $equiv for \u_fsm.model_rsp_desc_i [30]: success!
  Trying to prove $equiv for \u_fsm.model_rsp_desc_i [31]: success!
  Trying to prove $equiv for \u_fsm.model_rsp_desc_i [32]: success!
  Trying to prove $equiv for \u_fsm.model_rsp_desc_i [33]: success!
  Trying to prove $equiv for \u_fsm.model_rsp_desc_i [34]: success!
  Trying to prove $equiv for \u_fsm.model_rsp_desc_i [35]: success!
  Trying to prove $equiv for \u_fsm.model_rsp_desc_i [36]: success!
  Trying to prove $equiv for \u_fsm.model_rsp_desc_i [37]: success!
  Trying to prove $equiv for \u_fsm.model_rsp_desc_i [38]: success!
  Trying to prove $equiv for \u_fsm.model_rsp_desc_i [39]: success!
  Trying to prove $equiv for \u_fsm.model_rsp_desc_i [40]: success!
  Trying to prove $equiv for \u_fsm.model_rsp_desc_i [41]: success!
  Trying to prove $equiv for \u_fsm.model_rsp_desc_i [42]: success!
  Trying to prove $equiv for \u_fsm.model_rsp_desc_i [43]: success!
  Trying to prove $equiv for \u_fsm.model_rsp_desc_i [44]: success!
  Trying to prove $equiv for \u_fsm.model_rsp_desc_i [45]: success!
  Trying to prove $equiv for \u_fsm.model_rsp_desc_i [46]: success!
  Trying to prove $equiv for \u_fsm.model_rsp_desc_i [47]: success!
  Trying to prove $equiv for \u_fsm.model_rsp_desc_i [48]: success!
  Trying to prove $equiv for \u_fsm.model_rsp_desc_i [49]: success!
  Trying to prove $equiv for \u_fsm.model_rsp_desc_i [50]: success!
  Trying to prove $equiv for \u_fsm.model_rsp_desc_i [51]: success!
  Trying to prove $equiv for \u_fsm.model_rsp_desc_i [52]: success!
  Trying to prove $equiv for \u_fsm.model_rsp_desc_i [53]: success!
  Trying to prove $equiv for \u_fsm.model_rsp_desc_i [54]: success!
  Trying to prove $equiv for \u_fsm.model_rsp_desc_i [55]: success!
  Trying to prove $equiv for \u_fsm.model_rsp_desc_i [56]: success!
  Trying to prove $equiv for \u_fsm.model_rsp_desc_i [57]: success!
  Trying to prove $equiv for \u_fsm.model_rsp_desc_i [58]: success!
  Trying to prove $equiv for \u_fsm.model_rsp_desc_i [59]: success!
  Trying to prove $equiv for \u_fsm.model_rsp_desc_i [60]: success!
  Trying to prove $equiv for \u_fsm.model_rsp_desc_i [61]: success!
  Trying to prove $equiv for \u_fsm.model_rsp_desc_i [62]: success!
  Trying to prove $equiv for \u_fsm.model_rsp_desc_i [63]: success!
  Trying to prove $equiv for \u_fsm.model_req_ready_i: success!
 Grouping SAT models for { \u_fsm.cfg_oper_en_max [15] \u_fsm.cfg_oper_en_max [13] \u_fsm.cfg_oper_en_max [11] \u_fsm.cfg_oper_en_max [9] }:
  Trying to prove $equiv for \u_fsm.cfg_oper_en_max [9]: success!
  Trying to prove $equiv for \u_fsm.cfg_oper_en_max [11]: success!
  Trying to prove $equiv for \u_fsm.cfg_oper_en_max [13]: success!
  Trying to prove $equiv for \u_fsm.cfg_oper_en_max [15]: success!
 Grouping SAT models for { \u_fsm.cfg_oper_en_min [15] \u_fsm.cfg_oper_en_min [13] \u_fsm.cfg_oper_en_min [11] \u_fsm.cfg_oper_en_min [9] }:
  Trying to prove $equiv for \u_fsm.cfg_oper_en_min [9]: success!
  Trying to prove $equiv for \u_fsm.cfg_oper_en_min [11]: success!
  Trying to prove $equiv for \u_fsm.cfg_oper_en_min [13]: success!
  Trying to prove $equiv for \u_fsm.cfg_oper_en_min [15]: success!
  Trying to prove $equiv for \u_fsm.cfg_force_safe_mode: success!
 Grouping SAT models for { \u_fsm.cfg_timeout_cycles [31] \u_fsm.cfg_timeout_cycles [29] \u_fsm.cfg_timeout_cycles [27] \u_fsm.cfg_timeout_cycles [25] \u_fsm.cfg_timeout_cycles [23] \u_fsm.cfg_timeout_cycles [21] \u_fsm.cfg_timeout_cycles [19] \u_fsm.cfg_timeout_cycles [17] \u_fsm.cfg_timeout_cycles [15] \u_fsm.cfg_timeout_cycles [13] \u_fsm.cfg_timeout_cycles [11] \u_fsm.cfg_timeout_cycles [9] \u_fsm.cfg_timeout_cycles [7] \u_fsm.cfg_timeout_cycles [5] \u_fsm.cfg_timeout_cycles [3] \u_fsm.cfg_timeout_cycles [1] }:
  Trying to prove $equiv for \u_fsm.cfg_timeout_cycles [1]: success!
  Trying to prove $equiv for \u_fsm.cfg_timeout_cycles [3]: success!
  Trying to prove $equiv for \u_fsm.cfg_timeout_cycles [5]: success!
  Trying to prove $equiv for \u_fsm.cfg_timeout_cycles [7]: success!
  Trying to prove $equiv for \u_fsm.cfg_timeout_cycles [9]: success!
  Trying to prove $equiv for \u_fsm.cfg_timeout_cycles [11]: success!
  Trying to prove $equiv for \u_fsm.cfg_timeout_cycles [13]: success!
  Trying to prove $equiv for \u_fsm.cfg_timeout_cycles [15]: success!
  Trying to prove $equiv for \u_fsm.cfg_timeout_cycles [17]: success!
  Trying to prove $equiv for \u_fsm.cfg_timeout_cycles [19]: success!
  Trying to prove $equiv for \u_fsm.cfg_timeout_cycles [21]: success!
  Trying to prove $equiv for \u_fsm.cfg_timeout_cycles [23]: success!
  Trying to prove $equiv for \u_fsm.cfg_timeout_cycles [25]: success!
  Trying to prove $equiv for \u_fsm.cfg_timeout_cycles [27]: success!
  Trying to prove $equiv for \u_fsm.cfg_timeout_cycles [29]: success!
  Trying to prove $equiv for \u_fsm.cfg_timeout_cycles [31]: success!
 Grouping SAT models for { \u_fsm.cfg_status_flags [7] \u_fsm.cfg_status_flags [5] \u_fsm.cfg_status_flags [3] \u_fsm.cfg_status_flags [1] }:
  Trying to prove $equiv for \u_fsm.cfg_status_flags [1]: success!
  Trying to prove $equiv for \u_fsm.cfg_status_flags [3]: success!
  Trying to prove $equiv for \u_fsm.cfg_status_flags [5]: success!
  Trying to prove $equiv for \u_fsm.cfg_status_flags [7]: success!
 Grouping SAT models for { \u_fsm.cfg_command_mode [3:2] \u_fsm.cfg_command_mode [0] }:
  Trying to prove $equiv for \u_fsm.cfg_command_mode [0]: success!
  Trying to prove $equiv for \u_fsm.cfg_command_mode [2]: success!
  Trying to prove $equiv for \u_fsm.cfg_command_mode [3]: success!
 Grouping SAT models for { \u_fsm.cfg_flow_handle [7:6] \u_fsm.cfg_flow_handle [4:0] }:
  Trying to prove $equiv for \u_fsm.cfg_flow_handle [0]: success!
  Trying to prove $equiv for \u_fsm.cfg_flow_handle [1]: success!
  Trying to prove $equiv for \u_fsm.cfg_flow_handle [2]: success!
  Trying to prove $equiv for \u_fsm.cfg_flow_handle [3]: success!
  Trying to prove $equiv for \u_fsm.cfg_flow_handle [4]: success!
  Trying to prove $equiv for \u_fsm.cfg_flow_handle [6]: success!
  Trying to prove $equiv for \u_fsm.cfg_flow_handle [7]: success!
 Grouping SAT models for { \u_fsm.cfg_geometry_handle [7] \u_fsm.cfg_geometry_handle [5] \u_fsm.cfg_geometry_handle [3] \u_fsm.cfg_geometry_handle [1] }:
  Trying to prove $equiv for \u_fsm.cfg_geometry_handle [1]: success!
  Trying to prove $equiv for \u_fsm.cfg_geometry_handle [3]: success!
  Trying to prove $equiv for \u_fsm.cfg_geometry_handle [5]: success!
  Trying to prove $equiv for \u_fsm.cfg_geometry_handle [7]: success!
 Grouping SAT models for { \u_safety.clamp_max_eff [8:5] \u_safety.clamp_max_eff [3:2] }:
  Trying to prove $equiv for \u_safety.clamp_max_eff [2]: success!
  Trying to prove $equiv for \u_safety.clamp_max_eff [3]: success!
  Trying to prove $equiv for \u_safety.clamp_max_eff [5]: success!
  Trying to prove $equiv for \u_safety.clamp_max_eff [6]: success!
  Trying to prove $equiv for \u_safety.clamp_max_eff [7]: success!
  Trying to prove $equiv for \u_safety.clamp_max_eff [8]: success!
 Grouping SAT models for { \u_safety.clamp_min_eff [14] \u_safety.clamp_min_eff [10] \u_safety.clamp_min_eff [8] \u_safety.clamp_min_eff [4] \u_safety.clamp_min_eff [2] \u_safety.clamp_min_eff [0] }:
  Trying to prove $equiv for \u_safety.clamp_min_eff [0]: success!
  Trying to prove $equiv for \u_safety.clamp_min_eff [2]: success!
  Trying to prove $equiv for \u_safety.clamp_min_eff [4]: success!
  Trying to prove $equiv for \u_safety.clamp_min_eff [8]: success!
  Trying to prove $equiv for \u_safety.clamp_min_eff [10]: success!
  Trying to prove $equiv for \u_safety.clamp_min_eff [14]: success!
  Trying to prove $equiv for \u_safety.reg_clamp_active_r: success!
  Trying to prove $equiv for \u_safety.actuator_cmd_valid_r: success!
 Grouping SAT models for \u_safety.actuator_cmd_r:
  Trying to prove $equiv for \u_safety.actuator_cmd_r [0]: success!
  Trying to prove $equiv for \u_safety.actuator_cmd_r [1]: success!
  Trying to prove $equiv for \u_safety.actuator_cmd_r [2]: success!
  Trying to prove $equiv for \u_safety.actuator_cmd_r [3]: success!
  Trying to prove $equiv for \u_safety.actuator_cmd_r [4]: success!
  Trying to prove $equiv for \u_safety.actuator_cmd_r [5]: success!
  Trying to prove $equiv for \u_safety.actuator_cmd_r [6]: success!
  Trying to prove $equiv for \u_safety.actuator_cmd_r [7]: success!
  Trying to prove $equiv for \u_safety.actuator_cmd_r [8]: success!
  Trying to prove $equiv for \u_safety.actuator_cmd_r [9]: success!
  Trying to prove $equiv for \u_safety.actuator_cmd_r [10]: success!
  Trying to prove $equiv for \u_safety.actuator_cmd_r [11]: success!
  Trying to prove $equiv for \u_safety.actuator_cmd_r [12]: success!
  Trying to prove $equiv for \u_safety.actuator_cmd_r [13]: success!
  Trying to prove $equiv for \u_safety.actuator_cmd_r [14]: success!
  Trying to prove $equiv for \u_safety.actuator_cmd_r [15]: success!
 Grouping SAT models for { \u_safety.reg_last_accepted_cmd [15:14] \u_safety.reg_last_accepted_cmd [12:10] \u_safety.reg_last_accepted_cmd [6] \u_safety.reg_last_accepted_cmd [3] \u_safety.reg_last_accepted_cmd [1] }:
  Trying to prove $equiv for \u_safety.reg_last_accepted_cmd [1]: failed.
  Trying to prove $equiv for \u_safety.reg_last_accepted_cmd [3]: failed.
  Trying to prove $equiv for \u_safety.reg_last_accepted_cmd [6]: failed.
  Trying to prove $equiv for \u_safety.reg_last_accepted_cmd [10]: failed.
  Trying to prove $equiv for \u_safety.reg_last_accepted_cmd [11]: failed.
  Trying to prove $equiv for \u_safety.reg_last_accepted_cmd [12]: failed.
  Trying to prove $equiv for \u_safety.reg_last_accepted_cmd [14]: failed.
  Trying to prove $equiv for \u_safety.reg_last_accepted_cmd [15]: failed.
 Grouping SAT models for { \u_safety.last_accepted_cmd_o [7] \u_safety.last_accepted_cmd_o [5] }:
  Trying to prove $equiv for \u_safety.last_accepted_cmd_o [5]: failed.
  Trying to prove $equiv for \u_safety.last_accepted_cmd_o [7]: failed.
  Trying to prove $equiv for \u_safety.reg_service_error: success!
Proved 518 previously unproven $equiv cells.

19. Executing EQUIV_INDUCT pass.
Found 104 unproven $equiv cells in module equiv:
  Undef modelling: force def on 849 initial reg values and 135 inputs.
  Proving existence of base case for step 1. (187357 clauses over 69821 variables)
  Proof for base case failed. Circuit inherently diverges!
Proved 0 previously unproven $equiv cells.

20. Executing EQUIV_STATUS pass.
Found 634 $equiv cells in equiv:
  Of those cells 530 are proven and 104 are unproven.
  Unproven $equiv $auto$equiv_make.cc:294:find_same_wires$3464: \u_safety.last_accepted_cmd_r_gold [10] \u_safety.last_accepted_cmd_r_gate [10]
  Unproven $equiv $auto$equiv_make.cc:294:find_same_wires$2389: \u_fsm.next_age_counter_gold [18] \u_fsm.next_age_counter_gate [18]
  Unproven $equiv $auto$equiv_make.cc:257:find_same_wires$3508: \u_mmio.wb_dat_o_r_gold [15] \u_mmio.wb_dat_o_r_gate [15]
  Unproven $equiv $auto$equiv_make.cc:257:find_same_wires$3507: \u_mmio.wb_dat_o_r_gold [14] \u_mmio.wb_dat_o_r_gate [14]
  Unproven $equiv $auto$equiv_make.cc:294:find_same_wires$2433: \u_fsm.next_state_gold [7] \u_fsm.next_state_gate [7]
  Unproven $equiv $auto$equiv_make.cc:294:find_same_wires$3457: \u_safety.last_accepted_cmd_r_gold [3] \u_safety.last_accepted_cmd_r_gate [3]
  Unproven $equiv $auto$equiv_make.cc:294:find_same_wires$2432: \u_fsm.next_state_gold [6] \u_fsm.next_state_gate [6]
  Unproven $equiv $auto$equiv_make.cc:294:find_same_wires$2431: \u_fsm.next_state_gold [5] \u_fsm.next_state_gate [5]
  Unproven $equiv $auto$equiv_make.cc:294:find_same_wires$3425: \u_safety.last_accepted_cmd_r_gold [7] \u_safety.last_accepted_cmd_r_gate [7]
  Unproven $equiv $auto$equiv_make.cc:257:find_same_wires$3498: \u_mmio.wb_dat_o_r_gold [5] \u_mmio.wb_dat_o_r_gate [5]
  Unproven $equiv $auto$equiv_make.cc:294:find_same_wires$2422: \u_fsm.next_pending_gold \u_fsm.next_pending_gate
  Unproven $equiv $auto$equiv_make.cc:294:find_same_wires$2411: \u_fsm.next_fault_summary_gold [6] \u_fsm.next_fault_summary_gate [6]
  Unproven $equiv $auto$equiv_make.cc:294:find_same_wires$2170: \u_fsm.fault_summary_r_gold [15] \u_fsm._059__gate [12]
  Unproven $equiv $auto$equiv_make.cc:294:find_same_wires$2388: \u_fsm.next_age_counter_gold [17] \u_fsm.next_age_counter_gate [17]
  Unproven $equiv $auto$equiv_make.cc:294:find_same_wires$2169: \u_fsm.fault_summary_r_gold [14] \u_fsm._059__gate [11]
  Unproven $equiv $auto$equiv_make.cc:294:find_same_wires$3460: \u_safety.last_accepted_cmd_r_gold [6] \u_safety.last_accepted_cmd_r_gate [6]
  Unproven $equiv $auto$equiv_make.cc:294:find_same_wires$2168: \u_fsm.fault_summary_r_gold [13] \u_fsm._059__gate [10]
  Unproven $equiv $auto$equiv_make.cc:294:find_same_wires$3056: \u_fsm.fault_summary_r_gold [1] \u_fsm._059__gate [0]
  Unproven $equiv $auto$equiv_make.cc:294:find_same_wires$1899: \u_fsm.pending_r_gold \u_fsm.pending_r_gate
  Unproven $equiv $auto$equiv_make.cc:294:find_same_wires$2400: \u_fsm.next_age_counter_gold [29] \u_fsm.next_age_counter_gate [29]
  Unproven $equiv $auto$equiv_make.cc:294:find_same_wires$2399: \u_fsm.next_age_counter_gold [28] \u_fsm.next_age_counter_gate [28]
  Unproven $equiv $auto$equiv_make.cc:294:find_same_wires$1888: \u_safety.last_accepted_cmd_r_gold [13] \u_safety.last_accepted_cmd_r_gate [13]
  Unproven $equiv $auto$equiv_make.cc:294:find_same_wires$2398: \u_fsm.next_age_counter_gold [27] \u_fsm.next_age_counter_gate [27]
  Unproven $equiv $auto$equiv_make.cc:294:find_same_wires$2397: \u_fsm.next_age_counter_gold [26] \u_fsm.next_age_counter_gate [26]
  Unproven $equiv $auto$equiv_make.cc:294:find_same_wires$2396: \u_fsm.next_age_counter_gold [25] \u_fsm.next_age_counter_gate [25]
  Unproven $equiv $auto$equiv_make.cc:294:find_same_wires$1884: \u_safety.last_accepted_cmd_r_gold [9] \u_safety.last_accepted_cmd_r_gate [9]
  Unproven $equiv $auto$equiv_make.cc:294:find_same_wires$1883: \u_safety.last_accepted_cmd_r_gold [8] \u_safety.last_accepted_cmd_r_gate [8]
  Unproven $equiv $auto$equiv_make.cc:294:find_same_wires$2395: \u_fsm.next_age_counter_gold [24] \u_fsm.next_age_counter_gate [24]
  Unproven $equiv $auto$equiv_make.cc:294:find_same_wires$2394: \u_fsm.next_age_counter_gold [23] \u_fsm.next_age_counter_gate [23]
  Unproven $equiv $auto$equiv_make.cc:294:find_same_wires$2393: \u_fsm.next_age_counter_gold [22] \u_fsm.next_age_counter_gate [22]
  Unproven $equiv $auto$equiv_make.cc:294:find_same_wires$1879: \u_safety.last_accepted_cmd_r_gold [4] \u_safety.last_accepted_cmd_r_gate [4]
  Unproven $equiv $auto$equiv_make.cc:294:find_same_wires$2392: \u_fsm.next_age_counter_gold [21] \u_fsm.next_age_counter_gate [21]
  Unproven $equiv $auto$equiv_make.cc:294:find_same_wires$1877: \u_safety.last_accepted_cmd_r_gold [2] \u_safety.last_accepted_cmd_r_gate [2]
  Unproven $equiv $auto$equiv_make.cc:294:find_same_wires$2391: \u_fsm.next_age_counter_gold [20] \u_fsm.next_age_counter_gate [20]
  Unproven $equiv $auto$equiv_make.cc:294:find_same_wires$1875: \u_safety.last_accepted_cmd_r_gold [0] \u_safety.last_accepted_cmd_r_gate [0]
  Unproven $equiv $auto$equiv_make.cc:294:find_same_wires$2390: \u_fsm.next_age_counter_gold [19] \u_fsm.next_age_counter_gate [19]
  Unproven $equiv $auto$equiv_make.cc:294:find_same_wires$2167: \u_fsm.fault_summary_r_gold [12] \u_fsm._059__gate [9]
  Unproven $equiv $auto$equiv_make.cc:294:find_same_wires$2416: \u_fsm.next_fault_summary_gold [11] \u_fsm.next_fault_summary_gate [11]
  Unproven $equiv $auto$equiv_make.cc:294:find_same_wires$2414: \u_fsm.next_fault_summary_gold [9] \u_fsm.next_fault_summary_gate [9]
  Unproven $equiv $auto$equiv_make.cc:294:find_same_wires$2166: \u_fsm.fault_summary_r_gold [11] \u_fsm._059__gate [8]
  Unproven $equiv $auto$equiv_make.cc:294:find_same_wires$2165: \u_fsm.fault_summary_r_gold [10] \u_fsm._059__gate [7]
  Unproven $equiv $auto$equiv_make.cc:294:find_same_wires$2164: \u_fsm.fault_summary_r_gold [9] \u_fsm._059__gate [6]
  Unproven $equiv $auto$equiv_make.cc:294:find_same_wires$2387: \u_fsm.next_age_counter_gold [16] \u_fsm.next_age_counter_gate [16]
  Unproven $equiv $auto$equiv_make.cc:294:find_same_wires$2386: \u_fsm.next_age_counter_gold [15] \u_fsm.next_age_counter_gate [15]
  Unproven $equiv $auto$equiv_make.cc:294:find_same_wires$3469: \u_safety.last_accepted_cmd_r_gold [15] \u_safety.last_accepted_cmd_r_gate [15]
  Unproven $equiv $auto$equiv_make.cc:294:find_same_wires$3468: \u_safety.last_accepted_cmd_r_gold [14] \u_safety.last_accepted_cmd_r_gate [14]
  Unproven $equiv $auto$equiv_make.cc:294:find_same_wires$3455: \u_safety.last_accepted_cmd_r_gold [1] \u_safety.last_accepted_cmd_r_gate [1]
  Unproven $equiv $auto$equiv_make.cc:294:find_same_wires$3466: \u_safety.last_accepted_cmd_r_gold [12] \u_safety.last_accepted_cmd_r_gate [12]
  Unproven $equiv $auto$equiv_make.cc:294:find_same_wires$3465: \u_safety.last_accepted_cmd_r_gold [11] \u_safety.last_accepted_cmd_r_gate [11]
  Unproven $equiv $auto$equiv_make.cc:294:find_same_wires$2163: \u_fsm.fault_summary_r_gold [8] \u_fsm._059__gate [5]
  Unproven $equiv $auto$equiv_make.cc:294:find_same_wires$2162: \u_fsm.fault_summary_r_gold [7] \u_fsm._059__gate [4]
  Unproven $equiv $auto$equiv_make.cc:294:find_same_wires$2385: \u_fsm.next_age_counter_gold [14] \u_fsm.next_age_counter_gate [14]
  Unproven $equiv $auto$equiv_make.cc:294:find_same_wires$2420: \u_fsm.next_fault_summary_gold [15] \u_fsm.next_fault_summary_gate [15]
  Unproven $equiv $auto$equiv_make.cc:294:find_same_wires$2418: \u_fsm.next_fault_summary_gold [13] \u_fsm.next_fault_summary_gate [13]
  Unproven $equiv $auto$equiv_make.cc:294:find_same_wires$2415: \u_fsm.next_fault_summary_gold [10] \u_fsm.next_fault_summary_gate [10]
  Unproven $equiv $auto$equiv_make.cc:294:find_same_wires$2384: \u_fsm.next_age_counter_gold [13] \u_fsm.next_age_counter_gate [13]
  Unproven $equiv $auto$equiv_make.cc:294:find_same_wires$2413: \u_fsm.next_fault_summary_gold [8] \u_fsm.next_fault_summary_gate [8]
  Unproven $equiv $auto$equiv_make.cc:294:find_same_wires$2383: \u_fsm.next_age_counter_gold [12] \u_fsm.next_age_counter_gate [12]
  Unproven $equiv $auto$equiv_make.cc:294:find_same_wires$2382: \u_fsm.next_age_counter_gold [11] \u_fsm.next_age_counter_gate [11]
  Unproven $equiv $auto$equiv_make.cc:294:find_same_wires$2381: \u_fsm.next_age_counter_gold [10] \u_fsm.next_age_counter_gate [10]
  Unproven $equiv $auto$equiv_make.cc:294:find_same_wires$2380: \u_fsm.next_age_counter_gold [9] \u_fsm.next_age_counter_gate [9]
  Unproven $equiv $auto$equiv_make.cc:294:find_same_wires$2379: \u_fsm.next_age_counter_gold [8] \u_fsm.next_age_counter_gate [8]
  Unproven $equiv $auto$equiv_make.cc:294:find_same_wires$2378: \u_fsm.next_age_counter_gold [7] \u_fsm.next_age_counter_gate [7]
  Unproven $equiv $auto$equiv_make.cc:294:find_same_wires$2377: \u_fsm.next_age_counter_gold [6] \u_fsm.next_age_counter_gate [6]
  Unproven $equiv $auto$equiv_make.cc:294:find_same_wires$2376: \u_fsm.next_age_counter_gold [5] \u_fsm.next_age_counter_gate [5]
  Unproven $equiv $auto$equiv_make.cc:294:find_same_wires$2375: \u_fsm.next_age_counter_gold [4] \u_fsm.next_age_counter_gate [4]
  Unproven $equiv $auto$equiv_make.cc:294:find_same_wires$2374: \u_fsm.next_age_counter_gold [3] \u_fsm.next_age_counter_gate [3]
  Unproven $equiv $auto$equiv_make.cc:294:find_same_wires$2373: \u_fsm.next_age_counter_gold [2] \u_fsm.next_age_counter_gate [2]
  Unproven $equiv $auto$equiv_make.cc:257:find_same_wires$3497: \u_mmio.wb_dat_o_r_gold [4] \u_mmio.wb_dat_o_r_gate [4]
  Unproven $equiv $auto$equiv_make.cc:294:find_same_wires$2372: \u_fsm.next_age_counter_gold [1] \u_fsm.next_age_counter_gate [1]
  Unproven $equiv $auto$equiv_make.cc:294:find_same_wires$2419: \u_fsm.next_fault_summary_gold [14] \u_fsm.next_fault_summary_gate [14]
  Unproven $equiv $auto$equiv_make.cc:294:find_same_wires$3423: \u_safety.last_accepted_cmd_r_gold [5] \u_safety.last_accepted_cmd_r_gate [5]
  Unproven $equiv $auto$equiv_make.cc:294:find_same_wires$2371: \u_fsm.next_age_counter_gold [0] \u_fsm.next_age_counter_gate [0]
  Unproven $equiv $auto$equiv_make.cc:294:find_same_wires$2412: \u_fsm.next_fault_summary_gold [7] \u_fsm.next_fault_summary_gate [7]
  Unproven $equiv $auto$equiv_make.cc:294:find_same_wires$2161: \u_fsm.fault_summary_r_gold [6] \u_fsm._059__gate [3]
  Unproven $equiv $auto$equiv_make.cc:294:find_same_wires$2160: \u_fsm.fault_summary_r_gold [5] \u_fsm._059__gate [2]
  Unproven $equiv $auto$equiv_make.cc:294:find_same_wires$2159: \u_fsm.fault_summary_r_gold [4] \u_fsm._059__gate [1]
  Unproven $equiv $auto$equiv_make.cc:294:find_same_wires$2417: \u_fsm.next_fault_summary_gold [12] \u_fsm.next_fault_summary_gate [12]
  Unproven $equiv $auto$equiv_make.cc:257:find_same_wires$3494: \u_mmio.wb_dat_o_r_gold [1] \u_mmio.wb_dat_o_r_gate [1]
  Unproven $equiv $auto$equiv_make.cc:294:find_same_wires$3230: \u_mmio.wb_dat_o_r_gold [13] \u_mmio.wb_dat_o_r_gate [13]
  Unproven $equiv $auto$equiv_make.cc:294:find_same_wires$3227: \u_mmio.wb_dat_o_r_gold [10] \u_mmio.wb_dat_o_r_gate [10]
  Unproven $equiv $auto$equiv_make.cc:257:find_same_wires$3505: \u_mmio.wb_dat_o_r_gold [12] \u_mmio.wb_dat_o_r_gate [12]
  Unproven $equiv $auto$equiv_make.cc:257:find_same_wires$3504: \u_mmio.wb_dat_o_r_gold [11] \u_mmio.wb_dat_o_r_gate [11]
  Unproven $equiv $auto$equiv_make.cc:257:find_same_wires$3502: \u_mmio.wb_dat_o_r_gold [9] \u_mmio.wb_dat_o_r_gate [9]
  Unproven $equiv $auto$equiv_make.cc:257:find_same_wires$3500: \u_mmio.wb_dat_o_r_gold [7] \u_mmio.wb_dat_o_r_gate [7]
  Unproven $equiv $auto$equiv_make.cc:294:find_same_wires$2430: \u_fsm.next_state_gold [4] \u_fsm.next_state_gate [4]
  Unproven $equiv $auto$equiv_make.cc:294:find_same_wires$2429: \u_fsm.next_state_gold [3] \u_fsm.next_state_gate [3]
  Unproven $equiv $auto$equiv_make.cc:257:find_same_wires$3493: \u_mmio.wb_dat_o_r_gold [0] \u_mmio.wb_dat_o_r_gate [0]
  Unproven $equiv $auto$equiv_make.cc:257:find_same_wires$3496: \u_mmio.wb_dat_o_r_gold [3] \u_mmio.wb_dat_o_r_gate [3]
  Unproven $equiv $auto$equiv_make.cc:294:find_same_wires$2428: \u_fsm.next_state_gold [2] \u_fsm.next_state_gate [2]
  Unproven $equiv $auto$equiv_make.cc:294:find_same_wires$2427: \u_fsm.next_state_gold [1] \u_fsm.next_state_gate [1]
  Unproven $equiv $auto$equiv_make.cc:294:find_same_wires$2426: \u_fsm.next_state_gold [0] \u_fsm.next_state_gate [0]
  Unproven $equiv $auto$equiv_make.cc:294:find_same_wires$3225: \u_mmio.wb_dat_o_r_gold [8] \u_mmio.wb_dat_o_r_gate [8]
  Unproven $equiv $auto$equiv_make.cc:294:find_same_wires$3223: \u_mmio.wb_dat_o_r_gold [6] \u_mmio.wb_dat_o_r_gate [6]
  Unproven $equiv $auto$equiv_make.cc:294:find_same_wires$2409: \u_fsm.next_fault_summary_gold [4] \u_fsm.next_fault_summary_gate [4]
  Unproven $equiv $auto$equiv_make.cc:294:find_same_wires$2408: \u_fsm.next_fault_summary_gold [3] \u_fsm.next_fault_summary_gate [3]
  Unproven $equiv $auto$equiv_make.cc:294:find_same_wires$2407: \u_fsm.next_fault_summary_gold [2] \u_fsm.next_fault_summary_gate [2]
  Unproven $equiv $auto$equiv_make.cc:294:find_same_wires$2410: \u_fsm.next_fault_summary_gold [5] \u_fsm.next_fault_summary_gate [5]
  Unproven $equiv $auto$equiv_make.cc:257:find_same_wires$3495: \u_mmio.wb_dat_o_r_gold [2] \u_mmio.wb_dat_o_r_gate [2]
  Unproven $equiv $auto$equiv_make.cc:294:find_same_wires$2406: \u_fsm.next_fault_summary_gold [1] \u_fsm.next_fault_summary_gate [1]
  Unproven $equiv $auto$equiv_make.cc:294:find_same_wires$2405: \u_fsm.next_fault_summary_gold [0] \u_fsm.next_fault_summary_gate [0]
  Unproven $equiv $auto$equiv_make.cc:294:find_same_wires$2404: \u_fsm.next_fallback_active_gold \u_fsm.next_fallback_active_gate
  Unproven $equiv $auto$equiv_make.cc:294:find_same_wires$2402: \u_fsm.next_age_counter_gold [31] \u_fsm.next_age_counter_gate [31]
  Unproven $equiv $auto$equiv_make.cc:294:find_same_wires$2401: \u_fsm.next_age_counter_gold [30] \u_fsm.next_age_counter_gate [30]
Found a total of 104 unproven $equiv cells.

ERROR: Found 104 unproven $equiv cells in 'equiv_status -assert'.