== ChipLoop: Digital CTS Agent ==
PDK_VARIANT=sky130A
OPENLANE_IMAGE=ghcr.io/efabless/openlane2:2.4.0.dev1
WORKDIR=/work
[23:59:06] INFO     Loading the design configuration file has      config.py:716
                    generated the following warnings:                           
[23:59:06] WARNING  The configuration variable 'PL_TARGET_DENSITY' config.py:720
                    is deprecated. Please check the docs for the                
                    usage on the replacement variable                           
                    'PL_TARGET_DENSITY_PCT'.                                    
[23:59:06] WARNING  An unknown key 'CHIPLOOP_DIE_SIDE_UM' was      config.py:720
                    provided.                                                   
[23:59:07] WARNING  An unknown key 'CHIPLOOP_FILELIST' was         config.py:720
                    provided.                                                   
[23:59:07] WARNING  An unknown key 'CHIPLOOP_SOURCE_SPEC_JSON' was config.py:720
                    provided.                                                   
[23:59:07] WARNING  An unknown key 'CHIPLOOP_TOP_LEVEL_IO_BITS'    config.py:720
                    was provided.                                               
[23:59:07] WARNING  An unknown key 'CHIPLOOP_UPSTREAM_SDC_SOURCE'  config.py:720
                    was provided.                                               
[23:59:07] INFO     Starting a new run of the 'Classic' flow with    flow.py:628
                    the tag                                                     
                    'Digital_Arch2Tapeout_2abe0c5d-7ac4-43fe-8031-ae            
                    931b35b29f'.                                                
[23:59:07] INFO     Starting…                                  sequential.py:294
[23:59:07] INFO     Gating variable for step 'Verilator.Lint'  sequential.py:317
                    set to 'False'- the step will be skipped.                   
[23:59:07] INFO     Skipping step 'Verilator Lint'…            sequential.py:325
[23:59:07] INFO     Gating variable for step                   sequential.py:317
                    'Checker.LintTimingConstructs' set to                       
                    'False'- the step will be skipped.                          
[23:59:07] INFO     Skipping step 'Lint Timing Error Checker'… sequential.py:325
[23:59:07] INFO     Gating variable for step                   sequential.py:317
                    'Checker.LintErrors' set to 'False'- the                    
                    step will be skipped.                                       
[23:59:07] INFO     Skipping step 'Lint Errors Checker'…       sequential.py:325
[23:59:07] INFO     Gating variable for step                   sequential.py:317
                    'Checker.LintWarnings' set to 'False'- the                  
                    step will be skipped.                                       
[23:59:07] INFO     Skipping step 'Lint Warnings Checker'…     sequential.py:325
───────────────────────────── Generate JSON Header ─────────────────────────────
[23:59:07] VERBOSE  Running 'Yosys.JsonHeader' at                   step.py:1122
                    'cts/runs/Digital_Arch2Tapeout_2abe0c5d-7ac4-43             
                    fe-8031-ae931b35b29f/01-yosys-jsonheader'…                  
[23:59:07] VERBOSE  Logging subprocess to                           step.py:1318
                    'cts/runs/Digital_Arch2Tapeout_2abe0c5d-7ac4-43             
                    fe-8031-ae931b35b29f/01-yosys-jsonheader/yosys-             
                    jsonheader.log'…                                            
                                                                                
/----------------------------------------------------------------------------\  
|  yosys -- Yosys Open SYnthesis Suite                                       |  
|  Copyright (C) 2012 - 2024  Claire Xenia Wolf <claire@yosyshq.com>         |  
|  Distributed under an ISC-like license, type "license" to see terms        |  
\----------------------------------------------------------------------------/  
Yosys 0.46 (git sha1 e97731b9dda91fa5fa53ed87df7c34163ba59a41, clang++ 17.0.6   
-fPIC -O3)                                                                      
Loaded SDC plugin                                                               
                                                                                
1. Executing Verilog-2005 frontend:                                             
/work/cts/runs/Digital_Arch2Tapeout_2abe0c5d-7ac4-43fe-8031-ae931b35b29f/tmp/430
dc2b031744f95bb9d200cd6e01331.bb.v                                              
Parsing SystemVerilog input from                                                
`/work/cts/runs/Digital_Arch2Tapeout_2abe0c5d-7ac4-43fe-8031-ae931b35b29f/tmp/43
0dc2b031744f95bb9d200cd6e01331.bb.v' to AST representation.                     
Generating RTLIL representation for module `\sky130_ef_sc_hd__decap_12'.        
Generating RTLIL representation for module `\sky130_ef_sc_hd__fill_12'.         
Generating RTLIL representation for module `\sky130_ef_sc_hd__fill_4'.          
Generating RTLIL representation for module `\sky130_ef_sc_hd__fill_8'.          
Generating RTLIL representation for module `\sky130_fd_sc_hd__a2111o_1'.        
Generating RTLIL representation for module `\sky130_fd_sc_hd__a2111o_2'.        
Generating RTLIL representation for module `\sky130_fd_sc_hd__a2111o_4'.        
Generating RTLIL representation for module `\sky130_fd_sc_hd__a2111oi_0'.       
Generating RTLIL representation for module `\sky130_fd_sc_hd__a2111oi_1'.       
Generating RTLIL representation for module `\sky130_fd_sc_hd__a2111oi_2'.       
Generating RTLIL representation for module `\sky130_fd_sc_hd__a2111oi_4'.       
Generating RTLIL representation for module `\sky130_fd_sc_hd__a211o_1'.         
Generating RTLIL representation for module `\sky130_fd_sc_hd__a211o_2'.         
Generating RTLIL representation for module `\sky130_fd_sc_hd__a211o_4'.         
Generating RTLIL representation for module `\sky130_fd_sc_hd__a211oi_1'.        
Generating RTLIL representation for module `\sky130_fd_sc_hd__a211oi_2'.        
Generating RTLIL representation for module `\sky130_fd_sc_hd__a211oi_4'.        
Generating RTLIL representation for module `\sky130_fd_sc_hd__a21bo_1'.         
Generating RTLIL representation for module `\sky130_fd_sc_hd__a21bo_2'.         
Generating RTLIL representation for module `\sky130_fd_sc_hd__a21bo_4'.         
Generating RTLIL representation for module `\sky130_fd_sc_hd__a21boi_0'.        
Generating RTLIL representation for module `\sky130_fd_sc_hd__a21boi_1'.        
Generating RTLIL representation for module `\sky130_fd_sc_hd__a21boi_2'.        
Generating RTLIL representation for module `\sky130_fd_sc_hd__a21boi_4'.        
Generating RTLIL representation for module `\sky130_fd_sc_hd__a21o_1'.          
Generating RTLIL representation for module `\sky130_fd_sc_hd__a21o_2'.          
Generating RTLIL representation for module `\sky130_fd_sc_hd__a21o_4'.          
Generating RTLIL representation for module `\sky130_fd_sc_hd__a21oi_1'.         
Generating RTLIL representation for module `\sky130_fd_sc_hd__a21oi_2'.         
Generating RTLIL representation for module `\sky130_fd_sc_hd__a21oi_4'.         
Generating RTLIL representation for module `\sky130_fd_sc_hd__a221o_1'.         
Generating RTLIL representation for module `\sky130_fd_sc_hd__a221o_2'.         
Generating RTLIL representation for module `\sky130_fd_sc_hd__a221o_4'.         
Generating RTLIL representation for module `\sky130_fd_sc_hd__a221oi_1'.        
Generating RTLIL representation for module `\sky130_fd_sc_hd__a221oi_2'.        
Generating RTLIL representation for module `\sky130_fd_sc_hd__a221oi_4'.        
Generating RTLIL representation for module `\sky130_fd_sc_hd__a222oi_1'.        
Generating RTLIL representation for module `\sky130_fd_sc_hd__a22o_1'.          
Generating RTLIL representation for module `\sky130_fd_sc_hd__a22o_2'.          
Generating RTLIL representation for module `\sky130_fd_sc_hd__a22o_4'.          
Generating RTLIL representation for module `\sky130_fd_sc_hd__a22oi_1'.         
Generating RTLIL representation for module `\sky130_fd_sc_hd__a22oi_2'.         
Generating RTLIL representation for module `\sky130_fd_sc_hd__a22oi_4'.         
Generating RTLIL representation for module `\sky130_fd_sc_hd__a2bb2o_1'.        
Generating RTLIL representation for module `\sky130_fd_sc_hd__a2bb2o_2'.        
Generating RTLIL representation for module `\sky130_fd_sc_hd__a2bb2o_4'.        
Generating RTLIL representation for module `\sky130_fd_sc_hd__a2bb2oi_1'.       
Generating RTLIL representation for module `\sky130_fd_sc_hd__a2bb2oi_2'.       
Generating RTLIL representation for module `\sky130_fd_sc_hd__a2bb2oi_4'.       
Generating RTLIL representation for module `\sky130_fd_sc_hd__a311o_1'.         
Generating RTLIL representation for module `\sky130_fd_sc_hd__a311o_2'.         
Generating RTLIL representation for module `\sky130_fd_sc_hd__a311o_4'.         
Generating RTLIL representation for module `\sky130_fd_sc_hd__a311oi_1'.        
Generating RTLIL representation for module `\sky130_fd_sc_hd__a311oi_2'.        
Generating RTLIL representation for module `\sky130_fd_sc_hd__a311oi_4'.        
Generating RTLIL representation for module `\sky130_fd_sc_hd__a31o_1'.          
Generating RTLIL representation for module `\sky130_fd_sc_hd__a31o_2'.          
Generating RTLIL representation for module `\sky130_fd_sc_hd__a31o_4'.          
Generating RTLIL representation for module `\sky130_fd_sc_hd__a31oi_1'.         
Generating RTLIL representation for module `\sky130_fd_sc_hd__a31oi_2'.         
Generating RTLIL representation for module `\sky130_fd_sc_hd__a31oi_4'.         
Generating RTLIL representation for module `\sky130_fd_sc_hd__a32o_1'.          
Generating RTLIL representation for module `\sky130_fd_sc_hd__a32o_2'.          
Generating RTLIL representation for module `\sky130_fd_sc_hd__a32o_4'.          
Generating RTLIL representation for module `\sky130_fd_sc_hd__a32oi_1'.         
Generating RTLIL representation for module `\sky130_fd_sc_hd__a32oi_2'.         
Generating RTLIL representation for module `\sky130_fd_sc_hd__a32oi_4'.         
Generating RTLIL representation for module `\sky130_fd_sc_hd__a41o_1'.          
Generating RTLIL representation for module `\sky130_fd_sc_hd__a41o_2'.          
Generating RTLIL representation for module `\sky130_fd_sc_hd__a41o_4'.          
Generating RTLIL representation for module `\sky130_fd_sc_hd__a41oi_1'.         
Generating RTLIL representation for module `\sky130_fd_sc_hd__a41oi_2'.         
Generating RTLIL representation for module `\sky130_fd_sc_hd__a41oi_4'.         
Generating RTLIL representation for module `\sky130_fd_sc_hd__and2_0'.          
Generating RTLIL representation for module `\sky130_fd_sc_hd__and2_1'.          
Generating RTLIL representation for module `\sky130_fd_sc_hd__and2_2'.          
Generating RTLIL representation for module `\sky130_fd_sc_hd__and2_4'.          
Generating RTLIL representation for module `\sky130_fd_sc_hd__and2b_1'.         
Generating RTLIL representation for module `\sky130_fd_sc_hd__and2b_2'.         
Generating RTLIL representation for module `\sky130_fd_sc_hd__and2b_4'.         
Generating RTLIL representation for module `\sky130_fd_sc_hd__and3_1'.          
Generating RTLIL representation for module `\sky130_fd_sc_hd__and3_2'.          
Generating RTLIL representation for module `\sky130_fd_sc_hd__and3_4'.          
Generating RTLIL representation for module `\sky130_fd_sc_hd__and3b_1'.         
Generating RTLIL representation for module `\sky130_fd_sc_hd__and3b_2'.         
Generating RTLIL representation for module `\sky130_fd_sc_hd__and3b_4'.         
Generating RTLIL representation for module `\sky130_fd_sc_hd__and4_1'.          
Generating RTLIL representation for module `\sky130_fd_sc_hd__and4_2'.          
Generating RTLIL representation for module `\sky130_fd_sc_hd__and4_4'.          
Generating RTLIL representation for module `\sky130_fd_sc_hd__and4b_1'.         
Generating RTLIL representation for module `\sky130_fd_sc_hd__and4b_2'.         
Generating RTLIL representation for module `\sky130_fd_sc_hd__and4b_4'.         
Generating RTLIL representation for module `\sky130_fd_sc_hd__and4bb_1'.        
Generating RTLIL representation for module `\sky130_fd_sc_hd__and4bb_2'.        
Generating RTLIL representation for module `\sky130_fd_sc_hd__and4bb_4'.        
Generating RTLIL representation for module `\sky130_fd_sc_hd__buf_1'.           
Generating RTLIL representation for module `\sky130_fd_sc_hd__buf_12'.          
Generating RTLIL representation for module `\sky130_fd_sc_hd__buf_16'.          
Generating RTLIL representation for module `\sky130_fd_sc_hd__buf_2'.           
Generating RTLIL representation for module `\sky130_fd_sc_hd__buf_4'.           
Generating RTLIL representation for module `\sky130_fd_sc_hd__buf_6'.           
Generating RTLIL representation for module `\sky130_fd_sc_hd__buf_8'.           
Generating RTLIL representation for module `\sky130_fd_sc_hd__bufbuf_16'.       
Generating RTLIL representation for module `\sky130_fd_sc_hd__bufbuf_8'.        
Generating RTLIL representation for module `\sky130_fd_sc_hd__bufinv_16'.       
Generating RTLIL representation for module `\sky130_fd_sc_hd__bufinv_8'.        
Generating RTLIL representation for module `\sky130_fd_sc_hd__clkbuf_1'.        
Generating RTLIL representation for module `\sky130_fd_sc_hd__clkbuf_16'.       
Generating RTLIL representation for module `\sky130_fd_sc_hd__clkbuf_2'.        
Generating RTLIL representation for module `\sky130_fd_sc_hd__clkbuf_4'.        
Generating RTLIL representation for module `\sky130_fd_sc_hd__clkbuf_8'.        
Generating RTLIL representation for module `\sky130_fd_sc_hd__clkdlybuf4s15_1'. 
Generating RTLIL representation for module `\sky130_fd_sc_hd__clkdlybuf4s15_2'. 
Generating RTLIL representation for module `\sky130_fd_sc_hd__clkdlybuf4s18_1'. 
Generating RTLIL representation for module `\sky130_fd_sc_hd__clkdlybuf4s18_2'. 
Generating RTLIL representation for module `\sky130_fd_sc_hd__clkdlybuf4s25_1'. 
Generating RTLIL representation for module `\sky130_fd_sc_hd__clkdlybuf4s25_2'. 
Generating RTLIL representation for module `\sky130_fd_sc_hd__clkdlybuf4s50_1'. 
Generating RTLIL representation for module `\sky130_fd_sc_hd__clkdlybuf4s50_2'. 
Generating RTLIL representation for module `\sky130_fd_sc_hd__clkinv_1'.        
Generating RTLIL representation for module `\sky130_fd_sc_hd__clkinv_16'.       
Generating RTLIL representation for module `\sky130_fd_sc_hd__clkinv_2'.        
Generating RTLIL representation for module `\sky130_fd_sc_hd__clkinv_4'.        
Generating RTLIL representation for module `\sky130_fd_sc_hd__clkinv_8'.        
Generating RTLIL representation for module `\sky130_fd_sc_hd__clkinvlp_2'.      
Generating RTLIL representation for module `\sky130_fd_sc_hd__clkinvlp_4'.      
Generating RTLIL representation for module `\sky130_fd_sc_hd__conb_1'.          
Generating RTLIL representation for module `\sky130_fd_sc_hd__decap_12'.        
Generating RTLIL representation for module `\sky130_fd_sc_hd__decap_3'.         
Generating RTLIL representation for module `\sky130_fd_sc_hd__decap_4'.         
Generating RTLIL representation for module `\sky130_fd_sc_hd__decap_6'.         
Generating RTLIL representation for module `\sky130_fd_sc_hd__decap_8'.         
Generating RTLIL representation for module `\sky130_fd_sc_hd__dfbbn_1'.         
Generating RTLIL representation for module `\sky130_fd_sc_hd__dfbbn_2'.         
Generating RTLIL representation for module `\sky130_fd_sc_hd__dfbbp_1'.         
Generating RTLIL representation for module `\sky130_fd_sc_hd__dfrbp_1'.         
Generating RTLIL representation for module `\sky130_fd_sc_hd__dfrbp_2'.         
Generating RTLIL representation for module `\sky130_fd_sc_hd__dfrtn_1'.         
Generating RTLIL representation for module `\sky130_fd_sc_hd__dfrtp_1'.         
Generating RTLIL representation for module `\sky130_fd_sc_hd__dfrtp_2'.         
Generating RTLIL representation for module `\sky130_fd_sc_hd__dfrtp_4'.         
Generating RTLIL representation for module `\sky130_fd_sc_hd__dfsbp_1'.         
Generating RTLIL representation for module `\sky130_fd_sc_hd__dfsbp_2'.         
Generating RTLIL representation for module `\sky130_fd_sc_hd__dfstp_1'.         
Generating RTLIL representation for module `\sky130_fd_sc_hd__dfstp_2'.         
Generating RTLIL representation for module `\sky130_fd_sc_hd__dfstp_4'.         
Generating RTLIL representation for module `\sky130_fd_sc_hd__dfxbp_1'.         
Generating RTLIL representation for module `\sky130_fd_sc_hd__dfxbp_2'.         
Generating RTLIL representation for module `\sky130_fd_sc_hd__dfxtp_1'.         
Generating RTLIL representation for module `\sky130_fd_sc_hd__dfxtp_2'.         
Generating RTLIL representation for module `\sky130_fd_sc_hd__dfxtp_4'.         
Generating RTLIL representation for module `\sky130_fd_sc_hd__diode_2'.         
Generating RTLIL representation for module `\sky130_fd_sc_hd__dlclkp_1'.        
Generating RTLIL representation for module `\sky130_fd_sc_hd__dlclkp_2'.        
Generating RTLIL representation for module `\sky130_fd_sc_hd__dlclkp_4'.        
Generating RTLIL representation for module `\sky130_fd_sc_hd__dlrbn_1'.         
Generating RTLIL representation for module `\sky130_fd_sc_hd__dlrbn_2'.         
Generating RTLIL representation for module `\sky130_fd_sc_hd__dlrbp_1'.         
Generating RTLIL representation for module `\sky130_fd_sc_hd__dlrbp_2'.         
Generating RTLIL representation for module `\sky130_fd_sc_hd__dlrtn_1'.         
Generating RTLIL representation for module `\sky130_fd_sc_hd__dlrtn_2'.         
Generating RTLIL representation for module `\sky130_fd_sc_hd__dlrtn_4'.         
Generating RTLIL representation for module `\sky130_fd_sc_hd__dlrtp_1'.         
Generating RTLIL representation for module `\sky130_fd_sc_hd__dlrtp_2'.         
Generating RTLIL representation for module `\sky130_fd_sc_hd__dlrtp_4'.         
Generating RTLIL representation for module `\sky130_fd_sc_hd__dlxbn_1'.         
Generating RTLIL representation for module `\sky130_fd_sc_hd__dlxbn_2'.         
Generating RTLIL representation for module `\sky130_fd_sc_hd__dlxbp_1'.         
Generating RTLIL representation for module `\sky130_fd_sc_hd__dlxtn_1'.         
Generating RTLIL representation for module `\sky130_fd_sc_hd__dlxtn_2'.         
Generating RTLIL representation for module `\sky130_fd_sc_hd__dlxtn_4'.         
Generating RTLIL representation for module `\sky130_fd_sc_hd__dlxtp_1'.         
Generating RTLIL representation for module `\sky130_fd_sc_hd__dlygate4sd1_1'.   
Generating RTLIL representation for module `\sky130_fd_sc_hd__dlygate4sd2_1'.   
Generating RTLIL representation for module `\sky130_fd_sc_hd__dlygate4sd3_1'.   
Generating RTLIL representation for module `\sky130_fd_sc_hd__dlymetal6s2s_1'.  
Generating RTLIL representation for module `\sky130_fd_sc_hd__dlymetal6s4s_1'.  
Generating RTLIL representation for module `\sky130_fd_sc_hd__dlymetal6s6s_1'.  
Generating RTLIL representation for module `\sky130_fd_sc_hd__ebufn_1'.         
Generating RTLIL representation for module `\sky130_fd_sc_hd__ebufn_2'.         
Generating RTLIL representation for module `\sky130_fd_sc_hd__ebufn_4'.         
Generating RTLIL representation for module `\sky130_fd_sc_hd__ebufn_8'.         
Generating RTLIL representation for module `\sky130_fd_sc_hd__edfxbp_1'.        
Generating RTLIL representation for module `\sky130_fd_sc_hd__edfxtp_1'.        
Generating RTLIL representation for module `\sky130_fd_sc_hd__einvn_0'.         
Generating RTLIL representation for module `\sky130_fd_sc_hd__einvn_1'.         
Generating RTLIL representation for module `\sky130_fd_sc_hd__einvn_2'.         
Generating RTLIL representation for module `\sky130_fd_sc_hd__einvn_4'.         
Generating RTLIL representation for module `\sky130_fd_sc_hd__einvn_8'.         
Generating RTLIL representation for module `\sky130_fd_sc_hd__einvp_1'.         
Generating RTLIL representation for module `\sky130_fd_sc_hd__einvp_2'.         
Generating RTLIL representation for module `\sky130_fd_sc_hd__einvp_4'.         
Generating RTLIL representation for module `\sky130_fd_sc_hd__einvp_8'.         
Generating RTLIL representation for module `\sky130_fd_sc_hd__fa_1'.            
Generating RTLIL representation for module `\sky130_fd_sc_hd__fa_2'.            
Generating RTLIL representation for module `\sky130_fd_sc_hd__fa_4'.            
Generating RTLIL representation for module `\sky130_fd_sc_hd__fah_1'.           
Generating RTLIL representation for module `\sky130_fd_sc_hd__fahcin_1'.        
Generating RTLIL representation for module `\sky130_fd_sc_hd__fahcon_1'.        
Generating RTLIL representation for module `\sky130_fd_sc_hd__fill_1'.          
Generating RTLIL representation for module `\sky130_fd_sc_hd__fill_2'.          
Generating RTLIL representation for module `\sky130_fd_sc_hd__fill_4'.          
Generating RTLIL representation for module `\sky130_fd_sc_hd__fill_8'.          
Generating RTLIL representation for module `\sky130_fd_sc_hd__ha_1'.            
Generating RTLIL representation for module `\sky130_fd_sc_hd__ha_2'.            
Generating RTLIL representation for module `\sky130_fd_sc_hd__ha_4'.            
Generating RTLIL representation for module `\sky130_fd_sc_hd__inv_1'.           
Generating RTLIL representation for module `\sky130_fd_sc_hd__inv_12'.          
Generating RTLIL representation for module `\sky130_fd_sc_hd__inv_16'.          
Generating RTLIL representation for module `\sky130_fd_sc_hd__inv_2'.           
Generating RTLIL representation for module `\sky130_fd_sc_hd__inv_4'.           
Generating RTLIL representation for module `\sky130_fd_sc_hd__inv_6'.           
Generating RTLIL representation for module `\sky130_fd_sc_hd__inv_8'.           
Generating RTLIL representation for module `\sky130_fd_sc_hd__lpflow_bleeder_1'.
Generating RTLIL representation for module                                      
`\sky130_fd_sc_hd__lpflow_clkbufkapwr_1'.                                       
Generating RTLIL representation for module                                      
`\sky130_fd_sc_hd__lpflow_clkbufkapwr_16'.                                      
Generating RTLIL representation for module                                      
`\sky130_fd_sc_hd__lpflow_clkbufkapwr_2'.                                       
Generating RTLIL representation for module                                      
`\sky130_fd_sc_hd__lpflow_clkbufkapwr_4'.                                       
Generating RTLIL representation for module                                      
`\sky130_fd_sc_hd__lpflow_clkbufkapwr_8'.                                       
Generating RTLIL representation for module                                      
`\sky130_fd_sc_hd__lpflow_clkinvkapwr_1'.                                       
Generating RTLIL representation for module                                      
`\sky130_fd_sc_hd__lpflow_clkinvkapwr_16'.                                      
Generating RTLIL representation for module                                      
`\sky130_fd_sc_hd__lpflow_clkinvkapwr_2'.                                       
Generating RTLIL representation for module                                      
`\sky130_fd_sc_hd__lpflow_clkinvkapwr_4'.                                       
Generating RTLIL representation for module                                      
`\sky130_fd_sc_hd__lpflow_clkinvkapwr_8'.                                       
Generating RTLIL representation for module                                      
`\sky130_fd_sc_hd__lpflow_decapkapwr_12'.                                       
Generating RTLIL representation for module                                      
`\sky130_fd_sc_hd__lpflow_decapkapwr_3'.                                        
Generating RTLIL representation for module                                      
`\sky130_fd_sc_hd__lpflow_decapkapwr_4'.                                        
Generating RTLIL representation for module                                      
`\sky130_fd_sc_hd__lpflow_decapkapwr_6'.                                        
Generating RTLIL representation for module                                      
`\sky130_fd_sc_hd__lpflow_decapkapwr_8'.                                        
Generating RTLIL representation for module                                      
`\sky130_fd_sc_hd__lpflow_inputiso0n_1'.                                        
Generating RTLIL representation for module                                      
`\sky130_fd_sc_hd__lpflow_inputiso0p_1'.                                        
Generating RTLIL representation for module                                      
`\sky130_fd_sc_hd__lpflow_inputiso1n_1'.                                        
Generating RTLIL representation for module                                      
`\sky130_fd_sc_hd__lpflow_inputiso1p_1'.                                        
Generating RTLIL representation for module                                      
`\sky130_fd_sc_hd__lpflow_inputisolatch_1'.                                     
Generating RTLIL representation for module                                      
`\sky130_fd_sc_hd__lpflow_isobufsrc_1'.                                         
Generating RTLIL representation for module                                      
`\sky130_fd_sc_hd__lpflow_isobufsrc_16'.                                        
Generating RTLIL representation for module                                      
`\sky130_fd_sc_hd__lpflow_isobufsrc_2'.                                         
Generating RTLIL representation for module                                      
`\sky130_fd_sc_hd__lpflow_isobufsrc_4'.                                         
Generating RTLIL representation for module                                      
`\sky130_fd_sc_hd__lpflow_isobufsrc_8'.                                         
Generating RTLIL representation for module                                      
`\sky130_fd_sc_hd__lpflow_isobufsrckapwr_16'.                                   
Generating RTLIL representation for module                                      
`\sky130_fd_sc_hd__lpflow_lsbuf_lh_hl_isowell_tap_1'.                           
Generating RTLIL representation for module                                      
`\sky130_fd_sc_hd__lpflow_lsbuf_lh_hl_isowell_tap_2'.                           
Generating RTLIL representation for module                                      
`\sky130_fd_sc_hd__lpflow_lsbuf_lh_hl_isowell_tap_4'.                           
Generating RTLIL representation for module                                      
`\sky130_fd_sc_hd__lpflow_lsbuf_lh_isowell_4'.                                  
Generating RTLIL representation for module                                      
`\sky130_fd_sc_hd__lpflow_lsbuf_lh_isowell_tap_1'.                              
Generating RTLIL representation for module                                      
`\sky130_fd_sc_hd__lpflow_lsbuf_lh_isowell_tap_2'.                              
Generating RTLIL representation for module                                      
`\sky130_fd_sc_hd__lpflow_lsbuf_lh_isowell_tap_4'.                              
Generating RTLIL representation for module `\sky130_fd_sc_hd__macro_sparecell'. 
Generating RTLIL representation for module `\sky130_fd_sc_hd__maj3_1'.          
Generating RTLIL representation for module `\sky130_fd_sc_hd__maj3_2'.          
Generating RTLIL representation for module `\sky130_fd_sc_hd__maj3_4'.          
Generating RTLIL representation for module `\sky130_fd_sc_hd__mux2_1'.          
Generating RTLIL representation for module `\sky130_fd_sc_hd__mux2_2'.          
Generating RTLIL representation for module `\sky130_fd_sc_hd__mux2_4'.          
Generating RTLIL representation for module `\sky130_fd_sc_hd__mux2_8'.          
Generating RTLIL representation for module `\sky130_fd_sc_hd__mux2i_1'.         
Generating RTLIL representation for module `\sky130_fd_sc_hd__mux2i_2'.         
Generating RTLIL representation for module `\sky130_fd_sc_hd__mux2i_4'.         
Generating RTLIL representation for module `\sky130_fd_sc_hd__mux4_1'.          
Generating RTLIL representation for module `\sky130_fd_sc_hd__mux4_2'.          
Generating RTLIL representation for module `\sky130_fd_sc_hd__mux4_4'.          
Generating RTLIL representation for module `\sky130_fd_sc_hd__nand2_1'.         
Generating RTLIL representation for module `\sky130_fd_sc_hd__nand2_2'.         
Generating RTLIL representation for module `\sky130_fd_sc_hd__nand2_4'.         
Generating RTLIL representation for module `\sky130_fd_sc_hd__nand2_8'.         
Generating RTLIL representation for module `\sky130_fd_sc_hd__nand2b_1'.        
Generating RTLIL representation for module `\sky130_fd_sc_hd__nand2b_2'.        
Generating RTLIL representation for module `\sky130_fd_sc_hd__nand2b_4'.        
Generating RTLIL representation for module `\sky130_fd_sc_hd__nand3_1'.         
Generating RTLIL representation for module `\sky130_fd_sc_hd__nand3_2'.         
Generating RTLIL representation for module `\sky130_fd_sc_hd__nand3_4'.         
Generating RTLIL representation for module `\sky130_fd_sc_hd__nand3b_1'.        
Generating RTLIL representation for module `\sky130_fd_sc_hd__nand3b_2'.        
Generating RTLIL representation for module `\sky130_fd_sc_hd__nand3b_4'.        
Generating RTLIL representation for module `\sky130_fd_sc_hd__nand4_1'.         
Generating RTLIL representation for module `\sky130_fd_sc_hd__nand4_2'.         
Generating RTLIL representation for module `\sky130_fd_sc_hd__nand4_4'.         
Generating RTLIL representation for module `\sky130_fd_sc_hd__nand4b_1'.        
Generating RTLIL representation for module `\sky130_fd_sc_hd__nand4b_2'.        
Generating RTLIL representation for module `\sky130_fd_sc_hd__nand4b_4'.        
Generating RTLIL representation for module `\sky130_fd_sc_hd__nand4bb_1'.       
Generating RTLIL representation for module `\sky130_fd_sc_hd__nand4bb_2'.       
Generating RTLIL representation for module `\sky130_fd_sc_hd__nand4bb_4'.       
Generating RTLIL representation for module `\sky130_fd_sc_hd__nor2_1'.          
Generating RTLIL representation for module `\sky130_fd_sc_hd__nor2_2'.          
Generating RTLIL representation for module `\sky130_fd_sc_hd__nor2_4'.          
Generating RTLIL representation for module `\sky130_fd_sc_hd__nor2_8'.          
Generating RTLIL representation for module `\sky130_fd_sc_hd__nor2b_1'.         
Generating RTLIL representation for module `\sky130_fd_sc_hd__nor2b_2'.         
Generating RTLIL representation for module `\sky130_fd_sc_hd__nor2b_4'.         
Generating RTLIL representation for module `\sky130_fd_sc_hd__nor3_1'.          
Generating RTLIL representation for module `\sky130_fd_sc_hd__nor3_2'.          
Generating RTLIL representation for module `\sky130_fd_sc_hd__nor3_4'.          
Generating RTLIL representation for module `\sky130_fd_sc_hd__nor3b_1'.         
Generating RTLIL representation for module `\sky130_fd_sc_hd__nor3b_2'.         
Generating RTLIL representation for module `\sky130_fd_sc_hd__nor3b_4'.         
Generating RTLIL representation for module `\sky130_fd_sc_hd__nor4_1'.          
Generating RTLIL representation for module `\sky130_fd_sc_hd__nor4_2'.          
Generating RTLIL representation for module `\sky130_fd_sc_hd__nor4_4'.          
Generating RTLIL representation for module `\sky130_fd_sc_hd__nor4b_1'.         
Generating RTLIL representation for module `\sky130_fd_sc_hd__nor4b_2'.         
Generating RTLIL representation for module `\sky130_fd_sc_hd__nor4b_4'.         
Generating RTLIL representation for module `\sky130_fd_sc_hd__nor4bb_1'.        
Generating RTLIL representation for module `\sky130_fd_sc_hd__nor4bb_2'.        
Generating RTLIL representation for module `\sky130_fd_sc_hd__nor4bb_4'.        
Generating RTLIL representation for module `\sky130_fd_sc_hd__o2111a_1'.        
Generating RTLIL representation for module `\sky130_fd_sc_hd__o2111a_2'.        
Generating RTLIL representation for module `\sky130_fd_sc_hd__o2111a_4'.        
Generating RTLIL representation for module `\sky130_fd_sc_hd__o2111ai_1'.       
Generating RTLIL representation for module `\sky130_fd_sc_hd__o2111ai_2'.       
Generating RTLIL representation for module `\sky130_fd_sc_hd__o2111ai_4'.       
Generating RTLIL representation for module `\sky130_fd_sc_hd__o211a_1'.         
Generating RTLIL representation for module `\sky130_fd_sc_hd__o211a_2'.         
Generating RTLIL representation for module `\sky130_fd_sc_hd__o211a_4'.         
Generating RTLIL representation for module `\sky130_fd_sc_hd__o211ai_1'.        
Generating RTLIL representation for module `\sky130_fd_sc_hd__o211ai_2'.        
Generating RTLIL representation for module `\sky130_fd_sc_hd__o211ai_4'.        
Generating RTLIL representation for module `\sky130_fd_sc_hd__o21a_1'.          
Generating RTLIL representation for module `\sky130_fd_sc_hd__o21a_2'.          
Generating RTLIL representation for module `\sky130_fd_sc_hd__o21a_4'.          
Generating RTLIL representation for module `\sky130_fd_sc_hd__o21ai_0'.         
Generating RTLIL representation for module `\sky130_fd_sc_hd__o21ai_1'.         
Generating RTLIL representation for module `\sky130_fd_sc_hd__o21ai_2'.         
Generating RTLIL representation for module `\sky130_fd_sc_hd__o21ai_4'.         
Generating RTLIL representation for module `\sky130_fd_sc_hd__o21ba_1'.         
Generating RTLIL representation for module `\sky130_fd_sc_hd__o21ba_2'.         
Generating RTLIL representation for module `\sky130_fd_sc_hd__o21ba_4'.         
Generating RTLIL representation for module `\sky130_fd_sc_hd__o21bai_1'.        
Generating RTLIL representation for module `\sky130_fd_sc_hd__o21bai_2'.        
Generating RTLIL representation for module `\sky130_fd_sc_hd__o21bai_4'.        
Generating RTLIL representation for module `\sky130_fd_sc_hd__o221a_1'.         
Generating RTLIL representation for module `\sky130_fd_sc_hd__o221a_2'.         
Generating RTLIL representation for module `\sky130_fd_sc_hd__o221a_4'.         
Generating RTLIL representation for module `\sky130_fd_sc_hd__o221ai_1'.        
Generating RTLIL representation for module `\sky130_fd_sc_hd__o221ai_2'.        
Generating RTLIL representation for module `\sky130_fd_sc_hd__o221ai_4'.        
Generating RTLIL representation for module `\sky130_fd_sc_hd__o22a_1'.          
Generating RTLIL representation for module `\sky130_fd_sc_hd__o22a_2'.          
Generating RTLIL representation for module `\sky130_fd_sc_hd__o22a_4'.          
Generating RTLIL representation for module `\sky130_fd_sc_hd__o22ai_1'.         
Generating RTLIL representation for module `\sky130_fd_sc_hd__o22ai_2'.         
Generating RTLIL representation for module `\sky130_fd_sc_hd__o22ai_4'.         
Generating RTLIL representation for module `\sky130_fd_sc_hd__o2bb2a_1'.        
Generating RTLIL representation for module `\sky130_fd_sc_hd__o2bb2a_2'.        
Generating RTLIL representation for module `\sky130_fd_sc_hd__o2bb2a_4'.        
Generating RTLIL representation for module `\sky130_fd_sc_hd__o2bb2ai_1'.       
Generating RTLIL representation for module `\sky130_fd_sc_hd__o2bb2ai_2'.       
Generating RTLIL representation for module `\sky130_fd_sc_hd__o2bb2ai_4'.       
Generating RTLIL representation for module `\sky130_fd_sc_hd__o311a_1'.         
Generating RTLIL representation for module `\sky130_fd_sc_hd__o311a_2'.         
Generating RTLIL representation for module `\sky130_fd_sc_hd__o311a_4'.         
Generating RTLIL representation for module `\sky130_fd_sc_hd__o311ai_0'.        
Generating RTLIL representation for module `\sky130_fd_sc_hd__o311ai_1'.        
Generating RTLIL representation for module `\sky130_fd_sc_hd__o311ai_2'.        
Generating RTLIL representation for module `\sky130_fd_sc_hd__o311ai_4'.        
Generating RTLIL representation for module `\sky130_fd_sc_hd__o31a_1'.          
Generating RTLIL representation for module `\sky130_fd_sc_hd__o31a_2'.          
Generating RTLIL representation for module `\sky130_fd_sc_hd__o31a_4'.          
Generating RTLIL representation for module `\sky130_fd_sc_hd__o31ai_1'.         
Generating RTLIL representation for module `\sky130_fd_sc_hd__o31ai_2'.         
Generating RTLIL representation for module `\sky130_fd_sc_hd__o31ai_4'.         
Generating RTLIL representation for module `\sky130_fd_sc_hd__o32a_1'.          
Generating RTLIL representation for module `\sky130_fd_sc_hd__o32a_2'.          
Generating RTLIL representation for module `\sky130_fd_sc_hd__o32a_4'.          
Generating RTLIL representation for module `\sky130_fd_sc_hd__o32ai_1'.         
Generating RTLIL representation for module `\sky130_fd_sc_hd__o32ai_2'.         
Generating RTLIL representation for module `\sky130_fd_sc_hd__o32ai_4'.         
Generating RTLIL representation for module `\sky130_fd_sc_hd__o41a_1'.          
Generating RTLIL representation for module `\sky130_fd_sc_hd__o41a_2'.          
Generating RTLIL representation for module `\sky130_fd_sc_hd__o41a_4'.          
Generating RTLIL representation for module `\sky130_fd_sc_hd__o41ai_1'.         
Generating RTLIL representation for module `\sky130_fd_sc_hd__o41ai_2'.         
Generating RTLIL representation for module `\sky130_fd_sc_hd__o41ai_4'.         
Generating RTLIL representation for module `\sky130_fd_sc_hd__or2_0'.           
Generating RTLIL representation for module `\sky130_fd_sc_hd__or2_1'.           
Generating RTLIL representation for module `\sky130_fd_sc_hd__or2_2'.           
Generating RTLIL representation for module `\sky130_fd_sc_hd__or2_4'.           
Generating RTLIL representation for module `\sky130_fd_sc_hd__or2b_1'.          
Generating RTLIL representation for module `\sky130_fd_sc_hd__or2b_2'.          
Generating RTLIL representation for module `\sky130_fd_sc_hd__or2b_4'.          
Generating RTLIL representation for module `\sky130_fd_sc_hd__or3_1'.           
Generating RTLIL representation for module `\sky130_fd_sc_hd__or3_2'.           
Generating RTLIL representation for module `\sky130_fd_sc_hd__or3_4'.           
Generating RTLIL representation for module `\sky130_fd_sc_hd__or3b_1'.          
Generating RTLIL representation for module `\sky130_fd_sc_hd__or3b_2'.          
Generating RTLIL representation for module `\sky130_fd_sc_hd__or3b_4'.          
Generating RTLIL representation for module `\sky130_fd_sc_hd__or4_1'.           
Generating RTLIL representation for module `\sky130_fd_sc_hd__or4_2'.           
Generating RTLIL representation for module `\sky130_fd_sc_hd__or4_4'.           
Generating RTLIL representation for module `\sky130_fd_sc_hd__or4b_1'.          
Generating RTLIL representation for module `\sky130_fd_sc_hd__or4b_2'.          
Generating RTLIL representation for module `\sky130_fd_sc_hd__or4b_4'.          
Generating RTLIL representation for module `\sky130_fd_sc_hd__or4bb_1'.         
Generating RTLIL representation for module `\sky130_fd_sc_hd__or4bb_2'.         
Generating RTLIL representation for module `\sky130_fd_sc_hd__or4bb_4'.         
Generating RTLIL representation for module `\sky130_fd_sc_hd__probe_p_8'.       
Generating RTLIL representation for module `\sky130_fd_sc_hd__probec_p_8'.      
Generating RTLIL representation for module `\sky130_fd_sc_hd__sdfbbn_1'.        
Generating RTLIL representation for module `\sky130_fd_sc_hd__sdfbbn_2'.        
Generating RTLIL representation for module `\sky130_fd_sc_hd__sdfbbp_1'.        
Generating RTLIL representation for module `\sky130_fd_sc_hd__sdfrbp_1'.        
Generating RTLIL representation for module `\sky130_fd_sc_hd__sdfrbp_2'.        
Generating RTLIL representation for module `\sky130_fd_sc_hd__sdfrtn_1'.        
Generating RTLIL representation for module `\sky130_fd_sc_hd__sdfrtp_1'.        
Generating RTLIL representation for module `\sky130_fd_sc_hd__sdfrtp_2'.        
Generating RTLIL representation for module `\sky130_fd_sc_hd__sdfrtp_4'.        
Generating RTLIL representation for module `\sky130_fd_sc_hd__sdfsbp_1'.        
Generating RTLIL representation for module `\sky130_fd_sc_hd__sdfsbp_2'.        
Generating RTLIL representation for module `\sky130_fd_sc_hd__sdfstp_1'.        
Generating RTLIL representation for module `\sky130_fd_sc_hd__sdfstp_2'.        
Generating RTLIL representation for module `\sky130_fd_sc_hd__sdfstp_4'.        
Generating RTLIL representation for module `\sky130_fd_sc_hd__sdfxbp_1'.        
Generating RTLIL representation for module `\sky130_fd_sc_hd__sdfxbp_2'.        
Generating RTLIL representation for module `\sky130_fd_sc_hd__sdfxtp_1'.        
Generating RTLIL representation for module `\sky130_fd_sc_hd__sdfxtp_2'.        
Generating RTLIL representation for module `\sky130_fd_sc_hd__sdfxtp_4'.        
Generating RTLIL representation for module `\sky130_fd_sc_hd__sdlclkp_1'.       
Generating RTLIL representation for module `\sky130_fd_sc_hd__sdlclkp_2'.       
Generating RTLIL representation for module `\sky130_fd_sc_hd__sdlclkp_4'.       
Generating RTLIL representation for module `\sky130_fd_sc_hd__sedfxbp_1'.       
Generating RTLIL representation for module `\sky130_fd_sc_hd__sedfxbp_2'.       
Generating RTLIL representation for module `\sky130_fd_sc_hd__sedfxtp_1'.       
Generating RTLIL representation for module `\sky130_fd_sc_hd__sedfxtp_2'.       
Generating RTLIL representation for module `\sky130_fd_sc_hd__sedfxtp_4'.       
Generating RTLIL representation for module `\sky130_fd_sc_hd__tap_1'.           
Generating RTLIL representation for module `\sky130_fd_sc_hd__tap_2'.           
Generating RTLIL representation for module `\sky130_fd_sc_hd__tapvgnd2_1'.      
Generating RTLIL representation for module `\sky130_fd_sc_hd__tapvgnd_1'.       
Generating RTLIL representation for module `\sky130_fd_sc_hd__tapvpwrvgnd_1'.   
Generating RTLIL representation for module `\sky130_fd_sc_hd__xnor2_1'.         
Generating RTLIL representation for module `\sky130_fd_sc_hd__xnor2_2'.         
Generating RTLIL representation for module `\sky130_fd_sc_hd__xnor2_4'.         
Generating RTLIL representation for module `\sky130_fd_sc_hd__xnor3_1'.         
Generating RTLIL representation for module `\sky130_fd_sc_hd__xnor3_2'.         
Generating RTLIL representation for module `\sky130_fd_sc_hd__xnor3_4'.         
Generating RTLIL representation for module `\sky130_fd_sc_hd__xor2_1'.          
Generating RTLIL representation for module `\sky130_fd_sc_hd__xor2_2'.          
Generating RTLIL representation for module `\sky130_fd_sc_hd__xor2_4'.          
Generating RTLIL representation for module `\sky130_fd_sc_hd__xor3_1'.          
Generating RTLIL representation for module `\sky130_fd_sc_hd__xor3_2'.          
Generating RTLIL representation for module `\sky130_fd_sc_hd__xor3_4'.          
Successfully finished Verilog frontend.                                         
                                                                                
2. Executing Verilog-2005 frontend: inputs/netlist/smart_sensor_hub_mcu_synth.v 
Parsing SystemVerilog input from `inputs/netlist/smart_sensor_hub_mcu_synth.v'  
to AST representation.                                                          
Storing AST representation for module `$abstract\smart_sensor_hub_mcu'.         
Successfully finished Verilog frontend.                                         
                                                                                
3. Executing HIERARCHY pass (managing design hierarchy).                        
                                                                                
4. Executing AST frontend in derive mode using pre-parsed AST for module        
`\smart_sensor_hub_mcu'.                                                        
Generating RTLIL representation for module `\smart_sensor_hub_mcu'.             
                                                                                
4.1. Analyzing design hierarchy..                                               
Top module:  \smart_sensor_hub_mcu                                              
                                                                                
4.2. Analyzing design hierarchy..                                               
Top module:  \smart_sensor_hub_mcu                                              
Removing unused module `$abstract\smart_sensor_hub_mcu'.                        
Removed 1 unused modules.                                                       
Renaming module smart_sensor_hub_mcu to smart_sensor_hub_mcu.                   
                                                                                
5. Executing PROC pass (convert processes to netlists).                         
                                                                                
5.1. Executing PROC_CLEAN pass (remove empty switches from decision trees).     
Cleaned up 0 empty switches.                                                    
                                                                                
5.2. Executing PROC_RMDEAD pass (remove dead branches from decision trees).     
Removed a total of 0 dead cases.                                                
                                                                                
5.3. Executing PROC_PRUNE pass (remove redundant assignments in processes).     
Removed 0 redundant assignments.                                                
Promoted 0 assignments to connections.                                          
                                                                                
5.4. Executing PROC_INIT pass (extract init attributes).                        
                                                                                
5.5. Executing PROC_ARST pass (detect async resets in processes).               
                                                                                
5.6. Executing PROC_ROM pass (convert switches to ROMs).                        
Converted 0 switches.                                                           
                                                                                
5.7. Executing PROC_MUX pass (convert decision trees to multiplexers).          
                                                                                
5.8. Executing PROC_DLATCH pass (convert process syncs to latches).             
                                                                                
5.9. Executing PROC_DFF pass (convert process syncs to FFs).                    
                                                                                
5.10. Executing PROC_MEMWR pass (convert process memory writes to cells).       
                                                                                
5.11. Executing PROC_CLEAN pass (remove empty switches from decision trees).    
Cleaned up 0 empty switches.                                                    
                                                                                
5.12. Executing OPT_EXPR pass (perform const folding).                          
Optimizing module smart_sensor_hub_mcu.                                         
                                                                                
6. Executing FLATTEN pass (flatten design).                                     
                                                                                
7. Executing OPT_CLEAN pass (remove unused cells and wires).                    
Finding unused cells or wires in module \smart_sensor_hub_mcu..                 
────────────────────────────────── Synthesis ───────────────────────────────────
[23:59:08] VERBOSE  Running 'Yosys.Synthesis' at                    step.py:1122
                    'cts/runs/Digital_Arch2Tapeout_2abe0c5d-7ac4-43             
                    fe-8031-ae931b35b29f/02-yosys-synthesis'…                   
[23:59:08] VERBOSE  Logging subprocess to                           step.py:1318
                    'cts/runs/Digital_Arch2Tapeout_2abe0c5d-7ac4-43             
                    fe-8031-ae931b35b29f/02-yosys-synthesis/yosys-s             
                    ynthesis.log'…                                              
                                                                                
/----------------------------------------------------------------------------\  
|  yosys -- Yosys Open SYnthesis Suite                                       |  
|  Copyright (C) 2012 - 2024  Claire Xenia Wolf <claire@yosyshq.com>         |  
|  Distributed under an ISC-like license, type "license" to see terms        |  
\----------------------------------------------------------------------------/  
Yosys 0.46 (git sha1 e97731b9dda91fa5fa53ed87df7c34163ba59a41, clang++ 17.0.6   
-fPIC -O3)                                                                      
Loaded SDC plugin                                                               
                                                                                
1. Executing Liberty frontend:                                                  
/pdk/volare/sky130/versions/0fe599b2afb6708d281543108caf8310912f54af/sky130A/lib
s.ref/sky130_fd_sc_hd/lib/sky130_fd_sc_hd__tt_025C_1v80.lib                     
Imported 428 cell types from liberty file.                                      
[INFO] Using SDC file                                                           
'/work/cts/runs/Digital_Arch2Tapeout_2abe0c5d-7ac4-43fe-8031-ae931b35b29f/02-yos
ys-synthesis/synthesis.abc.sdc' for ABC…                                        
                                                                                
2. Executing Verilog-2005 frontend: inputs/netlist/smart_sensor_hub_mcu_synth.v 
Parsing SystemVerilog input from `inputs/netlist/smart_sensor_hub_mcu_synth.v'  
to AST representation.                                                          
Storing AST representation for module `$abstract\smart_sensor_hub_mcu'.         
Successfully finished Verilog frontend.                                         
                                                                                
3. Executing HIERARCHY pass (managing design hierarchy).                        
                                                                                
4. Executing AST frontend in derive mode using pre-parsed AST for module        
`\smart_sensor_hub_mcu'.                                                        
Generating RTLIL representation for module `\smart_sensor_hub_mcu'.             
                                                                                
4.1. Analyzing design hierarchy..                                               
Top module:  \smart_sensor_hub_mcu                                              
                                                                                
4.2. Analyzing design hierarchy..                                               
Top module:  \smart_sensor_hub_mcu                                              
Removing unused module `$abstract\smart_sensor_hub_mcu'.                        
Removed 1 unused modules.                                                       
Renaming module smart_sensor_hub_mcu to smart_sensor_hub_mcu.                   
                                                                                
5. Generating Graphviz representation of design.                                
Writing dot description to                                                      
`/work/cts/runs/Digital_Arch2Tapeout_2abe0c5d-7ac4-43fe-8031-ae931b35b29f/02-yos
ys-synthesis/hierarchy.dot'.                                                    
Dumping module smart_sensor_hub_mcu to page 1.                                  
                                                                                
6. Executing TRIBUF pass.                                                       
                                                                                
7. Executing HIERARCHY pass (managing design hierarchy).                        
                                                                                
7.1. Analyzing design hierarchy..                                               
Top module:  \smart_sensor_hub_mcu                                              
                                                                                
7.2. Analyzing design hierarchy..                                               
Top module:  \smart_sensor_hub_mcu                                              
Removed 0 unused modules.                                                       
                                                                                
8. Executing PROC_CLEAN pass (remove empty switches from decision trees).       
Cleaned up 0 empty switches.                                                    
                                                                                
9. Executing PROC_RMDEAD pass (remove dead branches from decision trees).       
Removed a total of 0 dead cases.                                                
                                                                                
10. Executing PROC_PRUNE pass (remove redundant assignments in processes).      
Removed 0 redundant assignments.                                                
Promoted 0 assignments to connections.                                          
                                                                                
11. Executing PROC_INIT pass (extract init attributes).                         
                                                                                
12. Executing PROC_ARST pass (detect async resets in processes).                
                                                                                
13. Executing PROC_ROM pass (convert switches to ROMs).                         
Converted 0 switches.                                                           
                                                                                
14. Executing PROC_MUX pass (convert decision trees to multiplexers).           
                                                                                
15. Executing PROC_DLATCH pass (convert process syncs to latches).              
                                                                                
16. Executing PROC_DFF pass (convert process syncs to FFs).                     
                                                                                
17. Executing PROC_MEMWR pass (convert process memory writes to cells).         
                                                                                
18. Executing PROC_CLEAN pass (remove empty switches from decision trees).      
Cleaned up 0 empty switches.                                                    
                                                                                
19. Executing CHECK pass (checking for obvious problems).                       
Checking module smart_sensor_hub_mcu...                                         
Found and reported 0 problems.                                                  
                                                                                
20. Executing OPT_EXPR pass (perform const folding).                            
Optimizing module smart_sensor_hub_mcu.                                         
                                                                                
21. Executing FLATTEN pass (flatten design).                                    
                                                                                
22. Executing OPT_EXPR pass (perform const folding).                            
Optimizing module smart_sensor_hub_mcu.                                         
                                                                                
23. Executing OPT_CLEAN pass (remove unused cells and wires).                   
Finding unused cells or wires in module \smart_sensor_hub_mcu..                 
                                                                                
24. Executing OPT_EXPR pass (perform const folding).                            
Optimizing module smart_sensor_hub_mcu.                                         
                                                                                
25. Executing OPT_MERGE pass (detect identical cells).                          
Finding identical cells in module `\smart_sensor_hub_mcu'.                      
Removed a total of 0 cells.                                                     
                                                                                
26. Executing OPT_MUXTREE pass (detect dead branches in mux trees).             
Running muxtree optimizer on module \smart_sensor_hub_mcu..                     
Creating internal representation of mux trees.                                  
No muxes found in this module.                                                  
Removed 0 multiplexer ports.                                                    
                                                                                
27. Executing OPT_REDUCE pass (consolidate $*mux and $reduce_* inputs).         
Optimizing cells in module \smart_sensor_hub_mcu.                               
Performed a total of 0 changes.                                                 
                                                                                
28. Executing OPT_MERGE pass (detect identical cells).                          
Finding identical cells in module `\smart_sensor_hub_mcu'.                      
Removed a total of 0 cells.                                                     
                                                                                
29. Executing OPT_DFF pass (perform DFF optimizations).                         
                                                                                
30. Executing OPT_CLEAN pass (remove unused cells and wires).                   
Finding unused cells or wires in module \smart_sensor_hub_mcu..                 
                                                                                
31. Executing OPT_EXPR pass (perform const folding).                            
Optimizing module smart_sensor_hub_mcu.                                         
                                                                                
32. Executing FSM pass (extract and optimize FSM).                              
                                                                                
32.1. Executing FSM_DETECT pass (finding FSMs in design).                       
                                                                                
32.2. Executing FSM_EXTRACT pass (extracting FSM from design).                  
                                                                                
32.3. Executing FSM_OPT pass (simple optimizations of FSMs).                    
                                                                                
32.4. Executing OPT_CLEAN pass (remove unused cells and wires).                 
Finding unused cells or wires in module \smart_sensor_hub_mcu..                 
                                                                                
32.5. Executing FSM_OPT pass (simple optimizations of FSMs).                    
                                                                                
32.6. Executing FSM_RECODE pass (re-assigning FSM state encoding).              
                                                                                
32.7. Executing FSM_INFO pass (dumping all available information on FSM cells). 
                                                                                
32.8. Executing FSM_MAP pass (mapping FSMs to basic logic).                     
                                                                                
33. Executing OPT_EXPR pass (perform const folding).                            
Optimizing module smart_sensor_hub_mcu.                                         
                                                                                
34. Executing OPT_MERGE pass (detect identical cells).                          
Finding identical cells in module `\smart_sensor_hub_mcu'.                      
Removed a total of 0 cells.                                                     
                                                                                
35. Executing OPT_MUXTREE pass (detect dead branches in mux trees).             
Running muxtree optimizer on module \smart_sensor_hub_mcu..                     
Creating internal representation of mux trees.                                  
No muxes found in this module.                                                  
Removed 0 multiplexer ports.                                                    
                                                                                
36. Executing OPT_REDUCE pass (consolidate $*mux and $reduce_* inputs).         
Optimizing cells in module \smart_sensor_hub_mcu.                               
Performed a total of 0 changes.                                                 
                                                                                
37. Executing OPT_MERGE pass (detect identical cells).                          
Finding identical cells in module `\smart_sensor_hub_mcu'.                      
Removed a total of 0 cells.                                                     
                                                                                
38. Executing OPT_DFF pass (perform DFF optimizations).                         
                                                                                
39. Executing OPT_CLEAN pass (remove unused cells and wires).                   
Finding unused cells or wires in module \smart_sensor_hub_mcu..                 
                                                                                
40. Executing OPT_EXPR pass (perform const folding).                            
Optimizing module smart_sensor_hub_mcu.                                         
                                                                                
41. Executing WREDUCE pass (reducing word size of cells).                       
                                                                                
42. Executing PEEPOPT pass (run peephole optimizers).                           
                                                                                
43. Executing OPT_CLEAN pass (remove unused cells and wires).                   
Finding unused cells or wires in module \smart_sensor_hub_mcu..                 
                                                                                
44. Executing ALUMACC pass (create $alu and $macc cells).                       
Extracting $alu and $macc cells in module smart_sensor_hub_mcu:                 
created 0 $alu and 0 $macc cells.                                               
                                                                                
45. Executing SHARE pass (SAT-based resource sharing).                          
                                                                                
46. Executing OPT_EXPR pass (perform const folding).                            
Optimizing module smart_sensor_hub_mcu.                                         
                                                                                
47. Executing OPT_MERGE pass (detect identical cells).                          
Finding identical cells in module `\smart_sensor_hub_mcu'.                      
Removed a total of 0 cells.                                                     
                                                                                
48. Executing OPT_MUXTREE pass (detect dead branches in mux trees).             
Running muxtree optimizer on module \smart_sensor_hub_mcu..                     
Creating internal representation of mux trees.                                  
No muxes found in this module.                                                  
Removed 0 multiplexer ports.                                                    
                                                                                
49. Executing OPT_REDUCE pass (consolidate $*mux and $reduce_* inputs).         
Optimizing cells in module \smart_sensor_hub_mcu.                               
Performed a total of 0 changes.                                                 
                                                                                
50. Executing OPT_MERGE pass (detect identical cells).                          
Finding identical cells in module `\smart_sensor_hub_mcu'.                      
Removed a total of 0 cells.                                                     
                                                                                
51. Executing OPT_DFF pass (perform DFF optimizations).                         
                                                                                
52. Executing OPT_CLEAN pass (remove unused cells and wires).                   
Finding unused cells or wires in module \smart_sensor_hub_mcu..                 
                                                                                
53. Executing OPT_EXPR pass (perform const folding).                            
Optimizing module smart_sensor_hub_mcu.                                         
                                                                                
54. Executing MEMORY pass.                                                      
                                                                                
54.1. Executing OPT_MEM pass (optimize memories).                               
Performed a total of 0 transformations.                                         
                                                                                
54.2. Executing OPT_MEM_PRIORITY pass (removing unnecessary memory write        
priority relations).                                                            
Performed a total of 0 transformations.                                         
                                                                                
54.3. Executing OPT_MEM_FEEDBACK pass (finding memory read-to-write feedback    
paths).                                                                         
                                                                                
54.4. Executing MEMORY_BMUX2ROM pass (converting muxes to ROMs).                
                                                                                
54.5. Executing MEMORY_DFF pass (merging $dff cells to $memrd).                 
                                                                                
54.6. Executing OPT_CLEAN pass (remove unused cells and wires).                 
Finding unused cells or wires in module \smart_sensor_hub_mcu..                 
                                                                                
54.7. Executing MEMORY_SHARE pass (consolidating $memrd/$memwr cells).          
                                                                                
54.8. Executing OPT_MEM_WIDEN pass (optimize memories where all ports are wide).
Performed a total of 0 transformations.                                         
                                                                                
54.9. Executing OPT_CLEAN pass (remove unused cells and wires).                 
Finding unused cells or wires in module \smart_sensor_hub_mcu..                 
                                                                                
54.10. Executing MEMORY_COLLECT pass (generating $mem cells).                   
                                                                                
55. Executing OPT_CLEAN pass (remove unused cells and wires).                   
Finding unused cells or wires in module \smart_sensor_hub_mcu..                 
                                                                                
56. Executing OPT_EXPR pass (perform const folding).                            
Optimizing module smart_sensor_hub_mcu.                                         
                                                                                
57. Executing OPT_MERGE pass (detect identical cells).                          
Finding identical cells in module `\smart_sensor_hub_mcu'.                      
Removed a total of 0 cells.                                                     
                                                                                
58. Executing OPT_DFF pass (perform DFF optimizations).                         
                                                                                
59. Executing OPT_CLEAN pass (remove unused cells and wires).                   
Finding unused cells or wires in module \smart_sensor_hub_mcu..                 
                                                                                
60. Executing MEMORY_MAP pass (converting memories to logic and flip-flops).    
                                                                                
61. Executing OPT_EXPR pass (perform const folding).                            
Optimizing module smart_sensor_hub_mcu.                                         
                                                                                
62. Executing OPT_MERGE pass (detect identical cells).                          
Finding identical cells in module `\smart_sensor_hub_mcu'.                      
Removed a total of 0 cells.                                                     
                                                                                
63. Executing OPT_MUXTREE pass (detect dead branches in mux trees).             
Running muxtree optimizer on module \smart_sensor_hub_mcu..                     
Creating internal representation of mux trees.                                  
No muxes found in this module.                                                  
Removed 0 multiplexer ports.                                                    
                                                                                
64. Executing OPT_REDUCE pass (consolidate $*mux and $reduce_* inputs).         
Optimizing cells in module \smart_sensor_hub_mcu.                               
Performed a total of 0 changes.                                                 
                                                                                
65. Executing OPT_MERGE pass (detect identical cells).                          
Finding identical cells in module `\smart_sensor_hub_mcu'.                      
Removed a total of 0 cells.                                                     
                                                                                
66. Executing OPT_SHARE pass.                                                   
                                                                                
67. Executing OPT_DFF pass (perform DFF optimizations).                         
                                                                                
68. Executing OPT_CLEAN pass (remove unused cells and wires).                   
Finding unused cells or wires in module \smart_sensor_hub_mcu..                 
                                                                                
69. Executing OPT_EXPR pass (perform const folding).                            
Optimizing module smart_sensor_hub_mcu.                                         
                                                                                
70. Executing TECHMAP pass (map to technology primitives).                      
                                                                                
70.1. Executing Verilog-2005 frontend:                                          
/nix/store/9r0bh7sp051dpm8km8bqlb028anpd3v3-yosys/bin/../share/yosys/techmap.v  
Parsing Verilog input from                                                      
`/nix/store/9r0bh7sp051dpm8km8bqlb028anpd3v3-yosys/bin/../share/yosys/techmap.v'
to AST representation.                                                          
Generating RTLIL representation for module `\_90_simplemap_bool_ops'.           
Generating RTLIL representation for module `\_90_simplemap_reduce_ops'.         
Generating RTLIL representation for module `\_90_simplemap_logic_ops'.          
Generating RTLIL representation for module `\_90_simplemap_compare_ops'.        
Generating RTLIL representation for module `\_90_simplemap_various'.            
Generating RTLIL representation for module `\_90_simplemap_registers'.          
Generating RTLIL representation for module `\_90_shift_ops_shr_shl_sshl_sshr'.  
Generating RTLIL representation for module `\_90_shift_shiftx'.                 
Generating RTLIL representation for module `\_90_fa'.                           
Generating RTLIL representation for module `\_90_lcu_brent_kung'.               
Generating RTLIL representation for module `\_90_alu'.                          
Generating RTLIL representation for module `\_90_macc'.                         
Generating RTLIL representation for module `\_90_alumacc'.                      
Generating RTLIL representation for module `\$__div_mod_u'.                     
Generating RTLIL representation for module `\$__div_mod_trunc'.                 
Generating RTLIL representation for module `\_90_div'.                          
Generating RTLIL representation for module `\_90_mod'.                          
Generating RTLIL representation for module `\$__div_mod_floor'.                 
Generating RTLIL representation for module `\_90_divfloor'.                     
Generating RTLIL representation for module `\_90_modfloor'.                     
Generating RTLIL representation for module `\_90_pow'.                          
Generating RTLIL representation for module `\_90_pmux'.                         
Generating RTLIL representation for module `\_90_demux'.                        
Generating RTLIL representation for module `\_90_lut'.                          
Successfully finished Verilog frontend.                                         
                                                                                
70.2. Continuing TECHMAP pass.                                                  
No more expansions possible.                                                    
<suppressed ~73 debug messages>                                                 
                                                                                
71. Executing OPT_EXPR pass (perform const folding).                            
Optimizing module smart_sensor_hub_mcu.                                         
                                                                                
72. Executing OPT_MERGE pass (detect identical cells).                          
Finding identical cells in module `\smart_sensor_hub_mcu'.                      
Removed a total of 0 cells.                                                     
                                                                                
73. Executing OPT_DFF pass (perform DFF optimizations).                         
                                                                                
74. Executing OPT_CLEAN pass (remove unused cells and wires).                   
Finding unused cells or wires in module \smart_sensor_hub_mcu..                 
                                                                                
75. Executing OPT_EXPR pass (perform const folding).                            
Optimizing module smart_sensor_hub_mcu.                                         
                                                                                
76. Executing OPT_MERGE pass (detect identical cells).                          
Finding identical cells in module `\smart_sensor_hub_mcu'.                      
Removed a total of 0 cells.                                                     
                                                                                
77. Executing OPT_DFF pass (perform DFF optimizations).                         
                                                                                
78. Executing OPT_CLEAN pass (remove unused cells and wires).                   
Finding unused cells or wires in module \smart_sensor_hub_mcu..                 
                                                                                
79. Executing ABC pass (technology mapping using ABC).                          
                                                                                
79.1. Extracting gate netlist of module `\smart_sensor_hub_mcu' to              
`<abc-temp-dir>/input.blif'..                                                   
Extracted 0 gates and 0 wires to a netlist network with 0 inputs and 0 outputs. 
Don't call ABC as there is nothing to map.                                      
Removing temp directory.                                                        
                                                                                
80. Executing OPT pass (performing simple optimizations).                       
                                                                                
80.1. Executing OPT_EXPR pass (perform const folding).                          
Optimizing module smart_sensor_hub_mcu.                                         
                                                                                
80.2. Executing OPT_MERGE pass (detect identical cells).                        
Finding identical cells in module `\smart_sensor_hub_mcu'.                      
Removed a total of 0 cells.                                                     
                                                                                
80.3. Executing OPT_DFF pass (perform DFF optimizations).                       
                                                                                
80.4. Executing OPT_CLEAN pass (remove unused cells and wires).                 
Finding unused cells or wires in module \smart_sensor_hub_mcu..                 
                                                                                
80.5. Finished fast OPT passes.                                                 
                                                                                
81. Executing HIERARCHY pass (managing design hierarchy).                       
                                                                                
81.1. Analyzing design hierarchy..                                              
Top module:  \smart_sensor_hub_mcu                                              
                                                                                
81.2. Analyzing design hierarchy..                                              
Top module:  \smart_sensor_hub_mcu                                              
Removed 0 unused modules.                                                       
                                                                                
82. Executing CHECK pass (checking for obvious problems).                       
Checking module smart_sensor_hub_mcu...                                         
Found and reported 0 problems.                                                  
                                                                                
83. Printing statistics.                                                        
                                                                                
=== smart_sensor_hub_mcu ===                                                    
                                                                                
Number of wires:                 18                                             
Number of wire bits:            190                                             
Number of public wires:          18                                             
Number of public wire bits:     190                                             
Number of ports:                 18                                             
Number of port bits:            190                                             
Number of memories:               0                                             
Number of memory bits:            0                                             
Number of processes:              0                                             
Number of cells:                 81                                             
sky130_fd_sc_hd__conb_1        81                                               
                                                                                
84. Generating Graphviz representation of design.                               
Writing dot description to                                                      
`/work/cts/runs/Digital_Arch2Tapeout_2abe0c5d-7ac4-43fe-8031-ae931b35b29f/02-yos
ys-synthesis/primitive_techmap.dot'.                                            
Dumping module smart_sensor_hub_mcu to page 1.                                  
                                                                                
85. Executing OPT pass (performing simple optimizations).                       
                                                                                
85.1. Executing OPT_EXPR pass (perform const folding).                          
Optimizing module smart_sensor_hub_mcu.                                         
                                                                                
85.2. Executing OPT_MERGE pass (detect identical cells).                        
Finding identical cells in module `\smart_sensor_hub_mcu'.                      
Removed a total of 0 cells.                                                     
                                                                                
85.3. Executing OPT_MUXTREE pass (detect dead branches in mux trees).           
Running muxtree optimizer on module \smart_sensor_hub_mcu..                     
Creating internal representation of mux trees.                                  
No muxes found in this module.                                                  
Removed 0 multiplexer ports.                                                    
                                                                                
85.4. Executing OPT_REDUCE pass (consolidate $*mux and $reduce_* inputs).       
Optimizing cells in module \smart_sensor_hub_mcu.                               
Performed a total of 0 changes.                                                 
                                                                                
85.5. Executing OPT_MERGE pass (detect identical cells).                        
Finding identical cells in module `\smart_sensor_hub_mcu'.                      
Removed a total of 0 cells.                                                     
                                                                                
85.6. Executing OPT_DFF pass (perform DFF optimizations).                       
                                                                                
85.7. Executing OPT_CLEAN pass (remove unused cells and wires).                 
Finding unused cells or wires in module \smart_sensor_hub_mcu..                 
                                                                                
85.8. Executing OPT_EXPR pass (perform const folding).                          
Optimizing module smart_sensor_hub_mcu.                                         
                                                                                
85.9. Finished OPT passes. (There is nothing left to do.)                       
                                                                                
86. Executing OPT_CLEAN pass (remove unused cells and wires).                   
Finding unused cells or wires in module \smart_sensor_hub_mcu..                 
{                                                                               
"creator": "Yosys 0.46 (git sha1 e97731b9dda91fa5fa53ed87df7c34163ba59a41,      
clang++ 17.0.6 -fPIC -O3)",                                                     
"invocation": "stat -json -liberty                                              
/work/cts/runs/Digital_Arch2Tapeout_2abe0c5d-7ac4-43fe-8031-ae931b35b29f/tmp/382
a8bd319fc44f593bb28c5742b243f.lib ",                                            
"modules": {                                                                    
"\\smart_sensor_hub_mcu": {                                                     
"num_wires":         18,                                                        
"num_wire_bits":     190,                                                       
"num_pub_wires":     18,                                                        
"num_pub_wire_bits": 190,                                                       
"num_ports":         18,                                                        
"num_port_bits":     190,                                                       
"num_memories":      0,                                                         
"num_memory_bits":   0,                                                         
"num_processes":     0,                                                         
"num_cells":         81,                                                        
"area":              304.041600,                                                
"num_cells_by_type": {                                                          
"sky130_fd_sc_hd__conb_1": 81                                                   
}                                                                               
}                                                                               
},                                                                              
"design": {                                                                     
"num_wires":         18,                                                        
"num_wire_bits":     190,                                                       
"num_pub_wires":     18,                                                        
"num_pub_wire_bits": 190,                                                       
"num_ports":         18,                                                        
"num_port_bits":     190,                                                       
"num_memories":      0,                                                         
"num_memory_bits":   0,                                                         
"num_processes":     0,                                                         
"num_cells":         81,                                                        
"area":              304.041600,                                                
"num_cells_by_type": {                                                          
"sky130_fd_sc_hd__conb_1": 81                                                   
}                                                                               
}                                                                               
}                                                                               
                                                                                
87. Printing statistics.                                                        
                                                                                
=== smart_sensor_hub_mcu ===                                                    
                                                                                
Number of wires:                 18                                             
Number of wire bits:            190                                             
Number of public wires:          18                                             
Number of public wire bits:     190                                             
Number of ports:                 18                                             
Number of port bits:            190                                             
Number of memories:               0                                             
Number of memory bits:            0                                             
Number of processes:              0                                             
Number of cells:                 81                                             
sky130_fd_sc_hd__conb_1        81                                               
                                                                                
Chip area for module '\smart_sensor_hub_mcu': 304.041600                        
of which used for sequential elements: 0.000000 (0.00%)                         
                                                                                
[INFO] Applying tri-state buffer mapping from                                   
'/pdk/volare/sky130/versions/0fe599b2afb6708d281543108caf8310912f54af/sky130A/li
bs.tech/openlane/sky130_fd_sc_hd/tribuff_map.v'…                                
                                                                                
88. Executing TECHMAP pass (map to technology primitives).                      
                                                                                
88.1. Executing Verilog-2005 frontend:                                          
/pdk/volare/sky130/versions/0fe599b2afb6708d281543108caf8310912f54af/sky130A/lib
s.tech/openlane/sky130_fd_sc_hd/tribuff_map.v                                   
Parsing Verilog input from                                                      
`/pdk/volare/sky130/versions/0fe599b2afb6708d281543108caf8310912f54af/sky130A/li
bs.tech/openlane/sky130_fd_sc_hd/tribuff_map.v' to AST representation.          
Generating RTLIL representation for module `\$_TBUF_'.                          
Successfully finished Verilog frontend.                                         
                                                                                
88.2. Continuing TECHMAP pass.                                                  
No more expansions possible.                                                    
<suppressed ~3 debug messages>                                                  
                                                                                
89. Executing SIMPLEMAP pass (map simple cells to gate primitives).             
[INFO] Applying latch mapping from                                              
'/pdk/volare/sky130/versions/0fe599b2afb6708d281543108caf8310912f54af/sky130A/li
bs.tech/openlane/sky130_fd_sc_hd/latch_map.v'…                                  
                                                                                
90. Executing TECHMAP pass (map to technology primitives).                      
                                                                                
90.1. Executing Verilog-2005 frontend:                                          
/pdk/volare/sky130/versions/0fe599b2afb6708d281543108caf8310912f54af/sky130A/lib
s.tech/openlane/sky130_fd_sc_hd/latch_map.v                                     
Parsing Verilog input from                                                      
`/pdk/volare/sky130/versions/0fe599b2afb6708d281543108caf8310912f54af/sky130A/li
bs.tech/openlane/sky130_fd_sc_hd/latch_map.v' to AST representation.            
Generating RTLIL representation for module `\$_DLATCH_P_'.                      
Generating RTLIL representation for module `\$_DLATCH_N_'.                      
Successfully finished Verilog frontend.                                         
                                                                                
90.2. Continuing TECHMAP pass.                                                  
No more expansions possible.                                                    
<suppressed ~4 debug messages>                                                  
                                                                                
91. Executing SIMPLEMAP pass (map simple cells to gate primitives).             
                                                                                
92. Executing DFFLIBMAP pass (mapping DFF cells to sequential cells from liberty
file).                                                                          
cell sky130_fd_sc_hd__dfxtp_2 (noninv, pins=3, area=21.27) is a direct match for
cell type $_DFF_P_.                                                             
cell sky130_fd_sc_hd__dfrtp_2 (noninv, pins=4, area=26.28) is a direct match for
cell type $_DFF_PN0_.                                                           
cell sky130_fd_sc_hd__dfstp_2 (noninv, pins=4, area=26.28) is a direct match for
cell type $_DFF_PN1_.                                                           
cell sky130_fd_sc_hd__dfbbn_2 (noninv, pins=6, area=35.03) is a direct match for
cell type $_DFFSR_NNN_.                                                         
final dff cell mappings:                                                        
unmapped dff cell: $_DFF_N_                                                     
\sky130_fd_sc_hd__dfxtp_2 _DFF_P_ (.CLK( C), .D( D), .Q( Q));                   
unmapped dff cell: $_DFF_NN0_                                                   
unmapped dff cell: $_DFF_NN1_                                                   
unmapped dff cell: $_DFF_NP0_                                                   
unmapped dff cell: $_DFF_NP1_                                                   
\sky130_fd_sc_hd__dfrtp_2 _DFF_PN0_ (.CLK( C), .D( D), .Q( Q), .RESET_B( R));   
\sky130_fd_sc_hd__dfstp_2 _DFF_PN1_ (.CLK( C), .D( D), .Q( Q), .SET_B( R));     
unmapped dff cell: $_DFF_PP0_                                                   
unmapped dff cell: $_DFF_PP1_                                                   
\sky130_fd_sc_hd__dfbbn_2 _DFFSR_NNN_ (.CLK_N( C), .D( D), .Q( Q), .Q_N(~Q),    
.RESET_B( R), .SET_B( S));                                                      
unmapped dff cell: $_DFFSR_NNP_                                                 
unmapped dff cell: $_DFFSR_NPN_                                                 
unmapped dff cell: $_DFFSR_NPP_                                                 
unmapped dff cell: $_DFFSR_PNN_                                                 
unmapped dff cell: $_DFFSR_PNP_                                                 
unmapped dff cell: $_DFFSR_PPN_                                                 
unmapped dff cell: $_DFFSR_PPP_                                                 
                                                                                
92.1. Executing DFFLEGALIZE pass (convert FFs to types supported by the target).
Mapping DFF cells in module `\smart_sensor_hub_mcu':                            
{                                                                               
"creator": "Yosys 0.46 (git sha1 e97731b9dda91fa5fa53ed87df7c34163ba59a41,      
clang++ 17.0.6 -fPIC -O3)",                                                     
"invocation": "stat -json -liberty                                              
/work/cts/runs/Digital_Arch2Tapeout_2abe0c5d-7ac4-43fe-8031-ae931b35b29f/tmp/382
a8bd319fc44f593bb28c5742b243f.lib ",                                            
"modules": {                                                                    
"\\smart_sensor_hub_mcu": {                                                     
"num_wires":         18,                                                        
"num_wire_bits":     190,                                                       
"num_pub_wires":     18,                                                        
"num_pub_wire_bits": 190,                                                       
"num_ports":         18,                                                        
"num_port_bits":     190,                                                       
"num_memories":      0,                                                         
"num_memory_bits":   0,                                                         
"num_processes":     0,                                                         
"num_cells":         81,                                                        
"area":              304.041600,                                                
"num_cells_by_type": {                                                          
"sky130_fd_sc_hd__conb_1": 81                                                   
}                                                                               
}                                                                               
},                                                                              
"design": {                                                                     
"num_wires":         18,                                                        
"num_wire_bits":     190,                                                       
"num_pub_wires":     18,                                                        
"num_pub_wire_bits": 190,                                                       
"num_ports":         18,                                                        
"num_port_bits":     190,                                                       
"num_memories":      0,                                                         
"num_memory_bits":   0,                                                         
"num_processes":     0,                                                         
"num_cells":         81,                                                        
"area":              304.041600,                                                
"num_cells_by_type": {                                                          
"sky130_fd_sc_hd__conb_1": 81                                                   
}                                                                               
}                                                                               
}                                                                               
                                                                                
93. Printing statistics.                                                        
                                                                                
=== smart_sensor_hub_mcu ===                                                    
                                                                                
Number of wires:                 18                                             
Number of wire bits:            190                                             
Number of public wires:          18                                             
Number of public wire bits:     190                                             
Number of ports:                 18                                             
Number of port bits:            190                                             
Number of memories:               0                                             
Number of memory bits:            0                                             
Number of processes:              0                                             
Number of cells:                 81                                             
sky130_fd_sc_hd__conb_1        81                                               
                                                                                
Chip area for module '\smart_sensor_hub_mcu': 304.041600                        
of which used for sequential elements: 0.000000 (0.00%)                         
                                                                                
[INFO] Using generated ABC script                                               
'/work/cts/runs/Digital_Arch2Tapeout_2abe0c5d-7ac4-43fe-8031-ae931b35b29f/02-yos
ys-synthesis/AREA_0.abc'…                                                       
                                                                                
94. Executing ABC pass (technology mapping using ABC).                          
                                                                                
94.1. Extracting gate netlist of module `\smart_sensor_hub_mcu' to              
`/tmp/yosys-abc-AnIdG6/input.blif'..                                            
Extracted 0 gates and 0 wires to a netlist network with 0 inputs and 0 outputs. 
Don't call ABC as there is nothing to map.                                      
Removing temp directory.                                                        
                                                                                
95. Executing SETUNDEF pass (replace undef values with defined constants).      
                                                                                
96. Executing HILOMAP pass (mapping to constant drivers).                       
                                                                                
97. Executing SPLITNETS pass (splitting up multi-bit signals).                  
                                                                                
98. Executing OPT_CLEAN pass (remove unused cells and wires).                   
Finding unused cells or wires in module \smart_sensor_hub_mcu..                 
                                                                                
99. Executing INSBUF pass (insert buffer cells for connected wires).            
                                                                                
100. Executing CHECK pass (checking for obvious problems).                      
Checking module smart_sensor_hub_mcu...                                         
Found and reported 0 problems.                                                  
{                                                                               
"creator": "Yosys 0.46 (git sha1 e97731b9dda91fa5fa53ed87df7c34163ba59a41,      
clang++ 17.0.6 -fPIC -O3)",                                                     
"invocation": "stat -json -liberty                                              
/work/cts/runs/Digital_Arch2Tapeout_2abe0c5d-7ac4-43fe-8031-ae931b35b29f/tmp/382
a8bd319fc44f593bb28c5742b243f.lib ",                                            
"modules": {                                                                    
"\\smart_sensor_hub_mcu": {                                                     
"num_wires":         18,                                                        
"num_wire_bits":     190,                                                       
"num_pub_wires":     18,                                                        
"num_pub_wire_bits": 190,                                                       
"num_ports":         18,                                                        
"num_port_bits":     190,                                                       
"num_memories":      0,                                                         
"num_memory_bits":   0,                                                         
"num_processes":     0,                                                         
"num_cells":         81,                                                        
"area":              304.041600,                                                
"num_cells_by_type": {                                                          
"sky130_fd_sc_hd__conb_1": 81                                                   
}                                                                               
}                                                                               
},                                                                              
"design": {                                                                     
"num_wires":         18,                                                        
"num_wire_bits":     190,                                                       
"num_pub_wires":     18,                                                        
"num_pub_wire_bits": 190,                                                       
"num_ports":         18,                                                        
"num_port_bits":     190,                                                       
"num_memories":      0,                                                         
"num_memory_bits":   0,                                                         
"num_processes":     0,                                                         
"num_cells":         81,                                                        
"area":              304.041600,                                                
"num_cells_by_type": {                                                          
"sky130_fd_sc_hd__conb_1": 81                                                   
}                                                                               
}                                                                               
}                                                                               
                                                                                
101. Printing statistics.                                                       
                                                                                
=== smart_sensor_hub_mcu ===                                                    
                                                                                
Number of wires:                 18                                             
Number of wire bits:            190                                             
Number of public wires:          18                                             
Number of public wire bits:     190                                             
Number of ports:                 18                                             
Number of port bits:            190                                             
Number of memories:               0                                             
Number of memory bits:            0                                             
Number of processes:              0                                             
Number of cells:                 81                                             
sky130_fd_sc_hd__conb_1        81                                               
                                                                                
Chip area for module '\smart_sensor_hub_mcu': 304.041600                        
of which used for sequential elements: 0.000000 (0.00%)                         
                                                                                
102. Executing Verilog backend.                                                 
Dumping module `\smart_sensor_hub_mcu'.                                         
                                                                                
103. Executing JSON backend.                                                    
[23:59:09] VERBOSE  Parsing synthesis checks…                       pyosys.py:54
──────────────────────────── Unmapped Cells Checker ────────────────────────────
[23:59:09] VERBOSE  Running 'Checker.YosysUnmappedCells' at         step.py:1122
                    'cts/runs/Digital_Arch2Tapeout_2abe0c5d-7ac4-43             
                    fe-8031-ae931b35b29f/03-checker-yosysunmappedce             
                    lls'…                                                       
[23:59:09] INFO     Check for Unmapped Yosys instances clear.     checker.py:132
────────────────────────────── Yosys Synth Checks ──────────────────────────────
[23:59:09] VERBOSE  Running 'Checker.YosysSynthChecks' at           step.py:1122
                    'cts/runs/Digital_Arch2Tapeout_2abe0c5d-7ac4-43             
                    fe-8031-ae931b35b29f/04-checker-yosyssynthcheck             
                    s'…                                                         
[23:59:09] INFO     Check for Yosys check errors clear.           checker.py:132
─────────────────────── Netlist Assign Statement Checker ───────────────────────
[23:59:09] VERBOSE  Running 'Checker.NetlistAssignStatements' at    step.py:1122
                    'cts/runs/Digital_Arch2Tapeout_2abe0c5d-7ac4-43             
                    fe-8031-ae931b35b29f/05-checker-netlistassignst             
                    atements'…                                                  
─────────────────────────────── Check SDC Files ────────────────────────────────
[23:59:09] VERBOSE  Running 'OpenROAD.CheckSDCFiles' at             step.py:1122
                    'cts/runs/Digital_Arch2Tapeout_2abe0c5d-7ac4-43             
                    fe-8031-ae931b35b29f/06-openroad-checksdcfiles'             
                    …                                                           
[23:59:09] WARNING  'SIGNOFF_SDC_FILE' is not defined. Using     openroad.py:170
                    generic fallback SDC for OpenROAD PnR steps.                
──────────────────────────── Check Macro Instances ─────────────────────────────
[23:59:09] VERBOSE  Running 'OpenROAD.CheckMacroInstances' at       step.py:1122
                    'cts/runs/Digital_Arch2Tapeout_2abe0c5d-7ac4-43             
                    fe-8031-ae931b35b29f/07-openroad-checkmacroinst             
                    ances'…                                                     
[23:59:09] INFO     No macros found, skipping instance check…    openroad.py:511
─────────────────────── Static Timing Analysis (Pre-PnR) ───────────────────────
[23:59:09] VERBOSE  Running 'OpenROAD.STAPrePNR' at                 step.py:1122
                    'cts/runs/Digital_Arch2Tapeout_2abe0c5d-7ac4-43             
                    fe-8031-ae931b35b29f/08-openroad-staprepnr'…                
[23:59:09] INFO     Starting STA for the nom_tt_025C_1v80 timing openroad.py:566
                    corner…                                                     
[23:59:09] INFO     Starting STA for the nom_ss_100C_1v60 timing openroad.py:566
                    corner…                                                     
[23:59:09] INFO     Skipping corner min_tt_025C_1v80 for STA     openroad.py:604
                    (identical to nom_tt_025C_1v80 at this                      
                    stage)…                                                     
[23:59:09] INFO     Skipping corner min_ss_100C_1v60 for STA     openroad.py:604
                    (identical to nom_ss_100C_1v60 at this                      
                    stage)…                                                     
[23:59:09] INFO     Skipping corner min_ff_n40C_1v95 for STA     openroad.py:604
                    (identical to nom_ff_n40C_1v95 at this                      
                    stage)…                                                     
[23:59:09] INFO     Skipping corner max_tt_025C_1v80 for STA     openroad.py:604
                    (identical to nom_tt_025C_1v80 at this                      
                    stage)…                                                     
[23:59:09] INFO     Skipping corner max_ss_100C_1v60 for STA     openroad.py:604
                    (identical to nom_ss_100C_1v60 at this                      
                    stage)…                                                     
[23:59:09] INFO     Skipping corner max_ff_n40C_1v95 for STA     openroad.py:604
                    (identical to nom_ff_n40C_1v95 at this                      
                    stage)…                                                     
[23:59:09] VERBOSE  Logging subprocess to                           step.py:1318
                    'cts/runs/Digital_Arch2Tapeout_2abe0c5d-7ac4-43             
                    fe-8031-ae931b35b29f/08-openroad-staprepnr/nom_             
                    ss_100C_1v60/sta.log'…                                      
[23:59:09] VERBOSE  Logging subprocess to                           step.py:1318
                    'cts/runs/Digital_Arch2Tapeout_2abe0c5d-7ac4-43             
                    fe-8031-ae931b35b29f/08-openroad-staprepnr/nom_             
                    tt_025C_1v80/sta.log'…                                      
[23:59:10] INFO     Finished STA for the nom_tt_025C_1v80 timing openroad.py:581
                    corner.                                                     
[23:59:10] INFO     Starting STA for the nom_ff_n40C_1v95 timing openroad.py:566
                    corner…                                                     
[23:59:10] INFO     Finished STA for the nom_ss_100C_1v60 timing openroad.py:581
                    corner.                                                     
[23:59:10] VERBOSE  Logging subprocess to                           step.py:1318
                    'cts/runs/Digital_Arch2Tapeout_2abe0c5d-7ac4-43             
                    fe-8031-ae931b35b29f/08-openroad-staprepnr/nom_             
                    ff_n40C_1v95/sta.log'…                                      
[23:59:11] INFO     Finished STA for the nom_ff_n40C_1v95 timing openroad.py:581
                    corner.                                                     
┏━━━━━━━━━━━━━━━━━━━━━━┳━━━━┳━━━━┳━━━━┳━━━━┳━━━━┳━━━┳━━━━┳━━━┳━━━━┳━━━┳━━━━┳━━━┓
┃                      ┃    ┃    ┃    ┃    ┃ of ┃   ┃    ┃   ┃    ┃ … ┃    ┃   ┃
┃                      ┃    ┃ R… ┃    ┃    ┃ w… ┃   ┃ R… ┃   ┃    ┃ … ┃    ┃   ┃
┃                      ┃ H… ┃ to ┃    ┃ H… ┃ r… ┃ … ┃ to ┃   ┃ S… ┃ … ┃ M… ┃ … ┃
┃                      ┃ W… ┃ R… ┃ H… ┃ V… ┃ to ┃ … ┃ R… ┃ … ┃ V… ┃ … ┃ C… ┃ … ┃
┃ Corner/Group         ┃ S… ┃ P… ┃ T… ┃ C… ┃ r… ┃ … ┃ P… ┃ … ┃ C… ┃ … ┃ V… ┃ … ┃
┡━━━━━━━━━━━━━━━━━━━━━━╇━━━━╇━━━━╇━━━━╇━━━━╇━━━━╇━━━╇━━━━╇━━━╇━━━━╇━━━╇━━━━╇━━━┩
│ Overall              │ 1… │ N… │ 0… │ 0  │ 0  │ … │ N… │ … │ 0  │ 0 │ 0  │ 0 │
│ nom_tt_025C_1v80     │ 1… │ N… │ 0… │ 0  │ 0  │ … │ N… │ … │ 0  │ 0 │ 0  │ 0 │
│ nom_ss_100C_1v60     │ 1… │ N… │ 0… │ 0  │ 0  │ … │ N… │ … │ 0  │ 0 │ 0  │ 0 │
│ nom_ff_n40C_1v95     │ 1… │ N… │ 0… │ 0  │ 0  │ … │ N… │ … │ 0  │ 0 │ 0  │ 0 │
└──────────────────────┴────┴────┴────┴────┴────┴───┴────┴───┴────┴───┴────┴───┘
─────────────────────────── Floorplan Initialization ───────────────────────────
[23:59:11] VERBOSE  Running 'OpenROAD.Floorplan' at                 step.py:1122
                    'cts/runs/Digital_Arch2Tapeout_2abe0c5d-7ac4-43             
                    fe-8031-ae931b35b29f/09-openroad-floorplan'…                
[23:59:11] VERBOSE  Logging subprocess to                           step.py:1318
                    'cts/runs/Digital_Arch2Tapeout_2abe0c5d-7ac4-43             
                    fe-8031-ae931b35b29f/09-openroad-floorplan/open             
                    road-floorplan.log'…                                        
Reading library file at                                                         
'/pdk/volare/sky130/versions/0fe599b2afb6708d281543108caf8310912f54af/sky130A/li
bs.ref/sky130_fd_sc_hd/lib/sky130_fd_sc_hd__tt_025C_1v80.lib'…                  
Reading technology LEF file at                                                  
'/pdk/volare/sky130/versions/0fe599b2afb6708d281543108caf8310912f54af/sky130A/li
bs.ref/sky130_fd_sc_hd/techlef/sky130_fd_sc_hd__nom.tlef'…                      
[INFO ODB-0227] LEF file:                                                       
/pdk/volare/sky130/versions/0fe599b2afb6708d281543108caf8310912f54af/sky130A/lib
s.ref/sky130_fd_sc_hd/techlef/sky130_fd_sc_hd__nom.tlef, created 14 layers, 25  
vias                                                                            
Reading cell LEF file at                                                        
'/pdk/volare/sky130/versions/0fe599b2afb6708d281543108caf8310912f54af/sky130A/li
bs.ref/sky130_fd_sc_hd/lef/sky130_fd_sc_hd.lef'…                                
The NOWIREEXTENSIONATPIN statement will be ignored. See file                    
/pdk/volare/sky130/versions/0fe599b2afb6708d281543108caf8310912f54af/sky130A/lib
s.ref/sky130_fd_sc_hd/lef/sky130_fd_sc_hd.lef at line 2.                        
                                                                                
[INFO ODB-0227] LEF file:                                                       
/pdk/volare/sky130/versions/0fe599b2afb6708d281543108caf8310912f54af/sky130A/lib
s.ref/sky130_fd_sc_hd/lef/sky130_fd_sc_hd.lef, created 437 library cells        
Reading cell LEF file at                                                        
'/pdk/volare/sky130/versions/0fe599b2afb6708d281543108caf8310912f54af/sky130A/li
bs.ref/sky130_fd_sc_hd/lef/sky130_ef_sc_hd.lef'…                                
The NOWIREEXTENSIONATPIN statement will be ignored. See file                    
/pdk/volare/sky130/versions/0fe599b2afb6708d281543108caf8310912f54af/sky130A/lib
s.ref/sky130_fd_sc_hd/lef/sky130_ef_sc_hd.lef at line 2.                        
                                                                                
[INFO ODB-0227] LEF file:                                                       
/pdk/volare/sky130/versions/0fe599b2afb6708d281543108caf8310912f54af/sky130A/lib
s.ref/sky130_fd_sc_hd/lef/sky130_ef_sc_hd.lef, created 4 library cells          
Reading top-level netlist at                                                    
'/work/cts/runs/Digital_Arch2Tapeout_2abe0c5d-7ac4-43fe-8031-ae931b35b29f/02-yos
ys-synthesis/smart_sensor_hub_mcu.nl.v'…                                        
Linking design 'smart_sensor_hub_mcu' from netlist…                             
Reading design constraints file at                                              
'inputs/constraints/smart_sensor_hub_mcu.sdc'…                                  
[INFO] No information on clock propagation in input SDC file-- propagating all  
clocks.                                                                         
Using site height: 2.72 and site width: 0.46…                                   
[INFO] Using absolute sizing for the floorplan.                                 
[INFO IFP-0001] Added 94 rows of 584 site unithd.                               
[INFO IFP-0030] Inserted 0 tiecells using sky130_fd_sc_hd__conb_1/LO.           
[INFO IFP-0030] Inserted 0 tiecells using sky130_fd_sc_hd__conb_1/HI.           
[INFO] Extracting DIE_AREA and CORE_AREA from the floorplan                     
[INFO] Floorplanned on a die area of 0.0 0.0 280.0 280.0 (µm).                  
[INFO] Floorplanned on a core area of 5.52 10.88 274.16 266.56 (µm).            
Writing metric design__die__bbox: 0.0 0.0 280.0 280.0                           
Writing metric design__core__bbox: 5.52 10.88 274.16 266.56                     
Setting global connections for newly added cells…                               
[INFO] Setting global connections...                                            
Updating metrics…                                                               
Cell type report:                       Count       Area                        
Multi-Input combinational cell           81     304.04                          
Total                                    81     304.04                          
Writing OpenROAD database to                                                    
'/work/cts/runs/Digital_Arch2Tapeout_2abe0c5d-7ac4-43fe-8031-ae931b35b29f/09-ope
nroad-floorplan/smart_sensor_hub_mcu.odb'…                                      
Writing netlist to                                                              
'/work/cts/runs/Digital_Arch2Tapeout_2abe0c5d-7ac4-43fe-8031-ae931b35b29f/09-ope
nroad-floorplan/smart_sensor_hub_mcu.nl.v'…                                     
Writing powered netlist to                                                      
'/work/cts/runs/Digital_Arch2Tapeout_2abe0c5d-7ac4-43fe-8031-ae931b35b29f/09-ope
nroad-floorplan/smart_sensor_hub_mcu.pnl.v'…                                    
Writing layout to                                                               
'/work/cts/runs/Digital_Arch2Tapeout_2abe0c5d-7ac4-43fe-8031-ae931b35b29f/09-ope
nroad-floorplan/smart_sensor_hub_mcu.def'…                                      
Writing timing constraints to                                                   
'/work/cts/runs/Digital_Arch2Tapeout_2abe0c5d-7ac4-43fe-8031-ae931b35b29f/09-ope
nroad-floorplan/smart_sensor_hub_mcu.sdc'…                                      
────────── Check Antenna Properties of Macros Pins in Their LEF Views ──────────
[23:59:12] VERBOSE  Running 'Odb.CheckMacroAntennaProperties' at    step.py:1122
                    'cts/runs/Digital_Arch2Tapeout_2abe0c5d-7ac4-43             
                    fe-8031-ae931b35b29f/10-odb-checkmacroantennapr             
                    operties'…                                                  
[23:59:12] INFO     No cells provided, skipping…                      odb.py:210
──────────────────────────── Set Power Connections ─────────────────────────────
[23:59:12] VERBOSE  Running 'Odb.SetPowerConnections' at            step.py:1122
                    'cts/runs/Digital_Arch2Tapeout_2abe0c5d-7ac4-43             
                    fe-8031-ae931b35b29f/11-odb-setpowerconnections             
                    '…                                                          
[23:59:12] VERBOSE  Logging subprocess to                           step.py:1318
                    'cts/runs/Digital_Arch2Tapeout_2abe0c5d-7ac4-43             
                    fe-8031-ae931b35b29f/11-odb-setpowerconnections             
                    /odb-setpowerconnections.log'…                              
──────────────────────────── Manual Macro Placement ────────────────────────────
[23:59:12] VERBOSE  Running 'Odb.ManualMacroPlacement' at           step.py:1122
                    'cts/runs/Digital_Arch2Tapeout_2abe0c5d-7ac4-43             
                    fe-8031-ae931b35b29f/12-odb-manualmacroplacemen             
                    t'…                                                         
[23:59:12] INFO     No instances found, skipping                      odb.py:442
                    'Odb.ManualMacroPlacement'…                                 
─────────────────────────────────── Cut Rows ───────────────────────────────────
[23:59:12] VERBOSE  Running 'OpenROAD.CutRows' at                   step.py:1122
                    'cts/runs/Digital_Arch2Tapeout_2abe0c5d-7ac4-43             
                    fe-8031-ae931b35b29f/13-openroad-cutrows'…                  
[23:59:12] VERBOSE  Logging subprocess to                           step.py:1318
                    'cts/runs/Digital_Arch2Tapeout_2abe0c5d-7ac4-43             
                    fe-8031-ae931b35b29f/13-openroad-cutrows/openro             
                    ad-cutrows.log'…                                            
Reading OpenROAD database at                                                    
'/work/cts/runs/Digital_Arch2Tapeout_2abe0c5d-7ac4-43fe-8031-ae931b35b29f/11-odb
-setpowerconnections/smart_sensor_hub_mcu.odb'…                                 
Reading library file at                                                         
'/pdk/volare/sky130/versions/0fe599b2afb6708d281543108caf8310912f54af/sky130A/li
bs.ref/sky130_fd_sc_hd/lib/sky130_fd_sc_hd__tt_025C_1v80.lib'…                  
Reading design constraints file at                                              
'inputs/constraints/smart_sensor_hub_mcu.sdc'…                                  
[INFO] No information on clock propagation in input SDC file-- propagating all  
clocks.                                                                         
Setting global connections for newly added cells…                               
[INFO] Setting global connections...                                            
Updating metrics…                                                               
Cell type report:                       Count       Area                        
Multi-Input combinational cell           81     304.04                          
Total                                    81     304.04                          
Writing OpenROAD database to                                                    
'/work/cts/runs/Digital_Arch2Tapeout_2abe0c5d-7ac4-43fe-8031-ae931b35b29f/13-ope
nroad-cutrows/smart_sensor_hub_mcu.odb'…                                        
Writing layout to                                                               
'/work/cts/runs/Digital_Arch2Tapeout_2abe0c5d-7ac4-43fe-8031-ae931b35b29f/13-ope
nroad-cutrows/smart_sensor_hub_mcu.def'…                                        
───────────────────────────── Tap/Decap Insertion ──────────────────────────────
[23:59:13] VERBOSE  Running 'OpenROAD.TapEndcapInsertion' at        step.py:1122
                    'cts/runs/Digital_Arch2Tapeout_2abe0c5d-7ac4-43             
                    fe-8031-ae931b35b29f/14-openroad-tapendcapinser             
                    tion'…                                                      
[23:59:13] VERBOSE  Logging subprocess to                           step.py:1318
                    'cts/runs/Digital_Arch2Tapeout_2abe0c5d-7ac4-43             
                    fe-8031-ae931b35b29f/14-openroad-tapendcapinser             
                    tion/openroad-tapendcapinsertion.log'…                      
Reading OpenROAD database at                                                    
'/work/cts/runs/Digital_Arch2Tapeout_2abe0c5d-7ac4-43fe-8031-ae931b35b29f/13-ope
nroad-cutrows/smart_sensor_hub_mcu.odb'…                                        
Reading library file at                                                         
'/pdk/volare/sky130/versions/0fe599b2afb6708d281543108caf8310912f54af/sky130A/li
bs.ref/sky130_fd_sc_hd/lib/sky130_fd_sc_hd__tt_025C_1v80.lib'…                  
Reading design constraints file at                                              
'inputs/constraints/smart_sensor_hub_mcu.sdc'…                                  
[INFO] No information on clock propagation in input SDC file-- propagating all  
clocks.                                                                         
[INFO TAP-0004] Inserted 188 endcaps.                                           
[INFO TAP-0005] Inserted 960 tapcells.                                          
Setting global connections for newly added cells…                               
[INFO] Setting global connections...                                            
Updating metrics…                                                               
Cell type report:                       Count       Area                        
Fill cell                               188     705.68                          
Tap cell                                960    1201.15                          
Multi-Input combinational cell           81     304.04                          
Total                                  1229    2210.87                          
Writing OpenROAD database to                                                    
'/work/cts/runs/Digital_Arch2Tapeout_2abe0c5d-7ac4-43fe-8031-ae931b35b29f/14-ope
nroad-tapendcapinsertion/smart_sensor_hub_mcu.odb'…                             
Writing netlist to                                                              
'/work/cts/runs/Digital_Arch2Tapeout_2abe0c5d-7ac4-43fe-8031-ae931b35b29f/14-ope
nroad-tapendcapinsertion/smart_sensor_hub_mcu.nl.v'…                            
Writing powered netlist to                                                      
'/work/cts/runs/Digital_Arch2Tapeout_2abe0c5d-7ac4-43fe-8031-ae931b35b29f/14-ope
nroad-tapendcapinsertion/smart_sensor_hub_mcu.pnl.v'…                           
Writing layout to                                                               
'/work/cts/runs/Digital_Arch2Tapeout_2abe0c5d-7ac4-43fe-8031-ae931b35b29f/14-ope
nroad-tapendcapinsertion/smart_sensor_hub_mcu.def'…                             
Writing timing constraints to                                                   
'/work/cts/runs/Digital_Arch2Tapeout_2abe0c5d-7ac4-43fe-8031-ae931b35b29f/14-ope
nroad-tapendcapinsertion/smart_sensor_hub_mcu.sdc'…                             
───────────────────────────── Add PDN obstructions ─────────────────────────────
[23:59:14] VERBOSE  Running 'Odb.AddPDNObstructions' at             step.py:1122
                    'cts/runs/Digital_Arch2Tapeout_2abe0c5d-7ac4-43             
                    fe-8031-ae931b35b29f/15-odb-addpdnobstructions'             
                    …                                                           
[23:59:14] INFO     'PDN_OBSTRUCTIONS' is not defined. Skipping       odb.py:558
                    'Odb.AddPDNObstructions'…                                   
──────────────────── Power Distribution Network Generation ─────────────────────
[23:59:14] VERBOSE  Running 'OpenROAD.GeneratePDN' at               step.py:1122
                    'cts/runs/Digital_Arch2Tapeout_2abe0c5d-7ac4-43             
                    fe-8031-ae931b35b29f/16-openroad-generatepdn'…              
[23:59:14] INFO     'FP_PDN_CFG' not explicitly set, setting it openroad.py:1179
                    to                                                          
                    /nix/store/7l0f3byalx17dsl5m0bpzrsl6lkcyv3g                 
                    -python3-3.11.9-env/lib/python3.11/site-pac                 
                    kages/openlane/scripts/openroad/common/pdn_                 
                    cfg.tcl…                                                    
[23:59:14] VERBOSE  Logging subprocess to                           step.py:1318
                    'cts/runs/Digital_Arch2Tapeout_2abe0c5d-7ac4-43             
                    fe-8031-ae931b35b29f/16-openroad-generatepdn/op             
                    enroad-generatepdn.log'…                                    
Reading OpenROAD database at                                                    
'/work/cts/runs/Digital_Arch2Tapeout_2abe0c5d-7ac4-43fe-8031-ae931b35b29f/14-ope
nroad-tapendcapinsertion/smart_sensor_hub_mcu.odb'…                             
Reading library file at                                                         
'/pdk/volare/sky130/versions/0fe599b2afb6708d281543108caf8310912f54af/sky130A/li
bs.ref/sky130_fd_sc_hd/lib/sky130_fd_sc_hd__tt_025C_1v80.lib'…                  
Reading design constraints file at                                              
'inputs/constraints/smart_sensor_hub_mcu.sdc'…                                  
[INFO] No information on clock propagation in input SDC file-- propagating all  
clocks.                                                                         
[INFO] Setting global connections...                                            
[INFO PDN-0001] Inserting grid: stdcell_grid                                    
Setting global connections for newly added cells…                               
[INFO] Setting global connections...                                            
Updating metrics…                                                               
Cell type report:                       Count       Area                        
Fill cell                               188     705.68                          
Tap cell                                960    1201.15                          
Multi-Input combinational cell           81     304.04                          
Total                                  1229    2210.87                          
Writing OpenROAD database to                                                    
'/work/cts/runs/Digital_Arch2Tapeout_2abe0c5d-7ac4-43fe-8031-ae931b35b29f/16-ope
nroad-generatepdn/smart_sensor_hub_mcu.odb'…                                    
Writing netlist to                                                              
'/work/cts/runs/Digital_Arch2Tapeout_2abe0c5d-7ac4-43fe-8031-ae931b35b29f/16-ope
nroad-generatepdn/smart_sensor_hub_mcu.nl.v'…                                   
Writing powered netlist to                                                      
'/work/cts/runs/Digital_Arch2Tapeout_2abe0c5d-7ac4-43fe-8031-ae931b35b29f/16-ope
nroad-generatepdn/smart_sensor_hub_mcu.pnl.v'…                                  
Writing layout to                                                               
'/work/cts/runs/Digital_Arch2Tapeout_2abe0c5d-7ac4-43fe-8031-ae931b35b29f/16-ope
nroad-generatepdn/smart_sensor_hub_mcu.def'…                                    
Writing timing constraints to                                                   
'/work/cts/runs/Digital_Arch2Tapeout_2abe0c5d-7ac4-43fe-8031-ae931b35b29f/16-ope
nroad-generatepdn/smart_sensor_hub_mcu.sdc'…                                    
[INFO PSM-0040] All shapes on net VPWR are connected.                           
[INFO PSM-0040] All shapes on net VGND are connected.                           
─────────────────────────── Remove PDN obstructions ────────────────────────────
[23:59:15] VERBOSE  Running 'Odb.RemovePDNObstructions' at          step.py:1122
                    'cts/runs/Digital_Arch2Tapeout_2abe0c5d-7ac4-43             
                    fe-8031-ae931b35b29f/17-odb-removepdnobstructio             
                    ns'…                                                        
[23:59:15] INFO     'PDN_OBSTRUCTIONS' is not defined. Skipping       odb.py:558
                    'Odb.RemovePDNObstructions'…                                
─────────────────────────────── Add Obstructions ───────────────────────────────
[23:59:15] VERBOSE  Running 'Odb.AddRoutingObstructions' at         step.py:1122
                    'cts/runs/Digital_Arch2Tapeout_2abe0c5d-7ac4-43             
                    fe-8031-ae931b35b29f/18-odb-addroutingobstructi             
                    ons'…                                                       
[23:59:15] INFO     'ROUTING_OBSTRUCTIONS' is not defined. Skipping   odb.py:558
                    'Odb.AddRoutingObstructions'…                               
─────────────────────────── Global Placement Skip IO ───────────────────────────
[23:59:15] VERBOSE  Running 'OpenROAD.GlobalPlacementSkipIO' at     step.py:1122
                    'cts/runs/Digital_Arch2Tapeout_2abe0c5d-7ac4-43             
                    fe-8031-ae931b35b29f/19-openroad-globalplacemen             
                    tskipio'…                                                   
[23:59:15] VERBOSE  Logging subprocess to                           step.py:1318
                    'cts/runs/Digital_Arch2Tapeout_2abe0c5d-7ac4-43             
                    fe-8031-ae931b35b29f/19-openroad-globalplacemen             
                    tskipio/openroad-globalplacementskipio.log'…                
Reading OpenROAD database at                                                    
'/work/cts/runs/Digital_Arch2Tapeout_2abe0c5d-7ac4-43fe-8031-ae931b35b29f/16-ope
nroad-generatepdn/smart_sensor_hub_mcu.odb'…                                    
Reading library file at                                                         
'/pdk/volare/sky130/versions/0fe599b2afb6708d281543108caf8310912f54af/sky130A/li
bs.ref/sky130_fd_sc_hd/lib/sky130_fd_sc_hd__tt_025C_1v80.lib'…                  
Reading design constraints file at                                              
'inputs/constraints/smart_sensor_hub_mcu.sdc'…                                  
[INFO] No information on clock propagation in input SDC file-- propagating all  
clocks.                                                                         
+ global_placement -density 0.25 -skip_io -pad_right 0 -pad_left 0              
-init_wirelength_coef 0.25                                                      
[INFO GPL-0002] DBU: 1000                                                       
[INFO GPL-0003] SiteSize: (  0.460  2.720 ) um                                  
[INFO GPL-0004] CoreBBox: (  5.520 10.880 ) ( 274.160 266.560 ) um              
[INFO GPL-0006] NumInstances:              1229                                 
[INFO GPL-0007] NumPlaceInstances:           81                                 
[INFO GPL-0008] NumFixedInstances:         1148                                 
[INFO GPL-0009] NumDummyInstances:            0                                 
[INFO GPL-0010] NumNets:                    190                                 
[INFO GPL-0011] NumPins:                     81                                 
[INFO GPL-0012] DieBBox:  (  0.000  0.000 ) ( 280.000 280.000 ) um              
[INFO GPL-0013] CoreBBox: (  5.520 10.880 ) ( 274.160 266.560 ) um              
[INFO GPL-0016] CoreArea:             68685.875 um^2                            
[INFO GPL-0017] NonPlaceInstsArea:     1906.829 um^2                            
[INFO GPL-0018] PlaceInstsArea:         304.042 um^2                            
[INFO GPL-0019] Util:                     0.455 %                               
[INFO GPL-0020] StdInstsArea:           304.042 um^2                            
[INFO GPL-0021] MacroInstsArea:           0.000 um^2                            
[INFO GPL-0031] FillerInit:NumGCells:      4447                                 
[INFO GPL-0032] FillerInit:NumGNets:        190                                 
[INFO GPL-0033] FillerInit:NumGPins:         81                                 
[INFO GPL-0023] TargetDensity:            0.250                                 
[INFO GPL-0024] AvrgPlaceInstArea:        3.754 um^2                            
[INFO GPL-0025] IdealBinArea:            15.014 um^2                            
[INFO GPL-0026] IdealBinCnt:               4574                                 
[INFO GPL-0027] TotalBinArea:         68685.875 um^2                            
[INFO GPL-0028] BinCnt:        64     64                                        
[INFO GPL-0029] BinSize: (  4.198  3.995 )                                      
[INFO GPL-0030] NumBins: 4096                                                   
[NesterovSolve] Iter:    1 overflow: 0.944 HPWL: 0                              
[NesterovSolve] Finished with Overflow: 0.092204                                
[INFO] Setting RC values…                                                       
Setting global connections for newly added cells…                               
[INFO] Setting global connections...                                            
Updating metrics…                                                               
Cell type report:                       Count       Area                        
Fill cell                               188     705.68                          
Tap cell                                960    1201.15                          
Multi-Input combinational cell           81     304.04                          
Total                                  1229    2210.87                          
Writing OpenROAD database to                                                    
'/work/cts/runs/Digital_Arch2Tapeout_2abe0c5d-7ac4-43fe-8031-ae931b35b29f/19-ope
nroad-globalplacementskipio/smart_sensor_hub_mcu.odb'…                          
Writing netlist to                                                              
'/work/cts/runs/Digital_Arch2Tapeout_2abe0c5d-7ac4-43fe-8031-ae931b35b29f/19-ope
nroad-globalplacementskipio/smart_sensor_hub_mcu.nl.v'…                         
Writing powered netlist to                                                      
'/work/cts/runs/Digital_Arch2Tapeout_2abe0c5d-7ac4-43fe-8031-ae931b35b29f/19-ope
nroad-globalplacementskipio/smart_sensor_hub_mcu.pnl.v'…                        
Writing layout to                                                               
'/work/cts/runs/Digital_Arch2Tapeout_2abe0c5d-7ac4-43fe-8031-ae931b35b29f/19-ope
nroad-globalplacementskipio/smart_sensor_hub_mcu.def'…                          
Writing timing constraints to                                                   
'/work/cts/runs/Digital_Arch2Tapeout_2abe0c5d-7ac4-43fe-8031-ae931b35b29f/19-ope
nroad-globalplacementskipio/smart_sensor_hub_mcu.sdc'…                          
──────────────────────────────── I/O Placement ─────────────────────────────────
[23:59:16] VERBOSE  Running 'OpenROAD.IOPlacement' at               step.py:1122
                    'cts/runs/Digital_Arch2Tapeout_2abe0c5d-7ac4-43             
                    fe-8031-ae931b35b29f/20-openroad-ioplacement'…              
[23:59:16] VERBOSE  Logging subprocess to                           step.py:1318
                    'cts/runs/Digital_Arch2Tapeout_2abe0c5d-7ac4-43             
                    fe-8031-ae931b35b29f/20-openroad-ioplacement/op             
                    enroad-ioplacement.log'…                                    
Reading OpenROAD database at                                                    
'/work/cts/runs/Digital_Arch2Tapeout_2abe0c5d-7ac4-43fe-8031-ae931b35b29f/19-ope
nroad-globalplacementskipio/smart_sensor_hub_mcu.odb'…                          
Reading library file at                                                         
'/pdk/volare/sky130/versions/0fe599b2afb6708d281543108caf8310912f54af/sky130A/li
bs.ref/sky130_fd_sc_hd/lib/sky130_fd_sc_hd__tt_025C_1v80.lib'…                  
Reading design constraints file at                                              
'inputs/constraints/smart_sensor_hub_mcu.sdc'…                                  
[INFO] No information on clock propagation in input SDC file-- propagating all  
clocks.                                                                         
[INFO] place_pins args: -min_distance 3                                         
Found 0 macro blocks.                                                           
[INFO PPL-0010] Tentative 0 to set up sections.                                 
[INFO PPL-0001] Number of slots           340                                   
[INFO PPL-0002] Number of I/O             190                                   
[INFO PPL-0003] Number of I/O w/sink      81                                    
[INFO PPL-0004] Number of I/O w/o sink    109                                   
[INFO PPL-0005] Slots per section         200                                   
[INFO PPL-0006] Slots increase factor     0.01                                  
[INFO PPL-0008] Successfully assigned pins to sections.                         
[INFO PPL-0012] I/O nets HPWL: 10667.44 um.                                     
Setting global connections for newly added cells…                               
[INFO] Setting global connections...                                            
Updating metrics…                                                               
Cell type report:                       Count       Area                        
Fill cell                               188     705.68                          
Tap cell                                960    1201.15                          
Multi-Input combinational cell           81     304.04                          
Total                                  1229    2210.87                          
Writing OpenROAD database to                                                    
'/work/cts/runs/Digital_Arch2Tapeout_2abe0c5d-7ac4-43fe-8031-ae931b35b29f/20-ope
nroad-ioplacement/smart_sensor_hub_mcu.odb'…                                    
Writing netlist to                                                              
'/work/cts/runs/Digital_Arch2Tapeout_2abe0c5d-7ac4-43fe-8031-ae931b35b29f/20-ope
nroad-ioplacement/smart_sensor_hub_mcu.nl.v'…                                   
Writing powered netlist to                                                      
'/work/cts/runs/Digital_Arch2Tapeout_2abe0c5d-7ac4-43fe-8031-ae931b35b29f/20-ope
nroad-ioplacement/smart_sensor_hub_mcu.pnl.v'…                                  
Writing layout to                                                               
'/work/cts/runs/Digital_Arch2Tapeout_2abe0c5d-7ac4-43fe-8031-ae931b35b29f/20-ope
nroad-ioplacement/smart_sensor_hub_mcu.def'…                                    
Writing timing constraints to                                                   
'/work/cts/runs/Digital_Arch2Tapeout_2abe0c5d-7ac4-43fe-8031-ae931b35b29f/20-ope
nroad-ioplacement/smart_sensor_hub_mcu.sdc'…                                    
─────────────────────── Custom I/O Pin Placement Script ────────────────────────
[23:59:17] VERBOSE  Running 'Odb.CustomIOPlacement' at              step.py:1122
                    'cts/runs/Digital_Arch2Tapeout_2abe0c5d-7ac4-43             
                    fe-8031-ae931b35b29f/21-odb-customioplacement'…             
[23:59:17] INFO     No custom floorplan file configured, skipping…    odb.py:689
────────────────────────────── Apply DEF Template ──────────────────────────────
[23:59:17] VERBOSE  Running 'Odb.ApplyDEFTemplate' at               step.py:1122
                    'cts/runs/Digital_Arch2Tapeout_2abe0c5d-7ac4-43             
                    fe-8031-ae931b35b29f/22-odb-applydeftemplate'…              
[23:59:17] INFO     No DEF template provided, skipping…               odb.py:274
─────────────────────────────── Global Placement ───────────────────────────────
[23:59:17] VERBOSE  Running 'OpenROAD.GlobalPlacement' at           step.py:1122
                    'cts/runs/Digital_Arch2Tapeout_2abe0c5d-7ac4-43             
                    fe-8031-ae931b35b29f/23-openroad-globalplacemen             
                    t'…                                                         
[23:59:17] VERBOSE  Logging subprocess to                           step.py:1318
                    'cts/runs/Digital_Arch2Tapeout_2abe0c5d-7ac4-43             
                    fe-8031-ae931b35b29f/23-openroad-globalplacemen             
                    t/openroad-globalplacement.log'…                            
Reading OpenROAD database at                                                    
'/work/cts/runs/Digital_Arch2Tapeout_2abe0c5d-7ac4-43fe-8031-ae931b35b29f/20-ope
nroad-ioplacement/smart_sensor_hub_mcu.odb'…                                    
Reading library file at                                                         
'/pdk/volare/sky130/versions/0fe599b2afb6708d281543108caf8310912f54af/sky130A/li
bs.ref/sky130_fd_sc_hd/lib/sky130_fd_sc_hd__tt_025C_1v80.lib'…                  
Reading design constraints file at                                              
'inputs/constraints/smart_sensor_hub_mcu.sdc'…                                  
[INFO] No information on clock propagation in input SDC file-- propagating all  
clocks.                                                                         
[INFO] Setting RC values…                                                       
[INFO] Setting signal min routing layer to: met1 and clock min routing layer to 
met1.                                                                           
[INFO] Setting signal max routing layer to: met5 and clock max routing layer to 
met5.                                                                           
+ global_placement -density 0.25 -timing_driven -routability_driven -pad_right 0
-pad_left 0 -init_wirelength_coef 0.25                                          
[INFO GPL-0002] DBU: 1000                                                       
[INFO GPL-0003] SiteSize: (  0.460  2.720 ) um                                  
[INFO GPL-0004] CoreBBox: (  5.520 10.880 ) ( 274.160 266.560 ) um              
[INFO GPL-0006] NumInstances:              1229                                 
[INFO GPL-0007] NumPlaceInstances:           81                                 
[INFO GPL-0008] NumFixedInstances:         1148                                 
[INFO GPL-0009] NumDummyInstances:            0                                 
[INFO GPL-0010] NumNets:                    190                                 
[INFO GPL-0011] NumPins:                    271                                 
[INFO GPL-0012] DieBBox:  (  0.000  0.000 ) ( 280.000 280.000 ) um              
[INFO GPL-0013] CoreBBox: (  5.520 10.880 ) ( 274.160 266.560 ) um              
[INFO GPL-0016] CoreArea:             68685.875 um^2                            
[INFO GPL-0017] NonPlaceInstsArea:     1906.829 um^2                            
[INFO GPL-0018] PlaceInstsArea:         304.042 um^2                            
[INFO GPL-0019] Util:                     0.455 %                               
[INFO GPL-0020] StdInstsArea:           304.042 um^2                            
[INFO GPL-0021] MacroInstsArea:           0.000 um^2                            
[InitialPlace]  Iter: 1 CG residual: 0.00000008 HPWL: 11340649                  
[InitialPlace]  Iter: 2 CG residual: 0.00000000 HPWL: 969080                    
[InitialPlace]  Iter: 3 CG residual: 0.00000000 HPWL: 969080                    
[InitialPlace]  Iter: 4 CG residual: 0.00000000 HPWL: 969080                    
[InitialPlace]  Iter: 5 CG residual: 0.00000000 HPWL: 969080                    
[INFO GPL-0031] FillerInit:NumGCells:      4447                                 
[INFO GPL-0032] FillerInit:NumGNets:        190                                 
[INFO GPL-0033] FillerInit:NumGPins:        271                                 
[INFO GPL-0023] TargetDensity:            0.250                                 
[INFO GPL-0024] AvrgPlaceInstArea:        3.754 um^2                            
[INFO GPL-0025] IdealBinArea:            15.014 um^2                            
[INFO GPL-0026] IdealBinCnt:               4574                                 
[INFO GPL-0027] TotalBinArea:         68685.875 um^2                            
[INFO GPL-0028] BinCnt:        64     64                                        
[INFO GPL-0029] BinSize: (  4.198  3.995 )                                      
[INFO GPL-0030] NumBins: 4096                                                   
[NesterovSolve] Iter:    1 overflow: 0.033 HPWL: 799822                         
[INFO GPL-0100] Timing-driven: executing resizer for reweighting nets.          
[INFO GPL-0101] Timing-driven: worst slack 1e+30                                
[23:59:18] WARNING  [GPL-0102] Timing-driven: no slacks found.   openroad.py:237
                    Timing-driven mode disabled.                                
[NesterovSolve] Snapshot saved at iter = 0                                      
[INFO GPL-0075] Routability numCall: 1 inflationIterCnt: 1 bloatIterCnt: 0      
[INFO GPL-0036] TileBBox: (    0    0 ) ( 6900 6900 ) DBU                       
[INFO GPL-0038] TileCnt:      40   40                                           
[INFO GPL-0040] NumTiles: 1600                                                  
[INFO GPL-0081] TotalRouteOverflow: 0                                           
[INFO GPL-0082] OverflowTileCnt: 0                                              
[INFO GPL-0083] 0.5%RC: 0.5306603834033012                                      
[INFO GPL-0084] 1.0%RC: 0.5200471840798855                                      
[INFO GPL-0085] 2.0%RC: 0.5024187788367271                                      
[INFO GPL-0086] 5.0%RC: 0.4744712684303522                                      
[INFO GPL-0087] FinalRC: 0.5253538                                              
[INFO GPL-0077] FinalRC lower than targetRC(1.01), routability not needed.      
[NesterovSolve] Finished with Overflow: 0.032787                                
[INFO] Setting RC values…                                                       
Setting global connections for newly added cells…                               
[INFO] Setting global connections...                                            
Updating metrics…                                                               
Cell type report:                       Count       Area                        
Fill cell                               188     705.68                          
Tap cell                                960    1201.15                          
Multi-Input combinational cell           81     304.04                          
Total                                  1229    2210.87                          
Writing OpenROAD database to                                                    
'/work/cts/runs/Digital_Arch2Tapeout_2abe0c5d-7ac4-43fe-8031-ae931b35b29f/23-ope
nroad-globalplacement/smart_sensor_hub_mcu.odb'…                                
Writing netlist to                                                              
'/work/cts/runs/Digital_Arch2Tapeout_2abe0c5d-7ac4-43fe-8031-ae931b35b29f/23-ope
nroad-globalplacement/smart_sensor_hub_mcu.nl.v'…                               
Writing powered netlist to                                                      
'/work/cts/runs/Digital_Arch2Tapeout_2abe0c5d-7ac4-43fe-8031-ae931b35b29f/23-ope
nroad-globalplacement/smart_sensor_hub_mcu.pnl.v'…                              
Writing layout to                                                               
'/work/cts/runs/Digital_Arch2Tapeout_2abe0c5d-7ac4-43fe-8031-ae931b35b29f/23-ope
nroad-globalplacement/smart_sensor_hub_mcu.def'…                                
Writing timing constraints to                                                   
'/work/cts/runs/Digital_Arch2Tapeout_2abe0c5d-7ac4-43fe-8031-ae931b35b29f/23-ope
nroad-globalplacement/smart_sensor_hub_mcu.sdc'…                                
───────────────────────────── Write Verilog Header ─────────────────────────────
[23:59:18] VERBOSE  Running 'Odb.WriteVerilogHeader' at             step.py:1122
                    'cts/runs/Digital_Arch2Tapeout_2abe0c5d-7ac4-43             
                    fe-8031-ae931b35b29f/24-odb-writeverilogheader'             
                    …                                                           
[23:59:18] VERBOSE  Logging subprocess to                           step.py:1318
                    'cts/runs/Digital_Arch2Tapeout_2abe0c5d-7ac4-43             
                    fe-8031-ae931b35b29f/24-odb-writeverilogheader/             
                    odb-writeverilogheader.log'…                                
───────────────────────── Power Grid Violation Checker ─────────────────────────
[23:59:19] VERBOSE  Running 'Checker.PowerGridViolations' at        step.py:1122
                    'cts/runs/Digital_Arch2Tapeout_2abe0c5d-7ac4-43             
                    fe-8031-ae931b35b29f/25-checker-powergridviolat             
                    ions'…                                                      
[23:59:19] INFO     Check for power grid violations (as reported  checker.py:132
                    by OpenROAD PSM- you may ignore these if LVS                
                    passes) clear.                                              
─────────────────────── Static Timing Analysis (Mid-PnR) ───────────────────────
[23:59:19] VERBOSE  Running 'OpenROAD.STAMidPNR' at                 step.py:1122
                    'cts/runs/Digital_Arch2Tapeout_2abe0c5d-7ac4-43             
                    fe-8031-ae931b35b29f/26-openroad-stamidpnr'…                
[23:59:19] VERBOSE  Logging subprocess to                           step.py:1318
                    'cts/runs/Digital_Arch2Tapeout_2abe0c5d-7ac4-43             
                    fe-8031-ae931b35b29f/26-openroad-stamidpnr/open             
                    road-stamidpnr.log'…                                        
Reading OpenROAD database at                                                    
'/work/cts/runs/Digital_Arch2Tapeout_2abe0c5d-7ac4-43fe-8031-ae931b35b29f/23-ope
nroad-globalplacement/smart_sensor_hub_mcu.odb'…                                
Reading library file at                                                         
'/pdk/volare/sky130/versions/0fe599b2afb6708d281543108caf8310912f54af/sky130A/li
bs.ref/sky130_fd_sc_hd/lib/sky130_fd_sc_hd__tt_025C_1v80.lib'…                  
Reading design constraints file at                                              
'inputs/constraints/smart_sensor_hub_mcu.sdc'…                                  
[INFO] No information on clock propagation in input SDC file-- propagating all  
clocks.                                                                         
[INFO] Setting RC values…                                                       
[23:59:20] WARNING  [GRT-0097] No global routing found for nets. openroad.py:237
──────────────────── Repair Design (Post-Global Placement) ─────────────────────
[23:59:20] VERBOSE  Running 'OpenROAD.RepairDesignPostGPL' at       step.py:1122
                    'cts/runs/Digital_Arch2Tapeout_2abe0c5d-7ac4-43             
                    fe-8031-ae931b35b29f/27-openroad-repairdesignpo             
                    stgpl'…                                                     
[23:59:20] VERBOSE  Logging subprocess to                           step.py:1318
                    'cts/runs/Digital_Arch2Tapeout_2abe0c5d-7ac4-43             
                    fe-8031-ae931b35b29f/27-openroad-repairdesignpo             
                    stgpl/openroad-repairdesignpostgpl.log'…                    
Reading timing models for corner nom_tt_025C_1v80…                              
Reading timing library for the 'nom_tt_025C_1v80' corner at                     
'/pdk/volare/sky130/versions/0fe599b2afb6708d281543108caf8310912f54af/sky130A/li
bs.ref/sky130_fd_sc_hd/lib/sky130_fd_sc_hd__tt_025C_1v80.lib'…                  
Reading timing models for corner nom_ff_n40C_1v95…                              
Reading timing library for the 'nom_ff_n40C_1v95' corner at                     
'/pdk/volare/sky130/versions/0fe599b2afb6708d281543108caf8310912f54af/sky130A/li
bs.ref/sky130_fd_sc_hd/lib/sky130_fd_sc_hd__ff_n40C_1v95.lib'…                  
Reading timing models for corner nom_ss_100C_1v60…                              
Reading timing library for the 'nom_ss_100C_1v60' corner at                     
'/pdk/volare/sky130/versions/0fe599b2afb6708d281543108caf8310912f54af/sky130A/li
bs.ref/sky130_fd_sc_hd/lib/sky130_fd_sc_hd__ss_100C_1v60.lib'…                  
Reading OpenROAD database at                                                    
'/work/cts/runs/Digital_Arch2Tapeout_2abe0c5d-7ac4-43fe-8031-ae931b35b29f/23-ope
nroad-globalplacement/smart_sensor_hub_mcu.odb'…                                
Reading design constraints file at                                              
'inputs/constraints/smart_sensor_hub_mcu.sdc'…                                  
[INFO] No information on clock propagation in input SDC file-- propagating all  
clocks.                                                                         
[INFO] Setting RC values…                                                       
[INFO RSZ-0058] Using max wire length 6335um.                                   
Iteration | Resized | Buffers | Nets repaired | Remaining                       
---------------------------------------------------------                       
0 |       0 |       0 |             0 |       271                               
10 |       0 |       0 |             0 |       261                              
20 |       0 |       0 |             0 |       251                              
30 |       0 |       0 |             0 |       241                              
40 |       0 |       0 |             0 |       231                              
50 |       0 |       0 |             0 |       221                              
60 |       0 |       0 |             0 |       211                              
70 |       0 |       0 |             0 |       201                              
80 |       0 |       0 |             0 |       191                              
90 |       0 |       0 |             0 |       181                              
100 |       0 |       0 |             0 |       171                             
110 |       0 |       0 |             0 |       161                             
120 |       0 |       0 |             0 |       151                             
130 |       0 |       0 |             0 |       141                             
140 |       0 |       0 |             0 |       131                             
150 |       0 |       0 |             0 |       121                             
160 |       0 |       0 |             0 |       111                             
170 |       0 |       0 |             0 |       101                             
180 |       0 |       0 |             0 |        91                             
190 |       0 |       0 |             0 |        81                             
200 |       0 |       0 |             0 |        71                             
210 |       0 |       0 |             0 |        61                             
220 |       0 |       0 |             0 |        51                             
230 |       0 |       0 |             0 |        41                             
240 |       0 |       0 |             0 |        31                             
250 |       0 |       0 |             0 |        21                             
260 |       0 |       0 |             0 |        11                             
270 |       0 |       0 |             0 |         1                             
final |       0 |       0 |             0 |         0                           
---------------------------------------------------------                       
[INFO RSZ-0042] Inserted 81 tie sky130_fd_sc_hd__conb_1 instances.              
Placement Analysis                                                              
---------------------------------                                               
total displacement         93.3 u                                               
average displacement        0.1 u                                               
max displacement            2.4 u                                               
original HPWL             758.1 u                                               
legalized HPWL            826.9 u                                               
delta HPWL                    9 %                                               
                                                                                
[INFO DPL-0020] Mirrored 55 instances                                           
[INFO DPL-0021] HPWL before             826.9 u                                 
[INFO DPL-0022] HPWL after              788.9 u                                 
[INFO DPL-0023] HPWL delta               -4.6 %                                 
[INFO] Setting RC values…                                                       
Setting global connections for newly added cells…                               
[INFO] Setting global connections...                                            
Updating metrics…                                                               
Cell type report:                       Count       Area                        
Fill cell                               188     705.68                          
Tap cell                                960    1201.15                          
Multi-Input combinational cell           81     304.04                          
Total                                  1229    2210.87                          
Writing OpenROAD database to                                                    
'/work/cts/runs/Digital_Arch2Tapeout_2abe0c5d-7ac4-43fe-8031-ae931b35b29f/27-ope
nroad-repairdesignpostgpl/smart_sensor_hub_mcu.odb'…                            
Writing netlist to                                                              
'/work/cts/runs/Digital_Arch2Tapeout_2abe0c5d-7ac4-43fe-8031-ae931b35b29f/27-ope
nroad-repairdesignpostgpl/smart_sensor_hub_mcu.nl.v'…                           
Writing powered netlist to                                                      
'/work/cts/runs/Digital_Arch2Tapeout_2abe0c5d-7ac4-43fe-8031-ae931b35b29f/27-ope
nroad-repairdesignpostgpl/smart_sensor_hub_mcu.pnl.v'…                          
Writing layout to                                                               
'/work/cts/runs/Digital_Arch2Tapeout_2abe0c5d-7ac4-43fe-8031-ae931b35b29f/27-ope
nroad-repairdesignpostgpl/smart_sensor_hub_mcu.def'…                            
Writing timing constraints to                                                   
'/work/cts/runs/Digital_Arch2Tapeout_2abe0c5d-7ac4-43fe-8031-ae931b35b29f/27-ope
nroad-repairdesignpostgpl/smart_sensor_hub_mcu.sdc'…                            
─────────────────────────── Manual Global Placement ────────────────────────────
[23:59:23] VERBOSE  Running 'Odb.ManualGlobalPlacement' at          step.py:1122
                    'cts/runs/Digital_Arch2Tapeout_2abe0c5d-7ac4-43             
                    fe-8031-ae931b35b29f/28-odb-manualglobalplaceme             
                    nt'…                                                        
[23:59:23] INFO     'MANUAL_GLOBAL_PLACEMENTS' not set, skipping…     odb.py:978
────────────────────────────── Detailed Placement ──────────────────────────────
[23:59:23] VERBOSE  Running 'OpenROAD.DetailedPlacement' at         step.py:1122
                    'cts/runs/Digital_Arch2Tapeout_2abe0c5d-7ac4-43             
                    fe-8031-ae931b35b29f/29-openroad-detailedplacem             
                    ent'…                                                       
[23:59:23] VERBOSE  Logging subprocess to                           step.py:1318
                    'cts/runs/Digital_Arch2Tapeout_2abe0c5d-7ac4-43             
                    fe-8031-ae931b35b29f/29-openroad-detailedplacem             
                    ent/openroad-detailedplacement.log'…                        
Reading OpenROAD database at                                                    
'/work/cts/runs/Digital_Arch2Tapeout_2abe0c5d-7ac4-43fe-8031-ae931b35b29f/27-ope
nroad-repairdesignpostgpl/smart_sensor_hub_mcu.odb'…                            
Reading library file at                                                         
'/pdk/volare/sky130/versions/0fe599b2afb6708d281543108caf8310912f54af/sky130A/li
bs.ref/sky130_fd_sc_hd/lib/sky130_fd_sc_hd__tt_025C_1v80.lib'…                  
Reading design constraints file at                                              
'inputs/constraints/smart_sensor_hub_mcu.sdc'…                                  
[INFO] No information on clock propagation in input SDC file-- propagating all  
clocks.                                                                         
Placement Analysis                                                              
---------------------------------                                               
total displacement          0.0 u                                               
average displacement        0.0 u                                               
max displacement            0.0 u                                               
original HPWL             788.9 u                                               
legalized HPWL            826.9 u                                               
delta HPWL                    5 %                                               
                                                                                
[INFO DPL-0020] Mirrored 55 instances                                           
[INFO DPL-0021] HPWL before             826.9 u                                 
[INFO DPL-0022] HPWL after              788.9 u                                 
[INFO DPL-0023] HPWL delta               -4.6 %                                 
Setting global connections for newly added cells…                               
[INFO] Setting global connections...                                            
Updating metrics…                                                               
Cell type report:                       Count       Area                        
Fill cell                               188     705.68                          
Tap cell                                960    1201.15                          
Multi-Input combinational cell           81     304.04                          
Total                                  1229    2210.87                          
Writing OpenROAD database to                                                    
'/work/cts/runs/Digital_Arch2Tapeout_2abe0c5d-7ac4-43fe-8031-ae931b35b29f/29-ope
nroad-detailedplacement/smart_sensor_hub_mcu.odb'…                              
Writing netlist to                                                              
'/work/cts/runs/Digital_Arch2Tapeout_2abe0c5d-7ac4-43fe-8031-ae931b35b29f/29-ope
nroad-detailedplacement/smart_sensor_hub_mcu.nl.v'…                             
Writing powered netlist to                                                      
'/work/cts/runs/Digital_Arch2Tapeout_2abe0c5d-7ac4-43fe-8031-ae931b35b29f/29-ope
nroad-detailedplacement/smart_sensor_hub_mcu.pnl.v'…                            
Writing layout to                                                               
'/work/cts/runs/Digital_Arch2Tapeout_2abe0c5d-7ac4-43fe-8031-ae931b35b29f/29-ope
nroad-detailedplacement/smart_sensor_hub_mcu.def'…                              
Writing timing constraints to                                                   
'/work/cts/runs/Digital_Arch2Tapeout_2abe0c5d-7ac4-43fe-8031-ae931b35b29f/29-ope
nroad-detailedplacement/smart_sensor_hub_mcu.sdc'…                              
───────────────────────────── Clock Tree Synthesis ─────────────────────────────
[23:59:24] VERBOSE  Running 'OpenROAD.CTS' at                       step.py:1122
                    'cts/runs/Digital_Arch2Tapeout_2abe0c5d-7ac4-43             
                    fe-8031-ae931b35b29f/30-openroad-cts'…                      
[23:59:24] VERBOSE  Logging subprocess to                           step.py:1318
                    'cts/runs/Digital_Arch2Tapeout_2abe0c5d-7ac4-43             
                    fe-8031-ae931b35b29f/30-openroad-cts/openroad-c             
                    ts.log'…                                                    
Reading timing models for corner nom_tt_025C_1v80…                              
Reading timing library for the 'nom_tt_025C_1v80' corner at                     
'/pdk/volare/sky130/versions/0fe599b2afb6708d281543108caf8310912f54af/sky130A/li
bs.ref/sky130_fd_sc_hd/lib/sky130_fd_sc_hd__tt_025C_1v80.lib'…                  
Reading timing models for corner nom_ff_n40C_1v95…                              
Reading timing library for the 'nom_ff_n40C_1v95' corner at                     
'/pdk/volare/sky130/versions/0fe599b2afb6708d281543108caf8310912f54af/sky130A/li
bs.ref/sky130_fd_sc_hd/lib/sky130_fd_sc_hd__ff_n40C_1v95.lib'…                  
Reading timing models for corner nom_ss_100C_1v60…                              
Reading timing library for the 'nom_ss_100C_1v60' corner at                     
'/pdk/volare/sky130/versions/0fe599b2afb6708d281543108caf8310912f54af/sky130A/li
bs.ref/sky130_fd_sc_hd/lib/sky130_fd_sc_hd__ss_100C_1v60.lib'…                  
Reading OpenROAD database at                                                    
'/work/cts/runs/Digital_Arch2Tapeout_2abe0c5d-7ac4-43fe-8031-ae931b35b29f/29-ope
nroad-detailedplacement/smart_sensor_hub_mcu.odb'…                              
Reading design constraints file at                                              
'inputs/constraints/smart_sensor_hub_mcu.sdc'…                                  
[INFO] No information on clock propagation in input SDC file-- propagating all  
clocks.                                                                         
[INFO] Setting RC values…                                                       
[INFO] Configuring cts characterization…                                        
[INFO] Performing clock tree synthesis…                                         
[INFO] Looking for the following net(s): clk                                    
[INFO] Running Clock Tree Synthesis…                                            
[INFO CTS-0050] Root buffer is sky130_fd_sc_hd__clkbuf_16.                      
[INFO CTS-0051] Sink buffer is sky130_fd_sc_hd__clkbuf_8.                       
[INFO CTS-0052] The following clock buffers will be used for CTS:               
sky130_fd_sc_hd__clkbuf_2                                                       
sky130_fd_sc_hd__clkbuf_4                                                       
sky130_fd_sc_hd__clkbuf_8                                                       
[INFO CTS-0049] Characterization buffer is sky130_fd_sc_hd__clkbuf_8.           
[INFO CTS-0007] Net "clk" found for clock "clk".                                
[23:59:33] WARNING  [CTS-0041] Net "clk" has 0 sinks.            openroad.py:237
                    Skipping...                                                 
[23:59:33] WARNING  [CTS-0083] No clock nets have been found.    openroad.py:237
[INFO CTS-0008] TritonCTS found 0 clock nets.                                   
[23:59:33] WARNING  [CTS-0082] No valid clock nets in the        openroad.py:237
                    design.                                                     
[INFO] Repairing long wires on clock nets…                                      
[INFO RSZ-0058] Using max wire length 6335um.                                   
Setting global connections for newly added cells…                               
[INFO] Setting global connections...                                            
Updating metrics…                                                               
Cell type report:                       Count       Area                        
Fill cell                               188     705.68                          
Tap cell                                960    1201.15                          
Multi-Input combinational cell           81     304.04                          
Total                                  1229    2210.87                          
Writing OpenROAD database to                                                    
'/work/cts/runs/Digital_Arch2Tapeout_2abe0c5d-7ac4-43fe-8031-ae931b35b29f/30-ope
nroad-cts/smart_sensor_hub_mcu.odb'…                                            
Writing netlist to                                                              
'/work/cts/runs/Digital_Arch2Tapeout_2abe0c5d-7ac4-43fe-8031-ae931b35b29f/30-ope
nroad-cts/smart_sensor_hub_mcu.nl.v'…                                           
Writing powered netlist to                                                      
'/work/cts/runs/Digital_Arch2Tapeout_2abe0c5d-7ac4-43fe-8031-ae931b35b29f/30-ope
nroad-cts/smart_sensor_hub_mcu.pnl.v'…                                          
Writing layout to                                                               
'/work/cts/runs/Digital_Arch2Tapeout_2abe0c5d-7ac4-43fe-8031-ae931b35b29f/30-ope
nroad-cts/smart_sensor_hub_mcu.def'…                                            
Writing timing constraints to                                                   
'/work/cts/runs/Digital_Arch2Tapeout_2abe0c5d-7ac4-43fe-8031-ae931b35b29f/30-ope
nroad-cts/smart_sensor_hub_mcu.sdc'…                                            
[INFO] Legalizing…                                                              
Placement Analysis                                                              
---------------------------------                                               
total displacement          0.0 u                                               
average displacement        0.0 u                                               
max displacement            0.0 u                                               
original HPWL             788.9 u                                               
legalized HPWL            826.9 u                                               
delta HPWL                    5 %                                               
                                                                                
[INFO DPL-0020] Mirrored 55 instances                                           
[INFO DPL-0021] HPWL before             826.9 u                                 
[INFO DPL-0022] HPWL after              788.9 u                                 
[INFO DPL-0023] HPWL delta               -4.6 %                                 
Setting global connections for newly added cells…                               
[INFO] Setting global connections...                                            
Updating metrics…                                                               
Cell type report:                       Count       Area                        
Fill cell                               188     705.68                          
Tap cell                                960    1201.15                          
Multi-Input combinational cell           81     304.04                          
Total                                  1229    2210.87                          
Writing OpenROAD database to                                                    
'/work/cts/runs/Digital_Arch2Tapeout_2abe0c5d-7ac4-43fe-8031-ae931b35b29f/30-ope
nroad-cts/smart_sensor_hub_mcu.odb'…                                            
Writing netlist to                                                              
'/work/cts/runs/Digital_Arch2Tapeout_2abe0c5d-7ac4-43fe-8031-ae931b35b29f/30-ope
nroad-cts/smart_sensor_hub_mcu.nl.v'…                                           
Writing powered netlist to                                                      
'/work/cts/runs/Digital_Arch2Tapeout_2abe0c5d-7ac4-43fe-8031-ae931b35b29f/30-ope
nroad-cts/smart_sensor_hub_mcu.pnl.v'…                                          
Writing layout to                                                               
'/work/cts/runs/Digital_Arch2Tapeout_2abe0c5d-7ac4-43fe-8031-ae931b35b29f/30-ope
nroad-cts/smart_sensor_hub_mcu.def'…                                            
Writing timing constraints to                                                   
'/work/cts/runs/Digital_Arch2Tapeout_2abe0c5d-7ac4-43fe-8031-ae931b35b29f/30-ope
nroad-cts/smart_sensor_hub_mcu.sdc'…                                            
[23:59:35] INFO     Skipping step 'STA (Mid-PnR)'…             sequential.py:325
[23:59:35] INFO     Skipping step 'Resizer Timing              sequential.py:325
                    Optimizations (Post-Clock Tree                              
                    Synthesis)'…                                                
[23:59:35] INFO     Skipping step 'STA (Mid-PnR)'…             sequential.py:325
[23:59:35] INFO     Skipping step 'Global Routing'…            sequential.py:325
[23:59:35] INFO     Skipping step 'Check Antennas'…            sequential.py:325
[23:59:35] INFO     Gating variable for step                   sequential.py:317
                    'OpenROAD.RepairDesignPostGRT' set to                       
                    'False'- the step will be skipped.                          
[23:59:35] INFO     Skipping step 'Repair Design (Post-Global  sequential.py:325
                    Routing)'…                                                  
[23:59:35] INFO     Skipping step 'Diodes on Ports'…           sequential.py:325
[23:59:35] INFO     Gating variable for step                   sequential.py:317
                    'Odb.HeuristicDiodeInsertion' set to                        
                    'False'- the step will be skipped.                          
[23:59:35] INFO     Skipping step 'Heuristic Diode Insertion'… sequential.py:325
[23:59:35] INFO     Skipping step 'Antenna Repair'…            sequential.py:325
[23:59:35] INFO     Gating variable for step                   sequential.py:317
                    'OpenROAD.ResizerTimingPostGRT' set to                      
                    'False'- the step will be skipped.                          
[23:59:35] INFO     Skipping step 'Resizer Timing              sequential.py:325
                    Optimizations (Post-Global Routing)'…                       
[23:59:35] INFO     Skipping step 'STA (Mid-PnR)'…             sequential.py:325
[23:59:35] INFO     Skipping step 'Detailed Routing'…          sequential.py:325
[23:59:35] INFO     Skipping step 'Remove Obstructions'…       sequential.py:325
[23:59:35] INFO     Skipping step 'Check Antennas'…            sequential.py:325
[23:59:35] INFO     Skipping step 'Routing DRC Checker'…       sequential.py:325
[23:59:35] INFO     Skipping step 'Report Disconnected Pins'…  sequential.py:325
[23:59:35] INFO     Skipping step 'Disconnected Pins Checker'… sequential.py:325
[23:59:35] INFO     Skipping step 'Report Wire Length'…        sequential.py:325
[23:59:35] INFO     Skipping step 'Wire Length Threshold       sequential.py:325
                    Checker'…                                                   
[23:59:35] INFO     Skipping step 'Fill Insertion'…            sequential.py:325
[23:59:35] INFO     Skipping step 'Generate Cell Frequency     sequential.py:325
                    Tables'…                                                    
[23:59:35] INFO     Skipping step 'Parasitics (RC)             sequential.py:325
                    Extraction'…                                                
[23:59:35] INFO     Skipping step 'STA (Post-PnR)'…            sequential.py:325
[23:59:35] INFO     Skipping step 'IR Drop Report'…            sequential.py:325
[23:59:35] INFO     Skipping step 'GDSII Stream Out (Magic)'…  sequential.py:325
[23:59:35] INFO     Skipping step 'GDSII Stream Out            sequential.py:325
                    (KLayout)'…                                                 
[23:59:35] INFO     Skipping step 'Write LEF (Magic)'…         sequential.py:325
[23:59:35] INFO     Skipping step 'Check Antenna Properties of sequential.py:325
                    Pins in The Generated Design LEF view'…                     
[23:59:35] INFO     Skipping step 'KLayout vs. Magic XOR'…     sequential.py:325
[23:59:35] INFO     Skipping step 'XOR Difference Checker'…    sequential.py:325
[23:59:35] INFO     Skipping step 'DRC'…                       sequential.py:325
[23:59:35] INFO     Skipping step 'Design Rule Check           sequential.py:325
                    (KLayout)'…                                                 
[23:59:35] INFO     Skipping step 'Magic DRC Checker'…         sequential.py:325
[23:59:35] INFO     Skipping step 'KLayout DRC Checker'…       sequential.py:325
[23:59:35] INFO     Skipping step 'SPICE Extraction'…          sequential.py:325
[23:59:35] INFO     Skipping step 'Illegal Overlap Checker'…   sequential.py:325
[23:59:35] INFO     Skipping step 'Netgen LVS'…                sequential.py:325
[23:59:35] INFO     Skipping step 'LVS Error Checker'…         sequential.py:325
[23:59:35] INFO     Gating variable for step 'Yosys.EQY' set   sequential.py:317
                    to 'False'- the step will be skipped.                       
[23:59:35] INFO     Skipping step 'Equivalence Check'…         sequential.py:325
[23:59:35] INFO     Skipping step 'Setup Timing Violations     sequential.py:325
                    Checker'…                                                   
[23:59:35] INFO     Skipping step 'Hold Timing Violations      sequential.py:325
                    Checker'…                                                   
[23:59:35] INFO     Skipping step 'Max Slew Violations         sequential.py:325
                    Checker'…                                                   
[23:59:35] INFO     Skipping step 'Max Cap Violations          sequential.py:325
                    Checker'…                                                   
[23:59:35] INFO     Skipping step 'Report Manufacturability'…  sequential.py:325
[23:59:35] INFO     Saving views to                                 state.py:212
                    '/work/cts/runs/Digital_Arch2Tapeout_2abe0c5d-7             
                    ac4-43fe-8031-ae931b35b29f/final'…                          
[23:59:35] INFO     Flow complete.                             sequential.py:366
Classic - Stage 78 - Report Manufacturability ━━━━━━━━━━━━━━━━━━━━ 78/78 0:00:28

[23:59:35] WARNING  The following warnings were generated by the     flow.py:673
                    flow:                                                       
[23:59:35] WARNING  [OpenROAD.CheckSDCFiles] 'SIGNOFF_SDC_FILE' is   flow.py:675
                    not defined. Using generic fallback SDC for                 
                    OpenROAD PnR steps.                                         
[23:59:35] WARNING  [OpenROAD.GlobalPlacement] [GPL-0102]            flow.py:675
                    Timing-driven: no slacks found. Timing-driven               
                    mode disabled.                                              
[23:59:35] WARNING  [OpenROAD.STAMidPNR] [GRT-0097] No global        flow.py:675
                    routing found for nets.                                     
[23:59:35] WARNING  [OpenROAD.CTS] [CTS-0041] Net "clk" has 0 sinks. flow.py:675
                    Skipping...                                                 
[23:59:35] WARNING  [OpenROAD.CTS] [CTS-0083] No clock nets have     flow.py:675
                    been found.                                                 
[23:59:35] WARNING  [OpenROAD.CTS] [CTS-0082] No valid clock nets in flow.py:675
                    the design.                                                 
