
 /----------------------------------------------------------------------------\
 |                                                                            |
 |  yosys -- Yosys Open SYnthesis Suite                                       |
 |                                                                            |
 |  Copyright (C) 2012 - 2020  Claire Xenia Wolf <claire@yosyshq.com>         |
 |                                                                            |
 |  Permission to use, copy, modify, and/or distribute this software for any  |
 |  purpose with or without fee is hereby granted, provided that the above    |
 |  copyright notice and this permission notice appear in all copies.         |
 |                                                                            |
 |  THE SOFTWARE IS PROVIDED "AS IS" AND THE AUTHOR DISCLAIMS ALL WARRANTIES  |
 |  WITH REGARD TO THIS SOFTWARE INCLUDING ALL IMPLIED WARRANTIES OF          |
 |  MERCHANTABILITY AND FITNESS. IN NO EVENT SHALL THE AUTHOR BE LIABLE FOR   |
 |  ANY SPECIAL, DIRECT, INDIRECT, OR CONSEQUENTIAL DAMAGES OR ANY DAMAGES    |
 |  WHATSOEVER RESULTING FROM LOSS OF USE, DATA OR PROFITS, WHETHER IN AN     |
 |  ACTION OF CONTRACT, NEGLIGENCE OR OTHER TORTIOUS ACTION, ARISING OUT OF   |
 |  OR IN CONNECTION WITH THE USE OR PERFORMANCE OF THIS SOFTWARE.            |
 |                                                                            |
 \----------------------------------------------------------------------------/

 Yosys 0.33 (git sha1 2584903a060)


-- Executing script file `synth.ys' --

1. Executing Verilog-2005 frontend: /root/chiploop-backend/backend/workflows/fca8d1f6-5127-4f67-ac36-c90825d4284d/fpga/src/fpga/target_explorer/interface_adapter/adaptive_aero_control_top_spi_fpga_top.sv
Parsing SystemVerilog input from `/root/chiploop-backend/backend/workflows/fca8d1f6-5127-4f67-ac36-c90825d4284d/fpga/src/fpga/target_explorer/interface_adapter/adaptive_aero_control_top_spi_fpga_top.sv' to AST representation.
Warning: Yosys has only limited support for tri-state logic at the moment. (/root/chiploop-backend/backend/workflows/fca8d1f6-5127-4f67-ac36-c90825d4284d/fpga/src/fpga/target_explorer/interface_adapter/adaptive_aero_control_top_spi_fpga_top.sv:80)
Generating RTLIL representation for module `\adaptive_aero_control_top_spi_fpga_top'.
Successfully finished Verilog frontend.

2. Executing Verilog-2005 frontend: /root/chiploop-backend/backend/workflows/fca8d1f6-5127-4f67-ac36-c90825d4284d/fpga/src/upstream/adaptive_aero_control_top.v
Parsing SystemVerilog input from `/root/chiploop-backend/backend/workflows/fca8d1f6-5127-4f67-ac36-c90825d4284d/fpga/src/upstream/adaptive_aero_control_top.v' to AST representation.
Generating RTLIL representation for module `\adaptive_aero_control_top'.
Successfully finished Verilog frontend.

3. Executing Verilog-2005 frontend: /root/chiploop-backend/backend/workflows/fca8d1f6-5127-4f67-ac36-c90825d4284d/fpga/src/upstream/adaptive_aero_model_gateway.v
Parsing SystemVerilog input from `/root/chiploop-backend/backend/workflows/fca8d1f6-5127-4f67-ac36-c90825d4284d/fpga/src/upstream/adaptive_aero_model_gateway.v' to AST representation.
Generating RTLIL representation for module `\adaptive_aero_model_gateway'.
Successfully finished Verilog frontend.

4. Executing Verilog-2005 frontend: /root/chiploop-backend/backend/workflows/fca8d1f6-5127-4f67-ac36-c90825d4284d/fpga/src/upstream/adaptive_aero_register_bank.v
Parsing SystemVerilog input from `/root/chiploop-backend/backend/workflows/fca8d1f6-5127-4f67-ac36-c90825d4284d/fpga/src/upstream/adaptive_aero_register_bank.v' to AST representation.
Generating RTLIL representation for module `\adaptive_aero_register_bank'.
Successfully finished Verilog frontend.

5. Executing Verilog-2005 frontend: /root/chiploop-backend/backend/workflows/fca8d1f6-5127-4f67-ac36-c90825d4284d/fpga/src/upstream/adaptive_aero_safety_control.v
Parsing SystemVerilog input from `/root/chiploop-backend/backend/workflows/fca8d1f6-5127-4f67-ac36-c90825d4284d/fpga/src/upstream/adaptive_aero_safety_control.v' to AST representation.
Generating RTLIL representation for module `\adaptive_aero_safety_control'.
Successfully finished Verilog frontend.

6. Executing HIERARCHY pass (managing design hierarchy).

6.1. Analyzing design hierarchy..
Top module:  \adaptive_aero_control_top_spi_fpga_top
Used module:     \adaptive_aero_control_top
Used module:         \adaptive_aero_safety_control
Used module:         \adaptive_aero_model_gateway
Used module:         \adaptive_aero_register_bank

6.2. Analyzing design hierarchy..
Top module:  \adaptive_aero_control_top_spi_fpga_top
Used module:     \adaptive_aero_control_top
Used module:         \adaptive_aero_safety_control
Used module:         \adaptive_aero_model_gateway
Used module:         \adaptive_aero_register_bank
Removed 0 unused modules.

7. Executing PROC pass (convert processes to netlists).

7.1. Executing PROC_CLEAN pass (remove empty switches from decision trees).
Found and cleaned up 1 empty switch in `\adaptive_aero_control_top.$proc$/root/chiploop-backend/backend/workflows/fca8d1f6-5127-4f67-ac36-c90825d4284d/fpga/src/upstream/adaptive_aero_control_top.v:0$19'.
Removing empty process `adaptive_aero_control_top.$proc$/root/chiploop-backend/backend/workflows/fca8d1f6-5127-4f67-ac36-c90825d4284d/fpga/src/upstream/adaptive_aero_control_top.v:0$19'.
Cleaned up 1 empty switch.

7.2. Executing PROC_RMDEAD pass (remove dead branches from decision trees).
Marked 1 switch rules as full_case in process $proc$/root/chiploop-backend/backend/workflows/fca8d1f6-5127-4f67-ac36-c90825d4284d/fpga/src/upstream/adaptive_aero_safety_control.v:194$97 in module adaptive_aero_safety_control.
Marked 16 switch rules as full_case in process $proc$/root/chiploop-backend/backend/workflows/fca8d1f6-5127-4f67-ac36-c90825d4284d/fpga/src/upstream/adaptive_aero_safety_control.v:89$55 in module adaptive_aero_safety_control.
Marked 1 switch rules as full_case in process $proc$/root/chiploop-backend/backend/workflows/fca8d1f6-5127-4f67-ac36-c90825d4284d/fpga/src/upstream/adaptive_aero_register_bank.v:196$53 in module adaptive_aero_register_bank.
Removed 1 dead cases from process $proc$/root/chiploop-backend/backend/workflows/fca8d1f6-5127-4f67-ac36-c90825d4284d/fpga/src/upstream/adaptive_aero_register_bank.v:93$50 in module adaptive_aero_register_bank.
Marked 5 switch rules as full_case in process $proc$/root/chiploop-backend/backend/workflows/fca8d1f6-5127-4f67-ac36-c90825d4284d/fpga/src/upstream/adaptive_aero_register_bank.v:93$50 in module adaptive_aero_register_bank.
Marked 1 switch rules as full_case in process $proc$/root/chiploop-backend/backend/workflows/fca8d1f6-5127-4f67-ac36-c90825d4284d/fpga/src/upstream/adaptive_aero_model_gateway.v:127$41 in module adaptive_aero_model_gateway.
Marked 6 switch rules as full_case in process $proc$/root/chiploop-backend/backend/workflows/fca8d1f6-5127-4f67-ac36-c90825d4284d/fpga/src/upstream/adaptive_aero_model_gateway.v:79$34 in module adaptive_aero_model_gateway.
Marked 1 switch rules as full_case in process $proc$/root/chiploop-backend/backend/workflows/fca8d1f6-5127-4f67-ac36-c90825d4284d/fpga/src/fpga/target_explorer/interface_adapter/adaptive_aero_control_top_spi_fpga_top.sv:65$5 in module adaptive_aero_control_top_spi_fpga_top.
Marked 1 switch rules as full_case in process $proc$/root/chiploop-backend/backend/workflows/fca8d1f6-5127-4f67-ac36-c90825d4284d/fpga/src/fpga/target_explorer/interface_adapter/adaptive_aero_control_top_spi_fpga_top.sv:56$2 in module adaptive_aero_control_top_spi_fpga_top.
Marked 1 switch rules as full_case in process $proc$/root/chiploop-backend/backend/workflows/fca8d1f6-5127-4f67-ac36-c90825d4284d/fpga/src/fpga/target_explorer/interface_adapter/adaptive_aero_control_top_spi_fpga_top.sv:52$1 in module adaptive_aero_control_top_spi_fpga_top.
Removed a total of 1 dead cases.

7.3. Executing PROC_PRUNE pass (remove redundant assignments in processes).
Removed 46 redundant assignments.
Promoted 47 assignments to connections.

7.4. Executing PROC_INIT pass (extract init attributes).

7.5. Executing PROC_ARST pass (detect async resets in processes).
Found async reset \reset_n in `\adaptive_aero_safety_control.$proc$/root/chiploop-backend/backend/workflows/fca8d1f6-5127-4f67-ac36-c90825d4284d/fpga/src/upstream/adaptive_aero_safety_control.v:194$97'.
Found async reset \reset_n in `\adaptive_aero_register_bank.$proc$/root/chiploop-backend/backend/workflows/fca8d1f6-5127-4f67-ac36-c90825d4284d/fpga/src/upstream/adaptive_aero_register_bank.v:196$53'.
Found async reset \reset_n in `\adaptive_aero_model_gateway.$proc$/root/chiploop-backend/backend/workflows/fca8d1f6-5127-4f67-ac36-c90825d4284d/fpga/src/upstream/adaptive_aero_model_gateway.v:127$41'.
Found async reset \reset_n in `\adaptive_aero_control_top_spi_fpga_top.$proc$/root/chiploop-backend/backend/workflows/fca8d1f6-5127-4f67-ac36-c90825d4284d/fpga/src/fpga/target_explorer/interface_adapter/adaptive_aero_control_top_spi_fpga_top.sv:65$5'.
Found async reset \spi_cs_n in `\adaptive_aero_control_top_spi_fpga_top.$proc$/root/chiploop-backend/backend/workflows/fca8d1f6-5127-4f67-ac36-c90825d4284d/fpga/src/fpga/target_explorer/interface_adapter/adaptive_aero_control_top_spi_fpga_top.sv:52$1'.

7.6. Executing PROC_ROM pass (convert switches to ROMs).
Converted 0 switches.
<suppressed ~31 debug messages>

7.7. Executing PROC_MUX pass (convert decision trees to multiplexers).
Creating decoders for process `\adaptive_aero_safety_control.$proc$/root/chiploop-backend/backend/workflows/fca8d1f6-5127-4f67-ac36-c90825d4284d/fpga/src/upstream/adaptive_aero_safety_control.v:194$97'.
     1/16: $0\accepted_cmd[15:0]
     2/16: $0\timeout_running[0:0]
     3/16: $0\timeout_count[31:0]
     4/16: $0\status_rsp_cmd[15:0]
     5/16: $0\status_rsp_seq[15:0]
     6/16: $0\status_req_seq[15:0]
     7/16: $0\status_seq_last_accepted[15:0]
     8/16: $0\status_pending[0:0]
     9/16: $0\status_busy[0:0]
    10/16: $0\act_cmd[15:0]
    11/16: $0\act_cmd_valid[0:0]
    12/16: $0\fallback_active[0:0]
    13/16: $0\timeout_active[0:0]
    14/16: $0\fault_sticky[31:0]
    15/16: $0\fault_clamp[0:0]
    16/16: $0\fault_timeout[0:0]
Creating decoders for process `\adaptive_aero_safety_control.$proc$/root/chiploop-backend/backend/workflows/fca8d1f6-5127-4f67-ac36-c90825d4284d/fpga/src/upstream/adaptive_aero_safety_control.v:89$55'.
     1/39: $5\timeout_active_next[0:0]
     2/39: $4\timeout_count_next[31:0]
     3/39: $5\timeout_running_next[0:0]
     4/39: $5\fault_sticky_next[31:0]
     5/39: $2\fallback_active_next[0:0]
     6/39: $2\act_cmd_valid_next[0:0]
     7/39: $1\fallback_active_next[0:0]
     8/39: $1\accepted_cmd_next[15:0]
     9/39: $1\act_cmd_valid_next[0:0]
    10/39: $1\act_cmd_next[15:0]
    11/39: $4\fault_sticky_next[31:0]
    12/39: $3\fault_sticky_next[4:4]
    13/39: $1\fault_clamp_next[0:0]
    14/39: $4\timeout_running_next[0:0]
    15/39: $4\timeout_active_next[0:0]
    16/39: $2\fault_sticky_next[3:3]
    17/39: $1\fault_timeout_next[0:0]
    18/39: $3\timeout_active_next[0:0]
    19/39: $3\timeout_running_next[0:0]
    20/39: $3\timeout_count_next[31:0]
    21/39: $2\timeout_running_next[0:0]
    22/39: $2\timeout_count_next[31:0]
    23/39: $2\timeout_active_next[0:0]
    24/39: $2\timeout_hit[0:0]
    25/39: $1\timeout_hit[0:0]
    26/39: $1\timeout_active_next[0:0]
    27/39: $1\timeout_count_next[31:0]
    28/39: $1\timeout_running_next[0:0]
    29/39: $1\fault_sticky_next[2:0] [2]
    30/39: $1\fault_sticky_next[2:0] [0]
    31/39: $1\fault_sticky_next[2:0] [1]
    32/39: $4\clamp_hit[0:0]
    33/39: $4\limited_cmd[15:0]
    34/39: $3\clamp_hit[0:0]
    35/39: $3\limited_cmd[15:0]
    36/39: $2\clamp_hit[0:0]
    37/39: $2\limited_cmd[15:0]
    38/39: $1\clamp_hit[0:0]
    39/39: $1\limited_cmd[15:0]
Creating decoders for process `\adaptive_aero_register_bank.$proc$/root/chiploop-backend/backend/workflows/fca8d1f6-5127-4f67-ac36-c90825d4284d/fpga/src/upstream/adaptive_aero_register_bank.v:196$53'.
     1/13: $0\cfg_request_flags[7:0]
     2/13: $0\cfg_velocity_ref[15:0]
     3/13: $0\cfg_act_safe[15:0]
     4/13: $0\cfg_act_max[15:0]
     5/13: $0\cfg_act_min[15:0]
     6/13: $0\cfg_timeout_cycles[31:0]
     7/13: $0\cfg_output_mode[1:0]
     8/13: $0\cfg_fault_clear[0:0]
     9/13: $0\cfg_request_trigger[0:0]
    10/13: $0\cfg_mode[1:0]
    11/13: $0\cfg_enable[0:0]
    12/13: $0\reg_ready[0:0]
    13/13: $0\reg_rdata[31:0]
Creating decoders for process `\adaptive_aero_register_bank.$proc$/root/chiploop-backend/backend/workflows/fca8d1f6-5127-4f67-ac36-c90825d4284d/fpga/src/upstream/adaptive_aero_register_bank.v:93$50'.
     1/39: $3\reg_rdata_next[31:0] [31:6]
     2/39: $3\reg_rdata_next[31:0] [2]
     3/39: $3\reg_rdata_next[31:0] [3]
     4/39: $3\reg_rdata_next[31:0] [4]
     5/39: $3\reg_rdata_next[31:0] [5]
     6/39: $3\reg_rdata_next[31:0] [0]
     7/39: $3\reg_rdata_next[31:0] [1]
     8/39: $2\reg_rdata_next[31:0]
     9/39: $3\cfg_output_mode_next[1:0]
    10/39: $3\cfg_fault_clear_next[0:0]
    11/39: $3\cfg_request_trigger_next[0:0]
    12/39: $3\cfg_mode_next[1:0]
    13/39: $3\cfg_enable_next[0:0]
    14/39: $3\cfg_velocity_ref_next[15:0]
    15/39: $3\cfg_act_safe_next[15:0]
    16/39: $3\cfg_act_max_next[15:0]
    17/39: $3\cfg_act_min_next[15:0]
    18/39: $3\cfg_timeout_cycles_next[31:0]
    19/39: $2\cfg_velocity_ref_next[15:0]
    20/39: $2\cfg_act_safe_next[15:0]
    21/39: $2\cfg_act_max_next[15:0]
    22/39: $2\cfg_act_min_next[15:0]
    23/39: $2\cfg_timeout_cycles_next[31:0]
    24/39: $2\cfg_output_mode_next[1:0]
    25/39: $2\cfg_fault_clear_next[0:0]
    26/39: $2\cfg_request_trigger_next[0:0]
    27/39: $2\cfg_mode_next[1:0]
    28/39: $2\cfg_enable_next[0:0]
    29/39: $1\reg_rdata_next[31:0]
    30/39: $1\cfg_velocity_ref_next[15:0]
    31/39: $1\cfg_act_safe_next[15:0]
    32/39: $1\cfg_act_max_next[15:0]
    33/39: $1\cfg_act_min_next[15:0]
    34/39: $1\cfg_timeout_cycles_next[31:0]
    35/39: $1\cfg_output_mode_next[1:0]
    36/39: $1\cfg_fault_clear_next[0:0]
    37/39: $1\cfg_request_trigger_next[0:0]
    38/39: $1\cfg_mode_next[1:0]
    39/39: $1\cfg_enable_next[0:0]
Creating decoders for process `\adaptive_aero_model_gateway.$proc$/root/chiploop-backend/backend/workflows/fca8d1f6-5127-4f67-ac36-c90825d4284d/fpga/src/upstream/adaptive_aero_model_gateway.v:127$41'.
     1/14: $0\pending_reg[0:0]
     2/14: $0\fault_stale[0:0]
     3/14: $0\fault_malformed[0:0]
     4/14: $0\fault_transport[0:0]
     5/14: $0\rsp_cmd[15:0]
     6/14: $0\rsp_seq[15:0]
     7/14: $0\req_seq[15:0]
     8/14: $0\seq_last_accepted[15:0]
     9/14: $0\busy[0:0]
    10/14: $0\pending[0:0]
    11/14: $0\rsp_ready[0:0]
    12/14: $0\req_data[63:0]
    13/14: $0\req_valid[0:0]
    14/14: $0\pending_seq[15:0]
Creating decoders for process `\adaptive_aero_model_gateway.$proc$/root/chiploop-backend/backend/workflows/fca8d1f6-5127-4f67-ac36-c90825d4284d/fpga/src/upstream/adaptive_aero_model_gateway.v:79$34'.
     1/24: $2\fault_malformed_next[0:0]
     2/24: $4\busy_next[0:0]
     3/24: $4\pending_next[0:0]
     4/24: $2\seq_last_accepted_next[15:0]
     5/24: $2\fault_stale_next[0:0]
     6/24: $2\fault_transport_next[0:0]
     7/24: $1\fault_malformed_next[0:0]
     8/24: $3\busy_next[0:0]
     9/24: $3\pending_next[0:0]
    10/24: $1\fault_stale_next[0:0]
    11/24: $1\fault_transport_next[0:0]
    12/24: $1\seq_last_accepted_next[15:0]
    13/24: $1\rsp_cmd_next[15:0]
    14/24: $1\rsp_seq_next[15:0]
    15/24: $2\req_data_next[63:0]
    16/24: $2\busy_next[0:0]
    17/24: $2\pending_next[0:0]
    18/24: $2\req_seq_next[15:0]
    19/24: $2\req_valid_next[0:0]
    20/24: $1\busy_next[0:0]
    21/24: $1\pending_next[0:0]
    22/24: $1\req_valid_next[0:0]
    23/24: $1\req_seq_next[15:0]
    24/24: $1\req_data_next[63:0]
Creating decoders for process `\adaptive_aero_control_top_spi_fpga_top.$proc$/root/chiploop-backend/backend/workflows/fca8d1f6-5127-4f67-ac36-c90825d4284d/fpga/src/fpga/target_explorer/interface_adapter/adaptive_aero_control_top_spi_fpga_top.sv:0$9'.
Creating decoders for process `\adaptive_aero_control_top_spi_fpga_top.$proc$/root/chiploop-backend/backend/workflows/fca8d1f6-5127-4f67-ac36-c90825d4284d/fpga/src/fpga/target_explorer/interface_adapter/adaptive_aero_control_top_spi_fpga_top.sv:65$5'.
     1/5: $0\spi_cs_prev[0:0]
     2/5: $0\spi_cs_sync[0:0]
     3/5: $0\spi_cs_meta[0:0]
     4/5: $0\tx_snapshot[119:0]
     5/5: $0\rx_active[109:0]
Creating decoders for process `\adaptive_aero_control_top_spi_fpga_top.$proc$/root/chiploop-backend/backend/workflows/fca8d1f6-5127-4f67-ac36-c90825d4284d/fpga/src/fpga/target_explorer/interface_adapter/adaptive_aero_control_top_spi_fpga_top.sv:56$2'.
     1/2: $0\tx_shift[119:0]
     2/2: $0\rx_shift[119:0]
Creating decoders for process `\adaptive_aero_control_top_spi_fpga_top.$proc$/root/chiploop-backend/backend/workflows/fca8d1f6-5127-4f67-ac36-c90825d4284d/fpga/src/fpga/target_explorer/interface_adapter/adaptive_aero_control_top_spi_fpga_top.sv:52$1'.
     1/1: $0\spi_active[0:0]

7.8. Executing PROC_DLATCH pass (convert process syncs to latches).
No latch inferred for signal `\adaptive_aero_safety_control.\fault_sticky_next' from process `\adaptive_aero_safety_control.$proc$/root/chiploop-backend/backend/workflows/fca8d1f6-5127-4f67-ac36-c90825d4284d/fpga/src/upstream/adaptive_aero_safety_control.v:89$55'.
No latch inferred for signal `\adaptive_aero_safety_control.\fault_timeout_next' from process `\adaptive_aero_safety_control.$proc$/root/chiploop-backend/backend/workflows/fca8d1f6-5127-4f67-ac36-c90825d4284d/fpga/src/upstream/adaptive_aero_safety_control.v:89$55'.
No latch inferred for signal `\adaptive_aero_safety_control.\fault_clamp_next' from process `\adaptive_aero_safety_control.$proc$/root/chiploop-backend/backend/workflows/fca8d1f6-5127-4f67-ac36-c90825d4284d/fpga/src/upstream/adaptive_aero_safety_control.v:89$55'.
No latch inferred for signal `\adaptive_aero_safety_control.\timeout_active_next' from process `\adaptive_aero_safety_control.$proc$/root/chiploop-backend/backend/workflows/fca8d1f6-5127-4f67-ac36-c90825d4284d/fpga/src/upstream/adaptive_aero_safety_control.v:89$55'.
No latch inferred for signal `\adaptive_aero_safety_control.\fallback_active_next' from process `\adaptive_aero_safety_control.$proc$/root/chiploop-backend/backend/workflows/fca8d1f6-5127-4f67-ac36-c90825d4284d/fpga/src/upstream/adaptive_aero_safety_control.v:89$55'.
No latch inferred for signal `\adaptive_aero_safety_control.\act_cmd_valid_next' from process `\adaptive_aero_safety_control.$proc$/root/chiploop-backend/backend/workflows/fca8d1f6-5127-4f67-ac36-c90825d4284d/fpga/src/upstream/adaptive_aero_safety_control.v:89$55'.
No latch inferred for signal `\adaptive_aero_safety_control.\act_cmd_next' from process `\adaptive_aero_safety_control.$proc$/root/chiploop-backend/backend/workflows/fca8d1f6-5127-4f67-ac36-c90825d4284d/fpga/src/upstream/adaptive_aero_safety_control.v:89$55'.
No latch inferred for signal `\adaptive_aero_safety_control.\timeout_count_next' from process `\adaptive_aero_safety_control.$proc$/root/chiploop-backend/backend/workflows/fca8d1f6-5127-4f67-ac36-c90825d4284d/fpga/src/upstream/adaptive_aero_safety_control.v:89$55'.
No latch inferred for signal `\adaptive_aero_safety_control.\timeout_running_next' from process `\adaptive_aero_safety_control.$proc$/root/chiploop-backend/backend/workflows/fca8d1f6-5127-4f67-ac36-c90825d4284d/fpga/src/upstream/adaptive_aero_safety_control.v:89$55'.
No latch inferred for signal `\adaptive_aero_safety_control.\accepted_cmd_next' from process `\adaptive_aero_safety_control.$proc$/root/chiploop-backend/backend/workflows/fca8d1f6-5127-4f67-ac36-c90825d4284d/fpga/src/upstream/adaptive_aero_safety_control.v:89$55'.
No latch inferred for signal `\adaptive_aero_safety_control.\status_busy_next' from process `\adaptive_aero_safety_control.$proc$/root/chiploop-backend/backend/workflows/fca8d1f6-5127-4f67-ac36-c90825d4284d/fpga/src/upstream/adaptive_aero_safety_control.v:89$55'.
No latch inferred for signal `\adaptive_aero_safety_control.\status_pending_next' from process `\adaptive_aero_safety_control.$proc$/root/chiploop-backend/backend/workflows/fca8d1f6-5127-4f67-ac36-c90825d4284d/fpga/src/upstream/adaptive_aero_safety_control.v:89$55'.
No latch inferred for signal `\adaptive_aero_safety_control.\status_seq_last_accepted_next' from process `\adaptive_aero_safety_control.$proc$/root/chiploop-backend/backend/workflows/fca8d1f6-5127-4f67-ac36-c90825d4284d/fpga/src/upstream/adaptive_aero_safety_control.v:89$55'.
No latch inferred for signal `\adaptive_aero_safety_control.\status_req_seq_next' from process `\adaptive_aero_safety_control.$proc$/root/chiploop-backend/backend/workflows/fca8d1f6-5127-4f67-ac36-c90825d4284d/fpga/src/upstream/adaptive_aero_safety_control.v:89$55'.
No latch inferred for signal `\adaptive_aero_safety_control.\status_rsp_seq_next' from process `\adaptive_aero_safety_control.$proc$/root/chiploop-backend/backend/workflows/fca8d1f6-5127-4f67-ac36-c90825d4284d/fpga/src/upstream/adaptive_aero_safety_control.v:89$55'.
No latch inferred for signal `\adaptive_aero_safety_control.\status_rsp_cmd_next' from process `\adaptive_aero_safety_control.$proc$/root/chiploop-backend/backend/workflows/fca8d1f6-5127-4f67-ac36-c90825d4284d/fpga/src/upstream/adaptive_aero_safety_control.v:89$55'.
No latch inferred for signal `\adaptive_aero_safety_control.\sticky_clear_ok' from process `\adaptive_aero_safety_control.$proc$/root/chiploop-backend/backend/workflows/fca8d1f6-5127-4f67-ac36-c90825d4284d/fpga/src/upstream/adaptive_aero_safety_control.v:89$55'.
No latch inferred for signal `\adaptive_aero_safety_control.\limited_cmd' from process `\adaptive_aero_safety_control.$proc$/root/chiploop-backend/backend/workflows/fca8d1f6-5127-4f67-ac36-c90825d4284d/fpga/src/upstream/adaptive_aero_safety_control.v:89$55'.
No latch inferred for signal `\adaptive_aero_safety_control.\clamp_hit' from process `\adaptive_aero_safety_control.$proc$/root/chiploop-backend/backend/workflows/fca8d1f6-5127-4f67-ac36-c90825d4284d/fpga/src/upstream/adaptive_aero_safety_control.v:89$55'.
No latch inferred for signal `\adaptive_aero_safety_control.\timeout_hit' from process `\adaptive_aero_safety_control.$proc$/root/chiploop-backend/backend/workflows/fca8d1f6-5127-4f67-ac36-c90825d4284d/fpga/src/upstream/adaptive_aero_safety_control.v:89$55'.
No latch inferred for signal `\adaptive_aero_register_bank.\reg_rdata_next' from process `\adaptive_aero_register_bank.$proc$/root/chiploop-backend/backend/workflows/fca8d1f6-5127-4f67-ac36-c90825d4284d/fpga/src/upstream/adaptive_aero_register_bank.v:93$50'.
No latch inferred for signal `\adaptive_aero_register_bank.\reg_ready_next' from process `\adaptive_aero_register_bank.$proc$/root/chiploop-backend/backend/workflows/fca8d1f6-5127-4f67-ac36-c90825d4284d/fpga/src/upstream/adaptive_aero_register_bank.v:93$50'.
No latch inferred for signal `\adaptive_aero_register_bank.\cfg_enable_next' from process `\adaptive_aero_register_bank.$proc$/root/chiploop-backend/backend/workflows/fca8d1f6-5127-4f67-ac36-c90825d4284d/fpga/src/upstream/adaptive_aero_register_bank.v:93$50'.
No latch inferred for signal `\adaptive_aero_register_bank.\cfg_mode_next' from process `\adaptive_aero_register_bank.$proc$/root/chiploop-backend/backend/workflows/fca8d1f6-5127-4f67-ac36-c90825d4284d/fpga/src/upstream/adaptive_aero_register_bank.v:93$50'.
No latch inferred for signal `\adaptive_aero_register_bank.\cfg_request_trigger_next' from process `\adaptive_aero_register_bank.$proc$/root/chiploop-backend/backend/workflows/fca8d1f6-5127-4f67-ac36-c90825d4284d/fpga/src/upstream/adaptive_aero_register_bank.v:93$50'.
No latch inferred for signal `\adaptive_aero_register_bank.\cfg_fault_clear_next' from process `\adaptive_aero_register_bank.$proc$/root/chiploop-backend/backend/workflows/fca8d1f6-5127-4f67-ac36-c90825d4284d/fpga/src/upstream/adaptive_aero_register_bank.v:93$50'.
No latch inferred for signal `\adaptive_aero_register_bank.\cfg_output_mode_next' from process `\adaptive_aero_register_bank.$proc$/root/chiploop-backend/backend/workflows/fca8d1f6-5127-4f67-ac36-c90825d4284d/fpga/src/upstream/adaptive_aero_register_bank.v:93$50'.
No latch inferred for signal `\adaptive_aero_register_bank.\cfg_timeout_cycles_next' from process `\adaptive_aero_register_bank.$proc$/root/chiploop-backend/backend/workflows/fca8d1f6-5127-4f67-ac36-c90825d4284d/fpga/src/upstream/adaptive_aero_register_bank.v:93$50'.
No latch inferred for signal `\adaptive_aero_register_bank.\cfg_act_min_next' from process `\adaptive_aero_register_bank.$proc$/root/chiploop-backend/backend/workflows/fca8d1f6-5127-4f67-ac36-c90825d4284d/fpga/src/upstream/adaptive_aero_register_bank.v:93$50'.
No latch inferred for signal `\adaptive_aero_register_bank.\cfg_act_max_next' from process `\adaptive_aero_register_bank.$proc$/root/chiploop-backend/backend/workflows/fca8d1f6-5127-4f67-ac36-c90825d4284d/fpga/src/upstream/adaptive_aero_register_bank.v:93$50'.
No latch inferred for signal `\adaptive_aero_register_bank.\cfg_act_safe_next' from process `\adaptive_aero_register_bank.$proc$/root/chiploop-backend/backend/workflows/fca8d1f6-5127-4f67-ac36-c90825d4284d/fpga/src/upstream/adaptive_aero_register_bank.v:93$50'.
No latch inferred for signal `\adaptive_aero_register_bank.\cfg_velocity_ref_next' from process `\adaptive_aero_register_bank.$proc$/root/chiploop-backend/backend/workflows/fca8d1f6-5127-4f67-ac36-c90825d4284d/fpga/src/upstream/adaptive_aero_register_bank.v:93$50'.
No latch inferred for signal `\adaptive_aero_register_bank.\cfg_request_flags_next' from process `\adaptive_aero_register_bank.$proc$/root/chiploop-backend/backend/workflows/fca8d1f6-5127-4f67-ac36-c90825d4284d/fpga/src/upstream/adaptive_aero_register_bank.v:93$50'.
No latch inferred for signal `\adaptive_aero_model_gateway.\seq_next' from process `\adaptive_aero_model_gateway.$proc$/root/chiploop-backend/backend/workflows/fca8d1f6-5127-4f67-ac36-c90825d4284d/fpga/src/upstream/adaptive_aero_model_gateway.v:79$34'.
No latch inferred for signal `\adaptive_aero_model_gateway.\req_seq_next' from process `\adaptive_aero_model_gateway.$proc$/root/chiploop-backend/backend/workflows/fca8d1f6-5127-4f67-ac36-c90825d4284d/fpga/src/upstream/adaptive_aero_model_gateway.v:79$34'.
No latch inferred for signal `\adaptive_aero_model_gateway.\rsp_seq_next' from process `\adaptive_aero_model_gateway.$proc$/root/chiploop-backend/backend/workflows/fca8d1f6-5127-4f67-ac36-c90825d4284d/fpga/src/upstream/adaptive_aero_model_gateway.v:79$34'.
No latch inferred for signal `\adaptive_aero_model_gateway.\rsp_cmd_next' from process `\adaptive_aero_model_gateway.$proc$/root/chiploop-backend/backend/workflows/fca8d1f6-5127-4f67-ac36-c90825d4284d/fpga/src/upstream/adaptive_aero_model_gateway.v:79$34'.
No latch inferred for signal `\adaptive_aero_model_gateway.\seq_last_accepted_next' from process `\adaptive_aero_model_gateway.$proc$/root/chiploop-backend/backend/workflows/fca8d1f6-5127-4f67-ac36-c90825d4284d/fpga/src/upstream/adaptive_aero_model_gateway.v:79$34'.
No latch inferred for signal `\adaptive_aero_model_gateway.\fault_transport_next' from process `\adaptive_aero_model_gateway.$proc$/root/chiploop-backend/backend/workflows/fca8d1f6-5127-4f67-ac36-c90825d4284d/fpga/src/upstream/adaptive_aero_model_gateway.v:79$34'.
No latch inferred for signal `\adaptive_aero_model_gateway.\fault_malformed_next' from process `\adaptive_aero_model_gateway.$proc$/root/chiploop-backend/backend/workflows/fca8d1f6-5127-4f67-ac36-c90825d4284d/fpga/src/upstream/adaptive_aero_model_gateway.v:79$34'.
No latch inferred for signal `\adaptive_aero_model_gateway.\fault_stale_next' from process `\adaptive_aero_model_gateway.$proc$/root/chiploop-backend/backend/workflows/fca8d1f6-5127-4f67-ac36-c90825d4284d/fpga/src/upstream/adaptive_aero_model_gateway.v:79$34'.
No latch inferred for signal `\adaptive_aero_model_gateway.\req_valid_next' from process `\adaptive_aero_model_gateway.$proc$/root/chiploop-backend/backend/workflows/fca8d1f6-5127-4f67-ac36-c90825d4284d/fpga/src/upstream/adaptive_aero_model_gateway.v:79$34'.
No latch inferred for signal `\adaptive_aero_model_gateway.\rsp_ready_next' from process `\adaptive_aero_model_gateway.$proc$/root/chiploop-backend/backend/workflows/fca8d1f6-5127-4f67-ac36-c90825d4284d/fpga/src/upstream/adaptive_aero_model_gateway.v:79$34'.
No latch inferred for signal `\adaptive_aero_model_gateway.\req_data_next' from process `\adaptive_aero_model_gateway.$proc$/root/chiploop-backend/backend/workflows/fca8d1f6-5127-4f67-ac36-c90825d4284d/fpga/src/upstream/adaptive_aero_model_gateway.v:79$34'.
No latch inferred for signal `\adaptive_aero_model_gateway.\pending_next' from process `\adaptive_aero_model_gateway.$proc$/root/chiploop-backend/backend/workflows/fca8d1f6-5127-4f67-ac36-c90825d4284d/fpga/src/upstream/adaptive_aero_model_gateway.v:79$34'.
No latch inferred for signal `\adaptive_aero_model_gateway.\busy_next' from process `\adaptive_aero_model_gateway.$proc$/root/chiploop-backend/backend/workflows/fca8d1f6-5127-4f67-ac36-c90825d4284d/fpga/src/upstream/adaptive_aero_model_gateway.v:79$34'.
No latch inferred for signal `\adaptive_aero_control_top_spi_fpga_top.\spi_miso' from process `\adaptive_aero_control_top_spi_fpga_top.$proc$/root/chiploop-backend/backend/workflows/fca8d1f6-5127-4f67-ac36-c90825d4284d/fpga/src/fpga/target_explorer/interface_adapter/adaptive_aero_control_top_spi_fpga_top.sv:0$9'.

7.9. Executing PROC_DFF pass (convert process syncs to FFs).
Creating register for signal `\adaptive_aero_safety_control.\act_cmd_valid' using process `\adaptive_aero_safety_control.$proc$/root/chiploop-backend/backend/workflows/fca8d1f6-5127-4f67-ac36-c90825d4284d/fpga/src/upstream/adaptive_aero_safety_control.v:194$97'.
  created $adff cell `$procdff$748' with positive edge clock and negative level reset.
Creating register for signal `\adaptive_aero_safety_control.\act_cmd' using process `\adaptive_aero_safety_control.$proc$/root/chiploop-backend/backend/workflows/fca8d1f6-5127-4f67-ac36-c90825d4284d/fpga/src/upstream/adaptive_aero_safety_control.v:194$97'.
  created $adff cell `$procdff$749' with positive edge clock and negative level reset.
Creating register for signal `\adaptive_aero_safety_control.\status_busy' using process `\adaptive_aero_safety_control.$proc$/root/chiploop-backend/backend/workflows/fca8d1f6-5127-4f67-ac36-c90825d4284d/fpga/src/upstream/adaptive_aero_safety_control.v:194$97'.
  created $adff cell `$procdff$750' with positive edge clock and negative level reset.
Creating register for signal `\adaptive_aero_safety_control.\status_pending' using process `\adaptive_aero_safety_control.$proc$/root/chiploop-backend/backend/workflows/fca8d1f6-5127-4f67-ac36-c90825d4284d/fpga/src/upstream/adaptive_aero_safety_control.v:194$97'.
  created $adff cell `$procdff$751' with positive edge clock and negative level reset.
Creating register for signal `\adaptive_aero_safety_control.\status_seq_last_accepted' using process `\adaptive_aero_safety_control.$proc$/root/chiploop-backend/backend/workflows/fca8d1f6-5127-4f67-ac36-c90825d4284d/fpga/src/upstream/adaptive_aero_safety_control.v:194$97'.
  created $adff cell `$procdff$752' with positive edge clock and negative level reset.
Creating register for signal `\adaptive_aero_safety_control.\status_req_seq' using process `\adaptive_aero_safety_control.$proc$/root/chiploop-backend/backend/workflows/fca8d1f6-5127-4f67-ac36-c90825d4284d/fpga/src/upstream/adaptive_aero_safety_control.v:194$97'.
  created $adff cell `$procdff$753' with positive edge clock and negative level reset.
Creating register for signal `\adaptive_aero_safety_control.\status_rsp_seq' using process `\adaptive_aero_safety_control.$proc$/root/chiploop-backend/backend/workflows/fca8d1f6-5127-4f67-ac36-c90825d4284d/fpga/src/upstream/adaptive_aero_safety_control.v:194$97'.
  created $adff cell `$procdff$754' with positive edge clock and negative level reset.
Creating register for signal `\adaptive_aero_safety_control.\status_rsp_cmd' using process `\adaptive_aero_safety_control.$proc$/root/chiploop-backend/backend/workflows/fca8d1f6-5127-4f67-ac36-c90825d4284d/fpga/src/upstream/adaptive_aero_safety_control.v:194$97'.
  created $adff cell `$procdff$755' with positive edge clock and negative level reset.
Creating register for signal `\adaptive_aero_safety_control.\fault_timeout' using process `\adaptive_aero_safety_control.$proc$/root/chiploop-backend/backend/workflows/fca8d1f6-5127-4f67-ac36-c90825d4284d/fpga/src/upstream/adaptive_aero_safety_control.v:194$97'.
  created $adff cell `$procdff$756' with positive edge clock and negative level reset.
Creating register for signal `\adaptive_aero_safety_control.\fault_clamp' using process `\adaptive_aero_safety_control.$proc$/root/chiploop-backend/backend/workflows/fca8d1f6-5127-4f67-ac36-c90825d4284d/fpga/src/upstream/adaptive_aero_safety_control.v:194$97'.
  created $adff cell `$procdff$757' with positive edge clock and negative level reset.
Creating register for signal `\adaptive_aero_safety_control.\fault_sticky' using process `\adaptive_aero_safety_control.$proc$/root/chiploop-backend/backend/workflows/fca8d1f6-5127-4f67-ac36-c90825d4284d/fpga/src/upstream/adaptive_aero_safety_control.v:194$97'.
  created $adff cell `$procdff$758' with positive edge clock and negative level reset.
Creating register for signal `\adaptive_aero_safety_control.\timeout_active' using process `\adaptive_aero_safety_control.$proc$/root/chiploop-backend/backend/workflows/fca8d1f6-5127-4f67-ac36-c90825d4284d/fpga/src/upstream/adaptive_aero_safety_control.v:194$97'.
  created $adff cell `$procdff$759' with positive edge clock and negative level reset.
Creating register for signal `\adaptive_aero_safety_control.\fallback_active' using process `\adaptive_aero_safety_control.$proc$/root/chiploop-backend/backend/workflows/fca8d1f6-5127-4f67-ac36-c90825d4284d/fpga/src/upstream/adaptive_aero_safety_control.v:194$97'.
  created $adff cell `$procdff$760' with positive edge clock and negative level reset.
Creating register for signal `\adaptive_aero_safety_control.\timeout_count' using process `\adaptive_aero_safety_control.$proc$/root/chiploop-backend/backend/workflows/fca8d1f6-5127-4f67-ac36-c90825d4284d/fpga/src/upstream/adaptive_aero_safety_control.v:194$97'.
  created $adff cell `$procdff$761' with positive edge clock and negative level reset.
Creating register for signal `\adaptive_aero_safety_control.\timeout_running' using process `\adaptive_aero_safety_control.$proc$/root/chiploop-backend/backend/workflows/fca8d1f6-5127-4f67-ac36-c90825d4284d/fpga/src/upstream/adaptive_aero_safety_control.v:194$97'.
  created $adff cell `$procdff$762' with positive edge clock and negative level reset.
Creating register for signal `\adaptive_aero_safety_control.\accepted_cmd' using process `\adaptive_aero_safety_control.$proc$/root/chiploop-backend/backend/workflows/fca8d1f6-5127-4f67-ac36-c90825d4284d/fpga/src/upstream/adaptive_aero_safety_control.v:194$97'.
  created $adff cell `$procdff$763' with positive edge clock and negative level reset.
Creating register for signal `\adaptive_aero_register_bank.\reg_rdata' using process `\adaptive_aero_register_bank.$proc$/root/chiploop-backend/backend/workflows/fca8d1f6-5127-4f67-ac36-c90825d4284d/fpga/src/upstream/adaptive_aero_register_bank.v:196$53'.
  created $adff cell `$procdff$764' with positive edge clock and negative level reset.
Creating register for signal `\adaptive_aero_register_bank.\reg_ready' using process `\adaptive_aero_register_bank.$proc$/root/chiploop-backend/backend/workflows/fca8d1f6-5127-4f67-ac36-c90825d4284d/fpga/src/upstream/adaptive_aero_register_bank.v:196$53'.
  created $adff cell `$procdff$765' with positive edge clock and negative level reset.
Creating register for signal `\adaptive_aero_register_bank.\cfg_enable' using process `\adaptive_aero_register_bank.$proc$/root/chiploop-backend/backend/workflows/fca8d1f6-5127-4f67-ac36-c90825d4284d/fpga/src/upstream/adaptive_aero_register_bank.v:196$53'.
  created $adff cell `$procdff$766' with positive edge clock and negative level reset.
Creating register for signal `\adaptive_aero_register_bank.\cfg_mode' using process `\adaptive_aero_register_bank.$proc$/root/chiploop-backend/backend/workflows/fca8d1f6-5127-4f67-ac36-c90825d4284d/fpga/src/upstream/adaptive_aero_register_bank.v:196$53'.
  created $adff cell `$procdff$767' with positive edge clock and negative level reset.
Creating register for signal `\adaptive_aero_register_bank.\cfg_request_trigger' using process `\adaptive_aero_register_bank.$proc$/root/chiploop-backend/backend/workflows/fca8d1f6-5127-4f67-ac36-c90825d4284d/fpga/src/upstream/adaptive_aero_register_bank.v:196$53'.
  created $adff cell `$procdff$768' with positive edge clock and negative level reset.
Creating register for signal `\adaptive_aero_register_bank.\cfg_fault_clear' using process `\adaptive_aero_register_bank.$proc$/root/chiploop-backend/backend/workflows/fca8d1f6-5127-4f67-ac36-c90825d4284d/fpga/src/upstream/adaptive_aero_register_bank.v:196$53'.
  created $adff cell `$procdff$769' with positive edge clock and negative level reset.
Creating register for signal `\adaptive_aero_register_bank.\cfg_output_mode' using process `\adaptive_aero_register_bank.$proc$/root/chiploop-backend/backend/workflows/fca8d1f6-5127-4f67-ac36-c90825d4284d/fpga/src/upstream/adaptive_aero_register_bank.v:196$53'.
  created $adff cell `$procdff$770' with positive edge clock and negative level reset.
Creating register for signal `\adaptive_aero_register_bank.\cfg_timeout_cycles' using process `\adaptive_aero_register_bank.$proc$/root/chiploop-backend/backend/workflows/fca8d1f6-5127-4f67-ac36-c90825d4284d/fpga/src/upstream/adaptive_aero_register_bank.v:196$53'.
  created $adff cell `$procdff$771' with positive edge clock and negative level reset.
Creating register for signal `\adaptive_aero_register_bank.\cfg_act_min' using process `\adaptive_aero_register_bank.$proc$/root/chiploop-backend/backend/workflows/fca8d1f6-5127-4f67-ac36-c90825d4284d/fpga/src/upstream/adaptive_aero_register_bank.v:196$53'.
  created $adff cell `$procdff$772' with positive edge clock and negative level reset.
Creating register for signal `\adaptive_aero_register_bank.\cfg_act_max' using process `\adaptive_aero_register_bank.$proc$/root/chiploop-backend/backend/workflows/fca8d1f6-5127-4f67-ac36-c90825d4284d/fpga/src/upstream/adaptive_aero_register_bank.v:196$53'.
  created $adff cell `$procdff$773' with positive edge clock and negative level reset.
Creating register for signal `\adaptive_aero_register_bank.\cfg_act_safe' using process `\adaptive_aero_register_bank.$proc$/root/chiploop-backend/backend/workflows/fca8d1f6-5127-4f67-ac36-c90825d4284d/fpga/src/upstream/adaptive_aero_register_bank.v:196$53'.
  created $adff cell `$procdff$774' with positive edge clock and negative level reset.
Creating register for signal `\adaptive_aero_register_bank.\cfg_velocity_ref' using process `\adaptive_aero_register_bank.$proc$/root/chiploop-backend/backend/workflows/fca8d1f6-5127-4f67-ac36-c90825d4284d/fpga/src/upstream/adaptive_aero_register_bank.v:196$53'.
  created $adff cell `$procdff$775' with positive edge clock and negative level reset.
Creating register for signal `\adaptive_aero_register_bank.\cfg_request_flags' using process `\adaptive_aero_register_bank.$proc$/root/chiploop-backend/backend/workflows/fca8d1f6-5127-4f67-ac36-c90825d4284d/fpga/src/upstream/adaptive_aero_register_bank.v:196$53'.
  created $adff cell `$procdff$776' with positive edge clock and negative level reset.
Creating register for signal `\adaptive_aero_model_gateway.\req_valid' using process `\adaptive_aero_model_gateway.$proc$/root/chiploop-backend/backend/workflows/fca8d1f6-5127-4f67-ac36-c90825d4284d/fpga/src/upstream/adaptive_aero_model_gateway.v:127$41'.
  created $adff cell `$procdff$777' with positive edge clock and negative level reset.
Creating register for signal `\adaptive_aero_model_gateway.\req_data' using process `\adaptive_aero_model_gateway.$proc$/root/chiploop-backend/backend/workflows/fca8d1f6-5127-4f67-ac36-c90825d4284d/fpga/src/upstream/adaptive_aero_model_gateway.v:127$41'.
  created $adff cell `$procdff$778' with positive edge clock and negative level reset.
Creating register for signal `\adaptive_aero_model_gateway.\rsp_ready' using process `\adaptive_aero_model_gateway.$proc$/root/chiploop-backend/backend/workflows/fca8d1f6-5127-4f67-ac36-c90825d4284d/fpga/src/upstream/adaptive_aero_model_gateway.v:127$41'.
  created $adff cell `$procdff$779' with positive edge clock and negative level reset.
Creating register for signal `\adaptive_aero_model_gateway.\fault_transport' using process `\adaptive_aero_model_gateway.$proc$/root/chiploop-backend/backend/workflows/fca8d1f6-5127-4f67-ac36-c90825d4284d/fpga/src/upstream/adaptive_aero_model_gateway.v:127$41'.
  created $adff cell `$procdff$780' with positive edge clock and negative level reset.
Creating register for signal `\adaptive_aero_model_gateway.\fault_malformed' using process `\adaptive_aero_model_gateway.$proc$/root/chiploop-backend/backend/workflows/fca8d1f6-5127-4f67-ac36-c90825d4284d/fpga/src/upstream/adaptive_aero_model_gateway.v:127$41'.
  created $adff cell `$procdff$781' with positive edge clock and negative level reset.
Creating register for signal `\adaptive_aero_model_gateway.\fault_stale' using process `\adaptive_aero_model_gateway.$proc$/root/chiploop-backend/backend/workflows/fca8d1f6-5127-4f67-ac36-c90825d4284d/fpga/src/upstream/adaptive_aero_model_gateway.v:127$41'.
  created $adff cell `$procdff$782' with positive edge clock and negative level reset.
Creating register for signal `\adaptive_aero_model_gateway.\pending' using process `\adaptive_aero_model_gateway.$proc$/root/chiploop-backend/backend/workflows/fca8d1f6-5127-4f67-ac36-c90825d4284d/fpga/src/upstream/adaptive_aero_model_gateway.v:127$41'.
  created $adff cell `$procdff$783' with positive edge clock and negative level reset.
Creating register for signal `\adaptive_aero_model_gateway.\busy' using process `\adaptive_aero_model_gateway.$proc$/root/chiploop-backend/backend/workflows/fca8d1f6-5127-4f67-ac36-c90825d4284d/fpga/src/upstream/adaptive_aero_model_gateway.v:127$41'.
  created $adff cell `$procdff$784' with positive edge clock and negative level reset.
Creating register for signal `\adaptive_aero_model_gateway.\seq_last_accepted' using process `\adaptive_aero_model_gateway.$proc$/root/chiploop-backend/backend/workflows/fca8d1f6-5127-4f67-ac36-c90825d4284d/fpga/src/upstream/adaptive_aero_model_gateway.v:127$41'.
  created $adff cell `$procdff$785' with positive edge clock and negative level reset.
Creating register for signal `\adaptive_aero_model_gateway.\req_seq' using process `\adaptive_aero_model_gateway.$proc$/root/chiploop-backend/backend/workflows/fca8d1f6-5127-4f67-ac36-c90825d4284d/fpga/src/upstream/adaptive_aero_model_gateway.v:127$41'.
  created $adff cell `$procdff$786' with positive edge clock and negative level reset.
Creating register for signal `\adaptive_aero_model_gateway.\rsp_seq' using process `\adaptive_aero_model_gateway.$proc$/root/chiploop-backend/backend/workflows/fca8d1f6-5127-4f67-ac36-c90825d4284d/fpga/src/upstream/adaptive_aero_model_gateway.v:127$41'.
  created $adff cell `$procdff$787' with positive edge clock and negative level reset.
Creating register for signal `\adaptive_aero_model_gateway.\rsp_cmd' using process `\adaptive_aero_model_gateway.$proc$/root/chiploop-backend/backend/workflows/fca8d1f6-5127-4f67-ac36-c90825d4284d/fpga/src/upstream/adaptive_aero_model_gateway.v:127$41'.
  created $adff cell `$procdff$788' with positive edge clock and negative level reset.
Creating register for signal `\adaptive_aero_model_gateway.\pending_seq' using process `\adaptive_aero_model_gateway.$proc$/root/chiploop-backend/backend/workflows/fca8d1f6-5127-4f67-ac36-c90825d4284d/fpga/src/upstream/adaptive_aero_model_gateway.v:127$41'.
  created $adff cell `$procdff$789' with positive edge clock and negative level reset.
Creating register for signal `\adaptive_aero_model_gateway.\pending_reg' using process `\adaptive_aero_model_gateway.$proc$/root/chiploop-backend/backend/workflows/fca8d1f6-5127-4f67-ac36-c90825d4284d/fpga/src/upstream/adaptive_aero_model_gateway.v:127$41'.
  created $adff cell `$procdff$790' with positive edge clock and negative level reset.
Creating register for signal `\adaptive_aero_control_top_spi_fpga_top.\rx_active' using process `\adaptive_aero_control_top_spi_fpga_top.$proc$/root/chiploop-backend/backend/workflows/fca8d1f6-5127-4f67-ac36-c90825d4284d/fpga/src/fpga/target_explorer/interface_adapter/adaptive_aero_control_top_spi_fpga_top.sv:65$5'.
  created $adff cell `$procdff$791' with positive edge clock and negative level reset.
Creating register for signal `\adaptive_aero_control_top_spi_fpga_top.\tx_snapshot' using process `\adaptive_aero_control_top_spi_fpga_top.$proc$/root/chiploop-backend/backend/workflows/fca8d1f6-5127-4f67-ac36-c90825d4284d/fpga/src/fpga/target_explorer/interface_adapter/adaptive_aero_control_top_spi_fpga_top.sv:65$5'.
  created $adff cell `$procdff$792' with positive edge clock and negative level reset.
Creating register for signal `\adaptive_aero_control_top_spi_fpga_top.\spi_cs_meta' using process `\adaptive_aero_control_top_spi_fpga_top.$proc$/root/chiploop-backend/backend/workflows/fca8d1f6-5127-4f67-ac36-c90825d4284d/fpga/src/fpga/target_explorer/interface_adapter/adaptive_aero_control_top_spi_fpga_top.sv:65$5'.
  created $adff cell `$procdff$793' with positive edge clock and negative level reset.
Creating register for signal `\adaptive_aero_control_top_spi_fpga_top.\spi_cs_sync' using process `\adaptive_aero_control_top_spi_fpga_top.$proc$/root/chiploop-backend/backend/workflows/fca8d1f6-5127-4f67-ac36-c90825d4284d/fpga/src/fpga/target_explorer/interface_adapter/adaptive_aero_control_top_spi_fpga_top.sv:65$5'.
  created $adff cell `$procdff$794' with positive edge clock and negative level reset.
Creating register for signal `\adaptive_aero_control_top_spi_fpga_top.\spi_cs_prev' using process `\adaptive_aero_control_top_spi_fpga_top.$proc$/root/chiploop-backend/backend/workflows/fca8d1f6-5127-4f67-ac36-c90825d4284d/fpga/src/fpga/target_explorer/interface_adapter/adaptive_aero_control_top_spi_fpga_top.sv:65$5'.
  created $adff cell `$procdff$795' with positive edge clock and negative level reset.
Creating register for signal `\adaptive_aero_control_top_spi_fpga_top.\rx_shift' using process `\adaptive_aero_control_top_spi_fpga_top.$proc$/root/chiploop-backend/backend/workflows/fca8d1f6-5127-4f67-ac36-c90825d4284d/fpga/src/fpga/target_explorer/interface_adapter/adaptive_aero_control_top_spi_fpga_top.sv:56$2'.
  created $dff cell `$procdff$796' with positive edge clock.
Creating register for signal `\adaptive_aero_control_top_spi_fpga_top.\tx_shift' using process `\adaptive_aero_control_top_spi_fpga_top.$proc$/root/chiploop-backend/backend/workflows/fca8d1f6-5127-4f67-ac36-c90825d4284d/fpga/src/fpga/target_explorer/interface_adapter/adaptive_aero_control_top_spi_fpga_top.sv:56$2'.
  created $dff cell `$procdff$797' with positive edge clock.
Creating register for signal `\adaptive_aero_control_top_spi_fpga_top.\spi_active' using process `\adaptive_aero_control_top_spi_fpga_top.$proc$/root/chiploop-backend/backend/workflows/fca8d1f6-5127-4f67-ac36-c90825d4284d/fpga/src/fpga/target_explorer/interface_adapter/adaptive_aero_control_top_spi_fpga_top.sv:52$1'.
  created $adff cell `$procdff$798' with positive edge clock and positive level reset.

7.10. Executing PROC_MEMWR pass (convert process memory writes to cells).

7.11. Executing PROC_CLEAN pass (remove empty switches from decision trees).
Removing empty process `adaptive_aero_safety_control.$proc$/root/chiploop-backend/backend/workflows/fca8d1f6-5127-4f67-ac36-c90825d4284d/fpga/src/upstream/adaptive_aero_safety_control.v:194$97'.
Found and cleaned up 16 empty switches in `\adaptive_aero_safety_control.$proc$/root/chiploop-backend/backend/workflows/fca8d1f6-5127-4f67-ac36-c90825d4284d/fpga/src/upstream/adaptive_aero_safety_control.v:89$55'.
Removing empty process `adaptive_aero_safety_control.$proc$/root/chiploop-backend/backend/workflows/fca8d1f6-5127-4f67-ac36-c90825d4284d/fpga/src/upstream/adaptive_aero_safety_control.v:89$55'.
Removing empty process `adaptive_aero_register_bank.$proc$/root/chiploop-backend/backend/workflows/fca8d1f6-5127-4f67-ac36-c90825d4284d/fpga/src/upstream/adaptive_aero_register_bank.v:196$53'.
Found and cleaned up 5 empty switches in `\adaptive_aero_register_bank.$proc$/root/chiploop-backend/backend/workflows/fca8d1f6-5127-4f67-ac36-c90825d4284d/fpga/src/upstream/adaptive_aero_register_bank.v:93$50'.
Removing empty process `adaptive_aero_register_bank.$proc$/root/chiploop-backend/backend/workflows/fca8d1f6-5127-4f67-ac36-c90825d4284d/fpga/src/upstream/adaptive_aero_register_bank.v:93$50'.
Found and cleaned up 1 empty switch in `\adaptive_aero_model_gateway.$proc$/root/chiploop-backend/backend/workflows/fca8d1f6-5127-4f67-ac36-c90825d4284d/fpga/src/upstream/adaptive_aero_model_gateway.v:127$41'.
Removing empty process `adaptive_aero_model_gateway.$proc$/root/chiploop-backend/backend/workflows/fca8d1f6-5127-4f67-ac36-c90825d4284d/fpga/src/upstream/adaptive_aero_model_gateway.v:127$41'.
Found and cleaned up 6 empty switches in `\adaptive_aero_model_gateway.$proc$/root/chiploop-backend/backend/workflows/fca8d1f6-5127-4f67-ac36-c90825d4284d/fpga/src/upstream/adaptive_aero_model_gateway.v:79$34'.
Removing empty process `adaptive_aero_model_gateway.$proc$/root/chiploop-backend/backend/workflows/fca8d1f6-5127-4f67-ac36-c90825d4284d/fpga/src/upstream/adaptive_aero_model_gateway.v:79$34'.
Removing empty process `adaptive_aero_control_top_spi_fpga_top.$proc$/root/chiploop-backend/backend/workflows/fca8d1f6-5127-4f67-ac36-c90825d4284d/fpga/src/fpga/target_explorer/interface_adapter/adaptive_aero_control_top_spi_fpga_top.sv:0$9'.
Found and cleaned up 1 empty switch in `\adaptive_aero_control_top_spi_fpga_top.$proc$/root/chiploop-backend/backend/workflows/fca8d1f6-5127-4f67-ac36-c90825d4284d/fpga/src/fpga/target_explorer/interface_adapter/adaptive_aero_control_top_spi_fpga_top.sv:65$5'.
Removing empty process `adaptive_aero_control_top_spi_fpga_top.$proc$/root/chiploop-backend/backend/workflows/fca8d1f6-5127-4f67-ac36-c90825d4284d/fpga/src/fpga/target_explorer/interface_adapter/adaptive_aero_control_top_spi_fpga_top.sv:65$5'.
Found and cleaned up 2 empty switches in `\adaptive_aero_control_top_spi_fpga_top.$proc$/root/chiploop-backend/backend/workflows/fca8d1f6-5127-4f67-ac36-c90825d4284d/fpga/src/fpga/target_explorer/interface_adapter/adaptive_aero_control_top_spi_fpga_top.sv:56$2'.
Removing empty process `adaptive_aero_control_top_spi_fpga_top.$proc$/root/chiploop-backend/backend/workflows/fca8d1f6-5127-4f67-ac36-c90825d4284d/fpga/src/fpga/target_explorer/interface_adapter/adaptive_aero_control_top_spi_fpga_top.sv:56$2'.
Removing empty process `adaptive_aero_control_top_spi_fpga_top.$proc$/root/chiploop-backend/backend/workflows/fca8d1f6-5127-4f67-ac36-c90825d4284d/fpga/src/fpga/target_explorer/interface_adapter/adaptive_aero_control_top_spi_fpga_top.sv:52$1'.
Cleaned up 31 empty switches.

7.12. Executing OPT_EXPR pass (perform const folding).
Optimizing module adaptive_aero_safety_control.
<suppressed ~2 debug messages>
Optimizing module adaptive_aero_register_bank.
<suppressed ~12 debug messages>
Optimizing module adaptive_aero_model_gateway.
Optimizing module adaptive_aero_control_top.
Optimizing module adaptive_aero_control_top_spi_fpga_top.
<suppressed ~4 debug messages>

8. Executing OPT pass (performing simple optimizations).

8.1. Executing OPT_EXPR pass (perform const folding).
Optimizing module adaptive_aero_safety_control.
Optimizing module adaptive_aero_register_bank.
Optimizing module adaptive_aero_model_gateway.
Optimizing module adaptive_aero_control_top.
Optimizing module adaptive_aero_control_top_spi_fpga_top.

8.2. Executing OPT_MERGE pass (detect identical cells).
Finding identical cells in module `\adaptive_aero_safety_control'.
<suppressed ~12 debug messages>
Finding identical cells in module `\adaptive_aero_register_bank'.
<suppressed ~246 debug messages>
Finding identical cells in module `\adaptive_aero_model_gateway'.
<suppressed ~27 debug messages>
Finding identical cells in module `\adaptive_aero_control_top'.
<suppressed ~3 debug messages>
Finding identical cells in module `\adaptive_aero_control_top_spi_fpga_top'.
<suppressed ~3 debug messages>
Removed a total of 97 cells.

8.3. Executing OPT_MUXTREE pass (detect dead branches in mux trees).
Running muxtree optimizer on module \adaptive_aero_safety_control..
  Creating internal representation of mux trees.
  Evaluating internal representation of mux trees.
  Analyzing evaluation results.
    dead port 2/2 on $mux $procmux$260.
    dead port 2/2 on $mux $procmux$255.
    dead port 1/2 on $mux $procmux$250.
    dead port 1/2 on $mux $procmux$244.
    dead port 1/2 on $mux $procmux$238.
    dead port 1/2 on $mux $procmux$235.
    dead port 1/2 on $mux $procmux$229.
    dead port 1/2 on $mux $procmux$226.
    dead port 2/2 on $mux $procmux$199.
    dead port 1/2 on $mux $procmux$193.
    dead port 1/2 on $mux $procmux$187.
    dead port 1/2 on $mux $procmux$181.
    dead port 1/2 on $mux $procmux$175.
    dead port 2/2 on $mux $procmux$172.
    dead port 1/2 on $mux $procmux$166.
    dead port 2/2 on $mux $procmux$163.
    dead port 1/2 on $mux $procmux$157.
    dead port 2/2 on $mux $procmux$154.
Running muxtree optimizer on module \adaptive_aero_register_bank..
  Creating internal representation of mux trees.
  Evaluating internal representation of mux trees.
  Analyzing evaluation results.
    dead port 2/2 on $mux $procmux$411.
    dead port 2/2 on $mux $procmux$405.
    dead port 2/2 on $mux $procmux$403.
    dead port 2/2 on $mux $procmux$385.
    dead port 2/2 on $mux $procmux$383.
    dead port 2/2 on $mux $procmux$365.
    dead port 2/2 on $mux $procmux$363.
    dead port 2/2 on $mux $procmux$596.
    dead port 2/2 on $mux $procmux$590.
    dead port 2/2 on $mux $procmux$584.
    dead port 2/2 on $mux $procmux$578.
    dead port 2/2 on $mux $procmux$572.
    dead port 2/2 on $mux $procmux$345.
    dead port 2/2 on $mux $procmux$343.
    dead port 2/2 on $mux $procmux$566.
    dead port 2/2 on $mux $procmux$560.
    dead port 2/2 on $mux $procmux$554.
    dead port 2/2 on $mux $procmux$548.
    dead port 2/2 on $mux $procmux$542.
    dead port 2/2 on $mux $procmux$536.
    dead port 2/2 on $mux $procmux$534.
    dead port 2/2 on $mux $procmux$325.
    dead port 2/2 on $mux $procmux$323.
    dead port 2/2 on $mux $procmux$523.
    dead port 2/2 on $mux $procmux$521.
    dead port 2/2 on $mux $procmux$511.
    dead port 2/2 on $mux $procmux$509.
    dead port 2/2 on $mux $procmux$500.
    dead port 2/2 on $mux $procmux$498.
    dead port 2/2 on $mux $procmux$305.
    dead port 2/2 on $mux $procmux$303.
    dead port 2/2 on $mux $procmux$490.
    dead port 2/2 on $mux $procmux$488.
    dead port 2/2 on $mux $procmux$481.
    dead port 2/2 on $mux $procmux$479.
    dead port 2/2 on $mux $procmux$467.
    dead port 2/2 on $mux $procmux$465.
    dead port 2/2 on $mux $procmux$285.
    dead port 2/2 on $mux $procmux$283.
    dead port 2/2 on $mux $procmux$453.
    dead port 2/2 on $mux $procmux$451.
    dead port 2/2 on $mux $procmux$439.
    dead port 2/2 on $mux $procmux$437.
    dead port 2/2 on $mux $procmux$425.
    dead port 2/2 on $mux $procmux$423.
Running muxtree optimizer on module \adaptive_aero_model_gateway..
  Creating internal representation of mux trees.
  Evaluating internal representation of mux trees.
  Analyzing evaluation results.
    dead port 2/2 on $mux $procmux$720.
    dead port 2/2 on $mux $procmux$715.
    dead port 2/2 on $mux $procmux$709.
    dead port 2/2 on $mux $procmux$703.
    dead port 1/2 on $mux $procmux$697.
    dead port 2/2 on $mux $procmux$667.
    dead port 2/2 on $mux $procmux$661.
    dead port 2/2 on $mux $procmux$655.
    dead port 2/2 on $mux $procmux$649.
    dead port 2/2 on $mux $procmux$643.
    dead port 2/2 on $mux $procmux$637.
Running muxtree optimizer on module \adaptive_aero_control_top..
  Creating internal representation of mux trees.
  No muxes found in this module.
Running muxtree optimizer on module \adaptive_aero_control_top_spi_fpga_top..
  Creating internal representation of mux trees.
  Evaluating internal representation of mux trees.
  Analyzing evaluation results.
Removed 74 multiplexer ports.
<suppressed ~48 debug messages>

8.4. Executing OPT_REDUCE pass (consolidate $*mux and $reduce_* inputs).
  Optimizing cells in module \adaptive_aero_safety_control.
  Optimizing cells in module \adaptive_aero_register_bank.
  Optimizing cells in module \adaptive_aero_model_gateway.
  Optimizing cells in module \adaptive_aero_control_top.
  Optimizing cells in module \adaptive_aero_control_top_spi_fpga_top.
Performed a total of 0 changes.

8.5. Executing OPT_MERGE pass (detect identical cells).
Finding identical cells in module `\adaptive_aero_safety_control'.
Finding identical cells in module `\adaptive_aero_register_bank'.
Finding identical cells in module `\adaptive_aero_model_gateway'.
<suppressed ~24 debug messages>
Finding identical cells in module `\adaptive_aero_control_top'.
Finding identical cells in module `\adaptive_aero_control_top_spi_fpga_top'.
Removed a total of 8 cells.

8.6. Executing OPT_DFF pass (perform DFF optimizations).
Adding EN signal on $procdff$761 ($adff) from module adaptive_aero_safety_control (D = $procmux$103_Y, Q = \timeout_count).
Adding EN signal on $procdff$762 ($adff) from module adaptive_aero_safety_control (D = $procmux$106_Y, Q = \timeout_running).
Adding EN signal on $procdff$763 ($adff) from module adaptive_aero_safety_control (D = $1\limited_cmd[15:0], Q = \accepted_cmd).
Adding EN signal on $procdff$758 ($adff) from module adaptive_aero_safety_control (D = $procmux$109_Y [31:5], Q = \fault_sticky [31:5]).
Adding EN signal on $procdff$774 ($adff) from module adaptive_aero_register_bank (D = $2\cfg_act_safe_next[15:0], Q = \cfg_act_safe).
Adding EN signal on $procdff$770 ($adff) from module adaptive_aero_register_bank (D = $2\cfg_output_mode_next[1:0], Q = \cfg_output_mode).
Adding EN signal on $procdff$775 ($adff) from module adaptive_aero_register_bank (D = $2\cfg_velocity_ref_next[15:0], Q = \cfg_velocity_ref).
Adding EN signal on $procdff$771 ($adff) from module adaptive_aero_register_bank (D = $2\cfg_timeout_cycles_next[31:0], Q = \cfg_timeout_cycles).
Handling D = Q on $procdff$776 ($adff) from module adaptive_aero_register_bank (removing D path).
Adding EN signal on $procdff$772 ($adff) from module adaptive_aero_register_bank (D = $2\cfg_act_min_next[15:0], Q = \cfg_act_min).
Adding EN signal on $procdff$766 ($adff) from module adaptive_aero_register_bank (D = $2\cfg_enable_next[0:0], Q = \cfg_enable).
Adding EN signal on $procdff$773 ($adff) from module adaptive_aero_register_bank (D = $2\cfg_act_max_next[15:0], Q = \cfg_act_max).
Adding EN signal on $procdff$767 ($adff) from module adaptive_aero_register_bank (D = $2\cfg_mode_next[1:0], Q = \cfg_mode).
Setting constant 0-bit at position 0 on $procdff$776 ($dlatch) from module adaptive_aero_register_bank.
Setting constant 0-bit at position 1 on $procdff$776 ($dlatch) from module adaptive_aero_register_bank.
Setting constant 0-bit at position 2 on $procdff$776 ($dlatch) from module adaptive_aero_register_bank.
Setting constant 0-bit at position 3 on $procdff$776 ($dlatch) from module adaptive_aero_register_bank.
Setting constant 0-bit at position 4 on $procdff$776 ($dlatch) from module adaptive_aero_register_bank.
Setting constant 0-bit at position 5 on $procdff$776 ($dlatch) from module adaptive_aero_register_bank.
Setting constant 0-bit at position 6 on $procdff$776 ($dlatch) from module adaptive_aero_register_bank.
Setting constant 0-bit at position 7 on $procdff$776 ($dlatch) from module adaptive_aero_register_bank.
Setting constant 1-bit at position 0 on $procdff$765 ($adff) from module adaptive_aero_register_bank.
Adding EN signal on $procdff$785 ($adff) from module adaptive_aero_model_gateway (D = $2\seq_last_accepted_next[15:0], Q = \seq_last_accepted).
Adding EN signal on $procdff$786 ($adff) from module adaptive_aero_model_gateway (D = $2\req_seq_next[15:0], Q = \req_seq).
Adding EN signal on $procdff$787 ($adff) from module adaptive_aero_model_gateway (D = \rsp_data [15:0], Q = \rsp_seq).
Adding EN signal on $procdff$788 ($adff) from module adaptive_aero_model_gateway (D = \rsp_data [31:16], Q = \rsp_cmd).
Adding EN signal on $procdff$789 ($adff) from module adaptive_aero_model_gateway (D = $add$/root/chiploop-backend/backend/workflows/fca8d1f6-5127-4f67-ac36-c90825d4284d/fpga/src/upstream/adaptive_aero_model_gateway.v:158$47_Y, Q = \pending_seq).
Adding EN signal on $procdff$778 ($adff) from module adaptive_aero_model_gateway (D = $procmux$735_Y, Q = \req_data).
Adding EN signal on $procdff$791 ($adff) from module adaptive_aero_control_top_spi_fpga_top (D = \rx_shift [109:0], Q = \rx_active).
Adding EN signal on $procdff$792 ($adff) from module adaptive_aero_control_top_spi_fpga_top (D = { \core_reg_rdata \core_reg_ready \core_reg_status \core_req_valid \core_req_data \core_rsp_ready \core_act_cmd_valid \core_act_cmd \core_fault_irq 2'00 }, Q = \tx_snapshot).
Adding EN signal on $procdff$796 ($dff) from module adaptive_aero_control_top_spi_fpga_top (D = { \rx_shift [118:0] \spi_mosi }, Q = \rx_shift).
Adding EN signal on $procdff$797 ($dff) from module adaptive_aero_control_top_spi_fpga_top (D = $procmux$742_Y, Q = \tx_shift).
Setting constant 0-bit at position 0 on $auto$ff.cc:266:slice$837 ($adffe) from module adaptive_aero_control_top_spi_fpga_top.
Setting constant 0-bit at position 1 on $auto$ff.cc:266:slice$837 ($adffe) from module adaptive_aero_control_top_spi_fpga_top.

8.7. Executing OPT_CLEAN pass (remove unused cells and wires).
Finding unused cells or wires in module \adaptive_aero_safety_control..
Finding unused cells or wires in module \adaptive_aero_register_bank..
Finding unused cells or wires in module \adaptive_aero_model_gateway..
Finding unused cells or wires in module \adaptive_aero_control_top..
Finding unused cells or wires in module \adaptive_aero_control_top_spi_fpga_top..
Removed 31 unused cells and 615 unused wires.
<suppressed ~54 debug messages>

8.8. Executing OPT_EXPR pass (perform const folding).
Optimizing module adaptive_aero_control_top.
Optimizing module adaptive_aero_control_top_spi_fpga_top.
Optimizing module adaptive_aero_model_gateway.
<suppressed ~1 debug messages>
Optimizing module adaptive_aero_register_bank.
Optimizing module adaptive_aero_safety_control.
<suppressed ~3 debug messages>

8.9. Rerunning OPT passes. (Maybe there is more to do..)

8.10. Executing OPT_MUXTREE pass (detect dead branches in mux trees).
Running muxtree optimizer on module \adaptive_aero_control_top..
  Creating internal representation of mux trees.
  No muxes found in this module.
Running muxtree optimizer on module \adaptive_aero_control_top_spi_fpga_top..
  Creating internal representation of mux trees.
  Evaluating internal representation of mux trees.
  Analyzing evaluation results.
Running muxtree optimizer on module \adaptive_aero_model_gateway..
  Creating internal representation of mux trees.
  Evaluating internal representation of mux trees.
  Analyzing evaluation results.
Running muxtree optimizer on module \adaptive_aero_register_bank..
  Creating internal representation of mux trees.
  Evaluating internal representation of mux trees.
  Analyzing evaluation results.
Running muxtree optimizer on module \adaptive_aero_safety_control..
  Creating internal representation of mux trees.
  Evaluating internal representation of mux trees.
  Analyzing evaluation results.
Removed 0 multiplexer ports.
<suppressed ~35 debug messages>

8.11. Executing OPT_REDUCE pass (consolidate $*mux and $reduce_* inputs).
  Optimizing cells in module \adaptive_aero_control_top.
  Optimizing cells in module \adaptive_aero_control_top_spi_fpga_top.
  Optimizing cells in module \adaptive_aero_model_gateway.
  Optimizing cells in module \adaptive_aero_register_bank.
  Optimizing cells in module \adaptive_aero_safety_control.
Performed a total of 0 changes.

8.12. Executing OPT_MERGE pass (detect identical cells).
Finding identical cells in module `\adaptive_aero_control_top'.
Finding identical cells in module `\adaptive_aero_control_top_spi_fpga_top'.
Finding identical cells in module `\adaptive_aero_model_gateway'.
Finding identical cells in module `\adaptive_aero_register_bank'.
Finding identical cells in module `\adaptive_aero_safety_control'.
Removed a total of 0 cells.

8.13. Executing OPT_DFF pass (perform DFF optimizations).
Adding SRST signal on $auto$ff.cc:266:slice$839 ($dffe) from module adaptive_aero_control_top_spi_fpga_top (D = \tx_shift [1:0], Q = \tx_shift [2:1], rval = 2'00).
Adding EN signal on $auto$ff.cc:266:slice$829 ($adffe) from module adaptive_aero_model_gateway (D = $add$/root/chiploop-backend/backend/workflows/fca8d1f6-5127-4f67-ac36-c90825d4284d/fpga/src/upstream/adaptive_aero_model_gateway.v:158$47_Y, Q = \req_seq).
Adding EN signal on $auto$ff.cc:266:slice$828 ($adffe) from module adaptive_aero_model_gateway (D = \rsp_data [15:0], Q = \seq_last_accepted).
Adding EN signal on $auto$ff.cc:266:slice$826 ($adffe) from module adaptive_aero_register_bank (D = \reg_wdata [15:0], Q = \cfg_act_max).
Adding EN signal on $auto$ff.cc:266:slice$824 ($adffe) from module adaptive_aero_register_bank (D = \reg_wdata [15:0], Q = \cfg_act_min).
Adding EN signal on $auto$ff.cc:266:slice$823 ($adffe) from module adaptive_aero_register_bank (D = \reg_wdata, Q = \cfg_timeout_cycles).
Adding EN signal on $auto$ff.cc:266:slice$822 ($adffe) from module adaptive_aero_register_bank (D = \reg_wdata [15:0], Q = \cfg_velocity_ref).
Adding EN signal on $auto$ff.cc:266:slice$821 ($adffe) from module adaptive_aero_register_bank (D = \reg_wdata [6:5], Q = \cfg_output_mode).
Adding EN signal on $auto$ff.cc:266:slice$820 ($adffe) from module adaptive_aero_register_bank (D = \reg_wdata [15:0], Q = \cfg_act_safe).

8.14. Executing OPT_CLEAN pass (remove unused cells and wires).
Finding unused cells or wires in module \adaptive_aero_control_top..
Finding unused cells or wires in module \adaptive_aero_control_top_spi_fpga_top..
Finding unused cells or wires in module \adaptive_aero_model_gateway..
Finding unused cells or wires in module \adaptive_aero_register_bank..
Finding unused cells or wires in module \adaptive_aero_safety_control..
Removed 14 unused cells and 14 unused wires.
<suppressed ~16 debug messages>

8.15. Executing OPT_EXPR pass (perform const folding).
Optimizing module adaptive_aero_control_top.
Optimizing module adaptive_aero_control_top_spi_fpga_top.
Optimizing module adaptive_aero_model_gateway.
Optimizing module adaptive_aero_register_bank.
Optimizing module adaptive_aero_safety_control.

8.16. Rerunning OPT passes. (Maybe there is more to do..)

8.17. Executing OPT_MUXTREE pass (detect dead branches in mux trees).
Running muxtree optimizer on module \adaptive_aero_control_top..
  Creating internal representation of mux trees.
  No muxes found in this module.
Running muxtree optimizer on module \adaptive_aero_control_top_spi_fpga_top..
  Creating internal representation of mux trees.
  Evaluating internal representation of mux trees.
  Analyzing evaluation results.
Running muxtree optimizer on module \adaptive_aero_model_gateway..
  Creating internal representation of mux trees.
  Evaluating internal representation of mux trees.
  Analyzing evaluation results.
Running muxtree optimizer on module \adaptive_aero_register_bank..
  Creating internal representation of mux trees.
  Evaluating internal representation of mux trees.
  Analyzing evaluation results.
Running muxtree optimizer on module \adaptive_aero_safety_control..
  Creating internal representation of mux trees.
  Evaluating internal representation of mux trees.
  Analyzing evaluation results.
Removed 0 multiplexer ports.
<suppressed ~27 debug messages>

8.18. Executing OPT_REDUCE pass (consolidate $*mux and $reduce_* inputs).
  Optimizing cells in module \adaptive_aero_control_top.
  Optimizing cells in module \adaptive_aero_control_top_spi_fpga_top.
  Optimizing cells in module \adaptive_aero_model_gateway.
  Optimizing cells in module \adaptive_aero_register_bank.
  Optimizing cells in module \adaptive_aero_safety_control.
Performed a total of 0 changes.

8.19. Executing OPT_MERGE pass (detect identical cells).
Finding identical cells in module `\adaptive_aero_control_top'.
Finding identical cells in module `\adaptive_aero_control_top_spi_fpga_top'.
Finding identical cells in module `\adaptive_aero_model_gateway'.
Finding identical cells in module `\adaptive_aero_register_bank'.
Finding identical cells in module `\adaptive_aero_safety_control'.
Removed a total of 0 cells.

8.20. Executing OPT_DFF pass (perform DFF optimizations).

8.21. Executing OPT_CLEAN pass (remove unused cells and wires).
Finding unused cells or wires in module \adaptive_aero_control_top..
Finding unused cells or wires in module \adaptive_aero_control_top_spi_fpga_top..
Finding unused cells or wires in module \adaptive_aero_model_gateway..
Finding unused cells or wires in module \adaptive_aero_register_bank..
Finding unused cells or wires in module \adaptive_aero_safety_control..

8.22. Executing OPT_EXPR pass (perform const folding).
Optimizing module adaptive_aero_control_top.
Optimizing module adaptive_aero_control_top_spi_fpga_top.
Optimizing module adaptive_aero_model_gateway.
Optimizing module adaptive_aero_register_bank.
Optimizing module adaptive_aero_safety_control.

8.23. Finished OPT passes. (There is nothing left to do.)

9. Executing FSM pass (extract and optimize FSM).

9.1. Executing FSM_DETECT pass (finding FSMs in design).

9.2. Executing FSM_EXTRACT pass (extracting FSM from design).

9.3. Executing FSM_OPT pass (simple optimizations of FSMs).

9.4. Executing OPT_CLEAN pass (remove unused cells and wires).
Finding unused cells or wires in module \adaptive_aero_control_top..
Finding unused cells or wires in module \adaptive_aero_control_top_spi_fpga_top..
Finding unused cells or wires in module \adaptive_aero_model_gateway..
Finding unused cells or wires in module \adaptive_aero_register_bank..
Finding unused cells or wires in module \adaptive_aero_safety_control..

9.5. Executing FSM_OPT pass (simple optimizations of FSMs).

9.6. Executing FSM_RECODE pass (re-assigning FSM state encoding).

9.7. Executing FSM_INFO pass (dumping all available information on FSM cells).

9.8. Executing FSM_MAP pass (mapping FSMs to basic logic).

10. Executing OPT pass (performing simple optimizations).

10.1. Executing OPT_EXPR pass (perform const folding).
Optimizing module adaptive_aero_control_top.
Optimizing module adaptive_aero_control_top_spi_fpga_top.
Optimizing module adaptive_aero_model_gateway.
Optimizing module adaptive_aero_register_bank.
Optimizing module adaptive_aero_safety_control.

10.2. Executing OPT_MERGE pass (detect identical cells).
Finding identical cells in module `\adaptive_aero_control_top'.
Finding identical cells in module `\adaptive_aero_control_top_spi_fpga_top'.
Finding identical cells in module `\adaptive_aero_model_gateway'.
Finding identical cells in module `\adaptive_aero_register_bank'.
Finding identical cells in module `\adaptive_aero_safety_control'.
Removed a total of 0 cells.

10.3. Executing OPT_MUXTREE pass (detect dead branches in mux trees).
Running muxtree optimizer on module \adaptive_aero_control_top..
  Creating internal representation of mux trees.
  No muxes found in this module.
Running muxtree optimizer on module \adaptive_aero_control_top_spi_fpga_top..
  Creating internal representation of mux trees.
  Evaluating internal representation of mux trees.
  Analyzing evaluation results.
Running muxtree optimizer on module \adaptive_aero_model_gateway..
  Creating internal representation of mux trees.
  Evaluating internal representation of mux trees.
  Analyzing evaluation results.
Running muxtree optimizer on module \adaptive_aero_register_bank..
  Creating internal representation of mux trees.
  Evaluating internal representation of mux trees.
  Analyzing evaluation results.
Running muxtree optimizer on module \adaptive_aero_safety_control..
  Creating internal representation of mux trees.
  Evaluating internal representation of mux trees.
  Analyzing evaluation results.
Removed 0 multiplexer ports.
<suppressed ~27 debug messages>

10.4. Executing OPT_REDUCE pass (consolidate $*mux and $reduce_* inputs).
  Optimizing cells in module \adaptive_aero_control_top.
  Optimizing cells in module \adaptive_aero_control_top_spi_fpga_top.
  Optimizing cells in module \adaptive_aero_model_gateway.
  Optimizing cells in module \adaptive_aero_register_bank.
  Optimizing cells in module \adaptive_aero_safety_control.
Performed a total of 0 changes.

10.5. Executing OPT_MERGE pass (detect identical cells).
Finding identical cells in module `\adaptive_aero_control_top'.
Finding identical cells in module `\adaptive_aero_control_top_spi_fpga_top'.
Finding identical cells in module `\adaptive_aero_model_gateway'.
Finding identical cells in module `\adaptive_aero_register_bank'.
Finding identical cells in module `\adaptive_aero_safety_control'.
Removed a total of 0 cells.

10.6. Executing OPT_DFF pass (perform DFF optimizations).

10.7. Executing OPT_CLEAN pass (remove unused cells and wires).
Finding unused cells or wires in module \adaptive_aero_control_top..
Finding unused cells or wires in module \adaptive_aero_control_top_spi_fpga_top..
Finding unused cells or wires in module \adaptive_aero_model_gateway..
Finding unused cells or wires in module \adaptive_aero_register_bank..
Finding unused cells or wires in module \adaptive_aero_safety_control..

10.8. Executing OPT_EXPR pass (perform const folding).
Optimizing module adaptive_aero_control_top.
Optimizing module adaptive_aero_control_top_spi_fpga_top.
Optimizing module adaptive_aero_model_gateway.
Optimizing module adaptive_aero_register_bank.
Optimizing module adaptive_aero_safety_control.

10.9. Finished OPT passes. (There is nothing left to do.)

11. Executing MEMORY pass.

11.1. Executing OPT_MEM pass (optimize memories).
Performed a total of 0 transformations.

11.2. Executing OPT_MEM_PRIORITY pass (removing unnecessary memory write priority relations).
Performed a total of 0 transformations.

11.3. Executing OPT_MEM_FEEDBACK pass (finding memory read-to-write feedback paths).

11.4. Executing MEMORY_BMUX2ROM pass (converting muxes to ROMs).

11.5. Executing MEMORY_DFF pass (merging $dff cells to $memrd).

11.6. Executing OPT_CLEAN pass (remove unused cells and wires).
Finding unused cells or wires in module \adaptive_aero_control_top..
Finding unused cells or wires in module \adaptive_aero_control_top_spi_fpga_top..
Finding unused cells or wires in module \adaptive_aero_model_gateway..
Finding unused cells or wires in module \adaptive_aero_register_bank..
Finding unused cells or wires in module \adaptive_aero_safety_control..

11.7. Executing MEMORY_SHARE pass (consolidating $memrd/$memwr cells).

11.8. Executing OPT_MEM_WIDEN pass (optimize memories where all ports are wide).
Performed a total of 0 transformations.

11.9. Executing OPT_CLEAN pass (remove unused cells and wires).
Finding unused cells or wires in module \adaptive_aero_control_top..
Finding unused cells or wires in module \adaptive_aero_control_top_spi_fpga_top..
Finding unused cells or wires in module \adaptive_aero_model_gateway..
Finding unused cells or wires in module \adaptive_aero_register_bank..
Finding unused cells or wires in module \adaptive_aero_safety_control..

11.10. Executing MEMORY_COLLECT pass (generating $mem cells).

11.11. Executing MEMORY_MAP pass (converting memories to logic and flip-flops).

12. Executing OPT pass (performing simple optimizations).

12.1. Executing OPT_EXPR pass (perform const folding).
Optimizing module adaptive_aero_control_top.
Optimizing module adaptive_aero_control_top_spi_fpga_top.
Optimizing module adaptive_aero_model_gateway.
Optimizing module adaptive_aero_register_bank.
Optimizing module adaptive_aero_safety_control.

12.2. Executing OPT_MERGE pass (detect identical cells).
Finding identical cells in module `\adaptive_aero_control_top'.
Finding identical cells in module `\adaptive_aero_control_top_spi_fpga_top'.
Finding identical cells in module `\adaptive_aero_model_gateway'.
Finding identical cells in module `\adaptive_aero_register_bank'.
Finding identical cells in module `\adaptive_aero_safety_control'.
Removed a total of 0 cells.

12.3. Executing OPT_MUXTREE pass (detect dead branches in mux trees).
Running muxtree optimizer on module \adaptive_aero_control_top..
  Creating internal representation of mux trees.
  No muxes found in this module.
Running muxtree optimizer on module \adaptive_aero_control_top_spi_fpga_top..
  Creating internal representation of mux trees.
  Evaluating internal representation of mux trees.
  Analyzing evaluation results.
Running muxtree optimizer on module \adaptive_aero_model_gateway..
  Creating internal representation of mux trees.
  Evaluating internal representation of mux trees.
  Analyzing evaluation results.
Running muxtree optimizer on module \adaptive_aero_register_bank..
  Creating internal representation of mux trees.
  Evaluating internal representation of mux trees.
  Analyzing evaluation results.
Running muxtree optimizer on module \adaptive_aero_safety_control..
  Creating internal representation of mux trees.
  Evaluating internal representation of mux trees.
  Analyzing evaluation results.
Removed 0 multiplexer ports.
<suppressed ~27 debug messages>

12.4. Executing OPT_REDUCE pass (consolidate $*mux and $reduce_* inputs).
  Optimizing cells in module \adaptive_aero_control_top.
  Optimizing cells in module \adaptive_aero_control_top_spi_fpga_top.
  Optimizing cells in module \adaptive_aero_model_gateway.
  Optimizing cells in module \adaptive_aero_register_bank.
  Optimizing cells in module \adaptive_aero_safety_control.
Performed a total of 0 changes.

12.5. Executing OPT_MERGE pass (detect identical cells).
Finding identical cells in module `\adaptive_aero_control_top'.
Finding identical cells in module `\adaptive_aero_control_top_spi_fpga_top'.
Finding identical cells in module `\adaptive_aero_model_gateway'.
Finding identical cells in module `\adaptive_aero_register_bank'.
Finding identical cells in module `\adaptive_aero_safety_control'.
Removed a total of 0 cells.

12.6. Executing OPT_DFF pass (perform DFF optimizations).

12.7. Executing OPT_CLEAN pass (remove unused cells and wires).
Finding unused cells or wires in module \adaptive_aero_control_top..
Finding unused cells or wires in module \adaptive_aero_control_top_spi_fpga_top..
Finding unused cells or wires in module \adaptive_aero_model_gateway..
Finding unused cells or wires in module \adaptive_aero_register_bank..
Finding unused cells or wires in module \adaptive_aero_safety_control..

12.8. Executing OPT_EXPR pass (perform const folding).
Optimizing module adaptive_aero_control_top.
Optimizing module adaptive_aero_control_top_spi_fpga_top.
Optimizing module adaptive_aero_model_gateway.
Optimizing module adaptive_aero_register_bank.
Optimizing module adaptive_aero_safety_control.

12.9. Finished OPT passes. (There is nothing left to do.)

13. Executing CHECK pass (checking for obvious problems).
Checking module adaptive_aero_control_top...
Checking module adaptive_aero_control_top_spi_fpga_top...
Checking module adaptive_aero_model_gateway...
Checking module adaptive_aero_register_bank...
Checking module adaptive_aero_safety_control...
Found and reported 0 problems.

14. Executing SYNTH pass.

14.1. Executing HIERARCHY pass (managing design hierarchy).

14.1.1. Analyzing design hierarchy..
Top module:  \adaptive_aero_control_top_spi_fpga_top
Used module:     \adaptive_aero_control_top
Used module:         \adaptive_aero_model_gateway
Used module:         \adaptive_aero_register_bank
Used module:         \adaptive_aero_safety_control

14.1.2. Analyzing design hierarchy..
Top module:  \adaptive_aero_control_top_spi_fpga_top
Used module:     \adaptive_aero_control_top
Used module:         \adaptive_aero_model_gateway
Used module:         \adaptive_aero_register_bank
Used module:         \adaptive_aero_safety_control
Removed 0 unused modules.

14.2. Executing PROC pass (convert processes to netlists).

14.2.1. Executing PROC_CLEAN pass (remove empty switches from decision trees).
Cleaned up 0 empty switches.

14.2.2. Executing PROC_RMDEAD pass (remove dead branches from decision trees).
Removed a total of 0 dead cases.

14.2.3. Executing PROC_PRUNE pass (remove redundant assignments in processes).
Removed 0 redundant assignments.
Promoted 0 assignments to connections.

14.2.4. Executing PROC_INIT pass (extract init attributes).

14.2.5. Executing PROC_ARST pass (detect async resets in processes).

14.2.6. Executing PROC_ROM pass (convert switches to ROMs).
Converted 0 switches.

14.2.7. Executing PROC_MUX pass (convert decision trees to multiplexers).

14.2.8. Executing PROC_DLATCH pass (convert process syncs to latches).

14.2.9. Executing PROC_DFF pass (convert process syncs to FFs).

14.2.10. Executing PROC_MEMWR pass (convert process memory writes to cells).

14.2.11. Executing PROC_CLEAN pass (remove empty switches from decision trees).
Cleaned up 0 empty switches.

14.2.12. Executing OPT_EXPR pass (perform const folding).
Optimizing module adaptive_aero_control_top.
Optimizing module adaptive_aero_control_top_spi_fpga_top.
Optimizing module adaptive_aero_model_gateway.
Optimizing module adaptive_aero_register_bank.
Optimizing module adaptive_aero_safety_control.

14.3. Executing OPT_EXPR pass (perform const folding).
Optimizing module adaptive_aero_control_top.
Optimizing module adaptive_aero_control_top_spi_fpga_top.
Optimizing module adaptive_aero_model_gateway.
Optimizing module adaptive_aero_register_bank.
Optimizing module adaptive_aero_safety_control.

14.4. Executing OPT_CLEAN pass (remove unused cells and wires).
Finding unused cells or wires in module \adaptive_aero_control_top..
Finding unused cells or wires in module \adaptive_aero_control_top_spi_fpga_top..
Finding unused cells or wires in module \adaptive_aero_model_gateway..
Finding unused cells or wires in module \adaptive_aero_register_bank..
Finding unused cells or wires in module \adaptive_aero_safety_control..

14.5. Executing CHECK pass (checking for obvious problems).
Checking module adaptive_aero_control_top...
Checking module adaptive_aero_control_top_spi_fpga_top...
Checking module adaptive_aero_model_gateway...
Checking module adaptive_aero_register_bank...
Checking module adaptive_aero_safety_control...
Found and reported 0 problems.

14.6. Executing OPT pass (performing simple optimizations).

14.6.1. Executing OPT_EXPR pass (perform const folding).
Optimizing module adaptive_aero_control_top.
Optimizing module adaptive_aero_control_top_spi_fpga_top.
Optimizing module adaptive_aero_model_gateway.
Optimizing module adaptive_aero_register_bank.
Optimizing module adaptive_aero_safety_control.

14.6.2. Executing OPT_MERGE pass (detect identical cells).
Finding identical cells in module `\adaptive_aero_control_top'.
Finding identical cells in module `\adaptive_aero_control_top_spi_fpga_top'.
Finding identical cells in module `\adaptive_aero_model_gateway'.
Finding identical cells in module `\adaptive_aero_register_bank'.
Finding identical cells in module `\adaptive_aero_safety_control'.
Removed a total of 0 cells.

14.6.3. Executing OPT_MUXTREE pass (detect dead branches in mux trees).
Running muxtree optimizer on module \adaptive_aero_control_top..
  Creating internal representation of mux trees.
  No muxes found in this module.
Running muxtree optimizer on module \adaptive_aero_control_top_spi_fpga_top..
  Creating internal representation of mux trees.
  Evaluating internal representation of mux trees.
  Analyzing evaluation results.
Running muxtree optimizer on module \adaptive_aero_model_gateway..
  Creating internal representation of mux trees.
  Evaluating internal representation of mux trees.
  Analyzing evaluation results.
Running muxtree optimizer on module \adaptive_aero_register_bank..
  Creating internal representation of mux trees.
  Evaluating internal representation of mux trees.
  Analyzing evaluation results.
Running muxtree optimizer on module \adaptive_aero_safety_control..
  Creating internal representation of mux trees.
  Evaluating internal representation of mux trees.
  Analyzing evaluation results.
Removed 0 multiplexer ports.
<suppressed ~27 debug messages>

14.6.4. Executing OPT_REDUCE pass (consolidate $*mux and $reduce_* inputs).
  Optimizing cells in module \adaptive_aero_control_top.
  Optimizing cells in module \adaptive_aero_control_top_spi_fpga_top.
  Optimizing cells in module \adaptive_aero_model_gateway.
  Optimizing cells in module \adaptive_aero_register_bank.
  Optimizing cells in module \adaptive_aero_safety_control.
Performed a total of 0 changes.

14.6.5. Executing OPT_MERGE pass (detect identical cells).
Finding identical cells in module `\adaptive_aero_control_top'.
Finding identical cells in module `\adaptive_aero_control_top_spi_fpga_top'.
Finding identical cells in module `\adaptive_aero_model_gateway'.
Finding identical cells in module `\adaptive_aero_register_bank'.
Finding identical cells in module `\adaptive_aero_safety_control'.
Removed a total of 0 cells.

14.6.6. Executing OPT_DFF pass (perform DFF optimizations).

14.6.7. Executing OPT_CLEAN pass (remove unused cells and wires).
Finding unused cells or wires in module \adaptive_aero_control_top..
Finding unused cells or wires in module \adaptive_aero_control_top_spi_fpga_top..
Finding unused cells or wires in module \adaptive_aero_model_gateway..
Finding unused cells or wires in module \adaptive_aero_register_bank..
Finding unused cells or wires in module \adaptive_aero_safety_control..

14.6.8. Executing OPT_EXPR pass (perform const folding).
Optimizing module adaptive_aero_control_top.
Optimizing module adaptive_aero_control_top_spi_fpga_top.
Optimizing module adaptive_aero_model_gateway.
Optimizing module adaptive_aero_register_bank.
Optimizing module adaptive_aero_safety_control.

14.6.9. Finished OPT passes. (There is nothing left to do.)

14.7. Executing FSM pass (extract and optimize FSM).

14.7.1. Executing FSM_DETECT pass (finding FSMs in design).

14.7.2. Executing FSM_EXTRACT pass (extracting FSM from design).

14.7.3. Executing FSM_OPT pass (simple optimizations of FSMs).

14.7.4. Executing OPT_CLEAN pass (remove unused cells and wires).
Finding unused cells or wires in module \adaptive_aero_control_top..
Finding unused cells or wires in module \adaptive_aero_control_top_spi_fpga_top..
Finding unused cells or wires in module \adaptive_aero_model_gateway..
Finding unused cells or wires in module \adaptive_aero_register_bank..
Finding unused cells or wires in module \adaptive_aero_safety_control..

14.7.5. Executing FSM_OPT pass (simple optimizations of FSMs).

14.7.6. Executing FSM_RECODE pass (re-assigning FSM state encoding).

14.7.7. Executing FSM_INFO pass (dumping all available information on FSM cells).

14.7.8. Executing FSM_MAP pass (mapping FSMs to basic logic).

14.8. Executing OPT pass (performing simple optimizations).

14.8.1. Executing OPT_EXPR pass (perform const folding).
Optimizing module adaptive_aero_control_top.
Optimizing module adaptive_aero_control_top_spi_fpga_top.
Optimizing module adaptive_aero_model_gateway.
Optimizing module adaptive_aero_register_bank.
Optimizing module adaptive_aero_safety_control.

14.8.2. Executing OPT_MERGE pass (detect identical cells).
Finding identical cells in module `\adaptive_aero_control_top'.
Finding identical cells in module `\adaptive_aero_control_top_spi_fpga_top'.
Finding identical cells in module `\adaptive_aero_model_gateway'.
Finding identical cells in module `\adaptive_aero_register_bank'.
Finding identical cells in module `\adaptive_aero_safety_control'.
Removed a total of 0 cells.

14.8.3. Executing OPT_MUXTREE pass (detect dead branches in mux trees).
Running muxtree optimizer on module \adaptive_aero_control_top..
  Creating internal representation of mux trees.
  No muxes found in this module.
Running muxtree optimizer on module \adaptive_aero_control_top_spi_fpga_top..
  Creating internal representation of mux trees.
  Evaluating internal representation of mux trees.
  Analyzing evaluation results.
Running muxtree optimizer on module \adaptive_aero_model_gateway..
  Creating internal representation of mux trees.
  Evaluating internal representation of mux trees.
  Analyzing evaluation results.
Running muxtree optimizer on module \adaptive_aero_register_bank..
  Creating internal representation of mux trees.
  Evaluating internal representation of mux trees.
  Analyzing evaluation results.
Running muxtree optimizer on module \adaptive_aero_safety_control..
  Creating internal representation of mux trees.
  Evaluating internal representation of mux trees.
  Analyzing evaluation results.
Removed 0 multiplexer ports.
<suppressed ~27 debug messages>

14.8.4. Executing OPT_REDUCE pass (consolidate $*mux and $reduce_* inputs).
  Optimizing cells in module \adaptive_aero_control_top.
  Optimizing cells in module \adaptive_aero_control_top_spi_fpga_top.
  Optimizing cells in module \adaptive_aero_model_gateway.
  Optimizing cells in module \adaptive_aero_register_bank.
  Optimizing cells in module \adaptive_aero_safety_control.
Performed a total of 0 changes.

14.8.5. Executing OPT_MERGE pass (detect identical cells).
Finding identical cells in module `\adaptive_aero_control_top'.
Finding identical cells in module `\adaptive_aero_control_top_spi_fpga_top'.
Finding identical cells in module `\adaptive_aero_model_gateway'.
Finding identical cells in module `\adaptive_aero_register_bank'.
Finding identical cells in module `\adaptive_aero_safety_control'.
Removed a total of 0 cells.

14.8.6. Executing OPT_DFF pass (perform DFF optimizations).

14.8.7. Executing OPT_CLEAN pass (remove unused cells and wires).
Finding unused cells or wires in module \adaptive_aero_control_top..
Finding unused cells or wires in module \adaptive_aero_control_top_spi_fpga_top..
Finding unused cells or wires in module \adaptive_aero_model_gateway..
Finding unused cells or wires in module \adaptive_aero_register_bank..
Finding unused cells or wires in module \adaptive_aero_safety_control..

14.8.8. Executing OPT_EXPR pass (perform const folding).
Optimizing module adaptive_aero_control_top.
Optimizing module adaptive_aero_control_top_spi_fpga_top.
Optimizing module adaptive_aero_model_gateway.
Optimizing module adaptive_aero_register_bank.
Optimizing module adaptive_aero_safety_control.

14.8.9. Finished OPT passes. (There is nothing left to do.)

14.9. Executing WREDUCE pass (reducing word size of cells).
Removed top 1 bits (of 120) from FF cell adaptive_aero_control_top_spi_fpga_top.$auto$ff.cc:266:slice$838 ($dffe).
Removed top 1 bits (of 119) from FF cell adaptive_aero_control_top_spi_fpga_top.$auto$ff.cc:266:slice$838 ($dffe).
Removed top 1 bits (of 118) from FF cell adaptive_aero_control_top_spi_fpga_top.$auto$ff.cc:266:slice$838 ($dffe).
Removed top 1 bits (of 117) from FF cell adaptive_aero_control_top_spi_fpga_top.$auto$ff.cc:266:slice$838 ($dffe).
Removed top 1 bits (of 116) from FF cell adaptive_aero_control_top_spi_fpga_top.$auto$ff.cc:266:slice$838 ($dffe).
Removed top 1 bits (of 115) from FF cell adaptive_aero_control_top_spi_fpga_top.$auto$ff.cc:266:slice$838 ($dffe).
Removed top 1 bits (of 114) from FF cell adaptive_aero_control_top_spi_fpga_top.$auto$ff.cc:266:slice$838 ($dffe).
Removed top 1 bits (of 113) from FF cell adaptive_aero_control_top_spi_fpga_top.$auto$ff.cc:266:slice$838 ($dffe).
Removed top 1 bits (of 112) from FF cell adaptive_aero_control_top_spi_fpga_top.$auto$ff.cc:266:slice$838 ($dffe).
Removed top 1 bits (of 111) from FF cell adaptive_aero_control_top_spi_fpga_top.$auto$ff.cc:266:slice$838 ($dffe).
Removed top 10 bits (of 120) from wire adaptive_aero_control_top_spi_fpga_top.rx_shift.
Removed top 15 bits (of 16) from port B of cell adaptive_aero_model_gateway.$add$/root/chiploop-backend/backend/workflows/fca8d1f6-5127-4f67-ac36-c90825d4284d/fpga/src/upstream/adaptive_aero_model_gateway.v:158$47 ($add).
Removed top 2 bits (of 8) from port B of cell adaptive_aero_register_bank.$procmux$391_CMP0 ($eq).
Removed top 2 bits (of 8) from port B of cell adaptive_aero_register_bank.$procmux$392_CMP0 ($eq).
Removed top 2 bits (of 8) from port B of cell adaptive_aero_register_bank.$procmux$393_CMP0 ($eq).
Removed top 2 bits (of 8) from port B of cell adaptive_aero_register_bank.$procmux$394_CMP0 ($eq).
Removed top 3 bits (of 8) from port B of cell adaptive_aero_register_bank.$procmux$395_CMP0 ($eq).
Removed top 5 bits (of 8) from port B of cell adaptive_aero_register_bank.$procmux$401_CMP0 ($eq).
Removed top 3 bits (of 8) from port B of cell adaptive_aero_register_bank.$procmux$487_CMP0 ($eq).
Removed top 3 bits (of 8) from port B of cell adaptive_aero_register_bank.$procmux$497_CMP0 ($eq).
Removed top 3 bits (of 8) from port B of cell adaptive_aero_register_bank.$procmux$508_CMP0 ($eq).
Removed top 4 bits (of 8) from port B of cell adaptive_aero_register_bank.$procmux$520_CMP0 ($eq).
Removed top 4 bits (of 8) from port B of cell adaptive_aero_register_bank.$procmux$533_CMP0 ($eq).
Removed top 31 bits (of 32) from port B of cell adaptive_aero_safety_control.$sub$/root/chiploop-backend/backend/workflows/fca8d1f6-5127-4f67-ac36-c90825d4284d/fpga/src/upstream/adaptive_aero_safety_control.v:138$71 ($sub).
Removed top 31 bits (of 32) from port B of cell adaptive_aero_safety_control.$eq$/root/chiploop-backend/backend/workflows/fca8d1f6-5127-4f67-ac36-c90825d4284d/fpga/src/upstream/adaptive_aero_safety_control.v:140$72 ($eq).
Removed top 2 bits (of 4) from port B of cell adaptive_aero_safety_control.$auto$opt_dff.cc:195:make_patterns_logic$803 ($ne).
Removed top 3 bits (of 5) from port B of cell adaptive_aero_safety_control.$auto$opt_dff.cc:195:make_patterns_logic$810 ($ne).
Removed top 2 bits (of 3) from port B of cell adaptive_aero_safety_control.$auto$opt_dff.cc:195:make_patterns_logic$812 ($ne).

14.10. Executing PEEPOPT pass (run peephole optimizers).

14.11. Executing OPT_CLEAN pass (remove unused cells and wires).
Finding unused cells or wires in module \adaptive_aero_control_top..
Finding unused cells or wires in module \adaptive_aero_control_top_spi_fpga_top..
Finding unused cells or wires in module \adaptive_aero_model_gateway..
Finding unused cells or wires in module \adaptive_aero_register_bank..
Finding unused cells or wires in module \adaptive_aero_safety_control..
Removed 0 unused cells and 1 unused wires.
<suppressed ~1 debug messages>

14.12. Executing ALUMACC pass (create $alu and $macc cells).
Extracting $alu and $macc cells in module adaptive_aero_control_top:
  created 0 $alu and 0 $macc cells.
Extracting $alu and $macc cells in module adaptive_aero_control_top_spi_fpga_top:
  created 0 $alu and 0 $macc cells.
Extracting $alu and $macc cells in module adaptive_aero_model_gateway:
  creating $macc model for $add$/root/chiploop-backend/backend/workflows/fca8d1f6-5127-4f67-ac36-c90825d4284d/fpga/src/upstream/adaptive_aero_model_gateway.v:158$47 ($add).
  creating $alu model for $macc $add$/root/chiploop-backend/backend/workflows/fca8d1f6-5127-4f67-ac36-c90825d4284d/fpga/src/upstream/adaptive_aero_model_gateway.v:158$47.
  creating $alu cell for $add$/root/chiploop-backend/backend/workflows/fca8d1f6-5127-4f67-ac36-c90825d4284d/fpga/src/upstream/adaptive_aero_model_gateway.v:158$47: $auto$alumacc.cc:485:replace_alu$868
  created 1 $alu and 0 $macc cells.
Extracting $alu and $macc cells in module adaptive_aero_register_bank:
  created 0 $alu and 0 $macc cells.
Extracting $alu and $macc cells in module adaptive_aero_safety_control:
  creating $macc model for $sub$/root/chiploop-backend/backend/workflows/fca8d1f6-5127-4f67-ac36-c90825d4284d/fpga/src/upstream/adaptive_aero_safety_control.v:138$71 ($sub).
  creating $alu model for $macc $sub$/root/chiploop-backend/backend/workflows/fca8d1f6-5127-4f67-ac36-c90825d4284d/fpga/src/upstream/adaptive_aero_safety_control.v:138$71.
  creating $alu model for $gt$/root/chiploop-backend/backend/workflows/fca8d1f6-5127-4f67-ac36-c90825d4284d/fpga/src/upstream/adaptive_aero_safety_control.v:123$62 ($gt): new $alu
  creating $alu model for $lt$/root/chiploop-backend/backend/workflows/fca8d1f6-5127-4f67-ac36-c90825d4284d/fpga/src/upstream/adaptive_aero_safety_control.v:111$59 ($lt): new $alu
  creating $alu model for $lt$/root/chiploop-backend/backend/workflows/fca8d1f6-5127-4f67-ac36-c90825d4284d/fpga/src/upstream/adaptive_aero_safety_control.v:120$61 ($lt): new $alu
  creating $alu cell for $lt$/root/chiploop-backend/backend/workflows/fca8d1f6-5127-4f67-ac36-c90825d4284d/fpga/src/upstream/adaptive_aero_safety_control.v:120$61: $auto$alumacc.cc:485:replace_alu$874
  creating $alu cell for $lt$/root/chiploop-backend/backend/workflows/fca8d1f6-5127-4f67-ac36-c90825d4284d/fpga/src/upstream/adaptive_aero_safety_control.v:111$59: $auto$alumacc.cc:485:replace_alu$879
  creating $alu cell for $gt$/root/chiploop-backend/backend/workflows/fca8d1f6-5127-4f67-ac36-c90825d4284d/fpga/src/upstream/adaptive_aero_safety_control.v:123$62: $auto$alumacc.cc:485:replace_alu$890
  creating $alu cell for $sub$/root/chiploop-backend/backend/workflows/fca8d1f6-5127-4f67-ac36-c90825d4284d/fpga/src/upstream/adaptive_aero_safety_control.v:138$71: $auto$alumacc.cc:485:replace_alu$901
  created 4 $alu and 0 $macc cells.

14.13. Executing SHARE pass (SAT-based resource sharing).

14.14. Executing OPT pass (performing simple optimizations).

14.14.1. Executing OPT_EXPR pass (perform const folding).
Optimizing module adaptive_aero_control_top.
Optimizing module adaptive_aero_control_top_spi_fpga_top.
Optimizing module adaptive_aero_model_gateway.
Optimizing module adaptive_aero_register_bank.
Optimizing module adaptive_aero_safety_control.
<suppressed ~6 debug messages>

14.14.2. Executing OPT_MERGE pass (detect identical cells).
Finding identical cells in module `\adaptive_aero_control_top'.
Finding identical cells in module `\adaptive_aero_control_top_spi_fpga_top'.
Finding identical cells in module `\adaptive_aero_model_gateway'.
Finding identical cells in module `\adaptive_aero_register_bank'.
Finding identical cells in module `\adaptive_aero_safety_control'.
Removed a total of 0 cells.

14.14.3. Executing OPT_MUXTREE pass (detect dead branches in mux trees).
Running muxtree optimizer on module \adaptive_aero_control_top..
  Creating internal representation of mux trees.
  No muxes found in this module.
Running muxtree optimizer on module \adaptive_aero_control_top_spi_fpga_top..
  Creating internal representation of mux trees.
  Evaluating internal representation of mux trees.
  Analyzing evaluation results.
Running muxtree optimizer on module \adaptive_aero_model_gateway..
  Creating internal representation of mux trees.
  Evaluating internal representation of mux trees.
  Analyzing evaluation results.
Running muxtree optimizer on module \adaptive_aero_register_bank..
  Creating internal representation of mux trees.
  Evaluating internal representation of mux trees.
  Analyzing evaluation results.
Running muxtree optimizer on module \adaptive_aero_safety_control..
  Creating internal representation of mux trees.
  Evaluating internal representation of mux trees.
  Analyzing evaluation results.
Removed 0 multiplexer ports.
<suppressed ~27 debug messages>

14.14.4. Executing OPT_REDUCE pass (consolidate $*mux and $reduce_* inputs).
  Optimizing cells in module \adaptive_aero_control_top.
  Optimizing cells in module \adaptive_aero_control_top_spi_fpga_top.
  Optimizing cells in module \adaptive_aero_model_gateway.
  Optimizing cells in module \adaptive_aero_register_bank.
  Optimizing cells in module \adaptive_aero_safety_control.
Performed a total of 0 changes.

14.14.5. Executing OPT_MERGE pass (detect identical cells).
Finding identical cells in module `\adaptive_aero_control_top'.
Finding identical cells in module `\adaptive_aero_control_top_spi_fpga_top'.
Finding identical cells in module `\adaptive_aero_model_gateway'.
Finding identical cells in module `\adaptive_aero_register_bank'.
Finding identical cells in module `\adaptive_aero_safety_control'.
Removed a total of 0 cells.

14.14.6. Executing OPT_DFF pass (perform DFF optimizations).

14.14.7. Executing OPT_CLEAN pass (remove unused cells and wires).
Finding unused cells or wires in module \adaptive_aero_control_top..
Finding unused cells or wires in module \adaptive_aero_control_top_spi_fpga_top..
Finding unused cells or wires in module \adaptive_aero_model_gateway..
Finding unused cells or wires in module \adaptive_aero_register_bank..
Finding unused cells or wires in module \adaptive_aero_safety_control..
Removed 3 unused cells and 6 unused wires.
<suppressed ~4 debug messages>

14.14.8. Executing OPT_EXPR pass (perform const folding).
Optimizing module adaptive_aero_control_top.
Optimizing module adaptive_aero_control_top_spi_fpga_top.
Optimizing module adaptive_aero_model_gateway.
Optimizing module adaptive_aero_register_bank.
Optimizing module adaptive_aero_safety_control.

14.14.9. Rerunning OPT passes. (Maybe there is more to do..)

14.14.10. Executing OPT_MUXTREE pass (detect dead branches in mux trees).
Running muxtree optimizer on module \adaptive_aero_control_top..
  Creating internal representation of mux trees.
  No muxes found in this module.
Running muxtree optimizer on module \adaptive_aero_control_top_spi_fpga_top..
  Creating internal representation of mux trees.
  Evaluating internal representation of mux trees.
  Analyzing evaluation results.
Running muxtree optimizer on module \adaptive_aero_model_gateway..
  Creating internal representation of mux trees.
  Evaluating internal representation of mux trees.
  Analyzing evaluation results.
Running muxtree optimizer on module \adaptive_aero_register_bank..
  Creating internal representation of mux trees.
  Evaluating internal representation of mux trees.
  Analyzing evaluation results.
Running muxtree optimizer on module \adaptive_aero_safety_control..
  Creating internal representation of mux trees.
  Evaluating internal representation of mux trees.
  Analyzing evaluation results.
Removed 0 multiplexer ports.
<suppressed ~27 debug messages>

14.14.11. Executing OPT_REDUCE pass (consolidate $*mux and $reduce_* inputs).
  Optimizing cells in module \adaptive_aero_control_top.
  Optimizing cells in module \adaptive_aero_control_top_spi_fpga_top.
  Optimizing cells in module \adaptive_aero_model_gateway.
  Optimizing cells in module \adaptive_aero_register_bank.
  Optimizing cells in module \adaptive_aero_safety_control.
Performed a total of 0 changes.

14.14.12. Executing OPT_MERGE pass (detect identical cells).
Finding identical cells in module `\adaptive_aero_control_top'.
Finding identical cells in module `\adaptive_aero_control_top_spi_fpga_top'.
Finding identical cells in module `\adaptive_aero_model_gateway'.
Finding identical cells in module `\adaptive_aero_register_bank'.
Finding identical cells in module `\adaptive_aero_safety_control'.
Removed a total of 0 cells.

14.14.13. Executing OPT_DFF pass (perform DFF optimizations).

14.14.14. Executing OPT_CLEAN pass (remove unused cells and wires).
Finding unused cells or wires in module \adaptive_aero_control_top..
Finding unused cells or wires in module \adaptive_aero_control_top_spi_fpga_top..
Finding unused cells or wires in module \adaptive_aero_model_gateway..
Finding unused cells or wires in module \adaptive_aero_register_bank..
Finding unused cells or wires in module \adaptive_aero_safety_control..

14.14.15. Executing OPT_EXPR pass (perform const folding).
Optimizing module adaptive_aero_control_top.
Optimizing module adaptive_aero_control_top_spi_fpga_top.
Optimizing module adaptive_aero_model_gateway.
Optimizing module adaptive_aero_register_bank.
Optimizing module adaptive_aero_safety_control.

14.14.16. Finished OPT passes. (There is nothing left to do.)

14.15. Executing MEMORY pass.

14.15.1. Executing OPT_MEM pass (optimize memories).
Performed a total of 0 transformations.

14.15.2. Executing OPT_MEM_PRIORITY pass (removing unnecessary memory write priority relations).
Performed a total of 0 transformations.

14.15.3. Executing OPT_MEM_FEEDBACK pass (finding memory read-to-write feedback paths).

14.15.4. Executing MEMORY_BMUX2ROM pass (converting muxes to ROMs).

14.15.5. Executing MEMORY_DFF pass (merging $dff cells to $memrd).

14.15.6. Executing OPT_CLEAN pass (remove unused cells and wires).
Finding unused cells or wires in module \adaptive_aero_control_top..
Finding unused cells or wires in module \adaptive_aero_control_top_spi_fpga_top..
Finding unused cells or wires in module \adaptive_aero_model_gateway..
Finding unused cells or wires in module \adaptive_aero_register_bank..
Finding unused cells or wires in module \adaptive_aero_safety_control..

14.15.7. Executing MEMORY_SHARE pass (consolidating $memrd/$memwr cells).

14.15.8. Executing OPT_MEM_WIDEN pass (optimize memories where all ports are wide).
Performed a total of 0 transformations.

14.15.9. Executing OPT_CLEAN pass (remove unused cells and wires).
Finding unused cells or wires in module \adaptive_aero_control_top..
Finding unused cells or wires in module \adaptive_aero_control_top_spi_fpga_top..
Finding unused cells or wires in module \adaptive_aero_model_gateway..
Finding unused cells or wires in module \adaptive_aero_register_bank..
Finding unused cells or wires in module \adaptive_aero_safety_control..

14.15.10. Executing MEMORY_COLLECT pass (generating $mem cells).

14.16. Executing OPT_CLEAN pass (remove unused cells and wires).
Finding unused cells or wires in module \adaptive_aero_control_top..
Finding unused cells or wires in module \adaptive_aero_control_top_spi_fpga_top..
Finding unused cells or wires in module \adaptive_aero_model_gateway..
Finding unused cells or wires in module \adaptive_aero_register_bank..
Finding unused cells or wires in module \adaptive_aero_safety_control..

14.17. Executing OPT pass (performing simple optimizations).

14.17.1. Executing OPT_EXPR pass (perform const folding).
Optimizing module adaptive_aero_control_top.
Optimizing module adaptive_aero_control_top_spi_fpga_top.
<suppressed ~1 debug messages>
Optimizing module adaptive_aero_model_gateway.
<suppressed ~7 debug messages>
Optimizing module adaptive_aero_register_bank.
<suppressed ~6 debug messages>
Optimizing module adaptive_aero_safety_control.
<suppressed ~19 debug messages>

14.17.2. Executing OPT_MERGE pass (detect identical cells).
Finding identical cells in module `\adaptive_aero_control_top'.
Finding identical cells in module `\adaptive_aero_control_top_spi_fpga_top'.
Finding identical cells in module `\adaptive_aero_model_gateway'.
Finding identical cells in module `\adaptive_aero_register_bank'.
Finding identical cells in module `\adaptive_aero_safety_control'.
Removed a total of 0 cells.

14.17.3. Executing OPT_DFF pass (perform DFF optimizations).

14.17.4. Executing OPT_CLEAN pass (remove unused cells and wires).
Finding unused cells or wires in module \adaptive_aero_control_top..
Finding unused cells or wires in module \adaptive_aero_control_top_spi_fpga_top..
Finding unused cells or wires in module \adaptive_aero_model_gateway..
Finding unused cells or wires in module \adaptive_aero_register_bank..
Finding unused cells or wires in module \adaptive_aero_safety_control..
Removed 0 unused cells and 12 unused wires.
<suppressed ~3 debug messages>

14.17.5. Finished fast OPT passes.

14.18. Executing MEMORY_MAP pass (converting memories to logic and flip-flops).

14.19. Executing OPT pass (performing simple optimizations).

14.19.1. Executing OPT_EXPR pass (perform const folding).
Optimizing module adaptive_aero_control_top.
Optimizing module adaptive_aero_control_top_spi_fpga_top.
Optimizing module adaptive_aero_model_gateway.
Optimizing module adaptive_aero_register_bank.
Optimizing module adaptive_aero_safety_control.
<suppressed ~1 debug messages>

14.19.2. Executing OPT_MERGE pass (detect identical cells).
Finding identical cells in module `\adaptive_aero_control_top'.
Finding identical cells in module `\adaptive_aero_control_top_spi_fpga_top'.
Finding identical cells in module `\adaptive_aero_model_gateway'.
Finding identical cells in module `\adaptive_aero_register_bank'.
Finding identical cells in module `\adaptive_aero_safety_control'.
<suppressed ~3 debug messages>
Removed a total of 1 cells.

14.19.3. Executing OPT_MUXTREE pass (detect dead branches in mux trees).
Running muxtree optimizer on module \adaptive_aero_control_top..
  Creating internal representation of mux trees.
  No muxes found in this module.
Running muxtree optimizer on module \adaptive_aero_control_top_spi_fpga_top..
  Creating internal representation of mux trees.
  Evaluating internal representation of mux trees.
  Analyzing evaluation results.
Running muxtree optimizer on module \adaptive_aero_model_gateway..
  Creating internal representation of mux trees.
  Evaluating internal representation of mux trees.
  Analyzing evaluation results.
Running muxtree optimizer on module \adaptive_aero_register_bank..
  Creating internal representation of mux trees.
  Evaluating internal representation of mux trees.
  Analyzing evaluation results.
Running muxtree optimizer on module \adaptive_aero_safety_control..
  Creating internal representation of mux trees.
  Evaluating internal representation of mux trees.
  Analyzing evaluation results.
Removed 0 multiplexer ports.
<suppressed ~16 debug messages>

14.19.4. Executing OPT_REDUCE pass (consolidate $*mux and $reduce_* inputs).
  Optimizing cells in module \adaptive_aero_control_top.
  Optimizing cells in module \adaptive_aero_control_top_spi_fpga_top.
    Consolidated identical input bits for $mux cell $procmux$742:
      Old ports: A={ \tx_snapshot [118:2] 3'000 }, B={ \tx_shift [118:0] 1'0 }, Y=$procmux$742_Y
      New ports: A={ \tx_snapshot [118:2] 2'00 }, B=\tx_shift [118:0], Y=$procmux$742_Y [119:1]
      New connections: $procmux$742_Y [0] = 1'0
  Optimizing cells in module \adaptive_aero_control_top_spi_fpga_top.
  Optimizing cells in module \adaptive_aero_model_gateway.
    Consolidated identical input bits for $mux cell $procmux$735:
      Old ports: A={ 16'1010010101011010 \cfg_output_mode \cfg_request_flags \cfg_mode \cfg_velocity_ref \req_seq 4'0000 }, B={ 12'010101011010 \cfg_output_mode \cfg_request_flags \cfg_mode \cfg_velocity_ref $add$/root/chiploop-backend/backend/workflows/fca8d1f6-5127-4f67-ac36-c90825d4284d/fpga/src/upstream/adaptive_aero_model_gateway.v:158$47_Y 8'00000000 }, Y=\req_data_next
      New ports: A={ 6'011010 \cfg_output_mode \cfg_request_flags \cfg_mode \cfg_velocity_ref \req_seq }, B={ 2'10 \cfg_output_mode \cfg_request_flags \cfg_mode \cfg_velocity_ref $add$/root/chiploop-backend/backend/workflows/fca8d1f6-5127-4f67-ac36-c90825d4284d/fpga/src/upstream/adaptive_aero_model_gateway.v:158$47_Y 4'0000 }, Y=\req_data_next [53:4]
      New connections: { \req_data_next [63:54] \req_data_next [3:0] } = { \req_data_next [52] \req_data_next [53:52] \req_data_next [53] 4'0101 \req_data_next [53:52] 4'0000 }
  Optimizing cells in module \adaptive_aero_model_gateway.
  Optimizing cells in module \adaptive_aero_register_bank.
  Optimizing cells in module \adaptive_aero_safety_control.
    Consolidated identical input bits for $mux cell $procmux$130:
      Old ports: A={ 27'x $3\fault_sticky_next[4:4] $2\fault_sticky_next[3:3] $1\fault_sticky_next[2:0] }, B=0, Y=$4\fault_sticky_next[31:0]
      New ports: A={ 1'x $3\fault_sticky_next[4:4] $2\fault_sticky_next[3:3] $1\fault_sticky_next[2:0] }, B=6'000000, Y=$4\fault_sticky_next[31:0] [5:0]
      New connections: $4\fault_sticky_next[31:0] [31:6] = { $4\fault_sticky_next[31:0] [5] $4\fault_sticky_next[31:0] [5] $4\fault_sticky_next[31:0] [5] $4\fault_sticky_next[31:0] [5] $4\fault_sticky_next[31:0] [5] $4\fault_sticky_next[31:0] [5] $4\fault_sticky_next[31:0] [5] $4\fault_sticky_next[31:0] [5] $4\fault_sticky_next[31:0] [5] $4\fault_sticky_next[31:0] [5] $4\fault_sticky_next[31:0] [5] $4\fault_sticky_next[31:0] [5] $4\fault_sticky_next[31:0] [5] $4\fault_sticky_next[31:0] [5] $4\fault_sticky_next[31:0] [5] $4\fault_sticky_next[31:0] [5] $4\fault_sticky_next[31:0] [5] $4\fault_sticky_next[31:0] [5] $4\fault_sticky_next[31:0] [5] $4\fault_sticky_next[31:0] [5] $4\fault_sticky_next[31:0] [5] $4\fault_sticky_next[31:0] [5] $4\fault_sticky_next[31:0] [5] $4\fault_sticky_next[31:0] [5] $4\fault_sticky_next[31:0] [5] $4\fault_sticky_next[31:0] [5] }
  Optimizing cells in module \adaptive_aero_safety_control.
    Consolidated identical input bits for $mux cell $procmux$109:
      Old ports: A=$4\fault_sticky_next[31:0], B=0, Y=\fault_sticky_next
      New ports: A=$4\fault_sticky_next[31:0] [5:0], B=6'000000, Y=\fault_sticky_next [5:0]
      New connections: \fault_sticky_next [31:6] = { \fault_sticky_next [5] \fault_sticky_next [5] \fault_sticky_next [5] \fault_sticky_next [5] \fault_sticky_next [5] \fault_sticky_next [5] \fault_sticky_next [5] \fault_sticky_next [5] \fault_sticky_next [5] \fault_sticky_next [5] \fault_sticky_next [5] \fault_sticky_next [5] \fault_sticky_next [5] \fault_sticky_next [5] \fault_sticky_next [5] \fault_sticky_next [5] \fault_sticky_next [5] \fault_sticky_next [5] \fault_sticky_next [5] \fault_sticky_next [5] \fault_sticky_next [5] \fault_sticky_next [5] \fault_sticky_next [5] \fault_sticky_next [5] \fault_sticky_next [5] \fault_sticky_next [5] }
  Optimizing cells in module \adaptive_aero_safety_control.
Performed a total of 4 changes.

14.19.5. Executing OPT_MERGE pass (detect identical cells).
Finding identical cells in module `\adaptive_aero_control_top'.
Finding identical cells in module `\adaptive_aero_control_top_spi_fpga_top'.
Finding identical cells in module `\adaptive_aero_model_gateway'.
Finding identical cells in module `\adaptive_aero_register_bank'.
Finding identical cells in module `\adaptive_aero_safety_control'.
Removed a total of 0 cells.

14.19.6. Executing OPT_SHARE pass.

14.19.7. Executing OPT_DFF pass (perform DFF optimizations).

14.19.8. Executing OPT_CLEAN pass (remove unused cells and wires).
Finding unused cells or wires in module \adaptive_aero_control_top..
Finding unused cells or wires in module \adaptive_aero_control_top_spi_fpga_top..
Finding unused cells or wires in module \adaptive_aero_model_gateway..
Finding unused cells or wires in module \adaptive_aero_register_bank..
Finding unused cells or wires in module \adaptive_aero_safety_control..
Removed 0 unused cells and 1 unused wires.
<suppressed ~1 debug messages>

14.19.9. Executing OPT_EXPR pass (perform const folding).
Optimizing module adaptive_aero_control_top.
Optimizing module adaptive_aero_control_top_spi_fpga_top.
Optimizing module adaptive_aero_model_gateway.
Optimizing module adaptive_aero_register_bank.
Optimizing module adaptive_aero_safety_control.

14.19.10. Rerunning OPT passes. (Maybe there is more to do..)

14.19.11. Executing OPT_MUXTREE pass (detect dead branches in mux trees).
Running muxtree optimizer on module \adaptive_aero_control_top..
  Creating internal representation of mux trees.
  No muxes found in this module.
Running muxtree optimizer on module \adaptive_aero_control_top_spi_fpga_top..
  Creating internal representation of mux trees.
  Evaluating internal representation of mux trees.
  Analyzing evaluation results.
Running muxtree optimizer on module \adaptive_aero_model_gateway..
  Creating internal representation of mux trees.
  Evaluating internal representation of mux trees.
  Analyzing evaluation results.
Running muxtree optimizer on module \adaptive_aero_register_bank..
  Creating internal representation of mux trees.
  Evaluating internal representation of mux trees.
  Analyzing evaluation results.
Running muxtree optimizer on module \adaptive_aero_safety_control..
  Creating internal representation of mux trees.
  Evaluating internal representation of mux trees.
  Analyzing evaluation results.
Removed 0 multiplexer ports.
<suppressed ~16 debug messages>

14.19.12. Executing OPT_REDUCE pass (consolidate $*mux and $reduce_* inputs).
  Optimizing cells in module \adaptive_aero_control_top.
  Optimizing cells in module \adaptive_aero_control_top_spi_fpga_top.
  Optimizing cells in module \adaptive_aero_model_gateway.
  Optimizing cells in module \adaptive_aero_register_bank.
  Optimizing cells in module \adaptive_aero_safety_control.
Performed a total of 0 changes.

14.19.13. Executing OPT_MERGE pass (detect identical cells).
Finding identical cells in module `\adaptive_aero_control_top'.
Finding identical cells in module `\adaptive_aero_control_top_spi_fpga_top'.
Finding identical cells in module `\adaptive_aero_model_gateway'.
Finding identical cells in module `\adaptive_aero_register_bank'.
Finding identical cells in module `\adaptive_aero_safety_control'.
Removed a total of 0 cells.

14.19.14. Executing OPT_SHARE pass.

14.19.15. Executing OPT_DFF pass (perform DFF optimizations).
Setting constant 0-bit at position 0 on $auto$ff.cc:266:slice$842 ($dffe) from module adaptive_aero_control_top_spi_fpga_top.
Setting constant 0-bit at position 0 on $auto$ff.cc:266:slice$833 ($adffe) from module adaptive_aero_model_gateway.
Setting constant 0-bit at position 1 on $auto$ff.cc:266:slice$833 ($adffe) from module adaptive_aero_model_gateway.
Setting constant 0-bit at position 2 on $auto$ff.cc:266:slice$833 ($adffe) from module adaptive_aero_model_gateway.
Setting constant 0-bit at position 3 on $auto$ff.cc:266:slice$833 ($adffe) from module adaptive_aero_model_gateway.
Setting constant 0-bit at position 57 on $auto$ff.cc:266:slice$833 ($adffe) from module adaptive_aero_model_gateway.
Setting constant 0-bit at position 59 on $auto$ff.cc:266:slice$833 ($adffe) from module adaptive_aero_model_gateway.

14.19.16. Executing OPT_CLEAN pass (remove unused cells and wires).
Finding unused cells or wires in module \adaptive_aero_control_top..
Finding unused cells or wires in module \adaptive_aero_control_top_spi_fpga_top..
Finding unused cells or wires in module \adaptive_aero_model_gateway..
Finding unused cells or wires in module \adaptive_aero_register_bank..
Finding unused cells or wires in module \adaptive_aero_safety_control..

14.19.17. Executing OPT_EXPR pass (perform const folding).
Optimizing module adaptive_aero_control_top.
Optimizing module adaptive_aero_control_top_spi_fpga_top.
Optimizing module adaptive_aero_model_gateway.
Optimizing module adaptive_aero_register_bank.
Optimizing module adaptive_aero_safety_control.

14.19.18. Rerunning OPT passes. (Maybe there is more to do..)

14.19.19. Executing OPT_MUXTREE pass (detect dead branches in mux trees).
Running muxtree optimizer on module \adaptive_aero_control_top..
  Creating internal representation of mux trees.
  No muxes found in this module.
Running muxtree optimizer on module \adaptive_aero_control_top_spi_fpga_top..
  Creating internal representation of mux trees.
  Evaluating internal representation of mux trees.
  Analyzing evaluation results.
Running muxtree optimizer on module \adaptive_aero_model_gateway..
  Creating internal representation of mux trees.
  Evaluating internal representation of mux trees.
  Analyzing evaluation results.
Running muxtree optimizer on module \adaptive_aero_register_bank..
  Creating internal representation of mux trees.
  Evaluating internal representation of mux trees.
  Analyzing evaluation results.
Running muxtree optimizer on module \adaptive_aero_safety_control..
  Creating internal representation of mux trees.
  Evaluating internal representation of mux trees.
  Analyzing evaluation results.
Removed 0 multiplexer ports.
<suppressed ~16 debug messages>

14.19.20. Executing OPT_REDUCE pass (consolidate $*mux and $reduce_* inputs).
  Optimizing cells in module \adaptive_aero_control_top.
  Optimizing cells in module \adaptive_aero_control_top_spi_fpga_top.
    Consolidated identical input bits for $mux cell $procmux$742:
      Old ports: A={ \tx_snapshot [118:2] 2'00 }, B={ \tx_shift [118:1] 1'0 }, Y=$procmux$742_Y [119:1]
      New ports: A={ \tx_snapshot [118:2] 1'0 }, B=\tx_shift [118:1], Y=$procmux$742_Y [119:2]
      New connections: $procmux$742_Y [1] = 1'0
  Optimizing cells in module \adaptive_aero_control_top_spi_fpga_top.
  Optimizing cells in module \adaptive_aero_model_gateway.
  Optimizing cells in module \adaptive_aero_register_bank.
  Optimizing cells in module \adaptive_aero_safety_control.
Performed a total of 1 changes.

14.19.21. Executing OPT_MERGE pass (detect identical cells).
Finding identical cells in module `\adaptive_aero_control_top'.
Finding identical cells in module `\adaptive_aero_control_top_spi_fpga_top'.
Finding identical cells in module `\adaptive_aero_model_gateway'.
Finding identical cells in module `\adaptive_aero_register_bank'.
Finding identical cells in module `\adaptive_aero_safety_control'.
Removed a total of 0 cells.

14.19.22. Executing OPT_SHARE pass.

14.19.23. Executing OPT_DFF pass (perform DFF optimizations).
Setting constant 0-bit at position 0 on $auto$ff.cc:266:slice$841 ($sdffce) from module adaptive_aero_control_top_spi_fpga_top.

14.19.24. Executing OPT_CLEAN pass (remove unused cells and wires).
Finding unused cells or wires in module \adaptive_aero_control_top..
Finding unused cells or wires in module \adaptive_aero_control_top_spi_fpga_top..
Finding unused cells or wires in module \adaptive_aero_model_gateway..
Finding unused cells or wires in module \adaptive_aero_register_bank..
Finding unused cells or wires in module \adaptive_aero_safety_control..

14.19.25. Executing OPT_EXPR pass (perform const folding).
Optimizing module adaptive_aero_control_top.
Optimizing module adaptive_aero_control_top_spi_fpga_top.
Optimizing module adaptive_aero_model_gateway.
Optimizing module adaptive_aero_register_bank.
Optimizing module adaptive_aero_safety_control.

14.19.26. Rerunning OPT passes. (Maybe there is more to do..)

14.19.27. Executing OPT_MUXTREE pass (detect dead branches in mux trees).
Running muxtree optimizer on module \adaptive_aero_control_top..
  Creating internal representation of mux trees.
  No muxes found in this module.
Running muxtree optimizer on module \adaptive_aero_control_top_spi_fpga_top..
  Creating internal representation of mux trees.
  Evaluating internal representation of mux trees.
  Analyzing evaluation results.
Running muxtree optimizer on module \adaptive_aero_model_gateway..
  Creating internal representation of mux trees.
  Evaluating internal representation of mux trees.
  Analyzing evaluation results.
Running muxtree optimizer on module \adaptive_aero_register_bank..
  Creating internal representation of mux trees.
  Evaluating internal representation of mux trees.
  Analyzing evaluation results.
Running muxtree optimizer on module \adaptive_aero_safety_control..
  Creating internal representation of mux trees.
  Evaluating internal representation of mux trees.
  Analyzing evaluation results.
Removed 0 multiplexer ports.
<suppressed ~16 debug messages>

14.19.28. Executing OPT_REDUCE pass (consolidate $*mux and $reduce_* inputs).
  Optimizing cells in module \adaptive_aero_control_top.
  Optimizing cells in module \adaptive_aero_control_top_spi_fpga_top.
    Consolidated identical input bits for $mux cell $procmux$742:
      Old ports: A={ \tx_snapshot [118:2] 1'0 }, B={ \tx_shift [118:2] 1'0 }, Y=$procmux$742_Y [119:2]
      New ports: A=\tx_snapshot [118:2], B=\tx_shift [118:2], Y=$procmux$742_Y [119:3]
      New connections: $procmux$742_Y [2] = 1'0
  Optimizing cells in module \adaptive_aero_control_top_spi_fpga_top.
  Optimizing cells in module \adaptive_aero_model_gateway.
  Optimizing cells in module \adaptive_aero_register_bank.
  Optimizing cells in module \adaptive_aero_safety_control.
Performed a total of 1 changes.

14.19.29. Executing OPT_MERGE pass (detect identical cells).
Finding identical cells in module `\adaptive_aero_control_top'.
Finding identical cells in module `\adaptive_aero_control_top_spi_fpga_top'.
Finding identical cells in module `\adaptive_aero_model_gateway'.
Finding identical cells in module `\adaptive_aero_register_bank'.
Finding identical cells in module `\adaptive_aero_safety_control'.
Removed a total of 0 cells.

14.19.30. Executing OPT_SHARE pass.

14.19.31. Executing OPT_DFF pass (perform DFF optimizations).
Setting constant 0-bit at position 0 on $auto$ff.cc:266:slice$906 ($sdffce) from module adaptive_aero_control_top_spi_fpga_top.

14.19.32. Executing OPT_CLEAN pass (remove unused cells and wires).
Finding unused cells or wires in module \adaptive_aero_control_top..
Finding unused cells or wires in module \adaptive_aero_control_top_spi_fpga_top..
Finding unused cells or wires in module \adaptive_aero_model_gateway..
Finding unused cells or wires in module \adaptive_aero_register_bank..
Finding unused cells or wires in module \adaptive_aero_safety_control..

14.19.33. Executing OPT_EXPR pass (perform const folding).
Optimizing module adaptive_aero_control_top.
Optimizing module adaptive_aero_control_top_spi_fpga_top.
Optimizing module adaptive_aero_model_gateway.
Optimizing module adaptive_aero_register_bank.
Optimizing module adaptive_aero_safety_control.

14.19.34. Rerunning OPT passes. (Maybe there is more to do..)

14.19.35. Executing OPT_MUXTREE pass (detect dead branches in mux trees).
Running muxtree optimizer on module \adaptive_aero_control_top..
  Creating internal representation of mux trees.
  No muxes found in this module.
Running muxtree optimizer on module \adaptive_aero_control_top_spi_fpga_top..
  Creating internal representation of mux trees.
  Evaluating internal representation of mux trees.
  Analyzing evaluation results.
Running muxtree optimizer on module \adaptive_aero_model_gateway..
  Creating internal representation of mux trees.
  Evaluating internal representation of mux trees.
  Analyzing evaluation results.
Running muxtree optimizer on module \adaptive_aero_register_bank..
  Creating internal representation of mux trees.
  Evaluating internal representation of mux trees.
  Analyzing evaluation results.
Running muxtree optimizer on module \adaptive_aero_safety_control..
  Creating internal representation of mux trees.
  Evaluating internal representation of mux trees.
  Analyzing evaluation results.
Removed 0 multiplexer ports.
<suppressed ~16 debug messages>

14.19.36. Executing OPT_REDUCE pass (consolidate $*mux and $reduce_* inputs).
  Optimizing cells in module \adaptive_aero_control_top.
  Optimizing cells in module \adaptive_aero_control_top_spi_fpga_top.
  Optimizing cells in module \adaptive_aero_model_gateway.
  Optimizing cells in module \adaptive_aero_register_bank.
  Optimizing cells in module \adaptive_aero_safety_control.
Performed a total of 0 changes.

14.19.37. Executing OPT_MERGE pass (detect identical cells).
Finding identical cells in module `\adaptive_aero_control_top'.
Finding identical cells in module `\adaptive_aero_control_top_spi_fpga_top'.
Finding identical cells in module `\adaptive_aero_model_gateway'.
Finding identical cells in module `\adaptive_aero_register_bank'.
Finding identical cells in module `\adaptive_aero_safety_control'.
Removed a total of 0 cells.

14.19.38. Executing OPT_SHARE pass.

14.19.39. Executing OPT_DFF pass (perform DFF optimizations).
Adding SRST signal on $auto$ff.cc:266:slice$904 ($dffe) from module adaptive_aero_control_top_spi_fpga_top (D = \tx_snapshot [2], Q = \tx_shift [3], rval = 1'0).

14.19.40. Executing OPT_CLEAN pass (remove unused cells and wires).
Finding unused cells or wires in module \adaptive_aero_control_top..
Finding unused cells or wires in module \adaptive_aero_control_top_spi_fpga_top..
Finding unused cells or wires in module \adaptive_aero_model_gateway..
Finding unused cells or wires in module \adaptive_aero_register_bank..
Finding unused cells or wires in module \adaptive_aero_safety_control..

14.19.41. Executing OPT_EXPR pass (perform const folding).
Optimizing module adaptive_aero_control_top.
Optimizing module adaptive_aero_control_top_spi_fpga_top.
Optimizing module adaptive_aero_model_gateway.
Optimizing module adaptive_aero_register_bank.
Optimizing module adaptive_aero_safety_control.

14.19.42. Rerunning OPT passes. (Maybe there is more to do..)

14.19.43. Executing OPT_MUXTREE pass (detect dead branches in mux trees).
Running muxtree optimizer on module \adaptive_aero_control_top..
  Creating internal representation of mux trees.
  No muxes found in this module.
Running muxtree optimizer on module \adaptive_aero_control_top_spi_fpga_top..
  Creating internal representation of mux trees.
  Evaluating internal representation of mux trees.
  Analyzing evaluation results.
Running muxtree optimizer on module \adaptive_aero_model_gateway..
  Creating internal representation of mux trees.
  Evaluating internal representation of mux trees.
  Analyzing evaluation results.
Running muxtree optimizer on module \adaptive_aero_register_bank..
  Creating internal representation of mux trees.
  Evaluating internal representation of mux trees.
  Analyzing evaluation results.
Running muxtree optimizer on module \adaptive_aero_safety_control..
  Creating internal representation of mux trees.
  Evaluating internal representation of mux trees.
  Analyzing evaluation results.
Removed 0 multiplexer ports.
<suppressed ~16 debug messages>

14.19.44. Executing OPT_REDUCE pass (consolidate $*mux and $reduce_* inputs).
  Optimizing cells in module \adaptive_aero_control_top.
  Optimizing cells in module \adaptive_aero_control_top_spi_fpga_top.
  Optimizing cells in module \adaptive_aero_model_gateway.
  Optimizing cells in module \adaptive_aero_register_bank.
  Optimizing cells in module \adaptive_aero_safety_control.
Performed a total of 0 changes.

14.19.45. Executing OPT_MERGE pass (detect identical cells).
Finding identical cells in module `\adaptive_aero_control_top'.
Finding identical cells in module `\adaptive_aero_control_top_spi_fpga_top'.
Finding identical cells in module `\adaptive_aero_model_gateway'.
Finding identical cells in module `\adaptive_aero_register_bank'.
Finding identical cells in module `\adaptive_aero_safety_control'.
Removed a total of 0 cells.

14.19.46. Executing OPT_SHARE pass.

14.19.47. Executing OPT_DFF pass (perform DFF optimizations).

14.19.48. Executing OPT_CLEAN pass (remove unused cells and wires).
Finding unused cells or wires in module \adaptive_aero_control_top..
Finding unused cells or wires in module \adaptive_aero_control_top_spi_fpga_top..
Finding unused cells or wires in module \adaptive_aero_model_gateway..
Finding unused cells or wires in module \adaptive_aero_register_bank..
Finding unused cells or wires in module \adaptive_aero_safety_control..

14.19.49. Executing OPT_EXPR pass (perform const folding).
Optimizing module adaptive_aero_control_top.
Optimizing module adaptive_aero_control_top_spi_fpga_top.
Optimizing module adaptive_aero_model_gateway.
Optimizing module adaptive_aero_register_bank.
Optimizing module adaptive_aero_safety_control.

14.19.50. Finished OPT passes. (There is nothing left to do.)

14.20. Executing TECHMAP pass (map to technology primitives).

14.20.1. Executing Verilog-2005 frontend: /usr/bin/../share/yosys/techmap.v
Parsing Verilog input from `/usr/bin/../share/yosys/techmap.v' to AST representation.
Generating RTLIL representation for module `\_90_simplemap_bool_ops'.
Generating RTLIL representation for module `\_90_simplemap_reduce_ops'.
Generating RTLIL representation for module `\_90_simplemap_logic_ops'.
Generating RTLIL representation for module `\_90_simplemap_compare_ops'.
Generating RTLIL representation for module `\_90_simplemap_various'.
Generating RTLIL representation for module `\_90_simplemap_registers'.
Generating RTLIL representation for module `\_90_shift_ops_shr_shl_sshl_sshr'.
Generating RTLIL representation for module `\_90_shift_shiftx'.
Generating RTLIL representation for module `\_90_fa'.
Generating RTLIL representation for module `\_90_lcu'.
Generating RTLIL representation for module `\_90_alu'.
Generating RTLIL representation for module `\_90_macc'.
Generating RTLIL representation for module `\_90_alumacc'.
Generating RTLIL representation for module `\$__div_mod_u'.
Generating RTLIL representation for module `\$__div_mod_trunc'.
Generating RTLIL representation for module `\_90_div'.
Generating RTLIL representation for module `\_90_mod'.
Generating RTLIL representation for module `\$__div_mod_floor'.
Generating RTLIL representation for module `\_90_divfloor'.
Generating RTLIL representation for module `\_90_modfloor'.
Generating RTLIL representation for module `\_90_pow'.
Generating RTLIL representation for module `\_90_pmux'.
Generating RTLIL representation for module `\_90_demux'.
Generating RTLIL representation for module `\_90_lut'.
Successfully finished Verilog frontend.

14.20.2. Continuing TECHMAP pass.
Using extmapper simplemap for cells of type $reduce_and.
Using template $paramod$6df0329addda9228fcc2546de2aaf14ad26c98e1\_90_alu for cells of type $alu.
Using extmapper simplemap for cells of type $or.
Using template $paramod$c04af8dbf0e5d1d69bbccb2c7bd8a93fc9ef54dc\_90_alu for cells of type $alu.
Using extmapper simplemap for cells of type $logic_and.
Using extmapper simplemap for cells of type $reduce_bool.
Using extmapper simplemap for cells of type $eq.
Using extmapper simplemap for cells of type $not.
Using extmapper simplemap for cells of type $logic_or.
Using extmapper simplemap for cells of type $reduce_or.
Using extmapper simplemap for cells of type $mux.
Using extmapper simplemap for cells of type $and.
Using extmapper simplemap for cells of type $ne.
Using extmapper simplemap for cells of type $adff.
Using extmapper simplemap for cells of type $adffe.
Using extmapper simplemap for cells of type $pos.
Using template $paramod\_90_lcu\WIDTH=32'00000000000000000000000000100000 for cells of type $lcu.
Using extmapper simplemap for cells of type $xor.
Using template $paramod\_90_lcu\WIDTH=32'00000000000000000000000000010000 for cells of type $lcu.
Using template $paramod$970ae650a76bdf3510b361420fae0fb688a5af8a\_90_pmux for cells of type $pmux.
Using template $paramod$29b56fed7bdb16c8b09b02aa2858037931055703\_90_pmux for cells of type $pmux.
Using extmapper simplemap for cells of type $logic_not.
Using template $paramod$2af30114e9bd4ccb04dad757b3f0a8f6bf0615b0\_90_alu for cells of type $alu.
Using extmapper simplemap for cells of type $dffe.
Using extmapper simplemap for cells of type $sdffce.
No more expansions possible.
<suppressed ~1179 debug messages>

14.21. Executing OPT pass (performing simple optimizations).

14.21.1. Executing OPT_EXPR pass (perform const folding).
Optimizing module adaptive_aero_control_top.
Optimizing module adaptive_aero_control_top_spi_fpga_top.
Optimizing module adaptive_aero_model_gateway.
<suppressed ~108 debug messages>
Optimizing module adaptive_aero_register_bank.
<suppressed ~397 debug messages>
Optimizing module adaptive_aero_safety_control.
<suppressed ~233 debug messages>

14.21.2. Executing OPT_MERGE pass (detect identical cells).
Finding identical cells in module `\adaptive_aero_control_top'.
Finding identical cells in module `\adaptive_aero_control_top_spi_fpga_top'.
Finding identical cells in module `\adaptive_aero_model_gateway'.
<suppressed ~75 debug messages>
Finding identical cells in module `\adaptive_aero_register_bank'.
<suppressed ~423 debug messages>
Finding identical cells in module `\adaptive_aero_safety_control'.
<suppressed ~288 debug messages>
Removed a total of 262 cells.

14.21.3. Executing OPT_DFF pass (perform DFF optimizations).

14.21.4. Executing OPT_CLEAN pass (remove unused cells and wires).
Finding unused cells or wires in module \adaptive_aero_control_top..
Finding unused cells or wires in module \adaptive_aero_control_top_spi_fpga_top..
Finding unused cells or wires in module \adaptive_aero_model_gateway..
Finding unused cells or wires in module \adaptive_aero_register_bank..
Finding unused cells or wires in module \adaptive_aero_safety_control..
Removed 148 unused cells and 660 unused wires.
<suppressed ~152 debug messages>

14.21.5. Finished fast OPT passes.

14.22. Executing ABC pass (technology mapping using ABC).

14.22.1. Extracting gate netlist of module `\adaptive_aero_control_top' to `<abc-temp-dir>/input.blif'..
Extracted 35 gates and 71 wires to a netlist network with 36 inputs and 2 outputs.

14.22.1.1. Executing ABC.
Running ABC command: "<yosys-exe-dir>/yosys-abc" -s -f <abc-temp-dir>/abc.script 2>&1
ABC: ABC command line: "source <abc-temp-dir>/abc.script".
ABC: 
ABC: + read_blif <abc-temp-dir>/input.blif 
ABC: + read_library <abc-temp-dir>/stdcells.genlib 
ABC: Entered genlib library with 13 gates from file "<abc-temp-dir>/stdcells.genlib".
ABC: + strash 
ABC: + dretime 
ABC: + map 
ABC: + write_blif <abc-temp-dir>/output.blif 

14.22.1.2. Re-integrating ABC results.
ABC RESULTS:                OR cells:       35
ABC RESULTS:        internal signals:       33
ABC RESULTS:           input signals:       36
ABC RESULTS:          output signals:        2
Removing temp directory.

14.22.2. Extracting gate netlist of module `\adaptive_aero_control_top_spi_fpga_top' to `<abc-temp-dir>/input.blif'..
Extracted 119 gates and 356 wires to a netlist network with 237 inputs and 118 outputs.

14.22.2.1. Executing ABC.
Running ABC command: "<yosys-exe-dir>/yosys-abc" -s -f <abc-temp-dir>/abc.script 2>&1
ABC: ABC command line: "source <abc-temp-dir>/abc.script".
ABC: 
ABC: + read_blif <abc-temp-dir>/input.blif 
ABC: + read_library <abc-temp-dir>/stdcells.genlib 
ABC: Entered genlib library with 13 gates from file "<abc-temp-dir>/stdcells.genlib".
ABC: + strash 
ABC: + dretime 
ABC: + map 
ABC: + write_blif <abc-temp-dir>/output.blif 

14.22.2.2. Re-integrating ABC results.
ABC RESULTS:            ANDNOT cells:        1
ABC RESULTS:               MUX cells:      117
ABC RESULTS:        internal signals:        1
ABC RESULTS:           input signals:      237
ABC RESULTS:          output signals:      118
Removing temp directory.

14.22.3. Extracting gate netlist of module `\adaptive_aero_model_gateway' to `<abc-temp-dir>/input.blif'..
Extracted 162 gates and 246 wires to a netlist network with 82 inputs and 74 outputs.

14.22.3.1. Executing ABC.
Running ABC command: "<yosys-exe-dir>/yosys-abc" -s -f <abc-temp-dir>/abc.script 2>&1
ABC: ABC command line: "source <abc-temp-dir>/abc.script".
ABC: 
ABC: + read_blif <abc-temp-dir>/input.blif 
ABC: + read_library <abc-temp-dir>/stdcells.genlib 
ABC: Entered genlib library with 13 gates from file "<abc-temp-dir>/stdcells.genlib".
ABC: + strash 
ABC: + dretime 
ABC: + map 
ABC: + write_blif <abc-temp-dir>/output.blif 

14.22.3.2. Re-integrating ABC results.
ABC RESULTS:               NOR cells:        1
ABC RESULTS:               NOT cells:        3
ABC RESULTS:              XNOR cells:        7
ABC RESULTS:               XOR cells:       24
ABC RESULTS:               MUX cells:       42
ABC RESULTS:             ORNOT cells:        8
ABC RESULTS:              NAND cells:       11
ABC RESULTS:                OR cells:       33
ABC RESULTS:            ANDNOT cells:       14
ABC RESULTS:               AND cells:        6
ABC RESULTS:        internal signals:       90
ABC RESULTS:           input signals:       82
ABC RESULTS:          output signals:       74
Removing temp directory.

14.22.4. Extracting gate netlist of module `\adaptive_aero_register_bank' to `<abc-temp-dir>/input.blif'..
Extracted 582 gates and 801 wires to a netlist network with 218 inputs and 44 outputs.

14.22.4.1. Executing ABC.
Running ABC command: "<yosys-exe-dir>/yosys-abc" -s -f <abc-temp-dir>/abc.script 2>&1
ABC: ABC command line: "source <abc-temp-dir>/abc.script".
ABC: 
ABC: + read_blif <abc-temp-dir>/input.blif 
ABC: + read_library <abc-temp-dir>/stdcells.genlib 
ABC: Entered genlib library with 13 gates from file "<abc-temp-dir>/stdcells.genlib".
ABC: + strash 
ABC: + dretime 
ABC: + map 
ABC: + write_blif <abc-temp-dir>/output.blif 

14.22.4.2. Re-integrating ABC results.
ABC RESULTS:               MUX cells:        6
ABC RESULTS:               NOT cells:       11
ABC RESULTS:              NAND cells:        7
ABC RESULTS:               NOR cells:        2
ABC RESULTS:               AND cells:        4
ABC RESULTS:             ORNOT cells:       38
ABC RESULTS:                OR cells:      210
ABC RESULTS:            ANDNOT cells:      298
ABC RESULTS:        internal signals:      539
ABC RESULTS:           input signals:      218
ABC RESULTS:          output signals:       44
Removing temp directory.

14.22.5. Extracting gate netlist of module `\adaptive_aero_safety_control' to `<abc-temp-dir>/input.blif'..
Extracted 729 gates and 872 wires to a netlist network with 140 inputs and 63 outputs.

14.22.5.1. Executing ABC.
Running ABC command: "<yosys-exe-dir>/yosys-abc" -s -f <abc-temp-dir>/abc.script 2>&1
ABC: ABC command line: "source <abc-temp-dir>/abc.script".
ABC: 
ABC: + read_blif <abc-temp-dir>/input.blif 
ABC: + read_library <abc-temp-dir>/stdcells.genlib 
ABC: Entered genlib library with 13 gates from file "<abc-temp-dir>/stdcells.genlib".
ABC: + strash 
ABC: + dretime 
ABC: + map 
ABC: + write_blif <abc-temp-dir>/output.blif 

14.22.5.2. Re-integrating ABC results.
ABC RESULTS:               NOT cells:        1
ABC RESULTS:               AND cells:       38
ABC RESULTS:              NAND cells:        4
ABC RESULTS:              XNOR cells:       32
ABC RESULTS:               XOR cells:       46
ABC RESULTS:            ANDNOT cells:      170
ABC RESULTS:             ORNOT cells:       67
ABC RESULTS:               NOR cells:       47
ABC RESULTS:               MUX cells:       98
ABC RESULTS:                OR cells:       88
ABC RESULTS:              ZERO cells:        1
ABC RESULTS:        internal signals:      669
ABC RESULTS:           input signals:      140
ABC RESULTS:          output signals:       63
Removing temp directory.

14.23. Executing OPT pass (performing simple optimizations).

14.23.1. Executing OPT_EXPR pass (perform const folding).
Optimizing module adaptive_aero_control_top.
Optimizing module adaptive_aero_control_top_spi_fpga_top.
Optimizing module adaptive_aero_model_gateway.
<suppressed ~13 debug messages>
Optimizing module adaptive_aero_register_bank.
<suppressed ~3 debug messages>
Optimizing module adaptive_aero_safety_control.

14.23.2. Executing OPT_MERGE pass (detect identical cells).
Finding identical cells in module `\adaptive_aero_control_top'.
Finding identical cells in module `\adaptive_aero_control_top_spi_fpga_top'.
Finding identical cells in module `\adaptive_aero_model_gateway'.
Finding identical cells in module `\adaptive_aero_register_bank'.
Finding identical cells in module `\adaptive_aero_safety_control'.
<suppressed ~27 debug messages>
Removed a total of 9 cells.

14.23.3. Executing OPT_DFF pass (perform DFF optimizations).
Setting constant 0-bit at position 0 on $auto$ff.cc:266:slice$1549 ($_DFFE_PN0P_) from module adaptive_aero_safety_control.

14.23.4. Executing OPT_CLEAN pass (remove unused cells and wires).
Finding unused cells or wires in module \adaptive_aero_control_top..
Finding unused cells or wires in module \adaptive_aero_control_top_spi_fpga_top..
Finding unused cells or wires in module \adaptive_aero_model_gateway..
Finding unused cells or wires in module \adaptive_aero_register_bank..
Finding unused cells or wires in module \adaptive_aero_safety_control..
Removed 1 unused cells and 1358 unused wires.
<suppressed ~10 debug messages>

14.23.5. Rerunning OPT passes. (Removed registers in this run.)

14.23.6. Executing OPT_EXPR pass (perform const folding).
Optimizing module adaptive_aero_control_top.
Optimizing module adaptive_aero_control_top_spi_fpga_top.
Optimizing module adaptive_aero_model_gateway.
Optimizing module adaptive_aero_register_bank.
Optimizing module adaptive_aero_safety_control.

14.23.7. Executing OPT_MERGE pass (detect identical cells).
Finding identical cells in module `\adaptive_aero_control_top'.
Finding identical cells in module `\adaptive_aero_control_top_spi_fpga_top'.
Finding identical cells in module `\adaptive_aero_model_gateway'.
Finding identical cells in module `\adaptive_aero_register_bank'.
Finding identical cells in module `\adaptive_aero_safety_control'.
Removed a total of 0 cells.

14.23.8. Executing OPT_DFF pass (perform DFF optimizations).

14.23.9. Executing OPT_CLEAN pass (remove unused cells and wires).
Finding unused cells or wires in module \adaptive_aero_control_top..
Finding unused cells or wires in module \adaptive_aero_control_top_spi_fpga_top..
Finding unused cells or wires in module \adaptive_aero_model_gateway..
Finding unused cells or wires in module \adaptive_aero_register_bank..
Finding unused cells or wires in module \adaptive_aero_safety_control..

14.23.10. Finished fast OPT passes.

14.24. Executing HIERARCHY pass (managing design hierarchy).

14.24.1. Analyzing design hierarchy..
Top module:  \adaptive_aero_control_top_spi_fpga_top
Used module:     \adaptive_aero_control_top
Used module:         \adaptive_aero_model_gateway
Used module:         \adaptive_aero_register_bank
Used module:         \adaptive_aero_safety_control

14.24.2. Analyzing design hierarchy..
Top module:  \adaptive_aero_control_top_spi_fpga_top
Used module:     \adaptive_aero_control_top
Used module:         \adaptive_aero_model_gateway
Used module:         \adaptive_aero_register_bank
Used module:         \adaptive_aero_safety_control
Removed 0 unused modules.

14.25. Printing statistics.

=== adaptive_aero_control_top ===

   Number of wires:                 85
   Number of wire bits:            563
   Number of public wires:          52
   Number of public wire bits:     530
   Number of memories:               0
   Number of memory bits:            0
   Number of processes:              0
   Number of cells:                 38
     $_OR_                          35
     adaptive_aero_model_gateway      1
     adaptive_aero_register_bank      1
     adaptive_aero_safety_control      1

=== adaptive_aero_control_top_spi_fpga_top ===

   Number of wires:                152
   Number of wire bits:           1054
   Number of public wires:          35
   Number of public wire bits:     937
   Number of memories:               0
   Number of memory bits:            0
   Number of processes:              0
   Number of cells:                578
     $_ANDNOT_                       1
     $_DFFE_PN0P_                  228
     $_DFFE_PN_                    226
     $_DFF_PN1_                      3
     $_DFF_PP0_                      1
     $_MUX_                        117
     $_SDFFCE_PP0N_                  1
     adaptive_aero_control_top       1

=== adaptive_aero_model_gateway ===

   Number of wires:                115
   Number of wire bits:            448
   Number of public wires:          35
   Number of public wire bits:     338
   Number of memories:               0
   Number of memory bits:            0
   Number of processes:              0
   Number of cells:                269
     $_ANDNOT_                      14
     $_AND_                          6
     $_DFFE_PN0P_                  115
     $_DFF_PN0_                      5
     $_MUX_                         42
     $_NAND_                        11
     $_NOR_                          1
     $_NOT_                          3
     $_ORNOT_                        8
     $_OR_                          33
     $_XNOR_                         7
     $_XOR_                         24

=== adaptive_aero_register_bank ===

   Number of wires:                577
   Number of wire bits:            908
   Number of public wires:          36
   Number of public wire bits:     334
   Number of memories:               0
   Number of memory bits:            0
   Number of processes:              0
   Number of cells:                711
     $_ANDNOT_                     298
     $_AND_                          4
     $_DFFE_PN0P_                  101
     $_DFF_PN0_                     34
     $_MUX_                          6
     $_NAND_                         7
     $_NOR_                          2
     $_NOT_                         11
     $_ORNOT_                       38
     $_OR_                         210

=== adaptive_aero_safety_control ===

   Number of wires:                572
   Number of wire bits:            983
   Number of public wires:          50
   Number of public wire bits:     461
   Number of memories:               0
   Number of memory bits:            0
   Number of processes:              0
   Number of cells:                706
     $_ANDNOT_                     170
     $_AND_                         38
     $_DFFE_PN0P_                   33
     $_DFF_PN0_                     91
     $_DFF_PN1_                      1
     $_MUX_                         98
     $_NAND_                         4
     $_NOR_                         38
     $_NOT_                          1
     $_ORNOT_                       67
     $_OR_                          87
     $_XNOR_                        32
     $_XOR_                         46

=== design hierarchy ===

   adaptive_aero_control_top_spi_fpga_top      1
     adaptive_aero_control_top       1
       adaptive_aero_model_gateway      1
       adaptive_aero_register_bank      1
       adaptive_aero_safety_control      1

   Number of wires:               1501
   Number of wire bits:           3956
   Number of public wires:         208
   Number of public wire bits:    2600
   Number of memories:               0
   Number of memory bits:            0
   Number of processes:              0
   Number of cells:               2298
     $_ANDNOT_                     483
     $_AND_                         48
     $_DFFE_PN0P_                  477
     $_DFFE_PN_                    226
     $_DFF_PN0_                    130
     $_DFF_PN1_                      4
     $_DFF_PP0_                      1
     $_MUX_                        263
     $_NAND_                        22
     $_NOR_                         41
     $_NOT_                         15
     $_ORNOT_                      113
     $_OR_                         365
     $_SDFFCE_PP0N_                  1
     $_XNOR_                        39
     $_XOR_                         70

14.26. Executing CHECK pass (checking for obvious problems).
Checking module adaptive_aero_control_top...
Checking module adaptive_aero_control_top_spi_fpga_top...
Checking module adaptive_aero_model_gateway...
Checking module adaptive_aero_register_bank...
Checking module adaptive_aero_safety_control...
Found and reported 0 problems.

15. Printing statistics.

=== adaptive_aero_control_top ===

   Number of wires:                 85
   Number of wire bits:            563
   Number of public wires:          52
   Number of public wire bits:     530
   Number of memories:               0
   Number of memory bits:            0
   Number of processes:              0
   Number of cells:                 38
     $_OR_                          35
     adaptive_aero_model_gateway      1
     adaptive_aero_register_bank      1
     adaptive_aero_safety_control      1

=== adaptive_aero_control_top_spi_fpga_top ===

   Number of wires:                152
   Number of wire bits:           1054
   Number of public wires:          35
   Number of public wire bits:     937
   Number of memories:               0
   Number of memory bits:            0
   Number of processes:              0
   Number of cells:                578
     $_ANDNOT_                       1
     $_DFFE_PN0P_                  228
     $_DFFE_PN_                    226
     $_DFF_PN1_                      3
     $_DFF_PP0_                      1
     $_MUX_                        117
     $_SDFFCE_PP0N_                  1
     adaptive_aero_control_top       1

=== adaptive_aero_model_gateway ===

   Number of wires:                115
   Number of wire bits:            448
   Number of public wires:          35
   Number of public wire bits:     338
   Number of memories:               0
   Number of memory bits:            0
   Number of processes:              0
   Number of cells:                269
     $_ANDNOT_                      14
     $_AND_                          6
     $_DFFE_PN0P_                  115
     $_DFF_PN0_                      5
     $_MUX_                         42
     $_NAND_                        11
     $_NOR_                          1
     $_NOT_                          3
     $_ORNOT_                        8
     $_OR_                          33
     $_XNOR_                         7
     $_XOR_                         24

=== adaptive_aero_register_bank ===

   Number of wires:                577
   Number of wire bits:            908
   Number of public wires:          36
   Number of public wire bits:     334
   Number of memories:               0
   Number of memory bits:            0
   Number of processes:              0
   Number of cells:                711
     $_ANDNOT_                     298
     $_AND_                          4
     $_DFFE_PN0P_                  101
     $_DFF_PN0_                     34
     $_MUX_                          6
     $_NAND_                         7
     $_NOR_                          2
     $_NOT_                         11
     $_ORNOT_                       38
     $_OR_                         210

=== adaptive_aero_safety_control ===

   Number of wires:                572
   Number of wire bits:            983
   Number of public wires:          50
   Number of public wire bits:     461
   Number of memories:               0
   Number of memory bits:            0
   Number of processes:              0
   Number of cells:                706
     $_ANDNOT_                     170
     $_AND_                         38
     $_DFFE_PN0P_                   33
     $_DFF_PN0_                     91
     $_DFF_PN1_                      1
     $_MUX_                         98
     $_NAND_                         4
     $_NOR_                         38
     $_NOT_                          1
     $_ORNOT_                       67
     $_OR_                          87
     $_XNOR_                        32
     $_XOR_                         46

=== design hierarchy ===

   adaptive_aero_control_top_spi_fpga_top      1
     adaptive_aero_control_top       1
       adaptive_aero_model_gateway      1
       adaptive_aero_register_bank      1
       adaptive_aero_safety_control      1

   Number of wires:               1501
   Number of wire bits:           3956
   Number of public wires:         208
   Number of public wire bits:    2600
   Number of memories:               0
   Number of memory bits:            0
   Number of processes:              0
   Number of cells:               2298
     $_ANDNOT_                     483
     $_AND_                         48
     $_DFFE_PN0P_                  477
     $_DFFE_PN_                    226
     $_DFF_PN0_                    130
     $_DFF_PN1_                      4
     $_DFF_PP0_                      1
     $_MUX_                        263
     $_NAND_                        22
     $_NOR_                         41
     $_NOT_                         15
     $_ORNOT_                      113
     $_OR_                         365
     $_SDFFCE_PP0N_                  1
     $_XNOR_                        39
     $_XOR_                         70

Warnings: 1 unique messages, 1 total
End of script. Logfile hash: 45300f88a0, CPU: user 2.02s system 0.04s, MEM: 189.22 MB peak
Yosys 0.33 (git sha1 2584903a060)
Time spent: 20% 33x opt_expr (0 sec), 17% 30x opt_clean (0 sec), ...
