== ChipLoop: Digital Synthesis Agent ==
PDK_VARIANT=sky130A
OPENLANE_IMAGE=ghcr.io/efabless/openlane2:2.4.0.dev1
WORKDIR=/work
MACRO_LIB_COUNT=0

PDK listing:
total 20
drwxr-xr-x 3 root root 4096 Feb 28 02:35 .
drwxr-xr-x 1 root root 4096 Aug 12 20:20 ..
lrwxrwxrwx 1 root root   71 Feb 28 02:35 sky130A -> volare/sky130/versions/a519523b0d9bc913a6f87a5eed083597ed9e2e93/sky130A
lrwxrwxrwx 1 root root   71 Feb 28 02:35 sky130B -> volare/sky130/versions/a519523b0d9bc913a6f87a5eed083597ed9e2e93/sky130B
drwxr-xr-x 3 root root 4096 Feb 28 02:35 volare
Using macro Liberty blackbox libraries:
total 8
drwxr-xr-x  2 root root 4096 Aug 12 20:20 .
drwxr-xr-x 10 root root 4096 Aug 12 20:20 ..
[20:20:48] INFO     Loading the design configuration file has      config.py:716
                    generated the following warnings:                           
[20:20:48] WARNING  An unknown key 'CHIPLOOP_GENERATED_AT' was     config.py:720
                    provided.                                                   
[20:20:48] WARNING  An unknown key 'CHIPLOOP_GENERATED_BY' was     config.py:720
                    provided.                                                   
[20:20:48] WARNING  An unknown key 'CHIPLOOP_MACRO_GDS' was        config.py:720
                    provided.                                                   
[20:20:48] WARNING  An unknown key 'CHIPLOOP_MACRO_LEFS' was       config.py:720
                    provided.                                                   
[20:20:48] WARNING  An unknown key 'CHIPLOOP_MACRO_LIBS' was       config.py:720
                    provided.                                                   
[20:20:48] WARNING  An unknown key 'CHIPLOOP_MACRO_SPICE' was      config.py:720
                    provided.                                                   
[20:20:48] WARNING  An unknown key 'CHIPLOOP_MACRO_VERILOG' was    config.py:720
                    provided.                                                   
[20:20:48] WARNING  An unknown key 'CHIPLOOP_WORKFLOW_ID' was      config.py:720
                    provided.                                                   
[20:20:48] WARNING  An unknown key                                 config.py:720
                    'CHIPLOOP_YOSYS_MACRO_LIB_SCRIPT' was                       
                    provided.                                                   
[20:20:48] WARNING  An unknown key 'SYNTH_SDC_FILE' was provided.  config.py:720
[20:20:48] INFO     Starting a new run of the 'Classic' flow with    flow.py:628
                    the tag                                                     
                    'Digital_Arch2Tapeout_dd095a60-e45f-44c3-beb0-94            
                    3e030b19e3'.                                                
[20:20:48] INFO     Starting…                                  sequential.py:294
[20:20:48] INFO     Gating variable for step 'Verilator.Lint'  sequential.py:317
                    set to 'False'- the step will be skipped.                   
[20:20:48] INFO     Skipping step 'Verilator Lint'…            sequential.py:325
[20:20:48] INFO     Gating variable for step                   sequential.py:317
                    'Checker.LintTimingConstructs' set to                       
                    'False'- the step will be skipped.                          
[20:20:48] INFO     Skipping step 'Lint Timing Error Checker'… sequential.py:325
[20:20:48] INFO     Gating variable for step                   sequential.py:317
                    'Checker.LintErrors' set to 'False'- the                    
                    step will be skipped.                                       
[20:20:48] INFO     Skipping step 'Lint Errors Checker'…       sequential.py:325
[20:20:48] INFO     Gating variable for step                   sequential.py:317
                    'Checker.LintWarnings' set to 'False'- the                  
                    step will be skipped.                                       
[20:20:48] INFO     Skipping step 'Lint Warnings Checker'…     sequential.py:325
───────────────────────────── Generate JSON Header ─────────────────────────────
[20:20:48] VERBOSE  Running 'Yosys.JsonHeader' at                   step.py:1122
                    'runs/Digital_Arch2Tapeout_dd095a60-e45f-44c3-b             
                    eb0-943e030b19e3/01-yosys-jsonheader'…                      
[20:20:49] VERBOSE  Logging subprocess to                           step.py:1318
                    'runs/Digital_Arch2Tapeout_dd095a60-e45f-44c3-b             
                    eb0-943e030b19e3/01-yosys-jsonheader/yosys-json             
                    header.log'…                                                
                                                                                
/----------------------------------------------------------------------------\  
|  yosys -- Yosys Open SYnthesis Suite                                       |  
|  Copyright (C) 2012 - 2024  Claire Xenia Wolf <claire@yosyshq.com>         |  
|  Distributed under an ISC-like license, type "license" to see terms        |  
\----------------------------------------------------------------------------/  
Yosys 0.46 (git sha1 e97731b9dda91fa5fa53ed87df7c34163ba59a41, clang++ 17.0.6   
-fPIC -O3)                                                                      
Loaded SDC plugin                                                               
                                                                                
1. Executing Verilog-2005 frontend:                                             
/work/runs/Digital_Arch2Tapeout_dd095a60-e45f-44c3-beb0-943e030b19e3/tmp/3e4b76e
40feb4c0bb3eb917e69939f53.bb.v                                                  
Parsing SystemVerilog input from                                                
`/work/runs/Digital_Arch2Tapeout_dd095a60-e45f-44c3-beb0-943e030b19e3/tmp/3e4b76
e40feb4c0bb3eb917e69939f53.bb.v' to AST representation.                         
Generating RTLIL representation for module `\sky130_ef_sc_hd__decap_12'.        
Generating RTLIL representation for module `\sky130_ef_sc_hd__fill_12'.         
Generating RTLIL representation for module `\sky130_ef_sc_hd__fill_4'.          
Generating RTLIL representation for module `\sky130_ef_sc_hd__fill_8'.          
Generating RTLIL representation for module `\sky130_fd_sc_hd__a2111o_1'.        
Generating RTLIL representation for module `\sky130_fd_sc_hd__a2111o_2'.        
Generating RTLIL representation for module `\sky130_fd_sc_hd__a2111o_4'.        
Generating RTLIL representation for module `\sky130_fd_sc_hd__a2111oi_0'.       
Generating RTLIL representation for module `\sky130_fd_sc_hd__a2111oi_1'.       
Generating RTLIL representation for module `\sky130_fd_sc_hd__a2111oi_2'.       
Generating RTLIL representation for module `\sky130_fd_sc_hd__a2111oi_4'.       
Generating RTLIL representation for module `\sky130_fd_sc_hd__a211o_1'.         
Generating RTLIL representation for module `\sky130_fd_sc_hd__a211o_2'.         
Generating RTLIL representation for module `\sky130_fd_sc_hd__a211o_4'.         
Generating RTLIL representation for module `\sky130_fd_sc_hd__a211oi_1'.        
Generating RTLIL representation for module `\sky130_fd_sc_hd__a211oi_2'.        
Generating RTLIL representation for module `\sky130_fd_sc_hd__a211oi_4'.        
Generating RTLIL representation for module `\sky130_fd_sc_hd__a21bo_1'.         
Generating RTLIL representation for module `\sky130_fd_sc_hd__a21bo_2'.         
Generating RTLIL representation for module `\sky130_fd_sc_hd__a21bo_4'.         
Generating RTLIL representation for module `\sky130_fd_sc_hd__a21boi_0'.        
Generating RTLIL representation for module `\sky130_fd_sc_hd__a21boi_1'.        
Generating RTLIL representation for module `\sky130_fd_sc_hd__a21boi_2'.        
Generating RTLIL representation for module `\sky130_fd_sc_hd__a21boi_4'.        
Generating RTLIL representation for module `\sky130_fd_sc_hd__a21o_1'.          
Generating RTLIL representation for module `\sky130_fd_sc_hd__a21o_2'.          
Generating RTLIL representation for module `\sky130_fd_sc_hd__a21o_4'.          
Generating RTLIL representation for module `\sky130_fd_sc_hd__a21oi_1'.         
Generating RTLIL representation for module `\sky130_fd_sc_hd__a21oi_2'.         
Generating RTLIL representation for module `\sky130_fd_sc_hd__a21oi_4'.         
Generating RTLIL representation for module `\sky130_fd_sc_hd__a221o_1'.         
Generating RTLIL representation for module `\sky130_fd_sc_hd__a221o_2'.         
Generating RTLIL representation for module `\sky130_fd_sc_hd__a221o_4'.         
Generating RTLIL representation for module `\sky130_fd_sc_hd__a221oi_1'.        
Generating RTLIL representation for module `\sky130_fd_sc_hd__a221oi_2'.        
Generating RTLIL representation for module `\sky130_fd_sc_hd__a221oi_4'.        
Generating RTLIL representation for module `\sky130_fd_sc_hd__a222oi_1'.        
Generating RTLIL representation for module `\sky130_fd_sc_hd__a22o_1'.          
Generating RTLIL representation for module `\sky130_fd_sc_hd__a22o_2'.          
Generating RTLIL representation for module `\sky130_fd_sc_hd__a22o_4'.          
Generating RTLIL representation for module `\sky130_fd_sc_hd__a22oi_1'.         
Generating RTLIL representation for module `\sky130_fd_sc_hd__a22oi_2'.         
Generating RTLIL representation for module `\sky130_fd_sc_hd__a22oi_4'.         
Generating RTLIL representation for module `\sky130_fd_sc_hd__a2bb2o_1'.        
Generating RTLIL representation for module `\sky130_fd_sc_hd__a2bb2o_2'.        
Generating RTLIL representation for module `\sky130_fd_sc_hd__a2bb2o_4'.        
Generating RTLIL representation for module `\sky130_fd_sc_hd__a2bb2oi_1'.       
Generating RTLIL representation for module `\sky130_fd_sc_hd__a2bb2oi_2'.       
Generating RTLIL representation for module `\sky130_fd_sc_hd__a2bb2oi_4'.       
Generating RTLIL representation for module `\sky130_fd_sc_hd__a311o_1'.         
Generating RTLIL representation for module `\sky130_fd_sc_hd__a311o_2'.         
Generating RTLIL representation for module `\sky130_fd_sc_hd__a311o_4'.         
Generating RTLIL representation for module `\sky130_fd_sc_hd__a311oi_1'.        
Generating RTLIL representation for module `\sky130_fd_sc_hd__a311oi_2'.        
Generating RTLIL representation for module `\sky130_fd_sc_hd__a311oi_4'.        
Generating RTLIL representation for module `\sky130_fd_sc_hd__a31o_1'.          
Generating RTLIL representation for module `\sky130_fd_sc_hd__a31o_2'.          
Generating RTLIL representation for module `\sky130_fd_sc_hd__a31o_4'.          
Generating RTLIL representation for module `\sky130_fd_sc_hd__a31oi_1'.         
Generating RTLIL representation for module `\sky130_fd_sc_hd__a31oi_2'.         
Generating RTLIL representation for module `\sky130_fd_sc_hd__a31oi_4'.         
Generating RTLIL representation for module `\sky130_fd_sc_hd__a32o_1'.          
Generating RTLIL representation for module `\sky130_fd_sc_hd__a32o_2'.          
Generating RTLIL representation for module `\sky130_fd_sc_hd__a32o_4'.          
Generating RTLIL representation for module `\sky130_fd_sc_hd__a32oi_1'.         
Generating RTLIL representation for module `\sky130_fd_sc_hd__a32oi_2'.         
Generating RTLIL representation for module `\sky130_fd_sc_hd__a32oi_4'.         
Generating RTLIL representation for module `\sky130_fd_sc_hd__a41o_1'.          
Generating RTLIL representation for module `\sky130_fd_sc_hd__a41o_2'.          
Generating RTLIL representation for module `\sky130_fd_sc_hd__a41o_4'.          
Generating RTLIL representation for module `\sky130_fd_sc_hd__a41oi_1'.         
Generating RTLIL representation for module `\sky130_fd_sc_hd__a41oi_2'.         
Generating RTLIL representation for module `\sky130_fd_sc_hd__a41oi_4'.         
Generating RTLIL representation for module `\sky130_fd_sc_hd__and2_0'.          
Generating RTLIL representation for module `\sky130_fd_sc_hd__and2_1'.          
Generating RTLIL representation for module `\sky130_fd_sc_hd__and2_2'.          
Generating RTLIL representation for module `\sky130_fd_sc_hd__and2_4'.          
Generating RTLIL representation for module `\sky130_fd_sc_hd__and2b_1'.         
Generating RTLIL representation for module `\sky130_fd_sc_hd__and2b_2'.         
Generating RTLIL representation for module `\sky130_fd_sc_hd__and2b_4'.         
Generating RTLIL representation for module `\sky130_fd_sc_hd__and3_1'.          
Generating RTLIL representation for module `\sky130_fd_sc_hd__and3_2'.          
Generating RTLIL representation for module `\sky130_fd_sc_hd__and3_4'.          
Generating RTLIL representation for module `\sky130_fd_sc_hd__and3b_1'.         
Generating RTLIL representation for module `\sky130_fd_sc_hd__and3b_2'.         
Generating RTLIL representation for module `\sky130_fd_sc_hd__and3b_4'.         
Generating RTLIL representation for module `\sky130_fd_sc_hd__and4_1'.          
Generating RTLIL representation for module `\sky130_fd_sc_hd__and4_2'.          
Generating RTLIL representation for module `\sky130_fd_sc_hd__and4_4'.          
Generating RTLIL representation for module `\sky130_fd_sc_hd__and4b_1'.         
Generating RTLIL representation for module `\sky130_fd_sc_hd__and4b_2'.         
Generating RTLIL representation for module `\sky130_fd_sc_hd__and4b_4'.         
Generating RTLIL representation for module `\sky130_fd_sc_hd__and4bb_1'.        
Generating RTLIL representation for module `\sky130_fd_sc_hd__and4bb_2'.        
Generating RTLIL representation for module `\sky130_fd_sc_hd__and4bb_4'.        
Generating RTLIL representation for module `\sky130_fd_sc_hd__buf_1'.           
Generating RTLIL representation for module `\sky130_fd_sc_hd__buf_12'.          
Generating RTLIL representation for module `\sky130_fd_sc_hd__buf_16'.          
Generating RTLIL representation for module `\sky130_fd_sc_hd__buf_2'.           
Generating RTLIL representation for module `\sky130_fd_sc_hd__buf_4'.           
Generating RTLIL representation for module `\sky130_fd_sc_hd__buf_6'.           
Generating RTLIL representation for module `\sky130_fd_sc_hd__buf_8'.           
Generating RTLIL representation for module `\sky130_fd_sc_hd__bufbuf_16'.       
Generating RTLIL representation for module `\sky130_fd_sc_hd__bufbuf_8'.        
Generating RTLIL representation for module `\sky130_fd_sc_hd__bufinv_16'.       
Generating RTLIL representation for module `\sky130_fd_sc_hd__bufinv_8'.        
Generating RTLIL representation for module `\sky130_fd_sc_hd__clkbuf_1'.        
Generating RTLIL representation for module `\sky130_fd_sc_hd__clkbuf_16'.       
Generating RTLIL representation for module `\sky130_fd_sc_hd__clkbuf_2'.        
Generating RTLIL representation for module `\sky130_fd_sc_hd__clkbuf_4'.        
Generating RTLIL representation for module `\sky130_fd_sc_hd__clkbuf_8'.        
Generating RTLIL representation for module `\sky130_fd_sc_hd__clkdlybuf4s15_1'. 
Generating RTLIL representation for module `\sky130_fd_sc_hd__clkdlybuf4s15_2'. 
Generating RTLIL representation for module `\sky130_fd_sc_hd__clkdlybuf4s18_1'. 
Generating RTLIL representation for module `\sky130_fd_sc_hd__clkdlybuf4s18_2'. 
Generating RTLIL representation for module `\sky130_fd_sc_hd__clkdlybuf4s25_1'. 
Generating RTLIL representation for module `\sky130_fd_sc_hd__clkdlybuf4s25_2'. 
Generating RTLIL representation for module `\sky130_fd_sc_hd__clkdlybuf4s50_1'. 
Generating RTLIL representation for module `\sky130_fd_sc_hd__clkdlybuf4s50_2'. 
Generating RTLIL representation for module `\sky130_fd_sc_hd__clkinv_1'.        
Generating RTLIL representation for module `\sky130_fd_sc_hd__clkinv_16'.       
Generating RTLIL representation for module `\sky130_fd_sc_hd__clkinv_2'.        
Generating RTLIL representation for module `\sky130_fd_sc_hd__clkinv_4'.        
Generating RTLIL representation for module `\sky130_fd_sc_hd__clkinv_8'.        
Generating RTLIL representation for module `\sky130_fd_sc_hd__clkinvlp_2'.      
Generating RTLIL representation for module `\sky130_fd_sc_hd__clkinvlp_4'.      
Generating RTLIL representation for module `\sky130_fd_sc_hd__conb_1'.          
Generating RTLIL representation for module `\sky130_fd_sc_hd__decap_12'.        
Generating RTLIL representation for module `\sky130_fd_sc_hd__decap_3'.         
Generating RTLIL representation for module `\sky130_fd_sc_hd__decap_4'.         
Generating RTLIL representation for module `\sky130_fd_sc_hd__decap_6'.         
Generating RTLIL representation for module `\sky130_fd_sc_hd__decap_8'.         
Generating RTLIL representation for module `\sky130_fd_sc_hd__dfbbn_1'.         
Generating RTLIL representation for module `\sky130_fd_sc_hd__dfbbn_2'.         
Generating RTLIL representation for module `\sky130_fd_sc_hd__dfbbp_1'.         
Generating RTLIL representation for module `\sky130_fd_sc_hd__dfrbp_1'.         
Generating RTLIL representation for module `\sky130_fd_sc_hd__dfrbp_2'.         
Generating RTLIL representation for module `\sky130_fd_sc_hd__dfrtn_1'.         
Generating RTLIL representation for module `\sky130_fd_sc_hd__dfrtp_1'.         
Generating RTLIL representation for module `\sky130_fd_sc_hd__dfrtp_2'.         
Generating RTLIL representation for module `\sky130_fd_sc_hd__dfrtp_4'.         
Generating RTLIL representation for module `\sky130_fd_sc_hd__dfsbp_1'.         
Generating RTLIL representation for module `\sky130_fd_sc_hd__dfsbp_2'.         
Generating RTLIL representation for module `\sky130_fd_sc_hd__dfstp_1'.         
Generating RTLIL representation for module `\sky130_fd_sc_hd__dfstp_2'.         
Generating RTLIL representation for module `\sky130_fd_sc_hd__dfstp_4'.         
Generating RTLIL representation for module `\sky130_fd_sc_hd__dfxbp_1'.         
Generating RTLIL representation for module `\sky130_fd_sc_hd__dfxbp_2'.         
Generating RTLIL representation for module `\sky130_fd_sc_hd__dfxtp_1'.         
Generating RTLIL representation for module `\sky130_fd_sc_hd__dfxtp_2'.         
Generating RTLIL representation for module `\sky130_fd_sc_hd__dfxtp_4'.         
Generating RTLIL representation for module `\sky130_fd_sc_hd__diode_2'.         
Generating RTLIL representation for module `\sky130_fd_sc_hd__dlclkp_1'.        
Generating RTLIL representation for module `\sky130_fd_sc_hd__dlclkp_2'.        
Generating RTLIL representation for module `\sky130_fd_sc_hd__dlclkp_4'.        
Generating RTLIL representation for module `\sky130_fd_sc_hd__dlrbn_1'.         
Generating RTLIL representation for module `\sky130_fd_sc_hd__dlrbn_2'.         
Generating RTLIL representation for module `\sky130_fd_sc_hd__dlrbp_1'.         
Generating RTLIL representation for module `\sky130_fd_sc_hd__dlrbp_2'.         
Generating RTLIL representation for module `\sky130_fd_sc_hd__dlrtn_1'.         
Generating RTLIL representation for module `\sky130_fd_sc_hd__dlrtn_2'.         
Generating RTLIL representation for module `\sky130_fd_sc_hd__dlrtn_4'.         
Generating RTLIL representation for module `\sky130_fd_sc_hd__dlrtp_1'.         
Generating RTLIL representation for module `\sky130_fd_sc_hd__dlrtp_2'.         
Generating RTLIL representation for module `\sky130_fd_sc_hd__dlrtp_4'.         
Generating RTLIL representation for module `\sky130_fd_sc_hd__dlxbn_1'.         
Generating RTLIL representation for module `\sky130_fd_sc_hd__dlxbn_2'.         
Generating RTLIL representation for module `\sky130_fd_sc_hd__dlxbp_1'.         
Generating RTLIL representation for module `\sky130_fd_sc_hd__dlxtn_1'.         
Generating RTLIL representation for module `\sky130_fd_sc_hd__dlxtn_2'.         
Generating RTLIL representation for module `\sky130_fd_sc_hd__dlxtn_4'.         
Generating RTLIL representation for module `\sky130_fd_sc_hd__dlxtp_1'.         
Generating RTLIL representation for module `\sky130_fd_sc_hd__dlygate4sd1_1'.   
Generating RTLIL representation for module `\sky130_fd_sc_hd__dlygate4sd2_1'.   
Generating RTLIL representation for module `\sky130_fd_sc_hd__dlygate4sd3_1'.   
Generating RTLIL representation for module `\sky130_fd_sc_hd__dlymetal6s2s_1'.  
Generating RTLIL representation for module `\sky130_fd_sc_hd__dlymetal6s4s_1'.  
Generating RTLIL representation for module `\sky130_fd_sc_hd__dlymetal6s6s_1'.  
Generating RTLIL representation for module `\sky130_fd_sc_hd__ebufn_1'.         
Generating RTLIL representation for module `\sky130_fd_sc_hd__ebufn_2'.         
Generating RTLIL representation for module `\sky130_fd_sc_hd__ebufn_4'.         
Generating RTLIL representation for module `\sky130_fd_sc_hd__ebufn_8'.         
Generating RTLIL representation for module `\sky130_fd_sc_hd__edfxbp_1'.        
Generating RTLIL representation for module `\sky130_fd_sc_hd__edfxtp_1'.        
Generating RTLIL representation for module `\sky130_fd_sc_hd__einvn_0'.         
Generating RTLIL representation for module `\sky130_fd_sc_hd__einvn_1'.         
Generating RTLIL representation for module `\sky130_fd_sc_hd__einvn_2'.         
Generating RTLIL representation for module `\sky130_fd_sc_hd__einvn_4'.         
Generating RTLIL representation for module `\sky130_fd_sc_hd__einvn_8'.         
Generating RTLIL representation for module `\sky130_fd_sc_hd__einvp_1'.         
Generating RTLIL representation for module `\sky130_fd_sc_hd__einvp_2'.         
Generating RTLIL representation for module `\sky130_fd_sc_hd__einvp_4'.         
Generating RTLIL representation for module `\sky130_fd_sc_hd__einvp_8'.         
Generating RTLIL representation for module `\sky130_fd_sc_hd__fa_1'.            
Generating RTLIL representation for module `\sky130_fd_sc_hd__fa_2'.            
Generating RTLIL representation for module `\sky130_fd_sc_hd__fa_4'.            
Generating RTLIL representation for module `\sky130_fd_sc_hd__fah_1'.           
Generating RTLIL representation for module `\sky130_fd_sc_hd__fahcin_1'.        
Generating RTLIL representation for module `\sky130_fd_sc_hd__fahcon_1'.        
Generating RTLIL representation for module `\sky130_fd_sc_hd__fill_1'.          
Generating RTLIL representation for module `\sky130_fd_sc_hd__fill_2'.          
Generating RTLIL representation for module `\sky130_fd_sc_hd__fill_4'.          
Generating RTLIL representation for module `\sky130_fd_sc_hd__fill_8'.          
Generating RTLIL representation for module `\sky130_fd_sc_hd__ha_1'.            
Generating RTLIL representation for module `\sky130_fd_sc_hd__ha_2'.            
Generating RTLIL representation for module `\sky130_fd_sc_hd__ha_4'.            
Generating RTLIL representation for module `\sky130_fd_sc_hd__inv_1'.           
Generating RTLIL representation for module `\sky130_fd_sc_hd__inv_12'.          
Generating RTLIL representation for module `\sky130_fd_sc_hd__inv_16'.          
Generating RTLIL representation for module `\sky130_fd_sc_hd__inv_2'.           
Generating RTLIL representation for module `\sky130_fd_sc_hd__inv_4'.           
Generating RTLIL representation for module `\sky130_fd_sc_hd__inv_6'.           
Generating RTLIL representation for module `\sky130_fd_sc_hd__inv_8'.           
Generating RTLIL representation for module `\sky130_fd_sc_hd__lpflow_bleeder_1'.
Generating RTLIL representation for module                                      
`\sky130_fd_sc_hd__lpflow_clkbufkapwr_1'.                                       
Generating RTLIL representation for module                                      
`\sky130_fd_sc_hd__lpflow_clkbufkapwr_16'.                                      
Generating RTLIL representation for module                                      
`\sky130_fd_sc_hd__lpflow_clkbufkapwr_2'.                                       
Generating RTLIL representation for module                                      
`\sky130_fd_sc_hd__lpflow_clkbufkapwr_4'.                                       
Generating RTLIL representation for module                                      
`\sky130_fd_sc_hd__lpflow_clkbufkapwr_8'.                                       
Generating RTLIL representation for module                                      
`\sky130_fd_sc_hd__lpflow_clkinvkapwr_1'.                                       
Generating RTLIL representation for module                                      
`\sky130_fd_sc_hd__lpflow_clkinvkapwr_16'.                                      
Generating RTLIL representation for module                                      
`\sky130_fd_sc_hd__lpflow_clkinvkapwr_2'.                                       
Generating RTLIL representation for module                                      
`\sky130_fd_sc_hd__lpflow_clkinvkapwr_4'.                                       
Generating RTLIL representation for module                                      
`\sky130_fd_sc_hd__lpflow_clkinvkapwr_8'.                                       
Generating RTLIL representation for module                                      
`\sky130_fd_sc_hd__lpflow_decapkapwr_12'.                                       
Generating RTLIL representation for module                                      
`\sky130_fd_sc_hd__lpflow_decapkapwr_3'.                                        
Generating RTLIL representation for module                                      
`\sky130_fd_sc_hd__lpflow_decapkapwr_4'.                                        
Generating RTLIL representation for module                                      
`\sky130_fd_sc_hd__lpflow_decapkapwr_6'.                                        
Generating RTLIL representation for module                                      
`\sky130_fd_sc_hd__lpflow_decapkapwr_8'.                                        
Generating RTLIL representation for module                                      
`\sky130_fd_sc_hd__lpflow_inputiso0n_1'.                                        
Generating RTLIL representation for module                                      
`\sky130_fd_sc_hd__lpflow_inputiso0p_1'.                                        
Generating RTLIL representation for module                                      
`\sky130_fd_sc_hd__lpflow_inputiso1n_1'.                                        
Generating RTLIL representation for module                                      
`\sky130_fd_sc_hd__lpflow_inputiso1p_1'.                                        
Generating RTLIL representation for module                                      
`\sky130_fd_sc_hd__lpflow_inputisolatch_1'.                                     
Generating RTLIL representation for module                                      
`\sky130_fd_sc_hd__lpflow_isobufsrc_1'.                                         
Generating RTLIL representation for module                                      
`\sky130_fd_sc_hd__lpflow_isobufsrc_16'.                                        
Generating RTLIL representation for module                                      
`\sky130_fd_sc_hd__lpflow_isobufsrc_2'.                                         
Generating RTLIL representation for module                                      
`\sky130_fd_sc_hd__lpflow_isobufsrc_4'.                                         
Generating RTLIL representation for module                                      
`\sky130_fd_sc_hd__lpflow_isobufsrc_8'.                                         
Generating RTLIL representation for module                                      
`\sky130_fd_sc_hd__lpflow_isobufsrckapwr_16'.                                   
Generating RTLIL representation for module                                      
`\sky130_fd_sc_hd__lpflow_lsbuf_lh_hl_isowell_tap_1'.                           
Generating RTLIL representation for module                                      
`\sky130_fd_sc_hd__lpflow_lsbuf_lh_hl_isowell_tap_2'.                           
Generating RTLIL representation for module                                      
`\sky130_fd_sc_hd__lpflow_lsbuf_lh_hl_isowell_tap_4'.                           
Generating RTLIL representation for module                                      
`\sky130_fd_sc_hd__lpflow_lsbuf_lh_isowell_4'.                                  
Generating RTLIL representation for module                                      
`\sky130_fd_sc_hd__lpflow_lsbuf_lh_isowell_tap_1'.                              
Generating RTLIL representation for module                                      
`\sky130_fd_sc_hd__lpflow_lsbuf_lh_isowell_tap_2'.                              
Generating RTLIL representation for module                                      
`\sky130_fd_sc_hd__lpflow_lsbuf_lh_isowell_tap_4'.                              
Generating RTLIL representation for module `\sky130_fd_sc_hd__macro_sparecell'. 
Generating RTLIL representation for module `\sky130_fd_sc_hd__maj3_1'.          
Generating RTLIL representation for module `\sky130_fd_sc_hd__maj3_2'.          
Generating RTLIL representation for module `\sky130_fd_sc_hd__maj3_4'.          
Generating RTLIL representation for module `\sky130_fd_sc_hd__mux2_1'.          
Generating RTLIL representation for module `\sky130_fd_sc_hd__mux2_2'.          
Generating RTLIL representation for module `\sky130_fd_sc_hd__mux2_4'.          
Generating RTLIL representation for module `\sky130_fd_sc_hd__mux2_8'.          
Generating RTLIL representation for module `\sky130_fd_sc_hd__mux2i_1'.         
Generating RTLIL representation for module `\sky130_fd_sc_hd__mux2i_2'.         
Generating RTLIL representation for module `\sky130_fd_sc_hd__mux2i_4'.         
Generating RTLIL representation for module `\sky130_fd_sc_hd__mux4_1'.          
Generating RTLIL representation for module `\sky130_fd_sc_hd__mux4_2'.          
Generating RTLIL representation for module `\sky130_fd_sc_hd__mux4_4'.          
Generating RTLIL representation for module `\sky130_fd_sc_hd__nand2_1'.         
Generating RTLIL representation for module `\sky130_fd_sc_hd__nand2_2'.         
Generating RTLIL representation for module `\sky130_fd_sc_hd__nand2_4'.         
Generating RTLIL representation for module `\sky130_fd_sc_hd__nand2_8'.         
Generating RTLIL representation for module `\sky130_fd_sc_hd__nand2b_1'.        
Generating RTLIL representation for module `\sky130_fd_sc_hd__nand2b_2'.        
Generating RTLIL representation for module `\sky130_fd_sc_hd__nand2b_4'.        
Generating RTLIL representation for module `\sky130_fd_sc_hd__nand3_1'.         
Generating RTLIL representation for module `\sky130_fd_sc_hd__nand3_2'.         
Generating RTLIL representation for module `\sky130_fd_sc_hd__nand3_4'.         
Generating RTLIL representation for module `\sky130_fd_sc_hd__nand3b_1'.        
Generating RTLIL representation for module `\sky130_fd_sc_hd__nand3b_2'.        
Generating RTLIL representation for module `\sky130_fd_sc_hd__nand3b_4'.        
Generating RTLIL representation for module `\sky130_fd_sc_hd__nand4_1'.         
Generating RTLIL representation for module `\sky130_fd_sc_hd__nand4_2'.         
Generating RTLIL representation for module `\sky130_fd_sc_hd__nand4_4'.         
Generating RTLIL representation for module `\sky130_fd_sc_hd__nand4b_1'.        
Generating RTLIL representation for module `\sky130_fd_sc_hd__nand4b_2'.        
Generating RTLIL representation for module `\sky130_fd_sc_hd__nand4b_4'.        
Generating RTLIL representation for module `\sky130_fd_sc_hd__nand4bb_1'.       
Generating RTLIL representation for module `\sky130_fd_sc_hd__nand4bb_2'.       
Generating RTLIL representation for module `\sky130_fd_sc_hd__nand4bb_4'.       
Generating RTLIL representation for module `\sky130_fd_sc_hd__nor2_1'.          
Generating RTLIL representation for module `\sky130_fd_sc_hd__nor2_2'.          
Generating RTLIL representation for module `\sky130_fd_sc_hd__nor2_4'.          
Generating RTLIL representation for module `\sky130_fd_sc_hd__nor2_8'.          
Generating RTLIL representation for module `\sky130_fd_sc_hd__nor2b_1'.         
Generating RTLIL representation for module `\sky130_fd_sc_hd__nor2b_2'.         
Generating RTLIL representation for module `\sky130_fd_sc_hd__nor2b_4'.         
Generating RTLIL representation for module `\sky130_fd_sc_hd__nor3_1'.          
Generating RTLIL representation for module `\sky130_fd_sc_hd__nor3_2'.          
Generating RTLIL representation for module `\sky130_fd_sc_hd__nor3_4'.          
Generating RTLIL representation for module `\sky130_fd_sc_hd__nor3b_1'.         
Generating RTLIL representation for module `\sky130_fd_sc_hd__nor3b_2'.         
Generating RTLIL representation for module `\sky130_fd_sc_hd__nor3b_4'.         
Generating RTLIL representation for module `\sky130_fd_sc_hd__nor4_1'.          
Generating RTLIL representation for module `\sky130_fd_sc_hd__nor4_2'.          
Generating RTLIL representation for module `\sky130_fd_sc_hd__nor4_4'.          
Generating RTLIL representation for module `\sky130_fd_sc_hd__nor4b_1'.         
Generating RTLIL representation for module `\sky130_fd_sc_hd__nor4b_2'.         
Generating RTLIL representation for module `\sky130_fd_sc_hd__nor4b_4'.         
Generating RTLIL representation for module `\sky130_fd_sc_hd__nor4bb_1'.        
Generating RTLIL representation for module `\sky130_fd_sc_hd__nor4bb_2'.        
Generating RTLIL representation for module `\sky130_fd_sc_hd__nor4bb_4'.        
Generating RTLIL representation for module `\sky130_fd_sc_hd__o2111a_1'.        
Generating RTLIL representation for module `\sky130_fd_sc_hd__o2111a_2'.        
Generating RTLIL representation for module `\sky130_fd_sc_hd__o2111a_4'.        
Generating RTLIL representation for module `\sky130_fd_sc_hd__o2111ai_1'.       
Generating RTLIL representation for module `\sky130_fd_sc_hd__o2111ai_2'.       
Generating RTLIL representation for module `\sky130_fd_sc_hd__o2111ai_4'.       
Generating RTLIL representation for module `\sky130_fd_sc_hd__o211a_1'.         
Generating RTLIL representation for module `\sky130_fd_sc_hd__o211a_2'.         
Generating RTLIL representation for module `\sky130_fd_sc_hd__o211a_4'.         
Generating RTLIL representation for module `\sky130_fd_sc_hd__o211ai_1'.        
Generating RTLIL representation for module `\sky130_fd_sc_hd__o211ai_2'.        
Generating RTLIL representation for module `\sky130_fd_sc_hd__o211ai_4'.        
Generating RTLIL representation for module `\sky130_fd_sc_hd__o21a_1'.          
Generating RTLIL representation for module `\sky130_fd_sc_hd__o21a_2'.          
Generating RTLIL representation for module `\sky130_fd_sc_hd__o21a_4'.          
Generating RTLIL representation for module `\sky130_fd_sc_hd__o21ai_0'.         
Generating RTLIL representation for module `\sky130_fd_sc_hd__o21ai_1'.         
Generating RTLIL representation for module `\sky130_fd_sc_hd__o21ai_2'.         
Generating RTLIL representation for module `\sky130_fd_sc_hd__o21ai_4'.         
Generating RTLIL representation for module `\sky130_fd_sc_hd__o21ba_1'.         
Generating RTLIL representation for module `\sky130_fd_sc_hd__o21ba_2'.         
Generating RTLIL representation for module `\sky130_fd_sc_hd__o21ba_4'.         
Generating RTLIL representation for module `\sky130_fd_sc_hd__o21bai_1'.        
Generating RTLIL representation for module `\sky130_fd_sc_hd__o21bai_2'.        
Generating RTLIL representation for module `\sky130_fd_sc_hd__o21bai_4'.        
Generating RTLIL representation for module `\sky130_fd_sc_hd__o221a_1'.         
Generating RTLIL representation for module `\sky130_fd_sc_hd__o221a_2'.         
Generating RTLIL representation for module `\sky130_fd_sc_hd__o221a_4'.         
Generating RTLIL representation for module `\sky130_fd_sc_hd__o221ai_1'.        
Generating RTLIL representation for module `\sky130_fd_sc_hd__o221ai_2'.        
Generating RTLIL representation for module `\sky130_fd_sc_hd__o221ai_4'.        
Generating RTLIL representation for module `\sky130_fd_sc_hd__o22a_1'.          
Generating RTLIL representation for module `\sky130_fd_sc_hd__o22a_2'.          
Generating RTLIL representation for module `\sky130_fd_sc_hd__o22a_4'.          
Generating RTLIL representation for module `\sky130_fd_sc_hd__o22ai_1'.         
Generating RTLIL representation for module `\sky130_fd_sc_hd__o22ai_2'.         
Generating RTLIL representation for module `\sky130_fd_sc_hd__o22ai_4'.         
Generating RTLIL representation for module `\sky130_fd_sc_hd__o2bb2a_1'.        
Generating RTLIL representation for module `\sky130_fd_sc_hd__o2bb2a_2'.        
Generating RTLIL representation for module `\sky130_fd_sc_hd__o2bb2a_4'.        
Generating RTLIL representation for module `\sky130_fd_sc_hd__o2bb2ai_1'.       
Generating RTLIL representation for module `\sky130_fd_sc_hd__o2bb2ai_2'.       
Generating RTLIL representation for module `\sky130_fd_sc_hd__o2bb2ai_4'.       
Generating RTLIL representation for module `\sky130_fd_sc_hd__o311a_1'.         
Generating RTLIL representation for module `\sky130_fd_sc_hd__o311a_2'.         
Generating RTLIL representation for module `\sky130_fd_sc_hd__o311a_4'.         
Generating RTLIL representation for module `\sky130_fd_sc_hd__o311ai_0'.        
Generating RTLIL representation for module `\sky130_fd_sc_hd__o311ai_1'.        
Generating RTLIL representation for module `\sky130_fd_sc_hd__o311ai_2'.        
Generating RTLIL representation for module `\sky130_fd_sc_hd__o311ai_4'.        
Generating RTLIL representation for module `\sky130_fd_sc_hd__o31a_1'.          
Generating RTLIL representation for module `\sky130_fd_sc_hd__o31a_2'.          
Generating RTLIL representation for module `\sky130_fd_sc_hd__o31a_4'.          
Generating RTLIL representation for module `\sky130_fd_sc_hd__o31ai_1'.         
Generating RTLIL representation for module `\sky130_fd_sc_hd__o31ai_2'.         
Generating RTLIL representation for module `\sky130_fd_sc_hd__o31ai_4'.         
Generating RTLIL representation for module `\sky130_fd_sc_hd__o32a_1'.          
Generating RTLIL representation for module `\sky130_fd_sc_hd__o32a_2'.          
Generating RTLIL representation for module `\sky130_fd_sc_hd__o32a_4'.          
Generating RTLIL representation for module `\sky130_fd_sc_hd__o32ai_1'.         
Generating RTLIL representation for module `\sky130_fd_sc_hd__o32ai_2'.         
Generating RTLIL representation for module `\sky130_fd_sc_hd__o32ai_4'.         
Generating RTLIL representation for module `\sky130_fd_sc_hd__o41a_1'.          
Generating RTLIL representation for module `\sky130_fd_sc_hd__o41a_2'.          
Generating RTLIL representation for module `\sky130_fd_sc_hd__o41a_4'.          
Generating RTLIL representation for module `\sky130_fd_sc_hd__o41ai_1'.         
Generating RTLIL representation for module `\sky130_fd_sc_hd__o41ai_2'.         
Generating RTLIL representation for module `\sky130_fd_sc_hd__o41ai_4'.         
Generating RTLIL representation for module `\sky130_fd_sc_hd__or2_0'.           
Generating RTLIL representation for module `\sky130_fd_sc_hd__or2_1'.           
Generating RTLIL representation for module `\sky130_fd_sc_hd__or2_2'.           
Generating RTLIL representation for module `\sky130_fd_sc_hd__or2_4'.           
Generating RTLIL representation for module `\sky130_fd_sc_hd__or2b_1'.          
Generating RTLIL representation for module `\sky130_fd_sc_hd__or2b_2'.          
Generating RTLIL representation for module `\sky130_fd_sc_hd__or2b_4'.          
Generating RTLIL representation for module `\sky130_fd_sc_hd__or3_1'.           
Generating RTLIL representation for module `\sky130_fd_sc_hd__or3_2'.           
Generating RTLIL representation for module `\sky130_fd_sc_hd__or3_4'.           
Generating RTLIL representation for module `\sky130_fd_sc_hd__or3b_1'.          
Generating RTLIL representation for module `\sky130_fd_sc_hd__or3b_2'.          
Generating RTLIL representation for module `\sky130_fd_sc_hd__or3b_4'.          
Generating RTLIL representation for module `\sky130_fd_sc_hd__or4_1'.           
Generating RTLIL representation for module `\sky130_fd_sc_hd__or4_2'.           
Generating RTLIL representation for module `\sky130_fd_sc_hd__or4_4'.           
Generating RTLIL representation for module `\sky130_fd_sc_hd__or4b_1'.          
Generating RTLIL representation for module `\sky130_fd_sc_hd__or4b_2'.          
Generating RTLIL representation for module `\sky130_fd_sc_hd__or4b_4'.          
Generating RTLIL representation for module `\sky130_fd_sc_hd__or4bb_1'.         
Generating RTLIL representation for module `\sky130_fd_sc_hd__or4bb_2'.         
Generating RTLIL representation for module `\sky130_fd_sc_hd__or4bb_4'.         
Generating RTLIL representation for module `\sky130_fd_sc_hd__probe_p_8'.       
Generating RTLIL representation for module `\sky130_fd_sc_hd__probec_p_8'.      
Generating RTLIL representation for module `\sky130_fd_sc_hd__sdfbbn_1'.        
Generating RTLIL representation for module `\sky130_fd_sc_hd__sdfbbn_2'.        
Generating RTLIL representation for module `\sky130_fd_sc_hd__sdfbbp_1'.        
Generating RTLIL representation for module `\sky130_fd_sc_hd__sdfrbp_1'.        
Generating RTLIL representation for module `\sky130_fd_sc_hd__sdfrbp_2'.        
Generating RTLIL representation for module `\sky130_fd_sc_hd__sdfrtn_1'.        
Generating RTLIL representation for module `\sky130_fd_sc_hd__sdfrtp_1'.        
Generating RTLIL representation for module `\sky130_fd_sc_hd__sdfrtp_2'.        
Generating RTLIL representation for module `\sky130_fd_sc_hd__sdfrtp_4'.        
Generating RTLIL representation for module `\sky130_fd_sc_hd__sdfsbp_1'.        
Generating RTLIL representation for module `\sky130_fd_sc_hd__sdfsbp_2'.        
Generating RTLIL representation for module `\sky130_fd_sc_hd__sdfstp_1'.        
Generating RTLIL representation for module `\sky130_fd_sc_hd__sdfstp_2'.        
Generating RTLIL representation for module `\sky130_fd_sc_hd__sdfstp_4'.        
Generating RTLIL representation for module `\sky130_fd_sc_hd__sdfxbp_1'.        
Generating RTLIL representation for module `\sky130_fd_sc_hd__sdfxbp_2'.        
Generating RTLIL representation for module `\sky130_fd_sc_hd__sdfxtp_1'.        
Generating RTLIL representation for module `\sky130_fd_sc_hd__sdfxtp_2'.        
Generating RTLIL representation for module `\sky130_fd_sc_hd__sdfxtp_4'.        
Generating RTLIL representation for module `\sky130_fd_sc_hd__sdlclkp_1'.       
Generating RTLIL representation for module `\sky130_fd_sc_hd__sdlclkp_2'.       
Generating RTLIL representation for module `\sky130_fd_sc_hd__sdlclkp_4'.       
Generating RTLIL representation for module `\sky130_fd_sc_hd__sedfxbp_1'.       
Generating RTLIL representation for module `\sky130_fd_sc_hd__sedfxbp_2'.       
Generating RTLIL representation for module `\sky130_fd_sc_hd__sedfxtp_1'.       
Generating RTLIL representation for module `\sky130_fd_sc_hd__sedfxtp_2'.       
Generating RTLIL representation for module `\sky130_fd_sc_hd__sedfxtp_4'.       
Generating RTLIL representation for module `\sky130_fd_sc_hd__tap_1'.           
Generating RTLIL representation for module `\sky130_fd_sc_hd__tap_2'.           
Generating RTLIL representation for module `\sky130_fd_sc_hd__tapvgnd2_1'.      
Generating RTLIL representation for module `\sky130_fd_sc_hd__tapvgnd_1'.       
Generating RTLIL representation for module `\sky130_fd_sc_hd__tapvpwrvgnd_1'.   
Generating RTLIL representation for module `\sky130_fd_sc_hd__xnor2_1'.         
Generating RTLIL representation for module `\sky130_fd_sc_hd__xnor2_2'.         
Generating RTLIL representation for module `\sky130_fd_sc_hd__xnor2_4'.         
Generating RTLIL representation for module `\sky130_fd_sc_hd__xnor3_1'.         
Generating RTLIL representation for module `\sky130_fd_sc_hd__xnor3_2'.         
Generating RTLIL representation for module `\sky130_fd_sc_hd__xnor3_4'.         
Generating RTLIL representation for module `\sky130_fd_sc_hd__xor2_1'.          
Generating RTLIL representation for module `\sky130_fd_sc_hd__xor2_2'.          
Generating RTLIL representation for module `\sky130_fd_sc_hd__xor2_4'.          
Generating RTLIL representation for module `\sky130_fd_sc_hd__xor3_1'.          
Generating RTLIL representation for module `\sky130_fd_sc_hd__xor3_2'.          
Generating RTLIL representation for module `\sky130_fd_sc_hd__xor3_4'.          
Successfully finished Verilog frontend.                                         
                                                                                
2. Executing Verilog-2005 frontend: rtl/safety_fault_watchdog.v                 
Parsing SystemVerilog input from `rtl/safety_fault_watchdog.v' to AST           
representation.                                                                 
Storing AST representation for module `$abstract\safety_fault_watchdog'.        
Successfully finished Verilog frontend.                                         
                                                                                
3. Executing Verilog-2005 frontend: rtl/safety_fault_watchdog_mmio.v            
Parsing SystemVerilog input from `rtl/safety_fault_watchdog_mmio.v' to AST      
representation.                                                                 
Storing AST representation for module `$abstract\safety_fault_watchdog_mmio'.   
Successfully finished Verilog frontend.                                         
                                                                                
4. Executing Verilog-2005 frontend: rtl/safety_fault_watchdog_controller.v      
Parsing SystemVerilog input from `rtl/safety_fault_watchdog_controller.v' to AST
representation.                                                                 
Storing AST representation for module                                           
`$abstract\safety_fault_watchdog_controller'.                                   
Successfully finished Verilog frontend.                                         
                                                                                
5. Executing HIERARCHY pass (managing design hierarchy).                        
                                                                                
6. Executing AST frontend in derive mode using pre-parsed AST for module        
`\safety_fault_watchdog'.                                                       
Generating RTLIL representation for module `\safety_fault_watchdog'.            
                                                                                
6.1. Analyzing design hierarchy..                                               
Top module:  \safety_fault_watchdog                                             
                                                                                
6.2. Executing AST frontend in derive mode using pre-parsed AST for module      
`\safety_fault_watchdog_controller'.                                            
Generating RTLIL representation for module `\safety_fault_watchdog_controller'. 
                                                                                
6.3. Executing AST frontend in derive mode using pre-parsed AST for module      
`\safety_fault_watchdog_mmio'.                                                  
Generating RTLIL representation for module `\safety_fault_watchdog_mmio'.       
                                                                                
6.4. Analyzing design hierarchy..                                               
Top module:  \safety_fault_watchdog                                             
Used module:     \safety_fault_watchdog_controller                              
Used module:     \safety_fault_watchdog_mmio                                    
                                                                                
6.5. Analyzing design hierarchy..                                               
Top module:  \safety_fault_watchdog                                             
Used module:     \safety_fault_watchdog_controller                              
Used module:     \safety_fault_watchdog_mmio                                    
Removing unused module `$abstract\safety_fault_watchdog_controller'.            
Removing unused module `$abstract\safety_fault_watchdog_mmio'.                  
Removing unused module `$abstract\safety_fault_watchdog'.                       
Removed 3 unused modules.                                                       
Renaming module safety_fault_watchdog to safety_fault_watchdog.                 
                                                                                
7. Executing PROC pass (convert processes to netlists).                         
                                                                                
7.1. Executing PROC_CLEAN pass (remove empty switches from decision trees).     
Cleaned up 0 empty switches.                                                    
                                                                                
7.2. Executing PROC_RMDEAD pass (remove dead branches from decision trees).     
Marked 7 switch rules as full_case in process                                   
$proc$rtl/safety_fault_watchdog_controller.v:70$1 in module                     
safety_fault_watchdog_controller.                                               
Marked 2 switch rules as full_case in process                                   
$proc$rtl/safety_fault_watchdog_mmio.v:97$88 in module                          
safety_fault_watchdog_mmio.                                                     
Marked 1 switch rules as full_case in process                                   
$proc$rtl/safety_fault_watchdog_mmio.v:71$37 in module                          
safety_fault_watchdog_mmio.                                                     
Removed a total of 0 dead cases.                                                
                                                                                
7.3. Executing PROC_PRUNE pass (remove redundant assignments in processes).     
Removed 18 redundant assignments.                                               
Promoted 9 assignments to connections.                                          
                                                                                
7.4. Executing PROC_INIT pass (extract init attributes).                        
                                                                                
7.5. Executing PROC_ARST pass (detect async resets in processes).               
Found async reset \reset_n in                                                   
`\safety_fault_watchdog_controller.$proc$rtl/safety_fault_watchdog_controller.v:
70$1'.                                                                          
Found async reset \reset_n in                                                   
`\safety_fault_watchdog_mmio.$proc$rtl/safety_fault_watchdog_mmio.v:71$37'.     
                                                                                
7.6. Executing PROC_ROM pass (convert switches to ROMs).                        
Converted 0 switches.                                                           
<suppressed ~20 debug messages>                                                 
                                                                                
7.7. Executing PROC_MUX pass (convert decision trees to multiplexers).          
Creating decoders for process                                                   
`\safety_fault_watchdog_controller.$proc$rtl/safety_fault_watchdog_controller.v:
70$1'.                                                                          
1/28: $4\next_escalation_level[1:0]                                             
2/28: $3\next_escalation_level[1:0]                                             
3/28: $2\next_escalation_level[1:0]                                             
4/28: $0\irq_status_value[3:0] [3]                                              
5/28: $0\irq_status_value[3:0] [2]                                              
6/28: $0\irq_status_value[3:0] [1]                                              
7/28: $0\irq_status_value[3:0] [0]                                              
8/28: $0\safety_irq[0:0]                                                        
9/28: $0\status_healthy[0:0]                                                    
10/28: $0\status_escalation_active[0:0]                                         
11/28: $0\status_reset_requested[0:0]                                           
12/28: $0\status_fault_pending[0:0]                                             
13/28: $0\status_watchdog_expired[0:0]                                          
14/28: $0\escalation_level_value[1:0]                                           
15/28: $1\next_escalation_level[1:0]                                            
16/28: $0\masked_faults[7:0]                                                    
17/28: $0\event_score[31:0]                                                     
18/28: $0\watchdog_events[7:0]                                                  
19/28: $0\fault_events[7:0]                                                     
20/28: $0\reset_requested_latched[0:0]                                          
21/28: $0\watchdog_expired_latched[0:0]                                         
22/28: $0\watchdog_counter[31:0]                                                
23/28: $0\fault_status_value[7:0]                                               
24/28: $0\heartbeat_count_value[31:0]                                           
25/28: $0\reset_count_value[31:0]                                               
26/28: $0\watchdog_expired[0:0]                                                 
27/28: $0\fault_latched[7:0]                                                    
28/28: $0\reset_request[0:0]                                                    
Creating decoders for process                                                   
`\safety_fault_watchdog_mmio.$proc$rtl/safety_fault_watchdog_mmio.v:97$88'.     
1/2: $2\read_mux[31:0]                                                          
2/2: $1\read_mux[31:0]                                                          
Creating decoders for process                                                   
`\safety_fault_watchdog_mmio.$proc$rtl/safety_fault_watchdog_mmio.v:71$37'.     
1/10: $0\irq_clear_pulse[3:0]                                                   
2/10: $0\fault_clear_pulse[0:0]                                                 
3/10: $0\irq_enable[0:0]                                                        
4/10: $0\watchdog_enable[0:0]                                                   
5/10: $0\control_enable[0:0]                                                    
6/10: $0\irq_clear_reg[31:0]                                                    
7/10: $0\escalation_policy_cfg[31:0]                                            
8/10: $0\fault_mask_cfg[7:0]                                                    
9/10: $0\watchdog_timeout_cfg[31:0]                                             
10/10: $0\control_reg[31:0]                                                     
                                                                                
7.8. Executing PROC_DLATCH pass (convert process syncs to latches).             
No latch inferred for signal `\safety_fault_watchdog_mmio.\rd_data' from process
`\safety_fault_watchdog_mmio.$proc$rtl/safety_fault_watchdog_mmio.v:97$88'.     
No latch inferred for signal `\safety_fault_watchdog_mmio.\status_reg' from     
process                                                                         
`\safety_fault_watchdog_mmio.$proc$rtl/safety_fault_watchdog_mmio.v:97$88'.     
No latch inferred for signal `\safety_fault_watchdog_mmio.\read_mux' from       
process                                                                         
`\safety_fault_watchdog_mmio.$proc$rtl/safety_fault_watchdog_mmio.v:97$88'.     
                                                                                
7.9. Executing PROC_DFF pass (convert process syncs to FFs).                    
Creating register for signal `\safety_fault_watchdog_controller.\safety_irq'    
using process                                                                   
`\safety_fault_watchdog_controller.$proc$rtl/safety_fault_watchdog_controller.v:
70$1'.                                                                          
created $adff cell `$procdff$184' with positive edge clock and positive level   
reset.                                                                          
Creating register for signal `\safety_fault_watchdog_controller.\reset_request' 
using process                                                                   
`\safety_fault_watchdog_controller.$proc$rtl/safety_fault_watchdog_controller.v:
70$1'.                                                                          
created $adff cell `$procdff$189' with positive edge clock and positive level   
reset.                                                                          
Creating register for signal `\safety_fault_watchdog_controller.\fault_latched' 
using process                                                                   
`\safety_fault_watchdog_controller.$proc$rtl/safety_fault_watchdog_controller.v:
70$1'.                                                                          
created $adff cell `$procdff$194' with positive edge clock and positive level   
reset.                                                                          
Creating register for signal                                                    
`\safety_fault_watchdog_controller.\watchdog_expired' using process             
`\safety_fault_watchdog_controller.$proc$rtl/safety_fault_watchdog_controller.v:
70$1'.                                                                          
created $adff cell `$procdff$199' with positive edge clock and positive level   
reset.                                                                          
Creating register for signal                                                    
`\safety_fault_watchdog_controller.\reset_count_value' using process            
`\safety_fault_watchdog_controller.$proc$rtl/safety_fault_watchdog_controller.v:
70$1'.                                                                          
created $adff cell `$procdff$204' with positive edge clock and positive level   
reset.                                                                          
Creating register for signal                                                    
`\safety_fault_watchdog_controller.\heartbeat_count_value' using process        
`\safety_fault_watchdog_controller.$proc$rtl/safety_fault_watchdog_controller.v:
70$1'.                                                                          
created $adff cell `$procdff$209' with positive edge clock and positive level   
reset.                                                                          
Creating register for signal                                                    
`\safety_fault_watchdog_controller.\fault_status_value' using process           
`\safety_fault_watchdog_controller.$proc$rtl/safety_fault_watchdog_controller.v:
70$1'.                                                                          
created $adff cell `$procdff$214' with positive edge clock and positive level   
reset.                                                                          
Creating register for signal                                                    
`\safety_fault_watchdog_controller.\irq_status_value' using process             
`\safety_fault_watchdog_controller.$proc$rtl/safety_fault_watchdog_controller.v:
70$1'.                                                                          
created $adff cell `$procdff$219' with positive edge clock and positive level   
reset.                                                                          
Creating register for signal `\safety_fault_watchdog_controller.\status_healthy'
using process                                                                   
`\safety_fault_watchdog_controller.$proc$rtl/safety_fault_watchdog_controller.v:
70$1'.                                                                          
created $adff cell `$procdff$224' with positive edge clock and positive level   
reset.                                                                          
Creating register for signal                                                    
`\safety_fault_watchdog_controller.\status_watchdog_expired' using process      
`\safety_fault_watchdog_controller.$proc$rtl/safety_fault_watchdog_controller.v:
70$1'.                                                                          
created $adff cell `$procdff$229' with positive edge clock and positive level   
reset.                                                                          
Creating register for signal                                                    
`\safety_fault_watchdog_controller.\status_fault_pending' using process         
`\safety_fault_watchdog_controller.$proc$rtl/safety_fault_watchdog_controller.v:
70$1'.                                                                          
created $adff cell `$procdff$234' with positive edge clock and positive level   
reset.                                                                          
Creating register for signal                                                    
`\safety_fault_watchdog_controller.\status_reset_requested' using process       
`\safety_fault_watchdog_controller.$proc$rtl/safety_fault_watchdog_controller.v:
70$1'.                                                                          
created $adff cell `$procdff$239' with positive edge clock and positive level   
reset.                                                                          
Creating register for signal                                                    
`\safety_fault_watchdog_controller.\status_escalation_active' using process     
`\safety_fault_watchdog_controller.$proc$rtl/safety_fault_watchdog_controller.v:
70$1'.                                                                          
created $adff cell `$procdff$244' with positive edge clock and positive level   
reset.                                                                          
Creating register for signal                                                    
`\safety_fault_watchdog_controller.\watchdog_expired_latched' using process     
`\safety_fault_watchdog_controller.$proc$rtl/safety_fault_watchdog_controller.v:
70$1'.                                                                          
created $adff cell `$procdff$249' with positive edge clock and positive level   
reset.                                                                          
Creating register for signal                                                    
`\safety_fault_watchdog_controller.\reset_requested_latched' using process      
`\safety_fault_watchdog_controller.$proc$rtl/safety_fault_watchdog_controller.v:
70$1'.                                                                          
created $adff cell `$procdff$254' with positive edge clock and positive level   
reset.                                                                          
Creating register for signal                                                    
`\safety_fault_watchdog_controller.\escalation_level_value' using process       
`\safety_fault_watchdog_controller.$proc$rtl/safety_fault_watchdog_controller.v:
70$1'.                                                                          
created $adff cell `$procdff$259' with positive edge clock and positive level   
reset.                                                                          
Creating register for signal                                                    
`\safety_fault_watchdog_controller.\watchdog_counter' using process             
`\safety_fault_watchdog_controller.$proc$rtl/safety_fault_watchdog_controller.v:
70$1'.                                                                          
created $adff cell `$procdff$264' with positive edge clock and positive level   
reset.                                                                          
Creating register for signal `\safety_fault_watchdog_controller.\fault_events'  
using process                                                                   
`\safety_fault_watchdog_controller.$proc$rtl/safety_fault_watchdog_controller.v:
70$1'.                                                                          
created $adff cell `$procdff$269' with positive edge clock and positive level   
reset.                                                                          
Creating register for signal                                                    
`\safety_fault_watchdog_controller.\watchdog_events' using process              
`\safety_fault_watchdog_controller.$proc$rtl/safety_fault_watchdog_controller.v:
70$1'.                                                                          
created $adff cell `$procdff$274' with positive edge clock and positive level   
reset.                                                                          
Creating register for signal `\safety_fault_watchdog_controller.\event_score'   
using process                                                                   
`\safety_fault_watchdog_controller.$proc$rtl/safety_fault_watchdog_controller.v:
70$1'.                                                                          
created $adff cell `$procdff$279' with positive edge clock and positive level   
reset.                                                                          
Creating register for signal `\safety_fault_watchdog_controller.\masked_faults' 
using process                                                                   
`\safety_fault_watchdog_controller.$proc$rtl/safety_fault_watchdog_controller.v:
70$1'.                                                                          
created $dff cell `$procdff$286' with positive edge clock.                      
Creating register for signal                                                    
`\safety_fault_watchdog_controller.\next_escalation_level' using process        
`\safety_fault_watchdog_controller.$proc$rtl/safety_fault_watchdog_controller.v:
70$1'.                                                                          
created $dff cell `$procdff$293' with positive edge clock.                      
Creating register for signal `\safety_fault_watchdog_mmio.\control_enable' using
process                                                                         
`\safety_fault_watchdog_mmio.$proc$rtl/safety_fault_watchdog_mmio.v:71$37'.     
created $adff cell `$procdff$298' with positive edge clock and positive level   
reset.                                                                          
Creating register for signal `\safety_fault_watchdog_mmio.\watchdog_enable'     
using process                                                                   
`\safety_fault_watchdog_mmio.$proc$rtl/safety_fault_watchdog_mmio.v:71$37'.     
created $adff cell `$procdff$303' with positive edge clock and positive level   
reset.                                                                          
Creating register for signal `\safety_fault_watchdog_mmio.\irq_enable' using    
process                                                                         
`\safety_fault_watchdog_mmio.$proc$rtl/safety_fault_watchdog_mmio.v:71$37'.     
created $adff cell `$procdff$308' with positive edge clock and positive level   
reset.                                                                          
Creating register for signal `\safety_fault_watchdog_mmio.\fault_clear_pulse'   
using process                                                                   
`\safety_fault_watchdog_mmio.$proc$rtl/safety_fault_watchdog_mmio.v:71$37'.     
created $adff cell `$procdff$313' with positive edge clock and positive level   
reset.                                                                          
Creating register for signal `\safety_fault_watchdog_mmio.\irq_clear_pulse'     
using process                                                                   
`\safety_fault_watchdog_mmio.$proc$rtl/safety_fault_watchdog_mmio.v:71$37'.     
created $adff cell `$procdff$318' with positive edge clock and positive level   
reset.                                                                          
Creating register for signal `\safety_fault_watchdog_mmio.\watchdog_timeout_cfg'
using process                                                                   
`\safety_fault_watchdog_mmio.$proc$rtl/safety_fault_watchdog_mmio.v:71$37'.     
created $adff cell `$procdff$323' with positive edge clock and positive level   
reset.                                                                          
Creating register for signal `\safety_fault_watchdog_mmio.\fault_mask_cfg' using
process                                                                         
`\safety_fault_watchdog_mmio.$proc$rtl/safety_fault_watchdog_mmio.v:71$37'.     
created $adff cell `$procdff$328' with positive edge clock and positive level   
reset.                                                                          
Creating register for signal                                                    
`\safety_fault_watchdog_mmio.\escalation_policy_cfg' using process              
`\safety_fault_watchdog_mmio.$proc$rtl/safety_fault_watchdog_mmio.v:71$37'.     
created $adff cell `$procdff$333' with positive edge clock and positive level   
reset.                                                                          
Creating register for signal `\safety_fault_watchdog_mmio.\control_reg' using   
process                                                                         
`\safety_fault_watchdog_mmio.$proc$rtl/safety_fault_watchdog_mmio.v:71$37'.     
created $adff cell `$procdff$338' with positive edge clock and positive level   
reset.                                                                          
Creating register for signal `\safety_fault_watchdog_mmio.\irq_clear_reg' using 
process                                                                         
`\safety_fault_watchdog_mmio.$proc$rtl/safety_fault_watchdog_mmio.v:71$37'.     
created $adff cell `$procdff$343' with positive edge clock and positive level   
reset.                                                                          
                                                                                
7.10. Executing PROC_MEMWR pass (convert process memory writes to cells).       
                                                                                
7.11. Executing PROC_CLEAN pass (remove empty switches from decision trees).    
Found and cleaned up 18 empty switches in                                       
`\safety_fault_watchdog_controller.$proc$rtl/safety_fault_watchdog_controller.v:
70$1'.                                                                          
Removing empty process                                                          
`safety_fault_watchdog_controller.$proc$rtl/safety_fault_watchdog_controller.v:7
0$1'.                                                                           
Found and cleaned up 2 empty switches in                                        
`\safety_fault_watchdog_mmio.$proc$rtl/safety_fault_watchdog_mmio.v:97$88'.     
Removing empty process                                                          
`safety_fault_watchdog_mmio.$proc$rtl/safety_fault_watchdog_mmio.v:97$88'.      
Removing empty process                                                          
`safety_fault_watchdog_mmio.$proc$rtl/safety_fault_watchdog_mmio.v:71$37'.      
Cleaned up 20 empty switches.                                                   
                                                                                
7.12. Executing OPT_EXPR pass (perform const folding).                          
Optimizing module safety_fault_watchdog.                                        
Optimizing module safety_fault_watchdog_controller.                             
<suppressed ~51 debug messages>                                                 
Optimizing module safety_fault_watchdog_mmio.                                   
<suppressed ~29 debug messages>                                                 
                                                                                
8. Executing FLATTEN pass (flatten design).                                     
Deleting now unused module safety_fault_watchdog_controller.                    
Deleting now unused module safety_fault_watchdog_mmio.                          
<suppressed ~2 debug messages>                                                  
                                                                                
9. Executing OPT_CLEAN pass (remove unused cells and wires).                    
Finding unused cells or wires in module \safety_fault_watchdog..                
Removed 45 unused cells and 239 unused wires.                                   
<suppressed ~133 debug messages>                                                
────────────────────────────────── Synthesis ───────────────────────────────────
[20:20:50] VERBOSE  Running 'Yosys.Synthesis' at                    step.py:1122
                    'runs/Digital_Arch2Tapeout_dd095a60-e45f-44c3-b             
                    eb0-943e030b19e3/02-yosys-synthesis'…                       
[20:20:50] VERBOSE  Logging subprocess to                           step.py:1318
                    'runs/Digital_Arch2Tapeout_dd095a60-e45f-44c3-b             
                    eb0-943e030b19e3/02-yosys-synthesis/yosys-synth             
                    esis.log'…                                                  
                                                                                
/----------------------------------------------------------------------------\  
|  yosys -- Yosys Open SYnthesis Suite                                       |  
|  Copyright (C) 2012 - 2024  Claire Xenia Wolf <claire@yosyshq.com>         |  
|  Distributed under an ISC-like license, type "license" to see terms        |  
\----------------------------------------------------------------------------/  
Yosys 0.46 (git sha1 e97731b9dda91fa5fa53ed87df7c34163ba59a41, clang++ 17.0.6   
-fPIC -O3)                                                                      
Loaded SDC plugin                                                               
                                                                                
1. Executing Liberty frontend:                                                  
/pdk/volare/sky130/versions/0fe599b2afb6708d281543108caf8310912f54af/sky130A/lib
s.ref/sky130_fd_sc_hd/lib/sky130_fd_sc_hd__tt_025C_1v80.lib                     
Imported 428 cell types from liberty file.                                      
[INFO] Using SDC file                                                           
'/work/runs/Digital_Arch2Tapeout_dd095a60-e45f-44c3-beb0-943e030b19e3/02-yosys-s
ynthesis/synthesis.abc.sdc' for ABC…                                            
                                                                                
2. Executing Verilog-2005 frontend: rtl/safety_fault_watchdog.v                 
Parsing SystemVerilog input from `rtl/safety_fault_watchdog.v' to AST           
representation.                                                                 
Storing AST representation for module `$abstract\safety_fault_watchdog'.        
Successfully finished Verilog frontend.                                         
                                                                                
3. Executing Verilog-2005 frontend: rtl/safety_fault_watchdog_mmio.v            
Parsing SystemVerilog input from `rtl/safety_fault_watchdog_mmio.v' to AST      
representation.                                                                 
Storing AST representation for module `$abstract\safety_fault_watchdog_mmio'.   
Successfully finished Verilog frontend.                                         
                                                                                
4. Executing Verilog-2005 frontend: rtl/safety_fault_watchdog_controller.v      
Parsing SystemVerilog input from `rtl/safety_fault_watchdog_controller.v' to AST
representation.                                                                 
Storing AST representation for module                                           
`$abstract\safety_fault_watchdog_controller'.                                   
Successfully finished Verilog frontend.                                         
                                                                                
5. Executing HIERARCHY pass (managing design hierarchy).                        
                                                                                
6. Executing AST frontend in derive mode using pre-parsed AST for module        
`\safety_fault_watchdog'.                                                       
Generating RTLIL representation for module `\safety_fault_watchdog'.            
                                                                                
6.1. Analyzing design hierarchy..                                               
Top module:  \safety_fault_watchdog                                             
                                                                                
6.2. Executing AST frontend in derive mode using pre-parsed AST for module      
`\safety_fault_watchdog_controller'.                                            
Generating RTLIL representation for module `\safety_fault_watchdog_controller'. 
                                                                                
6.3. Executing AST frontend in derive mode using pre-parsed AST for module      
`\safety_fault_watchdog_mmio'.                                                  
Generating RTLIL representation for module `\safety_fault_watchdog_mmio'.       
                                                                                
6.4. Analyzing design hierarchy..                                               
Top module:  \safety_fault_watchdog                                             
Used module:     \safety_fault_watchdog_controller                              
Used module:     \safety_fault_watchdog_mmio                                    
                                                                                
6.5. Analyzing design hierarchy..                                               
Top module:  \safety_fault_watchdog                                             
Used module:     \safety_fault_watchdog_controller                              
Used module:     \safety_fault_watchdog_mmio                                    
Removing unused module `$abstract\safety_fault_watchdog_controller'.            
Removing unused module `$abstract\safety_fault_watchdog_mmio'.                  
Removing unused module `$abstract\safety_fault_watchdog'.                       
Removed 3 unused modules.                                                       
Renaming module safety_fault_watchdog to safety_fault_watchdog.                 
                                                                                
7. Generating Graphviz representation of design.                                
Writing dot description to                                                      
`/work/runs/Digital_Arch2Tapeout_dd095a60-e45f-44c3-beb0-943e030b19e3/02-yosys-s
ynthesis/hierarchy.dot'.                                                        
Dumping module safety_fault_watchdog to page 1.                                 
                                                                                
8. Executing TRIBUF pass.                                                       
                                                                                
9. Executing HIERARCHY pass (managing design hierarchy).                        
                                                                                
9.1. Analyzing design hierarchy..                                               
Top module:  \safety_fault_watchdog                                             
Used module:     \safety_fault_watchdog_controller                              
Used module:     \safety_fault_watchdog_mmio                                    
                                                                                
9.2. Analyzing design hierarchy..                                               
Top module:  \safety_fault_watchdog                                             
Used module:     \safety_fault_watchdog_controller                              
Used module:     \safety_fault_watchdog_mmio                                    
Removed 0 unused modules.                                                       
                                                                                
10. Executing PROC_CLEAN pass (remove empty switches from decision trees).      
Cleaned up 0 empty switches.                                                    
                                                                                
11. Executing PROC_RMDEAD pass (remove dead branches from decision trees).      
Marked 7 switch rules as full_case in process                                   
$proc$rtl/safety_fault_watchdog_controller.v:70$1 in module                     
safety_fault_watchdog_controller.                                               
Marked 2 switch rules as full_case in process                                   
$proc$rtl/safety_fault_watchdog_mmio.v:97$88 in module                          
safety_fault_watchdog_mmio.                                                     
Marked 1 switch rules as full_case in process                                   
$proc$rtl/safety_fault_watchdog_mmio.v:71$37 in module                          
safety_fault_watchdog_mmio.                                                     
Removed a total of 0 dead cases.                                                
                                                                                
12. Executing PROC_PRUNE pass (remove redundant assignments in processes).      
Removed 18 redundant assignments.                                               
Promoted 9 assignments to connections.                                          
                                                                                
13. Executing PROC_INIT pass (extract init attributes).                         
                                                                                
14. Executing PROC_ARST pass (detect async resets in processes).                
Found async reset \reset_n in                                                   
`\safety_fault_watchdog_controller.$proc$rtl/safety_fault_watchdog_controller.v:
70$1'.                                                                          
Found async reset \reset_n in                                                   
`\safety_fault_watchdog_mmio.$proc$rtl/safety_fault_watchdog_mmio.v:71$37'.     
                                                                                
15. Executing PROC_ROM pass (convert switches to ROMs).                         
Converted 0 switches.                                                           
<suppressed ~20 debug messages>                                                 
                                                                                
16. Executing PROC_MUX pass (convert decision trees to multiplexers).           
Creating decoders for process                                                   
`\safety_fault_watchdog_controller.$proc$rtl/safety_fault_watchdog_controller.v:
70$1'.                                                                          
1/28: $4\next_escalation_level[1:0]                                             
2/28: $3\next_escalation_level[1:0]                                             
3/28: $2\next_escalation_level[1:0]                                             
4/28: $0\irq_status_value[3:0] [3]                                              
5/28: $0\irq_status_value[3:0] [2]                                              
6/28: $0\irq_status_value[3:0] [1]                                              
7/28: $0\irq_status_value[3:0] [0]                                              
8/28: $0\safety_irq[0:0]                                                        
9/28: $0\status_healthy[0:0]                                                    
10/28: $0\status_escalation_active[0:0]                                         
11/28: $0\status_reset_requested[0:0]                                           
12/28: $0\status_fault_pending[0:0]                                             
13/28: $0\status_watchdog_expired[0:0]                                          
14/28: $0\escalation_level_value[1:0]                                           
15/28: $1\next_escalation_level[1:0]                                            
16/28: $0\masked_faults[7:0]                                                    
17/28: $0\event_score[31:0]                                                     
18/28: $0\watchdog_events[7:0]                                                  
19/28: $0\fault_events[7:0]                                                     
20/28: $0\reset_requested_latched[0:0]                                          
21/28: $0\watchdog_expired_latched[0:0]                                         
22/28: $0\watchdog_counter[31:0]                                                
23/28: $0\fault_status_value[7:0]                                               
24/28: $0\heartbeat_count_value[31:0]                                           
25/28: $0\reset_count_value[31:0]                                               
26/28: $0\watchdog_expired[0:0]                                                 
27/28: $0\fault_latched[7:0]                                                    
28/28: $0\reset_request[0:0]                                                    
Creating decoders for process                                                   
`\safety_fault_watchdog_mmio.$proc$rtl/safety_fault_watchdog_mmio.v:97$88'.     
1/2: $2\read_mux[31:0]                                                          
2/2: $1\read_mux[31:0]                                                          
Creating decoders for process                                                   
`\safety_fault_watchdog_mmio.$proc$rtl/safety_fault_watchdog_mmio.v:71$37'.     
1/10: $0\irq_clear_pulse[3:0]                                                   
2/10: $0\fault_clear_pulse[0:0]                                                 
3/10: $0\irq_enable[0:0]                                                        
4/10: $0\watchdog_enable[0:0]                                                   
5/10: $0\control_enable[0:0]                                                    
6/10: $0\irq_clear_reg[31:0]                                                    
7/10: $0\escalation_policy_cfg[31:0]                                            
8/10: $0\fault_mask_cfg[7:0]                                                    
9/10: $0\watchdog_timeout_cfg[31:0]                                             
10/10: $0\control_reg[31:0]                                                     
                                                                                
17. Executing PROC_DLATCH pass (convert process syncs to latches).              
No latch inferred for signal `\safety_fault_watchdog_mmio.\rd_data' from process
`\safety_fault_watchdog_mmio.$proc$rtl/safety_fault_watchdog_mmio.v:97$88'.     
No latch inferred for signal `\safety_fault_watchdog_mmio.\status_reg' from     
process                                                                         
`\safety_fault_watchdog_mmio.$proc$rtl/safety_fault_watchdog_mmio.v:97$88'.     
No latch inferred for signal `\safety_fault_watchdog_mmio.\read_mux' from       
process                                                                         
`\safety_fault_watchdog_mmio.$proc$rtl/safety_fault_watchdog_mmio.v:97$88'.     
                                                                                
18. Executing PROC_DFF pass (convert process syncs to FFs).                     
Creating register for signal `\safety_fault_watchdog_controller.\safety_irq'    
using process                                                                   
`\safety_fault_watchdog_controller.$proc$rtl/safety_fault_watchdog_controller.v:
70$1'.                                                                          
created $adff cell `$procdff$184' with positive edge clock and positive level   
reset.                                                                          
Creating register for signal `\safety_fault_watchdog_controller.\reset_request' 
using process                                                                   
`\safety_fault_watchdog_controller.$proc$rtl/safety_fault_watchdog_controller.v:
70$1'.                                                                          
created $adff cell `$procdff$189' with positive edge clock and positive level   
reset.                                                                          
Creating register for signal `\safety_fault_watchdog_controller.\fault_latched' 
using process                                                                   
`\safety_fault_watchdog_controller.$proc$rtl/safety_fault_watchdog_controller.v:
70$1'.                                                                          
created $adff cell `$procdff$194' with positive edge clock and positive level   
reset.                                                                          
Creating register for signal                                                    
`\safety_fault_watchdog_controller.\watchdog_expired' using process             
`\safety_fault_watchdog_controller.$proc$rtl/safety_fault_watchdog_controller.v:
70$1'.                                                                          
created $adff cell `$procdff$199' with positive edge clock and positive level   
reset.                                                                          
Creating register for signal                                                    
`\safety_fault_watchdog_controller.\reset_count_value' using process            
`\safety_fault_watchdog_controller.$proc$rtl/safety_fault_watchdog_controller.v:
70$1'.                                                                          
created $adff cell `$procdff$204' with positive edge clock and positive level   
reset.                                                                          
Creating register for signal                                                    
`\safety_fault_watchdog_controller.\heartbeat_count_value' using process        
`\safety_fault_watchdog_controller.$proc$rtl/safety_fault_watchdog_controller.v:
70$1'.                                                                          
created $adff cell `$procdff$209' with positive edge clock and positive level   
reset.                                                                          
Creating register for signal                                                    
`\safety_fault_watchdog_controller.\fault_status_value' using process           
`\safety_fault_watchdog_controller.$proc$rtl/safety_fault_watchdog_controller.v:
70$1'.                                                                          
created $adff cell `$procdff$214' with positive edge clock and positive level   
reset.                                                                          
Creating register for signal                                                    
`\safety_fault_watchdog_controller.\irq_status_value' using process             
`\safety_fault_watchdog_controller.$proc$rtl/safety_fault_watchdog_controller.v:
70$1'.                                                                          
created $adff cell `$procdff$219' with positive edge clock and positive level   
reset.                                                                          
Creating register for signal `\safety_fault_watchdog_controller.\status_healthy'
using process                                                                   
`\safety_fault_watchdog_controller.$proc$rtl/safety_fault_watchdog_controller.v:
70$1'.                                                                          
created $adff cell `$procdff$224' with positive edge clock and positive level   
reset.                                                                          
Creating register for signal                                                    
`\safety_fault_watchdog_controller.\status_watchdog_expired' using process      
`\safety_fault_watchdog_controller.$proc$rtl/safety_fault_watchdog_controller.v:
70$1'.                                                                          
created $adff cell `$procdff$229' with positive edge clock and positive level   
reset.                                                                          
Creating register for signal                                                    
`\safety_fault_watchdog_controller.\status_fault_pending' using process         
`\safety_fault_watchdog_controller.$proc$rtl/safety_fault_watchdog_controller.v:
70$1'.                                                                          
created $adff cell `$procdff$234' with positive edge clock and positive level   
reset.                                                                          
Creating register for signal                                                    
`\safety_fault_watchdog_controller.\status_reset_requested' using process       
`\safety_fault_watchdog_controller.$proc$rtl/safety_fault_watchdog_controller.v:
70$1'.                                                                          
created $adff cell `$procdff$239' with positive edge clock and positive level   
reset.                                                                          
Creating register for signal                                                    
`\safety_fault_watchdog_controller.\status_escalation_active' using process     
`\safety_fault_watchdog_controller.$proc$rtl/safety_fault_watchdog_controller.v:
70$1'.                                                                          
created $adff cell `$procdff$244' with positive edge clock and positive level   
reset.                                                                          
Creating register for signal                                                    
`\safety_fault_watchdog_controller.\watchdog_expired_latched' using process     
`\safety_fault_watchdog_controller.$proc$rtl/safety_fault_watchdog_controller.v:
70$1'.                                                                          
created $adff cell `$procdff$249' with positive edge clock and positive level   
reset.                                                                          
Creating register for signal                                                    
`\safety_fault_watchdog_controller.\reset_requested_latched' using process      
`\safety_fault_watchdog_controller.$proc$rtl/safety_fault_watchdog_controller.v:
70$1'.                                                                          
created $adff cell `$procdff$254' with positive edge clock and positive level   
reset.                                                                          
Creating register for signal                                                    
`\safety_fault_watchdog_controller.\escalation_level_value' using process       
`\safety_fault_watchdog_controller.$proc$rtl/safety_fault_watchdog_controller.v:
70$1'.                                                                          
created $adff cell `$procdff$259' with positive edge clock and positive level   
reset.                                                                          
Creating register for signal                                                    
`\safety_fault_watchdog_controller.\watchdog_counter' using process             
`\safety_fault_watchdog_controller.$proc$rtl/safety_fault_watchdog_controller.v:
70$1'.                                                                          
created $adff cell `$procdff$264' with positive edge clock and positive level   
reset.                                                                          
Creating register for signal `\safety_fault_watchdog_controller.\fault_events'  
using process                                                                   
`\safety_fault_watchdog_controller.$proc$rtl/safety_fault_watchdog_controller.v:
70$1'.                                                                          
created $adff cell `$procdff$269' with positive edge clock and positive level   
reset.                                                                          
Creating register for signal                                                    
`\safety_fault_watchdog_controller.\watchdog_events' using process              
`\safety_fault_watchdog_controller.$proc$rtl/safety_fault_watchdog_controller.v:
70$1'.                                                                          
created $adff cell `$procdff$274' with positive edge clock and positive level   
reset.                                                                          
Creating register for signal `\safety_fault_watchdog_controller.\event_score'   
using process                                                                   
`\safety_fault_watchdog_controller.$proc$rtl/safety_fault_watchdog_controller.v:
70$1'.                                                                          
created $adff cell `$procdff$279' with positive edge clock and positive level   
reset.                                                                          
Creating register for signal `\safety_fault_watchdog_controller.\masked_faults' 
using process                                                                   
`\safety_fault_watchdog_controller.$proc$rtl/safety_fault_watchdog_controller.v:
70$1'.                                                                          
created $dff cell `$procdff$286' with positive edge clock.                      
Creating register for signal                                                    
`\safety_fault_watchdog_controller.\next_escalation_level' using process        
`\safety_fault_watchdog_controller.$proc$rtl/safety_fault_watchdog_controller.v:
70$1'.                                                                          
created $dff cell `$procdff$293' with positive edge clock.                      
Creating register for signal `\safety_fault_watchdog_mmio.\control_enable' using
process                                                                         
`\safety_fault_watchdog_mmio.$proc$rtl/safety_fault_watchdog_mmio.v:71$37'.     
created $adff cell `$procdff$298' with positive edge clock and positive level   
reset.                                                                          
Creating register for signal `\safety_fault_watchdog_mmio.\watchdog_enable'     
using process                                                                   
`\safety_fault_watchdog_mmio.$proc$rtl/safety_fault_watchdog_mmio.v:71$37'.     
created $adff cell `$procdff$303' with positive edge clock and positive level   
reset.                                                                          
Creating register for signal `\safety_fault_watchdog_mmio.\irq_enable' using    
process                                                                         
`\safety_fault_watchdog_mmio.$proc$rtl/safety_fault_watchdog_mmio.v:71$37'.     
created $adff cell `$procdff$308' with positive edge clock and positive level   
reset.                                                                          
Creating register for signal `\safety_fault_watchdog_mmio.\fault_clear_pulse'   
using process                                                                   
`\safety_fault_watchdog_mmio.$proc$rtl/safety_fault_watchdog_mmio.v:71$37'.     
created $adff cell `$procdff$313' with positive edge clock and positive level   
reset.                                                                          
Creating register for signal `\safety_fault_watchdog_mmio.\irq_clear_pulse'     
using process                                                                   
`\safety_fault_watchdog_mmio.$proc$rtl/safety_fault_watchdog_mmio.v:71$37'.     
created $adff cell `$procdff$318' with positive edge clock and positive level   
reset.                                                                          
Creating register for signal `\safety_fault_watchdog_mmio.\watchdog_timeout_cfg'
using process                                                                   
`\safety_fault_watchdog_mmio.$proc$rtl/safety_fault_watchdog_mmio.v:71$37'.     
created $adff cell `$procdff$323' with positive edge clock and positive level   
reset.                                                                          
Creating register for signal `\safety_fault_watchdog_mmio.\fault_mask_cfg' using
process                                                                         
`\safety_fault_watchdog_mmio.$proc$rtl/safety_fault_watchdog_mmio.v:71$37'.     
created $adff cell `$procdff$328' with positive edge clock and positive level   
reset.                                                                          
Creating register for signal                                                    
`\safety_fault_watchdog_mmio.\escalation_policy_cfg' using process              
`\safety_fault_watchdog_mmio.$proc$rtl/safety_fault_watchdog_mmio.v:71$37'.     
created $adff cell `$procdff$333' with positive edge clock and positive level   
reset.                                                                          
Creating register for signal `\safety_fault_watchdog_mmio.\control_reg' using   
process                                                                         
`\safety_fault_watchdog_mmio.$proc$rtl/safety_fault_watchdog_mmio.v:71$37'.     
created $adff cell `$procdff$338' with positive edge clock and positive level   
reset.                                                                          
Creating register for signal `\safety_fault_watchdog_mmio.\irq_clear_reg' using 
process                                                                         
`\safety_fault_watchdog_mmio.$proc$rtl/safety_fault_watchdog_mmio.v:71$37'.     
created $adff cell `$procdff$343' with positive edge clock and positive level   
reset.                                                                          
                                                                                
19. Executing PROC_MEMWR pass (convert process memory writes to cells).         
                                                                                
20. Executing PROC_CLEAN pass (remove empty switches from decision trees).      
Found and cleaned up 18 empty switches in                                       
`\safety_fault_watchdog_controller.$proc$rtl/safety_fault_watchdog_controller.v:
70$1'.                                                                          
Removing empty process                                                          
`safety_fault_watchdog_controller.$proc$rtl/safety_fault_watchdog_controller.v:7
0$1'.                                                                           
Found and cleaned up 2 empty switches in                                        
`\safety_fault_watchdog_mmio.$proc$rtl/safety_fault_watchdog_mmio.v:97$88'.     
Removing empty process                                                          
`safety_fault_watchdog_mmio.$proc$rtl/safety_fault_watchdog_mmio.v:97$88'.      
Removing empty process                                                          
`safety_fault_watchdog_mmio.$proc$rtl/safety_fault_watchdog_mmio.v:71$37'.      
Cleaned up 20 empty switches.                                                   
                                                                                
21. Executing CHECK pass (checking for obvious problems).                       
Checking module safety_fault_watchdog...                                        
Checking module safety_fault_watchdog_controller...                             
Checking module safety_fault_watchdog_mmio...                                   
Found and reported 0 problems.                                                  
                                                                                
22. Executing OPT_EXPR pass (perform const folding).                            
Optimizing module safety_fault_watchdog.                                        
Optimizing module safety_fault_watchdog_controller.                             
<suppressed ~51 debug messages>                                                 
Optimizing module safety_fault_watchdog_mmio.                                   
<suppressed ~29 debug messages>                                                 
                                                                                
23. Executing FLATTEN pass (flatten design).                                    
Deleting now unused module safety_fault_watchdog_controller.                    
Deleting now unused module safety_fault_watchdog_mmio.                          
<suppressed ~2 debug messages>                                                  
                                                                                
24. Executing OPT_EXPR pass (perform const folding).                            
Optimizing module safety_fault_watchdog.                                        
                                                                                
25. Executing OPT_CLEAN pass (remove unused cells and wires).                   
Finding unused cells or wires in module \safety_fault_watchdog..                
Removed 43 unused cells and 175 unused wires.                                   
<suppressed ~67 debug messages>                                                 
                                                                                
26. Executing OPT_EXPR pass (perform const folding).                            
Optimizing module safety_fault_watchdog.                                        
                                                                                
27. Executing OPT_MERGE pass (detect identical cells).                          
Finding identical cells in module `\safety_fault_watchdog'.                     
<suppressed ~57 debug messages>                                                 
Removed a total of 19 cells.                                                    
                                                                                
28. Executing OPT_MUXTREE pass (detect dead branches in mux trees).             
Running muxtree optimizer on module \safety_fault_watchdog..                    
Creating internal representation of mux trees.                                  
Evaluating internal representation of mux trees.                                
Analyzing evaluation results.                                                   
dead port 2/2 on $mux $flatten\u_safety_fault_watchdog_mmio.$procmux$175.       
Removed 1 multiplexer ports.                                                    
<suppressed ~27 debug messages>                                                 
                                                                                
29. Executing OPT_REDUCE pass (consolidate $*mux and $reduce_* inputs).         
Optimizing cells in module \safety_fault_watchdog.                              
Performed a total of 0 changes.                                                 
                                                                                
30. Executing OPT_MERGE pass (detect identical cells).                          
Finding identical cells in module `\safety_fault_watchdog'.                     
Removed a total of 0 cells.                                                     
                                                                                
31. Executing OPT_DFF pass (perform DFF optimizations).                         
                                                                                
32. Executing OPT_CLEAN pass (remove unused cells and wires).                   
Finding unused cells or wires in module \safety_fault_watchdog..                
Removed 0 unused cells and 20 unused wires.                                     
<suppressed ~1 debug messages>                                                  
                                                                                
33. Executing OPT_EXPR pass (perform const folding).                            
Optimizing module safety_fault_watchdog.                                        
                                                                                
34. Rerunning OPT passes. (Maybe there is more to do…)                          
                                                                                
35. Executing OPT_MUXTREE pass (detect dead branches in mux trees).             
Running muxtree optimizer on module \safety_fault_watchdog..                    
Creating internal representation of mux trees.                                  
Evaluating internal representation of mux trees.                                
Analyzing evaluation results.                                                   
Removed 0 multiplexer ports.                                                    
<suppressed ~27 debug messages>                                                 
                                                                                
36. Executing OPT_REDUCE pass (consolidate $*mux and $reduce_* inputs).         
Optimizing cells in module \safety_fault_watchdog.                              
Performed a total of 0 changes.                                                 
                                                                                
37. Executing OPT_MERGE pass (detect identical cells).                          
Finding identical cells in module `\safety_fault_watchdog'.                     
Removed a total of 0 cells.                                                     
                                                                                
38. Executing OPT_DFF pass (perform DFF optimizations).                         
                                                                                
39. Executing OPT_CLEAN pass (remove unused cells and wires).                   
Finding unused cells or wires in module \safety_fault_watchdog..                
                                                                                
40. Executing OPT_EXPR pass (perform const folding).                            
Optimizing module safety_fault_watchdog.                                        
                                                                                
41. Executing FSM pass (extract and optimize FSM).                              
                                                                                
41.1. Executing FSM_DETECT pass (finding FSMs in design).                       
Not marking                                                                     
safety_fault_watchdog.u_safety_fault_watchdog_controller.escalation_level_value 
as FSM state register:                                                          
Register is connected to module port.                                           
Users of register don't seem to benefit from recoding.                          
                                                                                
41.2. Executing FSM_EXTRACT pass (extracting FSM from design).                  
                                                                                
41.3. Executing FSM_OPT pass (simple optimizations of FSMs).                    
                                                                                
41.4. Executing OPT_CLEAN pass (remove unused cells and wires).                 
Finding unused cells or wires in module \safety_fault_watchdog..                
                                                                                
41.5. Executing FSM_OPT pass (simple optimizations of FSMs).                    
                                                                                
41.6. Executing FSM_RECODE pass (re-assigning FSM state encoding).              
                                                                                
41.7. Executing FSM_INFO pass (dumping all available information on FSM cells). 
                                                                                
41.8. Executing FSM_MAP pass (mapping FSMs to basic logic).                     
                                                                                
42. Executing OPT_EXPR pass (perform const folding).                            
Optimizing module safety_fault_watchdog.                                        
                                                                                
43. Executing OPT_MERGE pass (detect identical cells).                          
Finding identical cells in module `\safety_fault_watchdog'.                     
Removed a total of 0 cells.                                                     
                                                                                
44. Executing OPT_MUXTREE pass (detect dead branches in mux trees).             
Running muxtree optimizer on module \safety_fault_watchdog..                    
Creating internal representation of mux trees.                                  
Evaluating internal representation of mux trees.                                
Analyzing evaluation results.                                                   
Removed 0 multiplexer ports.                                                    
<suppressed ~27 debug messages>                                                 
                                                                                
45. Executing OPT_REDUCE pass (consolidate $*mux and $reduce_* inputs).         
Optimizing cells in module \safety_fault_watchdog.                              
Performed a total of 0 changes.                                                 
                                                                                
46. Executing OPT_MERGE pass (detect identical cells).                          
Finding identical cells in module `\safety_fault_watchdog'.                     
Removed a total of 0 cells.                                                     
                                                                                
47. Executing OPT_DFF pass (perform DFF optimizations).                         
Adding EN signal on $flatten\u_safety_fault_watchdog_mmio.$procdff$343 ($adff)  
from module safety_fault_watchdog (D = \wr_data, Q =                            
\u_safety_fault_watchdog_mmio.irq_clear_reg).                                   
Adding EN signal on $flatten\u_safety_fault_watchdog_mmio.$procdff$338 ($adff)  
from module safety_fault_watchdog (D = \wr_data, Q =                            
\u_safety_fault_watchdog_mmio.control_reg).                                     
Adding EN signal on $flatten\u_safety_fault_watchdog_mmio.$procdff$333 ($adff)  
from module safety_fault_watchdog (D = \wr_data, Q =                            
\u_safety_fault_watchdog_mmio.escalation_policy_cfg).                           
Adding EN signal on $flatten\u_safety_fault_watchdog_mmio.$procdff$328 ($adff)  
from module safety_fault_watchdog (D = \wr_data [7:0], Q =                      
\u_safety_fault_watchdog_mmio.fault_mask_cfg).                                  
Adding EN signal on $flatten\u_safety_fault_watchdog_mmio.$procdff$323 ($adff)  
from module safety_fault_watchdog (D = \wr_data, Q =                            
\u_safety_fault_watchdog_mmio.watchdog_timeout_cfg).                            
Adding EN signal on $flatten\u_safety_fault_watchdog_mmio.$procdff$308 ($adff)  
from module safety_fault_watchdog (D =                                          
$flatten\u_safety_fault_watchdog_mmio.$0\irq_enable[0:0], Q =                   
\u_safety_fault_watchdog_mmio.irq_enable).                                      
Adding EN signal on $flatten\u_safety_fault_watchdog_mmio.$procdff$303 ($adff)  
from module safety_fault_watchdog (D =                                          
$flatten\u_safety_fault_watchdog_mmio.$0\watchdog_enable[0:0], Q =              
\u_safety_fault_watchdog_mmio.watchdog_enable).                                 
Adding EN signal on $flatten\u_safety_fault_watchdog_mmio.$procdff$298 ($adff)  
from module safety_fault_watchdog (D =                                          
$flatten\u_safety_fault_watchdog_mmio.$0\control_enable[0:0], Q =               
\u_safety_fault_watchdog_mmio.control_enable).                                  
Adding EN signal on $flatten\u_safety_fault_watchdog_controller.$procdff$286    
($dff) from module safety_fault_watchdog (D =                                   
$flatten\u_safety_fault_watchdog_controller.$0\masked_faults[7:0], Q =          
\u_safety_fault_watchdog_controller.masked_faults).                             
Adding EN signal on $flatten\u_safety_fault_watchdog_controller.$procdff$279    
($adff) from module safety_fault_watchdog (D =                                  
$flatten\u_safety_fault_watchdog_controller.$0\event_score[31:0], Q =           
\u_safety_fault_watchdog_controller.event_score).                               
Adding EN signal on $flatten\u_safety_fault_watchdog_controller.$procdff$254    
($adff) from module safety_fault_watchdog (D =                                  
$flatten\u_safety_fault_watchdog_controller.$0\reset_requested_latched[0:0], Q =
\u_safety_fault_watchdog_controller.reset_requested_latched).                   
Adding EN signal on $flatten\u_safety_fault_watchdog_controller.$procdff$249    
($adff) from module safety_fault_watchdog (D = 1'1, Q =                         
\u_safety_fault_watchdog_controller.watchdog_expired_latched).                  
Adding EN signal on $flatten\u_safety_fault_watchdog_controller.$procdff$219    
($adff) from module safety_fault_watchdog (D =                                  
$flatten\u_safety_fault_watchdog_controller.$0\irq_status_value[3:0] [2], Q =   
\u_safety_fault_watchdog_controller.irq_status_value [2]).                      
Adding EN signal on $flatten\u_safety_fault_watchdog_controller.$procdff$219    
($adff) from module safety_fault_watchdog (D =                                  
$flatten\u_safety_fault_watchdog_controller.$0\irq_status_value[3:0] [0], Q =   
\u_safety_fault_watchdog_controller.irq_status_value [0]).                      
Adding EN signal on $flatten\u_safety_fault_watchdog_controller.$procdff$219    
($adff) from module safety_fault_watchdog (D =                                  
$flatten\u_safety_fault_watchdog_controller.$0\irq_status_value[3:0] [1], Q =   
\u_safety_fault_watchdog_controller.irq_status_value [1]).                      
Adding EN signal on $flatten\u_safety_fault_watchdog_controller.$procdff$219    
($adff) from module safety_fault_watchdog (D =                                  
$flatten\u_safety_fault_watchdog_controller.$0\irq_status_value[3:0] [3], Q =   
\u_safety_fault_watchdog_controller.irq_status_value [3]).                      
Adding EN signal on $flatten\u_safety_fault_watchdog_controller.$procdff$214    
($adff) from module safety_fault_watchdog (D =                                  
$flatten\u_safety_fault_watchdog_controller.$0\fault_status_value[7:0], Q =     
\u_safety_fault_watchdog_controller.fault_status_value).                        
Adding EN signal on $flatten\u_safety_fault_watchdog_controller.$procdff$209    
($adff) from module safety_fault_watchdog (D =                                  
$flatten\u_safety_fault_watchdog_controller.$add$rtl/safety_fault_watchdog_contr
oller.v:94$4_Y, Q = \u_safety_fault_watchdog_controller.heartbeat_count_value). 
Adding EN signal on $flatten\u_safety_fault_watchdog_controller.$procdff$204    
($adff) from module safety_fault_watchdog (D =                                  
$flatten\u_safety_fault_watchdog_controller.$add$rtl/safety_fault_watchdog_contr
oller.v:133$27_Y, Q = \u_safety_fault_watchdog_controller.reset_count_value).   
Adding EN signal on $flatten\u_safety_fault_watchdog_controller.$procdff$199    
($adff) from module safety_fault_watchdog (D = 1'1, Q =                         
\u_safety_fault_watchdog_controller.watchdog_expired).                          
Adding EN signal on $flatten\u_safety_fault_watchdog_controller.$procdff$194    
($adff) from module safety_fault_watchdog (D =                                  
$flatten\u_safety_fault_watchdog_controller.$0\fault_latched[7:0], Q =          
\u_safety_fault_watchdog_controller.fault_latched).                             
Adding EN signal on $flatten\u_safety_fault_watchdog_controller.$procdff$189    
($adff) from module safety_fault_watchdog (D =                                  
$flatten\u_safety_fault_watchdog_controller.$0\reset_request[0:0], Q =          
\u_safety_fault_watchdog_controller.reset_request).                             
                                                                                
48. Executing OPT_CLEAN pass (remove unused cells and wires).                   
Finding unused cells or wires in module \safety_fault_watchdog..                
Removed 11 unused cells and 11 unused wires.                                    
<suppressed ~12 debug messages>                                                 
                                                                                
49. Executing OPT_EXPR pass (perform const folding).                            
Optimizing module safety_fault_watchdog.                                        
<suppressed ~12 debug messages>                                                 
                                                                                
50. Rerunning OPT passes. (Maybe there is more to do…)                          
                                                                                
51. Executing OPT_MUXTREE pass (detect dead branches in mux trees).             
Running muxtree optimizer on module \safety_fault_watchdog..                    
Creating internal representation of mux trees.                                  
Evaluating internal representation of mux trees.                                
Analyzing evaluation results.                                                   
Removed 0 multiplexer ports.                                                    
<suppressed ~17 debug messages>                                                 
                                                                                
52. Executing OPT_REDUCE pass (consolidate $*mux and $reduce_* inputs).         
Optimizing cells in module \safety_fault_watchdog.                              
Performed a total of 0 changes.                                                 
                                                                                
53. Executing OPT_MERGE pass (detect identical cells).                          
Finding identical cells in module `\safety_fault_watchdog'.                     
<suppressed ~18 debug messages>                                                 
Removed a total of 6 cells.                                                     
                                                                                
54. Executing OPT_DFF pass (perform DFF optimizations).                         
                                                                                
55. Executing OPT_CLEAN pass (remove unused cells and wires).                   
Finding unused cells or wires in module \safety_fault_watchdog..                
Removed 0 unused cells and 4 unused wires.                                      
<suppressed ~1 debug messages>                                                  
                                                                                
56. Executing OPT_EXPR pass (perform const folding).                            
Optimizing module safety_fault_watchdog.                                        
                                                                                
57. Rerunning OPT passes. (Maybe there is more to do…)                          
                                                                                
58. Executing OPT_MUXTREE pass (detect dead branches in mux trees).             
Running muxtree optimizer on module \safety_fault_watchdog..                    
Creating internal representation of mux trees.                                  
Evaluating internal representation of mux trees.                                
Analyzing evaluation results.                                                   
Removed 0 multiplexer ports.                                                    
<suppressed ~16 debug messages>                                                 
                                                                                
59. Executing OPT_REDUCE pass (consolidate $*mux and $reduce_* inputs).         
Optimizing cells in module \safety_fault_watchdog.                              
Performed a total of 0 changes.                                                 
                                                                                
60. Executing OPT_MERGE pass (detect identical cells).                          
Finding identical cells in module `\safety_fault_watchdog'.                     
Removed a total of 0 cells.                                                     
                                                                                
61. Executing OPT_DFF pass (perform DFF optimizations).                         
                                                                                
62. Executing OPT_CLEAN pass (remove unused cells and wires).                   
Finding unused cells or wires in module \safety_fault_watchdog..                
                                                                                
63. Executing OPT_EXPR pass (perform const folding).                            
Optimizing module safety_fault_watchdog.                                        
                                                                                
64. Executing WREDUCE pass (reducing word size of cells).                       
Removed top 9 bits (of 12) from port B of cell                                  
safety_fault_watchdog.$flatten\u_safety_fault_watchdog_mmio.$procmux$173_CMP0   
($eq).                                                                          
Removed top 8 bits (of 12) from port B of cell                                  
safety_fault_watchdog.$flatten\u_safety_fault_watchdog_mmio.$procmux$172_CMP0   
($eq).                                                                          
Removed top 8 bits (of 12) from port B of cell                                  
safety_fault_watchdog.$flatten\u_safety_fault_watchdog_mmio.$procmux$171_CMP0   
($eq).                                                                          
Removed top 7 bits (of 12) from port B of cell                                  
safety_fault_watchdog.$flatten\u_safety_fault_watchdog_mmio.$procmux$170_CMP0   
($eq).                                                                          
Removed top 7 bits (of 12) from port B of cell                                  
safety_fault_watchdog.$flatten\u_safety_fault_watchdog_mmio.$procmux$169_CMP0   
($eq).                                                                          
Removed top 7 bits (of 12) from port B of cell                                  
safety_fault_watchdog.$flatten\u_safety_fault_watchdog_mmio.$procmux$168_CMP0   
($eq).                                                                          
Removed top 7 bits (of 12) from port B of cell                                  
safety_fault_watchdog.$flatten\u_safety_fault_watchdog_mmio.$procmux$167_CMP0   
($eq).                                                                          
Removed top 6 bits (of 12) from port B of cell                                  
safety_fault_watchdog.$flatten\u_safety_fault_watchdog_mmio.$procmux$166_CMP0   
($eq).                                                                          
Removed top 6 bits (of 12) from port B of cell                                  
safety_fault_watchdog.$flatten\u_safety_fault_watchdog_mmio.$procmux$165_CMP0   
($eq).                                                                          
Removed top 6 bits (of 12) from port B of cell                                  
safety_fault_watchdog.$flatten\u_safety_fault_watchdog_mmio.$procmux$164_CMP0   
($eq).                                                                          
Removed top 6 bits (of 12) from port B of cell                                  
safety_fault_watchdog.$flatten\u_safety_fault_watchdog_mmio.$eq$rtl/safety_fault
_watchdog_mmio.v:88$51 ($eq).                                                   
Removed top 7 bits (of 12) from port B of cell                                  
safety_fault_watchdog.$flatten\u_safety_fault_watchdog_mmio.$eq$rtl/safety_fault
_watchdog_mmio.v:87$48 ($eq).                                                   
Removed top 7 bits (of 12) from port B of cell                                  
safety_fault_watchdog.$flatten\u_safety_fault_watchdog_mmio.$eq$rtl/safety_fault
_watchdog_mmio.v:86$45 ($eq).                                                   
Removed top 8 bits (of 12) from port B of cell                                  
safety_fault_watchdog.$flatten\u_safety_fault_watchdog_mmio.$eq$rtl/safety_fault
_watchdog_mmio.v:85$42 ($eq).                                                   
Removed top 1 bits (of 2) from mux cell                                         
safety_fault_watchdog.$flatten\u_safety_fault_watchdog_controller.$procmux$96   
($mux).                                                                         
Removed top 31 bits (of 32) from port B of cell                                 
safety_fault_watchdog.$flatten\u_safety_fault_watchdog_controller.$add$rtl/safet
y_fault_watchdog_controller.v:133$27 ($add).                                    
Removed top 24 bits (of 32) from port B of cell                                 
safety_fault_watchdog.$flatten\u_safety_fault_watchdog_controller.$ge$rtl/safety
_fault_watchdog_controller.v:128$24 ($ge).                                      
Removed top 24 bits (of 32) from port B of cell                                 
safety_fault_watchdog.$flatten\u_safety_fault_watchdog_controller.$ge$rtl/safety
_fault_watchdog_controller.v:127$23 ($ge).                                      
Removed top 24 bits (of 32) from port B of cell                                 
safety_fault_watchdog.$flatten\u_safety_fault_watchdog_controller.$ge$rtl/safety
_fault_watchdog_controller.v:126$22 ($ge).                                      
Removed top 31 bits (of 32) from port B of cell                                 
safety_fault_watchdog.$flatten\u_safety_fault_watchdog_controller.$add$rtl/safet
y_fault_watchdog_controller.v:107$16 ($add).                                    
Removed top 31 bits (of 32) from port B of cell                                 
safety_fault_watchdog.$flatten\u_safety_fault_watchdog_controller.$sub$rtl/safet
y_fault_watchdog_controller.v:97$7 ($sub).                                      
Removed top 31 bits (of 32) from port B of cell                                 
safety_fault_watchdog.$flatten\u_safety_fault_watchdog_controller.$add$rtl/safet
y_fault_watchdog_controller.v:94$4 ($add).                                      
Removed top 1 bits (of 2) from wire                                             
safety_fault_watchdog.$flatten\u_safety_fault_watchdog_controller.$2\next_escala
tion_level[1:0].                                                                
                                                                                
65. Executing PEEPOPT pass (run peephole optimizers).                           
                                                                                
66. Executing OPT_CLEAN pass (remove unused cells and wires).                   
Finding unused cells or wires in module \safety_fault_watchdog..                
Removed 0 unused cells and 1 unused wires.                                      
<suppressed ~1 debug messages>                                                  
                                                                                
67. Executing ALUMACC pass (create $alu and $macc cells).                       
Extracting $alu and $macc cells in module safety_fault_watchdog:                
creating $macc model for                                                        
$flatten\u_safety_fault_watchdog_controller.$add$rtl/safety_fault_watchdog_contr
oller.v:107$16 ($add).                                                          
creating $macc model for                                                        
$flatten\u_safety_fault_watchdog_controller.$add$rtl/safety_fault_watchdog_contr
oller.v:133$27 ($add).                                                          
creating $macc model for                                                        
$flatten\u_safety_fault_watchdog_controller.$add$rtl/safety_fault_watchdog_contr
oller.v:94$4 ($add).                                                            
creating $macc model for                                                        
$flatten\u_safety_fault_watchdog_controller.$sub$rtl/safety_fault_watchdog_contr
oller.v:97$7 ($sub).                                                            
creating $alu model for $macc                                                   
$flatten\u_safety_fault_watchdog_controller.$sub$rtl/safety_fault_watchdog_contr
oller.v:97$7.                                                                   
creating $alu model for $macc                                                   
$flatten\u_safety_fault_watchdog_controller.$add$rtl/safety_fault_watchdog_contr
oller.v:94$4.                                                                   
creating $alu model for $macc                                                   
$flatten\u_safety_fault_watchdog_controller.$add$rtl/safety_fault_watchdog_contr
oller.v:133$27.                                                                 
creating $alu model for $macc                                                   
$flatten\u_safety_fault_watchdog_controller.$add$rtl/safety_fault_watchdog_contr
oller.v:107$16.                                                                 
creating $alu model for                                                         
$flatten\u_safety_fault_watchdog_controller.$ge$rtl/safety_fault_watchdog_contro
ller.v:126$22 ($ge): new $alu                                                   
creating $alu model for                                                         
$flatten\u_safety_fault_watchdog_controller.$ge$rtl/safety_fault_watchdog_contro
ller.v:127$23 ($ge): new $alu                                                   
creating $alu model for                                                         
$flatten\u_safety_fault_watchdog_controller.$ge$rtl/safety_fault_watchdog_contro
ller.v:128$24 ($ge): new $alu                                                   
creating $alu model for                                                         
$flatten\u_safety_fault_watchdog_controller.$ge$rtl/safety_fault_watchdog_contro
ller.v:130$25 ($ge): new $alu                                                   
creating $alu cell for                                                          
$flatten\u_safety_fault_watchdog_controller.$ge$rtl/safety_fault_watchdog_contro
ller.v:130$25: $auto$alumacc.cc:485:replace_alu$401                             
creating $alu cell for                                                          
$flatten\u_safety_fault_watchdog_controller.$ge$rtl/safety_fault_watchdog_contro
ller.v:128$24: $auto$alumacc.cc:485:replace_alu$410                             
creating $alu cell for                                                          
$flatten\u_safety_fault_watchdog_controller.$ge$rtl/safety_fault_watchdog_contro
ller.v:127$23: $auto$alumacc.cc:485:replace_alu$419                             
creating $alu cell for                                                          
$flatten\u_safety_fault_watchdog_controller.$ge$rtl/safety_fault_watchdog_contro
ller.v:126$22: $auto$alumacc.cc:485:replace_alu$428                             
creating $alu cell for                                                          
$flatten\u_safety_fault_watchdog_controller.$add$rtl/safety_fault_watchdog_contr
oller.v:107$16: $auto$alumacc.cc:485:replace_alu$437                            
creating $alu cell for                                                          
$flatten\u_safety_fault_watchdog_controller.$add$rtl/safety_fault_watchdog_contr
oller.v:133$27: $auto$alumacc.cc:485:replace_alu$440                            
creating $alu cell for                                                          
$flatten\u_safety_fault_watchdog_controller.$add$rtl/safety_fault_watchdog_contr
oller.v:94$4: $auto$alumacc.cc:485:replace_alu$443                              
creating $alu cell for                                                          
$flatten\u_safety_fault_watchdog_controller.$sub$rtl/safety_fault_watchdog_contr
oller.v:97$7: $auto$alumacc.cc:485:replace_alu$446                              
created 8 $alu and 0 $macc cells.                                               
                                                                                
68. Executing SHARE pass (SAT-based resource sharing).                          
                                                                                
69. Executing OPT_EXPR pass (perform const folding).                            
Optimizing module safety_fault_watchdog.                                        
                                                                                
70. Executing OPT_MERGE pass (detect identical cells).                          
Finding identical cells in module `\safety_fault_watchdog'.                     
Removed a total of 0 cells.                                                     
                                                                                
71. Executing OPT_MUXTREE pass (detect dead branches in mux trees).             
Running muxtree optimizer on module \safety_fault_watchdog..                    
Creating internal representation of mux trees.                                  
Evaluating internal representation of mux trees.                                
Analyzing evaluation results.                                                   
Removed 0 multiplexer ports.                                                    
<suppressed ~16 debug messages>                                                 
                                                                                
72. Executing OPT_REDUCE pass (consolidate $*mux and $reduce_* inputs).         
Optimizing cells in module \safety_fault_watchdog.                              
Performed a total of 0 changes.                                                 
                                                                                
73. Executing OPT_MERGE pass (detect identical cells).                          
Finding identical cells in module `\safety_fault_watchdog'.                     
Removed a total of 0 cells.                                                     
                                                                                
74. Executing OPT_DFF pass (perform DFF optimizations).                         
                                                                                
75. Executing OPT_CLEAN pass (remove unused cells and wires).                   
Finding unused cells or wires in module \safety_fault_watchdog..                
Removed 0 unused cells and 4 unused wires.                                      
<suppressed ~1 debug messages>                                                  
                                                                                
76. Executing OPT_EXPR pass (perform const folding).                            
Optimizing module safety_fault_watchdog.                                        
                                                                                
77. Rerunning OPT passes. (Maybe there is more to do…)                          
                                                                                
78. Executing OPT_MUXTREE pass (detect dead branches in mux trees).             
Running muxtree optimizer on module \safety_fault_watchdog..                    
Creating internal representation of mux trees.                                  
Evaluating internal representation of mux trees.                                
Analyzing evaluation results.                                                   
Removed 0 multiplexer ports.                                                    
<suppressed ~16 debug messages>                                                 
                                                                                
79. Executing OPT_REDUCE pass (consolidate $*mux and $reduce_* inputs).         
Optimizing cells in module \safety_fault_watchdog.                              
Performed a total of 0 changes.                                                 
                                                                                
80. Executing OPT_MERGE pass (detect identical cells).                          
Finding identical cells in module `\safety_fault_watchdog'.                     
Removed a total of 0 cells.                                                     
                                                                                
81. Executing OPT_DFF pass (perform DFF optimizations).                         
                                                                                
82. Executing OPT_CLEAN pass (remove unused cells and wires).                   
Finding unused cells or wires in module \safety_fault_watchdog..                
                                                                                
83. Executing OPT_EXPR pass (perform const folding).                            
Optimizing module safety_fault_watchdog.                                        
                                                                                
84. Executing MEMORY pass.                                                      
                                                                                
84.1. Executing OPT_MEM pass (optimize memories).                               
Performed a total of 0 transformations.                                         
                                                                                
84.2. Executing OPT_MEM_PRIORITY pass (removing unnecessary memory write        
priority relations).                                                            
Performed a total of 0 transformations.                                         
                                                                                
84.3. Executing OPT_MEM_FEEDBACK pass (finding memory read-to-write feedback    
paths).                                                                         
                                                                                
84.4. Executing MEMORY_BMUX2ROM pass (converting muxes to ROMs).                
                                                                                
84.5. Executing MEMORY_DFF pass (merging $dff cells to $memrd).                 
                                                                                
84.6. Executing OPT_CLEAN pass (remove unused cells and wires).                 
Finding unused cells or wires in module \safety_fault_watchdog..                
                                                                                
84.7. Executing MEMORY_SHARE pass (consolidating $memrd/$memwr cells).          
                                                                                
84.8. Executing OPT_MEM_WIDEN pass (optimize memories where all ports are wide).
Performed a total of 0 transformations.                                         
                                                                                
84.9. Executing OPT_CLEAN pass (remove unused cells and wires).                 
Finding unused cells or wires in module \safety_fault_watchdog..                
                                                                                
84.10. Executing MEMORY_COLLECT pass (generating $mem cells).                   
                                                                                
85. Executing OPT_CLEAN pass (remove unused cells and wires).                   
Finding unused cells or wires in module \safety_fault_watchdog..                
                                                                                
86. Executing OPT_EXPR pass (perform const folding).                            
Optimizing module safety_fault_watchdog.                                        
<suppressed ~24 debug messages>                                                 
                                                                                
87. Executing OPT_MERGE pass (detect identical cells).                          
Finding identical cells in module `\safety_fault_watchdog'.                     
Removed a total of 0 cells.                                                     
                                                                                
88. Executing OPT_DFF pass (perform DFF optimizations).                         
                                                                                
89. Executing OPT_CLEAN pass (remove unused cells and wires).                   
Finding unused cells or wires in module \safety_fault_watchdog..                
Removed 0 unused cells and 19 unused wires.                                     
<suppressed ~1 debug messages>                                                  
                                                                                
90. Executing MEMORY_MAP pass (converting memories to logic and flip-flops).    
                                                                                
91. Executing OPT_EXPR pass (perform const folding).                            
Optimizing module safety_fault_watchdog.                                        
<suppressed ~3 debug messages>                                                  
                                                                                
92. Executing OPT_MERGE pass (detect identical cells).                          
Finding identical cells in module `\safety_fault_watchdog'.                     
Removed a total of 0 cells.                                                     
                                                                                
93. Executing OPT_MUXTREE pass (detect dead branches in mux trees).             
Running muxtree optimizer on module \safety_fault_watchdog..                    
Creating internal representation of mux trees.                                  
Evaluating internal representation of mux trees.                                
Analyzing evaluation results.                                                   
Removed 0 multiplexer ports.                                                    
<suppressed ~8 debug messages>                                                  
                                                                                
94. Executing OPT_REDUCE pass (consolidate $*mux and $reduce_* inputs).         
Optimizing cells in module \safety_fault_watchdog.                              
Performed a total of 0 changes.                                                 
                                                                                
95. Executing OPT_MERGE pass (detect identical cells).                          
Finding identical cells in module `\safety_fault_watchdog'.                     
Removed a total of 0 cells.                                                     
                                                                                
96. Executing OPT_SHARE pass.                                                   
                                                                                
97. Executing OPT_DFF pass (perform DFF optimizations).                         
                                                                                
98. Executing OPT_CLEAN pass (remove unused cells and wires).                   
Finding unused cells or wires in module \safety_fault_watchdog..                
                                                                                
99. Executing OPT_EXPR pass (perform const folding).                            
Optimizing module safety_fault_watchdog.                                        
                                                                                
100. Executing TECHMAP pass (map to technology primitives).                     
                                                                                
100.1. Executing Verilog-2005 frontend:                                         
/nix/store/9r0bh7sp051dpm8km8bqlb028anpd3v3-yosys/bin/../share/yosys/techmap.v  
Parsing Verilog input from                                                      
`/nix/store/9r0bh7sp051dpm8km8bqlb028anpd3v3-yosys/bin/../share/yosys/techmap.v'
to AST representation.                                                          
Generating RTLIL representation for module `\_90_simplemap_bool_ops'.           
Generating RTLIL representation for module `\_90_simplemap_reduce_ops'.         
Generating RTLIL representation for module `\_90_simplemap_logic_ops'.          
Generating RTLIL representation for module `\_90_simplemap_compare_ops'.        
Generating RTLIL representation for module `\_90_simplemap_various'.            
Generating RTLIL representation for module `\_90_simplemap_registers'.          
Generating RTLIL representation for module `\_90_shift_ops_shr_shl_sshl_sshr'.  
Generating RTLIL representation for module `\_90_shift_shiftx'.                 
Generating RTLIL representation for module `\_90_fa'.                           
Generating RTLIL representation for module `\_90_lcu_brent_kung'.               
Generating RTLIL representation for module `\_90_alu'.                          
Generating RTLIL representation for module `\_90_macc'.                         
Generating RTLIL representation for module `\_90_alumacc'.                      
Generating RTLIL representation for module `\$__div_mod_u'.                     
Generating RTLIL representation for module `\$__div_mod_trunc'.                 
Generating RTLIL representation for module `\_90_div'.                          
Generating RTLIL representation for module `\_90_mod'.                          
Generating RTLIL representation for module `\$__div_mod_floor'.                 
Generating RTLIL representation for module `\_90_divfloor'.                     
Generating RTLIL representation for module `\_90_modfloor'.                     
Generating RTLIL representation for module `\_90_pow'.                          
Generating RTLIL representation for module `\_90_pmux'.                         
Generating RTLIL representation for module `\_90_demux'.                        
Generating RTLIL representation for module `\_90_lut'.                          
Successfully finished Verilog frontend.                                         
                                                                                
100.2. Continuing TECHMAP pass.                                                 
Using extmapper simplemap for cells of type $adffe.                             
Using extmapper simplemap for cells of type $reduce_bool.                       
Using extmapper simplemap for cells of type $reduce_or.                         
Using extmapper simplemap for cells of type $reduce_and.                        
Using extmapper simplemap for cells of type $adff.                              
Using extmapper simplemap for cells of type $dffe.                              
Using extmapper simplemap for cells of type $mux.                               
Using extmapper simplemap for cells of type $logic_not.                         
Using extmapper simplemap for cells of type $eq.                                
Using template $paramod$a5f0941832cc861549e29ccafffe20bfdf2e5528\_90_pmux for   
cells of type $pmux.                                                            
Using extmapper simplemap for cells of type $logic_and.                         
Using extmapper simplemap for cells of type $not.                               
Using template $paramod$7e708ae28ab761f11d0fb59d3ffc72f6a4baf5d9\_90_alu for    
cells of type $alu.                                                             
Using extmapper simplemap for cells of type $and.                               
Using extmapper simplemap for cells of type $or.                                
Using template $paramod$6a42b6fefed750f8a1c58eab59479d960557103c\_90_alu for    
cells of type $alu.                                                             
Using template $paramod$91f82ead1edc61e0a1452110f15ef747116b421b\_90_alu for    
cells of type $alu.                                                             
Using template $paramod$c04af8dbf0e5d1d69bbccb2c7bd8a93fc9ef54dc\_90_alu for    
cells of type $alu.                                                             
Using extmapper simplemap for cells of type $xor.                               
Using template                                                                  
$paramod\_90_lcu_brent_kung\WIDTH=32'00000000000000000000000000000010 for cells 
of type $lcu.                                                                   
Using extmapper simplemap for cells of type $pos.                               
Using template                                                                  
$paramod\_90_lcu_brent_kung\WIDTH=32'00000000000000000000000000100000 for cells 
of type $lcu.                                                                   
No more expansions possible.                                                    
<suppressed ~1641 debug messages>                                               
                                                                                
101. Executing OPT_EXPR pass (perform const folding).                           
Optimizing module safety_fault_watchdog.                                        
<suppressed ~1581 debug messages>                                               
                                                                                
102. Executing OPT_MERGE pass (detect identical cells).                         
Finding identical cells in module `\safety_fault_watchdog'.                     
<suppressed ~1128 debug messages>                                               
Removed a total of 376 cells.                                                   
                                                                                
103. Executing OPT_DFF pass (perform DFF optimizations).                        
                                                                                
104. Executing OPT_CLEAN pass (remove unused cells and wires).                  
Finding unused cells or wires in module \safety_fault_watchdog..                
Removed 278 unused cells and 1026 unused wires.                                 
<suppressed ~279 debug messages>                                                
                                                                                
105. Executing OPT_EXPR pass (perform const folding).                           
Optimizing module safety_fault_watchdog.                                        
                                                                                
106. Executing OPT_MERGE pass (detect identical cells).                         
Finding identical cells in module `\safety_fault_watchdog'.                     
Removed a total of 0 cells.                                                     
                                                                                
107. Executing OPT_DFF pass (perform DFF optimizations).                        
                                                                                
108. Executing OPT_CLEAN pass (remove unused cells and wires).                  
Finding unused cells or wires in module \safety_fault_watchdog..                
                                                                                
109. Executing ABC pass (technology mapping using ABC).                         
                                                                                
109.1. Extracting gate netlist of module `\safety_fault_watchdog' to            
`<abc-temp-dir>/input.blif'..                                                   
Extracted 1472 gates and 1822 wires to a netlist network with 348 inputs and 219
outputs.                                                                        
                                                                                
109.1.1. Executing ABC.                                                         
Running ABC command:                                                            
"/nix/store/6l3aj1gi4lja8z5s4lan2k2cfz9mqkrz-yosys-abc/bin/abc" -s -f           
<abc-temp-dir>/abc.script 2>&1                                                  
ABC: ABC command line: "source <abc-temp-dir>/abc.script".                      
ABC:                                                                            
ABC: + read_blif <abc-temp-dir>/input.blif                                      
ABC: + read_library <abc-temp-dir>/stdcells.genlib                              
ABC: Entered genlib library with 13 gates from file                             
"<abc-temp-dir>/stdcells.genlib".                                               
ABC: + strash                                                                   
ABC: + dretime                                                                  
ABC: + map                                                                      
ABC: + write_blif <abc-temp-dir>/output.blif                                    
                                                                                
109.1.2. Re-integrating ABC results.                                            
ABC RESULTS:              XNOR cells:       22                                  
ABC RESULTS:               MUX cells:       64                                  
ABC RESULTS:             ORNOT cells:       77                                  
ABC RESULTS:               NOT cells:       13                                  
ABC RESULTS:               NOR cells:       57                                  
ABC RESULTS:                OR cells:      302                                  
ABC RESULTS:              NAND cells:       59                                  
ABC RESULTS:            ANDNOT cells:      530                                  
ABC RESULTS:               AND cells:       71                                  
ABC RESULTS:               XOR cells:      126                                  
ABC RESULTS:        internal signals:     1255                                  
ABC RESULTS:           input signals:      348                                  
ABC RESULTS:          output signals:      219                                  
Removing temp directory.                                                        
                                                                                
110. Executing OPT pass (performing simple optimizations).                      
                                                                                
110.1. Executing OPT_EXPR pass (perform const folding).                         
Optimizing module safety_fault_watchdog.                                        
                                                                                
110.2. Executing OPT_MERGE pass (detect identical cells).                       
Finding identical cells in module `\safety_fault_watchdog'.                     
<suppressed ~36 debug messages>                                                 
Removed a total of 12 cells.                                                    
                                                                                
110.3. Executing OPT_DFF pass (perform DFF optimizations).                      
                                                                                
110.4. Executing OPT_CLEAN pass (remove unused cells and wires).                
Finding unused cells or wires in module \safety_fault_watchdog..                
Removed 0 unused cells and 966 unused wires.                                    
<suppressed ~1 debug messages>                                                  
                                                                                
110.5. Finished fast OPT passes.                                                
                                                                                
111. Executing HIERARCHY pass (managing design hierarchy).                      
                                                                                
111.1. Analyzing design hierarchy..                                             
Top module:  \safety_fault_watchdog                                             
                                                                                
111.2. Analyzing design hierarchy..                                             
Top module:  \safety_fault_watchdog                                             
Removed 0 unused modules.                                                       
                                                                                
112. Executing CHECK pass (checking for obvious problems).                      
Checking module safety_fault_watchdog...                                        
Found and reported 0 problems.                                                  
                                                                                
113. Printing statistics.                                                       
                                                                                
=== safety_fault_watchdog ===                                                   
                                                                                
Number of wires:               1290                                             
Number of wire bits:           2340                                             
Number of public wires:         104                                             
Number of public wire bits:     967                                             
Number of ports:                 16                                             
Number of port bits:            115                                             
Number of memories:               0                                             
Number of memory bits:            0                                             
Number of processes:              0                                             
Number of cells:               1621                                             
$_ANDNOT_                     530                                               
$_AND_                         71                                               
$_DFFE_PN0P_                  257                                               
$_DFFE_PP_                      8                                               
$_DFF_PN0_                     44                                               
$_DFF_PN1_                      1                                               
$_MUX_                         64                                               
$_NAND_                        59                                               
$_NOR_                         46                                               
$_NOT_                         13                                               
$_ORNOT_                       77                                               
$_OR_                         301                                               
$_XNOR_                        22                                               
$_XOR_                        126                                               
$scopeinfo                      2                                               
                                                                                
114. Generating Graphviz representation of design.                              
Writing dot description to                                                      
`/work/runs/Digital_Arch2Tapeout_dd095a60-e45f-44c3-beb0-943e030b19e3/02-yosys-s
ynthesis/primitive_techmap.dot'.                                                
Dumping module safety_fault_watchdog to page 1.                                 
                                                                                
115. Executing OPT pass (performing simple optimizations).                      
                                                                                
115.1. Executing OPT_EXPR pass (perform const folding).                         
Optimizing module safety_fault_watchdog.                                        
                                                                                
115.2. Executing OPT_MERGE pass (detect identical cells).                       
Finding identical cells in module `\safety_fault_watchdog'.                     
Removed a total of 0 cells.                                                     
                                                                                
115.3. Executing OPT_MUXTREE pass (detect dead branches in mux trees).          
Running muxtree optimizer on module \safety_fault_watchdog..                    
Creating internal representation of mux trees.                                  
No muxes found in this module.                                                  
Removed 0 multiplexer ports.                                                    
                                                                                
115.4. Executing OPT_REDUCE pass (consolidate $*mux and $reduce_* inputs).      
Optimizing cells in module \safety_fault_watchdog.                              
Performed a total of 0 changes.                                                 
                                                                                
115.5. Executing OPT_MERGE pass (detect identical cells).                       
Finding identical cells in module `\safety_fault_watchdog'.                     
Removed a total of 0 cells.                                                     
                                                                                
115.6. Executing OPT_DFF pass (perform DFF optimizations).                      
                                                                                
115.7. Executing OPT_CLEAN pass (remove unused cells and wires).                
Finding unused cells or wires in module \safety_fault_watchdog..                
                                                                                
115.8. Executing OPT_EXPR pass (perform const folding).                         
Optimizing module safety_fault_watchdog.                                        
                                                                                
115.9. Finished OPT passes. (There is nothing left to do.)                      
                                                                                
116. Executing OPT_CLEAN pass (remove unused cells and wires).                  
Finding unused cells or wires in module \safety_fault_watchdog..                
Removed 2 unused cells and 66 unused wires.                                     
<suppressed ~68 debug messages>                                                 
{                                                                               
"creator": "Yosys 0.46 (git sha1 e97731b9dda91fa5fa53ed87df7c34163ba59a41,      
clang++ 17.0.6 -fPIC -O3)",                                                     
"invocation": "stat -json -liberty                                              
/work/runs/Digital_Arch2Tapeout_dd095a60-e45f-44c3-beb0-943e030b19e3/tmp/a85c386
e5379424db1253796596c078c.lib ",                                                
"modules": {                                                                    
"\\safety_fault_watchdog": {                                                    
"num_wires":         1224,                                                      
"num_wire_bits":     1785,                                                      
"num_pub_wires":     38,                                                        
"num_pub_wire_bits": 412,                                                       
"num_ports":         16,                                                        
"num_port_bits":     115,                                                       
"num_memories":      0,                                                         
"num_memory_bits":   0,                                                         
"num_processes":     0,                                                         
"num_cells":         1619,                                                      
"num_cells_by_type": {                                                          
"$_ANDNOT_": 530,                                                               
"$_AND_": 71,                                                                   
"$_DFFE_PN0P_": 257,                                                            
"$_DFFE_PP_": 8,                                                                
"$_DFF_PN0_": 44,                                                               
"$_DFF_PN1_": 1,                                                                
"$_MUX_": 64,                                                                   
"$_NAND_": 59,                                                                  
"$_NOR_": 46,                                                                   
"$_NOT_": 13,                                                                   
"$_ORNOT_": 77,                                                                 
"$_OR_": 301,                                                                   
"$_XNOR_": 22,                                                                  
"$_XOR_": 126                                                                   
}                                                                               
}                                                                               
},                                                                              
"design": {                                                                     
"num_wires":         1224,                                                      
"num_wire_bits":     1785,                                                      
"num_pub_wires":     38,                                                        
"num_pub_wire_bits": 412,                                                       
"num_ports":         16,                                                        
"num_port_bits":     115,                                                       
"num_memories":      0,                                                         
"num_memory_bits":   0,                                                         
"num_processes":     0,                                                         
"num_cells":         1619,                                                      
"num_cells_by_type": {                                                          
"$_ANDNOT_": 530,                                                               
"$_AND_": 71,                                                                   
"$_DFFE_PN0P_": 257,                                                            
"$_DFFE_PP_": 8,                                                                
"$_DFF_PN0_": 44,                                                               
"$_DFF_PN1_": 1,                                                                
"$_MUX_": 64,                                                                   
"$_NAND_": 59,                                                                  
"$_NOR_": 46,                                                                   
"$_NOT_": 13,                                                                   
"$_ORNOT_": 77,                                                                 
"$_OR_": 301,                                                                   
"$_XNOR_": 22,                                                                  
"$_XOR_": 126                                                                   
}                                                                               
}                                                                               
}                                                                               
                                                                                
117. Printing statistics.                                                       
                                                                                
=== safety_fault_watchdog ===                                                   
                                                                                
Number of wires:               1224                                             
Number of wire bits:           1785                                             
Number of public wires:          38                                             
Number of public wire bits:     412                                             
Number of ports:                 16                                             
Number of port bits:            115                                             
Number of memories:               0                                             
Number of memory bits:            0                                             
Number of processes:              0                                             
Number of cells:               1619                                             
$_ANDNOT_                     530                                               
$_AND_                         71                                               
$_DFFE_PN0P_                  257                                               
$_DFFE_PP_                      8                                               
$_DFF_PN0_                     44                                               
$_DFF_PN1_                      1                                               
$_MUX_                         64                                               
$_NAND_                        59                                               
$_NOR_                         46                                               
$_NOT_                         13                                               
$_ORNOT_                       77                                               
$_OR_                         301                                               
$_XNOR_                        22                                               
$_XOR_                        126                                               
                                                                                
Area for cell type $_NOT_ is unknown!                                           
Area for cell type $_AND_ is unknown!                                           
Area for cell type $_NAND_ is unknown!                                          
Area for cell type $_OR_ is unknown!                                            
Area for cell type $_NOR_ is unknown!                                           
Area for cell type $_XOR_ is unknown!                                           
Area for cell type $_XNOR_ is unknown!                                          
Area for cell type $_ANDNOT_ is unknown!                                        
Area for cell type $_ORNOT_ is unknown!                                         
Area for cell type $_MUX_ is unknown!                                           
Area for cell type $_DFFE_PP_ is unknown!                                       
Area for cell type $_DFF_PN0_ is unknown!                                       
Area for cell type $_DFF_PN1_ is unknown!                                       
Area for cell type $_DFFE_PN0P_ is unknown!                                     
                                                                                
[INFO] Applying tri-state buffer mapping from                                   
'/pdk/volare/sky130/versions/0fe599b2afb6708d281543108caf8310912f54af/sky130A/li
bs.tech/openlane/sky130_fd_sc_hd/tribuff_map.v'…                                
                                                                                
118. Executing TECHMAP pass (map to technology primitives).                     
                                                                                
118.1. Executing Verilog-2005 frontend:                                         
/pdk/volare/sky130/versions/0fe599b2afb6708d281543108caf8310912f54af/sky130A/lib
s.tech/openlane/sky130_fd_sc_hd/tribuff_map.v                                   
Parsing Verilog input from                                                      
`/pdk/volare/sky130/versions/0fe599b2afb6708d281543108caf8310912f54af/sky130A/li
bs.tech/openlane/sky130_fd_sc_hd/tribuff_map.v' to AST representation.          
Generating RTLIL representation for module `\$_TBUF_'.                          
Successfully finished Verilog frontend.                                         
                                                                                
118.2. Continuing TECHMAP pass.                                                 
No more expansions possible.                                                    
<suppressed ~3 debug messages>                                                  
                                                                                
119. Executing SIMPLEMAP pass (map simple cells to gate primitives).            
[INFO] Applying latch mapping from                                              
'/pdk/volare/sky130/versions/0fe599b2afb6708d281543108caf8310912f54af/sky130A/li
bs.tech/openlane/sky130_fd_sc_hd/latch_map.v'…                                  
                                                                                
120. Executing TECHMAP pass (map to technology primitives).                     
                                                                                
120.1. Executing Verilog-2005 frontend:                                         
/pdk/volare/sky130/versions/0fe599b2afb6708d281543108caf8310912f54af/sky130A/lib
s.tech/openlane/sky130_fd_sc_hd/latch_map.v                                     
Parsing Verilog input from                                                      
`/pdk/volare/sky130/versions/0fe599b2afb6708d281543108caf8310912f54af/sky130A/li
bs.tech/openlane/sky130_fd_sc_hd/latch_map.v' to AST representation.            
Generating RTLIL representation for module `\$_DLATCH_P_'.                      
Generating RTLIL representation for module `\$_DLATCH_N_'.                      
Successfully finished Verilog frontend.                                         
                                                                                
120.2. Continuing TECHMAP pass.                                                 
No more expansions possible.                                                    
<suppressed ~4 debug messages>                                                  
                                                                                
121. Executing SIMPLEMAP pass (map simple cells to gate primitives).            
                                                                                
122. Executing DFFLIBMAP pass (mapping DFF cells to sequential cells from       
liberty file).                                                                  
cell sky130_fd_sc_hd__dfxtp_2 (noninv, pins=3, area=21.27) is a direct match for
cell type $_DFF_P_.                                                             
cell sky130_fd_sc_hd__dfrtp_2 (noninv, pins=4, area=26.28) is a direct match for
cell type $_DFF_PN0_.                                                           
cell sky130_fd_sc_hd__dfstp_2 (noninv, pins=4, area=26.28) is a direct match for
cell type $_DFF_PN1_.                                                           
cell sky130_fd_sc_hd__dfbbn_2 (noninv, pins=6, area=35.03) is a direct match for
cell type $_DFFSR_NNN_.                                                         
final dff cell mappings:                                                        
unmapped dff cell: $_DFF_N_                                                     
\sky130_fd_sc_hd__dfxtp_2 _DFF_P_ (.CLK( C), .D( D), .Q( Q));                   
unmapped dff cell: $_DFF_NN0_                                                   
unmapped dff cell: $_DFF_NN1_                                                   
unmapped dff cell: $_DFF_NP0_                                                   
unmapped dff cell: $_DFF_NP1_                                                   
\sky130_fd_sc_hd__dfrtp_2 _DFF_PN0_ (.CLK( C), .D( D), .Q( Q), .RESET_B( R));   
\sky130_fd_sc_hd__dfstp_2 _DFF_PN1_ (.CLK( C), .D( D), .Q( Q), .SET_B( R));     
unmapped dff cell: $_DFF_PP0_                                                   
unmapped dff cell: $_DFF_PP1_                                                   
\sky130_fd_sc_hd__dfbbn_2 _DFFSR_NNN_ (.CLK_N( C), .D( D), .Q( Q), .Q_N(~Q),    
.RESET_B( R), .SET_B( S));                                                      
unmapped dff cell: $_DFFSR_NNP_                                                 
unmapped dff cell: $_DFFSR_NPN_                                                 
unmapped dff cell: $_DFFSR_NPP_                                                 
unmapped dff cell: $_DFFSR_PNN_                                                 
unmapped dff cell: $_DFFSR_PNP_                                                 
unmapped dff cell: $_DFFSR_PPN_                                                 
unmapped dff cell: $_DFFSR_PPP_                                                 
                                                                                
122.1. Executing DFFLEGALIZE pass (convert FFs to types supported by the        
target).                                                                        
Mapping DFF cells in module `\safety_fault_watchdog':                           
mapped 301 $_DFF_PN0_ cells to \sky130_fd_sc_hd__dfrtp_2 cells.                 
mapped 1 $_DFF_PN1_ cells to \sky130_fd_sc_hd__dfstp_2 cells.                   
mapped 8 $_DFF_P_ cells to \sky130_fd_sc_hd__dfxtp_2 cells.                     
{                                                                               
"creator": "Yosys 0.46 (git sha1 e97731b9dda91fa5fa53ed87df7c34163ba59a41,      
clang++ 17.0.6 -fPIC -O3)",                                                     
"invocation": "stat -json -liberty                                              
/work/runs/Digital_Arch2Tapeout_dd095a60-e45f-44c3-beb0-943e030b19e3/tmp/a85c386
e5379424db1253796596c078c.lib ",                                                
"modules": {                                                                    
"\\safety_fault_watchdog": {                                                    
"num_wires":         1489,                                                      
"num_wire_bits":     2050,                                                      
"num_pub_wires":     38,                                                        
"num_pub_wire_bits": 412,                                                       
"num_ports":         16,                                                        
"num_port_bits":     115,                                                       
"num_memories":      0,                                                         
"num_memory_bits":   0,                                                         
"num_processes":     0,                                                         
"num_cells":         1884,                                                      
"area":              8105.273600,                                               
"num_cells_by_type": {                                                          
"$_ANDNOT_": 530,                                                               
"$_AND_": 71,                                                                   
"$_MUX_": 329,                                                                  
"$_NAND_": 59,                                                                  
"$_NOR_": 46,                                                                   
"$_NOT_": 13,                                                                   
"$_ORNOT_": 77,                                                                 
"$_OR_": 301,                                                                   
"$_XNOR_": 22,                                                                  
"$_XOR_": 126,                                                                  
"sky130_fd_sc_hd__dfrtp_2": 301,                                                
"sky130_fd_sc_hd__dfstp_2": 1,                                                  
"sky130_fd_sc_hd__dfxtp_2": 8                                                   
}                                                                               
}                                                                               
},                                                                              
"design": {                                                                     
"num_wires":         1489,                                                      
"num_wire_bits":     2050,                                                      
"num_pub_wires":     38,                                                        
"num_pub_wire_bits": 412,                                                       
"num_ports":         16,                                                        
"num_port_bits":     115,                                                       
"num_memories":      0,                                                         
"num_memory_bits":   0,                                                         
"num_processes":     0,                                                         
"num_cells":         1884,                                                      
"area":              8105.273600,                                               
"num_cells_by_type": {                                                          
"$_ANDNOT_": 530,                                                               
"$_AND_": 71,                                                                   
"$_MUX_": 329,                                                                  
"$_NAND_": 59,                                                                  
"$_NOR_": 46,                                                                   
"$_NOT_": 13,                                                                   
"$_ORNOT_": 77,                                                                 
"$_OR_": 301,                                                                   
"$_XNOR_": 22,                                                                  
"$_XOR_": 126,                                                                  
"sky130_fd_sc_hd__dfrtp_2": 301,                                                
"sky130_fd_sc_hd__dfstp_2": 1,                                                  
"sky130_fd_sc_hd__dfxtp_2": 8                                                   
}                                                                               
}                                                                               
}                                                                               
                                                                                
123. Printing statistics.                                                       
                                                                                
=== safety_fault_watchdog ===                                                   
                                                                                
Number of wires:               1489                                             
Number of wire bits:           2050                                             
Number of public wires:          38                                             
Number of public wire bits:     412                                             
Number of ports:                 16                                             
Number of port bits:            115                                             
Number of memories:               0                                             
Number of memory bits:            0                                             
Number of processes:              0                                             
Number of cells:               1884                                             
$_ANDNOT_                     530                                               
$_AND_                         71                                               
$_MUX_                        329                                               
$_NAND_                        59                                               
$_NOR_                         46                                               
$_NOT_                         13                                               
$_ORNOT_                       77                                               
$_OR_                         301                                               
$_XNOR_                        22                                               
$_XOR_                        126                                               
sky130_fd_sc_hd__dfrtp_2      301                                               
sky130_fd_sc_hd__dfstp_2        1                                               
sky130_fd_sc_hd__dfxtp_2        8                                               
                                                                                
Area for cell type $_NOT_ is unknown!                                           
Area for cell type $_AND_ is unknown!                                           
Area for cell type $_NAND_ is unknown!                                          
Area for cell type $_OR_ is unknown!                                            
Area for cell type $_NOR_ is unknown!                                           
Area for cell type $_XOR_ is unknown!                                           
Area for cell type $_XNOR_ is unknown!                                          
Area for cell type $_ANDNOT_ is unknown!                                        
Area for cell type $_ORNOT_ is unknown!                                         
Area for cell type $_MUX_ is unknown!                                           
                                                                                
Chip area for module '\safety_fault_watchdog': 8105.273600                      
of which used for sequential elements: 8105.273600 (100.00%)                    
                                                                                
[INFO] Using generated ABC script                                               
'/work/runs/Digital_Arch2Tapeout_dd095a60-e45f-44c3-beb0-943e030b19e3/02-yosys-s
ynthesis/AREA_0.abc'…                                                           
                                                                                
124. Executing ABC pass (technology mapping using ABC).                         
                                                                                
124.1. Extracting gate netlist of module `\safety_fault_watchdog' to            
`/tmp/yosys-abc-VgIaK6/input.blif'..                                            
Extracted 1574 gates and 1953 wires to a netlist network with 378 inputs and 340
outputs.                                                                        
                                                                                
124.1.1. Executing ABC.                                                         
Running ABC command:                                                            
"/nix/store/6l3aj1gi4lja8z5s4lan2k2cfz9mqkrz-yosys-abc/bin/abc" -s -f           
/tmp/yosys-abc-VgIaK6/abc.script 2>&1                                           
ABC: ABC command line: "source /tmp/yosys-abc-VgIaK6/abc.script".               
ABC:                                                                            
ABC: + read_blif /tmp/yosys-abc-VgIaK6/input.blif                               
ABC: + read_lib -w                                                              
/work/runs/Digital_Arch2Tapeout_dd095a60-e45f-44c3-beb0-943e030b19e3/tmp/a85c386
e5379424db1253796596c078c.lib                                                   
ABC: Parsing finished successfully.  Parsing time =     0.05 sec                
ABC: Scl_LibertyReadGenlib() skipped sequential cell "sky130_fd_sc_hd__dfbbn_2".
ABC: Scl_LibertyReadGenlib() skipped sequential cell "sky130_fd_sc_hd__dfrbp_2".
ABC: Scl_LibertyReadGenlib() skipped sequential cell "sky130_fd_sc_hd__dfrtp_2".
ABC: Scl_LibertyReadGenlib() skipped sequential cell "sky130_fd_sc_hd__dfrtp_4".
ABC: Scl_LibertyReadGenlib() skipped sequential cell "sky130_fd_sc_hd__dfsbp_2".
ABC: Scl_LibertyReadGenlib() skipped sequential cell "sky130_fd_sc_hd__dfstp_2".
ABC: Scl_LibertyReadGenlib() skipped sequential cell "sky130_fd_sc_hd__dfstp_4".
ABC: Scl_LibertyReadGenlib() skipped sequential cell "sky130_fd_sc_hd__dfxbp_2".
ABC: Scl_LibertyReadGenlib() skipped sequential cell "sky130_fd_sc_hd__dfxtp_2".
ABC: Scl_LibertyReadGenlib() skipped sequential cell "sky130_fd_sc_hd__dfxtp_4".
ABC: Scl_LibertyReadGenlib() skipped sequential cell "sky130_fd_sc_hd__dlxtn_1".
ABC: Scl_LibertyReadGenlib() skipped sequential cell "sky130_fd_sc_hd__dlxtn_2".
ABC: Scl_LibertyReadGenlib() skipped sequential cell "sky130_fd_sc_hd__dlxtn_4".
ABC: Scl_LibertyReadGenlib() skipped sequential cell "sky130_fd_sc_hd__dlxtp_1".
ABC: Scl_LibertyReadGenlib() skipped three-state cell                           
"sky130_fd_sc_hd__ebufn_2".                                                     
ABC: Scl_LibertyReadGenlib() skipped three-state cell                           
"sky130_fd_sc_hd__ebufn_4".                                                     
ABC: Scl_LibertyReadGenlib() skipped three-state cell                           
"sky130_fd_sc_hd__ebufn_8".                                                     
ABC: Library "sky130_fd_sc_hd__tt_025C_1v80" from                               
"/work/runs/Digital_Arch2Tapeout_dd095a60-e45f-44c3-beb0-943e030b19e3/tmp/a85c38
6e5379424db1253796596c078c.lib" has 175 cells (17 skipped: 14 seq; 3 tri-state; 
0 no func; 0 dont_use).  Time =     0.09 sec                                    
ABC: Memory =    9.54 MB. Time =     0.09 sec                                   
ABC: Warning: Detected 2 multi-output gates (for example,                       
"sky130_fd_sc_hd__fa_1").                                                       
ABC: + read_constr -v                                                           
/work/runs/Digital_Arch2Tapeout_dd095a60-e45f-44c3-beb0-943e030b19e3/02-yosys-sy
nthesis/synthesis.abc.sdc                                                       
ABC: Setting driving cell to be "sky130_fd_sc_hd__inv_2/Y".                     
ABC: Setting output load to be 33.442001.                                       
ABC: + source                                                                   
/work/runs/Digital_Arch2Tapeout_dd095a60-e45f-44c3-beb0-943e030b19e3/02-yosys-sy
nthesis/AREA_0.abc                                                              
ABC: Error: The network is combinational.                                       
ABC: Cannot find the default PI driving cell (sky130_fd_sc_hd__inv_2/Y) in the  
library.                                                                        
ABC: WireLoad = "none"  Gates =    792 (  1.9 %)   Cap = 15.2 ff (  4.7 %)      
Area =     7537.23 ( 80.7 %)   Delay =  4467.92 ps  (  1.6 %)                   
ABC: Path  0 --     127 : 0    4 pi                       A =   0.00  Df =   0.0
-0.0 ps  S =   0.0 ps  Cin =  0.0 ff  Cout =  17.3 ff  Cmax =   0.0 ff  G =    0
ABC: Path  1 --     797 : 4    6 sky130_fd_sc_hd__or4_2   A =   8.76  Df = 743.8
-587.4 ps  S = 165.2 ps  Cin =  1.5 ff  Cout =  22.0 ff  Cmax = 310.4 ff  G =   
1406                                                                            
ABC: Path  2 --     800 : 3    8 sky130_fd_sc_hd__or3_2   A =   7.51  Df =1320.3
-956.0 ps  S = 141.5 ps  Cin =  1.5 ff  Cout =  25.7 ff  Cmax = 310.4 ff  G =   
1617                                                                            
ABC: Path  3 --     806 : 4    6 sky130_fd_sc_hd__or4_2   A =   8.76  Df        
=2071.8-1511.5 ps  S = 157.7 ps  Cin =  1.5 ff  Cout =  19.1 ff  Cmax = 310.4 ff
G = 1218                                                                        
ABC: Path  4 --     812 : 3    5 sky130_fd_sc_hd__or3_2   A =   7.51  Df        
=2663.6-1905.0 ps  S = 136.3 ps  Cin =  1.5 ff  Cout =  23.7 ff  Cmax = 310.4 ff
G = 1502                                                                        
ABC: Path  5 --    1120 : 4    3 sky130_fd_sc_hd__nor4_2  A =  12.51  Df        
=2974.6-1175.3 ps  S = 260.5 ps  Cin =  4.3 ff  Cout =   5.9 ff  Cmax =  64.1 ff
G =  127                                                                        
ABC: Path  6 --    1294 : 4    9 sky130_fd_sc_hd__or4_2   A =   8.76  Df =3225.4
-660.9 ps  S = 172.5 ps  Cin =  1.5 ff  Cout =  24.0 ff  Cmax = 310.4 ff  G =   
1560                                                                            
ABC: Path  7 --    1351 : 3    7 sky130_fd_sc_hd__and3_2  A =   7.51  Df =3518.9
-662.4 ps  S = 169.1 ps  Cin =  1.5 ff  Cout =  30.6 ff  Cmax = 309.5 ff  G =   
1975                                                                            
ABC: Path  8 --    1361 : 3    4 sky130_fd_sc_hd__and3_2  A =   7.51  Df =3787.9
-674.9 ps  S = 121.2 ps  Cin =  1.5 ff  Cout =  19.9 ff  Cmax = 309.5 ff  G =   
1276                                                                            
ABC: Path  9 --    1365 : 3    3 sky130_fd_sc_hd__and3_2  A =   7.51  Df =4024.5
-662.5 ps  S =  95.2 ps  Cin =  1.5 ff  Cout =  14.1 ff  Cmax = 309.5 ff  G =   
895                                                                             
ABC: Path 10 --    1368 : 2    2 sky130_fd_sc_hd__nand2_2 A =   6.26  Df =4101.0
-648.4 ps  S =  72.6 ps  Cin =  4.4 ff  Cout =  10.1 ff  Cmax = 295.7 ff  G =   
223                                                                             
ABC: Path 11 --    1370 : 2    1 sky130_fd_sc_hd__xnor2_2 A =  16.27  Df =4467.9
-787.0 ps  S = 452.8 ps  Cin =  8.5 ff  Cout =  33.4 ff  Cmax = 121.8 ff  G =   
394                                                                             
ABC: Start-point = pi126 (\u_safety_fault_watchdog_controller.watchdog_counter  
[1]).  End-point = po213 ($auto$rtlil.cc:2739:MuxGate$6774).                    
ABC: netlist                       : i/o =  378/  340  lat =    0  nd =   792   
edge =   2442  area =7538.22  delay =11.00  lev = 11                            
ABC: + write_blif /tmp/yosys-abc-VgIaK6/output.blif                             
                                                                                
124.1.2. Re-integrating ABC results.                                            
ABC RESULTS:   sky130_fd_sc_hd__a2111o_2 cells:        1                        
ABC RESULTS:   sky130_fd_sc_hd__o211a_2 cells:        1                         
ABC RESULTS:   sky130_fd_sc_hd__o221a_2 cells:        2                         
ABC RESULTS:   sky130_fd_sc_hd__o22a_2 cells:        6                          
ABC RESULTS:   sky130_fd_sc_hd__a22oi_2 cells:        1                         
ABC RESULTS:   sky130_fd_sc_hd__nor3_2 cells:        1                          
ABC RESULTS:   sky130_fd_sc_hd__nand3b_2 cells:        1                        
ABC RESULTS:   sky130_fd_sc_hd__a2bb2o_2 cells:        2                        
ABC RESULTS:   sky130_fd_sc_hd__o21bai_2 cells:        2                        
ABC RESULTS:   sky130_fd_sc_hd__a32o_2 cells:        1                          
ABC RESULTS:   sky130_fd_sc_hd__o31ai_2 cells:        1                         
ABC RESULTS:   sky130_fd_sc_hd__o311a_2 cells:        1                         
ABC RESULTS:   sky130_fd_sc_hd__inv_2 cells:       15                           
ABC RESULTS:   sky130_fd_sc_hd__nand3_2 cells:        1                         
ABC RESULTS:   sky130_fd_sc_hd__a221o_2 cells:       33                         
ABC RESULTS:   sky130_fd_sc_hd__a22o_2 cells:      111                          
ABC RESULTS:   sky130_fd_sc_hd__o31a_2 cells:       14                          
ABC RESULTS:   sky130_fd_sc_hd__and4b_2 cells:        1                         
ABC RESULTS:   sky130_fd_sc_hd__nor4_2 cells:        3                          
ABC RESULTS:   sky130_fd_sc_hd__nand2b_2 cells:        4                        
ABC RESULTS:   sky130_fd_sc_hd__o2bb2a_2 cells:        3                        
ABC RESULTS:   sky130_fd_sc_hd__a41o_2 cells:        1                          
ABC RESULTS:   sky130_fd_sc_hd__o21ai_2 cells:        8                         
ABC RESULTS:   sky130_fd_sc_hd__or3_2 cells:       13                           
ABC RESULTS:   sky130_fd_sc_hd__a31oi_2 cells:        2                         
ABC RESULTS:   sky130_fd_sc_hd__and2_2 cells:       28                          
ABC RESULTS:   sky130_fd_sc_hd__and4_2 cells:       31                          
ABC RESULTS:   sky130_fd_sc_hd__o21a_2 cells:       25                          
ABC RESULTS:   sky130_fd_sc_hd__xor2_2 cells:       20                          
ABC RESULTS:   sky130_fd_sc_hd__a21oi_2 cells:       25                         
ABC RESULTS:   sky130_fd_sc_hd__and3_2 cells:       27                          
ABC RESULTS:   sky130_fd_sc_hd__nand2_2 cells:       43                         
ABC RESULTS:   sky130_fd_sc_hd__xnor2_2 cells:       25                         
ABC RESULTS:   sky130_fd_sc_hd__nor2_2 cells:       50                          
ABC RESULTS:   sky130_fd_sc_hd__o41a_2 cells:        2                          
ABC RESULTS:   sky130_fd_sc_hd__o21ba_2 cells:       23                         
ABC RESULTS:   sky130_fd_sc_hd__or3b_2 cells:        5                          
ABC RESULTS:   sky130_fd_sc_hd__or4b_2 cells:        4                          
ABC RESULTS:   sky130_fd_sc_hd__or2_2 cells:       30                           
ABC RESULTS:   sky130_fd_sc_hd__or4_2 cells:       35                           
ABC RESULTS:   sky130_fd_sc_hd__and2b_2 cells:       21                         
ABC RESULTS:   sky130_fd_sc_hd__a31o_2 cells:       20                          
ABC RESULTS:   sky130_fd_sc_hd__a21o_2 cells:       15                          
ABC RESULTS:   sky130_fd_sc_hd__mux2_1 cells:      134                          
ABC RESULTS:        internal signals:     1235                                  
ABC RESULTS:           input signals:      378                                  
ABC RESULTS:          output signals:      340                                  
Removing temp directory.                                                        
                                                                                
125. Executing SETUNDEF pass (replace undef values with defined constants).     
                                                                                
126. Executing HILOMAP pass (mapping to constant drivers).                      
                                                                                
127. Executing SPLITNETS pass (splitting up multi-bit signals).                 
                                                                                
128. Executing OPT_CLEAN pass (remove unused cells and wires).                  
Finding unused cells or wires in module \safety_fault_watchdog..                
Removed 0 unused cells and 2048 unused wires.                                   
<suppressed ~1 debug messages>                                                  
                                                                                
129. Executing INSBUF pass (insert buffer cells for connected wires).           
                                                                                
130. Executing CHECK pass (checking for obvious problems).                      
Checking module safety_fault_watchdog...                                        
Found and reported 0 problems.                                                  
{                                                                               
"creator": "Yosys 0.46 (git sha1 e97731b9dda91fa5fa53ed87df7c34163ba59a41,      
clang++ 17.0.6 -fPIC -O3)",                                                     
"invocation": "stat -json -liberty                                              
/work/runs/Digital_Arch2Tapeout_dd095a60-e45f-44c3-beb0-943e030b19e3/tmp/a85c386
e5379424db1253796596c078c.lib ",                                                
"modules": {                                                                    
"\\safety_fault_watchdog": {                                                    
"num_wires":         1073,                                                      
"num_wire_bits":     1172,                                                      
"num_pub_wires":     313,                                                       
"num_pub_wire_bits": 412,                                                       
"num_ports":         16,                                                        
"num_port_bits":     115,                                                       
"num_memories":      0,                                                         
"num_memory_bits":   0,                                                         
"num_processes":     0,                                                         
"num_cells":         1102,                                                      
"area":              15642.502400,                                              
"num_cells_by_type": {                                                          
"sky130_fd_sc_hd__a2111o_2": 1,                                                 
"sky130_fd_sc_hd__a21o_2": 15,                                                  
"sky130_fd_sc_hd__a21oi_2": 25,                                                 
"sky130_fd_sc_hd__a221o_2": 33,                                                 
"sky130_fd_sc_hd__a22o_2": 111,                                                 
"sky130_fd_sc_hd__a22oi_2": 1,                                                  
"sky130_fd_sc_hd__a2bb2o_2": 2,                                                 
"sky130_fd_sc_hd__a31o_2": 20,                                                  
"sky130_fd_sc_hd__a31oi_2": 2,                                                  
"sky130_fd_sc_hd__a32o_2": 1,                                                   
"sky130_fd_sc_hd__a41o_2": 1,                                                   
"sky130_fd_sc_hd__and2_2": 28,                                                  
"sky130_fd_sc_hd__and2b_2": 21,                                                 
"sky130_fd_sc_hd__and3_2": 27,                                                  
"sky130_fd_sc_hd__and4_2": 31,                                                  
"sky130_fd_sc_hd__and4b_2": 1,                                                  
"sky130_fd_sc_hd__dfrtp_2": 301,                                                
"sky130_fd_sc_hd__dfstp_2": 1,                                                  
"sky130_fd_sc_hd__dfxtp_2": 8,                                                  
"sky130_fd_sc_hd__inv_2": 15,                                                   
"sky130_fd_sc_hd__mux2_1": 134,                                                 
"sky130_fd_sc_hd__nand2_2": 43,                                                 
"sky130_fd_sc_hd__nand2b_2": 4,                                                 
"sky130_fd_sc_hd__nand3_2": 1,                                                  
"sky130_fd_sc_hd__nand3b_2": 1,                                                 
"sky130_fd_sc_hd__nor2_2": 50,                                                  
"sky130_fd_sc_hd__nor3_2": 1,                                                   
"sky130_fd_sc_hd__nor4_2": 3,                                                   
"sky130_fd_sc_hd__o211a_2": 1,                                                  
"sky130_fd_sc_hd__o21a_2": 25,                                                  
"sky130_fd_sc_hd__o21ai_2": 8,                                                  
"sky130_fd_sc_hd__o21ba_2": 23,                                                 
"sky130_fd_sc_hd__o21bai_2": 2,                                                 
"sky130_fd_sc_hd__o221a_2": 2,                                                  
"sky130_fd_sc_hd__o22a_2": 6,                                                   
"sky130_fd_sc_hd__o2bb2a_2": 3,                                                 
"sky130_fd_sc_hd__o311a_2": 1,                                                  
"sky130_fd_sc_hd__o31a_2": 14,                                                  
"sky130_fd_sc_hd__o31ai_2": 1,                                                  
"sky130_fd_sc_hd__o41a_2": 2,                                                   
"sky130_fd_sc_hd__or2_2": 30,                                                   
"sky130_fd_sc_hd__or3_2": 13,                                                   
"sky130_fd_sc_hd__or3b_2": 5,                                                   
"sky130_fd_sc_hd__or4_2": 35,                                                   
"sky130_fd_sc_hd__or4b_2": 4,                                                   
"sky130_fd_sc_hd__xnor2_2": 25,                                                 
"sky130_fd_sc_hd__xor2_2": 20                                                   
}                                                                               
}                                                                               
},                                                                              
"design": {                                                                     
"num_wires":         1073,                                                      
"num_wire_bits":     1172,                                                      
"num_pub_wires":     313,                                                       
"num_pub_wire_bits": 412,                                                       
"num_ports":         16,                                                        
"num_port_bits":     115,                                                       
"num_memories":      0,                                                         
"num_memory_bits":   0,                                                         
"num_processes":     0,                                                         
"num_cells":         1102,                                                      
"area":              15642.502400,                                              
"num_cells_by_type": {                                                          
"sky130_fd_sc_hd__a2111o_2": 1,                                                 
"sky130_fd_sc_hd__a21o_2": 15,                                                  
"sky130_fd_sc_hd__a21oi_2": 25,                                                 
"sky130_fd_sc_hd__a221o_2": 33,                                                 
"sky130_fd_sc_hd__a22o_2": 111,                                                 
"sky130_fd_sc_hd__a22oi_2": 1,                                                  
"sky130_fd_sc_hd__a2bb2o_2": 2,                                                 
"sky130_fd_sc_hd__a31o_2": 20,                                                  
"sky130_fd_sc_hd__a31oi_2": 2,                                                  
"sky130_fd_sc_hd__a32o_2": 1,                                                   
"sky130_fd_sc_hd__a41o_2": 1,                                                   
"sky130_fd_sc_hd__and2_2": 28,                                                  
"sky130_fd_sc_hd__and2b_2": 21,                                                 
"sky130_fd_sc_hd__and3_2": 27,                                                  
"sky130_fd_sc_hd__and4_2": 31,                                                  
"sky130_fd_sc_hd__and4b_2": 1,                                                  
"sky130_fd_sc_hd__dfrtp_2": 301,                                                
"sky130_fd_sc_hd__dfstp_2": 1,                                                  
"sky130_fd_sc_hd__dfxtp_2": 8,                                                  
"sky130_fd_sc_hd__inv_2": 15,                                                   
"sky130_fd_sc_hd__mux2_1": 134,                                                 
"sky130_fd_sc_hd__nand2_2": 43,                                                 
"sky130_fd_sc_hd__nand2b_2": 4,                                                 
"sky130_fd_sc_hd__nand3_2": 1,                                                  
"sky130_fd_sc_hd__nand3b_2": 1,                                                 
"sky130_fd_sc_hd__nor2_2": 50,                                                  
"sky130_fd_sc_hd__nor3_2": 1,                                                   
"sky130_fd_sc_hd__nor4_2": 3,                                                   
"sky130_fd_sc_hd__o211a_2": 1,                                                  
"sky130_fd_sc_hd__o21a_2": 25,                                                  
"sky130_fd_sc_hd__o21ai_2": 8,                                                  
"sky130_fd_sc_hd__o21ba_2": 23,                                                 
"sky130_fd_sc_hd__o21bai_2": 2,                                                 
"sky130_fd_sc_hd__o221a_2": 2,                                                  
"sky130_fd_sc_hd__o22a_2": 6,                                                   
"sky130_fd_sc_hd__o2bb2a_2": 3,                                                 
"sky130_fd_sc_hd__o311a_2": 1,                                                  
"sky130_fd_sc_hd__o31a_2": 14,                                                  
"sky130_fd_sc_hd__o31ai_2": 1,                                                  
"sky130_fd_sc_hd__o41a_2": 2,                                                   
"sky130_fd_sc_hd__or2_2": 30,                                                   
"sky130_fd_sc_hd__or3_2": 13,                                                   
"sky130_fd_sc_hd__or3b_2": 5,                                                   
"sky130_fd_sc_hd__or4_2": 35,                                                   
"sky130_fd_sc_hd__or4b_2": 4,                                                   
"sky130_fd_sc_hd__xnor2_2": 25,                                                 
"sky130_fd_sc_hd__xor2_2": 20                                                   
}                                                                               
}                                                                               
}                                                                               
                                                                                
131. Printing statistics.                                                       
                                                                                
=== safety_fault_watchdog ===                                                   
                                                                                
Number of wires:               1073                                             
Number of wire bits:           1172                                             
Number of public wires:         313                                             
Number of public wire bits:     412                                             
Number of ports:                 16                                             
Number of port bits:            115                                             
Number of memories:               0                                             
Number of memory bits:            0                                             
Number of processes:              0                                             
Number of cells:               1102                                             
sky130_fd_sc_hd__a2111o_2       1                                               
sky130_fd_sc_hd__a21o_2        15                                               
sky130_fd_sc_hd__a21oi_2       25                                               
sky130_fd_sc_hd__a221o_2       33                                               
sky130_fd_sc_hd__a22o_2       111                                               
sky130_fd_sc_hd__a22oi_2        1                                               
sky130_fd_sc_hd__a2bb2o_2       2                                               
sky130_fd_sc_hd__a31o_2        20                                               
sky130_fd_sc_hd__a31oi_2        2                                               
sky130_fd_sc_hd__a32o_2         1                                               
sky130_fd_sc_hd__a41o_2         1                                               
sky130_fd_sc_hd__and2_2        28                                               
sky130_fd_sc_hd__and2b_2       21                                               
sky130_fd_sc_hd__and3_2        27                                               
sky130_fd_sc_hd__and4_2        31                                               
sky130_fd_sc_hd__and4b_2        1                                               
sky130_fd_sc_hd__dfrtp_2      301                                               
sky130_fd_sc_hd__dfstp_2        1                                               
sky130_fd_sc_hd__dfxtp_2        8                                               
sky130_fd_sc_hd__inv_2         15                                               
sky130_fd_sc_hd__mux2_1       134                                               
sky130_fd_sc_hd__nand2_2       43                                               
sky130_fd_sc_hd__nand2b_2       4                                               
sky130_fd_sc_hd__nand3_2        1                                               
sky130_fd_sc_hd__nand3b_2       1                                               
sky130_fd_sc_hd__nor2_2        50                                               
sky130_fd_sc_hd__nor3_2         1                                               
sky130_fd_sc_hd__nor4_2         3                                               
sky130_fd_sc_hd__o211a_2        1                                               
sky130_fd_sc_hd__o21a_2        25                                               
sky130_fd_sc_hd__o21ai_2        8                                               
sky130_fd_sc_hd__o21ba_2       23                                               
sky130_fd_sc_hd__o21bai_2       2                                               
sky130_fd_sc_hd__o221a_2        2                                               
sky130_fd_sc_hd__o22a_2         6                                               
sky130_fd_sc_hd__o2bb2a_2       3                                               
sky130_fd_sc_hd__o311a_2        1                                               
sky130_fd_sc_hd__o31a_2        14                                               
sky130_fd_sc_hd__o31ai_2        1                                               
sky130_fd_sc_hd__o41a_2         2                                               
sky130_fd_sc_hd__or2_2         30                                               
sky130_fd_sc_hd__or3_2         13                                               
sky130_fd_sc_hd__or3b_2         5                                               
sky130_fd_sc_hd__or4_2         35                                               
sky130_fd_sc_hd__or4b_2         4                                               
sky130_fd_sc_hd__xnor2_2       25                                               
sky130_fd_sc_hd__xor2_2        20                                               
                                                                                
Chip area for module '\safety_fault_watchdog': 15642.502400                     
of which used for sequential elements: 8105.273600 (51.82%)                     
                                                                                
132. Executing Verilog backend.                                                 
Dumping module `\safety_fault_watchdog'.                                        
                                                                                
133. Executing JSON backend.                                                    
[20:20:55] VERBOSE  Parsing synthesis checks…                       pyosys.py:54
──────────────────────────── Unmapped Cells Checker ────────────────────────────
[20:20:55] VERBOSE  Running 'Checker.YosysUnmappedCells' at         step.py:1122
                    'runs/Digital_Arch2Tapeout_dd095a60-e45f-44c3-b             
                    eb0-943e030b19e3/03-checker-yosysunmappedcells'             
                    …                                                           
[20:20:55] INFO     Check for Unmapped Yosys instances clear.     checker.py:132
────────────────────────────── Yosys Synth Checks ──────────────────────────────
[20:20:55] VERBOSE  Running 'Checker.YosysSynthChecks' at           step.py:1122
                    'runs/Digital_Arch2Tapeout_dd095a60-e45f-44c3-b             
                    eb0-943e030b19e3/04-checker-yosyssynthchecks'…              
[20:20:55] INFO     Check for Yosys check errors clear.           checker.py:132
─────────────────────── Netlist Assign Statement Checker ───────────────────────
[20:20:55] VERBOSE  Running 'Checker.NetlistAssignStatements' at    step.py:1122
                    'runs/Digital_Arch2Tapeout_dd095a60-e45f-44c3-b             
                    eb0-943e030b19e3/05-checker-netlistassignstatem             
                    ents'…                                                      
─────────────────────────────── Check SDC Files ────────────────────────────────
[20:20:55] VERBOSE  Running 'OpenROAD.CheckSDCFiles' at             step.py:1122
                    'runs/Digital_Arch2Tapeout_dd095a60-e45f-44c3-b             
                    eb0-943e030b19e3/06-openroad-checksdcfiles'…                
[20:20:55] WARNING  'SIGNOFF_SDC_FILE' is not defined. Using     openroad.py:170
                    generic fallback SDC for OpenROAD PnR steps.                
──────────────────────────── Check Macro Instances ─────────────────────────────
[20:20:55] VERBOSE  Running 'OpenROAD.CheckMacroInstances' at       step.py:1122
                    'runs/Digital_Arch2Tapeout_dd095a60-e45f-44c3-b             
                    eb0-943e030b19e3/07-openroad-checkmacroinstance             
                    s'…                                                         
[20:20:55] INFO     No macros found, skipping instance check…    openroad.py:511
─────────────────────── Static Timing Analysis (Pre-PnR) ───────────────────────
[20:20:55] VERBOSE  Running 'OpenROAD.STAPrePNR' at                 step.py:1122
                    'runs/Digital_Arch2Tapeout_dd095a60-e45f-44c3-b             
                    eb0-943e030b19e3/08-openroad-staprepnr'…                    
[20:20:55] INFO     Starting STA for the nom_tt_025C_1v80 timing openroad.py:566
                    corner…                                                     
[20:20:55] INFO     Starting STA for the nom_ss_100C_1v60 timing openroad.py:566
                    corner…                                                     
[20:20:55] INFO     Skipping corner min_tt_025C_1v80 for STA     openroad.py:604
                    (identical to nom_tt_025C_1v80 at this                      
                    stage)…                                                     
[20:20:55] INFO     Skipping corner min_ss_100C_1v60 for STA     openroad.py:604
                    (identical to nom_ss_100C_1v60 at this                      
                    stage)…                                                     
[20:20:55] VERBOSE  Logging subprocess to                           step.py:1318
                    'runs/Digital_Arch2Tapeout_dd095a60-e45f-44c3-b             
                    eb0-943e030b19e3/08-openroad-staprepnr/nom_tt_0             
                    25C_1v80/sta.log'…                                          
[20:20:55] INFO     Skipping corner min_ff_n40C_1v95 for STA     openroad.py:604
                    (identical to nom_ff_n40C_1v95 at this                      
                    stage)…                                                     
[20:20:55] VERBOSE  Logging subprocess to                           step.py:1318
                    'runs/Digital_Arch2Tapeout_dd095a60-e45f-44c3-b             
                    eb0-943e030b19e3/08-openroad-staprepnr/nom_ss_1             
                    00C_1v60/sta.log'…                                          
[20:20:55] INFO     Skipping corner max_tt_025C_1v80 for STA     openroad.py:604
                    (identical to nom_tt_025C_1v80 at this                      
                    stage)…                                                     
[20:20:55] INFO     Skipping corner max_ss_100C_1v60 for STA     openroad.py:604
                    (identical to nom_ss_100C_1v60 at this                      
                    stage)…                                                     
[20:20:55] INFO     Skipping corner max_ff_n40C_1v95 for STA     openroad.py:604
                    (identical to nom_ff_n40C_1v95 at this                      
                    stage)…                                                     
[20:20:56] INFO     Finished STA for the nom_tt_025C_1v80 timing openroad.py:581
                    corner.                                                     
[20:20:56] INFO     Starting STA for the nom_ff_n40C_1v95 timing openroad.py:566
                    corner…                                                     
[20:20:56] VERBOSE  Logging subprocess to                           step.py:1318
                    'runs/Digital_Arch2Tapeout_dd095a60-e45f-44c3-b             
                    eb0-943e030b19e3/08-openroad-staprepnr/nom_ff_n             
                    40C_1v95/sta.log'…                                          
[20:20:56] INFO     Finished STA for the nom_ss_100C_1v60 timing openroad.py:581
                    corner.                                                     
[20:20:57] INFO     Finished STA for the nom_ff_n40C_1v95 timing openroad.py:581
                    corner.                                                     
┏━━━━━━━━━━━━━━━━━━━━━━┳━━━━┳━━━━┳━━━━┳━━━━┳━━━━┳━━━┳━━━━┳━━━┳━━━━┳━━━┳━━━━┳━━━┓
┃                      ┃    ┃    ┃    ┃    ┃ of ┃   ┃    ┃   ┃    ┃ … ┃    ┃   ┃
┃                      ┃    ┃ R… ┃    ┃    ┃ w… ┃   ┃ R… ┃   ┃    ┃ … ┃    ┃   ┃
┃                      ┃ H… ┃ to ┃    ┃ H… ┃ r… ┃ … ┃ to ┃   ┃ S… ┃ … ┃ M… ┃ … ┃
┃                      ┃ W… ┃ R… ┃ H… ┃ V… ┃ to ┃ … ┃ R… ┃ … ┃ V… ┃ … ┃ C… ┃ … ┃
┃ Corner/Group         ┃ S… ┃ P… ┃ T… ┃ C… ┃ r… ┃ … ┃ P… ┃ … ┃ C… ┃ … ┃ V… ┃ … ┃
┡━━━━━━━━━━━━━━━━━━━━━━╇━━━━╇━━━━╇━━━━╇━━━━╇━━━━╇━━━╇━━━━╇━━━╇━━━━╇━━━╇━━━━╇━━━┩
│ Overall              │ 0… │ 0… │ 0… │ 0  │ 0  │ … │ -… │ … │ 5  │ 5 │ 0  │ 0 │
│ nom_tt_025C_1v80     │ 0… │ 0… │ 0… │ 0  │ 0  │ … │ 5… │ … │ 0  │ 0 │ 0  │ 0 │
│ nom_ss_100C_1v60     │ 0… │ 0… │ 0… │ 0  │ 0  │ … │ -… │ … │ 5  │ 5 │ 0  │ 0 │
│ nom_ff_n40C_1v95     │ 0… │ 0… │ 0… │ 0  │ 0  │ … │ 7… │ … │ 0  │ 0 │ 0  │ 0 │
└──────────────────────┴────┴────┴────┴────┴────┴───┴────┴───┴────┴───┴────┴───┘
[20:20:57] INFO     Skipping step 'Floorplan Init'…            sequential.py:325
[20:20:57] INFO     Skipping step 'Check Antenna Properties of sequential.py:325
                    Macros Pins in Their LEF Views'…                            
[20:20:57] INFO     Skipping step 'Set Power Connections'…     sequential.py:325
[20:20:57] INFO     Skipping step 'Manual Macro Placement'…    sequential.py:325
[20:20:57] INFO     Skipping step 'Cut Rows'…                  sequential.py:325
[20:20:57] INFO     Skipping step 'Tap/Decap Insertion'…       sequential.py:325
[20:20:57] INFO     Skipping step 'Add PDN obstructions'…      sequential.py:325
[20:20:57] INFO     Skipping step 'Generate PDN'…              sequential.py:325
[20:20:57] INFO     Skipping step 'Remove PDN obstructions'…   sequential.py:325
[20:20:57] INFO     Skipping step 'Add Obstructions'…          sequential.py:325
[20:20:57] INFO     Skipping step 'Global Placement Skip IO'…  sequential.py:325
[20:20:57] INFO     Skipping step 'I/O Placement'…             sequential.py:325
[20:20:57] INFO     Skipping step 'Custom I/O Placement'…      sequential.py:325
[20:20:57] INFO     Skipping step 'Apply DEF Template'…        sequential.py:325
[20:20:57] INFO     Skipping step 'Global Placement'…          sequential.py:325
[20:20:57] INFO     Skipping step 'Write Verilog Header'…      sequential.py:325
[20:20:57] INFO     Skipping step 'Power Grid Violation        sequential.py:325
                    Checker'…                                                   
[20:20:57] INFO     Skipping step 'STA (Mid-PnR)'…             sequential.py:325
[20:20:57] INFO     Skipping step 'Repair Design (Post-Global  sequential.py:325
                    Placement)'…                                                
[20:20:57] INFO     Skipping step 'Manual Global Placement'…   sequential.py:325
[20:20:57] INFO     Skipping step 'Detailed Placement'…        sequential.py:325
[20:20:57] INFO     Skipping step 'Clock Tree Synthesis'…      sequential.py:325
[20:20:57] INFO     Skipping step 'STA (Mid-PnR)'…             sequential.py:325
[20:20:57] INFO     Skipping step 'Resizer Timing              sequential.py:325
                    Optimizations (Post-Clock Tree                              
                    Synthesis)'…                                                
[20:20:57] INFO     Skipping step 'STA (Mid-PnR)'…             sequential.py:325
[20:20:57] INFO     Skipping step 'Global Routing'…            sequential.py:325
[20:20:57] INFO     Skipping step 'Check Antennas'…            sequential.py:325
[20:20:57] INFO     Gating variable for step                   sequential.py:317
                    'OpenROAD.RepairDesignPostGRT' set to                       
                    'False'- the step will be skipped.                          
[20:20:57] INFO     Skipping step 'Repair Design (Post-Global  sequential.py:325
                    Routing)'…                                                  
[20:20:57] INFO     Skipping step 'Diodes on Ports'…           sequential.py:325
[20:20:57] INFO     Gating variable for step                   sequential.py:317
                    'Odb.HeuristicDiodeInsertion' set to                        
                    'False'- the step will be skipped.                          
[20:20:57] INFO     Skipping step 'Heuristic Diode Insertion'… sequential.py:325
[20:20:57] INFO     Skipping step 'Antenna Repair'…            sequential.py:325
[20:20:57] INFO     Gating variable for step                   sequential.py:317
                    'OpenROAD.ResizerTimingPostGRT' set to                      
                    'False'- the step will be skipped.                          
[20:20:57] INFO     Skipping step 'Resizer Timing              sequential.py:325
                    Optimizations (Post-Global Routing)'…                       
[20:20:57] INFO     Skipping step 'STA (Mid-PnR)'…             sequential.py:325
[20:20:57] INFO     Skipping step 'Detailed Routing'…          sequential.py:325
[20:20:57] INFO     Skipping step 'Remove Obstructions'…       sequential.py:325
[20:20:57] INFO     Skipping step 'Check Antennas'…            sequential.py:325
[20:20:57] INFO     Skipping step 'Routing DRC Checker'…       sequential.py:325
[20:20:57] INFO     Skipping step 'Report Disconnected Pins'…  sequential.py:325
[20:20:57] INFO     Skipping step 'Disconnected Pins Checker'… sequential.py:325
[20:20:57] INFO     Skipping step 'Report Wire Length'…        sequential.py:325
[20:20:57] INFO     Skipping step 'Wire Length Threshold       sequential.py:325
                    Checker'…                                                   
[20:20:57] INFO     Skipping step 'Fill Insertion'…            sequential.py:325
[20:20:57] INFO     Skipping step 'Generate Cell Frequency     sequential.py:325
                    Tables'…                                                    
[20:20:57] INFO     Skipping step 'Parasitics (RC)             sequential.py:325
                    Extraction'…                                                
[20:20:57] INFO     Skipping step 'STA (Post-PnR)'…            sequential.py:325
[20:20:57] INFO     Skipping step 'IR Drop Report'…            sequential.py:325
[20:20:57] INFO     Skipping step 'GDSII Stream Out (Magic)'…  sequential.py:325
[20:20:57] INFO     Skipping step 'GDSII Stream Out            sequential.py:325
                    (KLayout)'…                                                 
[20:20:57] INFO     Skipping step 'Write LEF (Magic)'…         sequential.py:325
[20:20:57] INFO     Skipping step 'Check Antenna Properties of sequential.py:325
                    Pins in The Generated Design LEF view'…                     
[20:20:57] INFO     Skipping step 'KLayout vs. Magic XOR'…     sequential.py:325
[20:20:57] INFO     Skipping step 'XOR Difference Checker'…    sequential.py:325
[20:20:57] INFO     Skipping step 'DRC'…                       sequential.py:325
[20:20:57] INFO     Skipping step 'Design Rule Check           sequential.py:325
                    (KLayout)'…                                                 
[20:20:57] INFO     Skipping step 'Magic DRC Checker'…         sequential.py:325
[20:20:57] INFO     Skipping step 'KLayout DRC Checker'…       sequential.py:325
[20:20:57] INFO     Skipping step 'SPICE Extraction'…          sequential.py:325
[20:20:57] INFO     Skipping step 'Illegal Overlap Checker'…   sequential.py:325
[20:20:57] INFO     Skipping step 'Netgen LVS'…                sequential.py:325
[20:20:57] INFO     Skipping step 'LVS Error Checker'…         sequential.py:325
[20:20:57] INFO     Gating variable for step 'Yosys.EQY' set   sequential.py:317
                    to 'False'- the step will be skipped.                       
[20:20:57] INFO     Skipping step 'Equivalence Check'…         sequential.py:325
[20:20:57] INFO     Skipping step 'Setup Timing Violations     sequential.py:325
                    Checker'…                                                   
[20:20:57] INFO     Skipping step 'Hold Timing Violations      sequential.py:325
                    Checker'…                                                   
[20:20:57] INFO     Skipping step 'Max Slew Violations         sequential.py:325
                    Checker'…                                                   
[20:20:57] INFO     Skipping step 'Max Cap Violations          sequential.py:325
                    Checker'…                                                   
[20:20:57] INFO     Skipping step 'Report Manufacturability'…  sequential.py:325
[20:20:57] INFO     Saving views to                                 state.py:212
                    '/work/runs/Digital_Arch2Tapeout_dd095a60-e45f-             
                    44c3-beb0-943e030b19e3/final'…                              
[20:20:57] INFO     Flow complete.                             sequential.py:366
Classic - Stage 78 - Report Manufacturability ━━━━━━━━━━━━━━━━━━━━ 78/78 0:00:09

[20:20:57] WARNING  The following warnings were generated by the     flow.py:673
                    flow:                                                       
[20:20:57] WARNING  [OpenROAD.CheckSDCFiles] 'SIGNOFF_SDC_FILE' is   flow.py:675
                    not defined. Using generic fallback SDC for                 
                    OpenROAD PnR steps.                                         

Done. Inspect /work/runs/Digital_Arch2Tapeout_dd095a60-e45f-44c3-beb0-943e030b19e3 or latest run folder under /work/runs/
