
 /----------------------------------------------------------------------------\
 |                                                                            |
 |  yosys -- Yosys Open SYnthesis Suite                                       |
 |                                                                            |
 |  Copyright (C) 2012 - 2020  Claire Xenia Wolf <claire@yosyshq.com>         |
 |                                                                            |
 |  Permission to use, copy, modify, and/or distribute this software for any  |
 |  purpose with or without fee is hereby granted, provided that the above    |
 |  copyright notice and this permission notice appear in all copies.         |
 |                                                                            |
 |  THE SOFTWARE IS PROVIDED "AS IS" AND THE AUTHOR DISCLAIMS ALL WARRANTIES  |
 |  WITH REGARD TO THIS SOFTWARE INCLUDING ALL IMPLIED WARRANTIES OF          |
 |  MERCHANTABILITY AND FITNESS. IN NO EVENT SHALL THE AUTHOR BE LIABLE FOR   |
 |  ANY SPECIAL, DIRECT, INDIRECT, OR CONSEQUENTIAL DAMAGES OR ANY DAMAGES    |
 |  WHATSOEVER RESULTING FROM LOSS OF USE, DATA OR PROFITS, WHETHER IN AN     |
 |  ACTION OF CONTRACT, NEGLIGENCE OR OTHER TORTIOUS ACTION, ARISING OUT OF   |
 |  OR IN CONNECTION WITH THE USE OR PERFORMANCE OF THIS SOFTWARE.            |
 |                                                                            |
 \----------------------------------------------------------------------------/

 Yosys 0.33 (git sha1 2584903a060)


-- Executing script file `synth.ys' --

1. Executing Verilog-2005 frontend: /root/chiploop-backend/backend/workflows/a3b1128c-fe93-4b9d-99aa-2cae3d164049/fpga/src/fpga/target_explorer/interface_adapter/adaptive_aero_control_top_spi_fpga_top.sv
Parsing SystemVerilog input from `/root/chiploop-backend/backend/workflows/a3b1128c-fe93-4b9d-99aa-2cae3d164049/fpga/src/fpga/target_explorer/interface_adapter/adaptive_aero_control_top_spi_fpga_top.sv' to AST representation.
Generating RTLIL representation for module `\adaptive_aero_control_top_spi_fpga_top'.
Successfully finished Verilog frontend.

2. Executing Verilog-2005 frontend: /root/chiploop-backend/backend/workflows/a3b1128c-fe93-4b9d-99aa-2cae3d164049/fpga/src/upstream/actuator_clamper.v
Parsing SystemVerilog input from `/root/chiploop-backend/backend/workflows/a3b1128c-fe93-4b9d-99aa-2cae3d164049/fpga/src/upstream/actuator_clamper.v' to AST representation.
Generating RTLIL representation for module `\actuator_clamper'.
Successfully finished Verilog frontend.

3. Executing Verilog-2005 frontend: /root/chiploop-backend/backend/workflows/a3b1128c-fe93-4b9d-99aa-2cae3d164049/fpga/src/upstream/actuator_tx.v
Parsing SystemVerilog input from `/root/chiploop-backend/backend/workflows/a3b1128c-fe93-4b9d-99aa-2cae3d164049/fpga/src/upstream/actuator_tx.v' to AST representation.
Generating RTLIL representation for module `\actuator_tx'.
Successfully finished Verilog frontend.

4. Executing Verilog-2005 frontend: /root/chiploop-backend/backend/workflows/a3b1128c-fe93-4b9d-99aa-2cae3d164049/fpga/src/upstream/adaptive_aero_control_top.v
Parsing SystemVerilog input from `/root/chiploop-backend/backend/workflows/a3b1128c-fe93-4b9d-99aa-2cae3d164049/fpga/src/upstream/adaptive_aero_control_top.v' to AST representation.
Generating RTLIL representation for module `\adaptive_aero_control_top'.
Successfully finished Verilog frontend.

5. Executing Verilog-2005 frontend: /root/chiploop-backend/backend/workflows/a3b1128c-fe93-4b9d-99aa-2cae3d164049/fpga/src/upstream/command_validator.v
Parsing SystemVerilog input from `/root/chiploop-backend/backend/workflows/a3b1128c-fe93-4b9d-99aa-2cae3d164049/fpga/src/upstream/command_validator.v' to AST representation.
Generating RTLIL representation for module `\command_validator'.
Successfully finished Verilog frontend.

6. Executing Verilog-2005 frontend: /root/chiploop-backend/backend/workflows/a3b1128c-fe93-4b9d-99aa-2cae3d164049/fpga/src/upstream/control_register_bank.v
Parsing SystemVerilog input from `/root/chiploop-backend/backend/workflows/a3b1128c-fe93-4b9d-99aa-2cae3d164049/fpga/src/upstream/control_register_bank.v' to AST representation.
Generating RTLIL representation for module `\control_register_bank'.
Successfully finished Verilog frontend.

7. Executing Verilog-2005 frontend: /root/chiploop-backend/backend/workflows/a3b1128c-fe93-4b9d-99aa-2cae3d164049/fpga/src/upstream/fallback_fsm.v
Parsing SystemVerilog input from `/root/chiploop-backend/backend/workflows/a3b1128c-fe93-4b9d-99aa-2cae3d164049/fpga/src/upstream/fallback_fsm.v' to AST representation.
Generating RTLIL representation for module `\fallback_fsm'.
Successfully finished Verilog frontend.

8. Executing Verilog-2005 frontend: /root/chiploop-backend/backend/workflows/a3b1128c-fe93-4b9d-99aa-2cae3d164049/fpga/src/upstream/status_telemetry.v
Parsing SystemVerilog input from `/root/chiploop-backend/backend/workflows/a3b1128c-fe93-4b9d-99aa-2cae3d164049/fpga/src/upstream/status_telemetry.v' to AST representation.
Generating RTLIL representation for module `\status_telemetry'.
Successfully finished Verilog frontend.

9. Executing Verilog-2005 frontend: /root/chiploop-backend/backend/workflows/a3b1128c-fe93-4b9d-99aa-2cae3d164049/fpga/src/upstream/stream_rx.v
Parsing SystemVerilog input from `/root/chiploop-backend/backend/workflows/a3b1128c-fe93-4b9d-99aa-2cae3d164049/fpga/src/upstream/stream_rx.v' to AST representation.
Generating RTLIL representation for module `\stream_rx'.
Successfully finished Verilog frontend.

10. Executing Verilog-2005 frontend: /root/chiploop-backend/backend/workflows/a3b1128c-fe93-4b9d-99aa-2cae3d164049/fpga/src/upstream/timeout_monitor.v
Parsing SystemVerilog input from `/root/chiploop-backend/backend/workflows/a3b1128c-fe93-4b9d-99aa-2cae3d164049/fpga/src/upstream/timeout_monitor.v' to AST representation.
Generating RTLIL representation for module `\timeout_monitor'.
Successfully finished Verilog frontend.

11. Executing HIERARCHY pass (managing design hierarchy).

11.1. Analyzing design hierarchy..
Top module:  \adaptive_aero_control_top_spi_fpga_top
Used module:     \adaptive_aero_control_top
Used module:         \status_telemetry
Used module:         \actuator_tx
Used module:         \fallback_fsm
Used module:         \actuator_clamper
Used module:         \timeout_monitor
Used module:         \command_validator
Used module:         \stream_rx
Used module:         \control_register_bank

11.2. Analyzing design hierarchy..
Top module:  \adaptive_aero_control_top_spi_fpga_top
Used module:     \adaptive_aero_control_top
Used module:         \status_telemetry
Used module:         \actuator_tx
Used module:         \fallback_fsm
Used module:         \actuator_clamper
Used module:         \timeout_monitor
Used module:         \command_validator
Used module:         \stream_rx
Used module:         \control_register_bank
Removed 0 unused modules.

12. Executing PROC pass (convert processes to netlists).

12.1. Executing PROC_CLEAN pass (remove empty switches from decision trees).
Cleaned up 0 empty switches.

12.2. Executing PROC_RMDEAD pass (remove dead branches from decision trees).
Marked 4 switch rules as full_case in process $proc$/root/chiploop-backend/backend/workflows/a3b1128c-fe93-4b9d-99aa-2cae3d164049/fpga/src/upstream/timeout_monitor.v:14$63 in module timeout_monitor.
Marked 1 switch rules as full_case in process $proc$/root/chiploop-backend/backend/workflows/a3b1128c-fe93-4b9d-99aa-2cae3d164049/fpga/src/upstream/stream_rx.v:20$51 in module stream_rx.
Marked 1 switch rules as full_case in process $proc$/root/chiploop-backend/backend/workflows/a3b1128c-fe93-4b9d-99aa-2cae3d164049/fpga/src/upstream/status_telemetry.v:16$49 in module status_telemetry.
Marked 4 switch rules as full_case in process $proc$/root/chiploop-backend/backend/workflows/a3b1128c-fe93-4b9d-99aa-2cae3d164049/fpga/src/upstream/fallback_fsm.v:29$40 in module fallback_fsm.
Marked 2 switch rules as full_case in process $proc$/root/chiploop-backend/backend/workflows/a3b1128c-fe93-4b9d-99aa-2cae3d164049/fpga/src/upstream/control_register_bank.v:28$37 in module control_register_bank.
Marked 4 switch rules as full_case in process $proc$/root/chiploop-backend/backend/workflows/a3b1128c-fe93-4b9d-99aa-2cae3d164049/fpga/src/upstream/command_validator.v:27$28 in module command_validator.
Marked 1 switch rules as full_case in process $proc$/root/chiploop-backend/backend/workflows/a3b1128c-fe93-4b9d-99aa-2cae3d164049/fpga/src/upstream/actuator_tx.v:21$22 in module actuator_tx.
Marked 7 switch rules as full_case in process $proc$/root/chiploop-backend/backend/workflows/a3b1128c-fe93-4b9d-99aa-2cae3d164049/fpga/src/upstream/actuator_clamper.v:21$11 in module actuator_clamper.
Marked 1 switch rules as full_case in process $proc$/root/chiploop-backend/backend/workflows/a3b1128c-fe93-4b9d-99aa-2cae3d164049/fpga/src/fpga/target_explorer/interface_adapter/adaptive_aero_control_top_spi_fpga_top.sv:65$5 in module adaptive_aero_control_top_spi_fpga_top.
Marked 1 switch rules as full_case in process $proc$/root/chiploop-backend/backend/workflows/a3b1128c-fe93-4b9d-99aa-2cae3d164049/fpga/src/fpga/target_explorer/interface_adapter/adaptive_aero_control_top_spi_fpga_top.sv:56$2 in module adaptive_aero_control_top_spi_fpga_top.
Marked 1 switch rules as full_case in process $proc$/root/chiploop-backend/backend/workflows/a3b1128c-fe93-4b9d-99aa-2cae3d164049/fpga/src/fpga/target_explorer/interface_adapter/adaptive_aero_control_top_spi_fpga_top.sv:52$1 in module adaptive_aero_control_top_spi_fpga_top.
Removed a total of 0 dead cases.

12.3. Executing PROC_PRUNE pass (remove redundant assignments in processes).
Removed 34 redundant assignments.
Promoted 1 assignment to connection.

12.4. Executing PROC_INIT pass (extract init attributes).

12.5. Executing PROC_ARST pass (detect async resets in processes).
Found async reset \reset_n in `\timeout_monitor.$proc$/root/chiploop-backend/backend/workflows/a3b1128c-fe93-4b9d-99aa-2cae3d164049/fpga/src/upstream/timeout_monitor.v:14$63'.
Found async reset \reset_n in `\stream_rx.$proc$/root/chiploop-backend/backend/workflows/a3b1128c-fe93-4b9d-99aa-2cae3d164049/fpga/src/upstream/stream_rx.v:20$51'.
Found async reset \reset_n in `\status_telemetry.$proc$/root/chiploop-backend/backend/workflows/a3b1128c-fe93-4b9d-99aa-2cae3d164049/fpga/src/upstream/status_telemetry.v:16$49'.
Found async reset \reset_n in `\fallback_fsm.$proc$/root/chiploop-backend/backend/workflows/a3b1128c-fe93-4b9d-99aa-2cae3d164049/fpga/src/upstream/fallback_fsm.v:29$40'.
Found async reset \reset_n in `\control_register_bank.$proc$/root/chiploop-backend/backend/workflows/a3b1128c-fe93-4b9d-99aa-2cae3d164049/fpga/src/upstream/control_register_bank.v:28$37'.
Found async reset \reset_n in `\command_validator.$proc$/root/chiploop-backend/backend/workflows/a3b1128c-fe93-4b9d-99aa-2cae3d164049/fpga/src/upstream/command_validator.v:27$28'.
Found async reset \reset_n in `\actuator_tx.$proc$/root/chiploop-backend/backend/workflows/a3b1128c-fe93-4b9d-99aa-2cae3d164049/fpga/src/upstream/actuator_tx.v:21$22'.
Found async reset \reset_n in `\actuator_clamper.$proc$/root/chiploop-backend/backend/workflows/a3b1128c-fe93-4b9d-99aa-2cae3d164049/fpga/src/upstream/actuator_clamper.v:21$11'.
Found async reset \reset_n in `\adaptive_aero_control_top_spi_fpga_top.$proc$/root/chiploop-backend/backend/workflows/a3b1128c-fe93-4b9d-99aa-2cae3d164049/fpga/src/fpga/target_explorer/interface_adapter/adaptive_aero_control_top_spi_fpga_top.sv:65$5'.
Found async reset \spi_cs_n in `\adaptive_aero_control_top_spi_fpga_top.$proc$/root/chiploop-backend/backend/workflows/a3b1128c-fe93-4b9d-99aa-2cae3d164049/fpga/src/fpga/target_explorer/interface_adapter/adaptive_aero_control_top_spi_fpga_top.sv:52$1'.

12.6. Executing PROC_ROM pass (convert switches to ROMs).
Converted 0 switches.
<suppressed ~27 debug messages>

12.7. Executing PROC_MUX pass (convert decision trees to multiplexers).
Creating decoders for process `\timeout_monitor.$proc$/root/chiploop-backend/backend/workflows/a3b1128c-fe93-4b9d-99aa-2cae3d164049/fpga/src/upstream/timeout_monitor.v:14$63'.
     1/3: $0\wait_active[0:0]
     2/3: $0\timeout_counter[15:0]
     3/3: $0\timeout_fault[0:0]
Creating decoders for process `\stream_rx.$proc$/root/chiploop-backend/backend/workflows/a3b1128c-fe93-4b9d-99aa-2cae3d164049/fpga/src/upstream/stream_rx.v:20$51'.
     1/11: $0\packet_error[0:0]
     2/11: $0\packet_accept[0:0]
     3/11: $0\in_cmd_ready[0:0]
     4/11: $0\pkt_checksum[7:0]
     5/11: $0\checksum_calc[7:0]
     6/11: $0\checksum_ok[0:0]
     7/11: $0\fault_flags[7:0]
     8/11: $0\command_mode[3:0]
     9/11: $0\command_value[15:0]
    10/11: $0\age_counter[7:0]
    11/11: $0\sequence_id[7:0]
Creating decoders for process `\status_telemetry.$proc$/root/chiploop-backend/backend/workflows/a3b1128c-fe93-4b9d-99aa-2cae3d164049/fpga/src/upstream/status_telemetry.v:16$49'.
     1/2: $0\status_valid[0:0]
     2/2: $0\status_image[31:0]
Creating decoders for process `\fallback_fsm.$proc$/root/chiploop-backend/backend/workflows/a3b1128c-fe93-4b9d-99aa-2cae3d164049/fpga/src/upstream/fallback_fsm.v:29$40'.
     1/12: $0\fallback_active[0:0]
     2/12: $0\final_command_mode[3:0]
     3/12: $0\final_command_value[15:0]
     4/12: $0\fallback_state[1:0]
     5/12: $0\safety_flags[7:0] [0]
     6/12: $0\safety_flags[7:0] [1]
     7/12: $0\safety_flags[7:0] [2]
     8/12: $0\safety_flags[7:0] [3]
     9/12: $0\safety_flags[7:0] [4]
    10/12: $0\safety_flags[7:0] [5]
    11/12: $0\safety_flags[7:0] [6]
    12/12: $0\safety_flags[7:0] [7]
Creating decoders for process `\control_register_bank.$proc$/root/chiploop-backend/backend/workflows/a3b1128c-fe93-4b9d-99aa-2cae3d164049/fpga/src/upstream/control_register_bank.v:28$37'.
     1/11: $0\cfg_rdata_r[31:0]
     2/11: $0\clear_sticky_status[0:0]
     3/11: $0\cfg_ready_r[0:0]
     4/11: $0\fallback_command[15:0]
     5/11: $0\sequence_window[7:0]
     6/11: $0\timeout_limit_cycles[15:0]
     7/11: $0\enable[0:0]
     8/11: $0\slew_limit[7:0]
     9/11: $0\slew_limit_enable[0:0]
    10/11: $0\actuator_max[15:0]
    11/11: $0\actuator_min[15:0]
Creating decoders for process `\command_validator.$proc$/root/chiploop-backend/backend/workflows/a3b1128c-fe93-4b9d-99aa-2cae3d164049/fpga/src/upstream/command_validator.v:27$28'.
     1/11: $0\parser_error[0:0]
     2/11: $0\checksum_fault[0:0]
     3/11: $0\stale_reject[0:0]
     4/11: $0\valid_command_seen[0:0]
     5/11: $0\seq_delta[7:0]
     6/11: $0\validated_age_counter[7:0]
     7/11: $0\validated_sequence_id[7:0]
     8/11: $0\validated_fault_flags[7:0]
     9/11: $0\last_accepted_sequence[7:0]
    10/11: $0\validated_command_mode[3:0]
    11/11: $0\validated_command_value[15:0]
Creating decoders for process `\actuator_tx.$proc$/root/chiploop-backend/backend/workflows/a3b1128c-fe93-4b9d-99aa-2cae3d164049/fpga/src/upstream/actuator_tx.v:21$22'.
     1/7: $0\model_req_data[63:0]
     2/7: $0\model_req_valid[0:0]
     3/7: $0\request_pending[0:0]
     4/7: $0\model_rsp_ready[0:0]
     5/7: $0\fresh_command_event[0:0]
     6/7: $0\out_act_valid[0:0]
     7/7: $0\out_act_data[63:0]
Creating decoders for process `\actuator_clamper.$proc$/root/chiploop-backend/backend/workflows/a3b1128c-fe93-4b9d-99aa-2cae3d164049/fpga/src/upstream/actuator_clamper.v:21$11'.
     1/7: $0\updated_previous_command_value[15:0]
     2/7: $0\clamped_command_value[15:0]
     3/7: $0\slew_active[0:0]
     4/7: $0\clamp_active[0:0]
     5/7: $0\target_value[15:0]
     6/7: $0\slew_bound[15:0]
     7/7: $0\delta_abs[15:0]
Creating decoders for process `\adaptive_aero_control_top_spi_fpga_top.$proc$/root/chiploop-backend/backend/workflows/a3b1128c-fe93-4b9d-99aa-2cae3d164049/fpga/src/fpga/target_explorer/interface_adapter/adaptive_aero_control_top_spi_fpga_top.sv:0$9'.
Creating decoders for process `\adaptive_aero_control_top_spi_fpga_top.$proc$/root/chiploop-backend/backend/workflows/a3b1128c-fe93-4b9d-99aa-2cae3d164049/fpga/src/fpga/target_explorer/interface_adapter/adaptive_aero_control_top_spi_fpga_top.sv:65$5'.
     1/5: $0\tx_snapshot[197:0]
     2/5: $0\spi_cs_prev[0:0]
     3/5: $0\spi_cs_sync[0:0]
     4/5: $0\spi_cs_meta[0:0]
     5/5: $0\rx_active[169:0]
Creating decoders for process `\adaptive_aero_control_top_spi_fpga_top.$proc$/root/chiploop-backend/backend/workflows/a3b1128c-fe93-4b9d-99aa-2cae3d164049/fpga/src/fpga/target_explorer/interface_adapter/adaptive_aero_control_top_spi_fpga_top.sv:56$2'.
     1/2: $0\tx_shift[197:0]
     2/2: $0\rx_shift[169:0]
Creating decoders for process `\adaptive_aero_control_top_spi_fpga_top.$proc$/root/chiploop-backend/backend/workflows/a3b1128c-fe93-4b9d-99aa-2cae3d164049/fpga/src/fpga/target_explorer/interface_adapter/adaptive_aero_control_top_spi_fpga_top.sv:52$1'.
     1/1: $0\spi_active[0:0]

12.8. Executing PROC_DLATCH pass (convert process syncs to latches).
No latch inferred for signal `\adaptive_aero_control_top_spi_fpga_top.\spi_miso' from process `\adaptive_aero_control_top_spi_fpga_top.$proc$/root/chiploop-backend/backend/workflows/a3b1128c-fe93-4b9d-99aa-2cae3d164049/fpga/src/fpga/target_explorer/interface_adapter/adaptive_aero_control_top_spi_fpga_top.sv:0$9'.

12.9. Executing PROC_DFF pass (convert process syncs to FFs).
Creating register for signal `\timeout_monitor.\timeout_fault' using process `\timeout_monitor.$proc$/root/chiploop-backend/backend/workflows/a3b1128c-fe93-4b9d-99aa-2cae3d164049/fpga/src/upstream/timeout_monitor.v:14$63'.
  created $adff cell `$procdff$382' with positive edge clock and negative level reset.
Creating register for signal `\timeout_monitor.\wait_active' using process `\timeout_monitor.$proc$/root/chiploop-backend/backend/workflows/a3b1128c-fe93-4b9d-99aa-2cae3d164049/fpga/src/upstream/timeout_monitor.v:14$63'.
  created $adff cell `$procdff$383' with positive edge clock and negative level reset.
Creating register for signal `\timeout_monitor.\timeout_counter' using process `\timeout_monitor.$proc$/root/chiploop-backend/backend/workflows/a3b1128c-fe93-4b9d-99aa-2cae3d164049/fpga/src/upstream/timeout_monitor.v:14$63'.
  created $adff cell `$procdff$384' with positive edge clock and negative level reset.
Creating register for signal `\stream_rx.\in_cmd_ready' using process `\stream_rx.$proc$/root/chiploop-backend/backend/workflows/a3b1128c-fe93-4b9d-99aa-2cae3d164049/fpga/src/upstream/stream_rx.v:20$51'.
  created $adff cell `$procdff$385' with positive edge clock and negative level reset.
Creating register for signal `\stream_rx.\packet_accept' using process `\stream_rx.$proc$/root/chiploop-backend/backend/workflows/a3b1128c-fe93-4b9d-99aa-2cae3d164049/fpga/src/upstream/stream_rx.v:20$51'.
  created $adff cell `$procdff$386' with positive edge clock and negative level reset.
Creating register for signal `\stream_rx.\packet_error' using process `\stream_rx.$proc$/root/chiploop-backend/backend/workflows/a3b1128c-fe93-4b9d-99aa-2cae3d164049/fpga/src/upstream/stream_rx.v:20$51'.
  created $adff cell `$procdff$387' with positive edge clock and negative level reset.
Creating register for signal `\stream_rx.\sequence_id' using process `\stream_rx.$proc$/root/chiploop-backend/backend/workflows/a3b1128c-fe93-4b9d-99aa-2cae3d164049/fpga/src/upstream/stream_rx.v:20$51'.
  created $adff cell `$procdff$388' with positive edge clock and negative level reset.
Creating register for signal `\stream_rx.\age_counter' using process `\stream_rx.$proc$/root/chiploop-backend/backend/workflows/a3b1128c-fe93-4b9d-99aa-2cae3d164049/fpga/src/upstream/stream_rx.v:20$51'.
  created $adff cell `$procdff$389' with positive edge clock and negative level reset.
Creating register for signal `\stream_rx.\command_value' using process `\stream_rx.$proc$/root/chiploop-backend/backend/workflows/a3b1128c-fe93-4b9d-99aa-2cae3d164049/fpga/src/upstream/stream_rx.v:20$51'.
  created $adff cell `$procdff$390' with positive edge clock and negative level reset.
Creating register for signal `\stream_rx.\command_mode' using process `\stream_rx.$proc$/root/chiploop-backend/backend/workflows/a3b1128c-fe93-4b9d-99aa-2cae3d164049/fpga/src/upstream/stream_rx.v:20$51'.
  created $adff cell `$procdff$391' with positive edge clock and negative level reset.
Creating register for signal `\stream_rx.\fault_flags' using process `\stream_rx.$proc$/root/chiploop-backend/backend/workflows/a3b1128c-fe93-4b9d-99aa-2cae3d164049/fpga/src/upstream/stream_rx.v:20$51'.
  created $adff cell `$procdff$392' with positive edge clock and negative level reset.
Creating register for signal `\stream_rx.\checksum_ok' using process `\stream_rx.$proc$/root/chiploop-backend/backend/workflows/a3b1128c-fe93-4b9d-99aa-2cae3d164049/fpga/src/upstream/stream_rx.v:20$51'.
  created $adff cell `$procdff$393' with positive edge clock and negative level reset.
Creating register for signal `\stream_rx.\checksum_calc' using process `\stream_rx.$proc$/root/chiploop-backend/backend/workflows/a3b1128c-fe93-4b9d-99aa-2cae3d164049/fpga/src/upstream/stream_rx.v:20$51'.
  created $adff cell `$procdff$394' with positive edge clock and negative level reset.
Creating register for signal `\stream_rx.\pkt_checksum' using process `\stream_rx.$proc$/root/chiploop-backend/backend/workflows/a3b1128c-fe93-4b9d-99aa-2cae3d164049/fpga/src/upstream/stream_rx.v:20$51'.
  created $adff cell `$procdff$395' with positive edge clock and negative level reset.
Creating register for signal `\status_telemetry.\status_valid' using process `\status_telemetry.$proc$/root/chiploop-backend/backend/workflows/a3b1128c-fe93-4b9d-99aa-2cae3d164049/fpga/src/upstream/status_telemetry.v:16$49'.
  created $adff cell `$procdff$396' with positive edge clock and negative level reset.
Creating register for signal `\status_telemetry.\status_image' using process `\status_telemetry.$proc$/root/chiploop-backend/backend/workflows/a3b1128c-fe93-4b9d-99aa-2cae3d164049/fpga/src/upstream/status_telemetry.v:16$49'.
  created $adff cell `$procdff$397' with positive edge clock and negative level reset.
Creating register for signal `\fallback_fsm.\final_command_value' using process `\fallback_fsm.$proc$/root/chiploop-backend/backend/workflows/a3b1128c-fe93-4b9d-99aa-2cae3d164049/fpga/src/upstream/fallback_fsm.v:29$40'.
  created $adff cell `$procdff$398' with positive edge clock and negative level reset.
Creating register for signal `\fallback_fsm.\final_command_mode' using process `\fallback_fsm.$proc$/root/chiploop-backend/backend/workflows/a3b1128c-fe93-4b9d-99aa-2cae3d164049/fpga/src/upstream/fallback_fsm.v:29$40'.
  created $adff cell `$procdff$399' with positive edge clock and negative level reset.
Creating register for signal `\fallback_fsm.\safety_flags' using process `\fallback_fsm.$proc$/root/chiploop-backend/backend/workflows/a3b1128c-fe93-4b9d-99aa-2cae3d164049/fpga/src/upstream/fallback_fsm.v:29$40'.
  created $adff cell `$procdff$400' with positive edge clock and negative level reset.
Creating register for signal `\fallback_fsm.\fallback_active' using process `\fallback_fsm.$proc$/root/chiploop-backend/backend/workflows/a3b1128c-fe93-4b9d-99aa-2cae3d164049/fpga/src/upstream/fallback_fsm.v:29$40'.
  created $adff cell `$procdff$401' with positive edge clock and negative level reset.
Creating register for signal `\fallback_fsm.\fallback_state' using process `\fallback_fsm.$proc$/root/chiploop-backend/backend/workflows/a3b1128c-fe93-4b9d-99aa-2cae3d164049/fpga/src/upstream/fallback_fsm.v:29$40'.
  created $adff cell `$procdff$402' with positive edge clock and negative level reset.
Creating register for signal `\control_register_bank.\actuator_min' using process `\control_register_bank.$proc$/root/chiploop-backend/backend/workflows/a3b1128c-fe93-4b9d-99aa-2cae3d164049/fpga/src/upstream/control_register_bank.v:28$37'.
  created $adff cell `$procdff$403' with positive edge clock and negative level reset.
Creating register for signal `\control_register_bank.\actuator_max' using process `\control_register_bank.$proc$/root/chiploop-backend/backend/workflows/a3b1128c-fe93-4b9d-99aa-2cae3d164049/fpga/src/upstream/control_register_bank.v:28$37'.
  created $adff cell `$procdff$404' with positive edge clock and negative level reset.
Creating register for signal `\control_register_bank.\slew_limit_enable' using process `\control_register_bank.$proc$/root/chiploop-backend/backend/workflows/a3b1128c-fe93-4b9d-99aa-2cae3d164049/fpga/src/upstream/control_register_bank.v:28$37'.
  created $adff cell `$procdff$405' with positive edge clock and negative level reset.
Creating register for signal `\control_register_bank.\slew_limit' using process `\control_register_bank.$proc$/root/chiploop-backend/backend/workflows/a3b1128c-fe93-4b9d-99aa-2cae3d164049/fpga/src/upstream/control_register_bank.v:28$37'.
  created $adff cell `$procdff$406' with positive edge clock and negative level reset.
Creating register for signal `\control_register_bank.\enable' using process `\control_register_bank.$proc$/root/chiploop-backend/backend/workflows/a3b1128c-fe93-4b9d-99aa-2cae3d164049/fpga/src/upstream/control_register_bank.v:28$37'.
  created $adff cell `$procdff$407' with positive edge clock and negative level reset.
Creating register for signal `\control_register_bank.\timeout_limit_cycles' using process `\control_register_bank.$proc$/root/chiploop-backend/backend/workflows/a3b1128c-fe93-4b9d-99aa-2cae3d164049/fpga/src/upstream/control_register_bank.v:28$37'.
  created $adff cell `$procdff$408' with positive edge clock and negative level reset.
Creating register for signal `\control_register_bank.\sequence_window' using process `\control_register_bank.$proc$/root/chiploop-backend/backend/workflows/a3b1128c-fe93-4b9d-99aa-2cae3d164049/fpga/src/upstream/control_register_bank.v:28$37'.
  created $adff cell `$procdff$409' with positive edge clock and negative level reset.
Creating register for signal `\control_register_bank.\fallback_command' using process `\control_register_bank.$proc$/root/chiploop-backend/backend/workflows/a3b1128c-fe93-4b9d-99aa-2cae3d164049/fpga/src/upstream/control_register_bank.v:28$37'.
  created $adff cell `$procdff$410' with positive edge clock and negative level reset.
Creating register for signal `\control_register_bank.\clear_sticky_status' using process `\control_register_bank.$proc$/root/chiploop-backend/backend/workflows/a3b1128c-fe93-4b9d-99aa-2cae3d164049/fpga/src/upstream/control_register_bank.v:28$37'.
  created $adff cell `$procdff$411' with positive edge clock and negative level reset.
Creating register for signal `\control_register_bank.\cfg_rdata_r' using process `\control_register_bank.$proc$/root/chiploop-backend/backend/workflows/a3b1128c-fe93-4b9d-99aa-2cae3d164049/fpga/src/upstream/control_register_bank.v:28$37'.
  created $adff cell `$procdff$412' with positive edge clock and negative level reset.
Creating register for signal `\control_register_bank.\cfg_ready_r' using process `\control_register_bank.$proc$/root/chiploop-backend/backend/workflows/a3b1128c-fe93-4b9d-99aa-2cae3d164049/fpga/src/upstream/control_register_bank.v:28$37'.
  created $adff cell `$procdff$413' with positive edge clock and negative level reset.
Creating register for signal `\command_validator.\validated_command_value' using process `\command_validator.$proc$/root/chiploop-backend/backend/workflows/a3b1128c-fe93-4b9d-99aa-2cae3d164049/fpga/src/upstream/command_validator.v:27$28'.
  created $adff cell `$procdff$414' with positive edge clock and negative level reset.
Creating register for signal `\command_validator.\validated_command_mode' using process `\command_validator.$proc$/root/chiploop-backend/backend/workflows/a3b1128c-fe93-4b9d-99aa-2cae3d164049/fpga/src/upstream/command_validator.v:27$28'.
  created $adff cell `$procdff$415' with positive edge clock and negative level reset.
Creating register for signal `\command_validator.\last_accepted_sequence' using process `\command_validator.$proc$/root/chiploop-backend/backend/workflows/a3b1128c-fe93-4b9d-99aa-2cae3d164049/fpga/src/upstream/command_validator.v:27$28'.
  created $adff cell `$procdff$416' with positive edge clock and negative level reset.
Creating register for signal `\command_validator.\valid_command_seen' using process `\command_validator.$proc$/root/chiploop-backend/backend/workflows/a3b1128c-fe93-4b9d-99aa-2cae3d164049/fpga/src/upstream/command_validator.v:27$28'.
  created $adff cell `$procdff$417' with positive edge clock and negative level reset.
Creating register for signal `\command_validator.\stale_reject' using process `\command_validator.$proc$/root/chiploop-backend/backend/workflows/a3b1128c-fe93-4b9d-99aa-2cae3d164049/fpga/src/upstream/command_validator.v:27$28'.
  created $adff cell `$procdff$418' with positive edge clock and negative level reset.
Creating register for signal `\command_validator.\checksum_fault' using process `\command_validator.$proc$/root/chiploop-backend/backend/workflows/a3b1128c-fe93-4b9d-99aa-2cae3d164049/fpga/src/upstream/command_validator.v:27$28'.
  created $adff cell `$procdff$419' with positive edge clock and negative level reset.
Creating register for signal `\command_validator.\parser_error' using process `\command_validator.$proc$/root/chiploop-backend/backend/workflows/a3b1128c-fe93-4b9d-99aa-2cae3d164049/fpga/src/upstream/command_validator.v:27$28'.
  created $adff cell `$procdff$420' with positive edge clock and negative level reset.
Creating register for signal `\command_validator.\validated_fault_flags' using process `\command_validator.$proc$/root/chiploop-backend/backend/workflows/a3b1128c-fe93-4b9d-99aa-2cae3d164049/fpga/src/upstream/command_validator.v:27$28'.
  created $adff cell `$procdff$421' with positive edge clock and negative level reset.
Creating register for signal `\command_validator.\validated_sequence_id' using process `\command_validator.$proc$/root/chiploop-backend/backend/workflows/a3b1128c-fe93-4b9d-99aa-2cae3d164049/fpga/src/upstream/command_validator.v:27$28'.
  created $adff cell `$procdff$422' with positive edge clock and negative level reset.
Creating register for signal `\command_validator.\validated_age_counter' using process `\command_validator.$proc$/root/chiploop-backend/backend/workflows/a3b1128c-fe93-4b9d-99aa-2cae3d164049/fpga/src/upstream/command_validator.v:27$28'.
  created $adff cell `$procdff$423' with positive edge clock and negative level reset.
Creating register for signal `\command_validator.\seq_delta' using process `\command_validator.$proc$/root/chiploop-backend/backend/workflows/a3b1128c-fe93-4b9d-99aa-2cae3d164049/fpga/src/upstream/command_validator.v:27$28'.
  created $adff cell `$procdff$424' with positive edge clock and negative level reset.
Creating register for signal `\actuator_tx.\out_act_valid' using process `\actuator_tx.$proc$/root/chiploop-backend/backend/workflows/a3b1128c-fe93-4b9d-99aa-2cae3d164049/fpga/src/upstream/actuator_tx.v:21$22'.
  created $adff cell `$procdff$425' with positive edge clock and negative level reset.
Creating register for signal `\actuator_tx.\out_act_data' using process `\actuator_tx.$proc$/root/chiploop-backend/backend/workflows/a3b1128c-fe93-4b9d-99aa-2cae3d164049/fpga/src/upstream/actuator_tx.v:21$22'.
  created $adff cell `$procdff$426' with positive edge clock and negative level reset.
Creating register for signal `\actuator_tx.\model_req_valid' using process `\actuator_tx.$proc$/root/chiploop-backend/backend/workflows/a3b1128c-fe93-4b9d-99aa-2cae3d164049/fpga/src/upstream/actuator_tx.v:21$22'.
  created $adff cell `$procdff$427' with positive edge clock and negative level reset.
Creating register for signal `\actuator_tx.\model_req_data' using process `\actuator_tx.$proc$/root/chiploop-backend/backend/workflows/a3b1128c-fe93-4b9d-99aa-2cae3d164049/fpga/src/upstream/actuator_tx.v:21$22'.
  created $adff cell `$procdff$428' with positive edge clock and negative level reset.
Creating register for signal `\actuator_tx.\model_rsp_ready' using process `\actuator_tx.$proc$/root/chiploop-backend/backend/workflows/a3b1128c-fe93-4b9d-99aa-2cae3d164049/fpga/src/upstream/actuator_tx.v:21$22'.
  created $adff cell `$procdff$429' with positive edge clock and negative level reset.
Creating register for signal `\actuator_tx.\request_pending' using process `\actuator_tx.$proc$/root/chiploop-backend/backend/workflows/a3b1128c-fe93-4b9d-99aa-2cae3d164049/fpga/src/upstream/actuator_tx.v:21$22'.
  created $adff cell `$procdff$430' with positive edge clock and negative level reset.
Creating register for signal `\actuator_tx.\fresh_command_event' using process `\actuator_tx.$proc$/root/chiploop-backend/backend/workflows/a3b1128c-fe93-4b9d-99aa-2cae3d164049/fpga/src/upstream/actuator_tx.v:21$22'.
  created $adff cell `$procdff$431' with positive edge clock and negative level reset.
Creating register for signal `\actuator_clamper.\clamped_command_value' using process `\actuator_clamper.$proc$/root/chiploop-backend/backend/workflows/a3b1128c-fe93-4b9d-99aa-2cae3d164049/fpga/src/upstream/actuator_clamper.v:21$11'.
  created $adff cell `$procdff$432' with positive edge clock and negative level reset.
Creating register for signal `\actuator_clamper.\clamp_active' using process `\actuator_clamper.$proc$/root/chiploop-backend/backend/workflows/a3b1128c-fe93-4b9d-99aa-2cae3d164049/fpga/src/upstream/actuator_clamper.v:21$11'.
  created $adff cell `$procdff$433' with positive edge clock and negative level reset.
Creating register for signal `\actuator_clamper.\slew_active' using process `\actuator_clamper.$proc$/root/chiploop-backend/backend/workflows/a3b1128c-fe93-4b9d-99aa-2cae3d164049/fpga/src/upstream/actuator_clamper.v:21$11'.
  created $adff cell `$procdff$434' with positive edge clock and negative level reset.
Creating register for signal `\actuator_clamper.\updated_previous_command_value' using process `\actuator_clamper.$proc$/root/chiploop-backend/backend/workflows/a3b1128c-fe93-4b9d-99aa-2cae3d164049/fpga/src/upstream/actuator_clamper.v:21$11'.
  created $adff cell `$procdff$435' with positive edge clock and negative level reset.
Creating register for signal `\actuator_clamper.\target_value' using process `\actuator_clamper.$proc$/root/chiploop-backend/backend/workflows/a3b1128c-fe93-4b9d-99aa-2cae3d164049/fpga/src/upstream/actuator_clamper.v:21$11'.
  created $adff cell `$procdff$436' with positive edge clock and negative level reset.
Creating register for signal `\actuator_clamper.\delta_abs' using process `\actuator_clamper.$proc$/root/chiploop-backend/backend/workflows/a3b1128c-fe93-4b9d-99aa-2cae3d164049/fpga/src/upstream/actuator_clamper.v:21$11'.
  created $adff cell `$procdff$437' with positive edge clock and negative level reset.
Creating register for signal `\actuator_clamper.\slew_bound' using process `\actuator_clamper.$proc$/root/chiploop-backend/backend/workflows/a3b1128c-fe93-4b9d-99aa-2cae3d164049/fpga/src/upstream/actuator_clamper.v:21$11'.
  created $adff cell `$procdff$438' with positive edge clock and negative level reset.
Creating register for signal `\adaptive_aero_control_top_spi_fpga_top.\rx_active' using process `\adaptive_aero_control_top_spi_fpga_top.$proc$/root/chiploop-backend/backend/workflows/a3b1128c-fe93-4b9d-99aa-2cae3d164049/fpga/src/fpga/target_explorer/interface_adapter/adaptive_aero_control_top_spi_fpga_top.sv:65$5'.
  created $adff cell `$procdff$439' with positive edge clock and negative level reset.
Creating register for signal `\adaptive_aero_control_top_spi_fpga_top.\tx_snapshot' using process `\adaptive_aero_control_top_spi_fpga_top.$proc$/root/chiploop-backend/backend/workflows/a3b1128c-fe93-4b9d-99aa-2cae3d164049/fpga/src/fpga/target_explorer/interface_adapter/adaptive_aero_control_top_spi_fpga_top.sv:65$5'.
  created $adff cell `$procdff$440' with positive edge clock and negative level reset.
Creating register for signal `\adaptive_aero_control_top_spi_fpga_top.\spi_cs_meta' using process `\adaptive_aero_control_top_spi_fpga_top.$proc$/root/chiploop-backend/backend/workflows/a3b1128c-fe93-4b9d-99aa-2cae3d164049/fpga/src/fpga/target_explorer/interface_adapter/adaptive_aero_control_top_spi_fpga_top.sv:65$5'.
  created $adff cell `$procdff$441' with positive edge clock and negative level reset.
Creating register for signal `\adaptive_aero_control_top_spi_fpga_top.\spi_cs_sync' using process `\adaptive_aero_control_top_spi_fpga_top.$proc$/root/chiploop-backend/backend/workflows/a3b1128c-fe93-4b9d-99aa-2cae3d164049/fpga/src/fpga/target_explorer/interface_adapter/adaptive_aero_control_top_spi_fpga_top.sv:65$5'.
  created $adff cell `$procdff$442' with positive edge clock and negative level reset.
Creating register for signal `\adaptive_aero_control_top_spi_fpga_top.\spi_cs_prev' using process `\adaptive_aero_control_top_spi_fpga_top.$proc$/root/chiploop-backend/backend/workflows/a3b1128c-fe93-4b9d-99aa-2cae3d164049/fpga/src/fpga/target_explorer/interface_adapter/adaptive_aero_control_top_spi_fpga_top.sv:65$5'.
  created $adff cell `$procdff$443' with positive edge clock and negative level reset.
Creating register for signal `\adaptive_aero_control_top_spi_fpga_top.\rx_shift' using process `\adaptive_aero_control_top_spi_fpga_top.$proc$/root/chiploop-backend/backend/workflows/a3b1128c-fe93-4b9d-99aa-2cae3d164049/fpga/src/fpga/target_explorer/interface_adapter/adaptive_aero_control_top_spi_fpga_top.sv:56$2'.
  created $dff cell `$procdff$444' with positive edge clock.
Creating register for signal `\adaptive_aero_control_top_spi_fpga_top.\tx_shift' using process `\adaptive_aero_control_top_spi_fpga_top.$proc$/root/chiploop-backend/backend/workflows/a3b1128c-fe93-4b9d-99aa-2cae3d164049/fpga/src/fpga/target_explorer/interface_adapter/adaptive_aero_control_top_spi_fpga_top.sv:56$2'.
  created $dff cell `$procdff$445' with positive edge clock.
Creating register for signal `\adaptive_aero_control_top_spi_fpga_top.\spi_active' using process `\adaptive_aero_control_top_spi_fpga_top.$proc$/root/chiploop-backend/backend/workflows/a3b1128c-fe93-4b9d-99aa-2cae3d164049/fpga/src/fpga/target_explorer/interface_adapter/adaptive_aero_control_top_spi_fpga_top.sv:52$1'.
  created $adff cell `$procdff$446' with positive edge clock and positive level reset.

12.10. Executing PROC_MEMWR pass (convert process memory writes to cells).

12.11. Executing PROC_CLEAN pass (remove empty switches from decision trees).
Found and cleaned up 3 empty switches in `\timeout_monitor.$proc$/root/chiploop-backend/backend/workflows/a3b1128c-fe93-4b9d-99aa-2cae3d164049/fpga/src/upstream/timeout_monitor.v:14$63'.
Removing empty process `timeout_monitor.$proc$/root/chiploop-backend/backend/workflows/a3b1128c-fe93-4b9d-99aa-2cae3d164049/fpga/src/upstream/timeout_monitor.v:14$63'.
Found and cleaned up 1 empty switch in `\stream_rx.$proc$/root/chiploop-backend/backend/workflows/a3b1128c-fe93-4b9d-99aa-2cae3d164049/fpga/src/upstream/stream_rx.v:20$51'.
Removing empty process `stream_rx.$proc$/root/chiploop-backend/backend/workflows/a3b1128c-fe93-4b9d-99aa-2cae3d164049/fpga/src/upstream/stream_rx.v:20$51'.
Removing empty process `status_telemetry.$proc$/root/chiploop-backend/backend/workflows/a3b1128c-fe93-4b9d-99aa-2cae3d164049/fpga/src/upstream/status_telemetry.v:16$49'.
Found and cleaned up 3 empty switches in `\fallback_fsm.$proc$/root/chiploop-backend/backend/workflows/a3b1128c-fe93-4b9d-99aa-2cae3d164049/fpga/src/upstream/fallback_fsm.v:29$40'.
Removing empty process `fallback_fsm.$proc$/root/chiploop-backend/backend/workflows/a3b1128c-fe93-4b9d-99aa-2cae3d164049/fpga/src/upstream/fallback_fsm.v:29$40'.
Found and cleaned up 3 empty switches in `\control_register_bank.$proc$/root/chiploop-backend/backend/workflows/a3b1128c-fe93-4b9d-99aa-2cae3d164049/fpga/src/upstream/control_register_bank.v:28$37'.
Removing empty process `control_register_bank.$proc$/root/chiploop-backend/backend/workflows/a3b1128c-fe93-4b9d-99aa-2cae3d164049/fpga/src/upstream/control_register_bank.v:28$37'.
Found and cleaned up 5 empty switches in `\command_validator.$proc$/root/chiploop-backend/backend/workflows/a3b1128c-fe93-4b9d-99aa-2cae3d164049/fpga/src/upstream/command_validator.v:27$28'.
Removing empty process `command_validator.$proc$/root/chiploop-backend/backend/workflows/a3b1128c-fe93-4b9d-99aa-2cae3d164049/fpga/src/upstream/command_validator.v:27$28'.
Found and cleaned up 3 empty switches in `\actuator_tx.$proc$/root/chiploop-backend/backend/workflows/a3b1128c-fe93-4b9d-99aa-2cae3d164049/fpga/src/upstream/actuator_tx.v:21$22'.
Removing empty process `actuator_tx.$proc$/root/chiploop-backend/backend/workflows/a3b1128c-fe93-4b9d-99aa-2cae3d164049/fpga/src/upstream/actuator_tx.v:21$22'.
Found and cleaned up 6 empty switches in `\actuator_clamper.$proc$/root/chiploop-backend/backend/workflows/a3b1128c-fe93-4b9d-99aa-2cae3d164049/fpga/src/upstream/actuator_clamper.v:21$11'.
Removing empty process `actuator_clamper.$proc$/root/chiploop-backend/backend/workflows/a3b1128c-fe93-4b9d-99aa-2cae3d164049/fpga/src/upstream/actuator_clamper.v:21$11'.
Removing empty process `adaptive_aero_control_top_spi_fpga_top.$proc$/root/chiploop-backend/backend/workflows/a3b1128c-fe93-4b9d-99aa-2cae3d164049/fpga/src/fpga/target_explorer/interface_adapter/adaptive_aero_control_top_spi_fpga_top.sv:0$9'.
Found and cleaned up 1 empty switch in `\adaptive_aero_control_top_spi_fpga_top.$proc$/root/chiploop-backend/backend/workflows/a3b1128c-fe93-4b9d-99aa-2cae3d164049/fpga/src/fpga/target_explorer/interface_adapter/adaptive_aero_control_top_spi_fpga_top.sv:65$5'.
Removing empty process `adaptive_aero_control_top_spi_fpga_top.$proc$/root/chiploop-backend/backend/workflows/a3b1128c-fe93-4b9d-99aa-2cae3d164049/fpga/src/fpga/target_explorer/interface_adapter/adaptive_aero_control_top_spi_fpga_top.sv:65$5'.
Found and cleaned up 2 empty switches in `\adaptive_aero_control_top_spi_fpga_top.$proc$/root/chiploop-backend/backend/workflows/a3b1128c-fe93-4b9d-99aa-2cae3d164049/fpga/src/fpga/target_explorer/interface_adapter/adaptive_aero_control_top_spi_fpga_top.sv:56$2'.
Removing empty process `adaptive_aero_control_top_spi_fpga_top.$proc$/root/chiploop-backend/backend/workflows/a3b1128c-fe93-4b9d-99aa-2cae3d164049/fpga/src/fpga/target_explorer/interface_adapter/adaptive_aero_control_top_spi_fpga_top.sv:56$2'.
Removing empty process `adaptive_aero_control_top_spi_fpga_top.$proc$/root/chiploop-backend/backend/workflows/a3b1128c-fe93-4b9d-99aa-2cae3d164049/fpga/src/fpga/target_explorer/interface_adapter/adaptive_aero_control_top_spi_fpga_top.sv:52$1'.
Cleaned up 27 empty switches.

12.12. Executing OPT_EXPR pass (perform const folding).
Optimizing module timeout_monitor.
Optimizing module stream_rx.
Optimizing module status_telemetry.
Optimizing module fallback_fsm.
Optimizing module control_register_bank.
<suppressed ~4 debug messages>
Optimizing module command_validator.
Optimizing module adaptive_aero_control_top.
<suppressed ~1 debug messages>
Optimizing module actuator_tx.
Optimizing module actuator_clamper.
Optimizing module adaptive_aero_control_top_spi_fpga_top.
<suppressed ~3 debug messages>

13. Executing OPT pass (performing simple optimizations).

13.1. Executing OPT_EXPR pass (perform const folding).
Optimizing module timeout_monitor.
Optimizing module stream_rx.
Optimizing module status_telemetry.
Optimizing module fallback_fsm.
Optimizing module control_register_bank.
Optimizing module command_validator.
Optimizing module adaptive_aero_control_top.
Optimizing module actuator_tx.
Optimizing module actuator_clamper.
Optimizing module adaptive_aero_control_top_spi_fpga_top.

13.2. Executing OPT_MERGE pass (detect identical cells).
Finding identical cells in module `\timeout_monitor'.
Finding identical cells in module `\stream_rx'.
<suppressed ~3 debug messages>
Finding identical cells in module `\status_telemetry'.
Finding identical cells in module `\fallback_fsm'.
Finding identical cells in module `\control_register_bank'.
<suppressed ~27 debug messages>
Finding identical cells in module `\command_validator'.
Finding identical cells in module `\adaptive_aero_control_top'.
Finding identical cells in module `\actuator_tx'.
Finding identical cells in module `\actuator_clamper'.
Finding identical cells in module `\adaptive_aero_control_top_spi_fpga_top'.
Removed a total of 10 cells.

13.3. Executing OPT_MUXTREE pass (detect dead branches in mux trees).
Running muxtree optimizer on module \timeout_monitor..
  Creating internal representation of mux trees.
  Evaluating internal representation of mux trees.
  Analyzing evaluation results.
Running muxtree optimizer on module \stream_rx..
  Creating internal representation of mux trees.
  Evaluating internal representation of mux trees.
  Analyzing evaluation results.
Running muxtree optimizer on module \status_telemetry..
  Creating internal representation of mux trees.
  No muxes found in this module.
Running muxtree optimizer on module \fallback_fsm..
  Creating internal representation of mux trees.
  Evaluating internal representation of mux trees.
  Analyzing evaluation results.
Running muxtree optimizer on module \control_register_bank..
  Creating internal representation of mux trees.
  Evaluating internal representation of mux trees.
  Analyzing evaluation results.
Running muxtree optimizer on module \command_validator..
  Creating internal representation of mux trees.
  Evaluating internal representation of mux trees.
  Analyzing evaluation results.
Running muxtree optimizer on module \adaptive_aero_control_top..
  Creating internal representation of mux trees.
  No muxes found in this module.
Running muxtree optimizer on module \actuator_tx..
  Creating internal representation of mux trees.
  Evaluating internal representation of mux trees.
  Analyzing evaluation results.
Running muxtree optimizer on module \actuator_clamper..
  Creating internal representation of mux trees.
  Evaluating internal representation of mux trees.
  Analyzing evaluation results.
Running muxtree optimizer on module \adaptive_aero_control_top_spi_fpga_top..
  Creating internal representation of mux trees.
  Evaluating internal representation of mux trees.
  Analyzing evaluation results.
Removed 0 multiplexer ports.
<suppressed ~53 debug messages>

13.4. Executing OPT_REDUCE pass (consolidate $*mux and $reduce_* inputs).
  Optimizing cells in module \timeout_monitor.
  Optimizing cells in module \stream_rx.
  Optimizing cells in module \status_telemetry.
  Optimizing cells in module \fallback_fsm.
  Optimizing cells in module \control_register_bank.
    New ctrl vector for $pmux cell $procmux$153: { $procmux$189_CMP $procmux$224_CMP $procmux$217_CMP $procmux$173_CMP $procmux$202_CMP $procmux$155_CMP $auto$opt_reduce.cc:134:opt_pmux$448 }
  Optimizing cells in module \control_register_bank.
  Optimizing cells in module \command_validator.
  Optimizing cells in module \adaptive_aero_control_top.
  Optimizing cells in module \actuator_tx.
  Optimizing cells in module \actuator_clamper.
  Optimizing cells in module \adaptive_aero_control_top_spi_fpga_top.
Performed a total of 1 changes.

13.5. Executing OPT_MERGE pass (detect identical cells).
Finding identical cells in module `\timeout_monitor'.
Finding identical cells in module `\stream_rx'.
Finding identical cells in module `\status_telemetry'.
Finding identical cells in module `\fallback_fsm'.
Finding identical cells in module `\control_register_bank'.
Finding identical cells in module `\command_validator'.
Finding identical cells in module `\adaptive_aero_control_top'.
Finding identical cells in module `\actuator_tx'.
<suppressed ~6 debug messages>
Finding identical cells in module `\actuator_clamper'.
Finding identical cells in module `\adaptive_aero_control_top_spi_fpga_top'.
Removed a total of 2 cells.

13.6. Executing OPT_DFF pass (perform DFF optimizations).
Adding EN signal on $procdff$382 ($adff) from module timeout_monitor (D = $procmux$94_Y, Q = \timeout_fault).
Adding EN signal on $procdff$384 ($adff) from module timeout_monitor (D = $procmux$85_Y, Q = \timeout_counter).
Adding EN signal on $procdff$395 ($adff) from module stream_rx (D = \in_cmd_data [7:0], Q = \pkt_checksum).
Adding EN signal on $procdff$388 ($adff) from module stream_rx (D = \in_cmd_data [63:56], Q = \sequence_id).
Adding EN signal on $procdff$389 ($adff) from module stream_rx (D = \in_cmd_data [55:48], Q = \age_counter).
Adding EN signal on $procdff$390 ($adff) from module stream_rx (D = \in_cmd_data [35:20], Q = \command_value).
Adding EN signal on $procdff$391 ($adff) from module stream_rx (D = \in_cmd_data [47:44], Q = \command_mode).
Adding EN signal on $procdff$392 ($adff) from module stream_rx (D = \in_cmd_data [43:36], Q = \fault_flags).
Adding EN signal on $procdff$393 ($adff) from module stream_rx (D = $eq$/root/chiploop-backend/backend/workflows/a3b1128c-fe93-4b9d-99aa-2cae3d164049/fpga/src/upstream/stream_rx.v:45$60_Y, Q = \checksum_ok).
Adding EN signal on $procdff$394 ($adff) from module stream_rx (D = $xor$/root/chiploop-backend/backend/workflows/a3b1128c-fe93-4b9d-99aa-2cae3d164049/fpga/src/upstream/stream_rx.v:44$59_Y, Q = \checksum_calc).
Setting constant 0-bit at position 7 on $procdff$397 ($adff) from module status_telemetry.
Setting constant 0-bit at position 16 on $procdff$397 ($adff) from module status_telemetry.
Setting constant 0-bit at position 17 on $procdff$397 ($adff) from module status_telemetry.
Setting constant 0-bit at position 18 on $procdff$397 ($adff) from module status_telemetry.
Setting constant 0-bit at position 19 on $procdff$397 ($adff) from module status_telemetry.
Setting constant 0-bit at position 20 on $procdff$397 ($adff) from module status_telemetry.
Setting constant 0-bit at position 21 on $procdff$397 ($adff) from module status_telemetry.
Setting constant 0-bit at position 22 on $procdff$397 ($adff) from module status_telemetry.
Setting constant 0-bit at position 23 on $procdff$397 ($adff) from module status_telemetry.
Setting constant 0-bit at position 24 on $procdff$397 ($adff) from module status_telemetry.
Setting constant 0-bit at position 25 on $procdff$397 ($adff) from module status_telemetry.
Setting constant 0-bit at position 26 on $procdff$397 ($adff) from module status_telemetry.
Setting constant 0-bit at position 27 on $procdff$397 ($adff) from module status_telemetry.
Setting constant 0-bit at position 28 on $procdff$397 ($adff) from module status_telemetry.
Setting constant 0-bit at position 29 on $procdff$397 ($adff) from module status_telemetry.
Setting constant 0-bit at position 30 on $procdff$397 ($adff) from module status_telemetry.
Setting constant 0-bit at position 31 on $procdff$397 ($adff) from module status_telemetry.
Adding EN signal on $procdff$405 ($adff) from module control_register_bank (D = \cfg_wdata [3], Q = \slew_limit_enable).
Adding EN signal on $procdff$406 ($adff) from module control_register_bank (D = \cfg_wdata [7:0], Q = \slew_limit).
Adding EN signal on $procdff$407 ($adff) from module control_register_bank (D = \cfg_wdata [0], Q = \enable).
Adding EN signal on $procdff$408 ($adff) from module control_register_bank (D = { 8'00000000 \cfg_wdata [7:0] }, Q = \timeout_limit_cycles).
Adding EN signal on $procdff$409 ($adff) from module control_register_bank (D = \cfg_wdata [15:8], Q = \sequence_window).
Adding EN signal on $procdff$410 ($adff) from module control_register_bank (D = { 8'00000000 \cfg_wdata [7:0] }, Q = \fallback_command).
Adding EN signal on $procdff$403 ($adff) from module control_register_bank (D = { 8'00000000 \cfg_wdata [7:0] }, Q = \actuator_min).
Adding EN signal on $procdff$404 ($adff) from module control_register_bank (D = { 8'00000000 \cfg_wdata [7:0] }, Q = \actuator_max).
Setting constant 0-bit at position 8 on $auto$ff.cc:266:slice$485 ($adffe) from module control_register_bank.
Setting constant 0-bit at position 9 on $auto$ff.cc:266:slice$485 ($adffe) from module control_register_bank.
Setting constant 0-bit at position 10 on $auto$ff.cc:266:slice$485 ($adffe) from module control_register_bank.
Setting constant 0-bit at position 11 on $auto$ff.cc:266:slice$485 ($adffe) from module control_register_bank.
Setting constant 0-bit at position 12 on $auto$ff.cc:266:slice$485 ($adffe) from module control_register_bank.
Setting constant 0-bit at position 13 on $auto$ff.cc:266:slice$485 ($adffe) from module control_register_bank.
Setting constant 0-bit at position 14 on $auto$ff.cc:266:slice$485 ($adffe) from module control_register_bank.
Setting constant 0-bit at position 15 on $auto$ff.cc:266:slice$485 ($adffe) from module control_register_bank.
Setting constant 0-bit at position 8 on $auto$ff.cc:266:slice$482 ($adffe) from module control_register_bank.
Setting constant 0-bit at position 9 on $auto$ff.cc:266:slice$482 ($adffe) from module control_register_bank.
Setting constant 0-bit at position 10 on $auto$ff.cc:266:slice$482 ($adffe) from module control_register_bank.
Setting constant 0-bit at position 11 on $auto$ff.cc:266:slice$482 ($adffe) from module control_register_bank.
Setting constant 0-bit at position 12 on $auto$ff.cc:266:slice$482 ($adffe) from module control_register_bank.
Setting constant 0-bit at position 13 on $auto$ff.cc:266:slice$482 ($adffe) from module control_register_bank.
Setting constant 0-bit at position 14 on $auto$ff.cc:266:slice$482 ($adffe) from module control_register_bank.
Setting constant 0-bit at position 15 on $auto$ff.cc:266:slice$482 ($adffe) from module control_register_bank.
Setting constant 0-bit at position 8 on $auto$ff.cc:266:slice$479 ($adffe) from module control_register_bank.
Setting constant 0-bit at position 9 on $auto$ff.cc:266:slice$479 ($adffe) from module control_register_bank.
Setting constant 0-bit at position 10 on $auto$ff.cc:266:slice$479 ($adffe) from module control_register_bank.
Setting constant 0-bit at position 11 on $auto$ff.cc:266:slice$479 ($adffe) from module control_register_bank.
Setting constant 0-bit at position 12 on $auto$ff.cc:266:slice$479 ($adffe) from module control_register_bank.
Setting constant 0-bit at position 13 on $auto$ff.cc:266:slice$479 ($adffe) from module control_register_bank.
Setting constant 0-bit at position 14 on $auto$ff.cc:266:slice$479 ($adffe) from module control_register_bank.
Setting constant 0-bit at position 15 on $auto$ff.cc:266:slice$479 ($adffe) from module control_register_bank.
Setting constant 0-bit at position 8 on $auto$ff.cc:266:slice$473 ($adffe) from module control_register_bank.
Setting constant 0-bit at position 9 on $auto$ff.cc:266:slice$473 ($adffe) from module control_register_bank.
Setting constant 0-bit at position 10 on $auto$ff.cc:266:slice$473 ($adffe) from module control_register_bank.
Setting constant 0-bit at position 11 on $auto$ff.cc:266:slice$473 ($adffe) from module control_register_bank.
Setting constant 0-bit at position 12 on $auto$ff.cc:266:slice$473 ($adffe) from module control_register_bank.
Setting constant 0-bit at position 13 on $auto$ff.cc:266:slice$473 ($adffe) from module control_register_bank.
Setting constant 0-bit at position 14 on $auto$ff.cc:266:slice$473 ($adffe) from module control_register_bank.
Setting constant 0-bit at position 15 on $auto$ff.cc:266:slice$473 ($adffe) from module control_register_bank.
Adding EN signal on $procdff$414 ($adff) from module command_validator (D = \command_value, Q = \validated_command_value).
Adding EN signal on $procdff$415 ($adff) from module command_validator (D = \command_mode, Q = \validated_command_mode).
Adding EN signal on $procdff$416 ($adff) from module command_validator (D = \sequence_id, Q = \last_accepted_sequence).
Adding EN signal on $procdff$421 ($adff) from module command_validator (D = \fault_flags, Q = \validated_fault_flags).
Adding EN signal on $procdff$422 ($adff) from module command_validator (D = \sequence_id, Q = \validated_sequence_id).
Adding EN signal on $procdff$423 ($adff) from module command_validator (D = \age_counter, Q = \validated_age_counter).
Adding EN signal on $procdff$424 ($adff) from module command_validator (D = $sub$/root/chiploop-backend/backend/workflows/a3b1128c-fe93-4b9d-99aa-2cae3d164049/fpga/src/upstream/command_validator.v:46$30_Y, Q = \seq_delta).
Adding EN signal on $procdff$426 ($adff) from module actuator_tx (D = $procmux$335_Y, Q = \out_act_data).
Adding EN signal on $procdff$437 ($adff) from module actuator_clamper (D = $procmux$369_Y, Q = \delta_abs).
Adding EN signal on $procdff$438 ($adff) from module actuator_clamper (D = { 8'00000000 \slew_limit }, Q = \slew_bound).
Setting constant 0-bit at position 8 on $auto$ff.cc:266:slice$551 ($adffe) from module actuator_clamper.
Setting constant 0-bit at position 9 on $auto$ff.cc:266:slice$551 ($adffe) from module actuator_clamper.
Setting constant 0-bit at position 10 on $auto$ff.cc:266:slice$551 ($adffe) from module actuator_clamper.
Setting constant 0-bit at position 11 on $auto$ff.cc:266:slice$551 ($adffe) from module actuator_clamper.
Setting constant 0-bit at position 12 on $auto$ff.cc:266:slice$551 ($adffe) from module actuator_clamper.
Setting constant 0-bit at position 13 on $auto$ff.cc:266:slice$551 ($adffe) from module actuator_clamper.
Setting constant 0-bit at position 14 on $auto$ff.cc:266:slice$551 ($adffe) from module actuator_clamper.
Setting constant 0-bit at position 15 on $auto$ff.cc:266:slice$551 ($adffe) from module actuator_clamper.
Adding EN signal on $procdff$439 ($adff) from module adaptive_aero_control_top_spi_fpga_top (D = \rx_shift, Q = \rx_active).
Adding EN signal on $procdff$444 ($dff) from module adaptive_aero_control_top_spi_fpga_top (D = { \rx_shift [168:0] \spi_mosi }, Q = \rx_shift).
Adding EN signal on $procdff$445 ($dff) from module adaptive_aero_control_top_spi_fpga_top (D = $procmux$376_Y, Q = \tx_shift).

13.7. Executing OPT_CLEAN pass (remove unused cells and wires).
Finding unused cells or wires in module \timeout_monitor..
Finding unused cells or wires in module \stream_rx..
Finding unused cells or wires in module \status_telemetry..
Finding unused cells or wires in module \fallback_fsm..
Finding unused cells or wires in module \control_register_bank..
Finding unused cells or wires in module \command_validator..
Finding unused cells or wires in module \adaptive_aero_control_top..
Finding unused cells or wires in module \actuator_tx..
Finding unused cells or wires in module \actuator_clamper..
Finding unused cells or wires in module \adaptive_aero_control_top_spi_fpga_top..
Removed 66 unused cells and 242 unused wires.
<suppressed ~77 debug messages>

13.8. Executing OPT_EXPR pass (perform const folding).
Optimizing module actuator_clamper.
Optimizing module actuator_tx.
<suppressed ~1 debug messages>
Optimizing module adaptive_aero_control_top.
Optimizing module adaptive_aero_control_top_spi_fpga_top.
Optimizing module command_validator.
Optimizing module control_register_bank.
Optimizing module fallback_fsm.
Optimizing module status_telemetry.
Optimizing module stream_rx.
Optimizing module timeout_monitor.

13.9. Rerunning OPT passes. (Maybe there is more to do..)

13.10. Executing OPT_MUXTREE pass (detect dead branches in mux trees).
Running muxtree optimizer on module \actuator_clamper..
  Creating internal representation of mux trees.
  Evaluating internal representation of mux trees.
  Analyzing evaluation results.
Running muxtree optimizer on module \actuator_tx..
  Creating internal representation of mux trees.
  Evaluating internal representation of mux trees.
  Analyzing evaluation results.
Running muxtree optimizer on module \adaptive_aero_control_top..
  Creating internal representation of mux trees.
  No muxes found in this module.
Running muxtree optimizer on module \adaptive_aero_control_top_spi_fpga_top..
  Creating internal representation of mux trees.
  Evaluating internal representation of mux trees.
  Analyzing evaluation results.
Running muxtree optimizer on module \command_validator..
  Creating internal representation of mux trees.
  Evaluating internal representation of mux trees.
  Analyzing evaluation results.
Running muxtree optimizer on module \control_register_bank..
  Creating internal representation of mux trees.
  Evaluating internal representation of mux trees.
  Analyzing evaluation results.
Running muxtree optimizer on module \fallback_fsm..
  Creating internal representation of mux trees.
  Evaluating internal representation of mux trees.
  Analyzing evaluation results.
Running muxtree optimizer on module \status_telemetry..
  Creating internal representation of mux trees.
  No muxes found in this module.
Running muxtree optimizer on module \stream_rx..
  Creating internal representation of mux trees.
  Evaluating internal representation of mux trees.
  Analyzing evaluation results.
Running muxtree optimizer on module \timeout_monitor..
  Creating internal representation of mux trees.
  Evaluating internal representation of mux trees.
  Analyzing evaluation results.
Removed 0 multiplexer ports.
<suppressed ~26 debug messages>

13.11. Executing OPT_REDUCE pass (consolidate $*mux and $reduce_* inputs).
  Optimizing cells in module \actuator_clamper.
  Optimizing cells in module \actuator_tx.
  Optimizing cells in module \adaptive_aero_control_top.
  Optimizing cells in module \adaptive_aero_control_top_spi_fpga_top.
  Optimizing cells in module \command_validator.
  Optimizing cells in module \control_register_bank.
  Optimizing cells in module \fallback_fsm.
  Optimizing cells in module \status_telemetry.
  Optimizing cells in module \stream_rx.
  Optimizing cells in module \timeout_monitor.
Performed a total of 0 changes.

13.12. Executing OPT_MERGE pass (detect identical cells).
Finding identical cells in module `\actuator_clamper'.
Finding identical cells in module `\actuator_tx'.
Finding identical cells in module `\adaptive_aero_control_top'.
Finding identical cells in module `\adaptive_aero_control_top_spi_fpga_top'.
Finding identical cells in module `\command_validator'.
<suppressed ~63 debug messages>
Finding identical cells in module `\control_register_bank'.
<suppressed ~6 debug messages>
Finding identical cells in module `\fallback_fsm'.
Finding identical cells in module `\status_telemetry'.
Finding identical cells in module `\stream_rx'.
Finding identical cells in module `\timeout_monitor'.
Removed a total of 23 cells.

13.13. Executing OPT_DFF pass (perform DFF optimizations).

13.14. Executing OPT_CLEAN pass (remove unused cells and wires).
Finding unused cells or wires in module \actuator_clamper..
Finding unused cells or wires in module \actuator_tx..
Finding unused cells or wires in module \adaptive_aero_control_top..
Finding unused cells or wires in module \adaptive_aero_control_top_spi_fpga_top..
Finding unused cells or wires in module \command_validator..
Finding unused cells or wires in module \control_register_bank..
Finding unused cells or wires in module \fallback_fsm..
Finding unused cells or wires in module \status_telemetry..
Finding unused cells or wires in module \stream_rx..
Finding unused cells or wires in module \timeout_monitor..
Removed 0 unused cells and 22 unused wires.
<suppressed ~2 debug messages>

13.15. Executing OPT_EXPR pass (perform const folding).
Optimizing module actuator_clamper.
Optimizing module actuator_tx.
Optimizing module adaptive_aero_control_top.
Optimizing module adaptive_aero_control_top_spi_fpga_top.
Optimizing module command_validator.
Optimizing module control_register_bank.
Optimizing module fallback_fsm.
Optimizing module status_telemetry.
Optimizing module stream_rx.
Optimizing module timeout_monitor.

13.16. Rerunning OPT passes. (Maybe there is more to do..)

13.17. Executing OPT_MUXTREE pass (detect dead branches in mux trees).
Running muxtree optimizer on module \actuator_clamper..
  Creating internal representation of mux trees.
  Evaluating internal representation of mux trees.
  Analyzing evaluation results.
Running muxtree optimizer on module \actuator_tx..
  Creating internal representation of mux trees.
  Evaluating internal representation of mux trees.
  Analyzing evaluation results.
Running muxtree optimizer on module \adaptive_aero_control_top..
  Creating internal representation of mux trees.
  No muxes found in this module.
Running muxtree optimizer on module \adaptive_aero_control_top_spi_fpga_top..
  Creating internal representation of mux trees.
  Evaluating internal representation of mux trees.
  Analyzing evaluation results.
Running muxtree optimizer on module \command_validator..
  Creating internal representation of mux trees.
  Evaluating internal representation of mux trees.
  Analyzing evaluation results.
Running muxtree optimizer on module \control_register_bank..
  Creating internal representation of mux trees.
  Evaluating internal representation of mux trees.
  Analyzing evaluation results.
Running muxtree optimizer on module \fallback_fsm..
  Creating internal representation of mux trees.
  Evaluating internal representation of mux trees.
  Analyzing evaluation results.
Running muxtree optimizer on module \status_telemetry..
  Creating internal representation of mux trees.
  No muxes found in this module.
Running muxtree optimizer on module \stream_rx..
  Creating internal representation of mux trees.
  Evaluating internal representation of mux trees.
  Analyzing evaluation results.
Running muxtree optimizer on module \timeout_monitor..
  Creating internal representation of mux trees.
  Evaluating internal representation of mux trees.
  Analyzing evaluation results.
Removed 0 multiplexer ports.
<suppressed ~26 debug messages>

13.18. Executing OPT_REDUCE pass (consolidate $*mux and $reduce_* inputs).
  Optimizing cells in module \actuator_clamper.
  Optimizing cells in module \actuator_tx.
  Optimizing cells in module \adaptive_aero_control_top.
  Optimizing cells in module \adaptive_aero_control_top_spi_fpga_top.
  Optimizing cells in module \command_validator.
  Optimizing cells in module \control_register_bank.
  Optimizing cells in module \fallback_fsm.
  Optimizing cells in module \status_telemetry.
  Optimizing cells in module \stream_rx.
  Optimizing cells in module \timeout_monitor.
Performed a total of 0 changes.

13.19. Executing OPT_MERGE pass (detect identical cells).
Finding identical cells in module `\actuator_clamper'.
Finding identical cells in module `\actuator_tx'.
Finding identical cells in module `\adaptive_aero_control_top'.
Finding identical cells in module `\adaptive_aero_control_top_spi_fpga_top'.
Finding identical cells in module `\command_validator'.
Finding identical cells in module `\control_register_bank'.
Finding identical cells in module `\fallback_fsm'.
Finding identical cells in module `\status_telemetry'.
Finding identical cells in module `\stream_rx'.
Finding identical cells in module `\timeout_monitor'.
Removed a total of 0 cells.

13.20. Executing OPT_DFF pass (perform DFF optimizations).

13.21. Executing OPT_CLEAN pass (remove unused cells and wires).
Finding unused cells or wires in module \actuator_clamper..
Finding unused cells or wires in module \actuator_tx..
Finding unused cells or wires in module \adaptive_aero_control_top..
Finding unused cells or wires in module \adaptive_aero_control_top_spi_fpga_top..
Finding unused cells or wires in module \command_validator..
Finding unused cells or wires in module \control_register_bank..
Finding unused cells or wires in module \fallback_fsm..
Finding unused cells or wires in module \status_telemetry..
Finding unused cells or wires in module \stream_rx..
Finding unused cells or wires in module \timeout_monitor..

13.22. Executing OPT_EXPR pass (perform const folding).
Optimizing module actuator_clamper.
Optimizing module actuator_tx.
Optimizing module adaptive_aero_control_top.
Optimizing module adaptive_aero_control_top_spi_fpga_top.
Optimizing module command_validator.
Optimizing module control_register_bank.
Optimizing module fallback_fsm.
Optimizing module status_telemetry.
Optimizing module stream_rx.
Optimizing module timeout_monitor.

13.23. Finished OPT passes. (There is nothing left to do.)

14. Executing FSM pass (extract and optimize FSM).

14.1. Executing FSM_DETECT pass (finding FSMs in design).
Not marking fallback_fsm.fallback_state as FSM state register:
    Register is connected to module port.
    Users of register don't seem to benefit from recoding.

14.2. Executing FSM_EXTRACT pass (extracting FSM from design).

14.3. Executing FSM_OPT pass (simple optimizations of FSMs).

14.4. Executing OPT_CLEAN pass (remove unused cells and wires).
Finding unused cells or wires in module \actuator_clamper..
Finding unused cells or wires in module \actuator_tx..
Finding unused cells or wires in module \adaptive_aero_control_top..
Finding unused cells or wires in module \adaptive_aero_control_top_spi_fpga_top..
Finding unused cells or wires in module \command_validator..
Finding unused cells or wires in module \control_register_bank..
Finding unused cells or wires in module \fallback_fsm..
Finding unused cells or wires in module \status_telemetry..
Finding unused cells or wires in module \stream_rx..
Finding unused cells or wires in module \timeout_monitor..

14.5. Executing FSM_OPT pass (simple optimizations of FSMs).

14.6. Executing FSM_RECODE pass (re-assigning FSM state encoding).

14.7. Executing FSM_INFO pass (dumping all available information on FSM cells).

14.8. Executing FSM_MAP pass (mapping FSMs to basic logic).

15. Executing OPT pass (performing simple optimizations).

15.1. Executing OPT_EXPR pass (perform const folding).
Optimizing module actuator_clamper.
Optimizing module actuator_tx.
Optimizing module adaptive_aero_control_top.
Optimizing module adaptive_aero_control_top_spi_fpga_top.
Optimizing module command_validator.
Optimizing module control_register_bank.
Optimizing module fallback_fsm.
Optimizing module status_telemetry.
Optimizing module stream_rx.
Optimizing module timeout_monitor.

15.2. Executing OPT_MERGE pass (detect identical cells).
Finding identical cells in module `\actuator_clamper'.
Finding identical cells in module `\actuator_tx'.
Finding identical cells in module `\adaptive_aero_control_top'.
Finding identical cells in module `\adaptive_aero_control_top_spi_fpga_top'.
Finding identical cells in module `\command_validator'.
Finding identical cells in module `\control_register_bank'.
Finding identical cells in module `\fallback_fsm'.
Finding identical cells in module `\status_telemetry'.
Finding identical cells in module `\stream_rx'.
Finding identical cells in module `\timeout_monitor'.
Removed a total of 0 cells.

15.3. Executing OPT_MUXTREE pass (detect dead branches in mux trees).
Running muxtree optimizer on module \actuator_clamper..
  Creating internal representation of mux trees.
  Evaluating internal representation of mux trees.
  Analyzing evaluation results.
Running muxtree optimizer on module \actuator_tx..
  Creating internal representation of mux trees.
  Evaluating internal representation of mux trees.
  Analyzing evaluation results.
Running muxtree optimizer on module \adaptive_aero_control_top..
  Creating internal representation of mux trees.
  No muxes found in this module.
Running muxtree optimizer on module \adaptive_aero_control_top_spi_fpga_top..
  Creating internal representation of mux trees.
  Evaluating internal representation of mux trees.
  Analyzing evaluation results.
Running muxtree optimizer on module \command_validator..
  Creating internal representation of mux trees.
  Evaluating internal representation of mux trees.
  Analyzing evaluation results.
Running muxtree optimizer on module \control_register_bank..
  Creating internal representation of mux trees.
  Evaluating internal representation of mux trees.
  Analyzing evaluation results.
Running muxtree optimizer on module \fallback_fsm..
  Creating internal representation of mux trees.
  Evaluating internal representation of mux trees.
  Analyzing evaluation results.
Running muxtree optimizer on module \status_telemetry..
  Creating internal representation of mux trees.
  No muxes found in this module.
Running muxtree optimizer on module \stream_rx..
  Creating internal representation of mux trees.
  Evaluating internal representation of mux trees.
  Analyzing evaluation results.
Running muxtree optimizer on module \timeout_monitor..
  Creating internal representation of mux trees.
  Evaluating internal representation of mux trees.
  Analyzing evaluation results.
Removed 0 multiplexer ports.
<suppressed ~26 debug messages>

15.4. Executing OPT_REDUCE pass (consolidate $*mux and $reduce_* inputs).
  Optimizing cells in module \actuator_clamper.
  Optimizing cells in module \actuator_tx.
  Optimizing cells in module \adaptive_aero_control_top.
  Optimizing cells in module \adaptive_aero_control_top_spi_fpga_top.
  Optimizing cells in module \command_validator.
  Optimizing cells in module \control_register_bank.
  Optimizing cells in module \fallback_fsm.
  Optimizing cells in module \status_telemetry.
  Optimizing cells in module \stream_rx.
  Optimizing cells in module \timeout_monitor.
Performed a total of 0 changes.

15.5. Executing OPT_MERGE pass (detect identical cells).
Finding identical cells in module `\actuator_clamper'.
Finding identical cells in module `\actuator_tx'.
Finding identical cells in module `\adaptive_aero_control_top'.
Finding identical cells in module `\adaptive_aero_control_top_spi_fpga_top'.
Finding identical cells in module `\command_validator'.
Finding identical cells in module `\control_register_bank'.
Finding identical cells in module `\fallback_fsm'.
Finding identical cells in module `\status_telemetry'.
Finding identical cells in module `\stream_rx'.
Finding identical cells in module `\timeout_monitor'.
Removed a total of 0 cells.

15.6. Executing OPT_DFF pass (perform DFF optimizations).

15.7. Executing OPT_CLEAN pass (remove unused cells and wires).
Finding unused cells or wires in module \actuator_clamper..
Finding unused cells or wires in module \actuator_tx..
Finding unused cells or wires in module \adaptive_aero_control_top..
Finding unused cells or wires in module \adaptive_aero_control_top_spi_fpga_top..
Finding unused cells or wires in module \command_validator..
Finding unused cells or wires in module \control_register_bank..
Finding unused cells or wires in module \fallback_fsm..
Finding unused cells or wires in module \status_telemetry..
Finding unused cells or wires in module \stream_rx..
Finding unused cells or wires in module \timeout_monitor..

15.8. Executing OPT_EXPR pass (perform const folding).
Optimizing module actuator_clamper.
Optimizing module actuator_tx.
Optimizing module adaptive_aero_control_top.
Optimizing module adaptive_aero_control_top_spi_fpga_top.
Optimizing module command_validator.
Optimizing module control_register_bank.
Optimizing module fallback_fsm.
Optimizing module status_telemetry.
Optimizing module stream_rx.
Optimizing module timeout_monitor.

15.9. Finished OPT passes. (There is nothing left to do.)

16. Executing MEMORY pass.

16.1. Executing OPT_MEM pass (optimize memories).
Performed a total of 0 transformations.

16.2. Executing OPT_MEM_PRIORITY pass (removing unnecessary memory write priority relations).
Performed a total of 0 transformations.

16.3. Executing OPT_MEM_FEEDBACK pass (finding memory read-to-write feedback paths).

16.4. Executing MEMORY_BMUX2ROM pass (converting muxes to ROMs).

16.5. Executing MEMORY_DFF pass (merging $dff cells to $memrd).

16.6. Executing OPT_CLEAN pass (remove unused cells and wires).
Finding unused cells or wires in module \actuator_clamper..
Finding unused cells or wires in module \actuator_tx..
Finding unused cells or wires in module \adaptive_aero_control_top..
Finding unused cells or wires in module \adaptive_aero_control_top_spi_fpga_top..
Finding unused cells or wires in module \command_validator..
Finding unused cells or wires in module \control_register_bank..
Finding unused cells or wires in module \fallback_fsm..
Finding unused cells or wires in module \status_telemetry..
Finding unused cells or wires in module \stream_rx..
Finding unused cells or wires in module \timeout_monitor..

16.7. Executing MEMORY_SHARE pass (consolidating $memrd/$memwr cells).

16.8. Executing OPT_MEM_WIDEN pass (optimize memories where all ports are wide).
Performed a total of 0 transformations.

16.9. Executing OPT_CLEAN pass (remove unused cells and wires).
Finding unused cells or wires in module \actuator_clamper..
Finding unused cells or wires in module \actuator_tx..
Finding unused cells or wires in module \adaptive_aero_control_top..
Finding unused cells or wires in module \adaptive_aero_control_top_spi_fpga_top..
Finding unused cells or wires in module \command_validator..
Finding unused cells or wires in module \control_register_bank..
Finding unused cells or wires in module \fallback_fsm..
Finding unused cells or wires in module \status_telemetry..
Finding unused cells or wires in module \stream_rx..
Finding unused cells or wires in module \timeout_monitor..

16.10. Executing MEMORY_COLLECT pass (generating $mem cells).

16.11. Executing MEMORY_MAP pass (converting memories to logic and flip-flops).

17. Executing OPT pass (performing simple optimizations).

17.1. Executing OPT_EXPR pass (perform const folding).
Optimizing module actuator_clamper.
Optimizing module actuator_tx.
Optimizing module adaptive_aero_control_top.
Optimizing module adaptive_aero_control_top_spi_fpga_top.
Optimizing module command_validator.
Optimizing module control_register_bank.
Optimizing module fallback_fsm.
Optimizing module status_telemetry.
Optimizing module stream_rx.
Optimizing module timeout_monitor.

17.2. Executing OPT_MERGE pass (detect identical cells).
Finding identical cells in module `\actuator_clamper'.
Finding identical cells in module `\actuator_tx'.
Finding identical cells in module `\adaptive_aero_control_top'.
Finding identical cells in module `\adaptive_aero_control_top_spi_fpga_top'.
Finding identical cells in module `\command_validator'.
Finding identical cells in module `\control_register_bank'.
Finding identical cells in module `\fallback_fsm'.
Finding identical cells in module `\status_telemetry'.
Finding identical cells in module `\stream_rx'.
Finding identical cells in module `\timeout_monitor'.
Removed a total of 0 cells.

17.3. Executing OPT_MUXTREE pass (detect dead branches in mux trees).
Running muxtree optimizer on module \actuator_clamper..
  Creating internal representation of mux trees.
  Evaluating internal representation of mux trees.
  Analyzing evaluation results.
Running muxtree optimizer on module \actuator_tx..
  Creating internal representation of mux trees.
  Evaluating internal representation of mux trees.
  Analyzing evaluation results.
Running muxtree optimizer on module \adaptive_aero_control_top..
  Creating internal representation of mux trees.
  No muxes found in this module.
Running muxtree optimizer on module \adaptive_aero_control_top_spi_fpga_top..
  Creating internal representation of mux trees.
  Evaluating internal representation of mux trees.
  Analyzing evaluation results.
Running muxtree optimizer on module \command_validator..
  Creating internal representation of mux trees.
  Evaluating internal representation of mux trees.
  Analyzing evaluation results.
Running muxtree optimizer on module \control_register_bank..
  Creating internal representation of mux trees.
  Evaluating internal representation of mux trees.
  Analyzing evaluation results.
Running muxtree optimizer on module \fallback_fsm..
  Creating internal representation of mux trees.
  Evaluating internal representation of mux trees.
  Analyzing evaluation results.
Running muxtree optimizer on module \status_telemetry..
  Creating internal representation of mux trees.
  No muxes found in this module.
Running muxtree optimizer on module \stream_rx..
  Creating internal representation of mux trees.
  Evaluating internal representation of mux trees.
  Analyzing evaluation results.
Running muxtree optimizer on module \timeout_monitor..
  Creating internal representation of mux trees.
  Evaluating internal representation of mux trees.
  Analyzing evaluation results.
Removed 0 multiplexer ports.
<suppressed ~26 debug messages>

17.4. Executing OPT_REDUCE pass (consolidate $*mux and $reduce_* inputs).
  Optimizing cells in module \actuator_clamper.
  Optimizing cells in module \actuator_tx.
  Optimizing cells in module \adaptive_aero_control_top.
  Optimizing cells in module \adaptive_aero_control_top_spi_fpga_top.
  Optimizing cells in module \command_validator.
  Optimizing cells in module \control_register_bank.
  Optimizing cells in module \fallback_fsm.
  Optimizing cells in module \status_telemetry.
  Optimizing cells in module \stream_rx.
  Optimizing cells in module \timeout_monitor.
Performed a total of 0 changes.

17.5. Executing OPT_MERGE pass (detect identical cells).
Finding identical cells in module `\actuator_clamper'.
Finding identical cells in module `\actuator_tx'.
Finding identical cells in module `\adaptive_aero_control_top'.
Finding identical cells in module `\adaptive_aero_control_top_spi_fpga_top'.
Finding identical cells in module `\command_validator'.
Finding identical cells in module `\control_register_bank'.
Finding identical cells in module `\fallback_fsm'.
Finding identical cells in module `\status_telemetry'.
Finding identical cells in module `\stream_rx'.
Finding identical cells in module `\timeout_monitor'.
Removed a total of 0 cells.

17.6. Executing OPT_DFF pass (perform DFF optimizations).

17.7. Executing OPT_CLEAN pass (remove unused cells and wires).
Finding unused cells or wires in module \actuator_clamper..
Finding unused cells or wires in module \actuator_tx..
Finding unused cells or wires in module \adaptive_aero_control_top..
Finding unused cells or wires in module \adaptive_aero_control_top_spi_fpga_top..
Finding unused cells or wires in module \command_validator..
Finding unused cells or wires in module \control_register_bank..
Finding unused cells or wires in module \fallback_fsm..
Finding unused cells or wires in module \status_telemetry..
Finding unused cells or wires in module \stream_rx..
Finding unused cells or wires in module \timeout_monitor..

17.8. Executing OPT_EXPR pass (perform const folding).
Optimizing module actuator_clamper.
Optimizing module actuator_tx.
Optimizing module adaptive_aero_control_top.
Optimizing module adaptive_aero_control_top_spi_fpga_top.
Optimizing module command_validator.
Optimizing module control_register_bank.
Optimizing module fallback_fsm.
Optimizing module status_telemetry.
Optimizing module stream_rx.
Optimizing module timeout_monitor.

17.9. Finished OPT passes. (There is nothing left to do.)

18. Executing CHECK pass (checking for obvious problems).
Checking module actuator_clamper...
Checking module actuator_tx...
Checking module adaptive_aero_control_top...
Checking module adaptive_aero_control_top_spi_fpga_top...
Checking module command_validator...
Checking module control_register_bank...
Checking module fallback_fsm...
Checking module status_telemetry...
Checking module stream_rx...
Checking module timeout_monitor...
Found and reported 0 problems.

19. Executing SYNTH pass.

19.1. Executing HIERARCHY pass (managing design hierarchy).

19.1.1. Analyzing design hierarchy..
Top module:  \adaptive_aero_control_top_spi_fpga_top
Used module:     \adaptive_aero_control_top
Used module:         \actuator_clamper
Used module:         \actuator_tx
Used module:         \command_validator
Used module:         \control_register_bank
Used module:         \fallback_fsm
Used module:         \status_telemetry
Used module:         \stream_rx
Used module:         \timeout_monitor

19.1.2. Analyzing design hierarchy..
Top module:  \adaptive_aero_control_top_spi_fpga_top
Used module:     \adaptive_aero_control_top
Used module:         \actuator_clamper
Used module:         \actuator_tx
Used module:         \command_validator
Used module:         \control_register_bank
Used module:         \fallback_fsm
Used module:         \status_telemetry
Used module:         \stream_rx
Used module:         \timeout_monitor
Removed 0 unused modules.

19.2. Executing PROC pass (convert processes to netlists).

19.2.1. Executing PROC_CLEAN pass (remove empty switches from decision trees).
Cleaned up 0 empty switches.

19.2.2. Executing PROC_RMDEAD pass (remove dead branches from decision trees).
Removed a total of 0 dead cases.

19.2.3. Executing PROC_PRUNE pass (remove redundant assignments in processes).
Removed 0 redundant assignments.
Promoted 0 assignments to connections.

19.2.4. Executing PROC_INIT pass (extract init attributes).

19.2.5. Executing PROC_ARST pass (detect async resets in processes).

19.2.6. Executing PROC_ROM pass (convert switches to ROMs).
Converted 0 switches.

19.2.7. Executing PROC_MUX pass (convert decision trees to multiplexers).

19.2.8. Executing PROC_DLATCH pass (convert process syncs to latches).

19.2.9. Executing PROC_DFF pass (convert process syncs to FFs).

19.2.10. Executing PROC_MEMWR pass (convert process memory writes to cells).

19.2.11. Executing PROC_CLEAN pass (remove empty switches from decision trees).
Cleaned up 0 empty switches.

19.2.12. Executing OPT_EXPR pass (perform const folding).
Optimizing module actuator_clamper.
Optimizing module actuator_tx.
Optimizing module adaptive_aero_control_top.
Optimizing module adaptive_aero_control_top_spi_fpga_top.
Optimizing module command_validator.
Optimizing module control_register_bank.
Optimizing module fallback_fsm.
Optimizing module status_telemetry.
Optimizing module stream_rx.
Optimizing module timeout_monitor.

19.3. Executing OPT_EXPR pass (perform const folding).
Optimizing module actuator_clamper.
Optimizing module actuator_tx.
Optimizing module adaptive_aero_control_top.
Optimizing module adaptive_aero_control_top_spi_fpga_top.
Optimizing module command_validator.
Optimizing module control_register_bank.
Optimizing module fallback_fsm.
Optimizing module status_telemetry.
Optimizing module stream_rx.
Optimizing module timeout_monitor.

19.4. Executing OPT_CLEAN pass (remove unused cells and wires).
Finding unused cells or wires in module \actuator_clamper..
Finding unused cells or wires in module \actuator_tx..
Finding unused cells or wires in module \adaptive_aero_control_top..
Finding unused cells or wires in module \adaptive_aero_control_top_spi_fpga_top..
Finding unused cells or wires in module \command_validator..
Finding unused cells or wires in module \control_register_bank..
Finding unused cells or wires in module \fallback_fsm..
Finding unused cells or wires in module \status_telemetry..
Finding unused cells or wires in module \stream_rx..
Finding unused cells or wires in module \timeout_monitor..

19.5. Executing CHECK pass (checking for obvious problems).
Checking module actuator_clamper...
Checking module actuator_tx...
Checking module adaptive_aero_control_top...
Checking module adaptive_aero_control_top_spi_fpga_top...
Checking module command_validator...
Checking module control_register_bank...
Checking module fallback_fsm...
Checking module status_telemetry...
Checking module stream_rx...
Checking module timeout_monitor...
Found and reported 0 problems.

19.6. Executing OPT pass (performing simple optimizations).

19.6.1. Executing OPT_EXPR pass (perform const folding).
Optimizing module actuator_clamper.
Optimizing module actuator_tx.
Optimizing module adaptive_aero_control_top.
Optimizing module adaptive_aero_control_top_spi_fpga_top.
Optimizing module command_validator.
Optimizing module control_register_bank.
Optimizing module fallback_fsm.
Optimizing module status_telemetry.
Optimizing module stream_rx.
Optimizing module timeout_monitor.

19.6.2. Executing OPT_MERGE pass (detect identical cells).
Finding identical cells in module `\actuator_clamper'.
Finding identical cells in module `\actuator_tx'.
Finding identical cells in module `\adaptive_aero_control_top'.
Finding identical cells in module `\adaptive_aero_control_top_spi_fpga_top'.
Finding identical cells in module `\command_validator'.
Finding identical cells in module `\control_register_bank'.
Finding identical cells in module `\fallback_fsm'.
Finding identical cells in module `\status_telemetry'.
Finding identical cells in module `\stream_rx'.
Finding identical cells in module `\timeout_monitor'.
Removed a total of 0 cells.

19.6.3. Executing OPT_MUXTREE pass (detect dead branches in mux trees).
Running muxtree optimizer on module \actuator_clamper..
  Creating internal representation of mux trees.
  Evaluating internal representation of mux trees.
  Analyzing evaluation results.
Running muxtree optimizer on module \actuator_tx..
  Creating internal representation of mux trees.
  Evaluating internal representation of mux trees.
  Analyzing evaluation results.
Running muxtree optimizer on module \adaptive_aero_control_top..
  Creating internal representation of mux trees.
  No muxes found in this module.
Running muxtree optimizer on module \adaptive_aero_control_top_spi_fpga_top..
  Creating internal representation of mux trees.
  Evaluating internal representation of mux trees.
  Analyzing evaluation results.
Running muxtree optimizer on module \command_validator..
  Creating internal representation of mux trees.
  Evaluating internal representation of mux trees.
  Analyzing evaluation results.
Running muxtree optimizer on module \control_register_bank..
  Creating internal representation of mux trees.
  Evaluating internal representation of mux trees.
  Analyzing evaluation results.
Running muxtree optimizer on module \fallback_fsm..
  Creating internal representation of mux trees.
  Evaluating internal representation of mux trees.
  Analyzing evaluation results.
Running muxtree optimizer on module \status_telemetry..
  Creating internal representation of mux trees.
  No muxes found in this module.
Running muxtree optimizer on module \stream_rx..
  Creating internal representation of mux trees.
  Evaluating internal representation of mux trees.
  Analyzing evaluation results.
Running muxtree optimizer on module \timeout_monitor..
  Creating internal representation of mux trees.
  Evaluating internal representation of mux trees.
  Analyzing evaluation results.
Removed 0 multiplexer ports.
<suppressed ~26 debug messages>

19.6.4. Executing OPT_REDUCE pass (consolidate $*mux and $reduce_* inputs).
  Optimizing cells in module \actuator_clamper.
  Optimizing cells in module \actuator_tx.
  Optimizing cells in module \adaptive_aero_control_top.
  Optimizing cells in module \adaptive_aero_control_top_spi_fpga_top.
  Optimizing cells in module \command_validator.
  Optimizing cells in module \control_register_bank.
  Optimizing cells in module \fallback_fsm.
  Optimizing cells in module \status_telemetry.
  Optimizing cells in module \stream_rx.
  Optimizing cells in module \timeout_monitor.
Performed a total of 0 changes.

19.6.5. Executing OPT_MERGE pass (detect identical cells).
Finding identical cells in module `\actuator_clamper'.
Finding identical cells in module `\actuator_tx'.
Finding identical cells in module `\adaptive_aero_control_top'.
Finding identical cells in module `\adaptive_aero_control_top_spi_fpga_top'.
Finding identical cells in module `\command_validator'.
Finding identical cells in module `\control_register_bank'.
Finding identical cells in module `\fallback_fsm'.
Finding identical cells in module `\status_telemetry'.
Finding identical cells in module `\stream_rx'.
Finding identical cells in module `\timeout_monitor'.
Removed a total of 0 cells.

19.6.6. Executing OPT_DFF pass (perform DFF optimizations).

19.6.7. Executing OPT_CLEAN pass (remove unused cells and wires).
Finding unused cells or wires in module \actuator_clamper..
Finding unused cells or wires in module \actuator_tx..
Finding unused cells or wires in module \adaptive_aero_control_top..
Finding unused cells or wires in module \adaptive_aero_control_top_spi_fpga_top..
Finding unused cells or wires in module \command_validator..
Finding unused cells or wires in module \control_register_bank..
Finding unused cells or wires in module \fallback_fsm..
Finding unused cells or wires in module \status_telemetry..
Finding unused cells or wires in module \stream_rx..
Finding unused cells or wires in module \timeout_monitor..

19.6.8. Executing OPT_EXPR pass (perform const folding).
Optimizing module actuator_clamper.
Optimizing module actuator_tx.
Optimizing module adaptive_aero_control_top.
Optimizing module adaptive_aero_control_top_spi_fpga_top.
Optimizing module command_validator.
Optimizing module control_register_bank.
Optimizing module fallback_fsm.
Optimizing module status_telemetry.
Optimizing module stream_rx.
Optimizing module timeout_monitor.

19.6.9. Finished OPT passes. (There is nothing left to do.)

19.7. Executing FSM pass (extract and optimize FSM).

19.7.1. Executing FSM_DETECT pass (finding FSMs in design).
Not marking fallback_fsm.fallback_state as FSM state register:
    Register is connected to module port.
    Users of register don't seem to benefit from recoding.

19.7.2. Executing FSM_EXTRACT pass (extracting FSM from design).

19.7.3. Executing FSM_OPT pass (simple optimizations of FSMs).

19.7.4. Executing OPT_CLEAN pass (remove unused cells and wires).
Finding unused cells or wires in module \actuator_clamper..
Finding unused cells or wires in module \actuator_tx..
Finding unused cells or wires in module \adaptive_aero_control_top..
Finding unused cells or wires in module \adaptive_aero_control_top_spi_fpga_top..
Finding unused cells or wires in module \command_validator..
Finding unused cells or wires in module \control_register_bank..
Finding unused cells or wires in module \fallback_fsm..
Finding unused cells or wires in module \status_telemetry..
Finding unused cells or wires in module \stream_rx..
Finding unused cells or wires in module \timeout_monitor..

19.7.5. Executing FSM_OPT pass (simple optimizations of FSMs).

19.7.6. Executing FSM_RECODE pass (re-assigning FSM state encoding).

19.7.7. Executing FSM_INFO pass (dumping all available information on FSM cells).

19.7.8. Executing FSM_MAP pass (mapping FSMs to basic logic).

19.8. Executing OPT pass (performing simple optimizations).

19.8.1. Executing OPT_EXPR pass (perform const folding).
Optimizing module actuator_clamper.
Optimizing module actuator_tx.
Optimizing module adaptive_aero_control_top.
Optimizing module adaptive_aero_control_top_spi_fpga_top.
Optimizing module command_validator.
Optimizing module control_register_bank.
Optimizing module fallback_fsm.
Optimizing module status_telemetry.
Optimizing module stream_rx.
Optimizing module timeout_monitor.

19.8.2. Executing OPT_MERGE pass (detect identical cells).
Finding identical cells in module `\actuator_clamper'.
Finding identical cells in module `\actuator_tx'.
Finding identical cells in module `\adaptive_aero_control_top'.
Finding identical cells in module `\adaptive_aero_control_top_spi_fpga_top'.
Finding identical cells in module `\command_validator'.
Finding identical cells in module `\control_register_bank'.
Finding identical cells in module `\fallback_fsm'.
Finding identical cells in module `\status_telemetry'.
Finding identical cells in module `\stream_rx'.
Finding identical cells in module `\timeout_monitor'.
Removed a total of 0 cells.

19.8.3. Executing OPT_MUXTREE pass (detect dead branches in mux trees).
Running muxtree optimizer on module \actuator_clamper..
  Creating internal representation of mux trees.
  Evaluating internal representation of mux trees.
  Analyzing evaluation results.
Running muxtree optimizer on module \actuator_tx..
  Creating internal representation of mux trees.
  Evaluating internal representation of mux trees.
  Analyzing evaluation results.
Running muxtree optimizer on module \adaptive_aero_control_top..
  Creating internal representation of mux trees.
  No muxes found in this module.
Running muxtree optimizer on module \adaptive_aero_control_top_spi_fpga_top..
  Creating internal representation of mux trees.
  Evaluating internal representation of mux trees.
  Analyzing evaluation results.
Running muxtree optimizer on module \command_validator..
  Creating internal representation of mux trees.
  Evaluating internal representation of mux trees.
  Analyzing evaluation results.
Running muxtree optimizer on module \control_register_bank..
  Creating internal representation of mux trees.
  Evaluating internal representation of mux trees.
  Analyzing evaluation results.
Running muxtree optimizer on module \fallback_fsm..
  Creating internal representation of mux trees.
  Evaluating internal representation of mux trees.
  Analyzing evaluation results.
Running muxtree optimizer on module \status_telemetry..
  Creating internal representation of mux trees.
  No muxes found in this module.
Running muxtree optimizer on module \stream_rx..
  Creating internal representation of mux trees.
  Evaluating internal representation of mux trees.
  Analyzing evaluation results.
Running muxtree optimizer on module \timeout_monitor..
  Creating internal representation of mux trees.
  Evaluating internal representation of mux trees.
  Analyzing evaluation results.
Removed 0 multiplexer ports.
<suppressed ~26 debug messages>

19.8.4. Executing OPT_REDUCE pass (consolidate $*mux and $reduce_* inputs).
  Optimizing cells in module \actuator_clamper.
  Optimizing cells in module \actuator_tx.
  Optimizing cells in module \adaptive_aero_control_top.
  Optimizing cells in module \adaptive_aero_control_top_spi_fpga_top.
  Optimizing cells in module \command_validator.
  Optimizing cells in module \control_register_bank.
  Optimizing cells in module \fallback_fsm.
  Optimizing cells in module \status_telemetry.
  Optimizing cells in module \stream_rx.
  Optimizing cells in module \timeout_monitor.
Performed a total of 0 changes.

19.8.5. Executing OPT_MERGE pass (detect identical cells).
Finding identical cells in module `\actuator_clamper'.
Finding identical cells in module `\actuator_tx'.
Finding identical cells in module `\adaptive_aero_control_top'.
Finding identical cells in module `\adaptive_aero_control_top_spi_fpga_top'.
Finding identical cells in module `\command_validator'.
Finding identical cells in module `\control_register_bank'.
Finding identical cells in module `\fallback_fsm'.
Finding identical cells in module `\status_telemetry'.
Finding identical cells in module `\stream_rx'.
Finding identical cells in module `\timeout_monitor'.
Removed a total of 0 cells.

19.8.6. Executing OPT_DFF pass (perform DFF optimizations).

19.8.7. Executing OPT_CLEAN pass (remove unused cells and wires).
Finding unused cells or wires in module \actuator_clamper..
Finding unused cells or wires in module \actuator_tx..
Finding unused cells or wires in module \adaptive_aero_control_top..
Finding unused cells or wires in module \adaptive_aero_control_top_spi_fpga_top..
Finding unused cells or wires in module \command_validator..
Finding unused cells or wires in module \control_register_bank..
Finding unused cells or wires in module \fallback_fsm..
Finding unused cells or wires in module \status_telemetry..
Finding unused cells or wires in module \stream_rx..
Finding unused cells or wires in module \timeout_monitor..

19.8.8. Executing OPT_EXPR pass (perform const folding).
Optimizing module actuator_clamper.
Optimizing module actuator_tx.
Optimizing module adaptive_aero_control_top.
Optimizing module adaptive_aero_control_top_spi_fpga_top.
Optimizing module command_validator.
Optimizing module control_register_bank.
Optimizing module fallback_fsm.
Optimizing module status_telemetry.
Optimizing module stream_rx.
Optimizing module timeout_monitor.

19.8.9. Finished OPT passes. (There is nothing left to do.)

19.9. Executing WREDUCE pass (reducing word size of cells).
Removed top 8 bits (of 16) from port B of cell actuator_clamper.$gt$/root/chiploop-backend/backend/workflows/a3b1128c-fe93-4b9d-99aa-2cae3d164049/fpga/src/upstream/actuator_clamper.v:50$18 ($gt).
Removed top 8 bits (of 16) from port B of cell actuator_clamper.$add$/root/chiploop-backend/backend/workflows/a3b1128c-fe93-4b9d-99aa-2cae3d164049/fpga/src/upstream/actuator_clamper.v:53$20 ($add).
Removed top 8 bits (of 16) from port B of cell actuator_clamper.$sub$/root/chiploop-backend/backend/workflows/a3b1128c-fe93-4b9d-99aa-2cae3d164049/fpga/src/upstream/actuator_clamper.v:55$21 ($sub).
Removed top 8 bits (of 16) from wire actuator_clamper.slew_bound.
Removed top 16 bits (of 64) from mux cell actuator_tx.$procmux$324 ($mux).
Removed top 1 bits (of 4) from port B of cell control_register_bank.$procmux$154_CMP0 ($eq).
Removed top 1 bits (of 4) from port B of cell control_register_bank.$procmux$155_CMP0 ($eq).
Removed top 1 bits (of 4) from port B of cell control_register_bank.$procmux$173_CMP0 ($eq).
Removed top 3 bits (of 4) from port B of cell control_register_bank.$procmux$189_CMP0 ($eq).
Removed top 1 bits (of 4) from port B of cell control_register_bank.$procmux$202_CMP0 ($eq).
Removed top 2 bits (of 4) from port B of cell control_register_bank.$procmux$217_CMP0 ($eq).
Removed top 2 bits (of 4) from port B of cell control_register_bank.$procmux$224_CMP0 ($eq).
Removed top 15 bits (of 16) from port B of cell timeout_monitor.$add$/root/chiploop-backend/backend/workflows/a3b1128c-fe93-4b9d-99aa-2cae3d164049/fpga/src/upstream/timeout_monitor.v:29$71 ($add).
Removed top 2 bits (of 3) from port B of cell timeout_monitor.$auto$opt_dff.cc:195:make_patterns_logic$451 ($ne).

19.10. Executing PEEPOPT pass (run peephole optimizers).

19.11. Executing OPT_CLEAN pass (remove unused cells and wires).
Finding unused cells or wires in module \actuator_clamper..
Finding unused cells or wires in module \actuator_tx..
Finding unused cells or wires in module \adaptive_aero_control_top..
Finding unused cells or wires in module \adaptive_aero_control_top_spi_fpga_top..
Finding unused cells or wires in module \command_validator..
Finding unused cells or wires in module \control_register_bank..
Finding unused cells or wires in module \fallback_fsm..
Finding unused cells or wires in module \status_telemetry..
Finding unused cells or wires in module \stream_rx..
Finding unused cells or wires in module \timeout_monitor..
Removed 0 unused cells and 1 unused wires.
<suppressed ~1 debug messages>

19.12. Executing ALUMACC pass (create $alu and $macc cells).
Extracting $alu and $macc cells in module actuator_clamper:
  creating $macc model for $add$/root/chiploop-backend/backend/workflows/a3b1128c-fe93-4b9d-99aa-2cae3d164049/fpga/src/upstream/actuator_clamper.v:53$20 ($add).
  creating $macc model for $sub$/root/chiploop-backend/backend/workflows/a3b1128c-fe93-4b9d-99aa-2cae3d164049/fpga/src/upstream/actuator_clamper.v:45$16 ($sub).
  creating $macc model for $sub$/root/chiploop-backend/backend/workflows/a3b1128c-fe93-4b9d-99aa-2cae3d164049/fpga/src/upstream/actuator_clamper.v:47$17 ($sub).
  creating $macc model for $sub$/root/chiploop-backend/backend/workflows/a3b1128c-fe93-4b9d-99aa-2cae3d164049/fpga/src/upstream/actuator_clamper.v:55$21 ($sub).
  creating $alu model for $macc $sub$/root/chiploop-backend/backend/workflows/a3b1128c-fe93-4b9d-99aa-2cae3d164049/fpga/src/upstream/actuator_clamper.v:55$21.
  creating $alu model for $macc $sub$/root/chiploop-backend/backend/workflows/a3b1128c-fe93-4b9d-99aa-2cae3d164049/fpga/src/upstream/actuator_clamper.v:47$17.
  creating $alu model for $macc $sub$/root/chiploop-backend/backend/workflows/a3b1128c-fe93-4b9d-99aa-2cae3d164049/fpga/src/upstream/actuator_clamper.v:45$16.
  creating $alu model for $macc $add$/root/chiploop-backend/backend/workflows/a3b1128c-fe93-4b9d-99aa-2cae3d164049/fpga/src/upstream/actuator_clamper.v:53$20.
  creating $alu model for $ge$/root/chiploop-backend/backend/workflows/a3b1128c-fe93-4b9d-99aa-2cae3d164049/fpga/src/upstream/actuator_clamper.v:44$15 ($ge): merged with $sub$/root/chiploop-backend/backend/workflows/a3b1128c-fe93-4b9d-99aa-2cae3d164049/fpga/src/upstream/actuator_clamper.v:47$17.
  creating $alu model for $gt$/root/chiploop-backend/backend/workflows/a3b1128c-fe93-4b9d-99aa-2cae3d164049/fpga/src/upstream/actuator_clamper.v:37$14 ($gt): new $alu
  creating $alu model for $gt$/root/chiploop-backend/backend/workflows/a3b1128c-fe93-4b9d-99aa-2cae3d164049/fpga/src/upstream/actuator_clamper.v:50$18 ($gt): new $alu
  creating $alu model for $gt$/root/chiploop-backend/backend/workflows/a3b1128c-fe93-4b9d-99aa-2cae3d164049/fpga/src/upstream/actuator_clamper.v:52$19 ($gt): merged with $sub$/root/chiploop-backend/backend/workflows/a3b1128c-fe93-4b9d-99aa-2cae3d164049/fpga/src/upstream/actuator_clamper.v:47$17.
  creating $alu model for $lt$/root/chiploop-backend/backend/workflows/a3b1128c-fe93-4b9d-99aa-2cae3d164049/fpga/src/upstream/actuator_clamper.v:34$13 ($lt): new $alu
  creating $alu cell for $lt$/root/chiploop-backend/backend/workflows/a3b1128c-fe93-4b9d-99aa-2cae3d164049/fpga/src/upstream/actuator_clamper.v:34$13: $auto$alumacc.cc:485:replace_alu$560
  creating $alu cell for $gt$/root/chiploop-backend/backend/workflows/a3b1128c-fe93-4b9d-99aa-2cae3d164049/fpga/src/upstream/actuator_clamper.v:50$18: $auto$alumacc.cc:485:replace_alu$565
  creating $alu cell for $gt$/root/chiploop-backend/backend/workflows/a3b1128c-fe93-4b9d-99aa-2cae3d164049/fpga/src/upstream/actuator_clamper.v:37$14: $auto$alumacc.cc:485:replace_alu$570
  creating $alu cell for $add$/root/chiploop-backend/backend/workflows/a3b1128c-fe93-4b9d-99aa-2cae3d164049/fpga/src/upstream/actuator_clamper.v:53$20: $auto$alumacc.cc:485:replace_alu$581
  creating $alu cell for $sub$/root/chiploop-backend/backend/workflows/a3b1128c-fe93-4b9d-99aa-2cae3d164049/fpga/src/upstream/actuator_clamper.v:45$16: $auto$alumacc.cc:485:replace_alu$584
  creating $alu cell for $sub$/root/chiploop-backend/backend/workflows/a3b1128c-fe93-4b9d-99aa-2cae3d164049/fpga/src/upstream/actuator_clamper.v:47$17, $ge$/root/chiploop-backend/backend/workflows/a3b1128c-fe93-4b9d-99aa-2cae3d164049/fpga/src/upstream/actuator_clamper.v:44$15, $gt$/root/chiploop-backend/backend/workflows/a3b1128c-fe93-4b9d-99aa-2cae3d164049/fpga/src/upstream/actuator_clamper.v:52$19: $auto$alumacc.cc:485:replace_alu$587
  creating $alu cell for $sub$/root/chiploop-backend/backend/workflows/a3b1128c-fe93-4b9d-99aa-2cae3d164049/fpga/src/upstream/actuator_clamper.v:55$21: $auto$alumacc.cc:485:replace_alu$596
  created 7 $alu and 0 $macc cells.
Extracting $alu and $macc cells in module actuator_tx:
  created 0 $alu and 0 $macc cells.
Extracting $alu and $macc cells in module adaptive_aero_control_top:
  created 0 $alu and 0 $macc cells.
Extracting $alu and $macc cells in module adaptive_aero_control_top_spi_fpga_top:
  created 0 $alu and 0 $macc cells.
Extracting $alu and $macc cells in module command_validator:
  creating $macc model for $sub$/root/chiploop-backend/backend/workflows/a3b1128c-fe93-4b9d-99aa-2cae3d164049/fpga/src/upstream/command_validator.v:46$30 ($sub).
  creating $alu model for $macc $sub$/root/chiploop-backend/backend/workflows/a3b1128c-fe93-4b9d-99aa-2cae3d164049/fpga/src/upstream/command_validator.v:46$30.
  creating $alu model for $gt$/root/chiploop-backend/backend/workflows/a3b1128c-fe93-4b9d-99aa-2cae3d164049/fpga/src/upstream/command_validator.v:51$35 ($gt): new $alu
  creating $alu model for $lt$/root/chiploop-backend/backend/workflows/a3b1128c-fe93-4b9d-99aa-2cae3d164049/fpga/src/upstream/command_validator.v:51$34 ($lt): merged with $sub$/root/chiploop-backend/backend/workflows/a3b1128c-fe93-4b9d-99aa-2cae3d164049/fpga/src/upstream/command_validator.v:46$30.
  creating $alu model for $eq$/root/chiploop-backend/backend/workflows/a3b1128c-fe93-4b9d-99aa-2cae3d164049/fpga/src/upstream/command_validator.v:49$33 ($eq): merged with $sub$/root/chiploop-backend/backend/workflows/a3b1128c-fe93-4b9d-99aa-2cae3d164049/fpga/src/upstream/command_validator.v:46$30.
  creating $alu cell for $gt$/root/chiploop-backend/backend/workflows/a3b1128c-fe93-4b9d-99aa-2cae3d164049/fpga/src/upstream/command_validator.v:51$35: $auto$alumacc.cc:485:replace_alu$600
  creating $alu cell for $sub$/root/chiploop-backend/backend/workflows/a3b1128c-fe93-4b9d-99aa-2cae3d164049/fpga/src/upstream/command_validator.v:46$30, $lt$/root/chiploop-backend/backend/workflows/a3b1128c-fe93-4b9d-99aa-2cae3d164049/fpga/src/upstream/command_validator.v:51$34, $eq$/root/chiploop-backend/backend/workflows/a3b1128c-fe93-4b9d-99aa-2cae3d164049/fpga/src/upstream/command_validator.v:49$33: $auto$alumacc.cc:485:replace_alu$611
  created 2 $alu and 0 $macc cells.
Extracting $alu and $macc cells in module control_register_bank:
  created 0 $alu and 0 $macc cells.
Extracting $alu and $macc cells in module fallback_fsm:
  created 0 $alu and 0 $macc cells.
Extracting $alu and $macc cells in module status_telemetry:
  created 0 $alu and 0 $macc cells.
Extracting $alu and $macc cells in module stream_rx:
  created 0 $alu and 0 $macc cells.
Extracting $alu and $macc cells in module timeout_monitor:
  creating $macc model for $add$/root/chiploop-backend/backend/workflows/a3b1128c-fe93-4b9d-99aa-2cae3d164049/fpga/src/upstream/timeout_monitor.v:29$71 ($add).
  creating $alu model for $macc $add$/root/chiploop-backend/backend/workflows/a3b1128c-fe93-4b9d-99aa-2cae3d164049/fpga/src/upstream/timeout_monitor.v:29$71.
  creating $alu model for $ge$/root/chiploop-backend/backend/workflows/a3b1128c-fe93-4b9d-99aa-2cae3d164049/fpga/src/upstream/timeout_monitor.v:26$70 ($ge): new $alu
  creating $alu cell for $ge$/root/chiploop-backend/backend/workflows/a3b1128c-fe93-4b9d-99aa-2cae3d164049/fpga/src/upstream/timeout_monitor.v:26$70: $auto$alumacc.cc:485:replace_alu$619
  creating $alu cell for $add$/root/chiploop-backend/backend/workflows/a3b1128c-fe93-4b9d-99aa-2cae3d164049/fpga/src/upstream/timeout_monitor.v:29$71: $auto$alumacc.cc:485:replace_alu$632
  created 2 $alu and 0 $macc cells.

19.13. Executing SHARE pass (SAT-based resource sharing).

19.14. Executing OPT pass (performing simple optimizations).

19.14.1. Executing OPT_EXPR pass (perform const folding).
Optimizing module actuator_clamper.
<suppressed ~7 debug messages>
Optimizing module actuator_tx.
Optimizing module adaptive_aero_control_top.
Optimizing module adaptive_aero_control_top_spi_fpga_top.
Optimizing module command_validator.
Optimizing module control_register_bank.
Optimizing module fallback_fsm.
Optimizing module status_telemetry.
Optimizing module stream_rx.
Optimizing module timeout_monitor.

19.14.2. Executing OPT_MERGE pass (detect identical cells).
Finding identical cells in module `\actuator_clamper'.
Finding identical cells in module `\actuator_tx'.
Finding identical cells in module `\adaptive_aero_control_top'.
Finding identical cells in module `\adaptive_aero_control_top_spi_fpga_top'.
Finding identical cells in module `\command_validator'.
Finding identical cells in module `\control_register_bank'.
Finding identical cells in module `\fallback_fsm'.
Finding identical cells in module `\status_telemetry'.
Finding identical cells in module `\stream_rx'.
Finding identical cells in module `\timeout_monitor'.
Removed a total of 0 cells.

19.14.3. Executing OPT_MUXTREE pass (detect dead branches in mux trees).
Running muxtree optimizer on module \actuator_clamper..
  Creating internal representation of mux trees.
  Evaluating internal representation of mux trees.
  Analyzing evaluation results.
Running muxtree optimizer on module \actuator_tx..
  Creating internal representation of mux trees.
  Evaluating internal representation of mux trees.
  Analyzing evaluation results.
Running muxtree optimizer on module \adaptive_aero_control_top..
  Creating internal representation of mux trees.
  No muxes found in this module.
Running muxtree optimizer on module \adaptive_aero_control_top_spi_fpga_top..
  Creating internal representation of mux trees.
  Evaluating internal representation of mux trees.
  Analyzing evaluation results.
Running muxtree optimizer on module \command_validator..
  Creating internal representation of mux trees.
  Evaluating internal representation of mux trees.
  Analyzing evaluation results.
Running muxtree optimizer on module \control_register_bank..
  Creating internal representation of mux trees.
  Evaluating internal representation of mux trees.
  Analyzing evaluation results.
Running muxtree optimizer on module \fallback_fsm..
  Creating internal representation of mux trees.
  Evaluating internal representation of mux trees.
  Analyzing evaluation results.
Running muxtree optimizer on module \status_telemetry..
  Creating internal representation of mux trees.
  No muxes found in this module.
Running muxtree optimizer on module \stream_rx..
  Creating internal representation of mux trees.
  Evaluating internal representation of mux trees.
  Analyzing evaluation results.
Running muxtree optimizer on module \timeout_monitor..
  Creating internal representation of mux trees.
  Evaluating internal representation of mux trees.
  Analyzing evaluation results.
Removed 0 multiplexer ports.
<suppressed ~26 debug messages>

19.14.4. Executing OPT_REDUCE pass (consolidate $*mux and $reduce_* inputs).
  Optimizing cells in module \actuator_clamper.
  Optimizing cells in module \actuator_tx.
  Optimizing cells in module \adaptive_aero_control_top.
  Optimizing cells in module \adaptive_aero_control_top_spi_fpga_top.
  Optimizing cells in module \command_validator.
  Optimizing cells in module \control_register_bank.
  Optimizing cells in module \fallback_fsm.
  Optimizing cells in module \status_telemetry.
  Optimizing cells in module \stream_rx.
  Optimizing cells in module \timeout_monitor.
Performed a total of 0 changes.

19.14.5. Executing OPT_MERGE pass (detect identical cells).
Finding identical cells in module `\actuator_clamper'.
Finding identical cells in module `\actuator_tx'.
Finding identical cells in module `\adaptive_aero_control_top'.
Finding identical cells in module `\adaptive_aero_control_top_spi_fpga_top'.
Finding identical cells in module `\command_validator'.
Finding identical cells in module `\control_register_bank'.
Finding identical cells in module `\fallback_fsm'.
Finding identical cells in module `\status_telemetry'.
Finding identical cells in module `\stream_rx'.
Finding identical cells in module `\timeout_monitor'.
Removed a total of 0 cells.

19.14.6. Executing OPT_DFF pass (perform DFF optimizations).

19.14.7. Executing OPT_CLEAN pass (remove unused cells and wires).
Finding unused cells or wires in module \actuator_clamper..
Finding unused cells or wires in module \actuator_tx..
Finding unused cells or wires in module \adaptive_aero_control_top..
Finding unused cells or wires in module \adaptive_aero_control_top_spi_fpga_top..
Finding unused cells or wires in module \command_validator..
Finding unused cells or wires in module \control_register_bank..
Finding unused cells or wires in module \fallback_fsm..
Finding unused cells or wires in module \status_telemetry..
Finding unused cells or wires in module \stream_rx..
Finding unused cells or wires in module \timeout_monitor..
Removed 3 unused cells and 12 unused wires.
<suppressed ~6 debug messages>

19.14.8. Executing OPT_EXPR pass (perform const folding).
Optimizing module actuator_clamper.
Optimizing module actuator_tx.
Optimizing module adaptive_aero_control_top.
Optimizing module adaptive_aero_control_top_spi_fpga_top.
Optimizing module command_validator.
Optimizing module control_register_bank.
Optimizing module fallback_fsm.
Optimizing module status_telemetry.
Optimizing module stream_rx.
Optimizing module timeout_monitor.

19.14.9. Rerunning OPT passes. (Maybe there is more to do..)

19.14.10. Executing OPT_MUXTREE pass (detect dead branches in mux trees).
Running muxtree optimizer on module \actuator_clamper..
  Creating internal representation of mux trees.
  Evaluating internal representation of mux trees.
  Analyzing evaluation results.
Running muxtree optimizer on module \actuator_tx..
  Creating internal representation of mux trees.
  Evaluating internal representation of mux trees.
  Analyzing evaluation results.
Running muxtree optimizer on module \adaptive_aero_control_top..
  Creating internal representation of mux trees.
  No muxes found in this module.
Running muxtree optimizer on module \adaptive_aero_control_top_spi_fpga_top..
  Creating internal representation of mux trees.
  Evaluating internal representation of mux trees.
  Analyzing evaluation results.
Running muxtree optimizer on module \command_validator..
  Creating internal representation of mux trees.
  Evaluating internal representation of mux trees.
  Analyzing evaluation results.
Running muxtree optimizer on module \control_register_bank..
  Creating internal representation of mux trees.
  Evaluating internal representation of mux trees.
  Analyzing evaluation results.
Running muxtree optimizer on module \fallback_fsm..
  Creating internal representation of mux trees.
  Evaluating internal representation of mux trees.
  Analyzing evaluation results.
Running muxtree optimizer on module \status_telemetry..
  Creating internal representation of mux trees.
  No muxes found in this module.
Running muxtree optimizer on module \stream_rx..
  Creating internal representation of mux trees.
  Evaluating internal representation of mux trees.
  Analyzing evaluation results.
Running muxtree optimizer on module \timeout_monitor..
  Creating internal representation of mux trees.
  Evaluating internal representation of mux trees.
  Analyzing evaluation results.
Removed 0 multiplexer ports.
<suppressed ~26 debug messages>

19.14.11. Executing OPT_REDUCE pass (consolidate $*mux and $reduce_* inputs).
  Optimizing cells in module \actuator_clamper.
  Optimizing cells in module \actuator_tx.
  Optimizing cells in module \adaptive_aero_control_top.
  Optimizing cells in module \adaptive_aero_control_top_spi_fpga_top.
  Optimizing cells in module \command_validator.
  Optimizing cells in module \control_register_bank.
  Optimizing cells in module \fallback_fsm.
  Optimizing cells in module \status_telemetry.
  Optimizing cells in module \stream_rx.
  Optimizing cells in module \timeout_monitor.
Performed a total of 0 changes.

19.14.12. Executing OPT_MERGE pass (detect identical cells).
Finding identical cells in module `\actuator_clamper'.
Finding identical cells in module `\actuator_tx'.
Finding identical cells in module `\adaptive_aero_control_top'.
Finding identical cells in module `\adaptive_aero_control_top_spi_fpga_top'.
Finding identical cells in module `\command_validator'.
Finding identical cells in module `\control_register_bank'.
Finding identical cells in module `\fallback_fsm'.
Finding identical cells in module `\status_telemetry'.
Finding identical cells in module `\stream_rx'.
Finding identical cells in module `\timeout_monitor'.
Removed a total of 0 cells.

19.14.13. Executing OPT_DFF pass (perform DFF optimizations).

19.14.14. Executing OPT_CLEAN pass (remove unused cells and wires).
Finding unused cells or wires in module \actuator_clamper..
Finding unused cells or wires in module \actuator_tx..
Finding unused cells or wires in module \adaptive_aero_control_top..
Finding unused cells or wires in module \adaptive_aero_control_top_spi_fpga_top..
Finding unused cells or wires in module \command_validator..
Finding unused cells or wires in module \control_register_bank..
Finding unused cells or wires in module \fallback_fsm..
Finding unused cells or wires in module \status_telemetry..
Finding unused cells or wires in module \stream_rx..
Finding unused cells or wires in module \timeout_monitor..

19.14.15. Executing OPT_EXPR pass (perform const folding).
Optimizing module actuator_clamper.
Optimizing module actuator_tx.
Optimizing module adaptive_aero_control_top.
Optimizing module adaptive_aero_control_top_spi_fpga_top.
Optimizing module command_validator.
Optimizing module control_register_bank.
Optimizing module fallback_fsm.
Optimizing module status_telemetry.
Optimizing module stream_rx.
Optimizing module timeout_monitor.

19.14.16. Finished OPT passes. (There is nothing left to do.)

19.15. Executing MEMORY pass.

19.15.1. Executing OPT_MEM pass (optimize memories).
Performed a total of 0 transformations.

19.15.2. Executing OPT_MEM_PRIORITY pass (removing unnecessary memory write priority relations).
Performed a total of 0 transformations.

19.15.3. Executing OPT_MEM_FEEDBACK pass (finding memory read-to-write feedback paths).

19.15.4. Executing MEMORY_BMUX2ROM pass (converting muxes to ROMs).

19.15.5. Executing MEMORY_DFF pass (merging $dff cells to $memrd).

19.15.6. Executing OPT_CLEAN pass (remove unused cells and wires).
Finding unused cells or wires in module \actuator_clamper..
Finding unused cells or wires in module \actuator_tx..
Finding unused cells or wires in module \adaptive_aero_control_top..
Finding unused cells or wires in module \adaptive_aero_control_top_spi_fpga_top..
Finding unused cells or wires in module \command_validator..
Finding unused cells or wires in module \control_register_bank..
Finding unused cells or wires in module \fallback_fsm..
Finding unused cells or wires in module \status_telemetry..
Finding unused cells or wires in module \stream_rx..
Finding unused cells or wires in module \timeout_monitor..

19.15.7. Executing MEMORY_SHARE pass (consolidating $memrd/$memwr cells).

19.15.8. Executing OPT_MEM_WIDEN pass (optimize memories where all ports are wide).
Performed a total of 0 transformations.

19.15.9. Executing OPT_CLEAN pass (remove unused cells and wires).
Finding unused cells or wires in module \actuator_clamper..
Finding unused cells or wires in module \actuator_tx..
Finding unused cells or wires in module \adaptive_aero_control_top..
Finding unused cells or wires in module \adaptive_aero_control_top_spi_fpga_top..
Finding unused cells or wires in module \command_validator..
Finding unused cells or wires in module \control_register_bank..
Finding unused cells or wires in module \fallback_fsm..
Finding unused cells or wires in module \status_telemetry..
Finding unused cells or wires in module \stream_rx..
Finding unused cells or wires in module \timeout_monitor..

19.15.10. Executing MEMORY_COLLECT pass (generating $mem cells).

19.16. Executing OPT_CLEAN pass (remove unused cells and wires).
Finding unused cells or wires in module \actuator_clamper..
Finding unused cells or wires in module \actuator_tx..
Finding unused cells or wires in module \adaptive_aero_control_top..
Finding unused cells or wires in module \adaptive_aero_control_top_spi_fpga_top..
Finding unused cells or wires in module \command_validator..
Finding unused cells or wires in module \control_register_bank..
Finding unused cells or wires in module \fallback_fsm..
Finding unused cells or wires in module \status_telemetry..
Finding unused cells or wires in module \stream_rx..
Finding unused cells or wires in module \timeout_monitor..

19.17. Executing OPT pass (performing simple optimizations).

19.17.1. Executing OPT_EXPR pass (perform const folding).
Optimizing module actuator_clamper.
<suppressed ~3 debug messages>
Optimizing module actuator_tx.
<suppressed ~3 debug messages>
Optimizing module adaptive_aero_control_top.
Optimizing module adaptive_aero_control_top_spi_fpga_top.
Optimizing module command_validator.
<suppressed ~8 debug messages>
Optimizing module control_register_bank.
<suppressed ~2 debug messages>
Optimizing module fallback_fsm.
<suppressed ~2 debug messages>
Optimizing module status_telemetry.
Optimizing module stream_rx.
<suppressed ~2 debug messages>
Optimizing module timeout_monitor.
<suppressed ~5 debug messages>

19.17.2. Executing OPT_MERGE pass (detect identical cells).
Finding identical cells in module `\actuator_clamper'.
Finding identical cells in module `\actuator_tx'.
Finding identical cells in module `\adaptive_aero_control_top'.
Finding identical cells in module `\adaptive_aero_control_top_spi_fpga_top'.
Finding identical cells in module `\command_validator'.
<suppressed ~3 debug messages>
Finding identical cells in module `\control_register_bank'.
Finding identical cells in module `\fallback_fsm'.
Finding identical cells in module `\status_telemetry'.
Finding identical cells in module `\stream_rx'.
Finding identical cells in module `\timeout_monitor'.
Removed a total of 1 cells.

19.17.3. Executing OPT_DFF pass (perform DFF optimizations).

19.17.4. Executing OPT_CLEAN pass (remove unused cells and wires).
Finding unused cells or wires in module \actuator_clamper..
Finding unused cells or wires in module \actuator_tx..
Finding unused cells or wires in module \adaptive_aero_control_top..
Finding unused cells or wires in module \adaptive_aero_control_top_spi_fpga_top..
Finding unused cells or wires in module \command_validator..
Finding unused cells or wires in module \control_register_bank..
Finding unused cells or wires in module \fallback_fsm..
Finding unused cells or wires in module \status_telemetry..
Finding unused cells or wires in module \stream_rx..
Finding unused cells or wires in module \timeout_monitor..
Removed 0 unused cells and 9 unused wires.
<suppressed ~3 debug messages>

19.17.5. Finished fast OPT passes.

19.18. Executing MEMORY_MAP pass (converting memories to logic and flip-flops).

19.19. Executing OPT pass (performing simple optimizations).

19.19.1. Executing OPT_EXPR pass (perform const folding).
Optimizing module actuator_clamper.
Optimizing module actuator_tx.
Optimizing module adaptive_aero_control_top.
Optimizing module adaptive_aero_control_top_spi_fpga_top.
Optimizing module command_validator.
Optimizing module control_register_bank.
Optimizing module fallback_fsm.
Optimizing module status_telemetry.
Optimizing module stream_rx.
Optimizing module timeout_monitor.
<suppressed ~1 debug messages>

19.19.2. Executing OPT_MERGE pass (detect identical cells).
Finding identical cells in module `\actuator_clamper'.
Finding identical cells in module `\actuator_tx'.
Finding identical cells in module `\adaptive_aero_control_top'.
Finding identical cells in module `\adaptive_aero_control_top_spi_fpga_top'.
Finding identical cells in module `\command_validator'.
Finding identical cells in module `\control_register_bank'.
Finding identical cells in module `\fallback_fsm'.
Finding identical cells in module `\status_telemetry'.
Finding identical cells in module `\stream_rx'.
Finding identical cells in module `\timeout_monitor'.
<suppressed ~6 debug messages>
Removed a total of 2 cells.

19.19.3. Executing OPT_MUXTREE pass (detect dead branches in mux trees).
Running muxtree optimizer on module \actuator_clamper..
  Creating internal representation of mux trees.
  Evaluating internal representation of mux trees.
  Analyzing evaluation results.
Running muxtree optimizer on module \actuator_tx..
  Creating internal representation of mux trees.
  Evaluating internal representation of mux trees.
  Analyzing evaluation results.
Running muxtree optimizer on module \adaptive_aero_control_top..
  Creating internal representation of mux trees.
  No muxes found in this module.
Running muxtree optimizer on module \adaptive_aero_control_top_spi_fpga_top..
  Creating internal representation of mux trees.
  Evaluating internal representation of mux trees.
  Analyzing evaluation results.
Running muxtree optimizer on module \command_validator..
  Creating internal representation of mux trees.
  Evaluating internal representation of mux trees.
  Analyzing evaluation results.
Running muxtree optimizer on module \control_register_bank..
  Creating internal representation of mux trees.
  Evaluating internal representation of mux trees.
  Analyzing evaluation results.
Running muxtree optimizer on module \fallback_fsm..
  Creating internal representation of mux trees.
  Evaluating internal representation of mux trees.
  Analyzing evaluation results.
Running muxtree optimizer on module \status_telemetry..
  Creating internal representation of mux trees.
  No muxes found in this module.
Running muxtree optimizer on module \stream_rx..
  Creating internal representation of mux trees.
  No muxes found in this module.
Running muxtree optimizer on module \timeout_monitor..
  Creating internal representation of mux trees.
  Evaluating internal representation of mux trees.
  Analyzing evaluation results.
Removed 0 multiplexer ports.
<suppressed ~16 debug messages>

19.19.4. Executing OPT_REDUCE pass (consolidate $*mux and $reduce_* inputs).
  Optimizing cells in module \actuator_clamper.
  Optimizing cells in module \actuator_tx.
    Consolidated identical input bits for $mux cell $procmux$324:
      Old ports: A=48'000000000000000000000000000000000000000000000000, B={ \final_command_mode \safety_flags 36'000000000000000000000000000000000000 }, Y=$0\model_req_data[63:0] [47:0]
      New ports: A=12'000000000000, B={ \final_command_mode \safety_flags }, Y=$0\model_req_data[63:0] [47:36]
      New connections: $0\model_req_data[63:0] [35:0] = 36'000000000000000000000000000000000000
  Optimizing cells in module \actuator_tx.
  Optimizing cells in module \adaptive_aero_control_top.
  Optimizing cells in module \adaptive_aero_control_top_spi_fpga_top.
    Consolidated identical input bits for $mux cell $procmux$376:
      Old ports: A={ \tx_snapshot [196:0] 1'0 }, B={ \tx_shift [196:0] 1'0 }, Y=$procmux$376_Y
      New ports: A=\tx_snapshot [196:0], B=\tx_shift [196:0], Y=$procmux$376_Y [197:1]
      New connections: $procmux$376_Y [0] = 1'0
  Optimizing cells in module \adaptive_aero_control_top_spi_fpga_top.
  Optimizing cells in module \command_validator.
  Optimizing cells in module \control_register_bank.
  Optimizing cells in module \fallback_fsm.
  Optimizing cells in module \status_telemetry.
  Optimizing cells in module \stream_rx.
  Optimizing cells in module \timeout_monitor.
Performed a total of 2 changes.

19.19.5. Executing OPT_MERGE pass (detect identical cells).
Finding identical cells in module `\actuator_clamper'.
Finding identical cells in module `\actuator_tx'.
Finding identical cells in module `\adaptive_aero_control_top'.
Finding identical cells in module `\adaptive_aero_control_top_spi_fpga_top'.
Finding identical cells in module `\command_validator'.
Finding identical cells in module `\control_register_bank'.
Finding identical cells in module `\fallback_fsm'.
Finding identical cells in module `\status_telemetry'.
Finding identical cells in module `\stream_rx'.
Finding identical cells in module `\timeout_monitor'.
Removed a total of 0 cells.

19.19.6. Executing OPT_SHARE pass.
    Found cells that share an operand and can be merged by moving the $mux $procmux$340 in front of them:
        $auto$alumacc.cc:485:replace_alu$596
        $auto$alumacc.cc:485:replace_alu$581

19.19.7. Executing OPT_DFF pass (perform DFF optimizations).

19.19.8. Executing OPT_CLEAN pass (remove unused cells and wires).
Finding unused cells or wires in module \actuator_clamper..
Finding unused cells or wires in module \actuator_tx..
Finding unused cells or wires in module \adaptive_aero_control_top..
Finding unused cells or wires in module \adaptive_aero_control_top_spi_fpga_top..
Finding unused cells or wires in module \command_validator..
Finding unused cells or wires in module \control_register_bank..
Finding unused cells or wires in module \fallback_fsm..
Finding unused cells or wires in module \status_telemetry..
Finding unused cells or wires in module \stream_rx..
Finding unused cells or wires in module \timeout_monitor..
Removed 0 unused cells and 8 unused wires.
<suppressed ~2 debug messages>

19.19.9. Executing OPT_EXPR pass (perform const folding).
Optimizing module actuator_clamper.
<suppressed ~1 debug messages>
Optimizing module actuator_tx.
Optimizing module adaptive_aero_control_top.
Optimizing module adaptive_aero_control_top_spi_fpga_top.
Optimizing module command_validator.
Optimizing module control_register_bank.
Optimizing module fallback_fsm.
Optimizing module status_telemetry.
Optimizing module stream_rx.
Optimizing module timeout_monitor.

19.19.10. Rerunning OPT passes. (Maybe there is more to do..)

19.19.11. Executing OPT_MUXTREE pass (detect dead branches in mux trees).
Running muxtree optimizer on module \actuator_clamper..
  Creating internal representation of mux trees.
  Evaluating internal representation of mux trees.
  Analyzing evaluation results.
Running muxtree optimizer on module \actuator_tx..
  Creating internal representation of mux trees.
  Evaluating internal representation of mux trees.
  Analyzing evaluation results.
Running muxtree optimizer on module \adaptive_aero_control_top..
  Creating internal representation of mux trees.
  No muxes found in this module.
Running muxtree optimizer on module \adaptive_aero_control_top_spi_fpga_top..
  Creating internal representation of mux trees.
  Evaluating internal representation of mux trees.
  Analyzing evaluation results.
Running muxtree optimizer on module \command_validator..
  Creating internal representation of mux trees.
  Evaluating internal representation of mux trees.
  Analyzing evaluation results.
Running muxtree optimizer on module \control_register_bank..
  Creating internal representation of mux trees.
  Evaluating internal representation of mux trees.
  Analyzing evaluation results.
Running muxtree optimizer on module \fallback_fsm..
  Creating internal representation of mux trees.
  Evaluating internal representation of mux trees.
  Analyzing evaluation results.
Running muxtree optimizer on module \status_telemetry..
  Creating internal representation of mux trees.
  No muxes found in this module.
Running muxtree optimizer on module \stream_rx..
  Creating internal representation of mux trees.
  No muxes found in this module.
Running muxtree optimizer on module \timeout_monitor..
  Creating internal representation of mux trees.
  Evaluating internal representation of mux trees.
  Analyzing evaluation results.
Removed 0 multiplexer ports.
<suppressed ~17 debug messages>

19.19.12. Executing OPT_REDUCE pass (consolidate $*mux and $reduce_* inputs).
  Optimizing cells in module \actuator_clamper.
  Optimizing cells in module \actuator_tx.
  Optimizing cells in module \adaptive_aero_control_top.
  Optimizing cells in module \adaptive_aero_control_top_spi_fpga_top.
  Optimizing cells in module \command_validator.
  Optimizing cells in module \control_register_bank.
  Optimizing cells in module \fallback_fsm.
  Optimizing cells in module \status_telemetry.
  Optimizing cells in module \stream_rx.
  Optimizing cells in module \timeout_monitor.
Performed a total of 0 changes.

19.19.13. Executing OPT_MERGE pass (detect identical cells).
Finding identical cells in module `\actuator_clamper'.
Finding identical cells in module `\actuator_tx'.
Finding identical cells in module `\adaptive_aero_control_top'.
Finding identical cells in module `\adaptive_aero_control_top_spi_fpga_top'.
Finding identical cells in module `\command_validator'.
Finding identical cells in module `\control_register_bank'.
Finding identical cells in module `\fallback_fsm'.
Finding identical cells in module `\status_telemetry'.
Finding identical cells in module `\stream_rx'.
Finding identical cells in module `\timeout_monitor'.
Removed a total of 0 cells.

19.19.14. Executing OPT_SHARE pass.

19.19.15. Executing OPT_DFF pass (perform DFF optimizations).
Setting constant 0-bit at position 0 on $procdff$428 ($adff) from module actuator_tx.
Setting constant 0-bit at position 1 on $procdff$428 ($adff) from module actuator_tx.
Setting constant 0-bit at position 2 on $procdff$428 ($adff) from module actuator_tx.
Setting constant 0-bit at position 3 on $procdff$428 ($adff) from module actuator_tx.
Setting constant 0-bit at position 4 on $procdff$428 ($adff) from module actuator_tx.
Setting constant 0-bit at position 5 on $procdff$428 ($adff) from module actuator_tx.
Setting constant 0-bit at position 6 on $procdff$428 ($adff) from module actuator_tx.
Setting constant 0-bit at position 7 on $procdff$428 ($adff) from module actuator_tx.
Setting constant 0-bit at position 8 on $procdff$428 ($adff) from module actuator_tx.
Setting constant 0-bit at position 9 on $procdff$428 ($adff) from module actuator_tx.
Setting constant 0-bit at position 10 on $procdff$428 ($adff) from module actuator_tx.
Setting constant 0-bit at position 11 on $procdff$428 ($adff) from module actuator_tx.
Setting constant 0-bit at position 12 on $procdff$428 ($adff) from module actuator_tx.
Setting constant 0-bit at position 13 on $procdff$428 ($adff) from module actuator_tx.
Setting constant 0-bit at position 14 on $procdff$428 ($adff) from module actuator_tx.
Setting constant 0-bit at position 15 on $procdff$428 ($adff) from module actuator_tx.
Setting constant 0-bit at position 16 on $procdff$428 ($adff) from module actuator_tx.
Setting constant 0-bit at position 17 on $procdff$428 ($adff) from module actuator_tx.
Setting constant 0-bit at position 18 on $procdff$428 ($adff) from module actuator_tx.
Setting constant 0-bit at position 19 on $procdff$428 ($adff) from module actuator_tx.
Setting constant 0-bit at position 20 on $procdff$428 ($adff) from module actuator_tx.
Setting constant 0-bit at position 21 on $procdff$428 ($adff) from module actuator_tx.
Setting constant 0-bit at position 22 on $procdff$428 ($adff) from module actuator_tx.
Setting constant 0-bit at position 23 on $procdff$428 ($adff) from module actuator_tx.
Setting constant 0-bit at position 24 on $procdff$428 ($adff) from module actuator_tx.
Setting constant 0-bit at position 25 on $procdff$428 ($adff) from module actuator_tx.
Setting constant 0-bit at position 26 on $procdff$428 ($adff) from module actuator_tx.
Setting constant 0-bit at position 27 on $procdff$428 ($adff) from module actuator_tx.
Setting constant 0-bit at position 28 on $procdff$428 ($adff) from module actuator_tx.
Setting constant 0-bit at position 29 on $procdff$428 ($adff) from module actuator_tx.
Setting constant 0-bit at position 30 on $procdff$428 ($adff) from module actuator_tx.
Setting constant 0-bit at position 31 on $procdff$428 ($adff) from module actuator_tx.
Setting constant 0-bit at position 32 on $procdff$428 ($adff) from module actuator_tx.
Setting constant 0-bit at position 33 on $procdff$428 ($adff) from module actuator_tx.
Setting constant 0-bit at position 34 on $procdff$428 ($adff) from module actuator_tx.
Setting constant 0-bit at position 35 on $procdff$428 ($adff) from module actuator_tx.
Setting constant 0-bit at position 0 on $auto$ff.cc:266:slice$555 ($dffe) from module adaptive_aero_control_top_spi_fpga_top.

19.19.16. Executing OPT_CLEAN pass (remove unused cells and wires).
Finding unused cells or wires in module \actuator_clamper..
Finding unused cells or wires in module \actuator_tx..
Finding unused cells or wires in module \adaptive_aero_control_top..
Finding unused cells or wires in module \adaptive_aero_control_top_spi_fpga_top..
Finding unused cells or wires in module \command_validator..
Finding unused cells or wires in module \control_register_bank..
Finding unused cells or wires in module \fallback_fsm..
Finding unused cells or wires in module \status_telemetry..
Finding unused cells or wires in module \stream_rx..
Finding unused cells or wires in module \timeout_monitor..
Removed 0 unused cells and 1 unused wires.
<suppressed ~1 debug messages>

19.19.17. Executing OPT_EXPR pass (perform const folding).
Optimizing module actuator_clamper.
Optimizing module actuator_tx.
Optimizing module adaptive_aero_control_top.
Optimizing module adaptive_aero_control_top_spi_fpga_top.
Optimizing module command_validator.
Optimizing module control_register_bank.
Optimizing module fallback_fsm.
Optimizing module status_telemetry.
Optimizing module stream_rx.
Optimizing module timeout_monitor.

19.19.18. Rerunning OPT passes. (Maybe there is more to do..)

19.19.19. Executing OPT_MUXTREE pass (detect dead branches in mux trees).
Running muxtree optimizer on module \actuator_clamper..
  Creating internal representation of mux trees.
  Evaluating internal representation of mux trees.
  Analyzing evaluation results.
Running muxtree optimizer on module \actuator_tx..
  Creating internal representation of mux trees.
  Evaluating internal representation of mux trees.
  Analyzing evaluation results.
Running muxtree optimizer on module \adaptive_aero_control_top..
  Creating internal representation of mux trees.
  No muxes found in this module.
Running muxtree optimizer on module \adaptive_aero_control_top_spi_fpga_top..
  Creating internal representation of mux trees.
  Evaluating internal representation of mux trees.
  Analyzing evaluation results.
Running muxtree optimizer on module \command_validator..
  Creating internal representation of mux trees.
  Evaluating internal representation of mux trees.
  Analyzing evaluation results.
Running muxtree optimizer on module \control_register_bank..
  Creating internal representation of mux trees.
  Evaluating internal representation of mux trees.
  Analyzing evaluation results.
Running muxtree optimizer on module \fallback_fsm..
  Creating internal representation of mux trees.
  Evaluating internal representation of mux trees.
  Analyzing evaluation results.
Running muxtree optimizer on module \status_telemetry..
  Creating internal representation of mux trees.
  No muxes found in this module.
Running muxtree optimizer on module \stream_rx..
  Creating internal representation of mux trees.
  No muxes found in this module.
Running muxtree optimizer on module \timeout_monitor..
  Creating internal representation of mux trees.
  Evaluating internal representation of mux trees.
  Analyzing evaluation results.
Removed 0 multiplexer ports.
<suppressed ~17 debug messages>

19.19.20. Executing OPT_REDUCE pass (consolidate $*mux and $reduce_* inputs).
  Optimizing cells in module \actuator_clamper.
  Optimizing cells in module \actuator_tx.
  Optimizing cells in module \adaptive_aero_control_top.
  Optimizing cells in module \adaptive_aero_control_top_spi_fpga_top.
  Optimizing cells in module \command_validator.
  Optimizing cells in module \control_register_bank.
  Optimizing cells in module \fallback_fsm.
  Optimizing cells in module \status_telemetry.
  Optimizing cells in module \stream_rx.
  Optimizing cells in module \timeout_monitor.
Performed a total of 0 changes.

19.19.21. Executing OPT_MERGE pass (detect identical cells).
Finding identical cells in module `\actuator_clamper'.
Finding identical cells in module `\actuator_tx'.
Finding identical cells in module `\adaptive_aero_control_top'.
Finding identical cells in module `\adaptive_aero_control_top_spi_fpga_top'.
Finding identical cells in module `\command_validator'.
Finding identical cells in module `\control_register_bank'.
Finding identical cells in module `\fallback_fsm'.
Finding identical cells in module `\status_telemetry'.
Finding identical cells in module `\stream_rx'.
Finding identical cells in module `\timeout_monitor'.
Removed a total of 0 cells.

19.19.22. Executing OPT_SHARE pass.

19.19.23. Executing OPT_DFF pass (perform DFF optimizations).
Adding SRST signal on $auto$ff.cc:266:slice$643 ($dffe) from module adaptive_aero_control_top_spi_fpga_top (D = \tx_snapshot [0], Q = \tx_shift [1], rval = 1'0).

19.19.24. Executing OPT_CLEAN pass (remove unused cells and wires).
Finding unused cells or wires in module \actuator_clamper..
Finding unused cells or wires in module \actuator_tx..
Finding unused cells or wires in module \adaptive_aero_control_top..
Finding unused cells or wires in module \adaptive_aero_control_top_spi_fpga_top..
Finding unused cells or wires in module \command_validator..
Finding unused cells or wires in module \control_register_bank..
Finding unused cells or wires in module \fallback_fsm..
Finding unused cells or wires in module \status_telemetry..
Finding unused cells or wires in module \stream_rx..
Finding unused cells or wires in module \timeout_monitor..

19.19.25. Executing OPT_EXPR pass (perform const folding).
Optimizing module actuator_clamper.
Optimizing module actuator_tx.
Optimizing module adaptive_aero_control_top.
Optimizing module adaptive_aero_control_top_spi_fpga_top.
Optimizing module command_validator.
Optimizing module control_register_bank.
Optimizing module fallback_fsm.
Optimizing module status_telemetry.
Optimizing module stream_rx.
Optimizing module timeout_monitor.

19.19.26. Rerunning OPT passes. (Maybe there is more to do..)

19.19.27. Executing OPT_MUXTREE pass (detect dead branches in mux trees).
Running muxtree optimizer on module \actuator_clamper..
  Creating internal representation of mux trees.
  Evaluating internal representation of mux trees.
  Analyzing evaluation results.
Running muxtree optimizer on module \actuator_tx..
  Creating internal representation of mux trees.
  Evaluating internal representation of mux trees.
  Analyzing evaluation results.
Running muxtree optimizer on module \adaptive_aero_control_top..
  Creating internal representation of mux trees.
  No muxes found in this module.
Running muxtree optimizer on module \adaptive_aero_control_top_spi_fpga_top..
  Creating internal representation of mux trees.
  Evaluating internal representation of mux trees.
  Analyzing evaluation results.
Running muxtree optimizer on module \command_validator..
  Creating internal representation of mux trees.
  Evaluating internal representation of mux trees.
  Analyzing evaluation results.
Running muxtree optimizer on module \control_register_bank..
  Creating internal representation of mux trees.
  Evaluating internal representation of mux trees.
  Analyzing evaluation results.
Running muxtree optimizer on module \fallback_fsm..
  Creating internal representation of mux trees.
  Evaluating internal representation of mux trees.
  Analyzing evaluation results.
Running muxtree optimizer on module \status_telemetry..
  Creating internal representation of mux trees.
  No muxes found in this module.
Running muxtree optimizer on module \stream_rx..
  Creating internal representation of mux trees.
  No muxes found in this module.
Running muxtree optimizer on module \timeout_monitor..
  Creating internal representation of mux trees.
  Evaluating internal representation of mux trees.
  Analyzing evaluation results.
Removed 0 multiplexer ports.
<suppressed ~17 debug messages>

19.19.28. Executing OPT_REDUCE pass (consolidate $*mux and $reduce_* inputs).
  Optimizing cells in module \actuator_clamper.
  Optimizing cells in module \actuator_tx.
  Optimizing cells in module \adaptive_aero_control_top.
  Optimizing cells in module \adaptive_aero_control_top_spi_fpga_top.
  Optimizing cells in module \command_validator.
  Optimizing cells in module \control_register_bank.
  Optimizing cells in module \fallback_fsm.
  Optimizing cells in module \status_telemetry.
  Optimizing cells in module \stream_rx.
  Optimizing cells in module \timeout_monitor.
Performed a total of 0 changes.

19.19.29. Executing OPT_MERGE pass (detect identical cells).
Finding identical cells in module `\actuator_clamper'.
Finding identical cells in module `\actuator_tx'.
Finding identical cells in module `\adaptive_aero_control_top'.
Finding identical cells in module `\adaptive_aero_control_top_spi_fpga_top'.
Finding identical cells in module `\command_validator'.
Finding identical cells in module `\control_register_bank'.
Finding identical cells in module `\fallback_fsm'.
Finding identical cells in module `\status_telemetry'.
Finding identical cells in module `\stream_rx'.
Finding identical cells in module `\timeout_monitor'.
Removed a total of 0 cells.

19.19.30. Executing OPT_SHARE pass.

19.19.31. Executing OPT_DFF pass (perform DFF optimizations).

19.19.32. Executing OPT_CLEAN pass (remove unused cells and wires).
Finding unused cells or wires in module \actuator_clamper..
Finding unused cells or wires in module \actuator_tx..
Finding unused cells or wires in module \adaptive_aero_control_top..
Finding unused cells or wires in module \adaptive_aero_control_top_spi_fpga_top..
Finding unused cells or wires in module \command_validator..
Finding unused cells or wires in module \control_register_bank..
Finding unused cells or wires in module \fallback_fsm..
Finding unused cells or wires in module \status_telemetry..
Finding unused cells or wires in module \stream_rx..
Finding unused cells or wires in module \timeout_monitor..

19.19.33. Executing OPT_EXPR pass (perform const folding).
Optimizing module actuator_clamper.
Optimizing module actuator_tx.
Optimizing module adaptive_aero_control_top.
Optimizing module adaptive_aero_control_top_spi_fpga_top.
Optimizing module command_validator.
Optimizing module control_register_bank.
Optimizing module fallback_fsm.
Optimizing module status_telemetry.
Optimizing module stream_rx.
Optimizing module timeout_monitor.

19.19.34. Finished OPT passes. (There is nothing left to do.)

19.20. Executing TECHMAP pass (map to technology primitives).

19.20.1. Executing Verilog-2005 frontend: /usr/bin/../share/yosys/techmap.v
Parsing Verilog input from `/usr/bin/../share/yosys/techmap.v' to AST representation.
Generating RTLIL representation for module `\_90_simplemap_bool_ops'.
Generating RTLIL representation for module `\_90_simplemap_reduce_ops'.
Generating RTLIL representation for module `\_90_simplemap_logic_ops'.
Generating RTLIL representation for module `\_90_simplemap_compare_ops'.
Generating RTLIL representation for module `\_90_simplemap_various'.
Generating RTLIL representation for module `\_90_simplemap_registers'.
Generating RTLIL representation for module `\_90_shift_ops_shr_shl_sshl_sshr'.
Generating RTLIL representation for module `\_90_shift_shiftx'.
Generating RTLIL representation for module `\_90_fa'.
Generating RTLIL representation for module `\_90_lcu'.
Generating RTLIL representation for module `\_90_alu'.
Generating RTLIL representation for module `\_90_macc'.
Generating RTLIL representation for module `\_90_alumacc'.
Generating RTLIL representation for module `\$__div_mod_u'.
Generating RTLIL representation for module `\$__div_mod_trunc'.
Generating RTLIL representation for module `\_90_div'.
Generating RTLIL representation for module `\_90_mod'.
Generating RTLIL representation for module `\$__div_mod_floor'.
Generating RTLIL representation for module `\_90_divfloor'.
Generating RTLIL representation for module `\_90_modfloor'.
Generating RTLIL representation for module `\_90_pow'.
Generating RTLIL representation for module `\_90_pmux'.
Generating RTLIL representation for module `\_90_demux'.
Generating RTLIL representation for module `\_90_lut'.
Successfully finished Verilog frontend.

19.20.2. Continuing TECHMAP pass.
Using extmapper simplemap for cells of type $reduce_or.
Using extmapper simplemap for cells of type $not.
Using extmapper simplemap for cells of type $or.
Using extmapper simplemap for cells of type $reduce_and.
Using template $paramod$6df0329addda9228fcc2546de2aaf14ad26c98e1\_90_alu for cells of type $alu.
Using extmapper simplemap for cells of type $logic_not.
Using extmapper simplemap for cells of type $logic_or.
Using extmapper simplemap for cells of type $logic_and.
Using template $paramod$2af30114e9bd4ccb04dad757b3f0a8f6bf0615b0\_90_alu for cells of type $alu.
Using extmapper simplemap for cells of type $and.
Using extmapper simplemap for cells of type $mux.
Using extmapper simplemap for cells of type $ne.
Using extmapper simplemap for cells of type $adffe.
Using extmapper simplemap for cells of type $adff.
Using extmapper simplemap for cells of type $pos.
Using template $paramod\_90_lcu\WIDTH=32'00000000000000000000000000010000 for cells of type $lcu.
Using extmapper simplemap for cells of type $xor.
Using extmapper simplemap for cells of type $eq.
Using template $paramod$49f1dc3dcd6d2c748486fe94c6744a34a19bbafe\_90_pmux for cells of type $pmux.
Using template $paramod$a1bc51c02ce12ac21eb18988e83292af48ed7d72\_90_alu for cells of type $alu.
Using template $paramod\_90_lcu\WIDTH=32'00000000000000000000000000001000 for cells of type $lcu.
Using extmapper simplemap for cells of type $sdffce.
Using extmapper simplemap for cells of type $dffe.
Using extmapper simplemap for cells of type $reduce_bool.
Using template $paramod$1f812f0514ea3255703342654e053e2c502325cc\_90_alu for cells of type $alu.
Running "alumacc" on wrapper $extern:wrap:$neg:A_SIGNED=0:A_WIDTH=16:Y_WIDTH=16:394426c56d1a028ba8fdd5469b163e04011def47.
Using template $extern:wrap:$neg:A_SIGNED=0:A_WIDTH=16:Y_WIDTH=16:394426c56d1a028ba8fdd5469b163e04011def47 for cells of type $extern:wrap:$neg:A_SIGNED=0:A_WIDTH=16:Y_WIDTH=16:394426c56d1a028ba8fdd5469b163e04011def47.
Using template $paramod$02488ff6fa51b28bbfa470bdd9b0e548b3357746\_90_alu for cells of type $alu.
No more expansions possible.
<suppressed ~1386 debug messages>

19.21. Executing OPT pass (performing simple optimizations).

19.21.1. Executing OPT_EXPR pass (perform const folding).
Optimizing module actuator_clamper.
<suppressed ~274 debug messages>
Optimizing module actuator_tx.
Optimizing module adaptive_aero_control_top.
Optimizing module adaptive_aero_control_top_spi_fpga_top.
Optimizing module command_validator.
<suppressed ~22 debug messages>
Optimizing module control_register_bank.
<suppressed ~300 debug messages>
Optimizing module fallback_fsm.
<suppressed ~1 debug messages>
Optimizing module status_telemetry.
Optimizing module stream_rx.
Optimizing module timeout_monitor.
<suppressed ~114 debug messages>

19.21.2. Executing OPT_MERGE pass (detect identical cells).
Finding identical cells in module `\actuator_clamper'.
<suppressed ~132 debug messages>
Finding identical cells in module `\actuator_tx'.
Finding identical cells in module `\adaptive_aero_control_top'.
Finding identical cells in module `\adaptive_aero_control_top_spi_fpga_top'.
Finding identical cells in module `\command_validator'.
<suppressed ~24 debug messages>
Finding identical cells in module `\control_register_bank'.
<suppressed ~57 debug messages>
Finding identical cells in module `\fallback_fsm'.
<suppressed ~6 debug messages>
Finding identical cells in module `\status_telemetry'.
Finding identical cells in module `\stream_rx'.
<suppressed ~45 debug messages>
Finding identical cells in module `\timeout_monitor'.
<suppressed ~42 debug messages>
Removed a total of 102 cells.

19.21.3. Executing OPT_DFF pass (perform DFF optimizations).

19.21.4. Executing OPT_CLEAN pass (remove unused cells and wires).
Finding unused cells or wires in module \actuator_clamper..
Finding unused cells or wires in module \actuator_tx..
Finding unused cells or wires in module \adaptive_aero_control_top..
Finding unused cells or wires in module \adaptive_aero_control_top_spi_fpga_top..
Finding unused cells or wires in module \command_validator..
Finding unused cells or wires in module \control_register_bank..
Finding unused cells or wires in module \fallback_fsm..
Finding unused cells or wires in module \status_telemetry..
Finding unused cells or wires in module \stream_rx..
Finding unused cells or wires in module \timeout_monitor..
Removed 205 unused cells and 721 unused wires.
<suppressed ~212 debug messages>

19.21.5. Finished fast OPT passes.

19.22. Executing ABC pass (technology mapping using ABC).

19.22.1. Extracting gate netlist of module `\actuator_clamper' to `<abc-temp-dir>/input.blif'..
Extracted 722 gates and 829 wires to a netlist network with 105 inputs and 50 outputs.

19.22.1.1. Executing ABC.
Running ABC command: "<yosys-exe-dir>/yosys-abc" -s -f <abc-temp-dir>/abc.script 2>&1
ABC: ABC command line: "source <abc-temp-dir>/abc.script".
ABC: 
ABC: + read_blif <abc-temp-dir>/input.blif 
ABC: + read_library <abc-temp-dir>/stdcells.genlib 
ABC: Entered genlib library with 13 gates from file "<abc-temp-dir>/stdcells.genlib".
ABC: + strash 
ABC: + dretime 
ABC: + map 
ABC: + write_blif <abc-temp-dir>/output.blif 

19.22.1.2. Re-integrating ABC results.
ABC RESULTS:                OR cells:       40
ABC RESULTS:               AND cells:        7
ABC RESULTS:              NAND cells:        7
ABC RESULTS:              XNOR cells:       30
ABC RESULTS:               NOR cells:       21
ABC RESULTS:               NOT cells:       26
ABC RESULTS:             ORNOT cells:       68
ABC RESULTS:               XOR cells:       93
ABC RESULTS:               MUX cells:       86
ABC RESULTS:            ANDNOT cells:      234
ABC RESULTS:        internal signals:      674
ABC RESULTS:           input signals:      105
ABC RESULTS:          output signals:       50
Removing temp directory.

19.22.2. Extracting gate netlist of module `\actuator_tx' to `<abc-temp-dir>/input.blif'..
Extracted 80 gates and 177 wires to a netlist network with 96 inputs and 79 outputs.

19.22.2.1. Executing ABC.
Running ABC command: "<yosys-exe-dir>/yosys-abc" -s -f <abc-temp-dir>/abc.script 2>&1
ABC: ABC command line: "source <abc-temp-dir>/abc.script".
ABC: 
ABC: + read_blif <abc-temp-dir>/input.blif 
ABC: + read_library <abc-temp-dir>/stdcells.genlib 
ABC: Entered genlib library with 13 gates from file "<abc-temp-dir>/stdcells.genlib".
ABC: + strash 
ABC: + dretime 
ABC: + map 
ABC: + write_blif <abc-temp-dir>/output.blif 

19.22.2.2. Re-integrating ABC results.
ABC RESULTS:             ORNOT cells:        1
ABC RESULTS:                OR cells:        1
ABC RESULTS:               MUX cells:       28
ABC RESULTS:               AND cells:       48
ABC RESULTS:               NOT cells:        1
ABC RESULTS:        internal signals:        2
ABC RESULTS:           input signals:       96
ABC RESULTS:          output signals:       79
Removing temp directory.

19.22.3. Extracting gate netlist of module `\adaptive_aero_control_top' to `<abc-temp-dir>/input.blif'..
Extracted 0 gates and 0 wires to a netlist network with 0 inputs and 0 outputs.
Don't call ABC as there is nothing to map.
Removing temp directory.

19.22.4. Extracting gate netlist of module `\adaptive_aero_control_top_spi_fpga_top' to `<abc-temp-dir>/input.blif'..
Extracted 199 gates and 596 wires to a netlist network with 397 inputs and 198 outputs.

19.22.4.1. Executing ABC.
Running ABC command: "<yosys-exe-dir>/yosys-abc" -s -f <abc-temp-dir>/abc.script 2>&1
ABC: ABC command line: "source <abc-temp-dir>/abc.script".
ABC: 
ABC: + read_blif <abc-temp-dir>/input.blif 
ABC: + read_library <abc-temp-dir>/stdcells.genlib 
ABC: Entered genlib library with 13 gates from file "<abc-temp-dir>/stdcells.genlib".
ABC: + strash 
ABC: + dretime 
ABC: + map 
ABC: + write_blif <abc-temp-dir>/output.blif 

19.22.4.2. Re-integrating ABC results.
ABC RESULTS:            ANDNOT cells:        1
ABC RESULTS:               MUX cells:      197
ABC RESULTS:        internal signals:        1
ABC RESULTS:           input signals:      397
ABC RESULTS:          output signals:      198
Removing temp directory.

19.22.5. Extracting gate netlist of module `\command_validator' to `<abc-temp-dir>/input.blif'..
Extracted 128 gates and 164 wires to a netlist network with 35 inputs and 12 outputs.

19.22.5.1. Executing ABC.
Running ABC command: "<yosys-exe-dir>/yosys-abc" -s -f <abc-temp-dir>/abc.script 2>&1
ABC: ABC command line: "source <abc-temp-dir>/abc.script".
ABC: 
ABC: + read_blif <abc-temp-dir>/input.blif 
ABC: + read_library <abc-temp-dir>/stdcells.genlib 
ABC: Entered genlib library with 13 gates from file "<abc-temp-dir>/stdcells.genlib".
ABC: + strash 
ABC: + dretime 
ABC: + map 
ABC: + write_blif <abc-temp-dir>/output.blif 

19.22.5.2. Re-integrating ABC results.
ABC RESULTS:               NOT cells:        1
ABC RESULTS:              NAND cells:        2
ABC RESULTS:                OR cells:        8
ABC RESULTS:              XNOR cells:        6
ABC RESULTS:            ANDNOT cells:       45
ABC RESULTS:               NOR cells:        5
ABC RESULTS:             ORNOT cells:       18
ABC RESULTS:               XOR cells:       17
ABC RESULTS:        internal signals:      117
ABC RESULTS:           input signals:       35
ABC RESULTS:          output signals:       12
Removing temp directory.

19.22.6. Extracting gate netlist of module `\control_register_bank' to `<abc-temp-dir>/input.blif'..
Extracted 217 gates and 305 wires to a netlist network with 87 inputs and 39 outputs.

19.22.6.1. Executing ABC.
Running ABC command: "<yosys-exe-dir>/yosys-abc" -s -f <abc-temp-dir>/abc.script 2>&1
ABC: ABC command line: "source <abc-temp-dir>/abc.script".
ABC: 
ABC: + read_blif <abc-temp-dir>/input.blif 
ABC: + read_library <abc-temp-dir>/stdcells.genlib 
ABC: Entered genlib library with 13 gates from file "<abc-temp-dir>/stdcells.genlib".
ABC: + strash 
ABC: + dretime 
ABC: + map 
ABC: + write_blif <abc-temp-dir>/output.blif 

19.22.6.2. Re-integrating ABC results.
ABC RESULTS:               NOR cells:        1
ABC RESULTS:              NAND cells:        4
ABC RESULTS:               AND cells:        2
ABC RESULTS:                OR cells:       38
ABC RESULTS:             ORNOT cells:       36
ABC RESULTS:            ANDNOT cells:      125
ABC RESULTS:        internal signals:      179
ABC RESULTS:           input signals:       87
ABC RESULTS:          output signals:       39
Removing temp directory.

19.22.7. Extracting gate netlist of module `\fallback_fsm' to `<abc-temp-dir>/input.blif'..
Extracted 73 gates and 120 wires to a netlist network with 45 inputs and 23 outputs.

19.22.7.1. Executing ABC.
Running ABC command: "<yosys-exe-dir>/yosys-abc" -s -f <abc-temp-dir>/abc.script 2>&1
ABC: ABC command line: "source <abc-temp-dir>/abc.script".
ABC: 
ABC: + read_blif <abc-temp-dir>/input.blif 
ABC: + read_library <abc-temp-dir>/stdcells.genlib 
ABC: Entered genlib library with 13 gates from file "<abc-temp-dir>/stdcells.genlib".
ABC: + strash 
ABC: + dretime 
ABC: + map 
ABC: + write_blif <abc-temp-dir>/output.blif 

19.22.7.2. Re-integrating ABC results.
ABC RESULTS:              NAND cells:        1
ABC RESULTS:               AND cells:        1
ABC RESULTS:             ORNOT cells:        1
ABC RESULTS:               MUX cells:       52
ABC RESULTS:               NOR cells:        1
ABC RESULTS:            ANDNOT cells:        9
ABC RESULTS:                OR cells:        6
ABC RESULTS:        internal signals:       52
ABC RESULTS:           input signals:       45
ABC RESULTS:          output signals:       23
Removing temp directory.

19.22.8. Extracting gate netlist of module `\status_telemetry' to `<abc-temp-dir>/input.blif'..
Extracted 0 gates and 0 wires to a netlist network with 0 inputs and 0 outputs.
Don't call ABC as there is nothing to map.
Removing temp directory.

19.22.9. Extracting gate netlist of module `\stream_rx' to `<abc-temp-dir>/input.blif'..
Extracted 67 gates and 141 wires to a netlist network with 74 inputs and 12 outputs.

19.22.9.1. Executing ABC.
Running ABC command: "<yosys-exe-dir>/yosys-abc" -s -f <abc-temp-dir>/abc.script 2>&1
ABC: ABC command line: "source <abc-temp-dir>/abc.script".
ABC: 
ABC: + read_blif <abc-temp-dir>/input.blif 
ABC: + read_library <abc-temp-dir>/stdcells.genlib 
ABC: Entered genlib library with 13 gates from file "<abc-temp-dir>/stdcells.genlib".
ABC: + strash 
ABC: + dretime 
ABC: + map 
ABC: + write_blif <abc-temp-dir>/output.blif 

19.22.9.2. Re-integrating ABC results.
ABC RESULTS:                OR cells:        4
ABC RESULTS:              NAND cells:        1
ABC RESULTS:               NOT cells:        1
ABC RESULTS:              XNOR cells:       17
ABC RESULTS:               XOR cells:       39
ABC RESULTS:               NOR cells:        1
ABC RESULTS:            ANDNOT cells:        4
ABC RESULTS:        internal signals:       55
ABC RESULTS:           input signals:       74
ABC RESULTS:          output signals:       12
Removing temp directory.

19.22.10. Extracting gate netlist of module `\timeout_monitor' to `<abc-temp-dir>/input.blif'..
Extracted 180 gates and 217 wires to a netlist network with 36 inputs and 19 outputs.

19.22.10.1. Executing ABC.
Running ABC command: "<yosys-exe-dir>/yosys-abc" -s -f <abc-temp-dir>/abc.script 2>&1
ABC: ABC command line: "source <abc-temp-dir>/abc.script".
ABC: 
ABC: + read_blif <abc-temp-dir>/input.blif 
ABC: + read_library <abc-temp-dir>/stdcells.genlib 
ABC: Entered genlib library with 13 gates from file "<abc-temp-dir>/stdcells.genlib".
ABC: + strash 
ABC: + dretime 
ABC: + map 
ABC: + write_blif <abc-temp-dir>/output.blif 

19.22.10.2. Re-integrating ABC results.
ABC RESULTS:              XNOR cells:       17
ABC RESULTS:               AND cells:        5
ABC RESULTS:              NAND cells:       15
ABC RESULTS:             ORNOT cells:       21
ABC RESULTS:               XOR cells:       14
ABC RESULTS:                OR cells:       23
ABC RESULTS:            ANDNOT cells:       59
ABC RESULTS:        internal signals:      162
ABC RESULTS:           input signals:       36
ABC RESULTS:          output signals:       19
Removing temp directory.

19.23. Executing OPT pass (performing simple optimizations).

19.23.1. Executing OPT_EXPR pass (perform const folding).
Optimizing module actuator_clamper.
<suppressed ~16 debug messages>
Optimizing module actuator_tx.
Optimizing module adaptive_aero_control_top.
Optimizing module adaptive_aero_control_top_spi_fpga_top.
Optimizing module command_validator.
Optimizing module control_register_bank.
Optimizing module fallback_fsm.
Optimizing module status_telemetry.
Optimizing module stream_rx.
<suppressed ~61 debug messages>
Optimizing module timeout_monitor.

19.23.2. Executing OPT_MERGE pass (detect identical cells).
Finding identical cells in module `\actuator_clamper'.
Finding identical cells in module `\actuator_tx'.
Finding identical cells in module `\adaptive_aero_control_top'.
Finding identical cells in module `\adaptive_aero_control_top_spi_fpga_top'.
Finding identical cells in module `\command_validator'.
Finding identical cells in module `\control_register_bank'.
Finding identical cells in module `\fallback_fsm'.
<suppressed ~6 debug messages>
Finding identical cells in module `\status_telemetry'.
Finding identical cells in module `\stream_rx'.
Finding identical cells in module `\timeout_monitor'.
Removed a total of 2 cells.

19.23.3. Executing OPT_DFF pass (perform DFF optimizations).

19.23.4. Executing OPT_CLEAN pass (remove unused cells and wires).
Finding unused cells or wires in module \actuator_clamper..
Finding unused cells or wires in module \actuator_tx..
Finding unused cells or wires in module \adaptive_aero_control_top..
Finding unused cells or wires in module \adaptive_aero_control_top_spi_fpga_top..
Finding unused cells or wires in module \command_validator..
Finding unused cells or wires in module \control_register_bank..
Finding unused cells or wires in module \fallback_fsm..
Finding unused cells or wires in module \status_telemetry..
Finding unused cells or wires in module \stream_rx..
Finding unused cells or wires in module \timeout_monitor..
Removed 2 unused cells and 1521 unused wires.
<suppressed ~10 debug messages>

19.23.5. Finished fast OPT passes.

19.24. Executing HIERARCHY pass (managing design hierarchy).

19.24.1. Analyzing design hierarchy..
Top module:  \adaptive_aero_control_top_spi_fpga_top
Used module:     \adaptive_aero_control_top
Used module:         \actuator_clamper
Used module:         \actuator_tx
Used module:         \command_validator
Used module:         \control_register_bank
Used module:         \fallback_fsm
Used module:         \status_telemetry
Used module:         \stream_rx
Used module:         \timeout_monitor

19.24.2. Analyzing design hierarchy..
Top module:  \adaptive_aero_control_top_spi_fpga_top
Used module:     \adaptive_aero_control_top
Used module:         \actuator_clamper
Used module:         \actuator_tx
Used module:         \command_validator
Used module:         \control_register_bank
Used module:         \fallback_fsm
Used module:         \status_telemetry
Used module:         \stream_rx
Used module:         \timeout_monitor
Removed 0 unused modules.

19.25. Printing statistics.

=== actuator_clamper ===

   Number of wires:                596
   Number of wire bits:            748
   Number of public wires:          15
   Number of public wire bits:     137
   Number of memories:               0
   Number of memory bits:            0
   Number of processes:              0
   Number of cells:                669
     $_ANDNOT_                     234
     $_AND_                          7
     $_DFFE_PN0P_                   24
     $_DFF_PN0_                     34
     $_MUX_                         86
     $_NAND_                         7
     $_NOR_                         21
     $_NOT_                         25
     $_ORNOT_                       68
     $_OR_                          40
     $_XNOR_                        30
     $_XOR_                         93

=== actuator_tx ===

   Number of wires:                 22
   Number of wire bits:            362
   Number of public wires:          17
   Number of public wire bits:     231
   Number of memories:               0
   Number of memory bits:            0
   Number of processes:              0
   Number of cells:                175
     $_AND_                         48
     $_DFFE_PN0P_                   64
     $_DFF_PN0_                     32
     $_MUX_                         28
     $_NOT_                          1
     $_ORNOT_                        1
     $_OR_                           1

=== adaptive_aero_control_top ===

   Number of wires:                 64
   Number of wire bits:            673
   Number of public wires:          64
   Number of public wire bits:     673
   Number of memories:               0
   Number of memory bits:            0
   Number of processes:              0
   Number of cells:                  8
     actuator_clamper                1
     actuator_tx                     1
     command_validator               1
     control_register_bank           1
     fallback_fsm                    1
     status_telemetry                1
     stream_rx                       1
     timeout_monitor                 1

=== adaptive_aero_control_top_spi_fpga_top ===

   Number of wires:                233
   Number of wire bits:           1510
   Number of public wires:          36
   Number of public wire bits:    1313
   Number of memories:               0
   Number of memory bits:            0
   Number of processes:              0
   Number of cells:                938
     $_ANDNOT_                       1
     $_DFFE_PN0P_                  170
     $_DFFE_PN_                    366
     $_DFF_PN0_                    198
     $_DFF_PN1_                      3
     $_DFF_PP0_                      1
     $_MUX_                        197
     $_SDFFCE_PP0N_                  1
     adaptive_aero_control_top       1

=== command_validator ===

   Number of wires:                117
   Number of wire bits:            223
   Number of public wires:          22
   Number of public wire bits:     121
   Number of memories:               0
   Number of memory bits:            0
   Number of processes:              0
   Number of cells:                158
     $_ANDNOT_                      45
     $_DFFE_PN0P_                   52
     $_DFF_PN0_                      4
     $_NAND_                         2
     $_NOR_                          5
     $_NOT_                          1
     $_ORNOT_                       18
     $_OR_                           8
     $_XNOR_                         6
     $_XOR_                         17

=== control_register_bank ===

   Number of wires:                195
   Number of wire bits:            427
   Number of public wires:          20
   Number of public wire bits:     221
   Number of memories:               0
   Number of memory bits:            0
   Number of processes:              0
   Number of cells:                290
     $_ANDNOT_                     125
     $_AND_                          2
     $_DFFE_PN0P_                   40
     $_DFFE_PN1P_                   10
     $_DFF_PN0_                     34
     $_NAND_                         4
     $_NOR_                          1
     $_ORNOT_                       36
     $_OR_                          38

=== fallback_fsm ===

   Number of wires:                 73
   Number of wire bits:            158
   Number of public wires:          21
   Number of public wire bits:      87
   Number of memories:               0
   Number of memory bits:            0
   Number of processes:              0
   Number of cells:                100
     $_ANDNOT_                       9
     $_AND_                          1
     $_DFF_PN0_                     29
     $_DFF_PN1_                      1
     $_MUX_                         52
     $_NAND_                         1
     $_NOR_                          1
     $_ORNOT_                        1
     $_OR_                           5

=== status_telemetry ===

   Number of wires:                 12
   Number of wire bits:             50
   Number of public wires:          12
   Number of public wire bits:      50
   Number of memories:               0
   Number of memory bits:            0
   Number of processes:              0
   Number of cells:                 16
     $_DFF_PN0_                     16

=== stream_rx ===

   Number of wires:                 81
   Number of wire bits:            197
   Number of public wires:          15
   Number of public wire bits:     131
   Number of memories:               0
   Number of memory bits:            0
   Number of processes:              0
   Number of cells:                130
     $_ANDNOT_                       4
     $_DFFE_PN0N_                   61
     $_DFF_PN0_                      3
     $_NAND_                         1
     $_NOR_                          1
     $_OR_                           4
     $_XNOR_                        17
     $_XOR_                         39

=== timeout_monitor ===

   Number of wires:                149
   Number of wire bits:            194
   Number of public wires:          10
   Number of public wire bits:      40
   Number of memories:               0
   Number of memory bits:            0
   Number of processes:              0
   Number of cells:                172
     $_ANDNOT_                      59
     $_AND_                          5
     $_DFFE_PN0P_                   17
     $_DFF_PN0_                      1
     $_NAND_                        15
     $_ORNOT_                       21
     $_OR_                          23
     $_XNOR_                        17
     $_XOR_                         14

=== design hierarchy ===

   adaptive_aero_control_top_spi_fpga_top      1
     adaptive_aero_control_top       1
       actuator_clamper              1
       actuator_tx                   1
       command_validator             1
       control_register_bank         1
       fallback_fsm                  1
       status_telemetry              1
       stream_rx                     1
       timeout_monitor               1

   Number of wires:               1542
   Number of wire bits:           4542
   Number of public wires:         232
   Number of public wire bits:    3004
   Number of memories:               0
   Number of memory bits:            0
   Number of processes:              0
   Number of cells:               2647
     $_ANDNOT_                     477
     $_AND_                         63
     $_DFFE_PN0N_                   61
     $_DFFE_PN0P_                  367
     $_DFFE_PN1P_                   10
     $_DFFE_PN_                    366
     $_DFF_PN0_                    351
     $_DFF_PN1_                      4
     $_DFF_PP0_                      1
     $_MUX_                        363
     $_NAND_                        30
     $_NOR_                         29
     $_NOT_                         27
     $_ORNOT_                      145
     $_OR_                         119
     $_SDFFCE_PP0N_                  1
     $_XNOR_                        70
     $_XOR_                        163

19.26. Executing CHECK pass (checking for obvious problems).
Checking module actuator_clamper...
Checking module actuator_tx...
Checking module adaptive_aero_control_top...
Checking module adaptive_aero_control_top_spi_fpga_top...
Checking module command_validator...
Checking module control_register_bank...
Checking module fallback_fsm...
Checking module status_telemetry...
Checking module stream_rx...
Checking module timeout_monitor...
Found and reported 0 problems.

20. Printing statistics.

=== actuator_clamper ===

   Number of wires:                596
   Number of wire bits:            748
   Number of public wires:          15
   Number of public wire bits:     137
   Number of memories:               0
   Number of memory bits:            0
   Number of processes:              0
   Number of cells:                669
     $_ANDNOT_                     234
     $_AND_                          7
     $_DFFE_PN0P_                   24
     $_DFF_PN0_                     34
     $_MUX_                         86
     $_NAND_                         7
     $_NOR_                         21
     $_NOT_                         25
     $_ORNOT_                       68
     $_OR_                          40
     $_XNOR_                        30
     $_XOR_                         93

=== actuator_tx ===

   Number of wires:                 22
   Number of wire bits:            362
   Number of public wires:          17
   Number of public wire bits:     231
   Number of memories:               0
   Number of memory bits:            0
   Number of processes:              0
   Number of cells:                175
     $_AND_                         48
     $_DFFE_PN0P_                   64
     $_DFF_PN0_                     32
     $_MUX_                         28
     $_NOT_                          1
     $_ORNOT_                        1
     $_OR_                           1

=== adaptive_aero_control_top ===

   Number of wires:                 64
   Number of wire bits:            673
   Number of public wires:          64
   Number of public wire bits:     673
   Number of memories:               0
   Number of memory bits:            0
   Number of processes:              0
   Number of cells:                  8
     actuator_clamper                1
     actuator_tx                     1
     command_validator               1
     control_register_bank           1
     fallback_fsm                    1
     status_telemetry                1
     stream_rx                       1
     timeout_monitor                 1

=== adaptive_aero_control_top_spi_fpga_top ===

   Number of wires:                233
   Number of wire bits:           1510
   Number of public wires:          36
   Number of public wire bits:    1313
   Number of memories:               0
   Number of memory bits:            0
   Number of processes:              0
   Number of cells:                938
     $_ANDNOT_                       1
     $_DFFE_PN0P_                  170
     $_DFFE_PN_                    366
     $_DFF_PN0_                    198
     $_DFF_PN1_                      3
     $_DFF_PP0_                      1
     $_MUX_                        197
     $_SDFFCE_PP0N_                  1
     adaptive_aero_control_top       1

=== command_validator ===

   Number of wires:                117
   Number of wire bits:            223
   Number of public wires:          22
   Number of public wire bits:     121
   Number of memories:               0
   Number of memory bits:            0
   Number of processes:              0
   Number of cells:                158
     $_ANDNOT_                      45
     $_DFFE_PN0P_                   52
     $_DFF_PN0_                      4
     $_NAND_                         2
     $_NOR_                          5
     $_NOT_                          1
     $_ORNOT_                       18
     $_OR_                           8
     $_XNOR_                         6
     $_XOR_                         17

=== control_register_bank ===

   Number of wires:                195
   Number of wire bits:            427
   Number of public wires:          20
   Number of public wire bits:     221
   Number of memories:               0
   Number of memory bits:            0
   Number of processes:              0
   Number of cells:                290
     $_ANDNOT_                     125
     $_AND_                          2
     $_DFFE_PN0P_                   40
     $_DFFE_PN1P_                   10
     $_DFF_PN0_                     34
     $_NAND_                         4
     $_NOR_                          1
     $_ORNOT_                       36
     $_OR_                          38

=== fallback_fsm ===

   Number of wires:                 73
   Number of wire bits:            158
   Number of public wires:          21
   Number of public wire bits:      87
   Number of memories:               0
   Number of memory bits:            0
   Number of processes:              0
   Number of cells:                100
     $_ANDNOT_                       9
     $_AND_                          1
     $_DFF_PN0_                     29
     $_DFF_PN1_                      1
     $_MUX_                         52
     $_NAND_                         1
     $_NOR_                          1
     $_ORNOT_                        1
     $_OR_                           5

=== status_telemetry ===

   Number of wires:                 12
   Number of wire bits:             50
   Number of public wires:          12
   Number of public wire bits:      50
   Number of memories:               0
   Number of memory bits:            0
   Number of processes:              0
   Number of cells:                 16
     $_DFF_PN0_                     16

=== stream_rx ===

   Number of wires:                 81
   Number of wire bits:            197
   Number of public wires:          15
   Number of public wire bits:     131
   Number of memories:               0
   Number of memory bits:            0
   Number of processes:              0
   Number of cells:                130
     $_ANDNOT_                       4
     $_DFFE_PN0N_                   61
     $_DFF_PN0_                      3
     $_NAND_                         1
     $_NOR_                          1
     $_OR_                           4
     $_XNOR_                        17
     $_XOR_                         39

=== timeout_monitor ===

   Number of wires:                149
   Number of wire bits:            194
   Number of public wires:          10
   Number of public wire bits:      40
   Number of memories:               0
   Number of memory bits:            0
   Number of processes:              0
   Number of cells:                172
     $_ANDNOT_                      59
     $_AND_                          5
     $_DFFE_PN0P_                   17
     $_DFF_PN0_                      1
     $_NAND_                        15
     $_ORNOT_                       21
     $_OR_                          23
     $_XNOR_                        17
     $_XOR_                         14

=== design hierarchy ===

   adaptive_aero_control_top_spi_fpga_top      1
     adaptive_aero_control_top       1
       actuator_clamper              1
       actuator_tx                   1
       command_validator             1
       control_register_bank         1
       fallback_fsm                  1
       status_telemetry              1
       stream_rx                     1
       timeout_monitor               1

   Number of wires:               1542
   Number of wire bits:           4542
   Number of public wires:         232
   Number of public wire bits:    3004
   Number of memories:               0
   Number of memory bits:            0
   Number of processes:              0
   Number of cells:               2647
     $_ANDNOT_                     477
     $_AND_                         63
     $_DFFE_PN0N_                   61
     $_DFFE_PN0P_                  367
     $_DFFE_PN1P_                   10
     $_DFFE_PN_                    366
     $_DFF_PN0_                    351
     $_DFF_PN1_                      4
     $_DFF_PP0_                      1
     $_MUX_                        363
     $_NAND_                        30
     $_NOR_                         29
     $_NOT_                         27
     $_ORNOT_                      145
     $_OR_                         119
     $_SDFFCE_PP0N_                  1
     $_XNOR_                        70
     $_XOR_                        163

End of script. Logfile hash: 94d732d798, CPU: user 1.79s system 0.05s, MEM: 193.96 MB peak
Yosys 0.33 (git sha1 2584903a060)
Time spent: 25% 1x abc (0 sec), 17% 30x opt_expr (0 sec), ...
