
 /----------------------------------------------------------------------------\
 |                                                                            |
 |  yosys -- Yosys Open SYnthesis Suite                                       |
 |                                                                            |
 |  Copyright (C) 2012 - 2020  Claire Xenia Wolf <claire@yosyshq.com>         |
 |                                                                            |
 |  Permission to use, copy, modify, and/or distribute this software for any  |
 |  purpose with or without fee is hereby granted, provided that the above    |
 |  copyright notice and this permission notice appear in all copies.         |
 |                                                                            |
 |  THE SOFTWARE IS PROVIDED "AS IS" AND THE AUTHOR DISCLAIMS ALL WARRANTIES  |
 |  WITH REGARD TO THIS SOFTWARE INCLUDING ALL IMPLIED WARRANTIES OF          |
 |  MERCHANTABILITY AND FITNESS. IN NO EVENT SHALL THE AUTHOR BE LIABLE FOR   |
 |  ANY SPECIAL, DIRECT, INDIRECT, OR CONSEQUENTIAL DAMAGES OR ANY DAMAGES    |
 |  WHATSOEVER RESULTING FROM LOSS OF USE, DATA OR PROFITS, WHETHER IN AN     |
 |  ACTION OF CONTRACT, NEGLIGENCE OR OTHER TORTIOUS ACTION, ARISING OUT OF   |
 |  OR IN CONNECTION WITH THE USE OR PERFORMANCE OF THIS SOFTWARE.            |
 |                                                                            |
 \----------------------------------------------------------------------------/

 Yosys 0.33 (git sha1 2584903a060)


-- Executing script file `synth.ys' --

1. Executing Verilog-2005 frontend: /root/chiploop-backend/backend/workflows/23df8445-70ed-4bc4-9bb2-ca69e91f0d75/fpga/src/fpga/target_explorer/interface_adapter/adaptive_aero_control_top_spi_fpga_top.sv
Parsing SystemVerilog input from `/root/chiploop-backend/backend/workflows/23df8445-70ed-4bc4-9bb2-ca69e91f0d75/fpga/src/fpga/target_explorer/interface_adapter/adaptive_aero_control_top_spi_fpga_top.sv' to AST representation.
Generating RTLIL representation for module `\adaptive_aero_control_top_spi_fpga_top'.
Successfully finished Verilog frontend.

2. Executing Verilog-2005 frontend: /root/chiploop-backend/backend/workflows/23df8445-70ed-4bc4-9bb2-ca69e91f0d75/fpga/src/upstream/adaptive_aero_control_csr.v
Parsing SystemVerilog input from `/root/chiploop-backend/backend/workflows/23df8445-70ed-4bc4-9bb2-ca69e91f0d75/fpga/src/upstream/adaptive_aero_control_csr.v' to AST representation.
Generating RTLIL representation for module `\adaptive_aero_control_csr'.
Successfully finished Verilog frontend.

3. Executing Verilog-2005 frontend: /root/chiploop-backend/backend/workflows/23df8445-70ed-4bc4-9bb2-ca69e91f0d75/fpga/src/upstream/adaptive_aero_control_fsm.v
Parsing SystemVerilog input from `/root/chiploop-backend/backend/workflows/23df8445-70ed-4bc4-9bb2-ca69e91f0d75/fpga/src/upstream/adaptive_aero_control_fsm.v' to AST representation.
Generating RTLIL representation for module `\adaptive_aero_control_fsm'.
Successfully finished Verilog frontend.

4. Executing Verilog-2005 frontend: /root/chiploop-backend/backend/workflows/23df8445-70ed-4bc4-9bb2-ca69e91f0d75/fpga/src/upstream/adaptive_aero_control_top.v
Parsing SystemVerilog input from `/root/chiploop-backend/backend/workflows/23df8445-70ed-4bc4-9bb2-ca69e91f0d75/fpga/src/upstream/adaptive_aero_control_top.v' to AST representation.
Generating RTLIL representation for module `\adaptive_aero_control_top'.
Successfully finished Verilog frontend.

5. Executing Verilog-2005 frontend: /root/chiploop-backend/backend/workflows/23df8445-70ed-4bc4-9bb2-ca69e91f0d75/fpga/src/upstream/adaptive_aero_control_transport.v
Parsing SystemVerilog input from `/root/chiploop-backend/backend/workflows/23df8445-70ed-4bc4-9bb2-ca69e91f0d75/fpga/src/upstream/adaptive_aero_control_transport.v' to AST representation.
Generating RTLIL representation for module `\adaptive_aero_control_transport'.
Successfully finished Verilog frontend.

6. Executing Verilog-2005 frontend: /root/chiploop-backend/backend/workflows/23df8445-70ed-4bc4-9bb2-ca69e91f0d75/fpga/src/upstream/adaptive_aero_control_validator.v
Parsing SystemVerilog input from `/root/chiploop-backend/backend/workflows/23df8445-70ed-4bc4-9bb2-ca69e91f0d75/fpga/src/upstream/adaptive_aero_control_validator.v' to AST representation.
Generating RTLIL representation for module `\adaptive_aero_control_validator'.
Successfully finished Verilog frontend.

7. Executing HIERARCHY pass (managing design hierarchy).

7.1. Analyzing design hierarchy..
Top module:  \adaptive_aero_control_top_spi_fpga_top
Used module:     \adaptive_aero_control_top
Used module:         \adaptive_aero_control_fsm
Used module:         \adaptive_aero_control_validator
Used module:         \adaptive_aero_control_transport
Used module:         \adaptive_aero_control_csr

7.2. Analyzing design hierarchy..
Top module:  \adaptive_aero_control_top_spi_fpga_top
Used module:     \adaptive_aero_control_top
Used module:         \adaptive_aero_control_fsm
Used module:         \adaptive_aero_control_validator
Used module:         \adaptive_aero_control_transport
Used module:         \adaptive_aero_control_csr
Removed 0 unused modules.

8. Executing PROC pass (convert processes to netlists).

8.1. Executing PROC_CLEAN pass (remove empty switches from decision trees).
Cleaned up 0 empty switches.

8.2. Executing PROC_RMDEAD pass (remove dead branches from decision trees).
Marked 6 switch rules as full_case in process $proc$/root/chiploop-backend/backend/workflows/23df8445-70ed-4bc4-9bb2-ca69e91f0d75/fpga/src/upstream/adaptive_aero_control_validator.v:92$53 in module adaptive_aero_control_validator.
Marked 9 switch rules as full_case in process $proc$/root/chiploop-backend/backend/workflows/23df8445-70ed-4bc4-9bb2-ca69e91f0d75/fpga/src/upstream/adaptive_aero_control_transport.v:120$34 in module adaptive_aero_control_transport.
Marked 1 switch rules as full_case in process $proc$/root/chiploop-backend/backend/workflows/23df8445-70ed-4bc4-9bb2-ca69e91f0d75/fpga/src/upstream/adaptive_aero_control_fsm.v:148$25 in module adaptive_aero_control_fsm.
Removed 1 dead cases from process $proc$/root/chiploop-backend/backend/workflows/23df8445-70ed-4bc4-9bb2-ca69e91f0d75/fpga/src/upstream/adaptive_aero_control_fsm.v:79$16 in module adaptive_aero_control_fsm.
Marked 9 switch rules as full_case in process $proc$/root/chiploop-backend/backend/workflows/23df8445-70ed-4bc4-9bb2-ca69e91f0d75/fpga/src/upstream/adaptive_aero_control_fsm.v:79$16 in module adaptive_aero_control_fsm.
Marked 4 switch rules as full_case in process $proc$/root/chiploop-backend/backend/workflows/23df8445-70ed-4bc4-9bb2-ca69e91f0d75/fpga/src/upstream/adaptive_aero_control_csr.v:65$11 in module adaptive_aero_control_csr.
Marked 1 switch rules as full_case in process $proc$/root/chiploop-backend/backend/workflows/23df8445-70ed-4bc4-9bb2-ca69e91f0d75/fpga/src/fpga/target_explorer/interface_adapter/adaptive_aero_control_top_spi_fpga_top.sv:57$5 in module adaptive_aero_control_top_spi_fpga_top.
Marked 1 switch rules as full_case in process $proc$/root/chiploop-backend/backend/workflows/23df8445-70ed-4bc4-9bb2-ca69e91f0d75/fpga/src/fpga/target_explorer/interface_adapter/adaptive_aero_control_top_spi_fpga_top.sv:48$2 in module adaptive_aero_control_top_spi_fpga_top.
Marked 1 switch rules as full_case in process $proc$/root/chiploop-backend/backend/workflows/23df8445-70ed-4bc4-9bb2-ca69e91f0d75/fpga/src/fpga/target_explorer/interface_adapter/adaptive_aero_control_top_spi_fpga_top.sv:44$1 in module adaptive_aero_control_top_spi_fpga_top.
Removed a total of 1 dead cases.

8.3. Executing PROC_PRUNE pass (remove redundant assignments in processes).
Removed 29 redundant assignments.
Promoted 8 assignments to connections.

8.4. Executing PROC_INIT pass (extract init attributes).

8.5. Executing PROC_ARST pass (detect async resets in processes).
Found async reset \rst_n in `\adaptive_aero_control_validator.$proc$/root/chiploop-backend/backend/workflows/23df8445-70ed-4bc4-9bb2-ca69e91f0d75/fpga/src/upstream/adaptive_aero_control_validator.v:92$53'.
Found async reset \rst_n in `\adaptive_aero_control_transport.$proc$/root/chiploop-backend/backend/workflows/23df8445-70ed-4bc4-9bb2-ca69e91f0d75/fpga/src/upstream/adaptive_aero_control_transport.v:120$34'.
Found async reset \rst_n in `\adaptive_aero_control_fsm.$proc$/root/chiploop-backend/backend/workflows/23df8445-70ed-4bc4-9bb2-ca69e91f0d75/fpga/src/upstream/adaptive_aero_control_fsm.v:148$25'.
Found async reset \rst_n in `\adaptive_aero_control_csr.$proc$/root/chiploop-backend/backend/workflows/23df8445-70ed-4bc4-9bb2-ca69e91f0d75/fpga/src/upstream/adaptive_aero_control_csr.v:65$11'.
Found async reset \reset_n in `\adaptive_aero_control_top_spi_fpga_top.$proc$/root/chiploop-backend/backend/workflows/23df8445-70ed-4bc4-9bb2-ca69e91f0d75/fpga/src/fpga/target_explorer/interface_adapter/adaptive_aero_control_top_spi_fpga_top.sv:57$5'.
Found async reset \spi_cs_n in `\adaptive_aero_control_top_spi_fpga_top.$proc$/root/chiploop-backend/backend/workflows/23df8445-70ed-4bc4-9bb2-ca69e91f0d75/fpga/src/fpga/target_explorer/interface_adapter/adaptive_aero_control_top_spi_fpga_top.sv:44$1'.

8.6. Executing PROC_ROM pass (convert switches to ROMs).
Converted 0 switches.
<suppressed ~44 debug messages>

8.7. Executing PROC_MUX pass (convert decision trees to multiplexers).
Creating decoders for process `\adaptive_aero_control_validator.$proc$/root/chiploop-backend/backend/workflows/23df8445-70ed-4bc4-9bb2-ca69e91f0d75/fpga/src/upstream/adaptive_aero_control_validator.v:92$53'.
     1/12: $0\candidate_cmd_r[15:0]
     2/12: $0\cmd_bounded_r[15:0]
     3/12: $0\fallback_selected_r[0:0]
     4/12: $0\service_unavailable_r[0:0]
     5/12: $0\rate_limited_r[0:0]
     6/12: $0\cmd_clamped_high_r[0:0]
     7/12: $0\cmd_clamped_low_r[0:0]
     8/12: $0\cmd_valid_r[0:0]
     9/12: $0\candidate_invalid_r[0:0]
    10/12: $0\candidate_fallback_r[0:0]
    11/12: $0\candidate_valid_r[0:0]
    12/12: $0\last_cmd_r[15:0]
Creating decoders for process `\adaptive_aero_control_transport.$proc$/root/chiploop-backend/backend/workflows/23df8445-70ed-4bc4-9bb2-ca69e91f0d75/fpga/src/upstream/adaptive_aero_control_transport.v:120$34'.
     1/27: $0\req_stream_valid_r[0:0]
     2/27: $0\age_counter_r[7:0]
     3/27: $0\transport_fault_r[0:0]
     4/27: $0\outstanding_timer_expired_r[0:0]
     5/27: $0\rsp_duplicate_r[0:0]
     6/27: $0\rsp_seq_mismatch_r[0:0]
     7/27: $0\rsp_stale_r[0:0]
     8/27: $0\rsp_malformed_r[0:0]
     9/27: $0\rsp_accepted_r[0:0]
    10/27: $0\req_issued_r[0:0]
    11/27: $0\rsp_seen_r[0:0]
    12/27: $0\pending_seq_valid_r[0:0]
    13/27: $0\pending_seq_r[15:0]
    14/27: $0\timer_r[7:0]
    15/27: $0\outstanding_age_r[7:0]
    16/27: $0\outstanding_seq_r[15:0]
    17/27: $0\outstanding_valid_r[0:0]
    18/27: $0\rsp_handle_r[15:0]
    19/27: $0\rsp_metadata_r[31:0]
    20/27: $0\rsp_age_tag_r[7:0]
    21/27: $0\rsp_seq_r[15:0]
    22/27: $0\req_handle_r[15:0]
    23/27: $0\req_metadata_r[31:0]
    24/27: $0\req_age_tag_r[7:0]
    25/27: $0\req_seq_r[15:0]
    26/27: $0\rsp_stream_ready_r[0:0]
    27/27: $0\req_stream_data_r[127:0]
Creating decoders for process `\adaptive_aero_control_fsm.$proc$/root/chiploop-backend/backend/workflows/23df8445-70ed-4bc4-9bb2-ca69e91f0d75/fpga/src/upstream/adaptive_aero_control_fsm.v:148$25'.
     1/9: $0\fault_status_r[15:0] [15:7]
     2/9: $0\fault_status_r[15:0] [4]
     3/9: $0\fault_status_r[15:0] [3]
     4/9: $0\fault_status_r[15:0] [2]
     5/9: $0\fault_status_r[15:0] [1]
     6/9: $0\fault_status_r[15:0] [0]
     7/9: $0\fault_status_r[15:0] [6]
     8/9: $0\fault_status_r[15:0] [5]
     9/9: $0\state_r[2:0]
Creating decoders for process `\adaptive_aero_control_fsm.$proc$/root/chiploop-backend/backend/workflows/23df8445-70ed-4bc4-9bb2-ca69e91f0d75/fpga/src/upstream/adaptive_aero_control_fsm.v:79$16'.
     1/24: $9\state_n[2:0]
     2/24: $8\state_n[2:0]
     3/24: $5\enter_fallback_r[0:0]
     4/24: $7\state_n[2:0]
     5/24: $3\apply_command_r[0:0]
     6/24: $4\enter_fallback_r[0:0]
     7/24: $6\state_n[2:0]
     8/24: $3\enter_fallback_r[0:0]
     9/24: $2\apply_command_r[0:0]
    10/24: $5\state_n[2:0]
    11/24: $4\state_n[2:0]
    12/24: $2\latch_fault_r[0:0]
    13/24: $2\enter_fallback_r[0:0]
    14/24: $3\state_n[2:0]
    15/24: $3\issue_request_r[0:0]
    16/24: $2\state_n[2:0]
    17/24: $2\issue_request_r[0:0]
    18/24: $1\state_n[2:0]
    19/24: $1\idle_safe_r[0:0]
    20/24: $1\latch_fault_r[0:0]
    21/24: $1\enter_fallback_r[0:0]
    22/24: $1\apply_command_r[0:0]
    23/24: $1\validate_response_r[0:0]
    24/24: $1\issue_request_r[0:0]
Creating decoders for process `\adaptive_aero_control_csr.$proc$/root/chiploop-backend/backend/workflows/23df8445-70ed-4bc4-9bb2-ca69e91f0d75/fpga/src/upstream/adaptive_aero_control_csr.v:65$11'.
     1/11: $0\cfg_rdata_r[63:0]
     2/11: $0\clear_faults_r[0:0]
     3/11: $0\sequence_counter_r[15:0]
     4/11: $0\fallback_mode_r[3:0]
     5/11: $0\rate_limit_r[15:0]
     6/11: $0\min_cmd_r[15:0]
     7/11: $0\max_cmd_r[15:0]
     8/11: $0\timeout_limit_r[7:0]
     9/11: $0\freshness_limit_r[7:0]
    10/11: $0\mode_select_r[2:0]
    11/11: $0\enable_r[0:0]
Creating decoders for process `\adaptive_aero_control_top_spi_fpga_top.$proc$/root/chiploop-backend/backend/workflows/23df8445-70ed-4bc4-9bb2-ca69e91f0d75/fpga/src/fpga/target_explorer/interface_adapter/adaptive_aero_control_top_spi_fpga_top.sv:0$9'.
Creating decoders for process `\adaptive_aero_control_top_spi_fpga_top.$proc$/root/chiploop-backend/backend/workflows/23df8445-70ed-4bc4-9bb2-ca69e91f0d75/fpga/src/fpga/target_explorer/interface_adapter/adaptive_aero_control_top_spi_fpga_top.sv:57$5'.
     1/5: $0\tx_snapshot[226:0]
     2/5: $0\spi_cs_prev[0:0]
     3/5: $0\spi_cs_sync[0:0]
     4/5: $0\spi_cs_meta[0:0]
     5/5: $0\rx_active[202:0]
Creating decoders for process `\adaptive_aero_control_top_spi_fpga_top.$proc$/root/chiploop-backend/backend/workflows/23df8445-70ed-4bc4-9bb2-ca69e91f0d75/fpga/src/fpga/target_explorer/interface_adapter/adaptive_aero_control_top_spi_fpga_top.sv:48$2'.
     1/2: $0\tx_shift[226:0]
     2/2: $0\rx_shift[202:0]
Creating decoders for process `\adaptive_aero_control_top_spi_fpga_top.$proc$/root/chiploop-backend/backend/workflows/23df8445-70ed-4bc4-9bb2-ca69e91f0d75/fpga/src/fpga/target_explorer/interface_adapter/adaptive_aero_control_top_spi_fpga_top.sv:44$1'.
     1/1: $0\spi_active[0:0]

8.8. Executing PROC_DLATCH pass (convert process syncs to latches).
No latch inferred for signal `\adaptive_aero_control_fsm.\state_n' from process `\adaptive_aero_control_fsm.$proc$/root/chiploop-backend/backend/workflows/23df8445-70ed-4bc4-9bb2-ca69e91f0d75/fpga/src/upstream/adaptive_aero_control_fsm.v:79$16'.
No latch inferred for signal `\adaptive_aero_control_fsm.\idle_safe_r' from process `\adaptive_aero_control_fsm.$proc$/root/chiploop-backend/backend/workflows/23df8445-70ed-4bc4-9bb2-ca69e91f0d75/fpga/src/upstream/adaptive_aero_control_fsm.v:79$16'.
No latch inferred for signal `\adaptive_aero_control_fsm.\issue_request_r' from process `\adaptive_aero_control_fsm.$proc$/root/chiploop-backend/backend/workflows/23df8445-70ed-4bc4-9bb2-ca69e91f0d75/fpga/src/upstream/adaptive_aero_control_fsm.v:79$16'.
No latch inferred for signal `\adaptive_aero_control_fsm.\validate_response_r' from process `\adaptive_aero_control_fsm.$proc$/root/chiploop-backend/backend/workflows/23df8445-70ed-4bc4-9bb2-ca69e91f0d75/fpga/src/upstream/adaptive_aero_control_fsm.v:79$16'.
No latch inferred for signal `\adaptive_aero_control_fsm.\apply_command_r' from process `\adaptive_aero_control_fsm.$proc$/root/chiploop-backend/backend/workflows/23df8445-70ed-4bc4-9bb2-ca69e91f0d75/fpga/src/upstream/adaptive_aero_control_fsm.v:79$16'.
No latch inferred for signal `\adaptive_aero_control_fsm.\enter_fallback_r' from process `\adaptive_aero_control_fsm.$proc$/root/chiploop-backend/backend/workflows/23df8445-70ed-4bc4-9bb2-ca69e91f0d75/fpga/src/upstream/adaptive_aero_control_fsm.v:79$16'.
No latch inferred for signal `\adaptive_aero_control_fsm.\latch_fault_r' from process `\adaptive_aero_control_fsm.$proc$/root/chiploop-backend/backend/workflows/23df8445-70ed-4bc4-9bb2-ca69e91f0d75/fpga/src/upstream/adaptive_aero_control_fsm.v:79$16'.
No latch inferred for signal `\adaptive_aero_control_top_spi_fpga_top.\spi_miso' from process `\adaptive_aero_control_top_spi_fpga_top.$proc$/root/chiploop-backend/backend/workflows/23df8445-70ed-4bc4-9bb2-ca69e91f0d75/fpga/src/fpga/target_explorer/interface_adapter/adaptive_aero_control_top_spi_fpga_top.sv:0$9'.

8.9. Executing PROC_DFF pass (convert process syncs to FFs).
Creating register for signal `\adaptive_aero_control_validator.\candidate_cmd_r' using process `\adaptive_aero_control_validator.$proc$/root/chiploop-backend/backend/workflows/23df8445-70ed-4bc4-9bb2-ca69e91f0d75/fpga/src/upstream/adaptive_aero_control_validator.v:92$53'.
  created $adff cell `$procdff$747' with positive edge clock and negative level reset.
Creating register for signal `\adaptive_aero_control_validator.\candidate_valid_r' using process `\adaptive_aero_control_validator.$proc$/root/chiploop-backend/backend/workflows/23df8445-70ed-4bc4-9bb2-ca69e91f0d75/fpga/src/upstream/adaptive_aero_control_validator.v:92$53'.
  created $adff cell `$procdff$748' with positive edge clock and negative level reset.
Creating register for signal `\adaptive_aero_control_validator.\candidate_fallback_r' using process `\adaptive_aero_control_validator.$proc$/root/chiploop-backend/backend/workflows/23df8445-70ed-4bc4-9bb2-ca69e91f0d75/fpga/src/upstream/adaptive_aero_control_validator.v:92$53'.
  created $adff cell `$procdff$749' with positive edge clock and negative level reset.
Creating register for signal `\adaptive_aero_control_validator.\candidate_invalid_r' using process `\adaptive_aero_control_validator.$proc$/root/chiploop-backend/backend/workflows/23df8445-70ed-4bc4-9bb2-ca69e91f0d75/fpga/src/upstream/adaptive_aero_control_validator.v:92$53'.
  created $adff cell `$procdff$750' with positive edge clock and negative level reset.
Creating register for signal `\adaptive_aero_control_validator.\cmd_bounded_r' using process `\adaptive_aero_control_validator.$proc$/root/chiploop-backend/backend/workflows/23df8445-70ed-4bc4-9bb2-ca69e91f0d75/fpga/src/upstream/adaptive_aero_control_validator.v:92$53'.
  created $adff cell `$procdff$751' with positive edge clock and negative level reset.
Creating register for signal `\adaptive_aero_control_validator.\cmd_valid_r' using process `\adaptive_aero_control_validator.$proc$/root/chiploop-backend/backend/workflows/23df8445-70ed-4bc4-9bb2-ca69e91f0d75/fpga/src/upstream/adaptive_aero_control_validator.v:92$53'.
  created $adff cell `$procdff$752' with positive edge clock and negative level reset.
Creating register for signal `\adaptive_aero_control_validator.\cmd_clamped_low_r' using process `\adaptive_aero_control_validator.$proc$/root/chiploop-backend/backend/workflows/23df8445-70ed-4bc4-9bb2-ca69e91f0d75/fpga/src/upstream/adaptive_aero_control_validator.v:92$53'.
  created $adff cell `$procdff$753' with positive edge clock and negative level reset.
Creating register for signal `\adaptive_aero_control_validator.\cmd_clamped_high_r' using process `\adaptive_aero_control_validator.$proc$/root/chiploop-backend/backend/workflows/23df8445-70ed-4bc4-9bb2-ca69e91f0d75/fpga/src/upstream/adaptive_aero_control_validator.v:92$53'.
  created $adff cell `$procdff$754' with positive edge clock and negative level reset.
Creating register for signal `\adaptive_aero_control_validator.\rate_limited_r' using process `\adaptive_aero_control_validator.$proc$/root/chiploop-backend/backend/workflows/23df8445-70ed-4bc4-9bb2-ca69e91f0d75/fpga/src/upstream/adaptive_aero_control_validator.v:92$53'.
  created $adff cell `$procdff$755' with positive edge clock and negative level reset.
Creating register for signal `\adaptive_aero_control_validator.\service_unavailable_r' using process `\adaptive_aero_control_validator.$proc$/root/chiploop-backend/backend/workflows/23df8445-70ed-4bc4-9bb2-ca69e91f0d75/fpga/src/upstream/adaptive_aero_control_validator.v:92$53'.
  created $adff cell `$procdff$756' with positive edge clock and negative level reset.
Creating register for signal `\adaptive_aero_control_validator.\fallback_selected_r' using process `\adaptive_aero_control_validator.$proc$/root/chiploop-backend/backend/workflows/23df8445-70ed-4bc4-9bb2-ca69e91f0d75/fpga/src/upstream/adaptive_aero_control_validator.v:92$53'.
  created $adff cell `$procdff$757' with positive edge clock and negative level reset.
Creating register for signal `\adaptive_aero_control_validator.\last_cmd_r' using process `\adaptive_aero_control_validator.$proc$/root/chiploop-backend/backend/workflows/23df8445-70ed-4bc4-9bb2-ca69e91f0d75/fpga/src/upstream/adaptive_aero_control_validator.v:92$53'.
  created $adff cell `$procdff$758' with positive edge clock and negative level reset.
Creating register for signal `\adaptive_aero_control_transport.\req_stream_valid_r' using process `\adaptive_aero_control_transport.$proc$/root/chiploop-backend/backend/workflows/23df8445-70ed-4bc4-9bb2-ca69e91f0d75/fpga/src/upstream/adaptive_aero_control_transport.v:120$34'.
  created $adff cell `$procdff$759' with positive edge clock and negative level reset.
Creating register for signal `\adaptive_aero_control_transport.\req_stream_data_r' using process `\adaptive_aero_control_transport.$proc$/root/chiploop-backend/backend/workflows/23df8445-70ed-4bc4-9bb2-ca69e91f0d75/fpga/src/upstream/adaptive_aero_control_transport.v:120$34'.
  created $adff cell `$procdff$760' with positive edge clock and negative level reset.
Creating register for signal `\adaptive_aero_control_transport.\rsp_stream_ready_r' using process `\adaptive_aero_control_transport.$proc$/root/chiploop-backend/backend/workflows/23df8445-70ed-4bc4-9bb2-ca69e91f0d75/fpga/src/upstream/adaptive_aero_control_transport.v:120$34'.
  created $adff cell `$procdff$761' with positive edge clock and negative level reset.
Creating register for signal `\adaptive_aero_control_transport.\req_issued_r' using process `\adaptive_aero_control_transport.$proc$/root/chiploop-backend/backend/workflows/23df8445-70ed-4bc4-9bb2-ca69e91f0d75/fpga/src/upstream/adaptive_aero_control_transport.v:120$34'.
  created $adff cell `$procdff$762' with positive edge clock and negative level reset.
Creating register for signal `\adaptive_aero_control_transport.\req_seq_r' using process `\adaptive_aero_control_transport.$proc$/root/chiploop-backend/backend/workflows/23df8445-70ed-4bc4-9bb2-ca69e91f0d75/fpga/src/upstream/adaptive_aero_control_transport.v:120$34'.
  created $adff cell `$procdff$763' with positive edge clock and negative level reset.
Creating register for signal `\adaptive_aero_control_transport.\req_age_tag_r' using process `\adaptive_aero_control_transport.$proc$/root/chiploop-backend/backend/workflows/23df8445-70ed-4bc4-9bb2-ca69e91f0d75/fpga/src/upstream/adaptive_aero_control_transport.v:120$34'.
  created $adff cell `$procdff$764' with positive edge clock and negative level reset.
Creating register for signal `\adaptive_aero_control_transport.\req_metadata_r' using process `\adaptive_aero_control_transport.$proc$/root/chiploop-backend/backend/workflows/23df8445-70ed-4bc4-9bb2-ca69e91f0d75/fpga/src/upstream/adaptive_aero_control_transport.v:120$34'.
  created $adff cell `$procdff$765' with positive edge clock and negative level reset.
Creating register for signal `\adaptive_aero_control_transport.\req_handle_r' using process `\adaptive_aero_control_transport.$proc$/root/chiploop-backend/backend/workflows/23df8445-70ed-4bc4-9bb2-ca69e91f0d75/fpga/src/upstream/adaptive_aero_control_transport.v:120$34'.
  created $adff cell `$procdff$766' with positive edge clock and negative level reset.
Creating register for signal `\adaptive_aero_control_transport.\rsp_accepted_r' using process `\adaptive_aero_control_transport.$proc$/root/chiploop-backend/backend/workflows/23df8445-70ed-4bc4-9bb2-ca69e91f0d75/fpga/src/upstream/adaptive_aero_control_transport.v:120$34'.
  created $adff cell `$procdff$767' with positive edge clock and negative level reset.
Creating register for signal `\adaptive_aero_control_transport.\rsp_seq_r' using process `\adaptive_aero_control_transport.$proc$/root/chiploop-backend/backend/workflows/23df8445-70ed-4bc4-9bb2-ca69e91f0d75/fpga/src/upstream/adaptive_aero_control_transport.v:120$34'.
  created $adff cell `$procdff$768' with positive edge clock and negative level reset.
Creating register for signal `\adaptive_aero_control_transport.\rsp_age_tag_r' using process `\adaptive_aero_control_transport.$proc$/root/chiploop-backend/backend/workflows/23df8445-70ed-4bc4-9bb2-ca69e91f0d75/fpga/src/upstream/adaptive_aero_control_transport.v:120$34'.
  created $adff cell `$procdff$769' with positive edge clock and negative level reset.
Creating register for signal `\adaptive_aero_control_transport.\rsp_metadata_r' using process `\adaptive_aero_control_transport.$proc$/root/chiploop-backend/backend/workflows/23df8445-70ed-4bc4-9bb2-ca69e91f0d75/fpga/src/upstream/adaptive_aero_control_transport.v:120$34'.
  created $adff cell `$procdff$770' with positive edge clock and negative level reset.
Creating register for signal `\adaptive_aero_control_transport.\rsp_handle_r' using process `\adaptive_aero_control_transport.$proc$/root/chiploop-backend/backend/workflows/23df8445-70ed-4bc4-9bb2-ca69e91f0d75/fpga/src/upstream/adaptive_aero_control_transport.v:120$34'.
  created $adff cell `$procdff$771' with positive edge clock and negative level reset.
Creating register for signal `\adaptive_aero_control_transport.\rsp_malformed_r' using process `\adaptive_aero_control_transport.$proc$/root/chiploop-backend/backend/workflows/23df8445-70ed-4bc4-9bb2-ca69e91f0d75/fpga/src/upstream/adaptive_aero_control_transport.v:120$34'.
  created $adff cell `$procdff$772' with positive edge clock and negative level reset.
Creating register for signal `\adaptive_aero_control_transport.\rsp_stale_r' using process `\adaptive_aero_control_transport.$proc$/root/chiploop-backend/backend/workflows/23df8445-70ed-4bc4-9bb2-ca69e91f0d75/fpga/src/upstream/adaptive_aero_control_transport.v:120$34'.
  created $adff cell `$procdff$773' with positive edge clock and negative level reset.
Creating register for signal `\adaptive_aero_control_transport.\rsp_seq_mismatch_r' using process `\adaptive_aero_control_transport.$proc$/root/chiploop-backend/backend/workflows/23df8445-70ed-4bc4-9bb2-ca69e91f0d75/fpga/src/upstream/adaptive_aero_control_transport.v:120$34'.
  created $adff cell `$procdff$774' with positive edge clock and negative level reset.
Creating register for signal `\adaptive_aero_control_transport.\rsp_duplicate_r' using process `\adaptive_aero_control_transport.$proc$/root/chiploop-backend/backend/workflows/23df8445-70ed-4bc4-9bb2-ca69e91f0d75/fpga/src/upstream/adaptive_aero_control_transport.v:120$34'.
  created $adff cell `$procdff$775' with positive edge clock and negative level reset.
Creating register for signal `\adaptive_aero_control_transport.\outstanding_valid_r' using process `\adaptive_aero_control_transport.$proc$/root/chiploop-backend/backend/workflows/23df8445-70ed-4bc4-9bb2-ca69e91f0d75/fpga/src/upstream/adaptive_aero_control_transport.v:120$34'.
  created $adff cell `$procdff$776' with positive edge clock and negative level reset.
Creating register for signal `\adaptive_aero_control_transport.\outstanding_seq_r' using process `\adaptive_aero_control_transport.$proc$/root/chiploop-backend/backend/workflows/23df8445-70ed-4bc4-9bb2-ca69e91f0d75/fpga/src/upstream/adaptive_aero_control_transport.v:120$34'.
  created $adff cell `$procdff$777' with positive edge clock and negative level reset.
Creating register for signal `\adaptive_aero_control_transport.\outstanding_age_r' using process `\adaptive_aero_control_transport.$proc$/root/chiploop-backend/backend/workflows/23df8445-70ed-4bc4-9bb2-ca69e91f0d75/fpga/src/upstream/adaptive_aero_control_transport.v:120$34'.
  created $adff cell `$procdff$778' with positive edge clock and negative level reset.
Creating register for signal `\adaptive_aero_control_transport.\outstanding_timer_expired_r' using process `\adaptive_aero_control_transport.$proc$/root/chiploop-backend/backend/workflows/23df8445-70ed-4bc4-9bb2-ca69e91f0d75/fpga/src/upstream/adaptive_aero_control_transport.v:120$34'.
  created $adff cell `$procdff$779' with positive edge clock and negative level reset.
Creating register for signal `\adaptive_aero_control_transport.\transport_fault_r' using process `\adaptive_aero_control_transport.$proc$/root/chiploop-backend/backend/workflows/23df8445-70ed-4bc4-9bb2-ca69e91f0d75/fpga/src/upstream/adaptive_aero_control_transport.v:120$34'.
  created $adff cell `$procdff$780' with positive edge clock and negative level reset.
Creating register for signal `\adaptive_aero_control_transport.\timer_r' using process `\adaptive_aero_control_transport.$proc$/root/chiploop-backend/backend/workflows/23df8445-70ed-4bc4-9bb2-ca69e91f0d75/fpga/src/upstream/adaptive_aero_control_transport.v:120$34'.
  created $adff cell `$procdff$781' with positive edge clock and negative level reset.
Creating register for signal `\adaptive_aero_control_transport.\age_counter_r' using process `\adaptive_aero_control_transport.$proc$/root/chiploop-backend/backend/workflows/23df8445-70ed-4bc4-9bb2-ca69e91f0d75/fpga/src/upstream/adaptive_aero_control_transport.v:120$34'.
  created $adff cell `$procdff$782' with positive edge clock and negative level reset.
Creating register for signal `\adaptive_aero_control_transport.\pending_seq_r' using process `\adaptive_aero_control_transport.$proc$/root/chiploop-backend/backend/workflows/23df8445-70ed-4bc4-9bb2-ca69e91f0d75/fpga/src/upstream/adaptive_aero_control_transport.v:120$34'.
  created $adff cell `$procdff$783' with positive edge clock and negative level reset.
Creating register for signal `\adaptive_aero_control_transport.\pending_seq_valid_r' using process `\adaptive_aero_control_transport.$proc$/root/chiploop-backend/backend/workflows/23df8445-70ed-4bc4-9bb2-ca69e91f0d75/fpga/src/upstream/adaptive_aero_control_transport.v:120$34'.
  created $adff cell `$procdff$784' with positive edge clock and negative level reset.
Creating register for signal `\adaptive_aero_control_transport.\rsp_seen_r' using process `\adaptive_aero_control_transport.$proc$/root/chiploop-backend/backend/workflows/23df8445-70ed-4bc4-9bb2-ca69e91f0d75/fpga/src/upstream/adaptive_aero_control_transport.v:120$34'.
  created $adff cell `$procdff$785' with positive edge clock and negative level reset.
Creating register for signal `\adaptive_aero_control_fsm.\state_r' using process `\adaptive_aero_control_fsm.$proc$/root/chiploop-backend/backend/workflows/23df8445-70ed-4bc4-9bb2-ca69e91f0d75/fpga/src/upstream/adaptive_aero_control_fsm.v:148$25'.
  created $adff cell `$procdff$786' with positive edge clock and negative level reset.
Creating register for signal `\adaptive_aero_control_fsm.\fault_status_r' using process `\adaptive_aero_control_fsm.$proc$/root/chiploop-backend/backend/workflows/23df8445-70ed-4bc4-9bb2-ca69e91f0d75/fpga/src/upstream/adaptive_aero_control_fsm.v:148$25'.
  created $adff cell `$procdff$787' with positive edge clock and negative level reset.
Creating register for signal `\adaptive_aero_control_csr.\enable_r' using process `\adaptive_aero_control_csr.$proc$/root/chiploop-backend/backend/workflows/23df8445-70ed-4bc4-9bb2-ca69e91f0d75/fpga/src/upstream/adaptive_aero_control_csr.v:65$11'.
  created $adff cell `$procdff$788' with positive edge clock and negative level reset.
Creating register for signal `\adaptive_aero_control_csr.\clear_faults_r' using process `\adaptive_aero_control_csr.$proc$/root/chiploop-backend/backend/workflows/23df8445-70ed-4bc4-9bb2-ca69e91f0d75/fpga/src/upstream/adaptive_aero_control_csr.v:65$11'.
  created $adff cell `$procdff$789' with positive edge clock and negative level reset.
Creating register for signal `\adaptive_aero_control_csr.\mode_select_r' using process `\adaptive_aero_control_csr.$proc$/root/chiploop-backend/backend/workflows/23df8445-70ed-4bc4-9bb2-ca69e91f0d75/fpga/src/upstream/adaptive_aero_control_csr.v:65$11'.
  created $adff cell `$procdff$790' with positive edge clock and negative level reset.
Creating register for signal `\adaptive_aero_control_csr.\freshness_limit_r' using process `\adaptive_aero_control_csr.$proc$/root/chiploop-backend/backend/workflows/23df8445-70ed-4bc4-9bb2-ca69e91f0d75/fpga/src/upstream/adaptive_aero_control_csr.v:65$11'.
  created $adff cell `$procdff$791' with positive edge clock and negative level reset.
Creating register for signal `\adaptive_aero_control_csr.\timeout_limit_r' using process `\adaptive_aero_control_csr.$proc$/root/chiploop-backend/backend/workflows/23df8445-70ed-4bc4-9bb2-ca69e91f0d75/fpga/src/upstream/adaptive_aero_control_csr.v:65$11'.
  created $adff cell `$procdff$792' with positive edge clock and negative level reset.
Creating register for signal `\adaptive_aero_control_csr.\max_cmd_r' using process `\adaptive_aero_control_csr.$proc$/root/chiploop-backend/backend/workflows/23df8445-70ed-4bc4-9bb2-ca69e91f0d75/fpga/src/upstream/adaptive_aero_control_csr.v:65$11'.
  created $adff cell `$procdff$793' with positive edge clock and negative level reset.
Creating register for signal `\adaptive_aero_control_csr.\min_cmd_r' using process `\adaptive_aero_control_csr.$proc$/root/chiploop-backend/backend/workflows/23df8445-70ed-4bc4-9bb2-ca69e91f0d75/fpga/src/upstream/adaptive_aero_control_csr.v:65$11'.
  created $adff cell `$procdff$794' with positive edge clock and negative level reset.
Creating register for signal `\adaptive_aero_control_csr.\rate_limit_r' using process `\adaptive_aero_control_csr.$proc$/root/chiploop-backend/backend/workflows/23df8445-70ed-4bc4-9bb2-ca69e91f0d75/fpga/src/upstream/adaptive_aero_control_csr.v:65$11'.
  created $adff cell `$procdff$795' with positive edge clock and negative level reset.
Creating register for signal `\adaptive_aero_control_csr.\fallback_mode_r' using process `\adaptive_aero_control_csr.$proc$/root/chiploop-backend/backend/workflows/23df8445-70ed-4bc4-9bb2-ca69e91f0d75/fpga/src/upstream/adaptive_aero_control_csr.v:65$11'.
  created $adff cell `$procdff$796' with positive edge clock and negative level reset.
Creating register for signal `\adaptive_aero_control_csr.\sequence_counter_r' using process `\adaptive_aero_control_csr.$proc$/root/chiploop-backend/backend/workflows/23df8445-70ed-4bc4-9bb2-ca69e91f0d75/fpga/src/upstream/adaptive_aero_control_csr.v:65$11'.
  created $adff cell `$procdff$797' with positive edge clock and negative level reset.
Creating register for signal `\adaptive_aero_control_csr.\cfg_rdata_r' using process `\adaptive_aero_control_csr.$proc$/root/chiploop-backend/backend/workflows/23df8445-70ed-4bc4-9bb2-ca69e91f0d75/fpga/src/upstream/adaptive_aero_control_csr.v:65$11'.
  created $adff cell `$procdff$798' with positive edge clock and negative level reset.
Creating register for signal `\adaptive_aero_control_top_spi_fpga_top.\rx_active' using process `\adaptive_aero_control_top_spi_fpga_top.$proc$/root/chiploop-backend/backend/workflows/23df8445-70ed-4bc4-9bb2-ca69e91f0d75/fpga/src/fpga/target_explorer/interface_adapter/adaptive_aero_control_top_spi_fpga_top.sv:57$5'.
  created $adff cell `$procdff$799' with positive edge clock and negative level reset.
Creating register for signal `\adaptive_aero_control_top_spi_fpga_top.\tx_snapshot' using process `\adaptive_aero_control_top_spi_fpga_top.$proc$/root/chiploop-backend/backend/workflows/23df8445-70ed-4bc4-9bb2-ca69e91f0d75/fpga/src/fpga/target_explorer/interface_adapter/adaptive_aero_control_top_spi_fpga_top.sv:57$5'.
  created $adff cell `$procdff$800' with positive edge clock and negative level reset.
Creating register for signal `\adaptive_aero_control_top_spi_fpga_top.\spi_cs_meta' using process `\adaptive_aero_control_top_spi_fpga_top.$proc$/root/chiploop-backend/backend/workflows/23df8445-70ed-4bc4-9bb2-ca69e91f0d75/fpga/src/fpga/target_explorer/interface_adapter/adaptive_aero_control_top_spi_fpga_top.sv:57$5'.
  created $adff cell `$procdff$801' with positive edge clock and negative level reset.
Creating register for signal `\adaptive_aero_control_top_spi_fpga_top.\spi_cs_sync' using process `\adaptive_aero_control_top_spi_fpga_top.$proc$/root/chiploop-backend/backend/workflows/23df8445-70ed-4bc4-9bb2-ca69e91f0d75/fpga/src/fpga/target_explorer/interface_adapter/adaptive_aero_control_top_spi_fpga_top.sv:57$5'.
  created $adff cell `$procdff$802' with positive edge clock and negative level reset.
Creating register for signal `\adaptive_aero_control_top_spi_fpga_top.\spi_cs_prev' using process `\adaptive_aero_control_top_spi_fpga_top.$proc$/root/chiploop-backend/backend/workflows/23df8445-70ed-4bc4-9bb2-ca69e91f0d75/fpga/src/fpga/target_explorer/interface_adapter/adaptive_aero_control_top_spi_fpga_top.sv:57$5'.
  created $adff cell `$procdff$803' with positive edge clock and negative level reset.
Creating register for signal `\adaptive_aero_control_top_spi_fpga_top.\rx_shift' using process `\adaptive_aero_control_top_spi_fpga_top.$proc$/root/chiploop-backend/backend/workflows/23df8445-70ed-4bc4-9bb2-ca69e91f0d75/fpga/src/fpga/target_explorer/interface_adapter/adaptive_aero_control_top_spi_fpga_top.sv:48$2'.
  created $dff cell `$procdff$804' with positive edge clock.
Creating register for signal `\adaptive_aero_control_top_spi_fpga_top.\tx_shift' using process `\adaptive_aero_control_top_spi_fpga_top.$proc$/root/chiploop-backend/backend/workflows/23df8445-70ed-4bc4-9bb2-ca69e91f0d75/fpga/src/fpga/target_explorer/interface_adapter/adaptive_aero_control_top_spi_fpga_top.sv:48$2'.
  created $dff cell `$procdff$805' with positive edge clock.
Creating register for signal `\adaptive_aero_control_top_spi_fpga_top.\spi_active' using process `\adaptive_aero_control_top_spi_fpga_top.$proc$/root/chiploop-backend/backend/workflows/23df8445-70ed-4bc4-9bb2-ca69e91f0d75/fpga/src/fpga/target_explorer/interface_adapter/adaptive_aero_control_top_spi_fpga_top.sv:44$1'.
  created $adff cell `$procdff$806' with positive edge clock and positive level reset.

8.10. Executing PROC_MEMWR pass (convert process memory writes to cells).

8.11. Executing PROC_CLEAN pass (remove empty switches from decision trees).
Found and cleaned up 7 empty switches in `\adaptive_aero_control_validator.$proc$/root/chiploop-backend/backend/workflows/23df8445-70ed-4bc4-9bb2-ca69e91f0d75/fpga/src/upstream/adaptive_aero_control_validator.v:92$53'.
Removing empty process `adaptive_aero_control_validator.$proc$/root/chiploop-backend/backend/workflows/23df8445-70ed-4bc4-9bb2-ca69e91f0d75/fpga/src/upstream/adaptive_aero_control_validator.v:92$53'.
Found and cleaned up 11 empty switches in `\adaptive_aero_control_transport.$proc$/root/chiploop-backend/backend/workflows/23df8445-70ed-4bc4-9bb2-ca69e91f0d75/fpga/src/upstream/adaptive_aero_control_transport.v:120$34'.
Removing empty process `adaptive_aero_control_transport.$proc$/root/chiploop-backend/backend/workflows/23df8445-70ed-4bc4-9bb2-ca69e91f0d75/fpga/src/upstream/adaptive_aero_control_transport.v:120$34'.
Found and cleaned up 9 empty switches in `\adaptive_aero_control_fsm.$proc$/root/chiploop-backend/backend/workflows/23df8445-70ed-4bc4-9bb2-ca69e91f0d75/fpga/src/upstream/adaptive_aero_control_fsm.v:148$25'.
Removing empty process `adaptive_aero_control_fsm.$proc$/root/chiploop-backend/backend/workflows/23df8445-70ed-4bc4-9bb2-ca69e91f0d75/fpga/src/upstream/adaptive_aero_control_fsm.v:148$25'.
Found and cleaned up 9 empty switches in `\adaptive_aero_control_fsm.$proc$/root/chiploop-backend/backend/workflows/23df8445-70ed-4bc4-9bb2-ca69e91f0d75/fpga/src/upstream/adaptive_aero_control_fsm.v:79$16'.
Removing empty process `adaptive_aero_control_fsm.$proc$/root/chiploop-backend/backend/workflows/23df8445-70ed-4bc4-9bb2-ca69e91f0d75/fpga/src/upstream/adaptive_aero_control_fsm.v:79$16'.
Found and cleaned up 5 empty switches in `\adaptive_aero_control_csr.$proc$/root/chiploop-backend/backend/workflows/23df8445-70ed-4bc4-9bb2-ca69e91f0d75/fpga/src/upstream/adaptive_aero_control_csr.v:65$11'.
Removing empty process `adaptive_aero_control_csr.$proc$/root/chiploop-backend/backend/workflows/23df8445-70ed-4bc4-9bb2-ca69e91f0d75/fpga/src/upstream/adaptive_aero_control_csr.v:65$11'.
Removing empty process `adaptive_aero_control_top_spi_fpga_top.$proc$/root/chiploop-backend/backend/workflows/23df8445-70ed-4bc4-9bb2-ca69e91f0d75/fpga/src/fpga/target_explorer/interface_adapter/adaptive_aero_control_top_spi_fpga_top.sv:0$9'.
Found and cleaned up 1 empty switch in `\adaptive_aero_control_top_spi_fpga_top.$proc$/root/chiploop-backend/backend/workflows/23df8445-70ed-4bc4-9bb2-ca69e91f0d75/fpga/src/fpga/target_explorer/interface_adapter/adaptive_aero_control_top_spi_fpga_top.sv:57$5'.
Removing empty process `adaptive_aero_control_top_spi_fpga_top.$proc$/root/chiploop-backend/backend/workflows/23df8445-70ed-4bc4-9bb2-ca69e91f0d75/fpga/src/fpga/target_explorer/interface_adapter/adaptive_aero_control_top_spi_fpga_top.sv:57$5'.
Found and cleaned up 2 empty switches in `\adaptive_aero_control_top_spi_fpga_top.$proc$/root/chiploop-backend/backend/workflows/23df8445-70ed-4bc4-9bb2-ca69e91f0d75/fpga/src/fpga/target_explorer/interface_adapter/adaptive_aero_control_top_spi_fpga_top.sv:48$2'.
Removing empty process `adaptive_aero_control_top_spi_fpga_top.$proc$/root/chiploop-backend/backend/workflows/23df8445-70ed-4bc4-9bb2-ca69e91f0d75/fpga/src/fpga/target_explorer/interface_adapter/adaptive_aero_control_top_spi_fpga_top.sv:48$2'.
Removing empty process `adaptive_aero_control_top_spi_fpga_top.$proc$/root/chiploop-backend/backend/workflows/23df8445-70ed-4bc4-9bb2-ca69e91f0d75/fpga/src/fpga/target_explorer/interface_adapter/adaptive_aero_control_top_spi_fpga_top.sv:44$1'.
Cleaned up 44 empty switches.

8.12. Executing OPT_EXPR pass (perform const folding).
Optimizing module adaptive_aero_control_validator.
<suppressed ~1 debug messages>
Optimizing module adaptive_aero_control_transport.
<suppressed ~7 debug messages>
Optimizing module adaptive_aero_control_top.
Optimizing module adaptive_aero_control_fsm.
<suppressed ~11 debug messages>
Optimizing module adaptive_aero_control_csr.
<suppressed ~2 debug messages>
Optimizing module adaptive_aero_control_top_spi_fpga_top.
<suppressed ~3 debug messages>

9. Executing OPT pass (performing simple optimizations).

9.1. Executing OPT_EXPR pass (perform const folding).
Optimizing module adaptive_aero_control_validator.
Optimizing module adaptive_aero_control_transport.
Optimizing module adaptive_aero_control_top.
Optimizing module adaptive_aero_control_fsm.
Optimizing module adaptive_aero_control_csr.
Optimizing module adaptive_aero_control_top_spi_fpga_top.

9.2. Executing OPT_MERGE pass (detect identical cells).
Finding identical cells in module `\adaptive_aero_control_validator'.
<suppressed ~6 debug messages>
Finding identical cells in module `\adaptive_aero_control_transport'.
<suppressed ~6 debug messages>
Finding identical cells in module `\adaptive_aero_control_top'.
Finding identical cells in module `\adaptive_aero_control_fsm'.
<suppressed ~195 debug messages>
Finding identical cells in module `\adaptive_aero_control_csr'.
<suppressed ~6 debug messages>
Finding identical cells in module `\adaptive_aero_control_top_spi_fpga_top'.
Removed a total of 71 cells.

9.3. Executing OPT_MUXTREE pass (detect dead branches in mux trees).
Running muxtree optimizer on module \adaptive_aero_control_validator..
  Creating internal representation of mux trees.
  Evaluating internal representation of mux trees.
  Analyzing evaluation results.
Running muxtree optimizer on module \adaptive_aero_control_transport..
  Creating internal representation of mux trees.
  Evaluating internal representation of mux trees.
  Analyzing evaluation results.
Running muxtree optimizer on module \adaptive_aero_control_top..
  Creating internal representation of mux trees.
  No muxes found in this module.
Running muxtree optimizer on module \adaptive_aero_control_fsm..
  Creating internal representation of mux trees.
  Evaluating internal representation of mux trees.
  Analyzing evaluation results.
    dead port 2/2 on $mux $procmux$600.
    dead port 2/2 on $mux $procmux$589.
    dead port 1/2 on $mux $procmux$587.
    dead port 2/2 on $mux $procmux$575.
    dead port 1/2 on $mux $procmux$573.
    dead port 2/2 on $mux $procmux$561.
    dead port 2/2 on $mux $procmux$552.
    dead port 2/2 on $mux $procmux$543.
    dead port 2/2 on $mux $procmux$534.
    dead port 1/2 on $mux $procmux$532.
    dead port 2/2 on $mux $procmux$522.
    dead port 2/2 on $mux $procmux$514.
    dead port 2/2 on $mux $procmux$506.
    dead port 2/2 on $mux $procmux$498.
    dead port 1/2 on $mux $procmux$496.
    dead port 2/2 on $mux $procmux$487.
    dead port 1/2 on $mux $procmux$485.
    dead port 2/2 on $mux $procmux$476.
    dead port 1/2 on $mux $procmux$474.
    dead port 2/2 on $mux $procmux$465.
    dead port 1/2 on $mux $procmux$463.
    dead port 1/2 on $mux $procmux$460.
    dead port 2/2 on $mux $procmux$451.
    dead port 2/2 on $mux $procmux$611.
    dead port 1/2 on $mux $procmux$449.
    dead port 1/2 on $mux $procmux$446.
    dead port 2/2 on $mux $procmux$437.
Running muxtree optimizer on module \adaptive_aero_control_csr..
  Creating internal representation of mux trees.
  Evaluating internal representation of mux trees.
  Analyzing evaluation results.
Running muxtree optimizer on module \adaptive_aero_control_top_spi_fpga_top..
  Creating internal representation of mux trees.
  Evaluating internal representation of mux trees.
  Analyzing evaluation results.
Removed 27 multiplexer ports.
<suppressed ~74 debug messages>

9.4. Executing OPT_REDUCE pass (consolidate $*mux and $reduce_* inputs).
  Optimizing cells in module \adaptive_aero_control_validator.
  Optimizing cells in module \adaptive_aero_control_transport.
  Optimizing cells in module \adaptive_aero_control_top.
  Optimizing cells in module \adaptive_aero_control_fsm.
    New ctrl vector for $pmux cell $procmux$631: { $procmux$672_CMP $auto$opt_reduce.cc:134:opt_pmux$810 $auto$opt_reduce.cc:134:opt_pmux$808 }
    New ctrl vector for $pmux cell $procmux$649: { $procmux$671_CMP $procmux$670_CMP $auto$opt_reduce.cc:134:opt_pmux$812 }
    New ctrl vector for $pmux cell $procmux$622: { $auto$opt_reduce.cc:134:opt_pmux$816 $auto$opt_reduce.cc:134:opt_pmux$814 }
    New ctrl vector for $pmux cell $procmux$658: { $procmux$671_CMP $auto$opt_reduce.cc:134:opt_pmux$818 }
    New ctrl vector for $pmux cell $procmux$613: { $procmux$674_CMP $procmux$673_CMP $procmux$672_CMP $procmux$671_CMP $auto$opt_reduce.cc:134:opt_pmux$820 $procmux$669_CMP $procmux$668_CMP }
    New ctrl vector for $pmux cell $procmux$667: { $procmux$674_CMP $procmux$673_CMP $auto$opt_reduce.cc:134:opt_pmux$822 }
    New ctrl vector for $pmux cell $procmux$640: { $procmux$672_CMP $procmux$671_CMP $procmux$669_CMP $auto$opt_reduce.cc:134:opt_pmux$824 }
  Optimizing cells in module \adaptive_aero_control_fsm.
  Optimizing cells in module \adaptive_aero_control_csr.
  Optimizing cells in module \adaptive_aero_control_top_spi_fpga_top.
Performed a total of 7 changes.

9.5. Executing OPT_MERGE pass (detect identical cells).
Finding identical cells in module `\adaptive_aero_control_validator'.
<suppressed ~21 debug messages>
Finding identical cells in module `\adaptive_aero_control_transport'.
<suppressed ~6 debug messages>
Finding identical cells in module `\adaptive_aero_control_top'.
Finding identical cells in module `\adaptive_aero_control_fsm'.
<suppressed ~3 debug messages>
Finding identical cells in module `\adaptive_aero_control_csr'.
Finding identical cells in module `\adaptive_aero_control_top_spi_fpga_top'.
Removed a total of 10 cells.

9.6. Executing OPT_DFF pass (perform DFF optimizations).
Adding EN signal on $procdff$758 ($adff) from module adaptive_aero_control_validator (D = \cmd_bounded_r, Q = \last_cmd_r).
Adding EN signal on $procdff$785 ($adff) from module adaptive_aero_control_transport (D = $procmux$264_Y, Q = \rsp_seen_r).
Adding EN signal on $procdff$783 ($adff) from module adaptive_aero_control_transport (D = \sequence_counter, Q = \pending_seq_r).
Adding EN signal on $procdff$760 ($adff) from module adaptive_aero_control_transport (D = { 8'00000000 \sequence_counter \age_counter_r \mode_select \freshness_limit \timeout_limit 13'0000000000000 \sequence_counter 48'000000000000000000000000000000000000000000000000 }, Q = \req_stream_data_r).
Handling D = Q on $procdff$761 ($adff) from module adaptive_aero_control_transport (removing D path).
Adding EN signal on $procdff$763 ($adff) from module adaptive_aero_control_transport (D = \sequence_counter, Q = \req_seq_r).
Adding EN signal on $procdff$764 ($adff) from module adaptive_aero_control_transport (D = \age_counter_r, Q = \req_age_tag_r).
Adding EN signal on $procdff$765 ($adff) from module adaptive_aero_control_transport (D = { \mode_select \freshness_limit \timeout_limit 13'0000000000000 }, Q = \req_metadata_r).
Adding EN signal on $procdff$766 ($adff) from module adaptive_aero_control_transport (D = \sequence_counter, Q = \req_handle_r).
Adding EN signal on $procdff$768 ($adff) from module adaptive_aero_control_transport (D = \rsp_stream_data [15:0], Q = \rsp_seq_r).
Adding EN signal on $procdff$769 ($adff) from module adaptive_aero_control_transport (D = \rsp_stream_data [23:16], Q = \rsp_age_tag_r).
Adding EN signal on $procdff$770 ($adff) from module adaptive_aero_control_transport (D = \rsp_stream_data [55:24], Q = \rsp_metadata_r).
Adding EN signal on $procdff$771 ($adff) from module adaptive_aero_control_transport (D = \rsp_stream_data [71:56], Q = \rsp_handle_r).
Adding EN signal on $procdff$777 ($adff) from module adaptive_aero_control_transport (D = \sequence_counter, Q = \outstanding_seq_r).
Adding EN signal on $procdff$778 ($adff) from module adaptive_aero_control_transport (D = \age_counter_r, Q = \outstanding_age_r).
Setting constant 1-bit at position 0 on $procdff$761 ($dlatch) from module adaptive_aero_control_transport.
Setting constant 0-bit at position 0 on $auto$ff.cc:266:slice$839 ($adffe) from module adaptive_aero_control_transport.
Setting constant 0-bit at position 1 on $auto$ff.cc:266:slice$839 ($adffe) from module adaptive_aero_control_transport.
Setting constant 0-bit at position 2 on $auto$ff.cc:266:slice$839 ($adffe) from module adaptive_aero_control_transport.
Setting constant 0-bit at position 3 on $auto$ff.cc:266:slice$839 ($adffe) from module adaptive_aero_control_transport.
Setting constant 0-bit at position 4 on $auto$ff.cc:266:slice$839 ($adffe) from module adaptive_aero_control_transport.
Setting constant 0-bit at position 5 on $auto$ff.cc:266:slice$839 ($adffe) from module adaptive_aero_control_transport.
Setting constant 0-bit at position 6 on $auto$ff.cc:266:slice$839 ($adffe) from module adaptive_aero_control_transport.
Setting constant 0-bit at position 7 on $auto$ff.cc:266:slice$839 ($adffe) from module adaptive_aero_control_transport.
Setting constant 0-bit at position 8 on $auto$ff.cc:266:slice$839 ($adffe) from module adaptive_aero_control_transport.
Setting constant 0-bit at position 9 on $auto$ff.cc:266:slice$839 ($adffe) from module adaptive_aero_control_transport.
Setting constant 0-bit at position 10 on $auto$ff.cc:266:slice$839 ($adffe) from module adaptive_aero_control_transport.
Setting constant 0-bit at position 11 on $auto$ff.cc:266:slice$839 ($adffe) from module adaptive_aero_control_transport.
Setting constant 0-bit at position 12 on $auto$ff.cc:266:slice$839 ($adffe) from module adaptive_aero_control_transport.
Setting constant 0-bit at position 0 on $auto$ff.cc:266:slice$836 ($adffe) from module adaptive_aero_control_transport.
Setting constant 0-bit at position 1 on $auto$ff.cc:266:slice$836 ($adffe) from module adaptive_aero_control_transport.
Setting constant 0-bit at position 2 on $auto$ff.cc:266:slice$836 ($adffe) from module adaptive_aero_control_transport.
Setting constant 0-bit at position 3 on $auto$ff.cc:266:slice$836 ($adffe) from module adaptive_aero_control_transport.
Setting constant 0-bit at position 4 on $auto$ff.cc:266:slice$836 ($adffe) from module adaptive_aero_control_transport.
Setting constant 0-bit at position 5 on $auto$ff.cc:266:slice$836 ($adffe) from module adaptive_aero_control_transport.
Setting constant 0-bit at position 6 on $auto$ff.cc:266:slice$836 ($adffe) from module adaptive_aero_control_transport.
Setting constant 0-bit at position 7 on $auto$ff.cc:266:slice$836 ($adffe) from module adaptive_aero_control_transport.
Setting constant 0-bit at position 8 on $auto$ff.cc:266:slice$836 ($adffe) from module adaptive_aero_control_transport.
Setting constant 0-bit at position 9 on $auto$ff.cc:266:slice$836 ($adffe) from module adaptive_aero_control_transport.
Setting constant 0-bit at position 10 on $auto$ff.cc:266:slice$836 ($adffe) from module adaptive_aero_control_transport.
Setting constant 0-bit at position 11 on $auto$ff.cc:266:slice$836 ($adffe) from module adaptive_aero_control_transport.
Setting constant 0-bit at position 12 on $auto$ff.cc:266:slice$836 ($adffe) from module adaptive_aero_control_transport.
Setting constant 0-bit at position 13 on $auto$ff.cc:266:slice$836 ($adffe) from module adaptive_aero_control_transport.
Setting constant 0-bit at position 14 on $auto$ff.cc:266:slice$836 ($adffe) from module adaptive_aero_control_transport.
Setting constant 0-bit at position 15 on $auto$ff.cc:266:slice$836 ($adffe) from module adaptive_aero_control_transport.
Setting constant 0-bit at position 16 on $auto$ff.cc:266:slice$836 ($adffe) from module adaptive_aero_control_transport.
Setting constant 0-bit at position 17 on $auto$ff.cc:266:slice$836 ($adffe) from module adaptive_aero_control_transport.
Setting constant 0-bit at position 18 on $auto$ff.cc:266:slice$836 ($adffe) from module adaptive_aero_control_transport.
Setting constant 0-bit at position 19 on $auto$ff.cc:266:slice$836 ($adffe) from module adaptive_aero_control_transport.
Setting constant 0-bit at position 20 on $auto$ff.cc:266:slice$836 ($adffe) from module adaptive_aero_control_transport.
Setting constant 0-bit at position 21 on $auto$ff.cc:266:slice$836 ($adffe) from module adaptive_aero_control_transport.
Setting constant 0-bit at position 22 on $auto$ff.cc:266:slice$836 ($adffe) from module adaptive_aero_control_transport.
Setting constant 0-bit at position 23 on $auto$ff.cc:266:slice$836 ($adffe) from module adaptive_aero_control_transport.
Setting constant 0-bit at position 24 on $auto$ff.cc:266:slice$836 ($adffe) from module adaptive_aero_control_transport.
Setting constant 0-bit at position 25 on $auto$ff.cc:266:slice$836 ($adffe) from module adaptive_aero_control_transport.
Setting constant 0-bit at position 26 on $auto$ff.cc:266:slice$836 ($adffe) from module adaptive_aero_control_transport.
Setting constant 0-bit at position 27 on $auto$ff.cc:266:slice$836 ($adffe) from module adaptive_aero_control_transport.
Setting constant 0-bit at position 28 on $auto$ff.cc:266:slice$836 ($adffe) from module adaptive_aero_control_transport.
Setting constant 0-bit at position 29 on $auto$ff.cc:266:slice$836 ($adffe) from module adaptive_aero_control_transport.
Setting constant 0-bit at position 30 on $auto$ff.cc:266:slice$836 ($adffe) from module adaptive_aero_control_transport.
Setting constant 0-bit at position 31 on $auto$ff.cc:266:slice$836 ($adffe) from module adaptive_aero_control_transport.
Setting constant 0-bit at position 32 on $auto$ff.cc:266:slice$836 ($adffe) from module adaptive_aero_control_transport.
Setting constant 0-bit at position 33 on $auto$ff.cc:266:slice$836 ($adffe) from module adaptive_aero_control_transport.
Setting constant 0-bit at position 34 on $auto$ff.cc:266:slice$836 ($adffe) from module adaptive_aero_control_transport.
Setting constant 0-bit at position 35 on $auto$ff.cc:266:slice$836 ($adffe) from module adaptive_aero_control_transport.
Setting constant 0-bit at position 36 on $auto$ff.cc:266:slice$836 ($adffe) from module adaptive_aero_control_transport.
Setting constant 0-bit at position 37 on $auto$ff.cc:266:slice$836 ($adffe) from module adaptive_aero_control_transport.
Setting constant 0-bit at position 38 on $auto$ff.cc:266:slice$836 ($adffe) from module adaptive_aero_control_transport.
Setting constant 0-bit at position 39 on $auto$ff.cc:266:slice$836 ($adffe) from module adaptive_aero_control_transport.
Setting constant 0-bit at position 40 on $auto$ff.cc:266:slice$836 ($adffe) from module adaptive_aero_control_transport.
Setting constant 0-bit at position 41 on $auto$ff.cc:266:slice$836 ($adffe) from module adaptive_aero_control_transport.
Setting constant 0-bit at position 42 on $auto$ff.cc:266:slice$836 ($adffe) from module adaptive_aero_control_transport.
Setting constant 0-bit at position 43 on $auto$ff.cc:266:slice$836 ($adffe) from module adaptive_aero_control_transport.
Setting constant 0-bit at position 44 on $auto$ff.cc:266:slice$836 ($adffe) from module adaptive_aero_control_transport.
Setting constant 0-bit at position 45 on $auto$ff.cc:266:slice$836 ($adffe) from module adaptive_aero_control_transport.
Setting constant 0-bit at position 46 on $auto$ff.cc:266:slice$836 ($adffe) from module adaptive_aero_control_transport.
Setting constant 0-bit at position 47 on $auto$ff.cc:266:slice$836 ($adffe) from module adaptive_aero_control_transport.
Setting constant 0-bit at position 64 on $auto$ff.cc:266:slice$836 ($adffe) from module adaptive_aero_control_transport.
Setting constant 0-bit at position 65 on $auto$ff.cc:266:slice$836 ($adffe) from module adaptive_aero_control_transport.
Setting constant 0-bit at position 66 on $auto$ff.cc:266:slice$836 ($adffe) from module adaptive_aero_control_transport.
Setting constant 0-bit at position 67 on $auto$ff.cc:266:slice$836 ($adffe) from module adaptive_aero_control_transport.
Setting constant 0-bit at position 68 on $auto$ff.cc:266:slice$836 ($adffe) from module adaptive_aero_control_transport.
Setting constant 0-bit at position 69 on $auto$ff.cc:266:slice$836 ($adffe) from module adaptive_aero_control_transport.
Setting constant 0-bit at position 70 on $auto$ff.cc:266:slice$836 ($adffe) from module adaptive_aero_control_transport.
Setting constant 0-bit at position 71 on $auto$ff.cc:266:slice$836 ($adffe) from module adaptive_aero_control_transport.
Setting constant 0-bit at position 72 on $auto$ff.cc:266:slice$836 ($adffe) from module adaptive_aero_control_transport.
Setting constant 0-bit at position 73 on $auto$ff.cc:266:slice$836 ($adffe) from module adaptive_aero_control_transport.
Setting constant 0-bit at position 74 on $auto$ff.cc:266:slice$836 ($adffe) from module adaptive_aero_control_transport.
Setting constant 0-bit at position 75 on $auto$ff.cc:266:slice$836 ($adffe) from module adaptive_aero_control_transport.
Setting constant 0-bit at position 76 on $auto$ff.cc:266:slice$836 ($adffe) from module adaptive_aero_control_transport.
Setting constant 0-bit at position 120 on $auto$ff.cc:266:slice$836 ($adffe) from module adaptive_aero_control_transport.
Setting constant 0-bit at position 121 on $auto$ff.cc:266:slice$836 ($adffe) from module adaptive_aero_control_transport.
Setting constant 0-bit at position 122 on $auto$ff.cc:266:slice$836 ($adffe) from module adaptive_aero_control_transport.
Setting constant 0-bit at position 123 on $auto$ff.cc:266:slice$836 ($adffe) from module adaptive_aero_control_transport.
Setting constant 0-bit at position 124 on $auto$ff.cc:266:slice$836 ($adffe) from module adaptive_aero_control_transport.
Setting constant 0-bit at position 125 on $auto$ff.cc:266:slice$836 ($adffe) from module adaptive_aero_control_transport.
Setting constant 0-bit at position 126 on $auto$ff.cc:266:slice$836 ($adffe) from module adaptive_aero_control_transport.
Setting constant 0-bit at position 127 on $auto$ff.cc:266:slice$836 ($adffe) from module adaptive_aero_control_transport.
Adding EN signal on $procdff$787 ($adff) from module adaptive_aero_control_fsm (D = $procmux$420_Y, Q = \fault_status_r [0]).
Adding EN signal on $procdff$787 ($adff) from module adaptive_aero_control_fsm (D = $procmux$414_Y, Q = \fault_status_r [1]).
Adding EN signal on $procdff$787 ($adff) from module adaptive_aero_control_fsm (D = $procmux$402_Y, Q = \fault_status_r [3]).
Adding EN signal on $procdff$787 ($adff) from module adaptive_aero_control_fsm (D = $procmux$396_Y, Q = \fault_status_r [4]).
Adding EN signal on $procdff$787 ($adff) from module adaptive_aero_control_fsm (D = $procmux$432_Y, Q = \fault_status_r [5]).
Adding EN signal on $procdff$787 ($adff) from module adaptive_aero_control_fsm (D = $procmux$426_Y, Q = \fault_status_r [6]).
Adding EN signal on $procdff$787 ($adff) from module adaptive_aero_control_fsm (D = $procmux$408_Y, Q = \fault_status_r [2]).
Adding EN signal on $procdff$787 ($adff) from module adaptive_aero_control_fsm (D = $procmux$390_Y, Q = \fault_status_r [15:7]).
Adding EN signal on $procdff$786 ($adff) from module adaptive_aero_control_fsm (D = $procmux$613_Y, Q = \state_r).
Adding EN signal on $procdff$797 ($adff) from module adaptive_aero_control_csr (D = \cfg_wdata [15:0], Q = \sequence_counter_r).
Adding EN signal on $procdff$798 ($adff) from module adaptive_aero_control_csr (D = $procmux$678_Y, Q = \cfg_rdata_r).
Adding EN signal on $procdff$788 ($adff) from module adaptive_aero_control_csr (D = \cfg_wdata [0], Q = \enable_r).
Adding EN signal on $procdff$790 ($adff) from module adaptive_aero_control_csr (D = \cfg_wdata [4:2], Q = \mode_select_r).
Adding EN signal on $procdff$791 ($adff) from module adaptive_aero_control_csr (D = \cfg_wdata [12:5], Q = \freshness_limit_r).
Adding EN signal on $procdff$792 ($adff) from module adaptive_aero_control_csr (D = \cfg_wdata [20:13], Q = \timeout_limit_r).
Adding EN signal on $procdff$793 ($adff) from module adaptive_aero_control_csr (D = \cfg_wdata [36:21], Q = \max_cmd_r).
Adding EN signal on $procdff$794 ($adff) from module adaptive_aero_control_csr (D = \cfg_wdata [52:37], Q = \min_cmd_r).
Adding EN signal on $procdff$795 ($adff) from module adaptive_aero_control_csr (D = \cfg_wdata [63:48], Q = \rate_limit_r).
Adding EN signal on $procdff$796 ($adff) from module adaptive_aero_control_csr (D = \cfg_wdata [19:16], Q = \fallback_mode_r).
Adding EN signal on $procdff$799 ($adff) from module adaptive_aero_control_top_spi_fpga_top (D = \rx_shift, Q = \rx_active).
Adding EN signal on $procdff$804 ($dff) from module adaptive_aero_control_top_spi_fpga_top (D = { \rx_shift [201:0] \spi_mosi }, Q = \rx_shift).
Adding EN signal on $procdff$805 ($dff) from module adaptive_aero_control_top_spi_fpga_top (D = $procmux$741_Y, Q = \tx_shift).

9.7. Executing OPT_CLEAN pass (remove unused cells and wires).
Finding unused cells or wires in module \adaptive_aero_control_validator..
Finding unused cells or wires in module \adaptive_aero_control_transport..
Finding unused cells or wires in module \adaptive_aero_control_top..
Finding unused cells or wires in module \adaptive_aero_control_fsm..
Finding unused cells or wires in module \adaptive_aero_control_csr..
Finding unused cells or wires in module \adaptive_aero_control_top_spi_fpga_top..
Removed 61 unused cells and 469 unused wires.
<suppressed ~69 debug messages>

9.8. Executing OPT_EXPR pass (perform const folding).
Optimizing module adaptive_aero_control_csr.
Optimizing module adaptive_aero_control_fsm.
<suppressed ~9 debug messages>
Optimizing module adaptive_aero_control_top.
Optimizing module adaptive_aero_control_top_spi_fpga_top.
Optimizing module adaptive_aero_control_transport.
<suppressed ~2 debug messages>
Optimizing module adaptive_aero_control_validator.

9.9. Rerunning OPT passes. (Maybe there is more to do..)

9.10. Executing OPT_MUXTREE pass (detect dead branches in mux trees).
Running muxtree optimizer on module \adaptive_aero_control_csr..
  Creating internal representation of mux trees.
  Evaluating internal representation of mux trees.
  Analyzing evaluation results.
Running muxtree optimizer on module \adaptive_aero_control_fsm..
  Creating internal representation of mux trees.
  Evaluating internal representation of mux trees.
  Analyzing evaluation results.
Running muxtree optimizer on module \adaptive_aero_control_top..
  Creating internal representation of mux trees.
  No muxes found in this module.
Running muxtree optimizer on module \adaptive_aero_control_top_spi_fpga_top..
  Creating internal representation of mux trees.
  Evaluating internal representation of mux trees.
  Analyzing evaluation results.
Running muxtree optimizer on module \adaptive_aero_control_transport..
  Creating internal representation of mux trees.
  Evaluating internal representation of mux trees.
  Analyzing evaluation results.
Running muxtree optimizer on module \adaptive_aero_control_validator..
  Creating internal representation of mux trees.
  Evaluating internal representation of mux trees.
  Analyzing evaluation results.
Removed 0 multiplexer ports.
<suppressed ~46 debug messages>

9.11. Executing OPT_REDUCE pass (consolidate $*mux and $reduce_* inputs).
  Optimizing cells in module \adaptive_aero_control_csr.
  Optimizing cells in module \adaptive_aero_control_fsm.
    New ctrl vector for $pmux cell $procmux$613: { $procmux$576_CMP $procmux$619_CMP $procmux$535_CMP $procmux$452_CMP $auto$opt_reduce.cc:134:opt_pmux$820 $procmux$615_CMP }
  Optimizing cells in module \adaptive_aero_control_fsm.
  Optimizing cells in module \adaptive_aero_control_top.
  Optimizing cells in module \adaptive_aero_control_top_spi_fpga_top.
  Optimizing cells in module \adaptive_aero_control_transport.
  Optimizing cells in module \adaptive_aero_control_validator.
Performed a total of 1 changes.

9.12. Executing OPT_MERGE pass (detect identical cells).
Finding identical cells in module `\adaptive_aero_control_csr'.
<suppressed ~24 debug messages>
Finding identical cells in module `\adaptive_aero_control_fsm'.
Finding identical cells in module `\adaptive_aero_control_top'.
Finding identical cells in module `\adaptive_aero_control_top_spi_fpga_top'.
Finding identical cells in module `\adaptive_aero_control_transport'.
<suppressed ~6 debug messages>
Finding identical cells in module `\adaptive_aero_control_validator'.
Removed a total of 10 cells.

9.13. Executing OPT_DFF pass (perform DFF optimizations).

9.14. Executing OPT_CLEAN pass (remove unused cells and wires).
Finding unused cells or wires in module \adaptive_aero_control_csr..
Finding unused cells or wires in module \adaptive_aero_control_fsm..
Finding unused cells or wires in module \adaptive_aero_control_top..
Finding unused cells or wires in module \adaptive_aero_control_top_spi_fpga_top..
Finding unused cells or wires in module \adaptive_aero_control_transport..
Finding unused cells or wires in module \adaptive_aero_control_validator..
Removed 0 unused cells and 10 unused wires.
<suppressed ~2 debug messages>

9.15. Executing OPT_EXPR pass (perform const folding).
Optimizing module adaptive_aero_control_csr.
Optimizing module adaptive_aero_control_fsm.
Optimizing module adaptive_aero_control_top.
Optimizing module adaptive_aero_control_top_spi_fpga_top.
Optimizing module adaptive_aero_control_transport.
Optimizing module adaptive_aero_control_validator.

9.16. Rerunning OPT passes. (Maybe there is more to do..)

9.17. Executing OPT_MUXTREE pass (detect dead branches in mux trees).
Running muxtree optimizer on module \adaptive_aero_control_csr..
  Creating internal representation of mux trees.
  Evaluating internal representation of mux trees.
  Analyzing evaluation results.
Running muxtree optimizer on module \adaptive_aero_control_fsm..
  Creating internal representation of mux trees.
  Evaluating internal representation of mux trees.
  Analyzing evaluation results.
Running muxtree optimizer on module \adaptive_aero_control_top..
  Creating internal representation of mux trees.
  No muxes found in this module.
Running muxtree optimizer on module \adaptive_aero_control_top_spi_fpga_top..
  Creating internal representation of mux trees.
  Evaluating internal representation of mux trees.
  Analyzing evaluation results.
Running muxtree optimizer on module \adaptive_aero_control_transport..
  Creating internal representation of mux trees.
  Evaluating internal representation of mux trees.
  Analyzing evaluation results.
Running muxtree optimizer on module \adaptive_aero_control_validator..
  Creating internal representation of mux trees.
  Evaluating internal representation of mux trees.
  Analyzing evaluation results.
Removed 0 multiplexer ports.
<suppressed ~46 debug messages>

9.18. Executing OPT_REDUCE pass (consolidate $*mux and $reduce_* inputs).
  Optimizing cells in module \adaptive_aero_control_csr.
  Optimizing cells in module \adaptive_aero_control_fsm.
  Optimizing cells in module \adaptive_aero_control_top.
  Optimizing cells in module \adaptive_aero_control_top_spi_fpga_top.
  Optimizing cells in module \adaptive_aero_control_transport.
  Optimizing cells in module \adaptive_aero_control_validator.
Performed a total of 0 changes.

9.19. Executing OPT_MERGE pass (detect identical cells).
Finding identical cells in module `\adaptive_aero_control_csr'.
Finding identical cells in module `\adaptive_aero_control_fsm'.
Finding identical cells in module `\adaptive_aero_control_top'.
Finding identical cells in module `\adaptive_aero_control_top_spi_fpga_top'.
Finding identical cells in module `\adaptive_aero_control_transport'.
Finding identical cells in module `\adaptive_aero_control_validator'.
Removed a total of 0 cells.

9.20. Executing OPT_DFF pass (perform DFF optimizations).

9.21. Executing OPT_CLEAN pass (remove unused cells and wires).
Finding unused cells or wires in module \adaptive_aero_control_csr..
Finding unused cells or wires in module \adaptive_aero_control_fsm..
Finding unused cells or wires in module \adaptive_aero_control_top..
Finding unused cells or wires in module \adaptive_aero_control_top_spi_fpga_top..
Finding unused cells or wires in module \adaptive_aero_control_transport..
Finding unused cells or wires in module \adaptive_aero_control_validator..

9.22. Executing OPT_EXPR pass (perform const folding).
Optimizing module adaptive_aero_control_csr.
Optimizing module adaptive_aero_control_fsm.
Optimizing module adaptive_aero_control_top.
Optimizing module adaptive_aero_control_top_spi_fpga_top.
Optimizing module adaptive_aero_control_transport.
Optimizing module adaptive_aero_control_validator.

9.23. Finished OPT passes. (There is nothing left to do.)

10. Executing FSM pass (extract and optimize FSM).

10.1. Executing FSM_DETECT pass (finding FSMs in design).

10.2. Executing FSM_EXTRACT pass (extracting FSM from design).

10.3. Executing FSM_OPT pass (simple optimizations of FSMs).

10.4. Executing OPT_CLEAN pass (remove unused cells and wires).
Finding unused cells or wires in module \adaptive_aero_control_csr..
Finding unused cells or wires in module \adaptive_aero_control_fsm..
Finding unused cells or wires in module \adaptive_aero_control_top..
Finding unused cells or wires in module \adaptive_aero_control_top_spi_fpga_top..
Finding unused cells or wires in module \adaptive_aero_control_transport..
Finding unused cells or wires in module \adaptive_aero_control_validator..

10.5. Executing FSM_OPT pass (simple optimizations of FSMs).

10.6. Executing FSM_RECODE pass (re-assigning FSM state encoding).

10.7. Executing FSM_INFO pass (dumping all available information on FSM cells).

10.8. Executing FSM_MAP pass (mapping FSMs to basic logic).

11. Executing OPT pass (performing simple optimizations).

11.1. Executing OPT_EXPR pass (perform const folding).
Optimizing module adaptive_aero_control_csr.
Optimizing module adaptive_aero_control_fsm.
Optimizing module adaptive_aero_control_top.
Optimizing module adaptive_aero_control_top_spi_fpga_top.
Optimizing module adaptive_aero_control_transport.
Optimizing module adaptive_aero_control_validator.

11.2. Executing OPT_MERGE pass (detect identical cells).
Finding identical cells in module `\adaptive_aero_control_csr'.
Finding identical cells in module `\adaptive_aero_control_fsm'.
Finding identical cells in module `\adaptive_aero_control_top'.
Finding identical cells in module `\adaptive_aero_control_top_spi_fpga_top'.
Finding identical cells in module `\adaptive_aero_control_transport'.
Finding identical cells in module `\adaptive_aero_control_validator'.
Removed a total of 0 cells.

11.3. Executing OPT_MUXTREE pass (detect dead branches in mux trees).
Running muxtree optimizer on module \adaptive_aero_control_csr..
  Creating internal representation of mux trees.
  Evaluating internal representation of mux trees.
  Analyzing evaluation results.
Running muxtree optimizer on module \adaptive_aero_control_fsm..
  Creating internal representation of mux trees.
  Evaluating internal representation of mux trees.
  Analyzing evaluation results.
Running muxtree optimizer on module \adaptive_aero_control_top..
  Creating internal representation of mux trees.
  No muxes found in this module.
Running muxtree optimizer on module \adaptive_aero_control_top_spi_fpga_top..
  Creating internal representation of mux trees.
  Evaluating internal representation of mux trees.
  Analyzing evaluation results.
Running muxtree optimizer on module \adaptive_aero_control_transport..
  Creating internal representation of mux trees.
  Evaluating internal representation of mux trees.
  Analyzing evaluation results.
Running muxtree optimizer on module \adaptive_aero_control_validator..
  Creating internal representation of mux trees.
  Evaluating internal representation of mux trees.
  Analyzing evaluation results.
Removed 0 multiplexer ports.
<suppressed ~46 debug messages>

11.4. Executing OPT_REDUCE pass (consolidate $*mux and $reduce_* inputs).
  Optimizing cells in module \adaptive_aero_control_csr.
  Optimizing cells in module \adaptive_aero_control_fsm.
  Optimizing cells in module \adaptive_aero_control_top.
  Optimizing cells in module \adaptive_aero_control_top_spi_fpga_top.
  Optimizing cells in module \adaptive_aero_control_transport.
  Optimizing cells in module \adaptive_aero_control_validator.
Performed a total of 0 changes.

11.5. Executing OPT_MERGE pass (detect identical cells).
Finding identical cells in module `\adaptive_aero_control_csr'.
Finding identical cells in module `\adaptive_aero_control_fsm'.
Finding identical cells in module `\adaptive_aero_control_top'.
Finding identical cells in module `\adaptive_aero_control_top_spi_fpga_top'.
Finding identical cells in module `\adaptive_aero_control_transport'.
Finding identical cells in module `\adaptive_aero_control_validator'.
Removed a total of 0 cells.

11.6. Executing OPT_DFF pass (perform DFF optimizations).

11.7. Executing OPT_CLEAN pass (remove unused cells and wires).
Finding unused cells or wires in module \adaptive_aero_control_csr..
Finding unused cells or wires in module \adaptive_aero_control_fsm..
Finding unused cells or wires in module \adaptive_aero_control_top..
Finding unused cells or wires in module \adaptive_aero_control_top_spi_fpga_top..
Finding unused cells or wires in module \adaptive_aero_control_transport..
Finding unused cells or wires in module \adaptive_aero_control_validator..

11.8. Executing OPT_EXPR pass (perform const folding).
Optimizing module adaptive_aero_control_csr.
Optimizing module adaptive_aero_control_fsm.
Optimizing module adaptive_aero_control_top.
Optimizing module adaptive_aero_control_top_spi_fpga_top.
Optimizing module adaptive_aero_control_transport.
Optimizing module adaptive_aero_control_validator.

11.9. Finished OPT passes. (There is nothing left to do.)

12. Executing MEMORY pass.

12.1. Executing OPT_MEM pass (optimize memories).
Performed a total of 0 transformations.

12.2. Executing OPT_MEM_PRIORITY pass (removing unnecessary memory write priority relations).
Performed a total of 0 transformations.

12.3. Executing OPT_MEM_FEEDBACK pass (finding memory read-to-write feedback paths).

12.4. Executing MEMORY_BMUX2ROM pass (converting muxes to ROMs).

12.5. Executing MEMORY_DFF pass (merging $dff cells to $memrd).

12.6. Executing OPT_CLEAN pass (remove unused cells and wires).
Finding unused cells or wires in module \adaptive_aero_control_csr..
Finding unused cells or wires in module \adaptive_aero_control_fsm..
Finding unused cells or wires in module \adaptive_aero_control_top..
Finding unused cells or wires in module \adaptive_aero_control_top_spi_fpga_top..
Finding unused cells or wires in module \adaptive_aero_control_transport..
Finding unused cells or wires in module \adaptive_aero_control_validator..

12.7. Executing MEMORY_SHARE pass (consolidating $memrd/$memwr cells).

12.8. Executing OPT_MEM_WIDEN pass (optimize memories where all ports are wide).
Performed a total of 0 transformations.

12.9. Executing OPT_CLEAN pass (remove unused cells and wires).
Finding unused cells or wires in module \adaptive_aero_control_csr..
Finding unused cells or wires in module \adaptive_aero_control_fsm..
Finding unused cells or wires in module \adaptive_aero_control_top..
Finding unused cells or wires in module \adaptive_aero_control_top_spi_fpga_top..
Finding unused cells or wires in module \adaptive_aero_control_transport..
Finding unused cells or wires in module \adaptive_aero_control_validator..

12.10. Executing MEMORY_COLLECT pass (generating $mem cells).

12.11. Executing MEMORY_MAP pass (converting memories to logic and flip-flops).

13. Executing OPT pass (performing simple optimizations).

13.1. Executing OPT_EXPR pass (perform const folding).
Optimizing module adaptive_aero_control_csr.
Optimizing module adaptive_aero_control_fsm.
Optimizing module adaptive_aero_control_top.
Optimizing module adaptive_aero_control_top_spi_fpga_top.
Optimizing module adaptive_aero_control_transport.
Optimizing module adaptive_aero_control_validator.

13.2. Executing OPT_MERGE pass (detect identical cells).
Finding identical cells in module `\adaptive_aero_control_csr'.
Finding identical cells in module `\adaptive_aero_control_fsm'.
Finding identical cells in module `\adaptive_aero_control_top'.
Finding identical cells in module `\adaptive_aero_control_top_spi_fpga_top'.
Finding identical cells in module `\adaptive_aero_control_transport'.
Finding identical cells in module `\adaptive_aero_control_validator'.
Removed a total of 0 cells.

13.3. Executing OPT_MUXTREE pass (detect dead branches in mux trees).
Running muxtree optimizer on module \adaptive_aero_control_csr..
  Creating internal representation of mux trees.
  Evaluating internal representation of mux trees.
  Analyzing evaluation results.
Running muxtree optimizer on module \adaptive_aero_control_fsm..
  Creating internal representation of mux trees.
  Evaluating internal representation of mux trees.
  Analyzing evaluation results.
Running muxtree optimizer on module \adaptive_aero_control_top..
  Creating internal representation of mux trees.
  No muxes found in this module.
Running muxtree optimizer on module \adaptive_aero_control_top_spi_fpga_top..
  Creating internal representation of mux trees.
  Evaluating internal representation of mux trees.
  Analyzing evaluation results.
Running muxtree optimizer on module \adaptive_aero_control_transport..
  Creating internal representation of mux trees.
  Evaluating internal representation of mux trees.
  Analyzing evaluation results.
Running muxtree optimizer on module \adaptive_aero_control_validator..
  Creating internal representation of mux trees.
  Evaluating internal representation of mux trees.
  Analyzing evaluation results.
Removed 0 multiplexer ports.
<suppressed ~46 debug messages>

13.4. Executing OPT_REDUCE pass (consolidate $*mux and $reduce_* inputs).
  Optimizing cells in module \adaptive_aero_control_csr.
  Optimizing cells in module \adaptive_aero_control_fsm.
  Optimizing cells in module \adaptive_aero_control_top.
  Optimizing cells in module \adaptive_aero_control_top_spi_fpga_top.
  Optimizing cells in module \adaptive_aero_control_transport.
  Optimizing cells in module \adaptive_aero_control_validator.
Performed a total of 0 changes.

13.5. Executing OPT_MERGE pass (detect identical cells).
Finding identical cells in module `\adaptive_aero_control_csr'.
Finding identical cells in module `\adaptive_aero_control_fsm'.
Finding identical cells in module `\adaptive_aero_control_top'.
Finding identical cells in module `\adaptive_aero_control_top_spi_fpga_top'.
Finding identical cells in module `\adaptive_aero_control_transport'.
Finding identical cells in module `\adaptive_aero_control_validator'.
Removed a total of 0 cells.

13.6. Executing OPT_DFF pass (perform DFF optimizations).

13.7. Executing OPT_CLEAN pass (remove unused cells and wires).
Finding unused cells or wires in module \adaptive_aero_control_csr..
Finding unused cells or wires in module \adaptive_aero_control_fsm..
Finding unused cells or wires in module \adaptive_aero_control_top..
Finding unused cells or wires in module \adaptive_aero_control_top_spi_fpga_top..
Finding unused cells or wires in module \adaptive_aero_control_transport..
Finding unused cells or wires in module \adaptive_aero_control_validator..

13.8. Executing OPT_EXPR pass (perform const folding).
Optimizing module adaptive_aero_control_csr.
Optimizing module adaptive_aero_control_fsm.
Optimizing module adaptive_aero_control_top.
Optimizing module adaptive_aero_control_top_spi_fpga_top.
Optimizing module adaptive_aero_control_transport.
Optimizing module adaptive_aero_control_validator.

13.9. Finished OPT passes. (There is nothing left to do.)

14. Executing CHECK pass (checking for obvious problems).
Checking module adaptive_aero_control_csr...
Checking module adaptive_aero_control_fsm...
Checking module adaptive_aero_control_top...
Checking module adaptive_aero_control_top_spi_fpga_top...
Checking module adaptive_aero_control_transport...
Checking module adaptive_aero_control_validator...
Found and reported 0 problems.

15. Executing SYNTH pass.

15.1. Executing HIERARCHY pass (managing design hierarchy).

15.1.1. Analyzing design hierarchy..
Top module:  \adaptive_aero_control_top_spi_fpga_top
Used module:     \adaptive_aero_control_top
Used module:         \adaptive_aero_control_csr
Used module:         \adaptive_aero_control_fsm
Used module:         \adaptive_aero_control_transport
Used module:         \adaptive_aero_control_validator

15.1.2. Analyzing design hierarchy..
Top module:  \adaptive_aero_control_top_spi_fpga_top
Used module:     \adaptive_aero_control_top
Used module:         \adaptive_aero_control_csr
Used module:         \adaptive_aero_control_fsm
Used module:         \adaptive_aero_control_transport
Used module:         \adaptive_aero_control_validator
Removed 0 unused modules.

15.2. Executing PROC pass (convert processes to netlists).

15.2.1. Executing PROC_CLEAN pass (remove empty switches from decision trees).
Cleaned up 0 empty switches.

15.2.2. Executing PROC_RMDEAD pass (remove dead branches from decision trees).
Removed a total of 0 dead cases.

15.2.3. Executing PROC_PRUNE pass (remove redundant assignments in processes).
Removed 0 redundant assignments.
Promoted 0 assignments to connections.

15.2.4. Executing PROC_INIT pass (extract init attributes).

15.2.5. Executing PROC_ARST pass (detect async resets in processes).

15.2.6. Executing PROC_ROM pass (convert switches to ROMs).
Converted 0 switches.

15.2.7. Executing PROC_MUX pass (convert decision trees to multiplexers).

15.2.8. Executing PROC_DLATCH pass (convert process syncs to latches).

15.2.9. Executing PROC_DFF pass (convert process syncs to FFs).

15.2.10. Executing PROC_MEMWR pass (convert process memory writes to cells).

15.2.11. Executing PROC_CLEAN pass (remove empty switches from decision trees).
Cleaned up 0 empty switches.

15.2.12. Executing OPT_EXPR pass (perform const folding).
Optimizing module adaptive_aero_control_csr.
Optimizing module adaptive_aero_control_fsm.
Optimizing module adaptive_aero_control_top.
Optimizing module adaptive_aero_control_top_spi_fpga_top.
Optimizing module adaptive_aero_control_transport.
Optimizing module adaptive_aero_control_validator.

15.3. Executing OPT_EXPR pass (perform const folding).
Optimizing module adaptive_aero_control_csr.
Optimizing module adaptive_aero_control_fsm.
Optimizing module adaptive_aero_control_top.
Optimizing module adaptive_aero_control_top_spi_fpga_top.
Optimizing module adaptive_aero_control_transport.
Optimizing module adaptive_aero_control_validator.

15.4. Executing OPT_CLEAN pass (remove unused cells and wires).
Finding unused cells or wires in module \adaptive_aero_control_csr..
Finding unused cells or wires in module \adaptive_aero_control_fsm..
Finding unused cells or wires in module \adaptive_aero_control_top..
Finding unused cells or wires in module \adaptive_aero_control_top_spi_fpga_top..
Finding unused cells or wires in module \adaptive_aero_control_transport..
Finding unused cells or wires in module \adaptive_aero_control_validator..

15.5. Executing CHECK pass (checking for obvious problems).
Checking module adaptive_aero_control_csr...
Checking module adaptive_aero_control_fsm...
Checking module adaptive_aero_control_top...
Checking module adaptive_aero_control_top_spi_fpga_top...
Checking module adaptive_aero_control_transport...
Checking module adaptive_aero_control_validator...
Found and reported 0 problems.

15.6. Executing OPT pass (performing simple optimizations).

15.6.1. Executing OPT_EXPR pass (perform const folding).
Optimizing module adaptive_aero_control_csr.
Optimizing module adaptive_aero_control_fsm.
Optimizing module adaptive_aero_control_top.
Optimizing module adaptive_aero_control_top_spi_fpga_top.
Optimizing module adaptive_aero_control_transport.
Optimizing module adaptive_aero_control_validator.

15.6.2. Executing OPT_MERGE pass (detect identical cells).
Finding identical cells in module `\adaptive_aero_control_csr'.
Finding identical cells in module `\adaptive_aero_control_fsm'.
Finding identical cells in module `\adaptive_aero_control_top'.
Finding identical cells in module `\adaptive_aero_control_top_spi_fpga_top'.
Finding identical cells in module `\adaptive_aero_control_transport'.
Finding identical cells in module `\adaptive_aero_control_validator'.
Removed a total of 0 cells.

15.6.3. Executing OPT_MUXTREE pass (detect dead branches in mux trees).
Running muxtree optimizer on module \adaptive_aero_control_csr..
  Creating internal representation of mux trees.
  Evaluating internal representation of mux trees.
  Analyzing evaluation results.
Running muxtree optimizer on module \adaptive_aero_control_fsm..
  Creating internal representation of mux trees.
  Evaluating internal representation of mux trees.
  Analyzing evaluation results.
Running muxtree optimizer on module \adaptive_aero_control_top..
  Creating internal representation of mux trees.
  No muxes found in this module.
Running muxtree optimizer on module \adaptive_aero_control_top_spi_fpga_top..
  Creating internal representation of mux trees.
  Evaluating internal representation of mux trees.
  Analyzing evaluation results.
Running muxtree optimizer on module \adaptive_aero_control_transport..
  Creating internal representation of mux trees.
  Evaluating internal representation of mux trees.
  Analyzing evaluation results.
Running muxtree optimizer on module \adaptive_aero_control_validator..
  Creating internal representation of mux trees.
  Evaluating internal representation of mux trees.
  Analyzing evaluation results.
Removed 0 multiplexer ports.
<suppressed ~46 debug messages>

15.6.4. Executing OPT_REDUCE pass (consolidate $*mux and $reduce_* inputs).
  Optimizing cells in module \adaptive_aero_control_csr.
  Optimizing cells in module \adaptive_aero_control_fsm.
  Optimizing cells in module \adaptive_aero_control_top.
  Optimizing cells in module \adaptive_aero_control_top_spi_fpga_top.
  Optimizing cells in module \adaptive_aero_control_transport.
  Optimizing cells in module \adaptive_aero_control_validator.
Performed a total of 0 changes.

15.6.5. Executing OPT_MERGE pass (detect identical cells).
Finding identical cells in module `\adaptive_aero_control_csr'.
Finding identical cells in module `\adaptive_aero_control_fsm'.
Finding identical cells in module `\adaptive_aero_control_top'.
Finding identical cells in module `\adaptive_aero_control_top_spi_fpga_top'.
Finding identical cells in module `\adaptive_aero_control_transport'.
Finding identical cells in module `\adaptive_aero_control_validator'.
Removed a total of 0 cells.

15.6.6. Executing OPT_DFF pass (perform DFF optimizations).

15.6.7. Executing OPT_CLEAN pass (remove unused cells and wires).
Finding unused cells or wires in module \adaptive_aero_control_csr..
Finding unused cells or wires in module \adaptive_aero_control_fsm..
Finding unused cells or wires in module \adaptive_aero_control_top..
Finding unused cells or wires in module \adaptive_aero_control_top_spi_fpga_top..
Finding unused cells or wires in module \adaptive_aero_control_transport..
Finding unused cells or wires in module \adaptive_aero_control_validator..

15.6.8. Executing OPT_EXPR pass (perform const folding).
Optimizing module adaptive_aero_control_csr.
Optimizing module adaptive_aero_control_fsm.
Optimizing module adaptive_aero_control_top.
Optimizing module adaptive_aero_control_top_spi_fpga_top.
Optimizing module adaptive_aero_control_transport.
Optimizing module adaptive_aero_control_validator.

15.6.9. Finished OPT passes. (There is nothing left to do.)

15.7. Executing FSM pass (extract and optimize FSM).

15.7.1. Executing FSM_DETECT pass (finding FSMs in design).

15.7.2. Executing FSM_EXTRACT pass (extracting FSM from design).

15.7.3. Executing FSM_OPT pass (simple optimizations of FSMs).

15.7.4. Executing OPT_CLEAN pass (remove unused cells and wires).
Finding unused cells or wires in module \adaptive_aero_control_csr..
Finding unused cells or wires in module \adaptive_aero_control_fsm..
Finding unused cells or wires in module \adaptive_aero_control_top..
Finding unused cells or wires in module \adaptive_aero_control_top_spi_fpga_top..
Finding unused cells or wires in module \adaptive_aero_control_transport..
Finding unused cells or wires in module \adaptive_aero_control_validator..

15.7.5. Executing FSM_OPT pass (simple optimizations of FSMs).

15.7.6. Executing FSM_RECODE pass (re-assigning FSM state encoding).

15.7.7. Executing FSM_INFO pass (dumping all available information on FSM cells).

15.7.8. Executing FSM_MAP pass (mapping FSMs to basic logic).

15.8. Executing OPT pass (performing simple optimizations).

15.8.1. Executing OPT_EXPR pass (perform const folding).
Optimizing module adaptive_aero_control_csr.
Optimizing module adaptive_aero_control_fsm.
Optimizing module adaptive_aero_control_top.
Optimizing module adaptive_aero_control_top_spi_fpga_top.
Optimizing module adaptive_aero_control_transport.
Optimizing module adaptive_aero_control_validator.

15.8.2. Executing OPT_MERGE pass (detect identical cells).
Finding identical cells in module `\adaptive_aero_control_csr'.
Finding identical cells in module `\adaptive_aero_control_fsm'.
Finding identical cells in module `\adaptive_aero_control_top'.
Finding identical cells in module `\adaptive_aero_control_top_spi_fpga_top'.
Finding identical cells in module `\adaptive_aero_control_transport'.
Finding identical cells in module `\adaptive_aero_control_validator'.
Removed a total of 0 cells.

15.8.3. Executing OPT_MUXTREE pass (detect dead branches in mux trees).
Running muxtree optimizer on module \adaptive_aero_control_csr..
  Creating internal representation of mux trees.
  Evaluating internal representation of mux trees.
  Analyzing evaluation results.
Running muxtree optimizer on module \adaptive_aero_control_fsm..
  Creating internal representation of mux trees.
  Evaluating internal representation of mux trees.
  Analyzing evaluation results.
Running muxtree optimizer on module \adaptive_aero_control_top..
  Creating internal representation of mux trees.
  No muxes found in this module.
Running muxtree optimizer on module \adaptive_aero_control_top_spi_fpga_top..
  Creating internal representation of mux trees.
  Evaluating internal representation of mux trees.
  Analyzing evaluation results.
Running muxtree optimizer on module \adaptive_aero_control_transport..
  Creating internal representation of mux trees.
  Evaluating internal representation of mux trees.
  Analyzing evaluation results.
Running muxtree optimizer on module \adaptive_aero_control_validator..
  Creating internal representation of mux trees.
  Evaluating internal representation of mux trees.
  Analyzing evaluation results.
Removed 0 multiplexer ports.
<suppressed ~46 debug messages>

15.8.4. Executing OPT_REDUCE pass (consolidate $*mux and $reduce_* inputs).
  Optimizing cells in module \adaptive_aero_control_csr.
  Optimizing cells in module \adaptive_aero_control_fsm.
  Optimizing cells in module \adaptive_aero_control_top.
  Optimizing cells in module \adaptive_aero_control_top_spi_fpga_top.
  Optimizing cells in module \adaptive_aero_control_transport.
  Optimizing cells in module \adaptive_aero_control_validator.
Performed a total of 0 changes.

15.8.5. Executing OPT_MERGE pass (detect identical cells).
Finding identical cells in module `\adaptive_aero_control_csr'.
Finding identical cells in module `\adaptive_aero_control_fsm'.
Finding identical cells in module `\adaptive_aero_control_top'.
Finding identical cells in module `\adaptive_aero_control_top_spi_fpga_top'.
Finding identical cells in module `\adaptive_aero_control_transport'.
Finding identical cells in module `\adaptive_aero_control_validator'.
Removed a total of 0 cells.

15.8.6. Executing OPT_DFF pass (perform DFF optimizations).

15.8.7. Executing OPT_CLEAN pass (remove unused cells and wires).
Finding unused cells or wires in module \adaptive_aero_control_csr..
Finding unused cells or wires in module \adaptive_aero_control_fsm..
Finding unused cells or wires in module \adaptive_aero_control_top..
Finding unused cells or wires in module \adaptive_aero_control_top_spi_fpga_top..
Finding unused cells or wires in module \adaptive_aero_control_transport..
Finding unused cells or wires in module \adaptive_aero_control_validator..

15.8.8. Executing OPT_EXPR pass (perform const folding).
Optimizing module adaptive_aero_control_csr.
Optimizing module adaptive_aero_control_fsm.
Optimizing module adaptive_aero_control_top.
Optimizing module adaptive_aero_control_top_spi_fpga_top.
Optimizing module adaptive_aero_control_transport.
Optimizing module adaptive_aero_control_validator.

15.8.9. Finished OPT passes. (There is nothing left to do.)

15.9. Executing WREDUCE pass (reducing word size of cells).
Removed top 4 bits (of 6) from port B of cell adaptive_aero_control_csr.$procmux$679_CMP0 ($eq).
Removed top 5 bits (of 6) from port B of cell adaptive_aero_control_csr.$procmux$680_CMP0 ($eq).
Removed top 1 bits (of 3) from port B of cell adaptive_aero_control_fsm.$procmux$672_CMP0 ($eq).
Removed top 1 bits (of 3) from port B of cell adaptive_aero_control_fsm.$procmux$673_CMP0 ($eq).
Removed top 2 bits (of 3) from port B of cell adaptive_aero_control_fsm.$procmux$674_CMP0 ($eq).
Removed top 7 bits (of 8) from port B of cell adaptive_aero_control_transport.$add$/root/chiploop-backend/backend/workflows/23df8445-70ed-4bc4-9bb2-ca69e91f0d75/fpga/src/upstream/adaptive_aero_control_transport.v:187$39 ($add).
Removed top 7 bits (of 8) from port B of cell adaptive_aero_control_transport.$add$/root/chiploop-backend/backend/workflows/23df8445-70ed-4bc4-9bb2-ca69e91f0d75/fpga/src/upstream/adaptive_aero_control_transport.v:226$48 ($add).
Removed top 8 bits (of 128) from wire adaptive_aero_control_transport.req_stream_data_r.
Removed top 8 bits (of 16) from port B of cell adaptive_aero_control_validator.$xor$/root/chiploop-backend/backend/workflows/23df8445-70ed-4bc4-9bb2-ca69e91f0d75/fpga/src/upstream/adaptive_aero_control_validator.v:78$50 ($xor).
Removed top 13 bits (of 16) from port B of cell adaptive_aero_control_validator.$xor$/root/chiploop-backend/backend/workflows/23df8445-70ed-4bc4-9bb2-ca69e91f0d75/fpga/src/upstream/adaptive_aero_control_validator.v:78$52 ($xor).

15.10. Executing PEEPOPT pass (run peephole optimizers).

15.11. Executing OPT_CLEAN pass (remove unused cells and wires).
Finding unused cells or wires in module \adaptive_aero_control_csr..
Finding unused cells or wires in module \adaptive_aero_control_fsm..
Finding unused cells or wires in module \adaptive_aero_control_top..
Finding unused cells or wires in module \adaptive_aero_control_top_spi_fpga_top..
Finding unused cells or wires in module \adaptive_aero_control_transport..
Finding unused cells or wires in module \adaptive_aero_control_validator..
Removed 0 unused cells and 1 unused wires.
<suppressed ~1 debug messages>

15.12. Executing ALUMACC pass (create $alu and $macc cells).
Extracting $alu and $macc cells in module adaptive_aero_control_csr:
  created 0 $alu and 0 $macc cells.
Extracting $alu and $macc cells in module adaptive_aero_control_fsm:
  created 0 $alu and 0 $macc cells.
Extracting $alu and $macc cells in module adaptive_aero_control_top:
  created 0 $alu and 0 $macc cells.
Extracting $alu and $macc cells in module adaptive_aero_control_top_spi_fpga_top:
  created 0 $alu and 0 $macc cells.
Extracting $alu and $macc cells in module adaptive_aero_control_transport:
  creating $macc model for $add$/root/chiploop-backend/backend/workflows/23df8445-70ed-4bc4-9bb2-ca69e91f0d75/fpga/src/upstream/adaptive_aero_control_transport.v:187$39 ($add).
  creating $macc model for $add$/root/chiploop-backend/backend/workflows/23df8445-70ed-4bc4-9bb2-ca69e91f0d75/fpga/src/upstream/adaptive_aero_control_transport.v:226$48 ($add).
  creating $alu model for $macc $add$/root/chiploop-backend/backend/workflows/23df8445-70ed-4bc4-9bb2-ca69e91f0d75/fpga/src/upstream/adaptive_aero_control_transport.v:226$48.
  creating $alu model for $macc $add$/root/chiploop-backend/backend/workflows/23df8445-70ed-4bc4-9bb2-ca69e91f0d75/fpga/src/upstream/adaptive_aero_control_transport.v:187$39.
  creating $alu model for $gt$/root/chiploop-backend/backend/workflows/23df8445-70ed-4bc4-9bb2-ca69e91f0d75/fpga/src/upstream/adaptive_aero_control_transport.v:206$44 ($gt): new $alu
  creating $alu cell for $gt$/root/chiploop-backend/backend/workflows/23df8445-70ed-4bc4-9bb2-ca69e91f0d75/fpga/src/upstream/adaptive_aero_control_transport.v:206$44: $auto$alumacc.cc:485:replace_alu$925
  creating $alu cell for $add$/root/chiploop-backend/backend/workflows/23df8445-70ed-4bc4-9bb2-ca69e91f0d75/fpga/src/upstream/adaptive_aero_control_transport.v:187$39: $auto$alumacc.cc:485:replace_alu$936
  creating $alu cell for $add$/root/chiploop-backend/backend/workflows/23df8445-70ed-4bc4-9bb2-ca69e91f0d75/fpga/src/upstream/adaptive_aero_control_transport.v:226$48: $auto$alumacc.cc:485:replace_alu$939
  created 3 $alu and 0 $macc cells.
Extracting $alu and $macc cells in module adaptive_aero_control_validator:
  creating $macc model for $add$/root/chiploop-backend/backend/workflows/23df8445-70ed-4bc4-9bb2-ca69e91f0d75/fpga/src/upstream/adaptive_aero_control_validator.v:140$67 ($add).
  creating $macc model for $sub$/root/chiploop-backend/backend/workflows/23df8445-70ed-4bc4-9bb2-ca69e91f0d75/fpga/src/upstream/adaptive_aero_control_validator.v:143$70 ($sub).
  creating $alu model for $macc $sub$/root/chiploop-backend/backend/workflows/23df8445-70ed-4bc4-9bb2-ca69e91f0d75/fpga/src/upstream/adaptive_aero_control_validator.v:143$70.
  creating $alu model for $macc $add$/root/chiploop-backend/backend/workflows/23df8445-70ed-4bc4-9bb2-ca69e91f0d75/fpga/src/upstream/adaptive_aero_control_validator.v:140$67.
  creating $alu model for $gt$/root/chiploop-backend/backend/workflows/23df8445-70ed-4bc4-9bb2-ca69e91f0d75/fpga/src/upstream/adaptive_aero_control_validator.v:129$62 ($gt): new $alu
  creating $alu model for $gt$/root/chiploop-backend/backend/workflows/23df8445-70ed-4bc4-9bb2-ca69e91f0d75/fpga/src/upstream/adaptive_aero_control_validator.v:139$66 ($gt): new $alu
  creating $alu model for $lt$/root/chiploop-backend/backend/workflows/23df8445-70ed-4bc4-9bb2-ca69e91f0d75/fpga/src/upstream/adaptive_aero_control_validator.v:132$63 ($lt): new $alu
  creating $alu model for $lt$/root/chiploop-backend/backend/workflows/23df8445-70ed-4bc4-9bb2-ca69e91f0d75/fpga/src/upstream/adaptive_aero_control_validator.v:142$69 ($lt): new $alu
  creating $alu cell for $lt$/root/chiploop-backend/backend/workflows/23df8445-70ed-4bc4-9bb2-ca69e91f0d75/fpga/src/upstream/adaptive_aero_control_validator.v:142$69: $auto$alumacc.cc:485:replace_alu$946
  creating $alu cell for $lt$/root/chiploop-backend/backend/workflows/23df8445-70ed-4bc4-9bb2-ca69e91f0d75/fpga/src/upstream/adaptive_aero_control_validator.v:132$63: $auto$alumacc.cc:485:replace_alu$957
  creating $alu cell for $gt$/root/chiploop-backend/backend/workflows/23df8445-70ed-4bc4-9bb2-ca69e91f0d75/fpga/src/upstream/adaptive_aero_control_validator.v:139$66: $auto$alumacc.cc:485:replace_alu$962
  creating $alu cell for $gt$/root/chiploop-backend/backend/workflows/23df8445-70ed-4bc4-9bb2-ca69e91f0d75/fpga/src/upstream/adaptive_aero_control_validator.v:129$62: $auto$alumacc.cc:485:replace_alu$967
  creating $alu cell for $add$/root/chiploop-backend/backend/workflows/23df8445-70ed-4bc4-9bb2-ca69e91f0d75/fpga/src/upstream/adaptive_aero_control_validator.v:140$67: $auto$alumacc.cc:485:replace_alu$978
  creating $alu cell for $sub$/root/chiploop-backend/backend/workflows/23df8445-70ed-4bc4-9bb2-ca69e91f0d75/fpga/src/upstream/adaptive_aero_control_validator.v:143$70: $auto$alumacc.cc:485:replace_alu$981
  created 6 $alu and 0 $macc cells.

15.13. Executing SHARE pass (SAT-based resource sharing).

15.14. Executing OPT pass (performing simple optimizations).

15.14.1. Executing OPT_EXPR pass (perform const folding).
Optimizing module adaptive_aero_control_csr.
Optimizing module adaptive_aero_control_fsm.
Optimizing module adaptive_aero_control_top.
Optimizing module adaptive_aero_control_top_spi_fpga_top.
Optimizing module adaptive_aero_control_transport.
<suppressed ~5 debug messages>
Optimizing module adaptive_aero_control_validator.
<suppressed ~9 debug messages>

15.14.2. Executing OPT_MERGE pass (detect identical cells).
Finding identical cells in module `\adaptive_aero_control_csr'.
Finding identical cells in module `\adaptive_aero_control_fsm'.
Finding identical cells in module `\adaptive_aero_control_top'.
Finding identical cells in module `\adaptive_aero_control_top_spi_fpga_top'.
Finding identical cells in module `\adaptive_aero_control_transport'.
Finding identical cells in module `\adaptive_aero_control_validator'.
Removed a total of 0 cells.

15.14.3. Executing OPT_MUXTREE pass (detect dead branches in mux trees).
Running muxtree optimizer on module \adaptive_aero_control_csr..
  Creating internal representation of mux trees.
  Evaluating internal representation of mux trees.
  Analyzing evaluation results.
Running muxtree optimizer on module \adaptive_aero_control_fsm..
  Creating internal representation of mux trees.
  Evaluating internal representation of mux trees.
  Analyzing evaluation results.
Running muxtree optimizer on module \adaptive_aero_control_top..
  Creating internal representation of mux trees.
  No muxes found in this module.
Running muxtree optimizer on module \adaptive_aero_control_top_spi_fpga_top..
  Creating internal representation of mux trees.
  Evaluating internal representation of mux trees.
  Analyzing evaluation results.
Running muxtree optimizer on module \adaptive_aero_control_transport..
  Creating internal representation of mux trees.
  Evaluating internal representation of mux trees.
  Analyzing evaluation results.
Running muxtree optimizer on module \adaptive_aero_control_validator..
  Creating internal representation of mux trees.
  Evaluating internal representation of mux trees.
  Analyzing evaluation results.
Removed 0 multiplexer ports.
<suppressed ~46 debug messages>

15.14.4. Executing OPT_REDUCE pass (consolidate $*mux and $reduce_* inputs).
  Optimizing cells in module \adaptive_aero_control_csr.
  Optimizing cells in module \adaptive_aero_control_fsm.
  Optimizing cells in module \adaptive_aero_control_top.
  Optimizing cells in module \adaptive_aero_control_top_spi_fpga_top.
  Optimizing cells in module \adaptive_aero_control_transport.
  Optimizing cells in module \adaptive_aero_control_validator.
Performed a total of 0 changes.

15.14.5. Executing OPT_MERGE pass (detect identical cells).
Finding identical cells in module `\adaptive_aero_control_csr'.
Finding identical cells in module `\adaptive_aero_control_fsm'.
Finding identical cells in module `\adaptive_aero_control_top'.
Finding identical cells in module `\adaptive_aero_control_top_spi_fpga_top'.
Finding identical cells in module `\adaptive_aero_control_transport'.
Finding identical cells in module `\adaptive_aero_control_validator'.
Removed a total of 0 cells.

15.14.6. Executing OPT_DFF pass (perform DFF optimizations).

15.14.7. Executing OPT_CLEAN pass (remove unused cells and wires).
Finding unused cells or wires in module \adaptive_aero_control_csr..
Finding unused cells or wires in module \adaptive_aero_control_fsm..
Finding unused cells or wires in module \adaptive_aero_control_top..
Finding unused cells or wires in module \adaptive_aero_control_top_spi_fpga_top..
Finding unused cells or wires in module \adaptive_aero_control_transport..
Finding unused cells or wires in module \adaptive_aero_control_validator..
Removed 5 unused cells and 10 unused wires.
<suppressed ~7 debug messages>

15.14.8. Executing OPT_EXPR pass (perform const folding).
Optimizing module adaptive_aero_control_csr.
Optimizing module adaptive_aero_control_fsm.
Optimizing module adaptive_aero_control_top.
Optimizing module adaptive_aero_control_top_spi_fpga_top.
Optimizing module adaptive_aero_control_transport.
Optimizing module adaptive_aero_control_validator.

15.14.9. Rerunning OPT passes. (Maybe there is more to do..)

15.14.10. Executing OPT_MUXTREE pass (detect dead branches in mux trees).
Running muxtree optimizer on module \adaptive_aero_control_csr..
  Creating internal representation of mux trees.
  Evaluating internal representation of mux trees.
  Analyzing evaluation results.
Running muxtree optimizer on module \adaptive_aero_control_fsm..
  Creating internal representation of mux trees.
  Evaluating internal representation of mux trees.
  Analyzing evaluation results.
Running muxtree optimizer on module \adaptive_aero_control_top..
  Creating internal representation of mux trees.
  No muxes found in this module.
Running muxtree optimizer on module \adaptive_aero_control_top_spi_fpga_top..
  Creating internal representation of mux trees.
  Evaluating internal representation of mux trees.
  Analyzing evaluation results.
Running muxtree optimizer on module \adaptive_aero_control_transport..
  Creating internal representation of mux trees.
  Evaluating internal representation of mux trees.
  Analyzing evaluation results.
Running muxtree optimizer on module \adaptive_aero_control_validator..
  Creating internal representation of mux trees.
  Evaluating internal representation of mux trees.
  Analyzing evaluation results.
Removed 0 multiplexer ports.
<suppressed ~46 debug messages>

15.14.11. Executing OPT_REDUCE pass (consolidate $*mux and $reduce_* inputs).
  Optimizing cells in module \adaptive_aero_control_csr.
  Optimizing cells in module \adaptive_aero_control_fsm.
  Optimizing cells in module \adaptive_aero_control_top.
  Optimizing cells in module \adaptive_aero_control_top_spi_fpga_top.
  Optimizing cells in module \adaptive_aero_control_transport.
  Optimizing cells in module \adaptive_aero_control_validator.
Performed a total of 0 changes.

15.14.12. Executing OPT_MERGE pass (detect identical cells).
Finding identical cells in module `\adaptive_aero_control_csr'.
Finding identical cells in module `\adaptive_aero_control_fsm'.
Finding identical cells in module `\adaptive_aero_control_top'.
Finding identical cells in module `\adaptive_aero_control_top_spi_fpga_top'.
Finding identical cells in module `\adaptive_aero_control_transport'.
Finding identical cells in module `\adaptive_aero_control_validator'.
Removed a total of 0 cells.

15.14.13. Executing OPT_DFF pass (perform DFF optimizations).

15.14.14. Executing OPT_CLEAN pass (remove unused cells and wires).
Finding unused cells or wires in module \adaptive_aero_control_csr..
Finding unused cells or wires in module \adaptive_aero_control_fsm..
Finding unused cells or wires in module \adaptive_aero_control_top..
Finding unused cells or wires in module \adaptive_aero_control_top_spi_fpga_top..
Finding unused cells or wires in module \adaptive_aero_control_transport..
Finding unused cells or wires in module \adaptive_aero_control_validator..

15.14.15. Executing OPT_EXPR pass (perform const folding).
Optimizing module adaptive_aero_control_csr.
Optimizing module adaptive_aero_control_fsm.
Optimizing module adaptive_aero_control_top.
Optimizing module adaptive_aero_control_top_spi_fpga_top.
Optimizing module adaptive_aero_control_transport.
Optimizing module adaptive_aero_control_validator.

15.14.16. Finished OPT passes. (There is nothing left to do.)

15.15. Executing MEMORY pass.

15.15.1. Executing OPT_MEM pass (optimize memories).
Performed a total of 0 transformations.

15.15.2. Executing OPT_MEM_PRIORITY pass (removing unnecessary memory write priority relations).
Performed a total of 0 transformations.

15.15.3. Executing OPT_MEM_FEEDBACK pass (finding memory read-to-write feedback paths).

15.15.4. Executing MEMORY_BMUX2ROM pass (converting muxes to ROMs).

15.15.5. Executing MEMORY_DFF pass (merging $dff cells to $memrd).

15.15.6. Executing OPT_CLEAN pass (remove unused cells and wires).
Finding unused cells or wires in module \adaptive_aero_control_csr..
Finding unused cells or wires in module \adaptive_aero_control_fsm..
Finding unused cells or wires in module \adaptive_aero_control_top..
Finding unused cells or wires in module \adaptive_aero_control_top_spi_fpga_top..
Finding unused cells or wires in module \adaptive_aero_control_transport..
Finding unused cells or wires in module \adaptive_aero_control_validator..

15.15.7. Executing MEMORY_SHARE pass (consolidating $memrd/$memwr cells).

15.15.8. Executing OPT_MEM_WIDEN pass (optimize memories where all ports are wide).
Performed a total of 0 transformations.

15.15.9. Executing OPT_CLEAN pass (remove unused cells and wires).
Finding unused cells or wires in module \adaptive_aero_control_csr..
Finding unused cells or wires in module \adaptive_aero_control_fsm..
Finding unused cells or wires in module \adaptive_aero_control_top..
Finding unused cells or wires in module \adaptive_aero_control_top_spi_fpga_top..
Finding unused cells or wires in module \adaptive_aero_control_transport..
Finding unused cells or wires in module \adaptive_aero_control_validator..

15.15.10. Executing MEMORY_COLLECT pass (generating $mem cells).

15.16. Executing OPT_CLEAN pass (remove unused cells and wires).
Finding unused cells or wires in module \adaptive_aero_control_csr..
Finding unused cells or wires in module \adaptive_aero_control_fsm..
Finding unused cells or wires in module \adaptive_aero_control_top..
Finding unused cells or wires in module \adaptive_aero_control_top_spi_fpga_top..
Finding unused cells or wires in module \adaptive_aero_control_transport..
Finding unused cells or wires in module \adaptive_aero_control_validator..

15.17. Executing OPT pass (performing simple optimizations).

15.17.1. Executing OPT_EXPR pass (perform const folding).
Optimizing module adaptive_aero_control_csr.
<suppressed ~2 debug messages>
Optimizing module adaptive_aero_control_fsm.
<suppressed ~25 debug messages>
Optimizing module adaptive_aero_control_top.
Optimizing module adaptive_aero_control_top_spi_fpga_top.
Optimizing module adaptive_aero_control_transport.
<suppressed ~29 debug messages>
Optimizing module adaptive_aero_control_validator.
<suppressed ~23 debug messages>

15.17.2. Executing OPT_MERGE pass (detect identical cells).
Finding identical cells in module `\adaptive_aero_control_csr'.
Finding identical cells in module `\adaptive_aero_control_fsm'.
<suppressed ~18 debug messages>
Finding identical cells in module `\adaptive_aero_control_top'.
Finding identical cells in module `\adaptive_aero_control_top_spi_fpga_top'.
Finding identical cells in module `\adaptive_aero_control_transport'.
Finding identical cells in module `\adaptive_aero_control_validator'.
Removed a total of 6 cells.

15.17.3. Executing OPT_DFF pass (perform DFF optimizations).

15.17.4. Executing OPT_CLEAN pass (remove unused cells and wires).
Finding unused cells or wires in module \adaptive_aero_control_csr..
Finding unused cells or wires in module \adaptive_aero_control_fsm..
Finding unused cells or wires in module \adaptive_aero_control_top..
Finding unused cells or wires in module \adaptive_aero_control_top_spi_fpga_top..
Finding unused cells or wires in module \adaptive_aero_control_transport..
Finding unused cells or wires in module \adaptive_aero_control_validator..
Removed 1 unused cells and 32 unused wires.
<suppressed ~4 debug messages>

15.17.5. Finished fast OPT passes.

15.18. Executing MEMORY_MAP pass (converting memories to logic and flip-flops).

15.19. Executing OPT pass (performing simple optimizations).

15.19.1. Executing OPT_EXPR pass (perform const folding).
Optimizing module adaptive_aero_control_csr.
Optimizing module adaptive_aero_control_fsm.
<suppressed ~1 debug messages>
Optimizing module adaptive_aero_control_top.
Optimizing module adaptive_aero_control_top_spi_fpga_top.
Optimizing module adaptive_aero_control_transport.
<suppressed ~1 debug messages>
Optimizing module adaptive_aero_control_validator.

15.19.2. Executing OPT_MERGE pass (detect identical cells).
Finding identical cells in module `\adaptive_aero_control_csr'.
Finding identical cells in module `\adaptive_aero_control_fsm'.
Finding identical cells in module `\adaptive_aero_control_top'.
Finding identical cells in module `\adaptive_aero_control_top_spi_fpga_top'.
Finding identical cells in module `\adaptive_aero_control_transport'.
Finding identical cells in module `\adaptive_aero_control_validator'.
Removed a total of 0 cells.

15.19.3. Executing OPT_MUXTREE pass (detect dead branches in mux trees).
Running muxtree optimizer on module \adaptive_aero_control_csr..
  Creating internal representation of mux trees.
  Evaluating internal representation of mux trees.
  Analyzing evaluation results.
Running muxtree optimizer on module \adaptive_aero_control_fsm..
  Creating internal representation of mux trees.
  Evaluating internal representation of mux trees.
  Analyzing evaluation results.
Running muxtree optimizer on module \adaptive_aero_control_top..
  Creating internal representation of mux trees.
  No muxes found in this module.
Running muxtree optimizer on module \adaptive_aero_control_top_spi_fpga_top..
  Creating internal representation of mux trees.
  Evaluating internal representation of mux trees.
  Analyzing evaluation results.
Running muxtree optimizer on module \adaptive_aero_control_transport..
  Creating internal representation of mux trees.
  Evaluating internal representation of mux trees.
  Analyzing evaluation results.
Running muxtree optimizer on module \adaptive_aero_control_validator..
  Creating internal representation of mux trees.
  Evaluating internal representation of mux trees.
  Analyzing evaluation results.
Removed 0 multiplexer ports.
<suppressed ~34 debug messages>

15.19.4. Executing OPT_REDUCE pass (consolidate $*mux and $reduce_* inputs).
  Optimizing cells in module \adaptive_aero_control_csr.
    Consolidated identical input bits for $pmux cell $procmux$678:
      Old ports: A=64'0000000000000000000000000000000000000000000000000000000000000000, B={ \rate_limit_r [9:0] \min_cmd_r \max_cmd_r 1'0 \timeout_limit_r \freshness_limit_r \mode_select_r 1'0 \enable_r 44'00000000000000000000000000000000000000000000 \fallback_mode_r \sequence_counter_r 48'000000000000000000000000000000000000000000000000 \fault_status }, Y=$procmux$678_Y
      New ports: A=63'000000000000000000000000000000000000000000000000000000000000000, B={ \rate_limit_r [9:0] \min_cmd_r \max_cmd_r \timeout_limit_r \freshness_limit_r \mode_select_r 1'0 \enable_r 43'0000000000000000000000000000000000000000000 \fallback_mode_r \sequence_counter_r 47'00000000000000000000000000000000000000000000000 \fault_status }, Y={ $procmux$678_Y [63:22] $procmux$678_Y [20:0] }
      New connections: $procmux$678_Y [21] = 1'0
  Optimizing cells in module \adaptive_aero_control_csr.
  Optimizing cells in module \adaptive_aero_control_fsm.
    Consolidated identical input bits for $mux cell $procmux$471:
      Old ports: A=3'110, B=3'101, Y=$7\state_n[2:0]
      New ports: A=2'10, B=2'01, Y=$7\state_n[2:0] [1:0]
      New connections: $7\state_n[2:0] [2] = 1'1
    Consolidated identical input bits for $mux cell $procmux$541:
      Old ports: A=3'100, B=3'111, Y=$4\state_n[2:0]
      New ports: A=1'0, B=1'1, Y=$4\state_n[2:0] [0]
      New connections: $4\state_n[2:0] [2:1] = { 1'1 $4\state_n[2:0] [0] }
    Consolidated identical input bits for $mux cell $procmux$598:
      Old ports: A=3'010, B=3'001, Y=$2\state_n[2:0]
      New ports: A=2'10, B=2'01, Y=$2\state_n[2:0] [1:0]
      New connections: $2\state_n[2:0] [2] = 1'0
  Optimizing cells in module \adaptive_aero_control_fsm.
    Consolidated identical input bits for $mux cell $procmux$504:
      Old ports: A=$7\state_n[2:0], B=3'110, Y=$6\state_n[2:0]
      New ports: A=$7\state_n[2:0] [1:0], B=2'10, Y=$6\state_n[2:0] [1:0]
      New connections: $6\state_n[2:0] [2] = 1'1
  Optimizing cells in module \adaptive_aero_control_fsm.
  Optimizing cells in module \adaptive_aero_control_top.
  Optimizing cells in module \adaptive_aero_control_top_spi_fpga_top.
    Consolidated identical input bits for $mux cell $procmux$741:
      Old ports: A={ \tx_snapshot [225:0] 1'0 }, B={ \tx_shift [225:0] 1'0 }, Y=$procmux$741_Y
      New ports: A=\tx_snapshot [225:0], B=\tx_shift [225:0], Y=$procmux$741_Y [226:1]
      New connections: $procmux$741_Y [0] = 1'0
  Optimizing cells in module \adaptive_aero_control_top_spi_fpga_top.
  Optimizing cells in module \adaptive_aero_control_transport.
  Optimizing cells in module \adaptive_aero_control_validator.
Performed a total of 6 changes.

15.19.5. Executing OPT_MERGE pass (detect identical cells).
Finding identical cells in module `\adaptive_aero_control_csr'.
Finding identical cells in module `\adaptive_aero_control_fsm'.
Finding identical cells in module `\adaptive_aero_control_top'.
Finding identical cells in module `\adaptive_aero_control_top_spi_fpga_top'.
Finding identical cells in module `\adaptive_aero_control_transport'.
Finding identical cells in module `\adaptive_aero_control_validator'.
Removed a total of 0 cells.

15.19.6. Executing OPT_SHARE pass.

15.19.7. Executing OPT_DFF pass (perform DFF optimizations).

15.19.8. Executing OPT_CLEAN pass (remove unused cells and wires).
Finding unused cells or wires in module \adaptive_aero_control_csr..
Finding unused cells or wires in module \adaptive_aero_control_fsm..
Finding unused cells or wires in module \adaptive_aero_control_top..
Finding unused cells or wires in module \adaptive_aero_control_top_spi_fpga_top..
Finding unused cells or wires in module \adaptive_aero_control_transport..
Finding unused cells or wires in module \adaptive_aero_control_validator..

15.19.9. Executing OPT_EXPR pass (perform const folding).
Optimizing module adaptive_aero_control_csr.
Optimizing module adaptive_aero_control_fsm.
<suppressed ~1 debug messages>
Optimizing module adaptive_aero_control_top.
Optimizing module adaptive_aero_control_top_spi_fpga_top.
Optimizing module adaptive_aero_control_transport.
Optimizing module adaptive_aero_control_validator.

15.19.10. Rerunning OPT passes. (Maybe there is more to do..)

15.19.11. Executing OPT_MUXTREE pass (detect dead branches in mux trees).
Running muxtree optimizer on module \adaptive_aero_control_csr..
  Creating internal representation of mux trees.
  Evaluating internal representation of mux trees.
  Analyzing evaluation results.
Running muxtree optimizer on module \adaptive_aero_control_fsm..
  Creating internal representation of mux trees.
  Evaluating internal representation of mux trees.
  Analyzing evaluation results.
Running muxtree optimizer on module \adaptive_aero_control_top..
  Creating internal representation of mux trees.
  No muxes found in this module.
Running muxtree optimizer on module \adaptive_aero_control_top_spi_fpga_top..
  Creating internal representation of mux trees.
  Evaluating internal representation of mux trees.
  Analyzing evaluation results.
Running muxtree optimizer on module \adaptive_aero_control_transport..
  Creating internal representation of mux trees.
  Evaluating internal representation of mux trees.
  Analyzing evaluation results.
Running muxtree optimizer on module \adaptive_aero_control_validator..
  Creating internal representation of mux trees.
  Evaluating internal representation of mux trees.
  Analyzing evaluation results.
Removed 0 multiplexer ports.
<suppressed ~34 debug messages>

15.19.12. Executing OPT_REDUCE pass (consolidate $*mux and $reduce_* inputs).
  Optimizing cells in module \adaptive_aero_control_csr.
  Optimizing cells in module \adaptive_aero_control_fsm.
  Optimizing cells in module \adaptive_aero_control_top.
  Optimizing cells in module \adaptive_aero_control_top_spi_fpga_top.
  Optimizing cells in module \adaptive_aero_control_transport.
  Optimizing cells in module \adaptive_aero_control_validator.
Performed a total of 0 changes.

15.19.13. Executing OPT_MERGE pass (detect identical cells).
Finding identical cells in module `\adaptive_aero_control_csr'.
Finding identical cells in module `\adaptive_aero_control_fsm'.
Finding identical cells in module `\adaptive_aero_control_top'.
Finding identical cells in module `\adaptive_aero_control_top_spi_fpga_top'.
Finding identical cells in module `\adaptive_aero_control_transport'.
Finding identical cells in module `\adaptive_aero_control_validator'.
Removed a total of 0 cells.

15.19.14. Executing OPT_SHARE pass.

15.19.15. Executing OPT_DFF pass (perform DFF optimizations).
Setting constant 0-bit at position 21 on $auto$ff.cc:266:slice$893 ($adffe) from module adaptive_aero_control_csr.
Setting constant 0-bit at position 0 on $auto$ff.cc:266:slice$922 ($dffe) from module adaptive_aero_control_top_spi_fpga_top.

15.19.16. Executing OPT_CLEAN pass (remove unused cells and wires).
Finding unused cells or wires in module \adaptive_aero_control_csr..
Finding unused cells or wires in module \adaptive_aero_control_fsm..
Finding unused cells or wires in module \adaptive_aero_control_top..
Finding unused cells or wires in module \adaptive_aero_control_top_spi_fpga_top..
Finding unused cells or wires in module \adaptive_aero_control_transport..
Finding unused cells or wires in module \adaptive_aero_control_validator..
Removed 0 unused cells and 1 unused wires.
<suppressed ~1 debug messages>

15.19.17. Executing OPT_EXPR pass (perform const folding).
Optimizing module adaptive_aero_control_csr.
Optimizing module adaptive_aero_control_fsm.
Optimizing module adaptive_aero_control_top.
Optimizing module adaptive_aero_control_top_spi_fpga_top.
Optimizing module adaptive_aero_control_transport.
Optimizing module adaptive_aero_control_validator.

15.19.18. Rerunning OPT passes. (Maybe there is more to do..)

15.19.19. Executing OPT_MUXTREE pass (detect dead branches in mux trees).
Running muxtree optimizer on module \adaptive_aero_control_csr..
  Creating internal representation of mux trees.
  Evaluating internal representation of mux trees.
  Analyzing evaluation results.
Running muxtree optimizer on module \adaptive_aero_control_fsm..
  Creating internal representation of mux trees.
  Evaluating internal representation of mux trees.
  Analyzing evaluation results.
Running muxtree optimizer on module \adaptive_aero_control_top..
  Creating internal representation of mux trees.
  No muxes found in this module.
Running muxtree optimizer on module \adaptive_aero_control_top_spi_fpga_top..
  Creating internal representation of mux trees.
  Evaluating internal representation of mux trees.
  Analyzing evaluation results.
Running muxtree optimizer on module \adaptive_aero_control_transport..
  Creating internal representation of mux trees.
  Evaluating internal representation of mux trees.
  Analyzing evaluation results.
Running muxtree optimizer on module \adaptive_aero_control_validator..
  Creating internal representation of mux trees.
  Evaluating internal representation of mux trees.
  Analyzing evaluation results.
Removed 0 multiplexer ports.
<suppressed ~34 debug messages>

15.19.20. Executing OPT_REDUCE pass (consolidate $*mux and $reduce_* inputs).
  Optimizing cells in module \adaptive_aero_control_csr.
  Optimizing cells in module \adaptive_aero_control_fsm.
  Optimizing cells in module \adaptive_aero_control_top.
  Optimizing cells in module \adaptive_aero_control_top_spi_fpga_top.
  Optimizing cells in module \adaptive_aero_control_transport.
  Optimizing cells in module \adaptive_aero_control_validator.
Performed a total of 0 changes.

15.19.21. Executing OPT_MERGE pass (detect identical cells).
Finding identical cells in module `\adaptive_aero_control_csr'.
Finding identical cells in module `\adaptive_aero_control_fsm'.
Finding identical cells in module `\adaptive_aero_control_top'.
Finding identical cells in module `\adaptive_aero_control_top_spi_fpga_top'.
Finding identical cells in module `\adaptive_aero_control_transport'.
Finding identical cells in module `\adaptive_aero_control_validator'.
Removed a total of 0 cells.

15.19.22. Executing OPT_SHARE pass.

15.19.23. Executing OPT_DFF pass (perform DFF optimizations).
Adding SRST signal on $auto$ff.cc:266:slice$991 ($dffe) from module adaptive_aero_control_top_spi_fpga_top (D = \tx_snapshot [0], Q = \tx_shift [1], rval = 1'0).

15.19.24. Executing OPT_CLEAN pass (remove unused cells and wires).
Finding unused cells or wires in module \adaptive_aero_control_csr..
Finding unused cells or wires in module \adaptive_aero_control_fsm..
Finding unused cells or wires in module \adaptive_aero_control_top..
Finding unused cells or wires in module \adaptive_aero_control_top_spi_fpga_top..
Finding unused cells or wires in module \adaptive_aero_control_transport..
Finding unused cells or wires in module \adaptive_aero_control_validator..

15.19.25. Executing OPT_EXPR pass (perform const folding).
Optimizing module adaptive_aero_control_csr.
Optimizing module adaptive_aero_control_fsm.
Optimizing module adaptive_aero_control_top.
Optimizing module adaptive_aero_control_top_spi_fpga_top.
Optimizing module adaptive_aero_control_transport.
Optimizing module adaptive_aero_control_validator.

15.19.26. Rerunning OPT passes. (Maybe there is more to do..)

15.19.27. Executing OPT_MUXTREE pass (detect dead branches in mux trees).
Running muxtree optimizer on module \adaptive_aero_control_csr..
  Creating internal representation of mux trees.
  Evaluating internal representation of mux trees.
  Analyzing evaluation results.
Running muxtree optimizer on module \adaptive_aero_control_fsm..
  Creating internal representation of mux trees.
  Evaluating internal representation of mux trees.
  Analyzing evaluation results.
Running muxtree optimizer on module \adaptive_aero_control_top..
  Creating internal representation of mux trees.
  No muxes found in this module.
Running muxtree optimizer on module \adaptive_aero_control_top_spi_fpga_top..
  Creating internal representation of mux trees.
  Evaluating internal representation of mux trees.
  Analyzing evaluation results.
Running muxtree optimizer on module \adaptive_aero_control_transport..
  Creating internal representation of mux trees.
  Evaluating internal representation of mux trees.
  Analyzing evaluation results.
Running muxtree optimizer on module \adaptive_aero_control_validator..
  Creating internal representation of mux trees.
  Evaluating internal representation of mux trees.
  Analyzing evaluation results.
Removed 0 multiplexer ports.
<suppressed ~34 debug messages>

15.19.28. Executing OPT_REDUCE pass (consolidate $*mux and $reduce_* inputs).
  Optimizing cells in module \adaptive_aero_control_csr.
  Optimizing cells in module \adaptive_aero_control_fsm.
  Optimizing cells in module \adaptive_aero_control_top.
  Optimizing cells in module \adaptive_aero_control_top_spi_fpga_top.
  Optimizing cells in module \adaptive_aero_control_transport.
  Optimizing cells in module \adaptive_aero_control_validator.
Performed a total of 0 changes.

15.19.29. Executing OPT_MERGE pass (detect identical cells).
Finding identical cells in module `\adaptive_aero_control_csr'.
Finding identical cells in module `\adaptive_aero_control_fsm'.
Finding identical cells in module `\adaptive_aero_control_top'.
Finding identical cells in module `\adaptive_aero_control_top_spi_fpga_top'.
Finding identical cells in module `\adaptive_aero_control_transport'.
Finding identical cells in module `\adaptive_aero_control_validator'.
Removed a total of 0 cells.

15.19.30. Executing OPT_SHARE pass.

15.19.31. Executing OPT_DFF pass (perform DFF optimizations).

15.19.32. Executing OPT_CLEAN pass (remove unused cells and wires).
Finding unused cells or wires in module \adaptive_aero_control_csr..
Finding unused cells or wires in module \adaptive_aero_control_fsm..
Finding unused cells or wires in module \adaptive_aero_control_top..
Finding unused cells or wires in module \adaptive_aero_control_top_spi_fpga_top..
Finding unused cells or wires in module \adaptive_aero_control_transport..
Finding unused cells or wires in module \adaptive_aero_control_validator..

15.19.33. Executing OPT_EXPR pass (perform const folding).
Optimizing module adaptive_aero_control_csr.
Optimizing module adaptive_aero_control_fsm.
Optimizing module adaptive_aero_control_top.
Optimizing module adaptive_aero_control_top_spi_fpga_top.
Optimizing module adaptive_aero_control_transport.
Optimizing module adaptive_aero_control_validator.

15.19.34. Finished OPT passes. (There is nothing left to do.)

15.20. Executing TECHMAP pass (map to technology primitives).

15.20.1. Executing Verilog-2005 frontend: /usr/bin/../share/yosys/techmap.v
Parsing Verilog input from `/usr/bin/../share/yosys/techmap.v' to AST representation.
Generating RTLIL representation for module `\_90_simplemap_bool_ops'.
Generating RTLIL representation for module `\_90_simplemap_reduce_ops'.
Generating RTLIL representation for module `\_90_simplemap_logic_ops'.
Generating RTLIL representation for module `\_90_simplemap_compare_ops'.
Generating RTLIL representation for module `\_90_simplemap_various'.
Generating RTLIL representation for module `\_90_simplemap_registers'.
Generating RTLIL representation for module `\_90_shift_ops_shr_shl_sshl_sshr'.
Generating RTLIL representation for module `\_90_shift_shiftx'.
Generating RTLIL representation for module `\_90_fa'.
Generating RTLIL representation for module `\_90_lcu'.
Generating RTLIL representation for module `\_90_alu'.
Generating RTLIL representation for module `\_90_macc'.
Generating RTLIL representation for module `\_90_alumacc'.
Generating RTLIL representation for module `\$__div_mod_u'.
Generating RTLIL representation for module `\$__div_mod_trunc'.
Generating RTLIL representation for module `\_90_div'.
Generating RTLIL representation for module `\_90_mod'.
Generating RTLIL representation for module `\$__div_mod_floor'.
Generating RTLIL representation for module `\_90_divfloor'.
Generating RTLIL representation for module `\_90_modfloor'.
Generating RTLIL representation for module `\_90_pow'.
Generating RTLIL representation for module `\_90_pmux'.
Generating RTLIL representation for module `\_90_demux'.
Generating RTLIL representation for module `\_90_lut'.
Successfully finished Verilog frontend.

15.20.2. Continuing TECHMAP pass.
Using extmapper simplemap for cells of type $not.
Using extmapper simplemap for cells of type $or.
Using extmapper simplemap for cells of type $xor.
Using extmapper simplemap for cells of type $logic_not.
Using extmapper simplemap for cells of type $logic_or.
Using template $paramod$6df0329addda9228fcc2546de2aaf14ad26c98e1\_90_alu for cells of type $alu.
Using extmapper simplemap for cells of type $reduce_bool.
Using extmapper simplemap for cells of type $mux.
Using extmapper simplemap for cells of type $and.
Using extmapper simplemap for cells of type $adffe.
Using extmapper simplemap for cells of type $reduce_and.
Using extmapper simplemap for cells of type $adff.
Using extmapper simplemap for cells of type $pos.
Using template $paramod\_90_lcu\WIDTH=32'00000000000000000000000000010000 for cells of type $lcu.
Using extmapper simplemap for cells of type $logic_and.
Using extmapper simplemap for cells of type $eq.
Using template $paramod$c3cd1564c35d873179656addd6052d7ea8b6d991\_90_alu for cells of type $alu.
Using template $paramod$a1bc51c02ce12ac21eb18988e83292af48ed7d72\_90_alu for cells of type $alu.
Using extmapper simplemap for cells of type $ne.
Using template $paramod\_90_lcu\WIDTH=32'00000000000000000000000000001000 for cells of type $lcu.
Using extmapper simplemap for cells of type $sdffce.
Using extmapper simplemap for cells of type $dffe.
Using extmapper simplemap for cells of type $reduce_or.
Using template $paramod$56f7ce6d87f8add68ca646dc02d7695a3189f8e5\_90_pmux for cells of type $pmux.
Using template $paramod$c5c783b17ab1d780abfad8cfe6563a0a7b47a3b0\_90_pmux for cells of type $pmux.
Using template $paramod$d629d85c8826a74239b9178d1930215a43b0ceb0\_90_pmux for cells of type $pmux.
Using template $paramod$0cc8befb24be09e14680fe3baedac7892a660c9c\_90_pmux for cells of type $pmux.
No more expansions possible.
<suppressed ~1317 debug messages>

15.21. Executing OPT pass (performing simple optimizations).

15.21.1. Executing OPT_EXPR pass (perform const folding).
Optimizing module adaptive_aero_control_csr.
<suppressed ~195 debug messages>
Optimizing module adaptive_aero_control_fsm.
<suppressed ~63 debug messages>
Optimizing module adaptive_aero_control_top.
Optimizing module adaptive_aero_control_top_spi_fpga_top.
Optimizing module adaptive_aero_control_transport.
<suppressed ~125 debug messages>
Optimizing module adaptive_aero_control_validator.
<suppressed ~115 debug messages>

15.21.2. Executing OPT_MERGE pass (detect identical cells).
Finding identical cells in module `\adaptive_aero_control_csr'.
<suppressed ~72 debug messages>
Finding identical cells in module `\adaptive_aero_control_fsm'.
<suppressed ~126 debug messages>
Finding identical cells in module `\adaptive_aero_control_top'.
Finding identical cells in module `\adaptive_aero_control_top_spi_fpga_top'.
Finding identical cells in module `\adaptive_aero_control_transport'.
<suppressed ~198 debug messages>
Finding identical cells in module `\adaptive_aero_control_validator'.
<suppressed ~162 debug messages>
Removed a total of 186 cells.

15.21.3. Executing OPT_DFF pass (perform DFF optimizations).

15.21.4. Executing OPT_CLEAN pass (remove unused cells and wires).
Finding unused cells or wires in module \adaptive_aero_control_csr..
Finding unused cells or wires in module \adaptive_aero_control_fsm..
Finding unused cells or wires in module \adaptive_aero_control_top..
Finding unused cells or wires in module \adaptive_aero_control_top_spi_fpga_top..
Finding unused cells or wires in module \adaptive_aero_control_transport..
Finding unused cells or wires in module \adaptive_aero_control_validator..
Removed 213 unused cells and 775 unused wires.
<suppressed ~217 debug messages>

15.21.5. Finished fast OPT passes.

15.22. Executing ABC pass (technology mapping using ABC).

15.22.1. Extracting gate netlist of module `\adaptive_aero_control_csr' to `<abc-temp-dir>/input.blif'..
Extracted 210 gates and 313 wires to a netlist network with 102 inputs and 61 outputs.

15.22.1.1. Executing ABC.
Running ABC command: "<yosys-exe-dir>/yosys-abc" -s -f <abc-temp-dir>/abc.script 2>&1
ABC: ABC command line: "source <abc-temp-dir>/abc.script".
ABC: 
ABC: + read_blif <abc-temp-dir>/input.blif 
ABC: + read_library <abc-temp-dir>/stdcells.genlib 
ABC: Entered genlib library with 13 gates from file "<abc-temp-dir>/stdcells.genlib".
ABC: + strash 
ABC: + dretime 
ABC: + map 
ABC: + write_blif <abc-temp-dir>/output.blif 

15.22.1.2. Re-integrating ABC results.
ABC RESULTS:               AND cells:        3
ABC RESULTS:             ORNOT cells:       21
ABC RESULTS:              NAND cells:        2
ABC RESULTS:                OR cells:       12
ABC RESULTS:            ANDNOT cells:      129
ABC RESULTS:        internal signals:      150
ABC RESULTS:           input signals:      102
ABC RESULTS:          output signals:       61
Removing temp directory.

15.22.2. Extracting gate netlist of module `\adaptive_aero_control_fsm' to `<abc-temp-dir>/input.blif'..
Extracted 163 gates and 212 wires to a netlist network with 47 inputs and 34 outputs.

15.22.2.1. Executing ABC.
Running ABC command: "<yosys-exe-dir>/yosys-abc" -s -f <abc-temp-dir>/abc.script 2>&1
ABC: ABC command line: "source <abc-temp-dir>/abc.script".
ABC: 
ABC: + read_blif <abc-temp-dir>/input.blif 
ABC: + read_library <abc-temp-dir>/stdcells.genlib 
ABC: Entered genlib library with 13 gates from file "<abc-temp-dir>/stdcells.genlib".
ABC: + strash 
ABC: + dretime 
ABC: + map 
ABC: + write_blif <abc-temp-dir>/output.blif 

15.22.2.2. Re-integrating ABC results.
ABC RESULTS:              NAND cells:        2
ABC RESULTS:             ORNOT cells:        5
ABC RESULTS:               NOT cells:        6
ABC RESULTS:               AND cells:        2
ABC RESULTS:                OR cells:       70
ABC RESULTS:               MUX cells:       15
ABC RESULTS:               NOR cells:       17
ABC RESULTS:            ANDNOT cells:       31
ABC RESULTS:        internal signals:      131
ABC RESULTS:           input signals:       47
ABC RESULTS:          output signals:       34
Removing temp directory.

15.22.3. Extracting gate netlist of module `\adaptive_aero_control_top' to `<abc-temp-dir>/input.blif'..
Extracted 3 gates and 7 wires to a netlist network with 4 inputs and 1 outputs.

15.22.3.1. Executing ABC.
Running ABC command: "<yosys-exe-dir>/yosys-abc" -s -f <abc-temp-dir>/abc.script 2>&1
ABC: ABC command line: "source <abc-temp-dir>/abc.script".
ABC: 
ABC: + read_blif <abc-temp-dir>/input.blif 
ABC: + read_library <abc-temp-dir>/stdcells.genlib 
ABC: Entered genlib library with 13 gates from file "<abc-temp-dir>/stdcells.genlib".
ABC: + strash 
ABC: + dretime 
ABC: + map 
ABC: + write_blif <abc-temp-dir>/output.blif 

15.22.3.2. Re-integrating ABC results.
ABC RESULTS:               NOR cells:        1
ABC RESULTS:            ANDNOT cells:        2
ABC RESULTS:        internal signals:        2
ABC RESULTS:           input signals:        4
ABC RESULTS:          output signals:        1
Removing temp directory.

15.22.4. Extracting gate netlist of module `\adaptive_aero_control_top_spi_fpga_top' to `<abc-temp-dir>/input.blif'..
Extracted 228 gates and 683 wires to a netlist network with 455 inputs and 227 outputs.

15.22.4.1. Executing ABC.
Running ABC command: "<yosys-exe-dir>/yosys-abc" -s -f <abc-temp-dir>/abc.script 2>&1
ABC: ABC command line: "source <abc-temp-dir>/abc.script".
ABC: 
ABC: + read_blif <abc-temp-dir>/input.blif 
ABC: + read_library <abc-temp-dir>/stdcells.genlib 
ABC: Entered genlib library with 13 gates from file "<abc-temp-dir>/stdcells.genlib".
ABC: + strash 
ABC: + dretime 
ABC: + map 
ABC: + write_blif <abc-temp-dir>/output.blif 

15.22.4.2. Re-integrating ABC results.
ABC RESULTS:            ANDNOT cells:        1
ABC RESULTS:               MUX cells:      226
ABC RESULTS:        internal signals:        1
ABC RESULTS:           input signals:      455
ABC RESULTS:          output signals:      227
Removing temp directory.

15.22.5. Extracting gate netlist of module `\adaptive_aero_control_transport' to `<abc-temp-dir>/input.blif'..
Extracted 261 gates and 348 wires to a netlist network with 85 inputs and 29 outputs.

15.22.5.1. Executing ABC.
Running ABC command: "<yosys-exe-dir>/yosys-abc" -s -f <abc-temp-dir>/abc.script 2>&1
ABC: ABC command line: "source <abc-temp-dir>/abc.script".
ABC: 
ABC: + read_blif <abc-temp-dir>/input.blif 
ABC: + read_library <abc-temp-dir>/stdcells.genlib 
ABC: Entered genlib library with 13 gates from file "<abc-temp-dir>/stdcells.genlib".
ABC: + strash 
ABC: + dretime 
ABC: + map 
ABC: + write_blif <abc-temp-dir>/output.blif 

15.22.5.2. Re-integrating ABC results.
ABC RESULTS:              XNOR cells:        4
ABC RESULTS:               MUX cells:       64
ABC RESULTS:             ORNOT cells:       22
ABC RESULTS:               NOT cells:       14
ABC RESULTS:               NOR cells:        3
ABC RESULTS:                OR cells:       43
ABC RESULTS:              NAND cells:        6
ABC RESULTS:            ANDNOT cells:       49
ABC RESULTS:               AND cells:        4
ABC RESULTS:               XOR cells:       42
ABC RESULTS:        internal signals:      234
ABC RESULTS:           input signals:       85
ABC RESULTS:          output signals:       29
Removing temp directory.

15.22.6. Extracting gate netlist of module `\adaptive_aero_control_validator' to `<abc-temp-dir>/input.blif'..
Extracted 797 gates and 934 wires to a netlist network with 135 inputs and 40 outputs.

15.22.6.1. Executing ABC.
Running ABC command: "<yosys-exe-dir>/yosys-abc" -s -f <abc-temp-dir>/abc.script 2>&1
ABC: ABC command line: "source <abc-temp-dir>/abc.script".
ABC: 
ABC: + read_blif <abc-temp-dir>/input.blif 
ABC: + read_library <abc-temp-dir>/stdcells.genlib 
ABC: Entered genlib library with 13 gates from file "<abc-temp-dir>/stdcells.genlib".
ABC: + strash 
ABC: + dretime 
ABC: + map 
ABC: + write_blif <abc-temp-dir>/output.blif 

15.22.6.2. Re-integrating ABC results.
ABC RESULTS:               XOR cells:      122
ABC RESULTS:              XNOR cells:       45
ABC RESULTS:               AND cells:       15
ABC RESULTS:               MUX cells:       96
ABC RESULTS:               NOR cells:       16
ABC RESULTS:             ORNOT cells:       17
ABC RESULTS:                OR cells:      119
ABC RESULTS:              NAND cells:       19
ABC RESULTS:               NOT cells:       55
ABC RESULTS:            ANDNOT cells:      267
ABC RESULTS:        internal signals:      759
ABC RESULTS:           input signals:      135
ABC RESULTS:          output signals:       40
Removing temp directory.

15.23. Executing OPT pass (performing simple optimizations).

15.23.1. Executing OPT_EXPR pass (perform const folding).
Optimizing module adaptive_aero_control_csr.
Optimizing module adaptive_aero_control_fsm.
Optimizing module adaptive_aero_control_top.
Optimizing module adaptive_aero_control_top_spi_fpga_top.
Optimizing module adaptive_aero_control_transport.
<suppressed ~63 debug messages>
Optimizing module adaptive_aero_control_validator.
<suppressed ~8 debug messages>

15.23.2. Executing OPT_MERGE pass (detect identical cells).
Finding identical cells in module `\adaptive_aero_control_csr'.
Finding identical cells in module `\adaptive_aero_control_fsm'.
Finding identical cells in module `\adaptive_aero_control_top'.
Finding identical cells in module `\adaptive_aero_control_top_spi_fpga_top'.
Finding identical cells in module `\adaptive_aero_control_transport'.
Finding identical cells in module `\adaptive_aero_control_validator'.
<suppressed ~15 debug messages>
Removed a total of 5 cells.

15.23.3. Executing OPT_DFF pass (perform DFF optimizations).

15.23.4. Executing OPT_CLEAN pass (remove unused cells and wires).
Finding unused cells or wires in module \adaptive_aero_control_csr..
Finding unused cells or wires in module \adaptive_aero_control_fsm..
Finding unused cells or wires in module \adaptive_aero_control_top..
Finding unused cells or wires in module \adaptive_aero_control_top_spi_fpga_top..
Finding unused cells or wires in module \adaptive_aero_control_transport..
Finding unused cells or wires in module \adaptive_aero_control_validator..
Removed 1 unused cells and 1478 unused wires.
<suppressed ~8 debug messages>

15.23.5. Finished fast OPT passes.

15.24. Executing HIERARCHY pass (managing design hierarchy).

15.24.1. Analyzing design hierarchy..
Top module:  \adaptive_aero_control_top_spi_fpga_top
Used module:     \adaptive_aero_control_top
Used module:         \adaptive_aero_control_csr
Used module:         \adaptive_aero_control_fsm
Used module:         \adaptive_aero_control_transport
Used module:         \adaptive_aero_control_validator

15.24.2. Analyzing design hierarchy..
Top module:  \adaptive_aero_control_top_spi_fpga_top
Used module:     \adaptive_aero_control_top
Used module:         \adaptive_aero_control_csr
Used module:         \adaptive_aero_control_fsm
Used module:         \adaptive_aero_control_transport
Used module:         \adaptive_aero_control_validator
Removed 0 unused modules.

15.25. Printing statistics.

=== adaptive_aero_control_csr ===

   Number of wires:                140
   Number of wire bits:            569
   Number of public wires:          30
   Number of public wire bits:     397
   Number of memories:               0
   Number of memory bits:            0
   Number of processes:              0
   Number of cells:                309
     $_ANDNOT_                     129
     $_AND_                          3
     $_DFFE_PN0P_                  140
     $_DFFE_PN1P_                    1
     $_DFF_PN0_                      1
     $_NAND_                         2
     $_ORNOT_                       21
     $_OR_                          12

=== adaptive_aero_control_fsm ===

   Number of wires:                158
   Number of wire bits:            226
   Number of public wires:          34
   Number of public wire bits:      87
   Number of memories:               0
   Number of memory bits:            0
   Number of processes:              0
   Number of cells:                167
     $_ANDNOT_                      31
     $_AND_                          2
     $_DFFE_PN0P_                   18
     $_DFFE_PN1P_                    1
     $_MUX_                         15
     $_NAND_                         2
     $_NOR_                         17
     $_NOT_                          6
     $_ORNOT_                        5
     $_OR_                          70

=== adaptive_aero_control_top ===

   Number of wires:                 66
   Number of wire bits:            766
   Number of public wires:          64
   Number of public wire bits:     764
   Number of memories:               0
   Number of memory bits:            0
   Number of processes:              0
   Number of cells:                  7
     $_ANDNOT_                       2
     $_NOR_                          1
     adaptive_aero_control_csr       1
     adaptive_aero_control_fsm       1
     adaptive_aero_control_transport      1
     adaptive_aero_control_validator      1

=== adaptive_aero_control_top_spi_fpga_top ===

   Number of wires:                256
   Number of wire bits:           1754
   Number of public wires:          30
   Number of public wire bits:    1528
   Number of memories:               0
   Number of memory bits:            0
   Number of processes:              0
   Number of cells:               1091
     $_ANDNOT_                       1
     $_DFFE_PN0P_                  203
     $_DFFE_PN_                    428
     $_DFF_PN0_                    227
     $_DFF_PN1_                      3
     $_DFF_PP0_                      1
     $_MUX_                        226
     $_SDFFCE_PP0N_                  1
     adaptive_aero_control_top       1

=== adaptive_aero_control_transport ===

   Number of wires:                294
   Number of wire bits:           1049
   Number of public wires:          57
   Number of public wire bits:     791
   Number of memories:               0
   Number of memory bits:            0
   Number of processes:              0
   Number of cells:                416
     $_ANDNOT_                      49
     $_AND_                          4
     $_DFFE_PN0N_                   43
     $_DFFE_PN0P_                   97
     $_DFF_PN0_                     26
     $_MUX_                         64
     $_NAND_                         6
     $_NOR_                          3
     $_NOT_                         13
     $_ORNOT_                       22
     $_OR_                          43
     $_XNOR_                         4
     $_XOR_                         42

=== adaptive_aero_control_validator ===

   Number of wires:                778
   Number of wire bits:           1001
   Number of public wires:          42
   Number of public wire bits:     235
   Number of memories:               0
   Number of memory bits:            0
   Number of processes:              0
   Number of cells:                821
     $_ANDNOT_                     266
     $_AND_                         15
     $_DFFE_PN0P_                   16
     $_DFF_PN0_                     38
     $_DFF_PN1_                      1
     $_MUX_                         96
     $_NAND_                        19
     $_NOR_                         16
     $_NOT_                         55
     $_ORNOT_                       17
     $_OR_                         119
     $_XNOR_                        42
     $_XOR_                        121

=== design hierarchy ===

   adaptive_aero_control_top_spi_fpga_top      1
     adaptive_aero_control_top       1
       adaptive_aero_control_csr      1
       adaptive_aero_control_fsm      1
       adaptive_aero_control_transport      1
       adaptive_aero_control_validator      1

   Number of wires:               1692
   Number of wire bits:           5365
   Number of public wires:         257
   Number of public wire bits:    3802
   Number of memories:               0
   Number of memory bits:            0
   Number of processes:              0
   Number of cells:               2806
     $_ANDNOT_                     478
     $_AND_                         24
     $_DFFE_PN0N_                   43
     $_DFFE_PN0P_                  474
     $_DFFE_PN1P_                    2
     $_DFFE_PN_                    428
     $_DFF_PN0_                    292
     $_DFF_PN1_                      4
     $_DFF_PP0_                      1
     $_MUX_                        401
     $_NAND_                        29
     $_NOR_                         37
     $_NOT_                         74
     $_ORNOT_                       65
     $_OR_                         244
     $_SDFFCE_PP0N_                  1
     $_XNOR_                        46
     $_XOR_                        163

15.26. Executing CHECK pass (checking for obvious problems).
Checking module adaptive_aero_control_csr...
Checking module adaptive_aero_control_fsm...
Checking module adaptive_aero_control_top...
Checking module adaptive_aero_control_top_spi_fpga_top...
Checking module adaptive_aero_control_transport...
Checking module adaptive_aero_control_validator...
Found and reported 0 problems.

16. Printing statistics.

=== adaptive_aero_control_csr ===

   Number of wires:                140
   Number of wire bits:            569
   Number of public wires:          30
   Number of public wire bits:     397
   Number of memories:               0
   Number of memory bits:            0
   Number of processes:              0
   Number of cells:                309
     $_ANDNOT_                     129
     $_AND_                          3
     $_DFFE_PN0P_                  140
     $_DFFE_PN1P_                    1
     $_DFF_PN0_                      1
     $_NAND_                         2
     $_ORNOT_                       21
     $_OR_                          12

=== adaptive_aero_control_fsm ===

   Number of wires:                158
   Number of wire bits:            226
   Number of public wires:          34
   Number of public wire bits:      87
   Number of memories:               0
   Number of memory bits:            0
   Number of processes:              0
   Number of cells:                167
     $_ANDNOT_                      31
     $_AND_                          2
     $_DFFE_PN0P_                   18
     $_DFFE_PN1P_                    1
     $_MUX_                         15
     $_NAND_                         2
     $_NOR_                         17
     $_NOT_                          6
     $_ORNOT_                        5
     $_OR_                          70

=== adaptive_aero_control_top ===

   Number of wires:                 66
   Number of wire bits:            766
   Number of public wires:          64
   Number of public wire bits:     764
   Number of memories:               0
   Number of memory bits:            0
   Number of processes:              0
   Number of cells:                  7
     $_ANDNOT_                       2
     $_NOR_                          1
     adaptive_aero_control_csr       1
     adaptive_aero_control_fsm       1
     adaptive_aero_control_transport      1
     adaptive_aero_control_validator      1

=== adaptive_aero_control_top_spi_fpga_top ===

   Number of wires:                256
   Number of wire bits:           1754
   Number of public wires:          30
   Number of public wire bits:    1528
   Number of memories:               0
   Number of memory bits:            0
   Number of processes:              0
   Number of cells:               1091
     $_ANDNOT_                       1
     $_DFFE_PN0P_                  203
     $_DFFE_PN_                    428
     $_DFF_PN0_                    227
     $_DFF_PN1_                      3
     $_DFF_PP0_                      1
     $_MUX_                        226
     $_SDFFCE_PP0N_                  1
     adaptive_aero_control_top       1

=== adaptive_aero_control_transport ===

   Number of wires:                294
   Number of wire bits:           1049
   Number of public wires:          57
   Number of public wire bits:     791
   Number of memories:               0
   Number of memory bits:            0
   Number of processes:              0
   Number of cells:                416
     $_ANDNOT_                      49
     $_AND_                          4
     $_DFFE_PN0N_                   43
     $_DFFE_PN0P_                   97
     $_DFF_PN0_                     26
     $_MUX_                         64
     $_NAND_                         6
     $_NOR_                          3
     $_NOT_                         13
     $_ORNOT_                       22
     $_OR_                          43
     $_XNOR_                         4
     $_XOR_                         42

=== adaptive_aero_control_validator ===

   Number of wires:                778
   Number of wire bits:           1001
   Number of public wires:          42
   Number of public wire bits:     235
   Number of memories:               0
   Number of memory bits:            0
   Number of processes:              0
   Number of cells:                821
     $_ANDNOT_                     266
     $_AND_                         15
     $_DFFE_PN0P_                   16
     $_DFF_PN0_                     38
     $_DFF_PN1_                      1
     $_MUX_                         96
     $_NAND_                        19
     $_NOR_                         16
     $_NOT_                         55
     $_ORNOT_                       17
     $_OR_                         119
     $_XNOR_                        42
     $_XOR_                        121

=== design hierarchy ===

   adaptive_aero_control_top_spi_fpga_top      1
     adaptive_aero_control_top       1
       adaptive_aero_control_csr      1
       adaptive_aero_control_fsm      1
       adaptive_aero_control_transport      1
       adaptive_aero_control_validator      1

   Number of wires:               1692
   Number of wire bits:           5365
   Number of public wires:         257
   Number of public wire bits:    3802
   Number of memories:               0
   Number of memory bits:            0
   Number of processes:              0
   Number of cells:               2806
     $_ANDNOT_                     478
     $_AND_                         24
     $_DFFE_PN0N_                   43
     $_DFFE_PN0P_                  474
     $_DFFE_PN1P_                    2
     $_DFFE_PN_                    428
     $_DFF_PN0_                    292
     $_DFF_PN1_                      4
     $_DFF_PP0_                      1
     $_MUX_                        401
     $_NAND_                        29
     $_NOR_                         37
     $_NOT_                         74
     $_ORNOT_                       65
     $_OR_                         244
     $_SDFFCE_PP0N_                  1
     $_XNOR_                        46
     $_XOR_                        163

End of script. Logfile hash: e0f4d73514, CPU: user 2.45s system 0.04s, MEM: 195.58 MB peak
Yosys 0.33 (git sha1 2584903a060)
Time spent: 19% 30x opt_expr (0 sec), 18% 1x abc (0 sec), ...
