/----------------------------------------------------------------------------\
 |                                                                            |
 |  yosys -- Yosys Open SYnthesis Suite                                       |
 |                                                                            |
 |  Copyright (C) 2012 - 2020  Claire Xenia Wolf <claire@yosyshq.com>         |
 |                                                                            |
 |  Permission to use, copy, modify, and/or distribute this software for any  |
 |  purpose with or without fee is hereby granted, provided that the above    |
 |  copyright notice and this permission notice appear in all copies.         |
 |                                                                            |
 |  THE SOFTWARE IS PROVIDED "AS IS" AND THE AUTHOR DISCLAIMS ALL WARRANTIES  |
 |  WITH REGARD TO THIS SOFTWARE INCLUDING ALL IMPLIED WARRANTIES OF          |
 |  MERCHANTABILITY AND FITNESS. IN NO EVENT SHALL THE AUTHOR BE LIABLE FOR   |
 |  ANY SPECIAL, DIRECT, INDIRECT, OR CONSEQUENTIAL DAMAGES OR ANY DAMAGES    |
 |  WHATSOEVER RESULTING FROM LOSS OF USE, DATA OR PROFITS, WHETHER IN AN     |
 |  ACTION OF CONTRACT, NEGLIGENCE OR OTHER TORTIOUS ACTION, ARISING OUT OF   |
 |  OR IN CONNECTION WITH THE USE OR PERFORMANCE OF THIS SOFTWARE.            |
 |                                                                            |
 \----------------------------------------------------------------------------/

 Yosys 0.33 (git sha1 2584903a060)


-- Executing script file `/root/chiploop-backend/backend/workflows/b0d5d878-2439-4037-8b8d-844b7f66f3cc/fpga/target_explorer/orangecrab_ecp5_85f/baseline/synth/synth.ys' --

1. Executing Verilog-2005 frontend: /root/chiploop-backend/backend/workflows/b0d5d878-2439-4037-8b8d-844b7f66f3cc/fpga/src/rtl/review_input.sv
Parsing SystemVerilog input from `/root/chiploop-backend/backend/workflows/b0d5d878-2439-4037-8b8d-844b7f66f3cc/fpga/src/rtl/review_input.sv' to AST representation.
Generating RTLIL representation for module `\minirv_edge_controller'.
Warning: Replacing memory \register_bank with list of registers. See /root/chiploop-backend/backend/workflows/b0d5d878-2439-4037-8b8d-844b7f66f3cc/fpga/src/rtl/review_input.sv:89
Warning: Replacing memory \pwm_duty with list of registers. See /root/chiploop-backend/backend/workflows/b0d5d878-2439-4037-8b8d-844b7f66f3cc/fpga/src/rtl/review_input.sv:79
Successfully finished Verilog frontend.

2. Executing Verilog-2005 frontend: /root/chiploop-backend/backend/workflows/b0d5d878-2439-4037-8b8d-844b7f66f3cc/fpga/target_explorer/interface_adapter/minirv_edge_controller_spi_fpga_top.sv
Parsing SystemVerilog input from `/root/chiploop-backend/backend/workflows/b0d5d878-2439-4037-8b8d-844b7f66f3cc/fpga/target_explorer/interface_adapter/minirv_edge_controller_spi_fpga_top.sv' to AST representation.
Generating RTLIL representation for module `\minirv_edge_controller_spi_fpga_top'.
Successfully finished Verilog frontend.

3. Executing SYNTH_ECP5 pass.

3.1. Executing Verilog-2005 frontend: /usr/bin/../share/yosys/ecp5/cells_sim.v
Parsing Verilog input from `/usr/bin/../share/yosys/ecp5/cells_sim.v' to AST representation.
Generating RTLIL representation for module `\LUT4'.
Generating RTLIL representation for module `\$__ABC9_LUT5'.
Generating RTLIL representation for module `\$__ABC9_LUT6'.
Generating RTLIL representation for module `\$__ABC9_LUT7'.
Generating RTLIL representation for module `\L6MUX21'.
Generating RTLIL representation for module `\CCU2C'.
Generating RTLIL representation for module `\TRELLIS_RAM16X2'.
Generating RTLIL representation for module `\PFUMX'.
Generating RTLIL representation for module `\TRELLIS_DPR16X4'.
Generating RTLIL representation for module `\DPR16X4C'.
Generating RTLIL representation for module `\LUT2'.
Generating RTLIL representation for module `\TRELLIS_FF'.
Generating RTLIL representation for module `\TRELLIS_IO'.
Generating RTLIL representation for module `\INV'.
Generating RTLIL representation for module `\TRELLIS_COMB'.
Generating RTLIL representation for module `\DP16KD'.
Generating RTLIL representation for module `\FD1P3AX'.
Generating RTLIL representation for module `\FD1P3AY'.
Generating RTLIL representation for module `\FD1P3BX'.
Generating RTLIL representation for module `\FD1P3DX'.
Generating RTLIL representation for module `\FD1P3IX'.
Generating RTLIL representation for module `\FD1P3JX'.
Generating RTLIL representation for module `\FD1S3AX'.
Generating RTLIL representation for module `\FD1S3AY'.
Generating RTLIL representation for module `\FD1S3BX'.
Generating RTLIL representation for module `\FD1S3DX'.
Generating RTLIL representation for module `\FD1S3IX'.
Generating RTLIL representation for module `\FD1S3JX'.
Generating RTLIL representation for module `\IFS1P3BX'.
Generating RTLIL representation for module `\IFS1P3DX'.
Generating RTLIL representation for module `\IFS1P3IX'.
Generating RTLIL representation for module `\IFS1P3JX'.
Generating RTLIL representation for module `\OFS1P3BX'.
Generating RTLIL representation for module `\OFS1P3DX'.
Generating RTLIL representation for module `\OFS1P3IX'.
Generating RTLIL representation for module `\OFS1P3JX'.
Generating RTLIL representation for module `\IB'.
Generating RTLIL representation for module `\IBPU'.
Generating RTLIL representation for module `\IBPD'.
Generating RTLIL representation for module `\OB'.
Generating RTLIL representation for module `\OBZ'.
Generating RTLIL representation for module `\OBZPU'.
Generating RTLIL representation for module `\OBZPD'.
Generating RTLIL representation for module `\OBCO'.
Generating RTLIL representation for module `\BB'.
Generating RTLIL representation for module `\BBPU'.
Generating RTLIL representation for module `\BBPD'.
Generating RTLIL representation for module `\ILVDS'.
Generating RTLIL representation for module `\OLVDS'.
Successfully finished Verilog frontend.

3.2. Executing Verilog-2005 frontend: /usr/bin/../share/yosys/ecp5/cells_bb.v
Parsing Verilog input from `/usr/bin/../share/yosys/ecp5/cells_bb.v' to AST representation.
Generating RTLIL representation for module `\MULT18X18D'.
Generating RTLIL representation for module `\ALU54B'.
Generating RTLIL representation for module `\EHXPLLL'.
Generating RTLIL representation for module `\DTR'.
Generating RTLIL representation for module `\OSCG'.
Generating RTLIL representation for module `\USRMCLK'.
Generating RTLIL representation for module `\JTAGG'.
Generating RTLIL representation for module `\DELAYF'.
Generating RTLIL representation for module `\DELAYG'.
Generating RTLIL representation for module `\IDDRX1F'.
Generating RTLIL representation for module `\IDDRX2F'.
Generating RTLIL representation for module `\IDDR71B'.
Generating RTLIL representation for module `\IDDRX2DQA'.
Generating RTLIL representation for module `\ODDRX1F'.
Generating RTLIL representation for module `\ODDRX2F'.
Generating RTLIL representation for module `\ODDR71B'.
Generating RTLIL representation for module `\OSHX2A'.
Generating RTLIL representation for module `\ODDRX2DQA'.
Generating RTLIL representation for module `\ODDRX2DQSB'.
Generating RTLIL representation for module `\TSHX2DQA'.
Generating RTLIL representation for module `\TSHX2DQSA'.
Generating RTLIL representation for module `\DQSBUFM'.
Generating RTLIL representation for module `\DDRDLLA'.
Generating RTLIL representation for module `\DLLDELD'.
Generating RTLIL representation for module `\CLKDIVF'.
Generating RTLIL representation for module `\ECLKSYNCB'.
Generating RTLIL representation for module `\ECLKBRIDGECS'.
Generating RTLIL representation for module `\DCCA'.
Generating RTLIL representation for module `\DCSC'.
Generating RTLIL representation for module `\DCUA'.
Generating RTLIL representation for module `\EXTREFB'.
Generating RTLIL representation for module `\PCSCLKDIV'.
Generating RTLIL representation for module `\PUR'.
Generating RTLIL representation for module `\GSR'.
Generating RTLIL representation for module `\SGSR'.
Generating RTLIL representation for module `\PDPW16KD'.
Successfully finished Verilog frontend.

3.3. Executing HIERARCHY pass (managing design hierarchy).

3.3.1. Analyzing design hierarchy..
Top module:  \minirv_edge_controller_spi_fpga_top
Used module:     \minirv_edge_controller

3.3.2. Analyzing design hierarchy..
Top module:  \minirv_edge_controller_spi_fpga_top
Used module:     \minirv_edge_controller
Removed 0 unused modules.

3.4. Executing PROC pass (convert processes to netlists).

3.4.1. Executing PROC_CLEAN pass (remove empty switches from decision trees).
Found and cleaned up 1 empty switch in `\TRELLIS_DPR16X4.$proc$/usr/bin/../share/yosys/ecp5/cells_sim.v:213$203'.
Cleaned up 1 empty switch.

3.4.2. Executing PROC_RMDEAD pass (remove dead branches from decision trees).
Marked 1 switch rules as full_case in process $proc$/usr/bin/../share/yosys/ecp5/cells_sim.v:350$310 in module TRELLIS_FF.
Marked 1 switch rules as full_case in process $proc$/usr/bin/../share/yosys/ecp5/cells_sim.v:285$262 in module DPR16X4C.
Marked 1 switch rules as full_case in process $proc$/usr/bin/../share/yosys/ecp5/cells_sim.v:221$204 in module TRELLIS_DPR16X4.
Marked 1 switch rules as full_case in process $proc$/root/chiploop-backend/backend/workflows/b0d5d878-2439-4037-8b8d-844b7f66f3cc/fpga/target_explorer/interface_adapter/minirv_edge_controller_spi_fpga_top.sv:49$81 in module minirv_edge_controller_spi_fpga_top.
Marked 1 switch rules as full_case in process $proc$/root/chiploop-backend/backend/workflows/b0d5d878-2439-4037-8b8d-844b7f66f3cc/fpga/target_explorer/interface_adapter/minirv_edge_controller_spi_fpga_top.sv:40$78 in module minirv_edge_controller_spi_fpga_top.
Marked 1 switch rules as full_case in process $proc$/root/chiploop-backend/backend/workflows/b0d5d878-2439-4037-8b8d-844b7f66f3cc/fpga/target_explorer/interface_adapter/minirv_edge_controller_spi_fpga_top.sv:36$77 in module minirv_edge_controller_spi_fpga_top.
Removed 1 dead cases from process $proc$/root/chiploop-backend/backend/workflows/b0d5d878-2439-4037-8b8d-844b7f66f3cc/fpga/src/rtl/review_input.sv:0$74 in module minirv_edge_controller.
Marked 1 switch rules as full_case in process $proc$/root/chiploop-backend/backend/workflows/b0d5d878-2439-4037-8b8d-844b7f66f3cc/fpga/src/rtl/review_input.sv:0$74 in module minirv_edge_controller.
Removed 1 dead cases from process $proc$/root/chiploop-backend/backend/workflows/b0d5d878-2439-4037-8b8d-844b7f66f3cc/fpga/src/rtl/review_input.sv:0$71 in module minirv_edge_controller.
Marked 1 switch rules as full_case in process $proc$/root/chiploop-backend/backend/workflows/b0d5d878-2439-4037-8b8d-844b7f66f3cc/fpga/src/rtl/review_input.sv:0$71 in module minirv_edge_controller.
Marked 7 switch rules as full_case in process $proc$/root/chiploop-backend/backend/workflows/b0d5d878-2439-4037-8b8d-844b7f66f3cc/fpga/src/rtl/review_input.sv:68$32 in module minirv_edge_controller.
Marked 1 switch rules as full_case in process $proc$/root/chiploop-backend/backend/workflows/b0d5d878-2439-4037-8b8d-844b7f66f3cc/fpga/src/rtl/review_input.sv:40$14 in module minirv_edge_controller.
Removed a total of 2 dead cases.

3.4.3. Executing PROC_PRUNE pass (remove redundant assignments in processes).
Removed 14 redundant assignments.
Promoted 54 assignments to connections.

3.4.4. Executing PROC_INIT pass (extract init attributes).
Found init rule in `\TRELLIS_FF.$proc$/usr/bin/../share/yosys/ecp5/cells_sim.v:0$311'.
  Set init value: \Q = 1'0

3.4.5. Executing PROC_ARST pass (detect async resets in processes).
Found async reset \reset_n in `\minirv_edge_controller_spi_fpga_top.$proc$/root/chiploop-backend/backend/workflows/b0d5d878-2439-4037-8b8d-844b7f66f3cc/fpga/target_explorer/interface_adapter/minirv_edge_controller_spi_fpga_top.sv:49$81'.
Found async reset \spi_cs_n in `\minirv_edge_controller_spi_fpga_top.$proc$/root/chiploop-backend/backend/workflows/b0d5d878-2439-4037-8b8d-844b7f66f3cc/fpga/target_explorer/interface_adapter/minirv_edge_controller_spi_fpga_top.sv:36$77'.
Found async reset \reset_n in `\minirv_edge_controller.$proc$/root/chiploop-backend/backend/workflows/b0d5d878-2439-4037-8b8d-844b7f66f3cc/fpga/src/rtl/review_input.sv:68$32'.

3.4.6. Executing PROC_ROM pass (convert switches to ROMs).
Converted 0 switches.
<suppressed ~18 debug messages>

3.4.7. Executing PROC_MUX pass (convert decision trees to multiplexers).
Creating decoders for process `\TRELLIS_FF.$proc$/usr/bin/../share/yosys/ecp5/cells_sim.v:0$311'.
Creating decoders for process `\TRELLIS_FF.$proc$/usr/bin/../share/yosys/ecp5/cells_sim.v:350$310'.
     1/1: $0\Q[0:0]
Creating decoders for process `\DPR16X4C.$proc$/usr/bin/../share/yosys/ecp5/cells_sim.v:0$285'.
Creating decoders for process `\DPR16X4C.$proc$/usr/bin/../share/yosys/ecp5/cells_sim.v:285$262'.
     1/3: $1$memwr$\ram$/usr/bin/../share/yosys/ecp5/cells_sim.v:287$261_EN[3:0]$268
     2/3: $1$memwr$\ram$/usr/bin/../share/yosys/ecp5/cells_sim.v:287$261_DATA[3:0]$267
     3/3: $1$memwr$\ram$/usr/bin/../share/yosys/ecp5/cells_sim.v:287$261_ADDR[3:0]$266
Creating decoders for process `\TRELLIS_DPR16X4.$proc$/usr/bin/../share/yosys/ecp5/cells_sim.v:0$228'.
Creating decoders for process `\TRELLIS_DPR16X4.$proc$/usr/bin/../share/yosys/ecp5/cells_sim.v:221$204'.
     1/3: $1$memwr$\mem$/usr/bin/../share/yosys/ecp5/cells_sim.v:223$202_EN[3:0]$210
     2/3: $1$memwr$\mem$/usr/bin/../share/yosys/ecp5/cells_sim.v:223$202_DATA[3:0]$209
     3/3: $1$memwr$\mem$/usr/bin/../share/yosys/ecp5/cells_sim.v:223$202_ADDR[3:0]$208
Creating decoders for process `\TRELLIS_DPR16X4.$proc$/usr/bin/../share/yosys/ecp5/cells_sim.v:213$203'.
Creating decoders for process `\minirv_edge_controller_spi_fpga_top.$proc$/root/chiploop-backend/backend/workflows/b0d5d878-2439-4037-8b8d-844b7f66f3cc/fpga/target_explorer/interface_adapter/minirv_edge_controller_spi_fpga_top.sv:0$85'.
Creating decoders for process `\minirv_edge_controller_spi_fpga_top.$proc$/root/chiploop-backend/backend/workflows/b0d5d878-2439-4037-8b8d-844b7f66f3cc/fpga/target_explorer/interface_adapter/minirv_edge_controller_spi_fpga_top.sv:49$81'.
     1/5: $0\tx_snapshot[37:0]
     2/5: $0\spi_cs_prev[0:0]
     3/5: $0\spi_cs_sync[0:0]
     4/5: $0\spi_cs_meta[0:0]
     5/5: $0\rx_active[41:0]
Creating decoders for process `\minirv_edge_controller_spi_fpga_top.$proc$/root/chiploop-backend/backend/workflows/b0d5d878-2439-4037-8b8d-844b7f66f3cc/fpga/target_explorer/interface_adapter/minirv_edge_controller_spi_fpga_top.sv:40$78'.
     1/2: $0\tx_shift[37:0]
     2/2: $0\rx_shift[41:0]
Creating decoders for process `\minirv_edge_controller_spi_fpga_top.$proc$/root/chiploop-backend/backend/workflows/b0d5d878-2439-4037-8b8d-844b7f66f3cc/fpga/target_explorer/interface_adapter/minirv_edge_controller_spi_fpga_top.sv:36$77'.
     1/1: $0\spi_active[0:0]
Creating decoders for process `\minirv_edge_controller.$proc$/root/chiploop-backend/backend/workflows/b0d5d878-2439-4037-8b8d-844b7f66f3cc/fpga/src/rtl/review_input.sv:0$74'.
     1/1: $1$mem2reg_rd$\register_bank$/root/chiploop-backend/backend/workflows/b0d5d878-2439-4037-8b8d-844b7f66f3cc/fpga/src/rtl/review_input.sv:35$3_DATA[31:0]$76
Creating decoders for process `\minirv_edge_controller.$proc$/root/chiploop-backend/backend/workflows/b0d5d878-2439-4037-8b8d-844b7f66f3cc/fpga/src/rtl/review_input.sv:0$71'.
     1/1: $1$mem2reg_rd$\register_bank$/root/chiploop-backend/backend/workflows/b0d5d878-2439-4037-8b8d-844b7f66f3cc/fpga/src/rtl/review_input.sv:34$2_DATA[31:0]$73
Creating decoders for process `\minirv_edge_controller.$proc$/root/chiploop-backend/backend/workflows/b0d5d878-2439-4037-8b8d-844b7f66f3cc/fpga/src/rtl/review_input.sv:68$32'.
     1/47: $0\uart_divider[9:0]
     2/47: $2$mem2reg_wr$\pwm_duty$/root/chiploop-backend/backend/workflows/b0d5d878-2439-4037-8b8d-844b7f66f3cc/fpga/src/rtl/review_input.sv:107$5_ADDR[1:0]$56
     3/47: $2$mem2reg_wr$\pwm_duty$/root/chiploop-backend/backend/workflows/b0d5d878-2439-4037-8b8d-844b7f66f3cc/fpga/src/rtl/review_input.sv:107$5_DATA[7:0]$57
     4/47: $2$mem2reg_wr$\register_bank$/root/chiploop-backend/backend/workflows/b0d5d878-2439-4037-8b8d-844b7f66f3cc/fpga/src/rtl/review_input.sv:103$4_ADDR[3:0]$53
     5/47: $2$mem2reg_wr$\register_bank$/root/chiploop-backend/backend/workflows/b0d5d878-2439-4037-8b8d-844b7f66f3cc/fpga/src/rtl/review_input.sv:103$4_DATA[31:0]$54
     6/47: $0\interrupt[0:0]
     7/47: $1$mem2reg_wr$\pwm_duty$/root/chiploop-backend/backend/workflows/b0d5d878-2439-4037-8b8d-844b7f66f3cc/fpga/src/rtl/review_input.sv:107$5_DATA[7:0]$41
     8/47: $1$mem2reg_wr$\pwm_duty$/root/chiploop-backend/backend/workflows/b0d5d878-2439-4037-8b8d-844b7f66f3cc/fpga/src/rtl/review_input.sv:107$5_ADDR[1:0]$40
     9/47: $1$mem2reg_wr$\register_bank$/root/chiploop-backend/backend/workflows/b0d5d878-2439-4037-8b8d-844b7f66f3cc/fpga/src/rtl/review_input.sv:103$4_DATA[31:0]$39
    10/47: $1$mem2reg_wr$\register_bank$/root/chiploop-backend/backend/workflows/b0d5d878-2439-4037-8b8d-844b7f66f3cc/fpga/src/rtl/review_input.sv:103$4_ADDR[3:0]$38
    11/47: $0\pwm_out[3:0] [3]
    12/47: $0\pwm_out[3:0] [2]
    13/47: $0\pwm_out[3:0] [1]
    14/47: $0\pwm_out[3:0] [0]
    15/47: $0\timer_count[15:0]
    16/47: $0\multiply_result[31:0]
    17/47: $0\operand_b[31:0]
    18/47: $0\operand_a[31:0]
    19/47: $0\instruction[31:0]
    20/47: $0\pc[31:0]
    21/47: $1\index[31:0]
    22/47: $0\register_bank[15][31:0]
    23/47: $0\register_bank[14][31:0]
    24/47: $0\register_bank[13][31:0]
    25/47: $0\register_bank[12][31:0]
    26/47: $0\register_bank[11][31:0]
    27/47: $0\register_bank[10][31:0]
    28/47: $0\register_bank[9][31:0]
    29/47: $0\register_bank[8][31:0]
    30/47: $0\register_bank[7][31:0]
    31/47: $0\register_bank[6][31:0]
    32/47: $0\register_bank[5][31:0]
    33/47: $0\register_bank[4][31:0]
    34/47: $0\register_bank[3][31:0]
    35/47: $0\register_bank[2][31:0]
    36/47: $0\register_bank[1][31:0]
    37/47: $0\register_bank[0][31:0]
    38/47: $0\pwm_duty[3][7:0]
    39/47: $0\pwm_duty[2][7:0]
    40/47: $0\pwm_duty[1][7:0]
    41/47: $0\pwm_duty[0][7:0]
    42/47: $0\uart_shift[9:0]
    43/47: $0\uart_bit[3:0]
    44/47: $0\sample_count[15:0]
    45/47: $0\sensor_accumulator[31:0]
    46/47: $0\pwm_counter[7:0]
    47/47: $0\uart_tx[0:0]
Creating decoders for process `\minirv_edge_controller.$proc$/root/chiploop-backend/backend/workflows/b0d5d878-2439-4037-8b8d-844b7f66f3cc/fpga/src/rtl/review_input.sv:62$27'.
Creating decoders for process `\minirv_edge_controller.$proc$/root/chiploop-backend/backend/workflows/b0d5d878-2439-4037-8b8d-844b7f66f3cc/fpga/src/rtl/review_input.sv:40$14'.
     1/1: $1\alu_result[31:0]

3.4.8. Executing PROC_DLATCH pass (convert process syncs to latches).
No latch inferred for signal `\minirv_edge_controller_spi_fpga_top.\spi_miso' from process `\minirv_edge_controller_spi_fpga_top.$proc$/root/chiploop-backend/backend/workflows/b0d5d878-2439-4037-8b8d-844b7f66f3cc/fpga/target_explorer/interface_adapter/minirv_edge_controller_spi_fpga_top.sv:0$85'.
No latch inferred for signal `\minirv_edge_controller.$mem2reg_rd$\register_bank$/root/chiploop-backend/backend/workflows/b0d5d878-2439-4037-8b8d-844b7f66f3cc/fpga/src/rtl/review_input.sv:35$3_DATA' from process `\minirv_edge_controller.$proc$/root/chiploop-backend/backend/workflows/b0d5d878-2439-4037-8b8d-844b7f66f3cc/fpga/src/rtl/review_input.sv:0$74'.
No latch inferred for signal `\minirv_edge_controller.$mem2reg_rd$\register_bank$/root/chiploop-backend/backend/workflows/b0d5d878-2439-4037-8b8d-844b7f66f3cc/fpga/src/rtl/review_input.sv:34$2_DATA' from process `\minirv_edge_controller.$proc$/root/chiploop-backend/backend/workflows/b0d5d878-2439-4037-8b8d-844b7f66f3cc/fpga/src/rtl/review_input.sv:0$71'.
No latch inferred for signal `\minirv_edge_controller.\write_address' from process `\minirv_edge_controller.$proc$/root/chiploop-backend/backend/workflows/b0d5d878-2439-4037-8b8d-844b7f66f3cc/fpga/src/rtl/review_input.sv:62$27'.
No latch inferred for signal `\minirv_edge_controller.\write_data' from process `\minirv_edge_controller.$proc$/root/chiploop-backend/backend/workflows/b0d5d878-2439-4037-8b8d-844b7f66f3cc/fpga/src/rtl/review_input.sv:62$27'.
No latch inferred for signal `\minirv_edge_controller.\write_enable' from process `\minirv_edge_controller.$proc$/root/chiploop-backend/backend/workflows/b0d5d878-2439-4037-8b8d-844b7f66f3cc/fpga/src/rtl/review_input.sv:62$27'.
No latch inferred for signal `\minirv_edge_controller.\alu_result' from process `\minirv_edge_controller.$proc$/root/chiploop-backend/backend/workflows/b0d5d878-2439-4037-8b8d-844b7f66f3cc/fpga/src/rtl/review_input.sv:40$14'.

3.4.9. Executing PROC_DFF pass (convert process syncs to FFs).
Creating register for signal `\TRELLIS_FF.\Q' using process `\TRELLIS_FF.$proc$/usr/bin/../share/yosys/ecp5/cells_sim.v:350$310'.
  created $dff cell `$procdff$662' with positive edge clock.
Creating register for signal `\DPR16X4C.\i' using process `\DPR16X4C.$proc$/usr/bin/../share/yosys/ecp5/cells_sim.v:0$285'.
  created direct connection (no actual register cell created).
Creating register for signal `\DPR16X4C.$memwr$\ram$/usr/bin/../share/yosys/ecp5/cells_sim.v:281$246_EN' using process `\DPR16X4C.$proc$/usr/bin/../share/yosys/ecp5/cells_sim.v:0$285'.
  created direct connection (no actual register cell created).
Creating register for signal `\DPR16X4C.$memwr$\ram$/usr/bin/../share/yosys/ecp5/cells_sim.v:281$247_EN' using process `\DPR16X4C.$proc$/usr/bin/../share/yosys/ecp5/cells_sim.v:0$285'.
  created direct connection (no actual register cell created).
Creating register for signal `\DPR16X4C.$memwr$\ram$/usr/bin/../share/yosys/ecp5/cells_sim.v:281$248_EN' using process `\DPR16X4C.$proc$/usr/bin/../share/yosys/ecp5/cells_sim.v:0$285'.
  created direct connection (no actual register cell created).
Creating register for signal `\DPR16X4C.$memwr$\ram$/usr/bin/../share/yosys/ecp5/cells_sim.v:281$249_EN' using process `\DPR16X4C.$proc$/usr/bin/../share/yosys/ecp5/cells_sim.v:0$285'.
  created direct connection (no actual register cell created).
Creating register for signal `\DPR16X4C.$memwr$\ram$/usr/bin/../share/yosys/ecp5/cells_sim.v:281$250_EN' using process `\DPR16X4C.$proc$/usr/bin/../share/yosys/ecp5/cells_sim.v:0$285'.
  created direct connection (no actual register cell created).
Creating register for signal `\DPR16X4C.$memwr$\ram$/usr/bin/../share/yosys/ecp5/cells_sim.v:281$251_EN' using process `\DPR16X4C.$proc$/usr/bin/../share/yosys/ecp5/cells_sim.v:0$285'.
  created direct connection (no actual register cell created).
Creating register for signal `\DPR16X4C.$memwr$\ram$/usr/bin/../share/yosys/ecp5/cells_sim.v:281$252_EN' using process `\DPR16X4C.$proc$/usr/bin/../share/yosys/ecp5/cells_sim.v:0$285'.
  created direct connection (no actual register cell created).
Creating register for signal `\DPR16X4C.$memwr$\ram$/usr/bin/../share/yosys/ecp5/cells_sim.v:281$253_EN' using process `\DPR16X4C.$proc$/usr/bin/../share/yosys/ecp5/cells_sim.v:0$285'.
  created direct connection (no actual register cell created).
Creating register for signal `\DPR16X4C.$memwr$\ram$/usr/bin/../share/yosys/ecp5/cells_sim.v:281$254_EN' using process `\DPR16X4C.$proc$/usr/bin/../share/yosys/ecp5/cells_sim.v:0$285'.
  created direct connection (no actual register cell created).
Creating register for signal `\DPR16X4C.$memwr$\ram$/usr/bin/../share/yosys/ecp5/cells_sim.v:281$255_EN' using process `\DPR16X4C.$proc$/usr/bin/../share/yosys/ecp5/cells_sim.v:0$285'.
  created direct connection (no actual register cell created).
Creating register for signal `\DPR16X4C.$memwr$\ram$/usr/bin/../share/yosys/ecp5/cells_sim.v:281$256_EN' using process `\DPR16X4C.$proc$/usr/bin/../share/yosys/ecp5/cells_sim.v:0$285'.
  created direct connection (no actual register cell created).
Creating register for signal `\DPR16X4C.$memwr$\ram$/usr/bin/../share/yosys/ecp5/cells_sim.v:281$257_EN' using process `\DPR16X4C.$proc$/usr/bin/../share/yosys/ecp5/cells_sim.v:0$285'.
  created direct connection (no actual register cell created).
Creating register for signal `\DPR16X4C.$memwr$\ram$/usr/bin/../share/yosys/ecp5/cells_sim.v:281$258_EN' using process `\DPR16X4C.$proc$/usr/bin/../share/yosys/ecp5/cells_sim.v:0$285'.
  created direct connection (no actual register cell created).
Creating register for signal `\DPR16X4C.$memwr$\ram$/usr/bin/../share/yosys/ecp5/cells_sim.v:281$259_EN' using process `\DPR16X4C.$proc$/usr/bin/../share/yosys/ecp5/cells_sim.v:0$285'.
  created direct connection (no actual register cell created).
Creating register for signal `\DPR16X4C.$memwr$\ram$/usr/bin/../share/yosys/ecp5/cells_sim.v:281$260_EN' using process `\DPR16X4C.$proc$/usr/bin/../share/yosys/ecp5/cells_sim.v:0$285'.
  created direct connection (no actual register cell created).
Creating register for signal `\DPR16X4C.$memwr$\ram$/usr/bin/../share/yosys/ecp5/cells_sim.v:287$261_ADDR' using process `\DPR16X4C.$proc$/usr/bin/../share/yosys/ecp5/cells_sim.v:285$262'.
  created $dff cell `$procdff$663' with positive edge clock.
Creating register for signal `\DPR16X4C.$memwr$\ram$/usr/bin/../share/yosys/ecp5/cells_sim.v:287$261_DATA' using process `\DPR16X4C.$proc$/usr/bin/../share/yosys/ecp5/cells_sim.v:285$262'.
  created $dff cell `$procdff$664' with positive edge clock.
Creating register for signal `\DPR16X4C.$memwr$\ram$/usr/bin/../share/yosys/ecp5/cells_sim.v:287$261_EN' using process `\DPR16X4C.$proc$/usr/bin/../share/yosys/ecp5/cells_sim.v:285$262'.
  created $dff cell `$procdff$665' with positive edge clock.
Creating register for signal `\TRELLIS_DPR16X4.\i' using process `\TRELLIS_DPR16X4.$proc$/usr/bin/../share/yosys/ecp5/cells_sim.v:0$228'.
  created direct connection (no actual register cell created).
Creating register for signal `\TRELLIS_DPR16X4.$memwr$\mem$/usr/bin/../share/yosys/ecp5/cells_sim.v:207$186_EN' using process `\TRELLIS_DPR16X4.$proc$/usr/bin/../share/yosys/ecp5/cells_sim.v:0$228'.
  created direct connection (no actual register cell created).
Creating register for signal `\TRELLIS_DPR16X4.$memwr$\mem$/usr/bin/../share/yosys/ecp5/cells_sim.v:207$187_EN' using process `\TRELLIS_DPR16X4.$proc$/usr/bin/../share/yosys/ecp5/cells_sim.v:0$228'.
  created direct connection (no actual register cell created).
Creating register for signal `\TRELLIS_DPR16X4.$memwr$\mem$/usr/bin/../share/yosys/ecp5/cells_sim.v:207$188_EN' using process `\TRELLIS_DPR16X4.$proc$/usr/bin/../share/yosys/ecp5/cells_sim.v:0$228'.
  created direct connection (no actual register cell created).
Creating register for signal `\TRELLIS_DPR16X4.$memwr$\mem$/usr/bin/../share/yosys/ecp5/cells_sim.v:207$189_EN' using process `\TRELLIS_DPR16X4.$proc$/usr/bin/../share/yosys/ecp5/cells_sim.v:0$228'.
  created direct connection (no actual register cell created).
Creating register for signal `\TRELLIS_DPR16X4.$memwr$\mem$/usr/bin/../share/yosys/ecp5/cells_sim.v:207$190_EN' using process `\TRELLIS_DPR16X4.$proc$/usr/bin/../share/yosys/ecp5/cells_sim.v:0$228'.
  created direct connection (no actual register cell created).
Creating register for signal `\TRELLIS_DPR16X4.$memwr$\mem$/usr/bin/../share/yosys/ecp5/cells_sim.v:207$191_EN' using process `\TRELLIS_DPR16X4.$proc$/usr/bin/../share/yosys/ecp5/cells_sim.v:0$228'.
  created direct connection (no actual register cell created).
Creating register for signal `\TRELLIS_DPR16X4.$memwr$\mem$/usr/bin/../share/yosys/ecp5/cells_sim.v:207$192_EN' using process `\TRELLIS_DPR16X4.$proc$/usr/bin/../share/yosys/ecp5/cells_sim.v:0$228'.
  created direct connection (no actual register cell created).
Creating register for signal `\TRELLIS_DPR16X4.$memwr$\mem$/usr/bin/../share/yosys/ecp5/cells_sim.v:207$193_EN' using process `\TRELLIS_DPR16X4.$proc$/usr/bin/../share/yosys/ecp5/cells_sim.v:0$228'.
  created direct connection (no actual register cell created).
Creating register for signal `\TRELLIS_DPR16X4.$memwr$\mem$/usr/bin/../share/yosys/ecp5/cells_sim.v:207$194_EN' using process `\TRELLIS_DPR16X4.$proc$/usr/bin/../share/yosys/ecp5/cells_sim.v:0$228'.
  created direct connection (no actual register cell created).
Creating register for signal `\TRELLIS_DPR16X4.$memwr$\mem$/usr/bin/../share/yosys/ecp5/cells_sim.v:207$195_EN' using process `\TRELLIS_DPR16X4.$proc$/usr/bin/../share/yosys/ecp5/cells_sim.v:0$228'.
  created direct connection (no actual register cell created).
Creating register for signal `\TRELLIS_DPR16X4.$memwr$\mem$/usr/bin/../share/yosys/ecp5/cells_sim.v:207$196_EN' using process `\TRELLIS_DPR16X4.$proc$/usr/bin/../share/yosys/ecp5/cells_sim.v:0$228'.
  created direct connection (no actual register cell created).
Creating register for signal `\TRELLIS_DPR16X4.$memwr$\mem$/usr/bin/../share/yosys/ecp5/cells_sim.v:207$197_EN' using process `\TRELLIS_DPR16X4.$proc$/usr/bin/../share/yosys/ecp5/cells_sim.v:0$228'.
  created direct connection (no actual register cell created).
Creating register for signal `\TRELLIS_DPR16X4.$memwr$\mem$/usr/bin/../share/yosys/ecp5/cells_sim.v:207$198_EN' using process `\TRELLIS_DPR16X4.$proc$/usr/bin/../share/yosys/ecp5/cells_sim.v:0$228'.
  created direct connection (no actual register cell created).
Creating register for signal `\TRELLIS_DPR16X4.$memwr$\mem$/usr/bin/../share/yosys/ecp5/cells_sim.v:207$199_EN' using process `\TRELLIS_DPR16X4.$proc$/usr/bin/../share/yosys/ecp5/cells_sim.v:0$228'.
  created direct connection (no actual register cell created).
Creating register for signal `\TRELLIS_DPR16X4.$memwr$\mem$/usr/bin/../share/yosys/ecp5/cells_sim.v:207$200_EN' using process `\TRELLIS_DPR16X4.$proc$/usr/bin/../share/yosys/ecp5/cells_sim.v:0$228'.
  created direct connection (no actual register cell created).
Creating register for signal `\TRELLIS_DPR16X4.$memwr$\mem$/usr/bin/../share/yosys/ecp5/cells_sim.v:207$201_EN' using process `\TRELLIS_DPR16X4.$proc$/usr/bin/../share/yosys/ecp5/cells_sim.v:0$228'.
  created direct connection (no actual register cell created).
Creating register for signal `\TRELLIS_DPR16X4.$memwr$\mem$/usr/bin/../share/yosys/ecp5/cells_sim.v:223$202_ADDR' using process `\TRELLIS_DPR16X4.$proc$/usr/bin/../share/yosys/ecp5/cells_sim.v:221$204'.
  created $dff cell `$procdff$666' with positive edge clock.
Creating register for signal `\TRELLIS_DPR16X4.$memwr$\mem$/usr/bin/../share/yosys/ecp5/cells_sim.v:223$202_DATA' using process `\TRELLIS_DPR16X4.$proc$/usr/bin/../share/yosys/ecp5/cells_sim.v:221$204'.
  created $dff cell `$procdff$667' with positive edge clock.
Creating register for signal `\TRELLIS_DPR16X4.$memwr$\mem$/usr/bin/../share/yosys/ecp5/cells_sim.v:223$202_EN' using process `\TRELLIS_DPR16X4.$proc$/usr/bin/../share/yosys/ecp5/cells_sim.v:221$204'.
  created $dff cell `$procdff$668' with positive edge clock.
Creating register for signal `\TRELLIS_DPR16X4.\muxwre' using process `\TRELLIS_DPR16X4.$proc$/usr/bin/../share/yosys/ecp5/cells_sim.v:213$203'.
  created direct connection (no actual register cell created).
Creating register for signal `\minirv_edge_controller_spi_fpga_top.\rx_active' using process `\minirv_edge_controller_spi_fpga_top.$proc$/root/chiploop-backend/backend/workflows/b0d5d878-2439-4037-8b8d-844b7f66f3cc/fpga/target_explorer/interface_adapter/minirv_edge_controller_spi_fpga_top.sv:49$81'.
  created $adff cell `$procdff$669' with positive edge clock and negative level reset.
Creating register for signal `\minirv_edge_controller_spi_fpga_top.\tx_snapshot' using process `\minirv_edge_controller_spi_fpga_top.$proc$/root/chiploop-backend/backend/workflows/b0d5d878-2439-4037-8b8d-844b7f66f3cc/fpga/target_explorer/interface_adapter/minirv_edge_controller_spi_fpga_top.sv:49$81'.
  created $adff cell `$procdff$670' with positive edge clock and negative level reset.
Creating register for signal `\minirv_edge_controller_spi_fpga_top.\spi_cs_meta' using process `\minirv_edge_controller_spi_fpga_top.$proc$/root/chiploop-backend/backend/workflows/b0d5d878-2439-4037-8b8d-844b7f66f3cc/fpga/target_explorer/interface_adapter/minirv_edge_controller_spi_fpga_top.sv:49$81'.
  created $adff cell `$procdff$671' with positive edge clock and negative level reset.
Creating register for signal `\minirv_edge_controller_spi_fpga_top.\spi_cs_sync' using process `\minirv_edge_controller_spi_fpga_top.$proc$/root/chiploop-backend/backend/workflows/b0d5d878-2439-4037-8b8d-844b7f66f3cc/fpga/target_explorer/interface_adapter/minirv_edge_controller_spi_fpga_top.sv:49$81'.
  created $adff cell `$procdff$672' with positive edge clock and negative level reset.
Creating register for signal `\minirv_edge_controller_spi_fpga_top.\spi_cs_prev' using process `\minirv_edge_controller_spi_fpga_top.$proc$/root/chiploop-backend/backend/workflows/b0d5d878-2439-4037-8b8d-844b7f66f3cc/fpga/target_explorer/interface_adapter/minirv_edge_controller_spi_fpga_top.sv:49$81'.
  created $adff cell `$procdff$673' with positive edge clock and negative level reset.
Creating register for signal `\minirv_edge_controller_spi_fpga_top.\rx_shift' using process `\minirv_edge_controller_spi_fpga_top.$proc$/root/chiploop-backend/backend/workflows/b0d5d878-2439-4037-8b8d-844b7f66f3cc/fpga/target_explorer/interface_adapter/minirv_edge_controller_spi_fpga_top.sv:40$78'.
  created $dff cell `$procdff$674' with positive edge clock.
Creating register for signal `\minirv_edge_controller_spi_fpga_top.\tx_shift' using process `\minirv_edge_controller_spi_fpga_top.$proc$/root/chiploop-backend/backend/workflows/b0d5d878-2439-4037-8b8d-844b7f66f3cc/fpga/target_explorer/interface_adapter/minirv_edge_controller_spi_fpga_top.sv:40$78'.
  created $dff cell `$procdff$675' with positive edge clock.
Creating register for signal `\minirv_edge_controller_spi_fpga_top.\spi_active' using process `\minirv_edge_controller_spi_fpga_top.$proc$/root/chiploop-backend/backend/workflows/b0d5d878-2439-4037-8b8d-844b7f66f3cc/fpga/target_explorer/interface_adapter/minirv_edge_controller_spi_fpga_top.sv:36$77'.
  created $adff cell `$procdff$676' with positive edge clock and positive level reset.
Creating register for signal `\minirv_edge_controller.\uart_tx' using process `\minirv_edge_controller.$proc$/root/chiploop-backend/backend/workflows/b0d5d878-2439-4037-8b8d-844b7f66f3cc/fpga/src/rtl/review_input.sv:68$32'.
  created $adff cell `$procdff$677' with positive edge clock and negative level reset.
Creating register for signal `\minirv_edge_controller.\pwm_out' using process `\minirv_edge_controller.$proc$/root/chiploop-backend/backend/workflows/b0d5d878-2439-4037-8b8d-844b7f66f3cc/fpga/src/rtl/review_input.sv:68$32'.
  created $dff cell `$procdff$680' with positive edge clock.
Creating register for signal `\minirv_edge_controller.\interrupt' using process `\minirv_edge_controller.$proc$/root/chiploop-backend/backend/workflows/b0d5d878-2439-4037-8b8d-844b7f66f3cc/fpga/src/rtl/review_input.sv:68$32'.
  created $adff cell `$procdff$681' with positive edge clock and negative level reset.
Creating register for signal `\minirv_edge_controller.\pc' using process `\minirv_edge_controller.$proc$/root/chiploop-backend/backend/workflows/b0d5d878-2439-4037-8b8d-844b7f66f3cc/fpga/src/rtl/review_input.sv:68$32'.
  created $adff cell `$procdff$682' with positive edge clock and negative level reset.
Creating register for signal `\minirv_edge_controller.\instruction' using process `\minirv_edge_controller.$proc$/root/chiploop-backend/backend/workflows/b0d5d878-2439-4037-8b8d-844b7f66f3cc/fpga/src/rtl/review_input.sv:68$32'.
  created $adff cell `$procdff$683' with positive edge clock and negative level reset.
Creating register for signal `\minirv_edge_controller.\operand_a' using process `\minirv_edge_controller.$proc$/root/chiploop-backend/backend/workflows/b0d5d878-2439-4037-8b8d-844b7f66f3cc/fpga/src/rtl/review_input.sv:68$32'.
  created $adff cell `$procdff$684' with positive edge clock and negative level reset.
Creating register for signal `\minirv_edge_controller.\operand_b' using process `\minirv_edge_controller.$proc$/root/chiploop-backend/backend/workflows/b0d5d878-2439-4037-8b8d-844b7f66f3cc/fpga/src/rtl/review_input.sv:68$32'.
  created $adff cell `$procdff$685' with positive edge clock and negative level reset.
Creating register for signal `\minirv_edge_controller.\multiply_result' using process `\minirv_edge_controller.$proc$/root/chiploop-backend/backend/workflows/b0d5d878-2439-4037-8b8d-844b7f66f3cc/fpga/src/rtl/review_input.sv:68$32'.
  created $adff cell `$procdff$686' with positive edge clock and negative level reset.
Creating register for signal `\minirv_edge_controller.\sensor_accumulator' using process `\minirv_edge_controller.$proc$/root/chiploop-backend/backend/workflows/b0d5d878-2439-4037-8b8d-844b7f66f3cc/fpga/src/rtl/review_input.sv:68$32'.
  created $adff cell `$procdff$687' with positive edge clock and negative level reset.
Creating register for signal `\minirv_edge_controller.\sample_count' using process `\minirv_edge_controller.$proc$/root/chiploop-backend/backend/workflows/b0d5d878-2439-4037-8b8d-844b7f66f3cc/fpga/src/rtl/review_input.sv:68$32'.
  created $adff cell `$procdff$688' with positive edge clock and negative level reset.
Creating register for signal `\minirv_edge_controller.\timer_count' using process `\minirv_edge_controller.$proc$/root/chiploop-backend/backend/workflows/b0d5d878-2439-4037-8b8d-844b7f66f3cc/fpga/src/rtl/review_input.sv:68$32'.
  created $adff cell `$procdff$689' with positive edge clock and negative level reset.
Creating register for signal `\minirv_edge_controller.\pwm_counter' using process `\minirv_edge_controller.$proc$/root/chiploop-backend/backend/workflows/b0d5d878-2439-4037-8b8d-844b7f66f3cc/fpga/src/rtl/review_input.sv:68$32'.
  created $adff cell `$procdff$690' with positive edge clock and negative level reset.
Creating register for signal `\minirv_edge_controller.\uart_divider' using process `\minirv_edge_controller.$proc$/root/chiploop-backend/backend/workflows/b0d5d878-2439-4037-8b8d-844b7f66f3cc/fpga/src/rtl/review_input.sv:68$32'.
  created $adff cell `$procdff$691' with positive edge clock and negative level reset.
Creating register for signal `\minirv_edge_controller.\uart_bit' using process `\minirv_edge_controller.$proc$/root/chiploop-backend/backend/workflows/b0d5d878-2439-4037-8b8d-844b7f66f3cc/fpga/src/rtl/review_input.sv:68$32'.
  created $adff cell `$procdff$692' with positive edge clock and negative level reset.
Creating register for signal `\minirv_edge_controller.\uart_shift' using process `\minirv_edge_controller.$proc$/root/chiploop-backend/backend/workflows/b0d5d878-2439-4037-8b8d-844b7f66f3cc/fpga/src/rtl/review_input.sv:68$32'.
  created $adff cell `$procdff$693' with positive edge clock and negative level reset.
Creating register for signal `\minirv_edge_controller.\index' using process `\minirv_edge_controller.$proc$/root/chiploop-backend/backend/workflows/b0d5d878-2439-4037-8b8d-844b7f66f3cc/fpga/src/rtl/review_input.sv:68$32'.
  created $adff cell `$procdff$694' with positive edge clock and negative level reset.
Creating register for signal `\minirv_edge_controller.\pwm_duty[0]' using process `\minirv_edge_controller.$proc$/root/chiploop-backend/backend/workflows/b0d5d878-2439-4037-8b8d-844b7f66f3cc/fpga/src/rtl/review_input.sv:68$32'.
  created $adff cell `$procdff$695' with positive edge clock and negative level reset.
Creating register for signal `\minirv_edge_controller.\pwm_duty[1]' using process `\minirv_edge_controller.$proc$/root/chiploop-backend/backend/workflows/b0d5d878-2439-4037-8b8d-844b7f66f3cc/fpga/src/rtl/review_input.sv:68$32'.
  created $adff cell `$procdff$696' with positive edge clock and negative level reset.
Creating register for signal `\minirv_edge_controller.\pwm_duty[2]' using process `\minirv_edge_controller.$proc$/root/chiploop-backend/backend/workflows/b0d5d878-2439-4037-8b8d-844b7f66f3cc/fpga/src/rtl/review_input.sv:68$32'.
  created $adff cell `$procdff$697' with positive edge clock and negative level reset.
Creating register for signal `\minirv_edge_controller.\pwm_duty[3]' using process `\minirv_edge_controller.$proc$/root/chiploop-backend/backend/workflows/b0d5d878-2439-4037-8b8d-844b7f66f3cc/fpga/src/rtl/review_input.sv:68$32'.
  created $adff cell `$procdff$698' with positive edge clock and negative level reset.
Creating register for signal `\minirv_edge_controller.\register_bank[0]' using process `\minirv_edge_controller.$proc$/root/chiploop-backend/backend/workflows/b0d5d878-2439-4037-8b8d-844b7f66f3cc/fpga/src/rtl/review_input.sv:68$32'.
  created $adff cell `$procdff$699' with positive edge clock and negative level reset.
Creating register for signal `\minirv_edge_controller.\register_bank[1]' using process `\minirv_edge_controller.$proc$/root/chiploop-backend/backend/workflows/b0d5d878-2439-4037-8b8d-844b7f66f3cc/fpga/src/rtl/review_input.sv:68$32'.
  created $adff cell `$procdff$700' with positive edge clock and negative level reset.
Creating register for signal `\minirv_edge_controller.\register_bank[2]' using process `\minirv_edge_controller.$proc$/root/chiploop-backend/backend/workflows/b0d5d878-2439-4037-8b8d-844b7f66f3cc/fpga/src/rtl/review_input.sv:68$32'.
  created $adff cell `$procdff$701' with positive edge clock and negative level reset.
Creating register for signal `\minirv_edge_controller.\register_bank[3]' using process `\minirv_edge_controller.$proc$/root/chiploop-backend/backend/workflows/b0d5d878-2439-4037-8b8d-844b7f66f3cc/fpga/src/rtl/review_input.sv:68$32'.
  created $adff cell `$procdff$702' with positive edge clock and negative level reset.
Creating register for signal `\minirv_edge_controller.\register_bank[4]' using process `\minirv_edge_controller.$proc$/root/chiploop-backend/backend/workflows/b0d5d878-2439-4037-8b8d-844b7f66f3cc/fpga/src/rtl/review_input.sv:68$32'.
  created $adff cell `$procdff$703' with positive edge clock and negative level reset.
Creating register for signal `\minirv_edge_controller.\register_bank[5]' using process `\minirv_edge_controller.$proc$/root/chiploop-backend/backend/workflows/b0d5d878-2439-4037-8b8d-844b7f66f3cc/fpga/src/rtl/review_input.sv:68$32'.
  created $adff cell `$procdff$704' with positive edge clock and negative level reset.
Creating register for signal `\minirv_edge_controller.\register_bank[6]' using process `\minirv_edge_controller.$proc$/root/chiploop-backend/backend/workflows/b0d5d878-2439-4037-8b8d-844b7f66f3cc/fpga/src/rtl/review_input.sv:68$32'.
  created $adff cell `$procdff$705' with positive edge clock and negative level reset.
Creating register for signal `\minirv_edge_controller.\register_bank[7]' using process `\minirv_edge_controller.$proc$/root/chiploop-backend/backend/workflows/b0d5d878-2439-4037-8b8d-844b7f66f3cc/fpga/src/rtl/review_input.sv:68$32'.
  created $adff cell `$procdff$706' with positive edge clock and negative level reset.
Creating register for signal `\minirv_edge_controller.\register_bank[8]' using process `\minirv_edge_controller.$proc$/root/chiploop-backend/backend/workflows/b0d5d878-2439-4037-8b8d-844b7f66f3cc/fpga/src/rtl/review_input.sv:68$32'.
  created $adff cell `$procdff$707' with positive edge clock and negative level reset.
Creating register for signal `\minirv_edge_controller.\register_bank[9]' using process `\minirv_edge_controller.$proc$/root/chiploop-backend/backend/workflows/b0d5d878-2439-4037-8b8d-844b7f66f3cc/fpga/src/rtl/review_input.sv:68$32'.
  created $adff cell `$procdff$708' with positive edge clock and negative level reset.
Creating register for signal `\minirv_edge_controller.\register_bank[10]' using process `\minirv_edge_controller.$proc$/root/chiploop-backend/backend/workflows/b0d5d878-2439-4037-8b8d-844b7f66f3cc/fpga/src/rtl/review_input.sv:68$32'.
  created $adff cell `$procdff$709' with positive edge clock and negative level reset.
Creating register for signal `\minirv_edge_controller.\register_bank[11]' using process `\minirv_edge_controller.$proc$/root/chiploop-backend/backend/workflows/b0d5d878-2439-4037-8b8d-844b7f66f3cc/fpga/src/rtl/review_input.sv:68$32'.
  created $adff cell `$procdff$710' with positive edge clock and negative level reset.
Creating register for signal `\minirv_edge_controller.\register_bank[12]' using process `\minirv_edge_controller.$proc$/root/chiploop-backend/backend/workflows/b0d5d878-2439-4037-8b8d-844b7f66f3cc/fpga/src/rtl/review_input.sv:68$32'.
  created $adff cell `$procdff$711' with positive edge clock and negative level reset.
Creating register for signal `\minirv_edge_controller.\register_bank[13]' using process `\minirv_edge_controller.$proc$/root/chiploop-backend/backend/workflows/b0d5d878-2439-4037-8b8d-844b7f66f3cc/fpga/src/rtl/review_input.sv:68$32'.
  created $adff cell `$procdff$712' with positive edge clock and negative level reset.
Creating register for signal `\minirv_edge_controller.\register_bank[14]' using process `\minirv_edge_controller.$proc$/root/chiploop-backend/backend/workflows/b0d5d878-2439-4037-8b8d-844b7f66f3cc/fpga/src/rtl/review_input.sv:68$32'.
  created $adff cell `$procdff$713' with positive edge clock and negative level reset.
Creating register for signal `\minirv_edge_controller.\register_bank[15]' using process `\minirv_edge_controller.$proc$/root/chiploop-backend/backend/workflows/b0d5d878-2439-4037-8b8d-844b7f66f3cc/fpga/src/rtl/review_input.sv:68$32'.
  created $adff cell `$procdff$714' with positive edge clock and negative level reset.
Creating register for signal `\minirv_edge_controller.$mem2reg_wr$\register_bank$/root/chiploop-backend/backend/workflows/b0d5d878-2439-4037-8b8d-844b7f66f3cc/fpga/src/rtl/review_input.sv:103$4_ADDR' using process `\minirv_edge_controller.$proc$/root/chiploop-backend/backend/workflows/b0d5d878-2439-4037-8b8d-844b7f66f3cc/fpga/src/rtl/review_input.sv:68$32'.
  created $adff cell `$procdff$715' with positive edge clock and negative level reset.
Creating register for signal `\minirv_edge_controller.$mem2reg_wr$\register_bank$/root/chiploop-backend/backend/workflows/b0d5d878-2439-4037-8b8d-844b7f66f3cc/fpga/src/rtl/review_input.sv:103$4_DATA' using process `\minirv_edge_controller.$proc$/root/chiploop-backend/backend/workflows/b0d5d878-2439-4037-8b8d-844b7f66f3cc/fpga/src/rtl/review_input.sv:68$32'.
  created $adff cell `$procdff$716' with positive edge clock and negative level reset.
Creating register for signal `\minirv_edge_controller.$mem2reg_wr$\pwm_duty$/root/chiploop-backend/backend/workflows/b0d5d878-2439-4037-8b8d-844b7f66f3cc/fpga/src/rtl/review_input.sv:107$5_ADDR' using process `\minirv_edge_controller.$proc$/root/chiploop-backend/backend/workflows/b0d5d878-2439-4037-8b8d-844b7f66f3cc/fpga/src/rtl/review_input.sv:68$32'.
  created $adff cell `$procdff$717' with positive edge clock and negative level reset.
Creating register for signal `\minirv_edge_controller.$mem2reg_wr$\pwm_duty$/root/chiploop-backend/backend/workflows/b0d5d878-2439-4037-8b8d-844b7f66f3cc/fpga/src/rtl/review_input.sv:107$5_DATA' using process `\minirv_edge_controller.$proc$/root/chiploop-backend/backend/workflows/b0d5d878-2439-4037-8b8d-844b7f66f3cc/fpga/src/rtl/review_input.sv:68$32'.
  created $adff cell `$procdff$718' with positive edge clock and negative level reset.

3.4.10. Executing PROC_MEMWR pass (convert process memory writes to cells).

3.4.11. Executing PROC_CLEAN pass (remove empty switches from decision trees).
Removing empty process `TRELLIS_FF.$proc$/usr/bin/../share/yosys/ecp5/cells_sim.v:0$311'.
Found and cleaned up 2 empty switches in `\TRELLIS_FF.$proc$/usr/bin/../share/yosys/ecp5/cells_sim.v:350$310'.
Removing empty process `TRELLIS_FF.$proc$/usr/bin/../share/yosys/ecp5/cells_sim.v:350$310'.
Removing empty process `DPR16X4C.$proc$/usr/bin/../share/yosys/ecp5/cells_sim.v:0$285'.
Found and cleaned up 1 empty switch in `\DPR16X4C.$proc$/usr/bin/../share/yosys/ecp5/cells_sim.v:285$262'.
Removing empty process `TRELLIS_DPR16X4.$proc$/usr/bin/../share/yosys/ecp5/cells_sim.v:0$228'.
Found and cleaned up 1 empty switch in `\TRELLIS_DPR16X4.$proc$/usr/bin/../share/yosys/ecp5/cells_sim.v:221$204'.
Removing empty process `TRELLIS_DPR16X4.$proc$/usr/bin/../share/yosys/ecp5/cells_sim.v:213$203'.
Removing empty process `minirv_edge_controller_spi_fpga_top.$proc$/root/chiploop-backend/backend/workflows/b0d5d878-2439-4037-8b8d-844b7f66f3cc/fpga/target_explorer/interface_adapter/minirv_edge_controller_spi_fpga_top.sv:0$85'.
Found and cleaned up 1 empty switch in `\minirv_edge_controller_spi_fpga_top.$proc$/root/chiploop-backend/backend/workflows/b0d5d878-2439-4037-8b8d-844b7f66f3cc/fpga/target_explorer/interface_adapter/minirv_edge_controller_spi_fpga_top.sv:49$81'.
Removing empty process `minirv_edge_controller_spi_fpga_top.$proc$/root/chiploop-backend/backend/workflows/b0d5d878-2439-4037-8b8d-844b7f66f3cc/fpga/target_explorer/interface_adapter/minirv_edge_controller_spi_fpga_top.sv:49$81'.
Found and cleaned up 2 empty switches in `\minirv_edge_controller_spi_fpga_top.$proc$/root/chiploop-backend/backend/workflows/b0d5d878-2439-4037-8b8d-844b7f66f3cc/fpga/target_explorer/interface_adapter/minirv_edge_controller_spi_fpga_top.sv:40$78'.
Removing empty process `minirv_edge_controller_spi_fpga_top.$proc$/root/chiploop-backend/backend/workflows/b0d5d878-2439-4037-8b8d-844b7f66f3cc/fpga/target_explorer/interface_adapter/minirv_edge_controller_spi_fpga_top.sv:40$78'.
Removing empty process `minirv_edge_controller_spi_fpga_top.$proc$/root/chiploop-backend/backend/workflows/b0d5d878-2439-4037-8b8d-844b7f66f3cc/fpga/target_explorer/interface_adapter/minirv_edge_controller_spi_fpga_top.sv:36$77'.
Found and cleaned up 1 empty switch in `\minirv_edge_controller.$proc$/root/chiploop-backend/backend/workflows/b0d5d878-2439-4037-8b8d-844b7f66f3cc/fpga/src/rtl/review_input.sv:0$74'.
Removing empty process `minirv_edge_controller.$proc$/root/chiploop-backend/backend/workflows/b0d5d878-2439-4037-8b8d-844b7f66f3cc/fpga/src/rtl/review_input.sv:0$74'.
Found and cleaned up 1 empty switch in `\minirv_edge_controller.$proc$/root/chiploop-backend/backend/workflows/b0d5d878-2439-4037-8b8d-844b7f66f3cc/fpga/src/rtl/review_input.sv:0$71'.
Removing empty process `minirv_edge_controller.$proc$/root/chiploop-backend/backend/workflows/b0d5d878-2439-4037-8b8d-844b7f66f3cc/fpga/src/rtl/review_input.sv:0$71'.
Found and cleaned up 8 empty switches in `\minirv_edge_controller.$proc$/root/chiploop-backend/backend/workflows/b0d5d878-2439-4037-8b8d-844b7f66f3cc/fpga/src/rtl/review_input.sv:68$32'.
Removing empty process `minirv_edge_controller.$proc$/root/chiploop-backend/backend/workflows/b0d5d878-2439-4037-8b8d-844b7f66f3cc/fpga/src/rtl/review_input.sv:68$32'.
Removing empty process `minirv_edge_controller.$proc$/root/chiploop-backend/backend/workflows/b0d5d878-2439-4037-8b8d-844b7f66f3cc/fpga/src/rtl/review_input.sv:62$27'.
Found and cleaned up 1 empty switch in `\minirv_edge_controller.$proc$/root/chiploop-backend/backend/workflows/b0d5d878-2439-4037-8b8d-844b7f66f3cc/fpga/src/rtl/review_input.sv:40$14'.
Removing empty process `minirv_edge_controller.$proc$/root/chiploop-backend/backend/workflows/b0d5d878-2439-4037-8b8d-844b7f66f3cc/fpga/src/rtl/review_input.sv:40$14'.
Cleaned up 18 empty switches.

3.4.12. Executing OPT_EXPR pass (perform const folding).
Optimizing module minirv_edge_controller_spi_fpga_top.
<suppressed ~3 debug messages>
Optimizing module minirv_edge_controller.
<suppressed ~8 debug messages>

3.5. Executing TRIBUF pass.

3.6. Executing DEMINOUT pass (demote inout ports to input or output).

3.7. Executing OPT_EXPR pass (perform const folding).
Optimizing module minirv_edge_controller_spi_fpga_top.
Optimizing module minirv_edge_controller.

3.8. Executing OPT_CLEAN pass (remove unused cells and wires).
Finding unused cells or wires in module \minirv_edge_controller_spi_fpga_top..
Finding unused cells or wires in module \minirv_edge_controller..
Removed 14 unused cells and 134 unused wires.
<suppressed ~17 debug messages>

3.9. Executing CHECK pass (checking for obvious problems).
Checking module minirv_edge_controller...
Checking module minirv_edge_controller_spi_fpga_top...
Found and reported 0 problems.

3.10. Executing OPT pass (performing simple optimizations).

3.10.1. Executing OPT_EXPR pass (perform const folding).
Optimizing module minirv_edge_controller.
Optimizing module minirv_edge_controller_spi_fpga_top.

3.10.2. Executing OPT_MERGE pass (detect identical cells).
Finding identical cells in module `\minirv_edge_controller'.
<suppressed ~6 debug messages>
Finding identical cells in module `\minirv_edge_controller_spi_fpga_top'.
Removed a total of 2 cells.

3.10.3. Executing OPT_MUXTREE pass (detect dead branches in mux trees).
Running muxtree optimizer on module \minirv_edge_controller..
  Creating internal representation of mux trees.
  Evaluating internal representation of mux trees.
  Analyzing evaluation results.
Running muxtree optimizer on module \minirv_edge_controller_spi_fpga_top..
  Creating internal representation of mux trees.
  Evaluating internal representation of mux trees.
  Analyzing evaluation results.
Removed 0 multiplexer ports.
<suppressed ~36 debug messages>

3.10.4. Executing OPT_REDUCE pass (consolidate $*mux and $reduce_* inputs).
  Optimizing cells in module \minirv_edge_controller.
  Optimizing cells in module \minirv_edge_controller_spi_fpga_top.
Performed a total of 0 changes.

3.10.5. Executing OPT_MERGE pass (detect identical cells).
Finding identical cells in module `\minirv_edge_controller'.
Finding identical cells in module `\minirv_edge_controller_spi_fpga_top'.
Removed a total of 0 cells.

3.10.6. Executing OPT_DFF pass (perform DFF optimizations).

3.10.7. Executing OPT_CLEAN pass (remove unused cells and wires).
Finding unused cells or wires in module \minirv_edge_controller..
Finding unused cells or wires in module \minirv_edge_controller_spi_fpga_top..
Removed 0 unused cells and 2 unused wires.
<suppressed ~1 debug messages>

3.10.8. Executing OPT_EXPR pass (perform const folding).
Optimizing module minirv_edge_controller.
Optimizing module minirv_edge_controller_spi_fpga_top.

3.10.9. Rerunning OPT passes. (Maybe there is more to do..)

3.10.10. Executing OPT_MUXTREE pass (detect dead branches in mux trees).
Running muxtree optimizer on module \minirv_edge_controller..
  Creating internal representation of mux trees.
  Evaluating internal representation of mux trees.
  Analyzing evaluation results.
Running muxtree optimizer on module \minirv_edge_controller_spi_fpga_top..
  Creating internal representation of mux trees.
  Evaluating internal representation of mux trees.
  Analyzing evaluation results.
Removed 0 multiplexer ports.
<suppressed ~36 debug messages>

3.10.11. Executing OPT_REDUCE pass (consolidate $*mux and $reduce_* inputs).
  Optimizing cells in module \minirv_edge_controller.
  Optimizing cells in module \minirv_edge_controller_spi_fpga_top.
Performed a total of 0 changes.

3.10.12. Executing OPT_MERGE pass (detect identical cells).
Finding identical cells in module `\minirv_edge_controller'.
Finding identical cells in module `\minirv_edge_controller_spi_fpga_top'.
Removed a total of 0 cells.

3.10.13. Executing OPT_DFF pass (perform DFF optimizations).

3.10.14. Executing OPT_CLEAN pass (remove unused cells and wires).
Finding unused cells or wires in module \minirv_edge_controller..
Finding unused cells or wires in module \minirv_edge_controller_spi_fpga_top..

3.10.15. Executing OPT_EXPR pass (perform const folding).
Optimizing module minirv_edge_controller.
Optimizing module minirv_edge_controller_spi_fpga_top.

3.10.16. Finished OPT passes. (There is nothing left to do.)

3.11. Executing FSM pass (extract and optimize FSM).

3.11.1. Executing FSM_DETECT pass (finding FSMs in design).

3.11.2. Executing FSM_EXTRACT pass (extracting FSM from design).

3.11.3. Executing FSM_OPT pass (simple optimizations of FSMs).

3.11.4. Executing OPT_CLEAN pass (remove unused cells and wires).
Finding unused cells or wires in module \minirv_edge_controller..
Finding unused cells or wires in module \minirv_edge_controller_spi_fpga_top..

3.11.5. Executing FSM_OPT pass (simple optimizations of FSMs).

3.11.6. Executing FSM_RECODE pass (re-assigning FSM state encoding).

3.11.7. Executing FSM_INFO pass (dumping all available information on FSM cells).

3.11.8. Executing FSM_MAP pass (mapping FSMs to basic logic).

3.12. Executing OPT pass (performing simple optimizations).

3.12.1. Executing OPT_EXPR pass (perform const folding).
Optimizing module minirv_edge_controller.
Optimizing module minirv_edge_controller_spi_fpga_top.

3.12.2. Executing OPT_MERGE pass (detect identical cells).
Finding identical cells in module `\minirv_edge_controller'.
Finding identical cells in module `\minirv_edge_controller_spi_fpga_top'.
Removed a total of 0 cells.

3.12.3. Executing OPT_MUXTREE pass (detect dead branches in mux trees).
Running muxtree optimizer on module \minirv_edge_controller..
  Creating internal representation of mux trees.
  Evaluating internal representation of mux trees.
  Analyzing evaluation results.
Running muxtree optimizer on module \minirv_edge_controller_spi_fpga_top..
  Creating internal representation of mux trees.
  Evaluating internal representation of mux trees.
  Analyzing evaluation results.
Removed 0 multiplexer ports.
<suppressed ~36 debug messages>

3.12.4. Executing OPT_REDUCE pass (consolidate $*mux and $reduce_* inputs).
  Optimizing cells in module \minirv_edge_controller.
  Optimizing cells in module \minirv_edge_controller_spi_fpga_top.
Performed a total of 0 changes.

3.12.5. Executing OPT_MERGE pass (detect identical cells).
Finding identical cells in module `\minirv_edge_controller'.
Finding identical cells in module `\minirv_edge_controller_spi_fpga_top'.
Removed a total of 0 cells.

3.12.6. Executing OPT_DFF pass (perform DFF optimizations).
Adding EN signal on $procdff$714 ($adff) from module minirv_edge_controller (D = $0\register_bank[15][31:0], Q = \register_bank[15]).
Adding EN signal on $procdff$713 ($adff) from module minirv_edge_controller (D = $xor$/root/chiploop-backend/backend/workflows/b0d5d878-2439-4037-8b8d-844b7f66f3cc/fpga/src/rtl/review_input.sv:103$55_Y, Q = \register_bank[14]).
Adding EN signal on $procdff$712 ($adff) from module minirv_edge_controller (D = $xor$/root/chiploop-backend/backend/workflows/b0d5d878-2439-4037-8b8d-844b7f66f3cc/fpga/src/rtl/review_input.sv:103$55_Y, Q = \register_bank[13]).
Adding EN signal on $procdff$711 ($adff) from module minirv_edge_controller (D = $xor$/root/chiploop-backend/backend/workflows/b0d5d878-2439-4037-8b8d-844b7f66f3cc/fpga/src/rtl/review_input.sv:103$55_Y, Q = \register_bank[12]).
Adding EN signal on $procdff$710 ($adff) from module minirv_edge_controller (D = $xor$/root/chiploop-backend/backend/workflows/b0d5d878-2439-4037-8b8d-844b7f66f3cc/fpga/src/rtl/review_input.sv:103$55_Y, Q = \register_bank[11]).
Adding EN signal on $procdff$709 ($adff) from module minirv_edge_controller (D = $xor$/root/chiploop-backend/backend/workflows/b0d5d878-2439-4037-8b8d-844b7f66f3cc/fpga/src/rtl/review_input.sv:103$55_Y, Q = \register_bank[10]).
Adding EN signal on $procdff$708 ($adff) from module minirv_edge_controller (D = $xor$/root/chiploop-backend/backend/workflows/b0d5d878-2439-4037-8b8d-844b7f66f3cc/fpga/src/rtl/review_input.sv:103$55_Y, Q = \register_bank[9]).
Adding EN signal on $procdff$707 ($adff) from module minirv_edge_controller (D = $xor$/root/chiploop-backend/backend/workflows/b0d5d878-2439-4037-8b8d-844b7f66f3cc/fpga/src/rtl/review_input.sv:103$55_Y, Q = \register_bank[8]).
Adding EN signal on $procdff$706 ($adff) from module minirv_edge_controller (D = $xor$/root/chiploop-backend/backend/workflows/b0d5d878-2439-4037-8b8d-844b7f66f3cc/fpga/src/rtl/review_input.sv:103$55_Y, Q = \register_bank[7]).
Adding EN signal on $procdff$705 ($adff) from module minirv_edge_controller (D = $xor$/root/chiploop-backend/backend/workflows/b0d5d878-2439-4037-8b8d-844b7f66f3cc/fpga/src/rtl/review_input.sv:103$55_Y, Q = \register_bank[6]).
Adding EN signal on $procdff$704 ($adff) from module minirv_edge_controller (D = $xor$/root/chiploop-backend/backend/workflows/b0d5d878-2439-4037-8b8d-844b7f66f3cc/fpga/src/rtl/review_input.sv:103$55_Y, Q = \register_bank[5]).
Adding EN signal on $procdff$703 ($adff) from module minirv_edge_controller (D = $xor$/root/chiploop-backend/backend/workflows/b0d5d878-2439-4037-8b8d-844b7f66f3cc/fpga/src/rtl/review_input.sv:103$55_Y, Q = \register_bank[4]).
Adding EN signal on $procdff$702 ($adff) from module minirv_edge_controller (D = $xor$/root/chiploop-backend/backend/workflows/b0d5d878-2439-4037-8b8d-844b7f66f3cc/fpga/src/rtl/review_input.sv:103$55_Y, Q = \register_bank[3]).
Adding EN signal on $procdff$701 ($adff) from module minirv_edge_controller (D = $xor$/root/chiploop-backend/backend/workflows/b0d5d878-2439-4037-8b8d-844b7f66f3cc/fpga/src/rtl/review_input.sv:103$55_Y, Q = \register_bank[2]).
Adding EN signal on $procdff$700 ($adff) from module minirv_edge_controller (D = $xor$/root/chiploop-backend/backend/workflows/b0d5d878-2439-4037-8b8d-844b7f66f3cc/fpga/src/rtl/review_input.sv:103$55_Y, Q = \register_bank[1]).
Adding EN signal on $procdff$699 ($adff) from module minirv_edge_controller (D = $xor$/root/chiploop-backend/backend/workflows/b0d5d878-2439-4037-8b8d-844b7f66f3cc/fpga/src/rtl/review_input.sv:103$55_Y, Q = \register_bank[0]).
Adding EN signal on $procdff$698 ($adff) from module minirv_edge_controller (D = \sensor_data [7:0], Q = \pwm_duty[3]).
Adding EN signal on $procdff$697 ($adff) from module minirv_edge_controller (D = \sensor_data [7:0], Q = \pwm_duty[2]).
Adding EN signal on $procdff$696 ($adff) from module minirv_edge_controller (D = \sensor_data [7:0], Q = \pwm_duty[1]).
Adding EN signal on $procdff$695 ($adff) from module minirv_edge_controller (D = \sensor_data [7:0], Q = \pwm_duty[0]).
Adding EN signal on $procdff$693 ($adff) from module minirv_edge_controller (D = $procmux$623_Y, Q = \uart_shift).
Adding EN signal on $procdff$692 ($adff) from module minirv_edge_controller (D = $procmux$631_Y, Q = \uart_bit).
Adding EN signal on $procdff$688 ($adff) from module minirv_edge_controller (D = $add$/root/chiploop-backend/backend/workflows/b0d5d878-2439-4037-8b8d-844b7f66f3cc/fpga/src/rtl/review_input.sv:106$59_Y [15:0], Q = \sample_count).
Adding EN signal on $procdff$687 ($adff) from module minirv_edge_controller (D = $add$/root/chiploop-backend/backend/workflows/b0d5d878-2439-4037-8b8d-844b7f66f3cc/fpga/src/rtl/review_input.sv:105$58_Y, Q = \sensor_accumulator).
Adding EN signal on $procdff$680 ($dff) from module minirv_edge_controller (D = $0\pwm_out[3:0], Q = \pwm_out).
Adding EN signal on $procdff$677 ($adff) from module minirv_edge_controller (D = \uart_shift [0], Q = \uart_tx).
Adding EN signal on $procdff$675 ($dff) from module minirv_edge_controller_spi_fpga_top (D = $procmux$338_Y, Q = \tx_shift).
Adding EN signal on $procdff$674 ($dff) from module minirv_edge_controller_spi_fpga_top (D = { \rx_shift [40:0] \spi_mosi }, Q = \rx_shift).
Adding EN signal on $procdff$669 ($adff) from module minirv_edge_controller_spi_fpga_top (D = \rx_shift, Q = \rx_active).

3.12.7. Executing OPT_CLEAN pass (remove unused cells and wires).
Finding unused cells or wires in module \minirv_edge_controller..
Finding unused cells or wires in module \minirv_edge_controller_spi_fpga_top..
Removed 47 unused cells and 47 unused wires.
<suppressed ~49 debug messages>

3.12.8. Executing OPT_EXPR pass (perform const folding).
Optimizing module minirv_edge_controller.
<suppressed ~1 debug messages>
Optimizing module minirv_edge_controller_spi_fpga_top.

3.12.9. Rerunning OPT passes. (Maybe there is more to do..)

3.12.10. Executing OPT_MUXTREE pass (detect dead branches in mux trees).
Running muxtree optimizer on module \minirv_edge_controller..
  Creating internal representation of mux trees.
  Evaluating internal representation of mux trees.
  Analyzing evaluation results.
Running muxtree optimizer on module \minirv_edge_controller_spi_fpga_top..
  Creating internal representation of mux trees.
  Evaluating internal representation of mux trees.
  Analyzing evaluation results.
Removed 0 multiplexer ports.
<suppressed ~11 debug messages>

3.12.11. Executing OPT_REDUCE pass (consolidate $*mux and $reduce_* inputs).
  Optimizing cells in module \minirv_edge_controller.
  Optimizing cells in module \minirv_edge_controller_spi_fpga_top.
Performed a total of 0 changes.

3.12.12. Executing OPT_MERGE pass (detect identical cells).
Finding identical cells in module `\minirv_edge_controller'.
Finding identical cells in module `\minirv_edge_controller_spi_fpga_top'.
Removed a total of 0 cells.

3.12.13. Executing OPT_DFF pass (perform DFF optimizations).

3.12.14. Executing OPT_CLEAN pass (remove unused cells and wires).
Finding unused cells or wires in module \minirv_edge_controller..
Finding unused cells or wires in module \minirv_edge_controller_spi_fpga_top..

3.12.15. Executing OPT_EXPR pass (perform const folding).
Optimizing module minirv_edge_controller.
Optimizing module minirv_edge_controller_spi_fpga_top.

3.12.16. Finished OPT passes. (There is nothing left to do.)

3.13. Executing WREDUCE pass (reducing word size of cells).
Removed top 26 bits (of 32) from port A of cell minirv_edge_controller.$sub$/root/chiploop-backend/backend/workflows/b0d5d878-2439-4037-8b8d-844b7f66f3cc/fpga/src/rtl/review_input.sv:36$7 ($sub).
Removed top 25 bits (of 32) from port Y of cell minirv_edge_controller.$sub$/root/chiploop-backend/backend/workflows/b0d5d878-2439-4037-8b8d-844b7f66f3cc/fpga/src/rtl/review_input.sv:36$7 ($sub).
Removed top 1 bits (of 2) from port B of cell minirv_edge_controller.$auto$opt_dff.cc:195:make_patterns_logic$721 ($ne).
Removed top 29 bits (of 32) from port B of cell minirv_edge_controller.$add$/root/chiploop-backend/backend/workflows/b0d5d878-2439-4037-8b8d-844b7f66f3cc/fpga/src/rtl/review_input.sv:91$42 ($add).
Removed top 28 bits (of 32) from port B of cell minirv_edge_controller.$add$/root/chiploop-backend/backend/workflows/b0d5d878-2439-4037-8b8d-844b7f66f3cc/fpga/src/rtl/review_input.sv:92$44 ($add).
Removed top 31 bits (of 32) from port B of cell minirv_edge_controller.$add$/root/chiploop-backend/backend/workflows/b0d5d878-2439-4037-8b8d-844b7f66f3cc/fpga/src/rtl/review_input.sv:96$47 ($add).
Removed top 16 bits (of 32) from port Y of cell minirv_edge_controller.$add$/root/chiploop-backend/backend/workflows/b0d5d878-2439-4037-8b8d-844b7f66f3cc/fpga/src/rtl/review_input.sv:96$47 ($add).
Removed top 31 bits (of 32) from port B of cell minirv_edge_controller.$add$/root/chiploop-backend/backend/workflows/b0d5d878-2439-4037-8b8d-844b7f66f3cc/fpga/src/rtl/review_input.sv:97$48 ($add).
Removed top 24 bits (of 32) from port Y of cell minirv_edge_controller.$add$/root/chiploop-backend/backend/workflows/b0d5d878-2439-4037-8b8d-844b7f66f3cc/fpga/src/rtl/review_input.sv:97$48 ($add).
Removed top 31 bits (of 32) from port B of cell minirv_edge_controller.$add$/root/chiploop-backend/backend/workflows/b0d5d878-2439-4037-8b8d-844b7f66f3cc/fpga/src/rtl/review_input.sv:106$59 ($add).
Removed top 16 bits (of 32) from port Y of cell minirv_edge_controller.$add$/root/chiploop-backend/backend/workflows/b0d5d878-2439-4037-8b8d-844b7f66f3cc/fpga/src/rtl/review_input.sv:106$59 ($add).
Removed top 3 bits (of 10) from port B of cell minirv_edge_controller.$eq$/root/chiploop-backend/backend/workflows/b0d5d878-2439-4037-8b8d-844b7f66f3cc/fpga/src/rtl/review_input.sv:110$63 ($eq).
Removed top 31 bits (of 32) from port B of cell minirv_edge_controller.$sub$/root/chiploop-backend/backend/workflows/b0d5d878-2439-4037-8b8d-844b7f66f3cc/fpga/src/rtl/review_input.sv:118$67 ($sub).
Removed top 28 bits (of 32) from port Y of cell minirv_edge_controller.$sub$/root/chiploop-backend/backend/workflows/b0d5d878-2439-4037-8b8d-844b7f66f3cc/fpga/src/rtl/review_input.sv:118$67 ($sub).
Removed top 31 bits (of 32) from port B of cell minirv_edge_controller.$add$/root/chiploop-backend/backend/workflows/b0d5d878-2439-4037-8b8d-844b7f66f3cc/fpga/src/rtl/review_input.sv:121$68 ($add).
Removed top 22 bits (of 32) from port Y of cell minirv_edge_controller.$add$/root/chiploop-backend/backend/workflows/b0d5d878-2439-4037-8b8d-844b7f66f3cc/fpga/src/rtl/review_input.sv:121$68 ($add).
Removed top 7 bits (of 32) from port B of cell minirv_edge_controller.$add$/root/chiploop-backend/backend/workflows/b0d5d878-2439-4037-8b8d-844b7f66f3cc/fpga/src/rtl/review_input.sv:124$70 ($add).
Removed top 1 bits (of 4) from port B of cell minirv_edge_controller.$procmux$353_CMP0 ($eq).
Removed top 1 bits (of 4) from port B of cell minirv_edge_controller.$procmux$354_CMP0 ($eq).
Removed top 1 bits (of 4) from port B of cell minirv_edge_controller.$procmux$355_CMP0 ($eq).
Removed top 1 bits (of 4) from port B of cell minirv_edge_controller.$procmux$356_CMP0 ($eq).
Removed top 2 bits (of 4) from port B of cell minirv_edge_controller.$procmux$357_CMP0 ($eq).
Removed top 2 bits (of 4) from port B of cell minirv_edge_controller.$procmux$358_CMP0 ($eq).
Removed top 3 bits (of 4) from port B of cell minirv_edge_controller.$procmux$359_CMP0 ($eq).
Removed top 1 bits (of 4) from port B of cell minirv_edge_controller.$procmux$370_CMP0 ($eq).
Removed top 1 bits (of 4) from port B of cell minirv_edge_controller.$procmux$371_CMP0 ($eq).
Removed top 1 bits (of 4) from port B of cell minirv_edge_controller.$procmux$372_CMP0 ($eq).
Removed top 1 bits (of 4) from port B of cell minirv_edge_controller.$procmux$373_CMP0 ($eq).
Removed top 2 bits (of 4) from port B of cell minirv_edge_controller.$procmux$374_CMP0 ($eq).
Removed top 2 bits (of 4) from port B of cell minirv_edge_controller.$procmux$375_CMP0 ($eq).
Removed top 3 bits (of 4) from port B of cell minirv_edge_controller.$procmux$376_CMP0 ($eq).
Removed top 1 bits (of 4) from port B of cell minirv_edge_controller.$procmux$473_CMP0 ($eq).
Removed top 1 bits (of 4) from port B of cell minirv_edge_controller.$procmux$487_CMP0 ($eq).
Removed top 1 bits (of 4) from port B of cell minirv_edge_controller.$procmux$502_CMP0 ($eq).
Removed top 1 bits (of 4) from port B of cell minirv_edge_controller.$procmux$518_CMP0 ($eq).
Removed top 2 bits (of 4) from port B of cell minirv_edge_controller.$procmux$535_CMP0 ($eq).
Removed top 2 bits (of 4) from port B of cell minirv_edge_controller.$procmux$553_CMP0 ($eq).
Removed top 3 bits (of 4) from port B of cell minirv_edge_controller.$procmux$572_CMP0 ($eq).
Removed top 1 bits (of 2) from port B of cell minirv_edge_controller.$procmux$610_CMP0 ($eq).
Removed top 1 bits (of 10) from mux cell minirv_edge_controller.$procmux$623 ($mux).
Removed top 2 bits (of 6) from port B of cell minirv_edge_controller.$procmux$646_CMP0 ($eq).
Removed top 1 bits (of 3) from port B of cell minirv_edge_controller.$auto$opt_dff.cc:195:make_patterns_logic$723 ($ne).
Removed top 2 bits (of 6) from port B of cell minirv_edge_controller.$procmux$647_CMP0 ($eq).
Removed top 2 bits (of 6) from port B of cell minirv_edge_controller.$procmux$648_CMP0 ($eq).
Removed top 2 bits (of 6) from port B of cell minirv_edge_controller.$procmux$649_CMP0 ($eq).
Removed top 2 bits (of 6) from port B of cell minirv_edge_controller.$procmux$650_CMP0 ($eq).
Removed top 2 bits (of 6) from port B of cell minirv_edge_controller.$procmux$651_CMP0 ($eq).
Removed top 2 bits (of 6) from port B of cell minirv_edge_controller.$procmux$652_CMP0 ($eq).
Removed top 2 bits (of 6) from port B of cell minirv_edge_controller.$procmux$653_CMP0 ($eq).
Removed top 3 bits (of 6) from port B of cell minirv_edge_controller.$procmux$654_CMP0 ($eq).
Removed top 3 bits (of 6) from port B of cell minirv_edge_controller.$procmux$655_CMP0 ($eq).
Removed top 3 bits (of 6) from port B of cell minirv_edge_controller.$procmux$656_CMP0 ($eq).
Removed top 3 bits (of 6) from port B of cell minirv_edge_controller.$procmux$657_CMP0 ($eq).
Removed top 4 bits (of 6) from port B of cell minirv_edge_controller.$procmux$658_CMP0 ($eq).
Removed top 4 bits (of 6) from port B of cell minirv_edge_controller.$procmux$659_CMP0 ($eq).
Removed top 5 bits (of 6) from port B of cell minirv_edge_controller.$procmux$660_CMP0 ($eq).
Removed top 16 bits (of 32) from wire minirv_edge_controller.$add$/root/chiploop-backend/backend/workflows/b0d5d878-2439-4037-8b8d-844b7f66f3cc/fpga/src/rtl/review_input.sv:106$59_Y.
Removed top 22 bits (of 32) from wire minirv_edge_controller.$add$/root/chiploop-backend/backend/workflows/b0d5d878-2439-4037-8b8d-844b7f66f3cc/fpga/src/rtl/review_input.sv:121$68_Y.
Removed top 31 bits (of 32) from wire minirv_edge_controller.$lt$/root/chiploop-backend/backend/workflows/b0d5d878-2439-4037-8b8d-844b7f66f3cc/fpga/src/rtl/review_input.sv:50$23_Y.
Removed top 1 bits (of 10) from wire minirv_edge_controller.$procmux$623_Y.

3.14. Executing PEEPOPT pass (run peephole optimizers).

3.15. Executing OPT_CLEAN pass (remove unused cells and wires).
Finding unused cells or wires in module \minirv_edge_controller..
Finding unused cells or wires in module \minirv_edge_controller_spi_fpga_top..
Removed 0 unused cells and 6 unused wires.
<suppressed ~1 debug messages>

3.16. Executing SHARE pass (SAT-based resource sharing).
Found 4 cells in module minirv_edge_controller that may be considered for resource sharing.
  Analyzing resource sharing options for $sshr$/root/chiploop-backend/backend/workflows/b0d5d878-2439-4037-8b8d-844b7f66f3cc/fpga/src/rtl/review_input.sv:49$22 ($sshr):
    Found 1 activation_patterns using ctrl signal $procmux$654_CMP.
    No candidates found.
  Analyzing resource sharing options for $shr$/root/chiploop-backend/backend/workflows/b0d5d878-2439-4037-8b8d-844b7f66f3cc/fpga/src/rtl/review_input.sv:48$21 ($shr):
    Found 1 activation_patterns using ctrl signal $procmux$655_CMP.
    No candidates found.
  Analyzing resource sharing options for $shr$/root/chiploop-backend/backend/workflows/b0d5d878-2439-4037-8b8d-844b7f66f3cc/fpga/src/rtl/review_input.sv:36$8 ($shr):
    Found 1 activation_patterns using ctrl signal $procmux$651_CMP.
    No candidates found.
  Analyzing resource sharing options for $shl$/root/chiploop-backend/backend/workflows/b0d5d878-2439-4037-8b8d-844b7f66f3cc/fpga/src/rtl/review_input.sv:36$6 ($shl):
    Found 2 activation_patterns using ctrl signal { $procmux$656_CMP $procmux$651_CMP }.
    No candidates found.

3.17. Executing TECHMAP pass (map to technology primitives).

3.17.1. Executing Verilog-2005 frontend: /usr/bin/../share/yosys/cmp2lut.v
Parsing Verilog input from `/usr/bin/../share/yosys/cmp2lut.v' to AST representation.
Generating RTLIL representation for module `\_90_lut_cmp_'.
Successfully finished Verilog frontend.

3.17.2. Continuing TECHMAP pass.
No more expansions possible.
<suppressed ~114 debug messages>

3.18. Executing OPT_EXPR pass (perform const folding).
Optimizing module minirv_edge_controller.
Optimizing module minirv_edge_controller_spi_fpga_top.

3.19. Executing OPT_CLEAN pass (remove unused cells and wires).
Finding unused cells or wires in module \minirv_edge_controller..
Finding unused cells or wires in module \minirv_edge_controller_spi_fpga_top..

3.20. Executing TECHMAP pass (map to technology primitives).

3.20.1. Executing Verilog-2005 frontend: /usr/bin/../share/yosys/mul2dsp.v
Parsing Verilog input from `/usr/bin/../share/yosys/mul2dsp.v' to AST representation.
Generating RTLIL representation for module `\_80_mul'.
Generating RTLIL representation for module `\_90_soft_mul'.
Successfully finished Verilog frontend.

3.20.2. Executing Verilog-2005 frontend: /usr/bin/../share/yosys/ecp5/dsp_map.v
Parsing Verilog input from `/usr/bin/../share/yosys/ecp5/dsp_map.v' to AST representation.
Generating RTLIL representation for module `\$__MUL18X18'.
Successfully finished Verilog frontend.

3.20.3. Continuing TECHMAP pass.
Using template $paramod$550e203a952dbffa6a242dc3ff52d918f7107edc\_80_mul for cells of type $mul.
Using template $paramod$20c936a0792f4d1374c5655c28d1183b326ddc16\_80_mul for cells of type $__mul.
Using template $paramod$53619bec844f404c540ad98bff25578b57460b55\_80_mul for cells of type $__mul.
Using template $paramod$dea5bd344db76a97cfc2d2ce1e3c016835e6674d\_80_mul for cells of type $__mul.
Using template $paramod$ba1b36458f074a6329f9cad9c8b71be8774bccea\_80_mul for cells of type $__mul.
Using template $paramod$2b87aee4ebaafa612245fc7fd7616dd6042fdae6\_80_mul for cells of type $__mul.
Using template $paramod$6b575be7a871ec606b9b0767ebd93c7f3c2d2c79\_80_mul for cells of type $__mul.
Using template $paramod$0f39d5e20cee34915c8863533896bdd8be1ea29e\$__MUL18X18 for cells of type $__MUL18X18.
Using template $paramod$e5ade21dea2c4d51df0cdca72b2a93a08fd8e7d1\$__MUL18X18 for cells of type $__MUL18X18.
Using template $paramod$8966f1902fe419d84ad9f3abc17827c8390a13bf\$__MUL18X18 for cells of type $__MUL18X18.
No more expansions possible.
<suppressed ~651 debug messages>

3.21. Executing ALUMACC pass (create $alu and $macc cells).
Extracting $alu and $macc cells in module minirv_edge_controller:
  creating $macc model for $techmap$mul$/root/chiploop-backend/backend/workflows/b0d5d878-2439-4037-8b8d-844b7f66f3cc/fpga/src/rtl/review_input.sv:37$10.genblk1.genblk1.genblk1.genblk1.genblk1.sliceA[0].mul.$add$/usr/bin/../share/yosys/mul2dsp.v:230$809 ($add).
  creating $macc model for $techmap$mul$/root/chiploop-backend/backend/workflows/b0d5d878-2439-4037-8b8d-844b7f66f3cc/fpga/src/rtl/review_input.sv:37$10.genblk1.genblk1.genblk1.genblk1.genblk1.sliceA.last.$add$/usr/bin/../share/yosys/mul2dsp.v:230$806 ($add).
  creating $macc model for $techmap$mul$/root/chiploop-backend/backend/workflows/b0d5d878-2439-4037-8b8d-844b7f66f3cc/fpga/src/rtl/review_input.sv:37$10.$add$/usr/bin/../share/yosys/mul2dsp.v:173$803 ($add).
  creating $macc model for $add$/root/chiploop-backend/backend/workflows/b0d5d878-2439-4037-8b8d-844b7f66f3cc/fpga/src/rtl/review_input.sv:105$58 ($add).
  creating $macc model for $add$/root/chiploop-backend/backend/workflows/b0d5d878-2439-4037-8b8d-844b7f66f3cc/fpga/src/rtl/review_input.sv:106$59 ($add).
  creating $macc model for $add$/root/chiploop-backend/backend/workflows/b0d5d878-2439-4037-8b8d-844b7f66f3cc/fpga/src/rtl/review_input.sv:121$68 ($add).
  creating $macc model for $add$/root/chiploop-backend/backend/workflows/b0d5d878-2439-4037-8b8d-844b7f66f3cc/fpga/src/rtl/review_input.sv:124$70 ($add).
  creating $macc model for $add$/root/chiploop-backend/backend/workflows/b0d5d878-2439-4037-8b8d-844b7f66f3cc/fpga/src/rtl/review_input.sv:42$15 ($add).
  creating $macc model for $add$/root/chiploop-backend/backend/workflows/b0d5d878-2439-4037-8b8d-844b7f66f3cc/fpga/src/rtl/review_input.sv:57$25 ($add).
  creating $macc model for $add$/root/chiploop-backend/backend/workflows/b0d5d878-2439-4037-8b8d-844b7f66f3cc/fpga/src/rtl/review_input.sv:91$42 ($add).
  creating $macc model for $add$/root/chiploop-backend/backend/workflows/b0d5d878-2439-4037-8b8d-844b7f66f3cc/fpga/src/rtl/review_input.sv:92$43 ($add).
  creating $macc model for $add$/root/chiploop-backend/backend/workflows/b0d5d878-2439-4037-8b8d-844b7f66f3cc/fpga/src/rtl/review_input.sv:92$44 ($add).
  creating $macc model for $add$/root/chiploop-backend/backend/workflows/b0d5d878-2439-4037-8b8d-844b7f66f3cc/fpga/src/rtl/review_input.sv:94$46 ($add).
  creating $macc model for $add$/root/chiploop-backend/backend/workflows/b0d5d878-2439-4037-8b8d-844b7f66f3cc/fpga/src/rtl/review_input.sv:96$47 ($add).
  creating $macc model for $add$/root/chiploop-backend/backend/workflows/b0d5d878-2439-4037-8b8d-844b7f66f3cc/fpga/src/rtl/review_input.sv:97$48 ($add).
  creating $macc model for $sub$/root/chiploop-backend/backend/workflows/b0d5d878-2439-4037-8b8d-844b7f66f3cc/fpga/src/rtl/review_input.sv:118$67 ($sub).
  creating $macc model for $sub$/root/chiploop-backend/backend/workflows/b0d5d878-2439-4037-8b8d-844b7f66f3cc/fpga/src/rtl/review_input.sv:36$7 ($sub).
  creating $macc model for $sub$/root/chiploop-backend/backend/workflows/b0d5d878-2439-4037-8b8d-844b7f66f3cc/fpga/src/rtl/review_input.sv:43$16 ($sub).
  merging $macc model for $add$/root/chiploop-backend/backend/workflows/b0d5d878-2439-4037-8b8d-844b7f66f3cc/fpga/src/rtl/review_input.sv:92$43 into $add$/root/chiploop-backend/backend/workflows/b0d5d878-2439-4037-8b8d-844b7f66f3cc/fpga/src/rtl/review_input.sv:92$44.
  creating $alu model for $macc $sub$/root/chiploop-backend/backend/workflows/b0d5d878-2439-4037-8b8d-844b7f66f3cc/fpga/src/rtl/review_input.sv:36$7.
  creating $alu model for $macc $sub$/root/chiploop-backend/backend/workflows/b0d5d878-2439-4037-8b8d-844b7f66f3cc/fpga/src/rtl/review_input.sv:118$67.
  creating $alu model for $macc $add$/root/chiploop-backend/backend/workflows/b0d5d878-2439-4037-8b8d-844b7f66f3cc/fpga/src/rtl/review_input.sv:97$48.
  creating $alu model for $macc $add$/root/chiploop-backend/backend/workflows/b0d5d878-2439-4037-8b8d-844b7f66f3cc/fpga/src/rtl/review_input.sv:96$47.
  creating $alu model for $macc $add$/root/chiploop-backend/backend/workflows/b0d5d878-2439-4037-8b8d-844b7f66f3cc/fpga/src/rtl/review_input.sv:94$46.
  creating $alu model for $macc $sub$/root/chiploop-backend/backend/workflows/b0d5d878-2439-4037-8b8d-844b7f66f3cc/fpga/src/rtl/review_input.sv:43$16.
  creating $alu model for $macc $add$/root/chiploop-backend/backend/workflows/b0d5d878-2439-4037-8b8d-844b7f66f3cc/fpga/src/rtl/review_input.sv:91$42.
  creating $alu model for $macc $add$/root/chiploop-backend/backend/workflows/b0d5d878-2439-4037-8b8d-844b7f66f3cc/fpga/src/rtl/review_input.sv:57$25.
  creating $alu model for $macc $add$/root/chiploop-backend/backend/workflows/b0d5d878-2439-4037-8b8d-844b7f66f3cc/fpga/src/rtl/review_input.sv:42$15.
  creating $alu model for $macc $add$/root/chiploop-backend/backend/workflows/b0d5d878-2439-4037-8b8d-844b7f66f3cc/fpga/src/rtl/review_input.sv:124$70.
  creating $alu model for $macc $add$/root/chiploop-backend/backend/workflows/b0d5d878-2439-4037-8b8d-844b7f66f3cc/fpga/src/rtl/review_input.sv:121$68.
  creating $alu model for $macc $add$/root/chiploop-backend/backend/workflows/b0d5d878-2439-4037-8b8d-844b7f66f3cc/fpga/src/rtl/review_input.sv:106$59.
  creating $alu model for $macc $add$/root/chiploop-backend/backend/workflows/b0d5d878-2439-4037-8b8d-844b7f66f3cc/fpga/src/rtl/review_input.sv:105$58.
  creating $alu model for $macc $techmap$mul$/root/chiploop-backend/backend/workflows/b0d5d878-2439-4037-8b8d-844b7f66f3cc/fpga/src/rtl/review_input.sv:37$10.$add$/usr/bin/../share/yosys/mul2dsp.v:173$803.
  creating $alu model for $macc $techmap$mul$/root/chiploop-backend/backend/workflows/b0d5d878-2439-4037-8b8d-844b7f66f3cc/fpga/src/rtl/review_input.sv:37$10.genblk1.genblk1.genblk1.genblk1.genblk1.sliceA.last.$add$/usr/bin/../share/yosys/mul2dsp.v:230$806.
  creating $alu model for $macc $techmap$mul$/root/chiploop-backend/backend/workflows/b0d5d878-2439-4037-8b8d-844b7f66f3cc/fpga/src/rtl/review_input.sv:37$10.genblk1.genblk1.genblk1.genblk1.genblk1.sliceA[0].mul.$add$/usr/bin/../share/yosys/mul2dsp.v:230$809.
  creating $macc cell for $add$/root/chiploop-backend/backend/workflows/b0d5d878-2439-4037-8b8d-844b7f66f3cc/fpga/src/rtl/review_input.sv:92$44: $auto$alumacc.cc:365:replace_macc$818
  creating $alu model for $gt$/root/chiploop-backend/backend/workflows/b0d5d878-2439-4037-8b8d-844b7f66f3cc/fpga/src/rtl/review_input.sv:109$61 ($gt): new $alu
  creating $alu model for $lt$/root/chiploop-backend/backend/workflows/b0d5d878-2439-4037-8b8d-844b7f66f3cc/fpga/src/rtl/review_input.sv:100$51 ($lt): new $alu
  creating $alu model for $lt$/root/chiploop-backend/backend/workflows/b0d5d878-2439-4037-8b8d-844b7f66f3cc/fpga/src/rtl/review_input.sv:101$52 ($lt): new $alu
  creating $alu model for $lt$/root/chiploop-backend/backend/workflows/b0d5d878-2439-4037-8b8d-844b7f66f3cc/fpga/src/rtl/review_input.sv:50$23 ($lt): new $alu
  creating $alu model for $lt$/root/chiploop-backend/backend/workflows/b0d5d878-2439-4037-8b8d-844b7f66f3cc/fpga/src/rtl/review_input.sv:51$24 ($lt): new $alu
  creating $alu model for $lt$/root/chiploop-backend/backend/workflows/b0d5d878-2439-4037-8b8d-844b7f66f3cc/fpga/src/rtl/review_input.sv:98$49 ($lt): new $alu
  creating $alu model for $lt$/root/chiploop-backend/backend/workflows/b0d5d878-2439-4037-8b8d-844b7f66f3cc/fpga/src/rtl/review_input.sv:99$50 ($lt): new $alu
  creating $alu cell for $lt$/root/chiploop-backend/backend/workflows/b0d5d878-2439-4037-8b8d-844b7f66f3cc/fpga/src/rtl/review_input.sv:99$50: $auto$alumacc.cc:485:replace_alu$826
  creating $alu cell for $lt$/root/chiploop-backend/backend/workflows/b0d5d878-2439-4037-8b8d-844b7f66f3cc/fpga/src/rtl/review_input.sv:98$49: $auto$alumacc.cc:485:replace_alu$837
  creating $alu cell for $lt$/root/chiploop-backend/backend/workflows/b0d5d878-2439-4037-8b8d-844b7f66f3cc/fpga/src/rtl/review_input.sv:101$52: $auto$alumacc.cc:485:replace_alu$848
  creating $alu cell for $lt$/root/chiploop-backend/backend/workflows/b0d5d878-2439-4037-8b8d-844b7f66f3cc/fpga/src/rtl/review_input.sv:100$51: $auto$alumacc.cc:485:replace_alu$859
  creating $alu cell for $gt$/root/chiploop-backend/backend/workflows/b0d5d878-2439-4037-8b8d-844b7f66f3cc/fpga/src/rtl/review_input.sv:109$61: $auto$alumacc.cc:485:replace_alu$870
  creating $alu cell for $techmap$mul$/root/chiploop-backend/backend/workflows/b0d5d878-2439-4037-8b8d-844b7f66f3cc/fpga/src/rtl/review_input.sv:37$10.genblk1.genblk1.genblk1.genblk1.genblk1.sliceA[0].mul.$add$/usr/bin/../share/yosys/mul2dsp.v:230$809: $auto$alumacc.cc:485:replace_alu$881
  creating $alu cell for $techmap$mul$/root/chiploop-backend/backend/workflows/b0d5d878-2439-4037-8b8d-844b7f66f3cc/fpga/src/rtl/review_input.sv:37$10.genblk1.genblk1.genblk1.genblk1.genblk1.sliceA.last.$add$/usr/bin/../share/yosys/mul2dsp.v:230$806: $auto$alumacc.cc:485:replace_alu$884
  creating $alu cell for $techmap$mul$/root/chiploop-backend/backend/workflows/b0d5d878-2439-4037-8b8d-844b7f66f3cc/fpga/src/rtl/review_input.sv:37$10.$add$/usr/bin/../share/yosys/mul2dsp.v:173$803: $auto$alumacc.cc:485:replace_alu$887
  creating $alu cell for $add$/root/chiploop-backend/backend/workflows/b0d5d878-2439-4037-8b8d-844b7f66f3cc/fpga/src/rtl/review_input.sv:105$58: $auto$alumacc.cc:485:replace_alu$890
  creating $alu cell for $add$/root/chiploop-backend/backend/workflows/b0d5d878-2439-4037-8b8d-844b7f66f3cc/fpga/src/rtl/review_input.sv:106$59: $auto$alumacc.cc:485:replace_alu$893
  creating $alu cell for $add$/root/chiploop-backend/backend/workflows/b0d5d878-2439-4037-8b8d-844b7f66f3cc/fpga/src/rtl/review_input.sv:121$68: $auto$alumacc.cc:485:replace_alu$896
  creating $alu cell for $add$/root/chiploop-backend/backend/workflows/b0d5d878-2439-4037-8b8d-844b7f66f3cc/fpga/src/rtl/review_input.sv:124$70: $auto$alumacc.cc:485:replace_alu$899
  creating $alu cell for $lt$/root/chiploop-backend/backend/workflows/b0d5d878-2439-4037-8b8d-844b7f66f3cc/fpga/src/rtl/review_input.sv:51$24: $auto$alumacc.cc:485:replace_alu$902
  creating $alu cell for $lt$/root/chiploop-backend/backend/workflows/b0d5d878-2439-4037-8b8d-844b7f66f3cc/fpga/src/rtl/review_input.sv:50$23: $auto$alumacc.cc:485:replace_alu$913
  creating $alu cell for $add$/root/chiploop-backend/backend/workflows/b0d5d878-2439-4037-8b8d-844b7f66f3cc/fpga/src/rtl/review_input.sv:42$15: $auto$alumacc.cc:485:replace_alu$926
  creating $alu cell for $add$/root/chiploop-backend/backend/workflows/b0d5d878-2439-4037-8b8d-844b7f66f3cc/fpga/src/rtl/review_input.sv:57$25: $auto$alumacc.cc:485:replace_alu$929
  creating $alu cell for $add$/root/chiploop-backend/backend/workflows/b0d5d878-2439-4037-8b8d-844b7f66f3cc/fpga/src/rtl/review_input.sv:91$42: $auto$alumacc.cc:485:replace_alu$932
  creating $alu cell for $sub$/root/chiploop-backend/backend/workflows/b0d5d878-2439-4037-8b8d-844b7f66f3cc/fpga/src/rtl/review_input.sv:43$16: $auto$alumacc.cc:485:replace_alu$935
  creating $alu cell for $add$/root/chiploop-backend/backend/workflows/b0d5d878-2439-4037-8b8d-844b7f66f3cc/fpga/src/rtl/review_input.sv:94$46: $auto$alumacc.cc:485:replace_alu$938
  creating $alu cell for $add$/root/chiploop-backend/backend/workflows/b0d5d878-2439-4037-8b8d-844b7f66f3cc/fpga/src/rtl/review_input.sv:96$47: $auto$alumacc.cc:485:replace_alu$941
  creating $alu cell for $add$/root/chiploop-backend/backend/workflows/b0d5d878-2439-4037-8b8d-844b7f66f3cc/fpga/src/rtl/review_input.sv:97$48: $auto$alumacc.cc:485:replace_alu$944
  creating $alu cell for $sub$/root/chiploop-backend/backend/workflows/b0d5d878-2439-4037-8b8d-844b7f66f3cc/fpga/src/rtl/review_input.sv:118$67: $auto$alumacc.cc:485:replace_alu$947
  creating $alu cell for $sub$/root/chiploop-backend/backend/workflows/b0d5d878-2439-4037-8b8d-844b7f66f3cc/fpga/src/rtl/review_input.sv:36$7: $auto$alumacc.cc:485:replace_alu$950
  created 23 $alu and 1 $macc cells.
Extracting $alu and $macc cells in module minirv_edge_controller_spi_fpga_top:
  created 0 $alu and 0 $macc cells.

3.22. Executing OPT pass (performing simple optimizations).

3.22.1. Executing OPT_EXPR pass (perform const folding).
Optimizing module minirv_edge_controller.
Optimizing module minirv_edge_controller_spi_fpga_top.

3.22.2. Executing OPT_MERGE pass (detect identical cells).
Finding identical cells in module `\minirv_edge_controller'.
Finding identical cells in module `\minirv_edge_controller_spi_fpga_top'.
Removed a total of 0 cells.

3.22.3. Executing OPT_MUXTREE pass (detect dead branches in mux trees).
Running muxtree optimizer on module \minirv_edge_controller..
  Creating internal representation of mux trees.
  Evaluating internal representation of mux trees.
  Analyzing evaluation results.
Running muxtree optimizer on module \minirv_edge_controller_spi_fpga_top..
  Creating internal representation of mux trees.
  Evaluating internal representation of mux trees.
  Analyzing evaluation results.
Removed 0 multiplexer ports.
<suppressed ~11 debug messages>

3.22.4. Executing OPT_REDUCE pass (consolidate $*mux and $reduce_* inputs).
  Optimizing cells in module \minirv_edge_controller.
  Optimizing cells in module \minirv_edge_controller_spi_fpga_top.
Performed a total of 0 changes.

3.22.5. Executing OPT_MERGE pass (detect identical cells).
Finding identical cells in module `\minirv_edge_controller'.
Finding identical cells in module `\minirv_edge_controller_spi_fpga_top'.
Removed a total of 0 cells.

3.22.6. Executing OPT_DFF pass (perform DFF optimizations).
Setting constant 1-bit at position 9 on $auto$ff.cc:266:slice$783 ($adffe) from module minirv_edge_controller.

3.22.7. Executing OPT_CLEAN pass (remove unused cells and wires).
Finding unused cells or wires in module \minirv_edge_controller..
Finding unused cells or wires in module \minirv_edge_controller_spi_fpga_top..
Removed 1 unused cells and 59 unused wires.
<suppressed ~2 debug messages>

3.22.8. Executing OPT_EXPR pass (perform const folding).
Optimizing module minirv_edge_controller.
Optimizing module minirv_edge_controller_spi_fpga_top.

3.22.9. Rerunning OPT passes. (Maybe there is more to do..)

3.22.10. Executing OPT_MUXTREE pass (detect dead branches in mux trees).
Running muxtree optimizer on module \minirv_edge_controller..
  Creating internal representation of mux trees.
  Evaluating internal representation of mux trees.
  Analyzing evaluation results.
Running muxtree optimizer on module \minirv_edge_controller_spi_fpga_top..
  Creating internal representation of mux trees.
  Evaluating internal representation of mux trees.
  Analyzing evaluation results.
Removed 0 multiplexer ports.
<suppressed ~11 debug messages>

3.22.11. Executing OPT_REDUCE pass (consolidate $*mux and $reduce_* inputs).
  Optimizing cells in module \minirv_edge_controller.
  Optimizing cells in module \minirv_edge_controller_spi_fpga_top.
Performed a total of 0 changes.

3.22.12. Executing OPT_MERGE pass (detect identical cells).
Finding identical cells in module `\minirv_edge_controller'.
Finding identical cells in module `\minirv_edge_controller_spi_fpga_top'.
Removed a total of 0 cells.

3.22.13. Executing OPT_DFF pass (perform DFF optimizations).

3.22.14. Executing OPT_CLEAN pass (remove unused cells and wires).
Finding unused cells or wires in module \minirv_edge_controller..
Finding unused cells or wires in module \minirv_edge_controller_spi_fpga_top..

3.22.15. Executing OPT_EXPR pass (perform const folding).
Optimizing module minirv_edge_controller.
Optimizing module minirv_edge_controller_spi_fpga_top.

3.22.16. Finished OPT passes. (There is nothing left to do.)

3.23. Executing MEMORY pass.

3.23.1. Executing OPT_MEM pass (optimize memories).
Performed a total of 0 transformations.

3.23.2. Executing OPT_MEM_PRIORITY pass (removing unnecessary memory write priority relations).
Performed a total of 0 transformations.

3.23.3. Executing OPT_MEM_FEEDBACK pass (finding memory read-to-write feedback paths).

3.23.4. Executing MEMORY_BMUX2ROM pass (converting muxes to ROMs).

3.23.5. Executing MEMORY_DFF pass (merging $dff cells to $memrd).

3.23.6. Executing OPT_CLEAN pass (remove unused cells and wires).
Finding unused cells or wires in module \minirv_edge_controller..
Finding unused cells or wires in module \minirv_edge_controller_spi_fpga_top..

3.23.7. Executing MEMORY_SHARE pass (consolidating $memrd/$memwr cells).

3.23.8. Executing OPT_MEM_WIDEN pass (optimize memories where all ports are wide).
Performed a total of 0 transformations.

3.23.9. Executing OPT_CLEAN pass (remove unused cells and wires).
Finding unused cells or wires in module \minirv_edge_controller..
Finding unused cells or wires in module \minirv_edge_controller_spi_fpga_top..

3.23.10. Executing MEMORY_COLLECT pass (generating $mem cells).

3.24. Executing OPT_CLEAN pass (remove unused cells and wires).
Finding unused cells or wires in module \minirv_edge_controller..
Finding unused cells or wires in module \minirv_edge_controller_spi_fpga_top..

3.25. Executing MEMORY_LIBMAP pass (mapping memories to cells).

3.26. Executing TECHMAP pass (map to technology primitives).

3.26.1. Executing Verilog-2005 frontend: /usr/bin/../share/yosys/ecp5/lutrams_map.v
Parsing Verilog input from `/usr/bin/../share/yosys/ecp5/lutrams_map.v' to AST representation.
Generating RTLIL representation for module `\$__TRELLIS_DPR16X4_'.
Successfully finished Verilog frontend.

3.26.2. Executing Verilog-2005 frontend: /usr/bin/../share/yosys/ecp5/brams_map.v
Parsing Verilog input from `/usr/bin/../share/yosys/ecp5/brams_map.v' to AST representation.
Generating RTLIL representation for module `\$__ECP5_DP16KD_'.
Generating RTLIL representation for module `\$__ECP5_PDPW16KD_'.
Successfully finished Verilog frontend.

3.26.3. Continuing TECHMAP pass.
No more expansions possible.
<suppressed ~5 debug messages>

3.27. Executing OPT pass (performing simple optimizations).

3.27.1. Executing OPT_EXPR pass (perform const folding).
Optimizing module minirv_edge_controller.
<suppressed ~17 debug messages>
Optimizing module minirv_edge_controller_spi_fpga_top.

3.27.2. Executing OPT_MERGE pass (detect identical cells).
Finding identical cells in module `\minirv_edge_controller'.
Finding identical cells in module `\minirv_edge_controller_spi_fpga_top'.
Removed a total of 0 cells.

3.27.3. Executing OPT_DFF pass (perform DFF optimizations).

3.27.4. Executing OPT_CLEAN pass (remove unused cells and wires).
Finding unused cells or wires in module \minirv_edge_controller..
Finding unused cells or wires in module \minirv_edge_controller_spi_fpga_top..
Removed 2 unused cells and 13 unused wires.
<suppressed ~3 debug messages>

3.27.5. Finished fast OPT passes.

3.28. Executing MEMORY_MAP pass (converting memories to logic and flip-flops).

3.29. Executing OPT pass (performing simple optimizations).

3.29.1. Executing OPT_EXPR pass (perform const folding).
Optimizing module minirv_edge_controller.
Optimizing module minirv_edge_controller_spi_fpga_top.

3.29.2. Executing OPT_MERGE pass (detect identical cells).
Finding identical cells in module `\minirv_edge_controller'.
Finding identical cells in module `\minirv_edge_controller_spi_fpga_top'.
Removed a total of 0 cells.

3.29.3. Executing OPT_MUXTREE pass (detect dead branches in mux trees).
Running muxtree optimizer on module \minirv_edge_controller..
  Creating internal representation of mux trees.
  Evaluating internal representation of mux trees.
  Analyzing evaluation results.
Running muxtree optimizer on module \minirv_edge_controller_spi_fpga_top..
  Creating internal representation of mux trees.
  Evaluating internal representation of mux trees.
  Analyzing evaluation results.
Removed 0 multiplexer ports.
<suppressed ~11 debug messages>

3.29.4. Executing OPT_REDUCE pass (consolidate $*mux and $reduce_* inputs).
  Optimizing cells in module \minirv_edge_controller.
  Optimizing cells in module \minirv_edge_controller_spi_fpga_top.
    Consolidated identical input bits for $mux cell $procmux$338:
      Old ports: A={ \tx_snapshot [36:0] 1'0 }, B={ \tx_shift [36:0] 1'0 }, Y=$procmux$338_Y
      New ports: A=\tx_snapshot [36:0], B=\tx_shift [36:0], Y=$procmux$338_Y [37:1]
      New connections: $procmux$338_Y [0] = 1'0
  Optimizing cells in module \minirv_edge_controller_spi_fpga_top.
Performed a total of 1 changes.

3.29.5. Executing OPT_MERGE pass (detect identical cells).
Finding identical cells in module `\minirv_edge_controller'.
Finding identical cells in module `\minirv_edge_controller_spi_fpga_top'.
Removed a total of 0 cells.

3.29.6. Executing OPT_DFF pass (perform DFF optimizations).
Adding EN signal on $procdff$682 ($adff) from module minirv_edge_controller (D = \pc [1:0], Q = \pc [1:0]).
Handling D = Q on $auto$ff.cc:266:slice$1103 ($adffe) from module minirv_edge_controller (removing D path).
Setting constant 0-bit at position 0 on $auto$ff.cc:266:slice$1103 ($dlatch) from module minirv_edge_controller.
Setting constant 0-bit at position 1 on $auto$ff.cc:266:slice$1103 ($dlatch) from module minirv_edge_controller.

3.29.7. Executing OPT_CLEAN pass (remove unused cells and wires).
Finding unused cells or wires in module \minirv_edge_controller..
Finding unused cells or wires in module \minirv_edge_controller_spi_fpga_top..
Removed 1 unused cells and 1 unused wires.
<suppressed ~2 debug messages>

3.29.8. Executing OPT_EXPR pass (perform const folding).
Optimizing module minirv_edge_controller.
Optimizing module minirv_edge_controller_spi_fpga_top.

3.29.9. Rerunning OPT passes. (Maybe there is more to do..)

3.29.10. Executing OPT_MUXTREE pass (detect dead branches in mux trees).
Running muxtree optimizer on module \minirv_edge_controller..
  Creating internal representation of mux trees.
  Evaluating internal representation of mux trees.
  Analyzing evaluation results.
Running muxtree optimizer on module \minirv_edge_controller_spi_fpga_top..
  Creating internal representation of mux trees.
  Evaluating internal representation of mux trees.
  Analyzing evaluation results.
Removed 0 multiplexer ports.
<suppressed ~11 debug messages>

3.29.11. Executing OPT_REDUCE pass (consolidate $*mux and $reduce_* inputs).
  Optimizing cells in module \minirv_edge_controller.
  Optimizing cells in module \minirv_edge_controller_spi_fpga_top.
Performed a total of 0 changes.

3.29.12. Executing OPT_MERGE pass (detect identical cells).
Finding identical cells in module `\minirv_edge_controller'.
Finding identical cells in module `\minirv_edge_controller_spi_fpga_top'.
Removed a total of 0 cells.

3.29.13. Executing OPT_DFF pass (perform DFF optimizations).
Setting constant 0-bit at position 0 on $auto$ff.cc:266:slice$793 ($dffe) from module minirv_edge_controller_spi_fpga_top.

3.29.14. Executing OPT_CLEAN pass (remove unused cells and wires).
Finding unused cells or wires in module \minirv_edge_controller..
Finding unused cells or wires in module \minirv_edge_controller_spi_fpga_top..

3.29.15. Executing OPT_EXPR pass (perform const folding).
Optimizing module minirv_edge_controller.
Optimizing module minirv_edge_controller_spi_fpga_top.

3.29.16. Rerunning OPT passes. (Maybe there is more to do..)

3.29.17. Executing OPT_MUXTREE pass (detect dead branches in mux trees).
Running muxtree optimizer on module \minirv_edge_controller..
  Creating internal representation of mux trees.
  Evaluating internal representation of mux trees.
  Analyzing evaluation results.
Running muxtree optimizer on module \minirv_edge_controller_spi_fpga_top..
  Creating internal representation of mux trees.
  Evaluating internal representation of mux trees.
  Analyzing evaluation results.
Removed 0 multiplexer ports.
<suppressed ~11 debug messages>

3.29.18. Executing OPT_REDUCE pass (consolidate $*mux and $reduce_* inputs).
  Optimizing cells in module \minirv_edge_controller.
  Optimizing cells in module \minirv_edge_controller_spi_fpga_top.
Performed a total of 0 changes.

3.29.19. Executing OPT_MERGE pass (detect identical cells).
Finding identical cells in module `\minirv_edge_controller'.
Finding identical cells in module `\minirv_edge_controller_spi_fpga_top'.
Removed a total of 0 cells.

3.29.20. Executing OPT_DFF pass (perform DFF optimizations).
Adding SRST signal on $auto$ff.cc:266:slice$1107 ($dffe) from module minirv_edge_controller_spi_fpga_top (D = \tx_snapshot [0], Q = \tx_shift [1], rval = 1'0).

3.29.21. Executing OPT_CLEAN pass (remove unused cells and wires).
Finding unused cells or wires in module \minirv_edge_controller..
Finding unused cells or wires in module \minirv_edge_controller_spi_fpga_top..

3.29.22. Executing OPT_EXPR pass (perform const folding).
Optimizing module minirv_edge_controller.
Optimizing module minirv_edge_controller_spi_fpga_top.

3.29.23. Rerunning OPT passes. (Maybe there is more to do..)

3.29.24. Executing OPT_MUXTREE pass (detect dead branches in mux trees).
Running muxtree optimizer on module \minirv_edge_controller..
  Creating internal representation of mux trees.
  Evaluating internal representation of mux trees.
  Analyzing evaluation results.
Running muxtree optimizer on module \minirv_edge_controller_spi_fpga_top..
  Creating internal representation of mux trees.
  Evaluating internal representation of mux trees.
  Analyzing evaluation results.
Removed 0 multiplexer ports.
<suppressed ~11 debug messages>

3.29.25. Executing OPT_REDUCE pass (consolidate $*mux and $reduce_* inputs).
  Optimizing cells in module \minirv_edge_controller.
  Optimizing cells in module \minirv_edge_controller_spi_fpga_top.
Performed a total of 0 changes.

3.29.26. Executing OPT_MERGE pass (detect identical cells).
Finding identical cells in module `\minirv_edge_controller'.
Finding identical cells in module `\minirv_edge_controller_spi_fpga_top'.
Removed a total of 0 cells.

3.29.27. Executing OPT_DFF pass (perform DFF optimizations).

3.29.28. Executing OPT_CLEAN pass (remove unused cells and wires).
Finding unused cells or wires in module \minirv_edge_controller..
Finding unused cells or wires in module \minirv_edge_controller_spi_fpga_top..

3.29.29. Executing OPT_EXPR pass (perform const folding).
Optimizing module minirv_edge_controller.
Optimizing module minirv_edge_controller_spi_fpga_top.

3.29.30. Finished OPT passes. (There is nothing left to do.)

3.30. Executing TECHMAP pass (map to technology primitives).

3.30.1. Executing Verilog-2005 frontend: /usr/bin/../share/yosys/techmap.v
Parsing Verilog input from `/usr/bin/../share/yosys/techmap.v' to AST representation.
Generating RTLIL representation for module `\_90_simplemap_bool_ops'.
Generating RTLIL representation for module `\_90_simplemap_reduce_ops'.
Generating RTLIL representation for module `\_90_simplemap_logic_ops'.
Generating RTLIL representation for module `\_90_simplemap_compare_ops'.
Generating RTLIL representation for module `\_90_simplemap_various'.
Generating RTLIL representation for module `\_90_simplemap_registers'.
Generating RTLIL representation for module `\_90_shift_ops_shr_shl_sshl_sshr'.
Generating RTLIL representation for module `\_90_shift_shiftx'.
Generating RTLIL representation for module `\_90_fa'.
Generating RTLIL representation for module `\_90_lcu'.
Generating RTLIL representation for module `\_90_alu'.
Generating RTLIL representation for module `\_90_macc'.
Generating RTLIL representation for module `\_90_alumacc'.
Generating RTLIL representation for module `\$__div_mod_u'.
Generating RTLIL representation for module `\$__div_mod_trunc'.
Generating RTLIL representation for module `\_90_div'.
Generating RTLIL representation for module `\_90_mod'.
Generating RTLIL representation for module `\$__div_mod_floor'.
Generating RTLIL representation for module `\_90_divfloor'.
Generating RTLIL representation for module `\_90_modfloor'.
Generating RTLIL representation for module `\_90_pow'.
Generating RTLIL representation for module `\_90_pmux'.
Generating RTLIL representation for module `\_90_demux'.
Generating RTLIL representation for module `\_90_lut'.
Successfully finished Verilog frontend.

3.30.2. Executing Verilog-2005 frontend: /usr/bin/../share/yosys/ecp5/arith_map.v
Parsing Verilog input from `/usr/bin/../share/yosys/ecp5/arith_map.v' to AST representation.
Generating RTLIL representation for module `\_80_ecp5_alu'.
Successfully finished Verilog frontend.

3.30.3. Continuing TECHMAP pass.
Using extmapper simplemap for cells of type $logic_not.
Using extmapper simplemap for cells of type $logic_and.
Using extmapper simplemap for cells of type $mux.
Using extmapper simplemap for cells of type $dffe.
Using extmapper simplemap for cells of type $adff.
Using extmapper simplemap for cells of type $adffe.
Using extmapper simplemap for cells of type $sdffce.
Using template $paramod$constmap:4621fcf06a436d1e2a4080e2ed9866a7d07a6e07$paramod$335cfd09f1afa8139c4aafcbbe5f361887b79c5e\_90_shift_ops_shr_shl_sshl_sshr for cells of type $shl.
Using template $paramod$00298f3f8094950cb9a5ff2fda48d0d8bde8806c\_80_ecp5_alu for cells of type $alu.
Using template $paramod$constmap:f99bc636dfa98fa6983e40552c5a4e65ec62ea50$paramod$56955d0f36f77738c952d3505dc563df3ee11b94\_90_shift_ops_shr_shl_sshl_sshr for cells of type $shr.
Using extmapper simplemap for cells of type $or.
Using extmapper simplemap for cells of type $not.
Using extmapper simplemap for cells of type $xor.
Using template $paramod$6df0329addda9228fcc2546de2aaf14ad26c98e1\_80_ecp5_alu for cells of type $alu.
Using template $paramod$7f1d45a92d0221fa6c256845bf4513df30042923\_90_pmux for cells of type $pmux.
Using template $paramod$2bd81f420048247ff6903399c560fe0f8bd48ccc\_80_ecp5_alu for cells of type $alu.
Using extmapper simplemap for cells of type $and.
Using extmapper simplemap for cells of type $ne.
Using template $paramod$constmap:4621fcf06a436d1e2a4080e2ed9866a7d07a6e07$paramod$feecc7a0dbd012970970f2858f15e786e251f677\_90_shift_ops_shr_shl_sshl_sshr for cells of type $shr.
Using template $paramod$constmap:4621fcf06a436d1e2a4080e2ed9866a7d07a6e07$paramod$e765c459d3029c22a22a27989e94858fd9ebfa9c\_90_shift_ops_shr_shl_sshl_sshr for cells of type $sshr.
Using template $paramod$fbc7873bff55778c0b3173955b7e4bce1d9d6834\_80_ecp5_alu for cells of type $alu.
Using template $paramod$2653f68ddb8eab7b1907b4a20767b72a824a7a36\_80_ecp5_alu for cells of type $alu.
Using template $paramod$44a13d10af618e7fbe7b9aad2f6151ffcee1e2fa\_80_ecp5_alu for cells of type $alu.
Using extmapper simplemap for cells of type $reduce_and.
Using extmapper maccmap for cells of type $macc.
  add \read_a (32 bits, unsigned)
  add \debug_addr_b (4 bits, unsigned)
  add { \pc [31:2] 2'00 } (32 bits, unsigned)
Using template $paramod$2af30114e9bd4ccb04dad757b3f0a8f6bf0615b0\_80_ecp5_alu for cells of type $alu.
Using template $paramod$c3cd1564c35d873179656addd6052d7ea8b6d991\_80_ecp5_alu for cells of type $alu.
Using template $paramod$8742280fdebca84e1c87f2a86ed84f62d558f4cc\_90_alu for cells of type $alu.
Using template $paramod$a1bc51c02ce12ac21eb18988e83292af48ed7d72\_80_ecp5_alu for cells of type $alu.
Using template $paramod$7e708ae28ab761f11d0fb59d3ffc72f6a4baf5d9\_90_alu for cells of type $alu.
Using template $paramod$754650b284649a026620fc6856e5b6886cbfe794\_80_ecp5_alu for cells of type $alu.
Using extmapper simplemap for cells of type $eq.
Using extmapper simplemap for cells of type $reduce_bool.
Using template $paramod$400c7651a899d7a17809b04e69e36ebc18745d70\_80_ecp5_alu for cells of type $alu.
Using template $paramod$d7c91f8d4ce389beb1bd34b271e05fae2549a2a8\_80_ecp5_alu for cells of type $alu.
Using template $paramod$fbf9cabb1106ebb19d2876bda35dcfbc3788d13d\_80_ecp5_alu for cells of type $alu.
Using template $paramod$8d502f02b5b0b72663c46788e07dcce65ffb9a1e\_90_pmux for cells of type $pmux.
Using extmapper simplemap for cells of type $logic_or.
Using extmapper simplemap for cells of type $pos.
Using template $paramod\_90_fa\WIDTH=32'00000000000000000000000000100000 for cells of type $fa.
Using template $paramod\_90_lcu\WIDTH=32'00000000000000000000000000000100 for cells of type $lcu.
Using template $paramod\_90_lcu\WIDTH=32'00000000000000000000000000000010 for cells of type $lcu.
No more expansions possible.
<suppressed ~3990 debug messages>

3.31. Executing OPT pass (performing simple optimizations).

3.31.1. Executing OPT_EXPR pass (perform const folding).
Optimizing module minirv_edge_controller.
<suppressed ~1543 debug messages>
Optimizing module minirv_edge_controller_spi_fpga_top.

3.31.2. Executing OPT_MERGE pass (detect identical cells).
Finding identical cells in module `\minirv_edge_controller'.
<suppressed ~1887 debug messages>
Finding identical cells in module `\minirv_edge_controller_spi_fpga_top'.
Removed a total of 629 cells.

3.31.3. Executing OPT_DFF pass (perform DFF optimizations).

3.31.4. Executing OPT_CLEAN pass (remove unused cells and wires).
Finding unused cells or wires in module \minirv_edge_controller..
Finding unused cells or wires in module \minirv_edge_controller_spi_fpga_top..
Removed 1142 unused cells and 2226 unused wires.
<suppressed ~1143 debug messages>

3.31.5. Finished fast OPT passes.

3.32. Executing OPT_CLEAN pass (remove unused cells and wires).
Finding unused cells or wires in module \minirv_edge_controller..
Finding unused cells or wires in module \minirv_edge_controller_spi_fpga_top..

3.33. Executing DFFLEGALIZE pass (convert FFs to types supported by the target).

3.34. Executing TECHMAP pass (map to technology primitives).

3.34.1. Executing Verilog-2005 frontend: /usr/bin/../share/yosys/ecp5/cells_map.v
Parsing Verilog input from `/usr/bin/../share/yosys/ecp5/cells_map.v' to AST representation.
Generating RTLIL representation for module `\$_DFF_N_'.
Generating RTLIL representation for module `\$_DFF_P_'.
Generating RTLIL representation for module `\$_DFFE_NN_'.
Generating RTLIL representation for module `\$_DFFE_PN_'.
Generating RTLIL representation for module `\$_DFFE_NP_'.
Generating RTLIL representation for module `\$_DFFE_PP_'.
Generating RTLIL representation for module `\$_DFF_NP0_'.
Generating RTLIL representation for module `\$_DFF_NP1_'.
Generating RTLIL representation for module `\$_DFF_PP0_'.
Generating RTLIL representation for module `\$_DFF_PP1_'.
Generating RTLIL representation for module `\$_SDFF_NP0_'.
Generating RTLIL representation for module `\$_SDFF_NP1_'.
Generating RTLIL representation for module `\$_SDFF_PP0_'.
Generating RTLIL representation for module `\$_SDFF_PP1_'.
Generating RTLIL representation for module `\$_DFFE_NP0P_'.
Generating RTLIL representation for module `\$_DFFE_NP1P_'.
Generating RTLIL representation for module `\$_DFFE_PP0P_'.
Generating RTLIL representation for module `\$_DFFE_PP1P_'.
Generating RTLIL representation for module `\$_DFFE_NP0N_'.
Generating RTLIL representation for module `\$_DFFE_NP1N_'.
Generating RTLIL representation for module `\$_DFFE_PP0N_'.
Generating RTLIL representation for module `\$_DFFE_PP1N_'.
Generating RTLIL representation for module `\$_SDFFE_NP0P_'.
Generating RTLIL representation for module `\$_SDFFE_NP1P_'.
Generating RTLIL representation for module `\$_SDFFE_PP0P_'.
Generating RTLIL representation for module `\$_SDFFE_PP1P_'.
Generating RTLIL representation for module `\$_SDFFE_NP0N_'.
Generating RTLIL representation for module `\$_SDFFE_NP1N_'.
Generating RTLIL representation for module `\$_SDFFE_PP0N_'.
Generating RTLIL representation for module `\$_SDFFE_PP1N_'.
Generating RTLIL representation for module `\$_ALDFF_NP_'.
Generating RTLIL representation for module `\$_ALDFF_PP_'.
Generating RTLIL representation for module `\$_ALDFFE_NPN_'.
Generating RTLIL representation for module `\$_ALDFFE_NPP_'.
Generating RTLIL representation for module `\$_ALDFFE_PPN_'.
Generating RTLIL representation for module `\$_ALDFFE_PPP_'.
Generating RTLIL representation for module `\FD1P3AX'.
Generating RTLIL representation for module `\FD1P3AY'.
Generating RTLIL representation for module `\FD1P3BX'.
Generating RTLIL representation for module `\FD1P3DX'.
Generating RTLIL representation for module `\FD1P3IX'.
Generating RTLIL representation for module `\FD1P3JX'.
Generating RTLIL representation for module `\FD1S3AX'.
Generating RTLIL representation for module `\FD1S3AY'.
Generating RTLIL representation for module `\FD1S3BX'.
Generating RTLIL representation for module `\FD1S3DX'.
Generating RTLIL representation for module `\FD1S3IX'.
Generating RTLIL representation for module `\FD1S3JX'.
Generating RTLIL representation for module `\IFS1P3BX'.
Generating RTLIL representation for module `\IFS1P3DX'.
Generating RTLIL representation for module `\IFS1P3IX'.
Generating RTLIL representation for module `\IFS1P3JX'.
Generating RTLIL representation for module `\OFS1P3BX'.
Generating RTLIL representation for module `\OFS1P3DX'.
Generating RTLIL representation for module `\OFS1P3IX'.
Generating RTLIL representation for module `\OFS1P3JX'.
Generating RTLIL representation for module `\IB'.
Generating RTLIL representation for module `\IBPU'.
Generating RTLIL representation for module `\IBPD'.
Generating RTLIL representation for module `\OB'.
Generating RTLIL representation for module `\OBZ'.
Generating RTLIL representation for module `\OBZPU'.
Generating RTLIL representation for module `\OBZPD'.
Generating RTLIL representation for module `\OBCO'.
Generating RTLIL representation for module `\BB'.
Generating RTLIL representation for module `\BBPU'.
Generating RTLIL representation for module `\BBPD'.
Generating RTLIL representation for module `\ILVDS'.
Generating RTLIL representation for module `\OLVDS'.
Successfully finished Verilog frontend.

3.34.2. Continuing TECHMAP pass.
Using template $paramod\$_DFFE_PN_\_TECHMAP_WIREINIT_Q_=1'x for cells of type $_DFFE_PN_.
Using template \$_DFF_PP0_ for cells of type $_DFF_PP0_.
Using template \$_DFF_PP1_ for cells of type $_DFF_PP1_.
Using template \$_DFFE_PP0P_ for cells of type $_DFFE_PP0P_.
Using template \$_SDFFE_PP0N_ for cells of type $_SDFFE_PP0N_.
Using template \$_DFFE_PP1N_ for cells of type $_DFFE_PP1N_.
Using template \$_DFFE_PP1P_ for cells of type $_DFFE_PP1P_.
Using template $paramod\$_DFFE_PP_\_TECHMAP_WIREINIT_Q_=1'x for cells of type $_DFFE_PP_.
No more expansions possible.
<suppressed ~1055 debug messages>

3.35. Executing OPT_EXPR pass (perform const folding).
Optimizing module minirv_edge_controller.
<suppressed ~2 debug messages>
Optimizing module minirv_edge_controller_spi_fpga_top.

3.36. Executing SIMPLEMAP pass (map simple cells to gate primitives).

3.37. Executing LATTICE_GSR pass (implement FF init values).
Handling GSR in minirv_edge_controller.
Handling GSR in minirv_edge_controller_spi_fpga_top.

3.38. Executing ATTRMVCP pass (move or copy attributes).

3.39. Executing OPT_CLEAN pass (remove unused cells and wires).
Finding unused cells or wires in module \minirv_edge_controller..
Finding unused cells or wires in module \minirv_edge_controller_spi_fpga_top..
Removed 0 unused cells and 5459 unused wires.
<suppressed ~2 debug messages>

3.40. Executing TECHMAP pass (map to technology primitives).

3.40.1. Executing Verilog-2005 frontend: /usr/bin/../share/yosys/ecp5/latches_map.v
Parsing Verilog input from `/usr/bin/../share/yosys/ecp5/latches_map.v' to AST representation.
Generating RTLIL representation for module `\$_DLATCH_N_'.
Generating RTLIL representation for module `\$_DLATCH_P_'.
Successfully finished Verilog frontend.

3.40.2. Continuing TECHMAP pass.
No more expansions possible.
<suppressed ~4 debug messages>

3.41. Executing ABC pass (technology mapping using ABC).

3.41.1. Extracting gate netlist of module `\minirv_edge_controller' to `<abc-temp-dir>/input.blif'..
Extracted 5174 gates and 6207 wires to a netlist network with 1031 inputs and 1068 outputs.

3.41.1.1. Executing ABC.
Running ABC command: "<yosys-exe-dir>/yosys-abc" -s -f <abc-temp-dir>/abc.script 2>&1
ABC: ABC command line: "source <abc-temp-dir>/abc.script".
ABC: 
ABC: + read_blif <abc-temp-dir>/input.blif 
ABC: + read_lut <abc-temp-dir>/lutdefs.txt 
ABC: + strash 
ABC: + &get -n 
ABC: + &fraig -x 
ABC: + &put 
ABC: + scorr 
ABC: Warning: The network is combinational (run "fraig" or "fraig_sweep").
ABC: + dc2 
ABC: + dretime 
ABC: + strash 
ABC: + dch -f 
ABC: + if 
ABC: + mfs2 
ABC: + dress <abc-temp-dir>/input.blif 
ABC: Total number of equiv classes                =     620.
ABC: Participating nodes from both networks       =    2888.
ABC: Participating nodes from the first network   =    1414. (  58.65 % of nodes)
ABC: Participating nodes from the second network  =    1474. (  61.14 % of nodes)
ABC: Node pairs (any polarity)                    =    1413. (  58.61 % of names can be moved)
ABC: Node pairs (same polarity)                   =    1181. (  48.98 % of names can be moved)
ABC: Total runtime =     0.11 sec
ABC: + write_blif <abc-temp-dir>/output.blif 

3.41.1.2. Re-integrating ABC results.
ABC RESULTS:              $lut cells:     2410
ABC RESULTS:        internal signals:     4108
ABC RESULTS:           input signals:     1031
ABC RESULTS:          output signals:     1068
Removing temp directory.

3.41.2. Extracting gate netlist of module `\minirv_edge_controller_spi_fpga_top' to `<abc-temp-dir>/input.blif'..
Extracted 123 gates and 202 wires to a netlist network with 79 inputs and 122 outputs.

3.41.2.1. Executing ABC.
Running ABC command: "<yosys-exe-dir>/yosys-abc" -s -f <abc-temp-dir>/abc.script 2>&1
ABC: ABC command line: "source <abc-temp-dir>/abc.script".
ABC: 
ABC: + read_blif <abc-temp-dir>/input.blif 
ABC: + read_lut <abc-temp-dir>/lutdefs.txt 
ABC: + strash 
ABC: + &get -n 
ABC: + &fraig -x 
ABC: + &put 
ABC: + scorr 
ABC: Warning: The network is combinational (run "fraig" or "fraig_sweep").
ABC: + dc2 
ABC: + dretime 
ABC: + strash 
ABC: + dch -f 
ABC: + if 
ABC: + mfs2 
ABC: + dress <abc-temp-dir>/input.blif 
ABC: Total number of equiv classes                =      41.
ABC: Participating nodes from both networks       =     244.
ABC: Participating nodes from the first network   =     122. (  99.19 % of nodes)
ABC: Participating nodes from the second network  =     122. (  99.19 % of nodes)
ABC: Node pairs (any polarity)                    =     122. (  99.19 % of names can be moved)
ABC: Node pairs (same polarity)                   =     122. (  99.19 % of names can be moved)
ABC: Total runtime =     0.00 sec
ABC: + write_blif <abc-temp-dir>/output.blif 

3.41.2.2. Re-integrating ABC results.
ABC RESULTS:              $lut cells:      122
ABC RESULTS:        internal signals:        1
ABC RESULTS:           input signals:       79
ABC RESULTS:          output signals:      122
Removing temp directory.
Removed 0 unused cells and 2791 unused wires.

3.42. Executing TECHMAP pass (map to technology primitives).

3.42.1. Executing Verilog-2005 frontend: /usr/bin/../share/yosys/ecp5/cells_map.v
Parsing Verilog input from `/usr/bin/../share/yosys/ecp5/cells_map.v' to AST representation.
Generating RTLIL representation for module `\$_DFF_N_'.
Generating RTLIL representation for module `\$_DFF_P_'.
Generating RTLIL representation for module `\$_DFFE_NN_'.
Generating RTLIL representation for module `\$_DFFE_PN_'.
Generating RTLIL representation for module `\$_DFFE_NP_'.
Generating RTLIL representation for module `\$_DFFE_PP_'.
Generating RTLIL representation for module `\$_DFF_NP0_'.
Generating RTLIL representation for module `\$_DFF_NP1_'.
Generating RTLIL representation for module `\$_DFF_PP0_'.
Generating RTLIL representation for module `\$_DFF_PP1_'.
Generating RTLIL representation for module `\$_SDFF_NP0_'.
Generating RTLIL representation for module `\$_SDFF_NP1_'.
Generating RTLIL representation for module `\$_SDFF_PP0_'.
Generating RTLIL representation for module `\$_SDFF_PP1_'.
Generating RTLIL representation for module `\$_DFFE_NP0P_'.
Generating RTLIL representation for module `\$_DFFE_NP1P_'.
Generating RTLIL representation for module `\$_DFFE_PP0P_'.
Generating RTLIL representation for module `\$_DFFE_PP1P_'.
Generating RTLIL representation for module `\$_DFFE_NP0N_'.
Generating RTLIL representation for module `\$_DFFE_NP1N_'.
Generating RTLIL representation for module `\$_DFFE_PP0N_'.
Generating RTLIL representation for module `\$_DFFE_PP1N_'.
Generating RTLIL representation for module `\$_SDFFE_NP0P_'.
Generating RTLIL representation for module `\$_SDFFE_NP1P_'.
Generating RTLIL representation for module `\$_SDFFE_PP0P_'.
Generating RTLIL representation for module `\$_SDFFE_PP1P_'.
Generating RTLIL representation for module `\$_SDFFE_NP0N_'.
Generating RTLIL representation for module `\$_SDFFE_NP1N_'.
Generating RTLIL representation for module `\$_SDFFE_PP0N_'.
Generating RTLIL representation for module `\$_SDFFE_PP1N_'.
Generating RTLIL representation for module `\$_ALDFF_NP_'.
Generating RTLIL representation for module `\$_ALDFF_PP_'.
Generating RTLIL representation for module `\$_ALDFFE_NPN_'.
Generating RTLIL representation for module `\$_ALDFFE_NPP_'.
Generating RTLIL representation for module `\$_ALDFFE_PPN_'.
Generating RTLIL representation for module `\$_ALDFFE_PPP_'.
Generating RTLIL representation for module `\FD1P3AX'.
Generating RTLIL representation for module `\FD1P3AY'.
Generating RTLIL representation for module `\FD1P3BX'.
Generating RTLIL representation for module `\FD1P3DX'.
Generating RTLIL representation for module `\FD1P3IX'.
Generating RTLIL representation for module `\FD1P3JX'.
Generating RTLIL representation for module `\FD1S3AX'.
Generating RTLIL representation for module `\FD1S3AY'.
Generating RTLIL representation for module `\FD1S3BX'.
Generating RTLIL representation for module `\FD1S3DX'.
Generating RTLIL representation for module `\FD1S3IX'.
Generating RTLIL representation for module `\FD1S3JX'.
Generating RTLIL representation for module `\IFS1P3BX'.
Generating RTLIL representation for module `\IFS1P3DX'.
Generating RTLIL representation for module `\IFS1P3IX'.
Generating RTLIL representation for module `\IFS1P3JX'.
Generating RTLIL representation for module `\OFS1P3BX'.
Generating RTLIL representation for module `\OFS1P3DX'.
Generating RTLIL representation for module `\OFS1P3IX'.
Generating RTLIL representation for module `\OFS1P3JX'.
Generating RTLIL representation for module `\IB'.
Generating RTLIL representation for module `\IBPU'.
Generating RTLIL representation for module `\IBPD'.
Generating RTLIL representation for module `\OB'.
Generating RTLIL representation for module `\OBZ'.
Generating RTLIL representation for module `\OBZPU'.
Generating RTLIL representation for module `\OBZPD'.
Generating RTLIL representation for module `\OBCO'.
Generating RTLIL representation for module `\BB'.
Generating RTLIL representation for module `\BBPU'.
Generating RTLIL representation for module `\BBPD'.
Generating RTLIL representation for module `\ILVDS'.
Generating RTLIL representation for module `\OLVDS'.
Generating RTLIL representation for module `\$lut'.
Successfully finished Verilog frontend.

3.42.2. Continuing TECHMAP pass.
Using template $paramod\$lut\WIDTH=32'00000000000000000000000000000001\LUT=2'01 for cells of type $lut.
Using template $paramod\$lut\WIDTH=32'00000000000000000000000000000011\LUT=8'10101100 for cells of type $lut.
Using template $paramod\$lut\WIDTH=32'00000000000000000000000000000010\LUT=4'0100 for cells of type $lut.
Using template $paramod$6d6beead1425af15cf78b27fd9b11b41b5d4bce8\$lut for cells of type $lut.
Using template $paramod$608f40069c27841a5b3bdf03643a34bdc8974072\$lut for cells of type $lut.
Using template $paramod$6e238df02989b317f10820a22773676e71120644\$lut for cells of type $lut.
Using template $paramod$272652f6c6fbe9a75eff76e45cc7e2788835518b\$lut for cells of type $lut.
Using template $paramod\$lut\WIDTH=32'00000000000000000000000000000011\LUT=8'01010011 for cells of type $lut.
Using template $paramod$cd6c4b4da6d8737b72fd2dc8f5d83d8967445809\$lut for cells of type $lut.
Using template $paramod\$lut\WIDTH=32'00000000000000000000000000000010\LUT=4'1000 for cells of type $lut.
Using template $paramod$658b9ed803f0d3d335616d3858b53e0a2522f1e8\$lut for cells of type $lut.
Using template $paramod$571404c0889eaf57f492cb5e37f8acb5df5852f9\$lut for cells of type $lut.
Using template $paramod$02eefd9b74acf66558bff242fcbe62a514559f6a\$lut for cells of type $lut.
Using template $paramod$3ef319efded008eed5f930491a82ee1762b3c0df\$lut for cells of type $lut.
Using template $paramod$2f5933953e311dffe5861a53a77e08849a1c7767\$lut for cells of type $lut.
Using template $paramod$2d07c1a6c53c7b878509360922c4fa5ebedc3011\$lut for cells of type $lut.
Using template $paramod$251994398653c4cf8de320f1e306e535d5d2d624\$lut for cells of type $lut.
Using template $paramod\$lut\WIDTH=32'00000000000000000000000000000011\LUT=8'11010100 for cells of type $lut.
Using template $paramod$6d7cc275871d0ceead401cadfae2ff1124665ec4\$lut for cells of type $lut.
Using template $paramod\$lut\WIDTH=32'00000000000000000000000000000010\LUT=4'0111 for cells of type $lut.
Using template $paramod$1f575543d734f2d93dfcc8f91b30fb001334bb95\$lut for cells of type $lut.
Using template $paramod$2ea69c779d6c1b79ac5a87b0d1523c67d5628dba\$lut for cells of type $lut.
Using template $paramod$c1a19a87ccbbb03d43a72335db63f692ddf82cc1\$lut for cells of type $lut.
Using template $paramod$df832ea8ff7e06a61d20073d4a829cea437e4cf2\$lut for cells of type $lut.
Using template $paramod$02e55836878a22873310c70e8a2ed14028fabfa5\$lut for cells of type $lut.
Using template $paramod$288f0a3f7c05b18f8924445792f41ad3cec781ee\$lut for cells of type $lut.
Using template $paramod$1de2313c6bda9264cd9ab91900297c11beaea855\$lut for cells of type $lut.
Using template $paramod$345e594e3e86fb5714f53304e99d8ef40a9499ad\$lut for cells of type $lut.
Using template $paramod$56c6fc98268f6966dd23dcb4af9b8f5298fa7ead\$lut for cells of type $lut.
Using template $paramod\$lut\WIDTH=32'00000000000000000000000000000011\LUT=8'01000000 for cells of type $lut.
Using template $paramod$973818279bc95792902f3c09371fd2407d04a2a5\$lut for cells of type $lut.
Using template $paramod$e9da3de86f237bcb085ba1689fb89690cf1237d9\$lut for cells of type $lut.
Using template $paramod$048d4aa2263b685fba6c6b0d38f6224df0dc3042\$lut for cells of type $lut.
Using template $paramod$38f9bf4dd2329347b8471f0a98443dd323386889\$lut for cells of type $lut.
Using template $paramod$cf652acbfbf67d2248e3045cd0f09c58ca55886c\$lut for cells of type $lut.
Using template $paramod$9cf044275e70b6dc34d2f815a6f8ffc23f9694a0\$lut for cells of type $lut.
Using template $paramod$881e75c80fff2f98dc0acc551fa7e90131a7e7b2\$lut for cells of type $lut.
Using template $paramod$200337237619ba4c0bed9a492562f1d1b57fb569\$lut for cells of type $lut.
Using template $paramod$9ae0f136c9ed34a2deb323e9b2a3a520eea61514\$lut for cells of type $lut.
Using template $paramod$5aa0166f0a93e0e2e20942dc311fce86bb0911cb\$lut for cells of type $lut.
Using template $paramod$2bc4db8bd4fb8d056f72dd182e27de9a154d9eee\$lut for cells of type $lut.
Using template $paramod$c441dbd41fa7b52ce609b1fb3e8a706905598601\$lut for cells of type $lut.
Using template $paramod$10c8918dd2f5be3e331201288fad7bf851398857\$lut for cells of type $lut.
Using template $paramod\$lut\WIDTH=32'00000000000000000000000000000010\LUT=4'0001 for cells of type $lut.
Using template $paramod$ee19d45db61acb4c70d938b97483a4ed4b792645\$lut for cells of type $lut.
Using template $paramod$d299603363e4cb0b5d3f838d74a4cc40cdd858e8\$lut for cells of type $lut.
Using template $paramod$3940bd230f202502ed9dd6e9562be452d60f57b9\$lut for cells of type $lut.
Using template $paramod$4cfd2c84de5cd5544ad5453c087e6be82b2fa896\$lut for cells of type $lut.
Using template $paramod$c5b694ec89d7629b942ccf6a9be1d39e24f8edec\$lut for cells of type $lut.
Using template $paramod$1f8dd3815e30dfa1d340c86d19e460ecbfad641b\$lut for cells of type $lut.
Using template $paramod\$lut\WIDTH=32'00000000000000000000000000000011\LUT=8'10000000 for cells of type $lut.
Using template $paramod\$lut\WIDTH=32'00000000000000000000000000000011\LUT=8'00010000 for cells of type $lut.
Using template $paramod$02124d42e8a5a4220d8c8e1235a8790f30076968\$lut for cells of type $lut.
Using template $paramod$87d5260c5291b3f34f38e5d4ba62904964020b2d\$lut for cells of type $lut.
Using template $paramod$d07e6f78e690df8ae9a58e59314df836e41fc9c9\$lut for cells of type $lut.
Using template $paramod$1bf62ab10e48d71d6497bccacf5c70420c470fe9\$lut for cells of type $lut.
Using template $paramod$f9ade28f1669c608093cfc771d07571aec15660d\$lut for cells of type $lut.
Using template $paramod$9f2f146893d269900bb68ba0244b254b88c2c459\$lut for cells of type $lut.
Using template $paramod$61bd22ed39633bcefc17b2f3d6b6b1529797c785\$lut for cells of type $lut.
Using template $paramod$cbb2dfe31d344d3326d567c2ed5a4b2a29f63219\$lut for cells of type $lut.
Using template $paramod$12879138d1e376f344e47ea40be66b776233be75\$lut for cells of type $lut.
Using template $paramod$c362ad8dedc7d166ed978091aca319ab1e81a2d4\$lut for cells of type $lut.
Using template $paramod\$lut\WIDTH=32'00000000000000000000000000000011\LUT=8'00000001 for cells of type $lut.
Using template $paramod$ebf03e25ece84076556088d978e52dc48d6cd6d0\$lut for cells of type $lut.
Using template $paramod$440c55e9b86a4d19d2d9af4513ac1f3c626292af\$lut for cells of type $lut.
Using template $paramod$0f462d30e97e3a95497ed3ed4c5670bec4507088\$lut for cells of type $lut.
Using template $paramod$0221dddafc9a14c27ebe00a57f2095be829886f4\$lut for cells of type $lut.
Using template $paramod$eeed37ce45abdda29d3e180f2d1dfc0c4c376530\$lut for cells of type $lut.
Using template $paramod$0f421ae03c1b1b49f63094a5fbd6692c03d21157\$lut for cells of type $lut.
Using template $paramod$b3516eeef254e90e7ab3039d628069ca04d85c20\$lut for cells of type $lut.
Using template $paramod$c99a13321b9599418f88a21b1bf5f15acfcb867d\$lut for cells of type $lut.
Using template $paramod\$lut\WIDTH=32'00000000000000000000000000000011\LUT=8'11001010 for cells of type $lut.
Using template $paramod$4d375e8ebadb5ec6d1c3b4ffcfc15975eee4e5a7\$lut for cells of type $lut.
Using template $paramod$41326ad8644342a66dfb051d050f2b6fbf15015b\$lut for cells of type $lut.
Using template $paramod$50666a8f9d622ca1f027a4587dfd5f2a7d8810c9\$lut for cells of type $lut.
Using template $paramod$71d951b20e73043168c1656217d126e617052faa\$lut for cells of type $lut.
Using template $paramod$82465a09fa1fb625cf05c680e7f5642ba36c85a0\$lut for cells of type $lut.
Using template $paramod$94d86303a5ab6c2be14b18d403d3db684b8d85d1\$lut for cells of type $lut.
Using template $paramod$59de045429641615f9fe556a2af28d0739e5972e\$lut for cells of type $lut.
Using template $paramod$2ef5dcf56e30eb0d796c9cb1ca1965f9f6bdf1e0\$lut for cells of type $lut.
Using template $paramod$a7853c26ee21262b981ae0d0b74778bb403c5822\$lut for cells of type $lut.
Using template $paramod$e856f6af4132f2ee9d4980afecb67ed58ab1c46f\$lut for cells of type $lut.
Using template $paramod$8b24407096beec47292ddeb1567a058197a320b9\$lut for cells of type $lut.
Using template $paramod$e5e9da8fed769f971686eed8c5eea50e61f73aaa\$lut for cells of type $lut.
Using template $paramod$703a13a751e631ef123f38f7d2125aeabec0f94c\$lut for cells of type $lut.
Using template $paramod$2daeab2a3941745a3f672c395c0264484ed8ed57\$lut for cells of type $lut.
Using template $paramod$1f5ebe7f6a773bedca076f9b3557390942c56d64\$lut for cells of type $lut.
Using template $paramod$2e5f5f6dc235f52ed66c99010db19ef7c8d53adc\$lut for cells of type $lut.
Using template $paramod$487783ad5646425196a260db449f1139da12d39c\$lut for cells of type $lut.
Using template $paramod$8adf7fbd410d2cc654c288d5be5f7508ee8809b0\$lut for cells of type $lut.
Using template $paramod$bd93176df3b924d4401156b1bb19135bd1e18b09\$lut for cells of type $lut.
Using template $paramod$fa960b0ced687dd93c15ed8130e27eea044c58f6\$lut for cells of type $lut.
Using template $paramod$ed9408d4bda02f896d4134eaaf7daf588af5dc11\$lut for cells of type $lut.
Using template $paramod$5a621b016c894274d07edef48c49b401a15fd796\$lut for cells of type $lut.
Using template $paramod$04b674496422df8889c01c3744b94097628ccfbc\$lut for cells of type $lut.
Using template $paramod$e4adb5a40bce606100fc00f292ff9d4f2f55953f\$lut for cells of type $lut.
Using template $paramod$4a38eb9488c2bc70f1c85ad12e017cd9d997482b\$lut for cells of type $lut.
Using template $paramod$4f879cb8b5ffad9942cfe2ff1bc7dddaeb5c813c\$lut for cells of type $lut.
Using template $paramod\$lut\WIDTH=32'00000000000000000000000000000010\LUT=4'1001 for cells of type $lut.
Using template $paramod$4ce06ba4b273397eb4dbccbed9df5e9295593fee\$lut for cells of type $lut.
Using template $paramod$6051bdb1976d279702edf946b6a84c27e46d7c66\$lut for cells of type $lut.
Using template $paramod\$lut\WIDTH=32'00000000000000000000000000000011\LUT=8'11100000 for cells of type $lut.
Using template $paramod$099153cad878471cad9acb0def5d90fad779ac9f\$lut for cells of type $lut.
Using template $paramod$231808c15997aebb11738fd858a623358aa127ed\$lut for cells of type $lut.
Using template $paramod$e0bdd12f991fdee96b6884b4371e17df4d56347a\$lut for cells of type $lut.
Using template $paramod$0515563fc34fd55e03b15f3ab3496bb839ec9303\$lut for cells of type $lut.
Using template $paramod$bd626ad8a9f48f3d449825e8fbbf218550059f30\$lut for cells of type $lut.
Using template $paramod$ab6a7f3e81b72d5b30a970bd74ea97a2624550a0\$lut for cells of type $lut.
Using template $paramod$3872ea65a652f34143255ab6e6d353b052d056f4\$lut for cells of type $lut.
Using template $paramod$b9cf85f68b27860b6f5e20bd28c0a4bdc265452f\$lut for cells of type $lut.
Using template $paramod$8b367233aef4cc96995cd878ca7655b761db5ed6\$lut for cells of type $lut.
Using template $paramod$5ece34120283621509cb3402f526f30c0002533d\$lut for cells of type $lut.
Using template $paramod$cc5087f29e6fe94949c964f278755f755c0abe85\$lut for cells of type $lut.
Using template $paramod$3b0a5437416d8c24f2d4e14d2a29451b9e83e1bb\$lut for cells of type $lut.
Using template $paramod$f503ae6dd13af4ce255f26a38c5b2bb42d3444fc\$lut for cells of type $lut.
Using template $paramod$8e34e782f9ef59eee1c50ab93ef54fb5ebb3e307\$lut for cells of type $lut.
Using template $paramod$494cbca903b9af44b925758232af52ad14c00140\$lut for cells of type $lut.
Using template $paramod$9b52fc33fa4e834b7607623c079b150ebd6436cf\$lut for cells of type $lut.
Using template $paramod$ccc93f2c387b7dd87654c9ed8e6de9499d7caa94\$lut for cells of type $lut.
Using template $paramod\$lut\WIDTH=32'00000000000000000000000000000010\LUT=4'1011 for cells of type $lut.
Using template $paramod$b4d0f4738a5ce50c7f36c2aa2ecc09cfb874f2b6\$lut for cells of type $lut.
Using template $paramod$478e33feeac3aa53ff57d491aada044b8aedceae\$lut for cells of type $lut.
Using template $paramod$5898ae4e52b22eca363a418fa94151158a507d30\$lut for cells of type $lut.
Using template $paramod$228785ff12cf8dc5fe50418928a485d3b7c70aa9\$lut for cells of type $lut.
Using template $paramod\$lut\WIDTH=32'00000000000000000000000000000011\LUT=8'01111111 for cells of type $lut.
Using template $paramod$e49f6e3576ef1a6d2f58c54414dbb786af8cc869\$lut for cells of type $lut.
Using template $paramod$aa51cd7f3355a96dfedb3abdffb54001a8ce51b6\$lut for cells of type $lut.
Using template $paramod$8a750977d240dc8e8c9bb8a07150d890add39e85\$lut for cells of type $lut.
Using template $paramod$9bdc414229f06e785dc8fd97a243faa9336e164a\$lut for cells of type $lut.
Using template $paramod$04c75f610fdc4b69594eb77f7b724a2db26e83eb\$lut for cells of type $lut.
Using template $paramod$dece4faabe62825dc0f2653124b581777d70b57e\$lut for cells of type $lut.
Using template $paramod$5d5560d05e909b742e5e5ab9415469d82098c818\$lut for cells of type $lut.
Using template $paramod$314fe9458b07176c4d2c8c59533027c4c55155b5\$lut for cells of type $lut.
Using template $paramod$11bbb1f6d040b6fef853156bf96393db1ac26fc4\$lut for cells of type $lut.
Using template $paramod$8466aae7f3132f822e70bbd8738850d820750479\$lut for cells of type $lut.
Using template $paramod$09194da5f2c8e08bed8f609fd0e254d8629b24b3\$lut for cells of type $lut.
Using template $paramod$997797fdd00cd0920c21ca4e5698e317ac7d1287\$lut for cells of type $lut.
Using template $paramod$3a43ae741d9bb465b01fb08cc3eea950ba7e9a73\$lut for cells of type $lut.
Using template $paramod$787d91a0384ef6f741dde00543496cf59c396952\$lut for cells of type $lut.
Using template $paramod$7f88ae8b0ca78f7b736f446522956805c49fb79f\$lut for cells of type $lut.
Using template $paramod$4b23d751b3e1d7cde9cd1766bf20ceee12e38a3d\$lut for cells of type $lut.
Using template $paramod$a7dad16c080c08c1647c7e1b9706a59a123d8bcd\$lut for cells of type $lut.
Using template $paramod$3ef526561f13b90a3a4ba08353763d6f8515a74b\$lut for cells of type $lut.
Using template $paramod\$lut\WIDTH=32'00000000000000000000000000000011\LUT=8'00101100 for cells of type $lut.
Using template $paramod$e75a64b32945ef9ce22be23ef3e6054e0adbafe0\$lut for cells of type $lut.
Using template $paramod$b297295e19b03521716155b85537bbe86d6a9ae6\$lut for cells of type $lut.
Using template $paramod$64669a7e87c28e39425dffff48145545533b4971\$lut for cells of type $lut.
Using template $paramod$3f54b500c8eac7c37a919dd5d767f68d08618534\$lut for cells of type $lut.
Using template $paramod$33a01f71ce1120f8d5dbc904e37771e37d5e6f4e\$lut for cells of type $lut.
Using template $paramod\$lut\WIDTH=32'00000000000000000000000000000011\LUT=8'11110001 for cells of type $lut.
Using template $paramod$bab93cd172297c2111087d12d5358844ad177ba3\$lut for cells of type $lut.
Using template $paramod\$lut\WIDTH=32'00000000000000000000000000000011\LUT=8'00000111 for cells of type $lut.
Using template $paramod$f5184224d64d936dd9c90736369868132ad79964\$lut for cells of type $lut.
Using template $paramod$e564d98f464f66b6c781563f83d69324b1388cfe\$lut for cells of type $lut.
Using template $paramod\$lut\WIDTH=32'00000000000000000000000000000010\LUT=4'0110 for cells of type $lut.
Using template $paramod$eba7de026ff587370e320127e266317dae097a89\$lut for cells of type $lut.
Using template $paramod$9e53946c1c9323fd7abb74ec362c0cc9c01b25aa\$lut for cells of type $lut.
Using template $paramod$e05ad66fdf5f7dd607e6a2368e178ad825d673ed\$lut for cells of type $lut.
Using template $paramod$7614968db5bb082ee538195c00594779836d04ec\$lut for cells of type $lut.
Using template $paramod$85572c15d0e9d66498693ed97cf958eb7654462d\$lut for cells of type $lut.
Using template $paramod$d1ad07a4a7e5b1f5bffec30717e93ce9af39d517\$lut for cells of type $lut.
Using template $paramod$080a1e955e14f5644978c56776952e0b32d31da4\$lut for cells of type $lut.
Using template $paramod$388dbf93bee91918d385c696f1b8d4515b94b317\$lut for cells of type $lut.
Using template $paramod$d809f5a98672dae276b004d2329b34f083885f9c\$lut for cells of type $lut.
Using template $paramod$7f6aaf0d0a6874acd0e96cd1e5cd0290bcc323bd\$lut for cells of type $lut.
Using template $paramod$41fb6927f584fab2fa2b238d541f9e4234db8c5a\$lut for cells of type $lut.
Using template $paramod$b431bfd938e35871dd0b7668e1503c7e8b9d491c\$lut for cells of type $lut.
Using template $paramod$fe9a0158d0352193457c4f5b6282ac86d35fb3ee\$lut for cells of type $lut.
Using template $paramod\$lut\WIDTH=32'00000000000000000000000000000011\LUT=8'00001101 for cells of type $lut.
Using template $paramod\$lut\WIDTH=32'00000000000000000000000000000011\LUT=8'10001111 for cells of type $lut.
Using template $paramod$f0169807cabb208126f94e3f71552cc012e8013f\$lut for cells of type $lut.
Using template $paramod$21c681aae93c226cfbb227673a4e20ceb48574a6\$lut for cells of type $lut.
Using template $paramod$7c6a8d94f40a0aa47fd0f8997e1e43650ee9ab0f\$lut for cells of type $lut.
Using template $paramod$fd904e9e35cfd343a9df248824bd3f1408724879\$lut for cells of type $lut.
Using template $paramod$94ac66a11090dca84889e55fcf03297912a5b7ec\$lut for cells of type $lut.
Using template $paramod$2bdfdda73873e8931790d872b72220895e67fee5\$lut for cells of type $lut.
Using template $paramod$bb4fff1cc3b827238aa40993cafede1c5beecbe3\$lut for cells of type $lut.
Using template $paramod\$lut\WIDTH=32'00000000000000000000000000000011\LUT=8'01101001 for cells of type $lut.
Using template $paramod$2382b0dd4cb27fd4312681c40a6dd179c2a7a26a\$lut for cells of type $lut.
Using template $paramod$6b0849254d6c87461fb93e37cc18f089f61eb912\$lut for cells of type $lut.
No more expansions possible.
<suppressed ~4944 debug messages>

3.43. Executing OPT_LUT_INS pass (discard unused LUT inputs).
Optimizing LUTs in minirv_edge_controller.
  Optimizing lut $abc$15919$auto$blifparse.cc:525:parse_blif$16552.genblk1.genblk1.genblk1.genblk1.genblk1.genblk1.lut2 (4 -> 3)
  Optimizing lut $abc$15919$auto$blifparse.cc:525:parse_blif$16552.genblk1.genblk1.genblk1.genblk1.genblk1.genblk1.lut3 (4 -> 1)
  Optimizing lut $abc$15919$auto$blifparse.cc:525:parse_blif$16551.genblk1.genblk1.genblk1.genblk1.genblk1.genblk1.lut1 (4 -> 1)
  Optimizing lut $abc$15919$auto$blifparse.cc:525:parse_blif$16551.genblk1.genblk1.genblk1.genblk1.genblk1.genblk1.lut2 (4 -> 2)
  Optimizing lut $abc$15919$auto$blifparse.cc:525:parse_blif$16551.genblk1.genblk1.genblk1.genblk1.genblk1.genblk1.lut3 (4 -> 2)
  Optimizing lut $abc$15919$auto$blifparse.cc:525:parse_blif$16544.genblk1.genblk1.genblk1.genblk1.genblk1.genblk1.lut1 (4 -> 0)
  Optimizing lut $abc$15919$auto$blifparse.cc:525:parse_blif$16544.genblk1.genblk1.genblk1.genblk1.genblk1.genblk1.lut2 (4 -> 0)
  Optimizing lut $abc$15919$auto$blifparse.cc:525:parse_blif$16545.genblk1.genblk1.genblk1.genblk1.genblk1.genblk1.lut3 (4 -> 0)
  Optimizing lut $abc$15919$auto$blifparse.cc:525:parse_blif$16548.genblk1.genblk1.genblk1.genblk1.genblk1.genblk1.lut2 (4 -> 0)
  Optimizing lut $abc$15919$auto$blifparse.cc:525:parse_blif$16548.genblk1.genblk1.genblk1.genblk1.genblk1.genblk1.lut3 (4 -> 0)
  Optimizing lut $abc$15919$auto$blifparse.cc:525:parse_blif$16549.genblk1.genblk1.genblk1.genblk1.genblk1.genblk1.genblk1.lut1 (4 -> 0)
  Optimizing lut $abc$15919$auto$blifparse.cc:525:parse_blif$16549.genblk1.genblk1.genblk1.genblk1.genblk1.genblk1.genblk1.lut2 (4 -> 0)
  Optimizing lut $abc$15919$auto$blifparse.cc:525:parse_blif$16549.genblk1.genblk1.genblk1.genblk1.genblk1.genblk1.genblk1.lut3 (4 -> 0)
  Optimizing lut $abc$15919$auto$blifparse.cc:525:parse_blif$16549.genblk1.genblk1.genblk1.genblk1.genblk1.genblk1.genblk1.lut4 (4 -> 0)
  Optimizing lut $abc$15919$auto$blifparse.cc:525:parse_blif$16549.genblk1.genblk1.genblk1.genblk1.genblk1.genblk1.genblk1.lut5 (4 -> 0)
  Optimizing lut $abc$15919$auto$blifparse.cc:525:parse_blif$16549.genblk1.genblk1.genblk1.genblk1.genblk1.genblk1.genblk1.lut6 (4 -> 0)
  Optimizing lut $abc$15919$auto$blifparse.cc:525:parse_blif$16538.genblk1.genblk1.genblk1.genblk1.genblk1.lut1 (4 -> 0)
  Optimizing lut $abc$15919$auto$blifparse.cc:525:parse_blif$16567.genblk1.genblk1.genblk1.genblk1.genblk1.genblk1.lut2 (4 -> 3)
  Optimizing lut $abc$15919$auto$blifparse.cc:525:parse_blif$16567.genblk1.genblk1.genblk1.genblk1.genblk1.genblk1.lut3 (4 -> 1)
  Optimizing lut $abc$15919$auto$blifparse.cc:525:parse_blif$16568.genblk1.genblk1.genblk1.genblk1.genblk1.genblk1.lut1 (4 -> 0)
  Optimizing lut $abc$15919$auto$blifparse.cc:525:parse_blif$16568.genblk1.genblk1.genblk1.genblk1.genblk1.genblk1.lut2 (4 -> 0)
  Optimizing lut $abc$15919$auto$blifparse.cc:525:parse_blif$16571.genblk1.genblk1.genblk1.genblk1.genblk1.genblk1.lut3 (4 -> 0)
  Optimizing lut $abc$15919$auto$blifparse.cc:525:parse_blif$16573.genblk1.genblk1.genblk1.genblk1.genblk1.genblk1.lut3 (4 -> 0)
  Optimizing lut $abc$15919$auto$blifparse.cc:525:parse_blif$16574.genblk1.genblk1.genblk1.genblk1.genblk1.lut1 (4 -> 0)
  Optimizing lut $abc$15919$auto$blifparse.cc:525:parse_blif$16564.genblk1.genblk1.genblk1.genblk1.genblk1.genblk1.lut2 (4 -> 1)
  Optimizing lut $abc$15919$auto$blifparse.cc:525:parse_blif$16564.genblk1.genblk1.genblk1.genblk1.genblk1.genblk1.lut3 (4 -> 1)
  Optimizing lut $abc$15919$auto$blifparse.cc:525:parse_blif$16553.genblk1.genblk1.genblk1.genblk1.genblk1.genblk1.lut1 (4 -> 0)
  Optimizing lut $abc$15919$auto$blifparse.cc:525:parse_blif$16553.genblk1.genblk1.genblk1.genblk1.genblk1.genblk1.lut2 (4 -> 0)
  Optimizing lut $abc$15919$auto$blifparse.cc:525:parse_blif$16555.genblk1.genblk1.genblk1.genblk1.genblk1.genblk1.lut3 (4 -> 0)
  Optimizing lut $abc$15919$auto$blifparse.cc:525:parse_blif$16557.genblk1.genblk1.genblk1.genblk1.genblk1.genblk1.lut3 (4 -> 0)
  Optimizing lut $abc$15919$auto$blifparse.cc:525:parse_blif$16558.genblk1.genblk1.genblk1.genblk1.genblk1.lut1 (4 -> 0)
  Optimizing lut $abc$15919$auto$blifparse.cc:525:parse_blif$16602.genblk1.genblk1.genblk1.genblk1.genblk1.lut1 (4 -> 0)
  Optimizing lut $abc$15919$auto$blifparse.cc:525:parse_blif$16603.genblk1.genblk1.genblk1.genblk1.genblk1.lut1 (4 -> 2)
  Optimizing lut $abc$15919$auto$blifparse.cc:525:parse_blif$16540.genblk1.genblk1.genblk1.genblk1.genblk1.genblk1.lut1 (4 -> 1)
  Optimizing lut $abc$15919$auto$blifparse.cc:525:parse_blif$16540.genblk1.genblk1.genblk1.genblk1.genblk1.genblk1.lut2 (4 -> 1)
  Optimizing lut $abc$15919$auto$blifparse.cc:525:parse_blif$16540.genblk1.genblk1.genblk1.genblk1.genblk1.genblk1.lut3 (4 -> 1)
  Optimizing lut $abc$15919$auto$blifparse.cc:525:parse_blif$16607.genblk1.genblk1.genblk1.genblk1.genblk1.genblk1.lut2 (4 -> 0)
  Optimizing lut $abc$15919$auto$blifparse.cc:525:parse_blif$16611.genblk1.genblk1.genblk1.genblk1.genblk1.genblk1.lut3 (4 -> 0)
  Optimizing lut $abc$15919$auto$blifparse.cc:525:parse_blif$16670.genblk1.genblk1.genblk1.genblk1.genblk1.genblk1.genblk1.lut2 (4 -> 1)
  Optimizing lut $abc$15919$auto$blifparse.cc:525:parse_blif$16670.genblk1.genblk1.genblk1.genblk1.genblk1.genblk1.genblk1.lut3 (4 -> 1)
  Optimizing lut $abc$15919$auto$blifparse.cc:525:parse_blif$16670.genblk1.genblk1.genblk1.genblk1.genblk1.genblk1.genblk1.lut4 (4 -> 2)
  Optimizing lut $abc$15919$auto$blifparse.cc:525:parse_blif$16670.genblk1.genblk1.genblk1.genblk1.genblk1.genblk1.genblk1.lut5 (4 -> 1)
  Optimizing lut $abc$15919$auto$blifparse.cc:525:parse_blif$16670.genblk1.genblk1.genblk1.genblk1.genblk1.genblk1.genblk1.lut6 (4 -> 2)
  Optimizing lut $abc$15919$auto$blifparse.cc:525:parse_blif$16670.genblk1.genblk1.genblk1.genblk1.genblk1.genblk1.genblk1.lut7 (4 -> 1)
  Optimizing lut $abc$15919$auto$blifparse.cc:525:parse_blif$16620.genblk1.genblk1.genblk1.genblk1.genblk1.lut1 (4 -> 0)
  Optimizing lut $abc$15919$auto$blifparse.cc:525:parse_blif$16621.genblk1.genblk1.genblk1.genblk1.genblk1.genblk1.lut1 (4 -> 0)
  Optimizing lut $abc$15919$auto$blifparse.cc:525:parse_blif$16621.genblk1.genblk1.genblk1.genblk1.genblk1.genblk1.lut2 (4 -> 1)
  Optimizing lut $abc$15919$auto$blifparse.cc:525:parse_blif$16621.genblk1.genblk1.genblk1.genblk1.genblk1.genblk1.lut3 (4 -> 0)
  Optimizing lut $abc$15919$auto$blifparse.cc:525:parse_blif$16565.genblk1.genblk1.genblk1.genblk1.genblk1.genblk1.lut1 (4 -> 1)
  Optimizing lut $abc$15919$auto$blifparse.cc:525:parse_blif$16565.genblk1.genblk1.genblk1.genblk1.genblk1.genblk1.lut2 (4 -> 1)
  Optimizing lut $abc$15919$auto$blifparse.cc:525:parse_blif$16565.genblk1.genblk1.genblk1.genblk1.genblk1.genblk1.lut3 (4 -> 1)
  Optimizing lut $abc$15919$auto$blifparse.cc:525:parse_blif$16625.genblk1.genblk1.genblk1.genblk1.genblk1.genblk1.lut2 (4 -> 0)
  Optimizing lut $abc$15919$auto$blifparse.cc:525:parse_blif$16629.genblk1.genblk1.genblk1.genblk1.genblk1.genblk1.lut3 (4 -> 0)
  Optimizing lut $abc$15919$auto$blifparse.cc:525:parse_blif$16637.genblk1.genblk1.genblk1.genblk1.genblk1.genblk1.genblk1.lut2 (4 -> 3)
  Optimizing lut $abc$15919$auto$blifparse.cc:525:parse_blif$16637.genblk1.genblk1.genblk1.genblk1.genblk1.genblk1.genblk1.lut3 (4 -> 0)
  Optimizing lut $abc$15919$auto$blifparse.cc:525:parse_blif$16637.genblk1.genblk1.genblk1.genblk1.genblk1.genblk1.genblk1.lut4 (4 -> 1)
  Optimizing lut $abc$15919$auto$blifparse.cc:525:parse_blif$16637.genblk1.genblk1.genblk1.genblk1.genblk1.genblk1.genblk1.lut5 (4 -> 1)
  Optimizing lut $abc$15919$auto$blifparse.cc:525:parse_blif$16637.genblk1.genblk1.genblk1.genblk1.genblk1.genblk1.genblk1.lut6 (4 -> 1)
  Optimizing lut $abc$15919$auto$blifparse.cc:525:parse_blif$16637.genblk1.genblk1.genblk1.genblk1.genblk1.genblk1.genblk1.lut7 (4 -> 1)
  Optimizing lut $abc$15919$auto$blifparse.cc:525:parse_blif$16640.genblk1.genblk1.genblk1.genblk1.genblk1.lut1 (4 -> 2)
  Optimizing lut $abc$15919$auto$blifparse.cc:525:parse_blif$16652.genblk1.genblk1.genblk1.genblk1.genblk1.genblk1.lut3 (4 -> 0)
  Optimizing lut $abc$15919$auto$blifparse.cc:525:parse_blif$16647.genblk1.genblk1.genblk1.genblk1.genblk1.genblk1.lut2 (4 -> 0)
  Optimizing lut $abc$15919$auto$blifparse.cc:525:parse_blif$16647.genblk1.genblk1.genblk1.genblk1.genblk1.genblk1.lut3 (4 -> 0)
  Optimizing lut $abc$15919$auto$blifparse.cc:525:parse_blif$16649.genblk1.genblk1.genblk1.genblk1.genblk1.genblk1.genblk1.lut1 (4 -> 0)
  Optimizing lut $abc$15919$auto$blifparse.cc:525:parse_blif$16649.genblk1.genblk1.genblk1.genblk1.genblk1.genblk1.genblk1.lut2 (4 -> 0)
  Optimizing lut $abc$15919$auto$blifparse.cc:525:parse_blif$16649.genblk1.genblk1.genblk1.genblk1.genblk1.genblk1.genblk1.lut3 (4 -> 0)
  Optimizing lut $abc$15919$auto$blifparse.cc:525:parse_blif$16649.genblk1.genblk1.genblk1.genblk1.genblk1.genblk1.genblk1.lut4 (4 -> 0)
  Optimizing lut $abc$15919$auto$blifparse.cc:525:parse_blif$16649.genblk1.genblk1.genblk1.genblk1.genblk1.genblk1.genblk1.lut5 (4 -> 0)
  Optimizing lut $abc$15919$auto$blifparse.cc:525:parse_blif$16649.genblk1.genblk1.genblk1.genblk1.genblk1.genblk1.genblk1.lut6 (4 -> 0)
  Optimizing lut $abc$15919$auto$blifparse.cc:525:parse_blif$16648.genblk1.genblk1.genblk1.genblk1.genblk1.genblk1.genblk1.lut1 (4 -> 0)
  Optimizing lut $abc$15919$auto$blifparse.cc:525:parse_blif$16648.genblk1.genblk1.genblk1.genblk1.genblk1.genblk1.genblk1.lut2 (4 -> 0)
  Optimizing lut $abc$15919$auto$blifparse.cc:525:parse_blif$16648.genblk1.genblk1.genblk1.genblk1.genblk1.genblk1.genblk1.lut3 (4 -> 0)
  Optimizing lut $abc$15919$auto$blifparse.cc:525:parse_blif$16648.genblk1.genblk1.genblk1.genblk1.genblk1.genblk1.genblk1.lut5 (4 -> 0)
  Optimizing lut $abc$15919$auto$blifparse.cc:525:parse_blif$16648.genblk1.genblk1.genblk1.genblk1.genblk1.genblk1.genblk1.lut6 (4 -> 0)
  Optimizing lut $abc$15919$auto$blifparse.cc:525:parse_blif$16648.genblk1.genblk1.genblk1.genblk1.genblk1.genblk1.genblk1.lut7 (4 -> 0)
  Optimizing lut $abc$15919$auto$blifparse.cc:525:parse_blif$16597.genblk1.genblk1.genblk1.genblk1.genblk1.genblk1.lut2 (4 -> 1)
  Optimizing lut $abc$15919$auto$blifparse.cc:525:parse_blif$16597.genblk1.genblk1.genblk1.genblk1.genblk1.genblk1.lut3 (4 -> 1)
  Optimizing lut $abc$15919$auto$blifparse.cc:525:parse_blif$16598.genblk1.genblk1.genblk1.genblk1.genblk1.genblk1.lut1 (4 -> 1)
  Optimizing lut $abc$15919$auto$blifparse.cc:525:parse_blif$16598.genblk1.genblk1.genblk1.genblk1.genblk1.genblk1.lut2 (4 -> 1)
  Optimizing lut $abc$15919$auto$blifparse.cc:525:parse_blif$16598.genblk1.genblk1.genblk1.genblk1.genblk1.genblk1.lut3 (4 -> 1)
  Optimizing lut $abc$15919$auto$blifparse.cc:525:parse_blif$16596.genblk1.genblk1.genblk1.genblk1.genblk1.lut1 (4 -> 2)
  Optimizing lut $abc$15919$auto$blifparse.cc:525:parse_blif$16585.genblk1.genblk1.genblk1.genblk1.genblk1.genblk1.lut1 (4 -> 0)
  Optimizing lut $abc$15919$auto$blifparse.cc:525:parse_blif$16585.genblk1.genblk1.genblk1.genblk1.genblk1.genblk1.lut2 (4 -> 0)
  Optimizing lut $abc$15919$auto$blifparse.cc:525:parse_blif$16588.genblk1.genblk1.genblk1.genblk1.genblk1.genblk1.lut3 (4 -> 0)
  Optimizing lut $abc$15919$auto$blifparse.cc:525:parse_blif$16590.genblk1.genblk1.genblk1.genblk1.genblk1.genblk1.lut3 (4 -> 0)
  Optimizing lut $abc$15919$auto$blifparse.cc:525:parse_blif$16591.genblk1.genblk1.genblk1.genblk1.genblk1.lut1 (4 -> 0)
  Optimizing lut $abc$15919$auto$blifparse.cc:525:parse_blif$16504.genblk1.genblk1.genblk1.genblk1.genblk1.genblk1.lut2 (4 -> 2)
  Optimizing lut $abc$15919$auto$blifparse.cc:525:parse_blif$16504.genblk1.genblk1.genblk1.genblk1.genblk1.genblk1.lut3 (4 -> 2)
  Optimizing lut $abc$15919$auto$blifparse.cc:525:parse_blif$16520.genblk1.genblk1.genblk1.genblk1.genblk1.genblk1.lut1 (4 -> 1)
  Optimizing lut $abc$15919$auto$blifparse.cc:525:parse_blif$16520.genblk1.genblk1.genblk1.genblk1.genblk1.genblk1.lut2 (4 -> 2)
  Optimizing lut $abc$15919$auto$blifparse.cc:525:parse_blif$16520.genblk1.genblk1.genblk1.genblk1.genblk1.genblk1.lut3 (4 -> 2)
  Optimizing lut $abc$15919$auto$blifparse.cc:525:parse_blif$16512.genblk1.genblk1.genblk1.genblk1.genblk1.genblk1.lut2 (4 -> 0)
  Optimizing lut $abc$15919$auto$blifparse.cc:525:parse_blif$16513.genblk1.genblk1.genblk1.genblk1.genblk1.genblk1.genblk1.lut3 (4 -> 0)
  Optimizing lut $abc$15919$auto$blifparse.cc:525:parse_blif$16513.genblk1.genblk1.genblk1.genblk1.genblk1.genblk1.genblk1.lut4 (4 -> 0)
  Optimizing lut $abc$15919$auto$blifparse.cc:525:parse_blif$16513.genblk1.genblk1.genblk1.genblk1.genblk1.genblk1.genblk1.lut5 (4 -> 0)
  Optimizing lut $abc$15919$auto$blifparse.cc:525:parse_blif$16513.genblk1.genblk1.genblk1.genblk1.genblk1.genblk1.genblk1.lut6 (4 -> 0)
  Optimizing lut $abc$15919$auto$blifparse.cc:525:parse_blif$16513.genblk1.genblk1.genblk1.genblk1.genblk1.genblk1.genblk1.lut7 (4 -> 0)
  Optimizing lut $abc$15919$auto$blifparse.cc:525:parse_blif$16516.genblk1.genblk1.genblk1.genblk1.genblk1.genblk1.lut3 (4 -> 0)
  Optimizing lut $abc$15919$auto$blifparse.cc:525:parse_blif$16518.genblk1.genblk1.genblk1.genblk1.genblk1.genblk1.genblk1.lut2 (4 -> 3)
  Optimizing lut $abc$15919$auto$blifparse.cc:525:parse_blif$16518.genblk1.genblk1.genblk1.genblk1.genblk1.genblk1.genblk1.lut3 (4 -> 0)
  Optimizing lut $abc$15919$auto$blifparse.cc:525:parse_blif$16518.genblk1.genblk1.genblk1.genblk1.genblk1.genblk1.genblk1.lut6 (4 -> 0)
  Optimizing lut $abc$15919$auto$blifparse.cc:525:parse_blif$16519.genblk1.genblk1.genblk1.genblk1.genblk1.genblk1.genblk1.lut1 (4 -> 0)
  Optimizing lut $abc$15919$auto$blifparse.cc:525:parse_blif$16519.genblk1.genblk1.genblk1.genblk1.genblk1.genblk1.genblk1.lut2 (4 -> 0)
  Optimizing lut $abc$15919$auto$blifparse.cc:525:parse_blif$16519.genblk1.genblk1.genblk1.genblk1.genblk1.genblk1.genblk1.lut3 (4 -> 0)
  Optimizing lut $abc$15919$auto$blifparse.cc:525:parse_blif$16519.genblk1.genblk1.genblk1.genblk1.genblk1.genblk1.genblk1.lut4 (4 -> 0)
  Optimizing lut $abc$15919$auto$blifparse.cc:525:parse_blif$16519.genblk1.genblk1.genblk1.genblk1.genblk1.genblk1.genblk1.lut5 (4 -> 0)
  Optimizing lut $abc$15919$auto$blifparse.cc:525:parse_blif$16519.genblk1.genblk1.genblk1.genblk1.genblk1.genblk1.genblk1.lut6 (4 -> 0)
  Optimizing lut $abc$15919$auto$blifparse.cc:525:parse_blif$16522.genblk1.genblk1.genblk1.genblk1.genblk1.lut1 (4 -> 1)
  Optimizing lut $abc$15919$auto$blifparse.cc:525:parse_blif$16472.genblk1.genblk1.genblk1.genblk1.genblk1.genblk1.lut2 (4 -> 2)
  Optimizing lut $abc$15919$auto$blifparse.cc:525:parse_blif$16472.genblk1.genblk1.genblk1.genblk1.genblk1.genblk1.lut3 (4 -> 2)
  Optimizing lut $abc$15919$auto$blifparse.cc:525:parse_blif$16523.genblk1.genblk1.genblk1.genblk1.genblk1.lut1 (4 -> 0)
  Optimizing lut $abc$15919$auto$blifparse.cc:525:parse_blif$16488.genblk1.genblk1.genblk1.genblk1.genblk1.genblk1.lut1 (4 -> 1)
  Optimizing lut $abc$15919$auto$blifparse.cc:525:parse_blif$16488.genblk1.genblk1.genblk1.genblk1.genblk1.genblk1.lut2 (4 -> 2)
  Optimizing lut $abc$15919$auto$blifparse.cc:525:parse_blif$16488.genblk1.genblk1.genblk1.genblk1.genblk1.genblk1.lut3 (4 -> 2)
  Optimizing lut $abc$15919$auto$blifparse.cc:525:parse_blif$16508.genblk1.genblk1.genblk1.genblk1.genblk1.lut1 (4 -> 2)
  Optimizing lut $abc$15919$auto$blifparse.cc:525:parse_blif$16524.genblk1.genblk1.genblk1.genblk1.genblk1.genblk1.lut2 (4 -> 1)
  Optimizing lut $abc$15919$auto$blifparse.cc:525:parse_blif$16524.genblk1.genblk1.genblk1.genblk1.genblk1.genblk1.lut3 (4 -> 1)
  Optimizing lut $abc$15919$auto$blifparse.cc:525:parse_blif$16480.genblk1.genblk1.genblk1.genblk1.genblk1.genblk1.lut2 (4 -> 0)
  Optimizing lut $abc$15919$auto$blifparse.cc:525:parse_blif$16481.genblk1.genblk1.genblk1.genblk1.genblk1.genblk1.genblk1.lut3 (4 -> 0)
  Optimizing lut $abc$15919$auto$blifparse.cc:525:parse_blif$16481.genblk1.genblk1.genblk1.genblk1.genblk1.genblk1.genblk1.lut4 (4 -> 0)
  Optimizing lut $abc$15919$auto$blifparse.cc:525:parse_blif$16481.genblk1.genblk1.genblk1.genblk1.genblk1.genblk1.genblk1.lut5 (4 -> 0)
  Optimizing lut $abc$15919$auto$blifparse.cc:525:parse_blif$16481.genblk1.genblk1.genblk1.genblk1.genblk1.genblk1.genblk1.lut6 (4 -> 0)
  Optimizing lut $abc$15919$auto$blifparse.cc:525:parse_blif$16481.genblk1.genblk1.genblk1.genblk1.genblk1.genblk1.genblk1.lut7 (4 -> 0)
  Optimizing lut $abc$15919$auto$blifparse.cc:525:parse_blif$16484.genblk1.genblk1.genblk1.genblk1.genblk1.genblk1.lut3 (4 -> 0)
  Optimizing lut $abc$15919$auto$blifparse.cc:525:parse_blif$16486.genblk1.genblk1.genblk1.genblk1.genblk1.genblk1.genblk1.lut2 (4 -> 3)
  Optimizing lut $abc$15919$auto$blifparse.cc:525:parse_blif$16486.genblk1.genblk1.genblk1.genblk1.genblk1.genblk1.genblk1.lut3 (4 -> 0)
  Optimizing lut $abc$15919$auto$blifparse.cc:525:parse_blif$16486.genblk1.genblk1.genblk1.genblk1.genblk1.genblk1.genblk1.lut6 (4 -> 0)
  Optimizing lut $abc$15919$auto$blifparse.cc:525:parse_blif$16487.genblk1.genblk1.genblk1.genblk1.genblk1.genblk1.genblk1.lut1 (4 -> 0)
  Optimizing lut $abc$15919$auto$blifparse.cc:525:parse_blif$16487.genblk1.genblk1.genblk1.genblk1.genblk1.genblk1.genblk1.lut2 (4 -> 0)
  Optimizing lut $abc$15919$auto$blifparse.cc:525:parse_blif$16487.genblk1.genblk1.genblk1.genblk1.genblk1.genblk1.genblk1.lut3 (4 -> 0)
  Optimizing lut $abc$15919$auto$blifparse.cc:525:parse_blif$16487.genblk1.genblk1.genblk1.genblk1.genblk1.genblk1.genblk1.lut4 (4 -> 0)
  Optimizing lut $abc$15919$auto$blifparse.cc:525:parse_blif$16487.genblk1.genblk1.genblk1.genblk1.genblk1.genblk1.genblk1.lut5 (4 -> 0)
  Optimizing lut $abc$15919$auto$blifparse.cc:525:parse_blif$16487.genblk1.genblk1.genblk1.genblk1.genblk1.genblk1.genblk1.lut6 (4 -> 0)
  Optimizing lut $abc$15919$auto$blifparse.cc:525:parse_blif$16525.genblk1.genblk1.genblk1.genblk1.genblk1.genblk1.lut1 (4 -> 1)
  Optimizing lut $abc$15919$auto$blifparse.cc:525:parse_blif$16525.genblk1.genblk1.genblk1.genblk1.genblk1.genblk1.lut2 (4 -> 1)
  Optimizing lut $abc$15919$auto$blifparse.cc:525:parse_blif$16525.genblk1.genblk1.genblk1.genblk1.genblk1.genblk1.lut3 (4 -> 1)
  Optimizing lut $abc$15919$auto$blifparse.cc:525:parse_blif$16496.genblk1.genblk1.genblk1.genblk1.genblk1.genblk1.lut2 (4 -> 0)
  Optimizing lut $abc$15919$auto$blifparse.cc:525:parse_blif$16497.genblk1.genblk1.genblk1.genblk1.genblk1.genblk1.genblk1.lut3 (4 -> 0)
  Optimizing lut $abc$15919$auto$blifparse.cc:525:parse_blif$16497.genblk1.genblk1.genblk1.genblk1.genblk1.genblk1.genblk1.lut4 (4 -> 0)
  Optimizing lut $abc$15919$auto$blifparse.cc:525:parse_blif$16497.genblk1.genblk1.genblk1.genblk1.genblk1.genblk1.genblk1.lut5 (4 -> 0)
  Optimizing lut $abc$15919$auto$blifparse.cc:525:parse_blif$16497.genblk1.genblk1.genblk1.genblk1.genblk1.genblk1.genblk1.lut6 (4 -> 0)
  Optimizing lut $abc$15919$auto$blifparse.cc:525:parse_blif$16497.genblk1.genblk1.genblk1.genblk1.genblk1.genblk1.genblk1.lut7 (4 -> 0)
  Optimizing lut $abc$15919$auto$blifparse.cc:525:parse_blif$16500.genblk1.genblk1.genblk1.genblk1.genblk1.genblk1.lut3 (4 -> 0)
  Optimizing lut $abc$15919$auto$blifparse.cc:525:parse_blif$16502.genblk1.genblk1.genblk1.genblk1.genblk1.genblk1.genblk1.lut2 (4 -> 3)
  Optimizing lut $abc$15919$auto$blifparse.cc:525:parse_blif$16502.genblk1.genblk1.genblk1.genblk1.genblk1.genblk1.genblk1.lut3 (4 -> 0)
  Optimizing lut $abc$15919$auto$blifparse.cc:525:parse_blif$16502.genblk1.genblk1.genblk1.genblk1.genblk1.genblk1.genblk1.lut6 (4 -> 0)
  Optimizing lut $abc$15919$auto$blifparse.cc:525:parse_blif$16503.genblk1.genblk1.genblk1.genblk1.genblk1.genblk1.genblk1.lut1 (4 -> 0)
  Optimizing lut $abc$15919$auto$blifparse.cc:525:parse_blif$16503.genblk1.genblk1.genblk1.genblk1.genblk1.genblk1.genblk1.lut2 (4 -> 0)
  Optimizing lut $abc$15919$auto$blifparse.cc:525:parse_blif$16503.genblk1.genblk1.genblk1.genblk1.genblk1.genblk1.genblk1.lut3 (4 -> 0)
  Optimizing lut $abc$15919$auto$blifparse.cc:525:parse_blif$16503.genblk1.genblk1.genblk1.genblk1.genblk1.genblk1.genblk1.lut4 (4 -> 0)
  Optimizing lut $abc$15919$auto$blifparse.cc:525:parse_blif$16503.genblk1.genblk1.genblk1.genblk1.genblk1.genblk1.genblk1.lut5 (4 -> 0)
  Optimizing lut $abc$15919$auto$blifparse.cc:525:parse_blif$16503.genblk1.genblk1.genblk1.genblk1.genblk1.genblk1.genblk1.lut6 (4 -> 0)
  Optimizing lut $abc$15919$auto$blifparse.cc:525:parse_blif$16475.genblk1.genblk1.genblk1.genblk1.genblk1.lut1 (4 -> 0)
  Optimizing lut $abc$15919$auto$blifparse.cc:525:parse_blif$16478.genblk1.genblk1.genblk1.genblk1.genblk1.genblk1.lut2 (4 -> 1)
  Optimizing lut $abc$15919$auto$blifparse.cc:525:parse_blif$16478.genblk1.genblk1.genblk1.genblk1.genblk1.genblk1.lut3 (4 -> 1)
  Optimizing lut $abc$15919$auto$blifparse.cc:525:parse_blif$16527.genblk1.genblk1.genblk1.genblk1.genblk1.genblk1.lut2 (4 -> 0)
  Optimizing lut $abc$15919$auto$blifparse.cc:525:parse_blif$16529.genblk1.genblk1.genblk1.genblk1.genblk1.genblk1.lut3 (4 -> 0)
  Optimizing lut $abc$15919$auto$blifparse.cc:525:parse_blif$16528.genblk1.genblk1.genblk1.genblk1.genblk1.genblk1.genblk1.lut1 (4 -> 0)
  Optimizing lut $abc$15919$auto$blifparse.cc:525:parse_blif$16528.genblk1.genblk1.genblk1.genblk1.genblk1.genblk1.genblk1.lut2 (4 -> 0)
  Optimizing lut $abc$15919$auto$blifparse.cc:525:parse_blif$16528.genblk1.genblk1.genblk1.genblk1.genblk1.genblk1.genblk1.lut3 (4 -> 0)
  Optimizing lut $abc$15919$auto$blifparse.cc:525:parse_blif$16528.genblk1.genblk1.genblk1.genblk1.genblk1.genblk1.genblk1.lut4 (4 -> 3)
  Optimizing lut $abc$15919$auto$blifparse.cc:525:parse_blif$16528.genblk1.genblk1.genblk1.genblk1.genblk1.genblk1.genblk1.lut5 (4 -> 1)
  Optimizing lut $abc$15919$auto$blifparse.cc:525:parse_blif$16528.genblk1.genblk1.genblk1.genblk1.genblk1.genblk1.genblk1.lut6 (4 -> 3)
  Optimizing lut $abc$15919$auto$blifparse.cc:525:parse_blif$16528.genblk1.genblk1.genblk1.genblk1.genblk1.genblk1.genblk1.lut7 (4 -> 1)
  Optimizing lut $abc$15919$auto$blifparse.cc:525:parse_blif$16492.genblk1.genblk1.genblk1.genblk1.genblk1.lut1 (4 -> 2)
  Optimizing lut $abc$15919$auto$blifparse.cc:525:parse_blif$16494.genblk1.genblk1.genblk1.genblk1.genblk1.genblk1.lut2 (4 -> 1)
  Optimizing lut $abc$15919$auto$blifparse.cc:525:parse_blif$16494.genblk1.genblk1.genblk1.genblk1.genblk1.genblk1.lut3 (4 -> 1)
  Optimizing lut $abc$15919$auto$blifparse.cc:525:parse_blif$16042.genblk1.genblk1.genblk1.genblk1.genblk1.genblk1.lut2 (4 -> 2)
  Optimizing lut $abc$15919$auto$blifparse.cc:525:parse_blif$16042.genblk1.genblk1.genblk1.genblk1.genblk1.genblk1.lut3 (4 -> 2)
  Optimizing lut $abc$15919$auto$blifparse.cc:525:parse_blif$15968.genblk1.genblk1.genblk1.genblk1.genblk1.genblk1.lut1 (4 -> 0)
  Optimizing lut $abc$15919$auto$blifparse.cc:525:parse_blif$15968.genblk1.genblk1.genblk1.genblk1.genblk1.genblk1.lut2 (4 -> 1)
  Optimizing lut $abc$15919$auto$blifparse.cc:525:parse_blif$15968.genblk1.genblk1.genblk1.genblk1.genblk1.genblk1.lut3 (4 -> 3)
  Optimizing lut $abc$15919$auto$blifparse.cc:525:parse_blif$15994.genblk1.genblk1.genblk1.genblk1.genblk1.genblk1.lut1 (4 -> 2)
  Optimizing lut $abc$15919$auto$blifparse.cc:525:parse_blif$15994.genblk1.genblk1.genblk1.genblk1.genblk1.genblk1.lut2 (4 -> 0)
  Optimizing lut $abc$15919$auto$blifparse.cc:525:parse_blif$15994.genblk1.genblk1.genblk1.genblk1.genblk1.genblk1.lut3 (4 -> 0)
  Optimizing lut $abc$15919$auto$blifparse.cc:525:parse_blif$15995.genblk1.genblk1.genblk1.genblk1.genblk1.lut1 (4 -> 2)
  Optimizing lut $abc$15919$auto$blifparse.cc:525:parse_blif$16021.genblk1.genblk1.genblk1.genblk1.genblk1.genblk1.lut3 (4 -> 3)
  Optimizing lut $abc$15919$auto$blifparse.cc:525:parse_blif$16007.genblk1.genblk1.genblk1.genblk1.genblk1.genblk1.lut1 (4 -> 0)
  Optimizing lut $abc$15919$auto$blifparse.cc:525:parse_blif$16007.genblk1.genblk1.genblk1.genblk1.genblk1.genblk1.lut3 (4 -> 0)
  Optimizing lut $abc$15919$auto$blifparse.cc:525:parse_blif$16025.genblk1.genblk1.genblk1.genblk1.genblk1.lut1 (4 -> 2)
  Optimizing lut $abc$15919$auto$blifparse.cc:525:parse_blif$16029.genblk1.genblk1.genblk1.genblk1.genblk1.lut1 (4 -> 2)
  Optimizing lut $abc$15919$auto$blifparse.cc:525:parse_blif$16087.genblk1.genblk1.genblk1.genblk1.genblk1.genblk1.lut2 (4 -> 2)
  Optimizing lut $abc$15919$auto$blifparse.cc:525:parse_blif$16087.genblk1.genblk1.genblk1.genblk1.genblk1.genblk1.lut3 (4 -> 2)
  Optimizing lut $abc$15919$auto$blifparse.cc:525:parse_blif$16044.genblk1.genblk1.genblk1.genblk1.genblk1.genblk1.lut1 (4 -> 0)
  Optimizing lut $abc$15919$auto$blifparse.cc:525:parse_blif$16044.genblk1.genblk1.genblk1.genblk1.genblk1.genblk1.lut3 (4 -> 0)
  Optimizing lut $abc$15919$auto$blifparse.cc:525:parse_blif$16045.genblk1.genblk1.genblk1.genblk1.genblk1.genblk1.lut1 (4 -> 2)
  Optimizing lut $abc$15919$auto$blifparse.cc:525:parse_blif$16045.genblk1.genblk1.genblk1.genblk1.genblk1.genblk1.lut2 (4 -> 0)
  Optimizing lut $abc$15919$auto$blifparse.cc:525:parse_blif$16045.genblk1.genblk1.genblk1.genblk1.genblk1.genblk1.lut3 (4 -> 0)
  Optimizing lut $abc$15919$auto$blifparse.cc:525:parse_blif$16083.genblk1.genblk1.genblk1.genblk1.genblk1.genblk1.genblk1.lut2 (4 -> 3)
  Optimizing lut $abc$15919$auto$blifparse.cc:525:parse_blif$16083.genblk1.genblk1.genblk1.genblk1.genblk1.genblk1.genblk1.lut3 (4 -> 0)
  Optimizing lut $abc$15919$auto$blifparse.cc:525:parse_blif$16083.genblk1.genblk1.genblk1.genblk1.genblk1.genblk1.genblk1.lut4 (4 -> 3)
  Optimizing lut $abc$15919$auto$blifparse.cc:525:parse_blif$16083.genblk1.genblk1.genblk1.genblk1.genblk1.genblk1.genblk1.lut5 (4 -> 0)
  Optimizing lut $abc$15919$auto$blifparse.cc:525:parse_blif$16089.genblk1.genblk1.genblk1.genblk1.genblk1.genblk1.lut2 (4 -> 0)
  Optimizing lut $abc$15919$auto$blifparse.cc:525:parse_blif$16089.genblk1.genblk1.genblk1.genblk1.genblk1.genblk1.lut3 (4 -> 0)
  Optimizing lut $abc$15919$auto$blifparse.cc:525:parse_blif$16090.genblk1.genblk1.genblk1.genblk1.genblk1.genblk1.lut1 (4 -> 0)
  Optimizing lut $abc$15919$auto$blifparse.cc:525:parse_blif$16090.genblk1.genblk1.genblk1.genblk1.genblk1.genblk1.lut3 (4 -> 2)
  Optimizing lut $abc$15919$auto$blifparse.cc:525:parse_blif$16105.genblk1.genblk1.genblk1.genblk1.genblk1.lut1 (4 -> 0)
  Optimizing lut $abc$15919$auto$blifparse.cc:525:parse_blif$16109.genblk1.genblk1.genblk1.genblk1.genblk1.lut1 (4 -> 2)
  Optimizing lut $abc$15919$auto$blifparse.cc:525:parse_blif$16117.genblk1.genblk1.genblk1.genblk1.genblk1.lut1 (4 -> 2)
  Optimizing lut $abc$15919$auto$blifparse.cc:525:parse_blif$16192.genblk1.genblk1.genblk1.genblk1.genblk1.genblk1.lut2 (4 -> 2)
  Optimizing lut $abc$15919$auto$blifparse.cc:525:parse_blif$16192.genblk1.genblk1.genblk1.genblk1.genblk1.genblk1.lut3 (4 -> 2)
  Optimizing lut $abc$15919$auto$blifparse.cc:525:parse_blif$16170.genblk1.genblk1.genblk1.genblk1.genblk1.genblk1.lut1 (4 -> 0)
  Optimizing lut $abc$15919$auto$blifparse.cc:525:parse_blif$16170.genblk1.genblk1.genblk1.genblk1.genblk1.genblk1.lut3 (4 -> 0)
  Optimizing lut $abc$15919$auto$blifparse.cc:525:parse_blif$15996.genblk1.genblk1.genblk1.genblk1.genblk1.genblk1.lut2 (4 -> 1)
  Optimizing lut $abc$15919$auto$blifparse.cc:525:parse_blif$15996.genblk1.genblk1.genblk1.genblk1.genblk1.genblk1.lut3 (4 -> 1)
  Optimizing lut $abc$15919$auto$blifparse.cc:525:parse_blif$16176.genblk1.genblk1.genblk1.genblk1.genblk1.lut1 (4 -> 2)
  Optimizing lut $abc$15919$auto$blifparse.cc:525:parse_blif$16032.genblk1.genblk1.genblk1.genblk1.genblk1.genblk1.lut2 (4 -> 1)
  Optimizing lut $abc$15919$auto$blifparse.cc:525:parse_blif$16032.genblk1.genblk1.genblk1.genblk1.genblk1.genblk1.lut3 (4 -> 1)
  Optimizing lut $abc$15919$auto$blifparse.cc:525:parse_blif$16215.genblk1.genblk1.genblk1.genblk1.genblk1.genblk1.lut2 (4 -> 2)
  Optimizing lut $abc$15919$auto$blifparse.cc:525:parse_blif$16215.genblk1.genblk1.genblk1.genblk1.genblk1.genblk1.lut3 (4 -> 2)
  Optimizing lut $abc$15919$auto$blifparse.cc:525:parse_blif$16194.genblk1.genblk1.genblk1.genblk1.genblk1.genblk1.lut1 (4 -> 0)
  Optimizing lut $abc$15919$auto$blifparse.cc:525:parse_blif$16194.genblk1.genblk1.genblk1.genblk1.genblk1.genblk1.lut3 (4 -> 0)
  Optimizing lut $abc$15919$auto$blifparse.cc:525:parse_blif$16049.genblk1.genblk1.genblk1.genblk1.genblk1.genblk1.lut2 (4 -> 1)
  Optimizing lut $abc$15919$auto$blifparse.cc:525:parse_blif$16049.genblk1.genblk1.genblk1.genblk1.genblk1.genblk1.lut3 (4 -> 1)
  Optimizing lut $abc$15919$auto$blifparse.cc:525:parse_blif$16217.genblk1.genblk1.genblk1.genblk1.genblk1.genblk1.lut2 (4 -> 0)
  Optimizing lut $abc$15919$auto$blifparse.cc:525:parse_blif$16217.genblk1.genblk1.genblk1.genblk1.genblk1.genblk1.lut3 (4 -> 0)
  Optimizing lut $abc$15919$auto$blifparse.cc:525:parse_blif$16120.genblk1.genblk1.genblk1.genblk1.genblk1.genblk1.lut2 (4 -> 1)
  Optimizing lut $abc$15919$auto$blifparse.cc:525:parse_blif$16120.genblk1.genblk1.genblk1.genblk1.genblk1.genblk1.lut3 (4 -> 1)
  Optimizing lut $abc$15919$auto$blifparse.cc:525:parse_blif$16223.genblk1.genblk1.genblk1.genblk1.genblk1.genblk1.lut2 (4 -> 3)
  Optimizing lut $abc$15919$auto$blifparse.cc:525:parse_blif$16223.genblk1.genblk1.genblk1.genblk1.genblk1.genblk1.lut3 (4 -> 2)
  Optimizing lut $abc$15919$auto$blifparse.cc:525:parse_blif$16229.genblk1.genblk1.genblk1.genblk1.genblk1.genblk1.lut2 (4 -> 0)
  Optimizing lut $abc$15919$auto$blifparse.cc:525:parse_blif$16230.genblk1.genblk1.genblk1.genblk1.genblk1.genblk1.genblk1.lut1 (4 -> 0)
  Optimizing lut $abc$15919$auto$blifparse.cc:525:parse_blif$16230.genblk1.genblk1.genblk1.genblk1.genblk1.genblk1.genblk1.lut2 (4 -> 0)
  Optimizing lut $abc$15919$auto$blifparse.cc:525:parse_blif$16230.genblk1.genblk1.genblk1.genblk1.genblk1.genblk1.genblk1.lut3 (4 -> 0)
  Optimizing lut $abc$15919$auto$blifparse.cc:525:parse_blif$16230.genblk1.genblk1.genblk1.genblk1.genblk1.genblk1.genblk1.lut4 (4 -> 1)
  Optimizing lut $abc$15919$auto$blifparse.cc:525:parse_blif$16230.genblk1.genblk1.genblk1.genblk1.genblk1.genblk1.genblk1.lut5 (4 -> 1)
  Optimizing lut $abc$15919$auto$blifparse.cc:525:parse_blif$16230.genblk1.genblk1.genblk1.genblk1.genblk1.genblk1.genblk1.lut6 (4 -> 1)
  Optimizing lut $abc$15919$auto$blifparse.cc:525:parse_blif$16230.genblk1.genblk1.genblk1.genblk1.genblk1.genblk1.genblk1.lut7 (4 -> 1)
  Optimizing lut $abc$15919$auto$blifparse.cc:525:parse_blif$16112.genblk1.genblk1.genblk1.genblk1.genblk1.genblk1.lut1 (4 -> 1)
  Optimizing lut $abc$15919$auto$blifparse.cc:525:parse_blif$16112.genblk1.genblk1.genblk1.genblk1.genblk1.genblk1.lut2 (4 -> 1)
  Optimizing lut $abc$15919$auto$blifparse.cc:525:parse_blif$16112.genblk1.genblk1.genblk1.genblk1.genblk1.genblk1.lut3 (4 -> 1)
  Optimizing lut $abc$15919$auto$blifparse.cc:525:parse_blif$16238.genblk1.genblk1.genblk1.genblk1.genblk1.genblk1.lut2 (4 -> 0)
  Optimizing lut $abc$15919$auto$blifparse.cc:525:parse_blif$16238.genblk1.genblk1.genblk1.genblk1.genblk1.genblk1.lut3 (4 -> 0)
  Optimizing lut $abc$15919$auto$blifparse.cc:525:parse_blif$16240.genblk1.genblk1.genblk1.genblk1.genblk1.genblk1.lut2 (4 -> 3)
  Optimizing lut $abc$15919$auto$blifparse.cc:525:parse_blif$16240.genblk1.genblk1.genblk1.genblk1.genblk1.genblk1.lut3 (4 -> 2)
  Optimizing lut $abc$15919$auto$blifparse.cc:525:parse_blif$16255.genblk1.genblk1.genblk1.genblk1.genblk1.genblk1.lut1 (4 -> 1)
  Optimizing lut $abc$15919$auto$blifparse.cc:525:parse_blif$16255.genblk1.genblk1.genblk1.genblk1.genblk1.genblk1.lut2 (4 -> 1)
  Optimizing lut $abc$15919$auto$blifparse.cc:525:parse_blif$16255.genblk1.genblk1.genblk1.genblk1.genblk1.genblk1.lut3 (4 -> 1)
  Optimizing lut $abc$15919$auto$blifparse.cc:525:parse_blif$16273.genblk1.genblk1.genblk1.genblk1.genblk1.genblk1.lut2 (4 -> 2)
  Optimizing lut $abc$15919$auto$blifparse.cc:525:parse_blif$16273.genblk1.genblk1.genblk1.genblk1.genblk1.genblk1.lut3 (4 -> 2)
  Optimizing lut $abc$15919$auto$blifparse.cc:525:parse_blif$16023.genblk1.genblk1.genblk1.genblk1.genblk1.genblk1.lut1 (4 -> 0)
  Optimizing lut $abc$15919$auto$blifparse.cc:525:parse_blif$16023.genblk1.genblk1.genblk1.genblk1.genblk1.genblk1.lut2 (4 -> 0)
  Optimizing lut $abc$15919$auto$blifparse.cc:525:parse_blif$16259.genblk1.genblk1.genblk1.genblk1.genblk1.genblk1.lut1 (4 -> 0)
  Optimizing lut $abc$15919$auto$blifparse.cc:525:parse_blif$16259.genblk1.genblk1.genblk1.genblk1.genblk1.genblk1.lut2 (4 -> 3)
  Optimizing lut $abc$15919$auto$blifparse.cc:525:parse_blif$16259.genblk1.genblk1.genblk1.genblk1.genblk1.genblk1.lut3 (4 -> 3)
  Optimizing lut $abc$15919$auto$blifparse.cc:525:parse_blif$16262.genblk1.genblk1.genblk1.genblk1.genblk1.genblk1.lut2 (4 -> 1)
  Optimizing lut $abc$15919$auto$blifparse.cc:525:parse_blif$16262.genblk1.genblk1.genblk1.genblk1.genblk1.genblk1.lut3 (4 -> 1)
  Optimizing lut $abc$15919$auto$blifparse.cc:525:parse_blif$16000.genblk1.genblk1.genblk1.genblk1.genblk1.genblk1.lut1 (4 -> 1)
  Optimizing lut $abc$15919$auto$blifparse.cc:525:parse_blif$16000.genblk1.genblk1.genblk1.genblk1.genblk1.genblk1.lut2 (4 -> 1)
  Optimizing lut $abc$15919$auto$blifparse.cc:525:parse_blif$16000.genblk1.genblk1.genblk1.genblk1.genblk1.genblk1.lut3 (4 -> 1)
  Optimizing lut $abc$15919$auto$blifparse.cc:525:parse_blif$16260.genblk1.genblk1.genblk1.genblk1.genblk1.genblk1.lut2 (4 -> 2)
  Optimizing lut $abc$15919$auto$blifparse.cc:525:parse_blif$16260.genblk1.genblk1.genblk1.genblk1.genblk1.genblk1.lut3 (4 -> 0)
  Optimizing lut $abc$15919$auto$blifparse.cc:525:parse_blif$16266.genblk1.genblk1.genblk1.genblk1.genblk1.genblk1.lut1 (4 -> 0)
  Optimizing lut $abc$15919$auto$blifparse.cc:525:parse_blif$16266.genblk1.genblk1.genblk1.genblk1.genblk1.genblk1.lut2 (4 -> 0)
  Optimizing lut $abc$15919$auto$blifparse.cc:525:parse_blif$16267.genblk1.genblk1.genblk1.genblk1.genblk1.genblk1.genblk1.lut1 (4 -> 0)
  Optimizing lut $abc$15919$auto$blifparse.cc:525:parse_blif$16267.genblk1.genblk1.genblk1.genblk1.genblk1.genblk1.genblk1.lut2 (4 -> 0)
  Optimizing lut $abc$15919$auto$blifparse.cc:525:parse_blif$16267.genblk1.genblk1.genblk1.genblk1.genblk1.genblk1.genblk1.lut3 (4 -> 0)
  Optimizing lut $abc$15919$auto$blifparse.cc:525:parse_blif$16267.genblk1.genblk1.genblk1.genblk1.genblk1.genblk1.genblk1.lut4 (4 -> 1)
  Optimizing lut $abc$15919$auto$blifparse.cc:525:parse_blif$16267.genblk1.genblk1.genblk1.genblk1.genblk1.genblk1.genblk1.lut5 (4 -> 1)
  Optimizing lut $abc$15919$auto$blifparse.cc:525:parse_blif$16267.genblk1.genblk1.genblk1.genblk1.genblk1.genblk1.genblk1.lut6 (4 -> 1)
  Optimizing lut $abc$15919$auto$blifparse.cc:525:parse_blif$16267.genblk1.genblk1.genblk1.genblk1.genblk1.genblk1.genblk1.lut7 (4 -> 1)
  Optimizing lut $abc$15919$auto$blifparse.cc:525:parse_blif$16034.genblk1.genblk1.genblk1.genblk1.genblk1.genblk1.lut1 (4 -> 1)
  Optimizing lut $abc$15919$auto$blifparse.cc:525:parse_blif$16034.genblk1.genblk1.genblk1.genblk1.genblk1.genblk1.lut2 (4 -> 1)
  Optimizing lut $abc$15919$auto$blifparse.cc:525:parse_blif$16034.genblk1.genblk1.genblk1.genblk1.genblk1.genblk1.lut3 (4 -> 1)
  Optimizing lut $abc$15919$auto$blifparse.cc:525:parse_blif$16293.genblk1.genblk1.genblk1.genblk1.genblk1.genblk1.lut2 (4 -> 2)
  Optimizing lut $abc$15919$auto$blifparse.cc:525:parse_blif$16293.genblk1.genblk1.genblk1.genblk1.genblk1.genblk1.lut3 (4 -> 2)
  Optimizing lut $abc$15919$auto$blifparse.cc:525:parse_blif$16277.genblk1.genblk1.genblk1.genblk1.genblk1.genblk1.lut2 (4 -> 1)
  Optimizing lut $abc$15919$auto$blifparse.cc:525:parse_blif$16277.genblk1.genblk1.genblk1.genblk1.genblk1.genblk1.lut3 (4 -> 1)
  Optimizing lut $abc$15919$auto$blifparse.cc:525:parse_blif$16053.genblk1.genblk1.genblk1.genblk1.genblk1.genblk1.lut1 (4 -> 1)
  Optimizing lut $abc$15919$auto$blifparse.cc:525:parse_blif$16053.genblk1.genblk1.genblk1.genblk1.genblk1.genblk1.lut2 (4 -> 1)
  Optimizing lut $abc$15919$auto$blifparse.cc:525:parse_blif$16053.genblk1.genblk1.genblk1.genblk1.genblk1.genblk1.lut3 (4 -> 1)
  Optimizing lut $abc$15919$auto$blifparse.cc:525:parse_blif$16282.genblk1.genblk1.genblk1.genblk1.genblk1.genblk1.lut2 (4 -> 3)
  Optimizing lut $abc$15919$auto$blifparse.cc:525:parse_blif$16282.genblk1.genblk1.genblk1.genblk1.genblk1.genblk1.lut3 (4 -> 1)
  Optimizing lut $abc$15919$auto$blifparse.cc:525:parse_blif$16283.genblk1.genblk1.genblk1.genblk1.genblk1.genblk1.lut1 (4 -> 0)
  Optimizing lut $abc$15919$auto$blifparse.cc:525:parse_blif$16283.genblk1.genblk1.genblk1.genblk1.genblk1.genblk1.lut2 (4 -> 0)
  Optimizing lut $abc$15919$auto$blifparse.cc:525:parse_blif$16284.genblk1.genblk1.genblk1.genblk1.genblk1.genblk1.genblk1.lut1 (4 -> 0)
  Optimizing lut $abc$15919$auto$blifparse.cc:525:parse_blif$16284.genblk1.genblk1.genblk1.genblk1.genblk1.genblk1.genblk1.lut2 (4 -> 0)
  Optimizing lut $abc$15919$auto$blifparse.cc:525:parse_blif$16284.genblk1.genblk1.genblk1.genblk1.genblk1.genblk1.genblk1.lut3 (4 -> 0)
  Optimizing lut $abc$15919$auto$blifparse.cc:525:parse_blif$16284.genblk1.genblk1.genblk1.genblk1.genblk1.genblk1.genblk1.lut4 (4 -> 1)
  Optimizing lut $abc$15919$auto$blifparse.cc:525:parse_blif$16284.genblk1.genblk1.genblk1.genblk1.genblk1.genblk1.genblk1.lut5 (4 -> 1)
  Optimizing lut $abc$15919$auto$blifparse.cc:525:parse_blif$16284.genblk1.genblk1.genblk1.genblk1.genblk1.genblk1.genblk1.lut6 (4 -> 1)
  Optimizing lut $abc$15919$auto$blifparse.cc:525:parse_blif$16284.genblk1.genblk1.genblk1.genblk1.genblk1.genblk1.genblk1.lut7 (4 -> 1)
  Optimizing lut $abc$15919$auto$blifparse.cc:525:parse_blif$16077.genblk1.genblk1.genblk1.genblk1.genblk1.genblk1.lut1 (4 -> 1)
  Optimizing lut $abc$15919$auto$blifparse.cc:525:parse_blif$16077.genblk1.genblk1.genblk1.genblk1.genblk1.genblk1.lut2 (4 -> 1)
  Optimizing lut $abc$15919$auto$blifparse.cc:525:parse_blif$16077.genblk1.genblk1.genblk1.genblk1.genblk1.genblk1.lut3 (4 -> 1)
  Optimizing lut $abc$15919$auto$blifparse.cc:525:parse_blif$16294.genblk1.genblk1.genblk1.genblk1.genblk1.genblk1.lut2 (4 -> 3)
  Optimizing lut $abc$15919$auto$blifparse.cc:525:parse_blif$16294.genblk1.genblk1.genblk1.genblk1.genblk1.genblk1.lut3 (4 -> 1)
  Optimizing lut $abc$15919$auto$blifparse.cc:525:parse_blif$16300.genblk1.genblk1.genblk1.genblk1.genblk1.genblk1.lut2 (4 -> 3)
  Optimizing lut $abc$15919$auto$blifparse.cc:525:parse_blif$16300.genblk1.genblk1.genblk1.genblk1.genblk1.genblk1.lut3 (4 -> 1)
  Optimizing lut $abc$15919$auto$blifparse.cc:525:parse_blif$16301.genblk1.genblk1.genblk1.genblk1.genblk1.genblk1.genblk1.lut1 (4 -> 0)
  Optimizing lut $abc$15919$auto$blifparse.cc:525:parse_blif$16301.genblk1.genblk1.genblk1.genblk1.genblk1.genblk1.genblk1.lut2 (4 -> 0)
  Optimizing lut $abc$15919$auto$blifparse.cc:525:parse_blif$16301.genblk1.genblk1.genblk1.genblk1.genblk1.genblk1.genblk1.lut3 (4 -> 0)
  Optimizing lut $abc$15919$auto$blifparse.cc:525:parse_blif$16301.genblk1.genblk1.genblk1.genblk1.genblk1.genblk1.genblk1.lut4 (4 -> 0)
  Optimizing lut $abc$15919$auto$blifparse.cc:525:parse_blif$16301.genblk1.genblk1.genblk1.genblk1.genblk1.genblk1.genblk1.lut5 (4 -> 0)
  Optimizing lut $abc$15919$auto$blifparse.cc:525:parse_blif$16301.genblk1.genblk1.genblk1.genblk1.genblk1.genblk1.genblk1.lut6 (4 -> 0)
  Optimizing lut $abc$15919$auto$blifparse.cc:525:parse_blif$16302.genblk1.genblk1.genblk1.genblk1.genblk1.genblk1.genblk1.lut1 (4 -> 0)
  Optimizing lut $abc$15919$auto$blifparse.cc:525:parse_blif$16302.genblk1.genblk1.genblk1.genblk1.genblk1.genblk1.genblk1.lut2 (4 -> 0)
  Optimizing lut $abc$15919$auto$blifparse.cc:525:parse_blif$16302.genblk1.genblk1.genblk1.genblk1.genblk1.genblk1.genblk1.lut3 (4 -> 0)
  Optimizing lut $abc$15919$auto$blifparse.cc:525:parse_blif$16302.genblk1.genblk1.genblk1.genblk1.genblk1.genblk1.genblk1.lut4 (4 -> 1)
  Optimizing lut $abc$15919$auto$blifparse.cc:525:parse_blif$16302.genblk1.genblk1.genblk1.genblk1.genblk1.genblk1.genblk1.lut5 (4 -> 1)
  Optimizing lut $abc$15919$auto$blifparse.cc:525:parse_blif$16302.genblk1.genblk1.genblk1.genblk1.genblk1.genblk1.genblk1.lut6 (4 -> 1)
  Optimizing lut $abc$15919$auto$blifparse.cc:525:parse_blif$16302.genblk1.genblk1.genblk1.genblk1.genblk1.genblk1.genblk1.lut7 (4 -> 1)
  Optimizing lut $abc$15919$auto$blifparse.cc:525:parse_blif$16114.genblk1.genblk1.genblk1.genblk1.genblk1.genblk1.lut1 (4 -> 1)
  Optimizing lut $abc$15919$auto$blifparse.cc:525:parse_blif$16114.genblk1.genblk1.genblk1.genblk1.genblk1.genblk1.lut2 (4 -> 1)
  Optimizing lut $abc$15919$auto$blifparse.cc:525:parse_blif$16114.genblk1.genblk1.genblk1.genblk1.genblk1.genblk1.lut3 (4 -> 1)
  Optimizing lut $abc$15919$auto$blifparse.cc:525:parse_blif$16308.genblk1.genblk1.genblk1.genblk1.genblk1.genblk1.genblk1.lut2 (4 -> 2)
  Optimizing lut $abc$15919$auto$blifparse.cc:525:parse_blif$16308.genblk1.genblk1.genblk1.genblk1.genblk1.genblk1.genblk1.lut3 (4 -> 0)
  Optimizing lut $abc$15919$auto$blifparse.cc:525:parse_blif$16308.genblk1.genblk1.genblk1.genblk1.genblk1.genblk1.genblk1.lut4 (4 -> 2)
  Optimizing lut $abc$15919$auto$blifparse.cc:525:parse_blif$16308.genblk1.genblk1.genblk1.genblk1.genblk1.genblk1.genblk1.lut5 (4 -> 0)
  Optimizing lut $abc$15919$auto$blifparse.cc:525:parse_blif$16308.genblk1.genblk1.genblk1.genblk1.genblk1.genblk1.genblk1.lut6 (4 -> 0)
  Optimizing lut $abc$15919$auto$blifparse.cc:525:parse_blif$16308.genblk1.genblk1.genblk1.genblk1.genblk1.genblk1.genblk1.lut7 (4 -> 0)
  Optimizing lut $abc$15919$auto$blifparse.cc:525:parse_blif$16311.genblk1.genblk1.genblk1.genblk1.genblk1.genblk1.lut2 (4 -> 3)
  Optimizing lut $abc$15919$auto$blifparse.cc:525:parse_blif$16311.genblk1.genblk1.genblk1.genblk1.genblk1.genblk1.lut3 (4 -> 1)
  Optimizing lut $abc$15919$auto$blifparse.cc:525:parse_blif$16313.genblk1.genblk1.genblk1.genblk1.genblk1.genblk1.lut2 (4 -> 1)
  Optimizing lut $abc$15919$auto$blifparse.cc:525:parse_blif$16313.genblk1.genblk1.genblk1.genblk1.genblk1.genblk1.lut3 (4 -> 1)
  Optimizing lut $abc$15919$auto$blifparse.cc:525:parse_blif$16316.genblk1.genblk1.genblk1.genblk1.genblk1.genblk1.genblk1.lut2 (4 -> 0)
  Optimizing lut $abc$15919$auto$blifparse.cc:525:parse_blif$16316.genblk1.genblk1.genblk1.genblk1.genblk1.genblk1.genblk1.lut3 (4 -> 1)
  Optimizing lut $abc$15919$auto$blifparse.cc:525:parse_blif$16316.genblk1.genblk1.genblk1.genblk1.genblk1.genblk1.genblk1.lut4 (4 -> 2)
  Optimizing lut $abc$15919$auto$blifparse.cc:525:parse_blif$16316.genblk1.genblk1.genblk1.genblk1.genblk1.genblk1.genblk1.lut5 (4 -> 3)
  Optimizing lut $abc$15919$auto$blifparse.cc:525:parse_blif$16316.genblk1.genblk1.genblk1.genblk1.genblk1.genblk1.genblk1.lut6 (4 -> 0)
  Optimizing lut $abc$15919$auto$blifparse.cc:525:parse_blif$16316.genblk1.genblk1.genblk1.genblk1.genblk1.genblk1.genblk1.lut7 (4 -> 1)
  Optimizing lut $abc$15919$auto$blifparse.cc:525:parse_blif$16317.genblk1.genblk1.genblk1.genblk1.genblk1.genblk1.genblk1.lut1 (4 -> 0)
  Optimizing lut $abc$15919$auto$blifparse.cc:525:parse_blif$16317.genblk1.genblk1.genblk1.genblk1.genblk1.genblk1.genblk1.lut2 (4 -> 0)
  Optimizing lut $abc$15919$auto$blifparse.cc:525:parse_blif$16317.genblk1.genblk1.genblk1.genblk1.genblk1.genblk1.genblk1.lut3 (4 -> 0)
  Optimizing lut $abc$15919$auto$blifparse.cc:525:parse_blif$16317.genblk1.genblk1.genblk1.genblk1.genblk1.genblk1.genblk1.lut4 (4 -> 0)
  Optimizing lut $abc$15919$auto$blifparse.cc:525:parse_blif$16317.genblk1.genblk1.genblk1.genblk1.genblk1.genblk1.genblk1.lut5 (4 -> 0)
  Optimizing lut $abc$15919$auto$blifparse.cc:525:parse_blif$16317.genblk1.genblk1.genblk1.genblk1.genblk1.genblk1.genblk1.lut6 (4 -> 0)
  Optimizing lut $abc$15919$auto$blifparse.cc:525:parse_blif$16318.genblk1.genblk1.genblk1.genblk1.genblk1.genblk1.genblk1.lut1 (4 -> 0)
  Optimizing lut $abc$15919$auto$blifparse.cc:525:parse_blif$16318.genblk1.genblk1.genblk1.genblk1.genblk1.genblk1.genblk1.lut2 (4 -> 0)
  Optimizing lut $abc$15919$auto$blifparse.cc:525:parse_blif$16318.genblk1.genblk1.genblk1.genblk1.genblk1.genblk1.genblk1.lut3 (4 -> 0)
  Optimizing lut $abc$15919$auto$blifparse.cc:525:parse_blif$16318.genblk1.genblk1.genblk1.genblk1.genblk1.genblk1.genblk1.lut4 (4 -> 1)
  Optimizing lut $abc$15919$auto$blifparse.cc:525:parse_blif$16318.genblk1.genblk1.genblk1.genblk1.genblk1.genblk1.genblk1.lut5 (4 -> 1)
  Optimizing lut $abc$15919$auto$blifparse.cc:525:parse_blif$16318.genblk1.genblk1.genblk1.genblk1.genblk1.genblk1.genblk1.lut6 (4 -> 1)
  Optimizing lut $abc$15919$auto$blifparse.cc:525:parse_blif$16318.genblk1.genblk1.genblk1.genblk1.genblk1.genblk1.genblk1.lut7 (4 -> 1)
  Optimizing lut $abc$15919$auto$blifparse.cc:525:parse_blif$16324.genblk1.genblk1.genblk1.genblk1.genblk1.genblk1.genblk1.lut2 (4 -> 2)
  Optimizing lut $abc$15919$auto$blifparse.cc:525:parse_blif$16324.genblk1.genblk1.genblk1.genblk1.genblk1.genblk1.genblk1.lut3 (4 -> 0)
  Optimizing lut $abc$15919$auto$blifparse.cc:525:parse_blif$16324.genblk1.genblk1.genblk1.genblk1.genblk1.genblk1.genblk1.lut4 (4 -> 2)
  Optimizing lut $abc$15919$auto$blifparse.cc:525:parse_blif$16324.genblk1.genblk1.genblk1.genblk1.genblk1.genblk1.genblk1.lut5 (4 -> 0)
  Optimizing lut $abc$15919$auto$blifparse.cc:525:parse_blif$16324.genblk1.genblk1.genblk1.genblk1.genblk1.genblk1.genblk1.lut6 (4 -> 0)
  Optimizing lut $abc$15919$auto$blifparse.cc:525:parse_blif$16324.genblk1.genblk1.genblk1.genblk1.genblk1.genblk1.genblk1.lut7 (4 -> 0)
  Optimizing lut $abc$15919$auto$blifparse.cc:525:parse_blif$16346.genblk1.genblk1.genblk1.genblk1.genblk1.genblk1.lut2 (4 -> 0)
  Optimizing lut $abc$15919$auto$blifparse.cc:525:parse_blif$16346.genblk1.genblk1.genblk1.genblk1.genblk1.genblk1.lut3 (4 -> 0)
  Optimizing lut $abc$15919$auto$blifparse.cc:525:parse_blif$16348.genblk1.genblk1.genblk1.genblk1.genblk1.genblk1.lut2 (4 -> 1)
  Optimizing lut $abc$15919$auto$blifparse.cc:525:parse_blif$16348.genblk1.genblk1.genblk1.genblk1.genblk1.genblk1.lut3 (4 -> 1)
  Optimizing lut $abc$15919$auto$blifparse.cc:525:parse_blif$16054.genblk1.genblk1.genblk1.genblk1.genblk1.genblk1.lut1 (4 -> 1)
  Optimizing lut $abc$15919$auto$blifparse.cc:525:parse_blif$16054.genblk1.genblk1.genblk1.genblk1.genblk1.genblk1.lut2 (4 -> 1)
  Optimizing lut $abc$15919$auto$blifparse.cc:525:parse_blif$16054.genblk1.genblk1.genblk1.genblk1.genblk1.genblk1.lut3 (4 -> 1)
  Optimizing lut $abc$15919$auto$blifparse.cc:525:parse_blif$16351.genblk1.genblk1.genblk1.genblk1.genblk1.genblk1.genblk1.lut2 (4 -> 0)
  Optimizing lut $abc$15919$auto$blifparse.cc:525:parse_blif$16351.genblk1.genblk1.genblk1.genblk1.genblk1.genblk1.genblk1.lut3 (4 -> 0)
  Optimizing lut $abc$15919$auto$blifparse.cc:525:parse_blif$16351.genblk1.genblk1.genblk1.genblk1.genblk1.genblk1.genblk1.lut4 (4 -> 3)
  Optimizing lut $abc$15919$auto$blifparse.cc:525:parse_blif$16351.genblk1.genblk1.genblk1.genblk1.genblk1.genblk1.genblk1.lut5 (4 -> 1)
  Optimizing lut $abc$15919$auto$blifparse.cc:525:parse_blif$16351.genblk1.genblk1.genblk1.genblk1.genblk1.genblk1.genblk1.lut6 (4 -> 1)
  Optimizing lut $abc$15919$auto$blifparse.cc:525:parse_blif$16351.genblk1.genblk1.genblk1.genblk1.genblk1.genblk1.genblk1.lut7 (4 -> 1)
  Optimizing lut $abc$15919$auto$blifparse.cc:525:parse_blif$16352.genblk1.genblk1.genblk1.genblk1.genblk1.genblk1.lut1 (4 -> 0)
  Optimizing lut $abc$15919$auto$blifparse.cc:525:parse_blif$16352.genblk1.genblk1.genblk1.genblk1.genblk1.genblk1.lut2 (4 -> 0)
  Optimizing lut $abc$15919$auto$blifparse.cc:525:parse_blif$16353.genblk1.genblk1.genblk1.genblk1.genblk1.genblk1.genblk1.lut1 (4 -> 0)
  Optimizing lut $abc$15919$auto$blifparse.cc:525:parse_blif$16353.genblk1.genblk1.genblk1.genblk1.genblk1.genblk1.genblk1.lut2 (4 -> 0)
  Optimizing lut $abc$15919$auto$blifparse.cc:525:parse_blif$16353.genblk1.genblk1.genblk1.genblk1.genblk1.genblk1.genblk1.lut3 (4 -> 0)
  Optimizing lut $abc$15919$auto$blifparse.cc:525:parse_blif$16353.genblk1.genblk1.genblk1.genblk1.genblk1.genblk1.genblk1.lut4 (4 -> 1)
  Optimizing lut $abc$15919$auto$blifparse.cc:525:parse_blif$16353.genblk1.genblk1.genblk1.genblk1.genblk1.genblk1.genblk1.lut5 (4 -> 1)
  Optimizing lut $abc$15919$auto$blifparse.cc:525:parse_blif$16353.genblk1.genblk1.genblk1.genblk1.genblk1.genblk1.genblk1.lut6 (4 -> 1)
  Optimizing lut $abc$15919$auto$blifparse.cc:525:parse_blif$16353.genblk1.genblk1.genblk1.genblk1.genblk1.genblk1.genblk1.lut7 (4 -> 1)
  Optimizing lut $abc$15919$auto$blifparse.cc:525:parse_blif$16078.genblk1.genblk1.genblk1.genblk1.genblk1.genblk1.lut1 (4 -> 1)
  Optimizing lut $abc$15919$auto$blifparse.cc:525:parse_blif$16078.genblk1.genblk1.genblk1.genblk1.genblk1.genblk1.lut2 (4 -> 1)
  Optimizing lut $abc$15919$auto$blifparse.cc:525:parse_blif$16078.genblk1.genblk1.genblk1.genblk1.genblk1.genblk1.lut3 (4 -> 1)
  Optimizing lut $abc$15919$auto$blifparse.cc:525:parse_blif$16364.genblk1.genblk1.genblk1.genblk1.genblk1.genblk1.lut2 (4 -> 0)
  Optimizing lut $abc$15919$auto$blifparse.cc:525:parse_blif$16364.genblk1.genblk1.genblk1.genblk1.genblk1.genblk1.lut3 (4 -> 0)
  Optimizing lut $abc$15919$auto$blifparse.cc:525:parse_blif$16366.genblk1.genblk1.genblk1.genblk1.genblk1.genblk1.lut2 (4 -> 1)
  Optimizing lut $abc$15919$auto$blifparse.cc:525:parse_blif$16366.genblk1.genblk1.genblk1.genblk1.genblk1.genblk1.lut3 (4 -> 1)
  Optimizing lut $abc$15919$auto$blifparse.cc:525:parse_blif$16115.genblk1.genblk1.genblk1.genblk1.genblk1.genblk1.lut2 (4 -> 1)
  Optimizing lut $abc$15919$auto$blifparse.cc:525:parse_blif$16115.genblk1.genblk1.genblk1.genblk1.genblk1.genblk1.lut3 (4 -> 1)
  Optimizing lut $abc$15919$auto$blifparse.cc:525:parse_blif$16374.genblk1.genblk1.genblk1.genblk1.genblk1.genblk1.genblk1.lut1 (4 -> 0)
  Optimizing lut $abc$15919$auto$blifparse.cc:525:parse_blif$16374.genblk1.genblk1.genblk1.genblk1.genblk1.genblk1.genblk1.lut2 (4 -> 0)
  Optimizing lut $abc$15919$auto$blifparse.cc:525:parse_blif$16374.genblk1.genblk1.genblk1.genblk1.genblk1.genblk1.genblk1.lut3 (4 -> 0)
  Optimizing lut $abc$15919$auto$blifparse.cc:525:parse_blif$16374.genblk1.genblk1.genblk1.genblk1.genblk1.genblk1.genblk1.lut4 (4 -> 0)
  Optimizing lut $abc$15919$auto$blifparse.cc:525:parse_blif$16374.genblk1.genblk1.genblk1.genblk1.genblk1.genblk1.genblk1.lut5 (4 -> 0)
  Optimizing lut $abc$15919$auto$blifparse.cc:525:parse_blif$16374.genblk1.genblk1.genblk1.genblk1.genblk1.genblk1.genblk1.lut6 (4 -> 0)
  Optimizing lut $abc$15919$auto$blifparse.cc:525:parse_blif$16380.genblk1.genblk1.genblk1.genblk1.genblk1.genblk1.lut2 (4 -> 1)
  Optimizing lut $abc$15919$auto$blifparse.cc:525:parse_blif$16380.genblk1.genblk1.genblk1.genblk1.genblk1.genblk1.lut3 (4 -> 1)
  Optimizing lut $abc$15919$auto$blifparse.cc:525:parse_blif$16426.genblk1.genblk1.genblk1.genblk1.genblk1.genblk1.lut1 (4 -> 2)
  Optimizing lut $abc$15919$auto$blifparse.cc:525:parse_blif$16426.genblk1.genblk1.genblk1.genblk1.genblk1.genblk1.lut2 (4 -> 0)
  Optimizing lut $abc$15919$auto$blifparse.cc:525:parse_blif$16426.genblk1.genblk1.genblk1.genblk1.genblk1.genblk1.lut3 (4 -> 0)
  Optimizing lut $abc$15919$auto$blifparse.cc:525:parse_blif$16062.genblk1.genblk1.genblk1.genblk1.genblk1.genblk1.lut2 (4 -> 1)
  Optimizing lut $abc$15919$auto$blifparse.cc:525:parse_blif$16062.genblk1.genblk1.genblk1.genblk1.genblk1.genblk1.lut3 (4 -> 1)
  Optimizing lut $abc$15919$auto$blifparse.cc:525:parse_blif$16430.genblk1.genblk1.genblk1.genblk1.genblk1.genblk1.lut2 (4 -> 1)
  Optimizing lut $abc$15919$auto$blifparse.cc:525:parse_blif$16430.genblk1.genblk1.genblk1.genblk1.genblk1.genblk1.lut3 (4 -> 1)
  Optimizing lut $abc$15919$auto$blifparse.cc:525:parse_blif$16432.genblk1.genblk1.genblk1.genblk1.genblk1.genblk1.lut1 (4 -> 0)
  Optimizing lut $abc$15919$auto$blifparse.cc:525:parse_blif$16432.genblk1.genblk1.genblk1.genblk1.genblk1.genblk1.lut2 (4 -> 0)
  Optimizing lut $abc$15919$auto$blifparse.cc:525:parse_blif$16055.genblk1.genblk1.genblk1.genblk1.genblk1.genblk1.lut1 (4 -> 1)
  Optimizing lut $abc$15919$auto$blifparse.cc:525:parse_blif$16055.genblk1.genblk1.genblk1.genblk1.genblk1.genblk1.lut2 (4 -> 1)
  Optimizing lut $abc$15919$auto$blifparse.cc:525:parse_blif$16055.genblk1.genblk1.genblk1.genblk1.genblk1.genblk1.lut3 (4 -> 1)
  Optimizing lut $abc$15919$auto$blifparse.cc:525:parse_blif$16056.genblk1.genblk1.genblk1.genblk1.genblk1.genblk1.lut1 (4 -> 1)
  Optimizing lut $abc$15919$auto$blifparse.cc:525:parse_blif$16056.genblk1.genblk1.genblk1.genblk1.genblk1.genblk1.lut2 (4 -> 1)
  Optimizing lut $abc$15919$auto$blifparse.cc:525:parse_blif$16056.genblk1.genblk1.genblk1.genblk1.genblk1.genblk1.lut3 (4 -> 1)
  Optimizing lut $abc$15919$auto$blifparse.cc:525:parse_blif$16057.genblk1.genblk1.genblk1.genblk1.genblk1.genblk1.lut1 (4 -> 1)
  Optimizing lut $abc$15919$auto$blifparse.cc:525:parse_blif$16057.genblk1.genblk1.genblk1.genblk1.genblk1.genblk1.lut2 (4 -> 1)
  Optimizing lut $abc$15919$auto$blifparse.cc:525:parse_blif$16057.genblk1.genblk1.genblk1.genblk1.genblk1.genblk1.lut3 (4 -> 1)
  Optimizing lut $abc$15919$auto$blifparse.cc:525:parse_blif$16058.genblk1.genblk1.genblk1.genblk1.genblk1.genblk1.lut1 (4 -> 1)
  Optimizing lut $abc$15919$auto$blifparse.cc:525:parse_blif$16058.genblk1.genblk1.genblk1.genblk1.genblk1.genblk1.lut2 (4 -> 1)
  Optimizing lut $abc$15919$auto$blifparse.cc:525:parse_blif$16058.genblk1.genblk1.genblk1.genblk1.genblk1.genblk1.lut3 (4 -> 1)
  Optimizing lut $abc$15919$auto$blifparse.cc:525:parse_blif$16059.genblk1.genblk1.genblk1.genblk1.genblk1.lut1 (4 -> 2)
  Optimizing lut $abc$15919$auto$blifparse.cc:525:parse_blif$16433.genblk1.genblk1.genblk1.genblk1.genblk1.genblk1.genblk1.lut3 (4 -> 0)
  Optimizing lut $abc$15919$auto$blifparse.cc:525:parse_blif$16433.genblk1.genblk1.genblk1.genblk1.genblk1.genblk1.genblk1.lut4 (4 -> 0)
  Optimizing lut $abc$15919$auto$blifparse.cc:525:parse_blif$16433.genblk1.genblk1.genblk1.genblk1.genblk1.genblk1.genblk1.lut5 (4 -> 0)
  Optimizing lut $abc$15919$auto$blifparse.cc:525:parse_blif$16433.genblk1.genblk1.genblk1.genblk1.genblk1.genblk1.genblk1.lut6 (4 -> 0)
  Optimizing lut $abc$15919$auto$blifparse.cc:525:parse_blif$16433.genblk1.genblk1.genblk1.genblk1.genblk1.genblk1.genblk1.lut7 (4 -> 0)
  Optimizing lut $abc$15919$auto$blifparse.cc:525:parse_blif$16436.genblk1.genblk1.genblk1.genblk1.genblk1.genblk1.lut3 (4 -> 0)
  Optimizing lut $abc$15919$auto$blifparse.cc:525:parse_blif$16438.genblk1.genblk1.genblk1.genblk1.genblk1.genblk1.genblk1.lut2 (4 -> 3)
  Optimizing lut $abc$15919$auto$blifparse.cc:525:parse_blif$16438.genblk1.genblk1.genblk1.genblk1.genblk1.genblk1.genblk1.lut3 (4 -> 0)
  Optimizing lut $abc$15919$auto$blifparse.cc:525:parse_blif$16438.genblk1.genblk1.genblk1.genblk1.genblk1.genblk1.genblk1.lut6 (4 -> 0)
  Optimizing lut $abc$15919$auto$blifparse.cc:525:parse_blif$16439.genblk1.genblk1.genblk1.genblk1.genblk1.genblk1.genblk1.lut1 (4 -> 0)
  Optimizing lut $abc$15919$auto$blifparse.cc:525:parse_blif$16439.genblk1.genblk1.genblk1.genblk1.genblk1.genblk1.genblk1.lut2 (4 -> 0)
  Optimizing lut $abc$15919$auto$blifparse.cc:525:parse_blif$16439.genblk1.genblk1.genblk1.genblk1.genblk1.genblk1.genblk1.lut3 (4 -> 0)
  Optimizing lut $abc$15919$auto$blifparse.cc:525:parse_blif$16439.genblk1.genblk1.genblk1.genblk1.genblk1.genblk1.genblk1.lut4 (4 -> 0)
  Optimizing lut $abc$15919$auto$blifparse.cc:525:parse_blif$16439.genblk1.genblk1.genblk1.genblk1.genblk1.genblk1.genblk1.lut5 (4 -> 0)
  Optimizing lut $abc$15919$auto$blifparse.cc:525:parse_blif$16439.genblk1.genblk1.genblk1.genblk1.genblk1.genblk1.genblk1.lut6 (4 -> 0)
  Optimizing lut $abc$15919$auto$blifparse.cc:525:parse_blif$16423.genblk1.genblk1.genblk1.genblk1.genblk1.genblk1.lut1 (4 -> 1)
  Optimizing lut $abc$15919$auto$blifparse.cc:525:parse_blif$16423.genblk1.genblk1.genblk1.genblk1.genblk1.genblk1.lut2 (4 -> 2)
  Optimizing lut $abc$15919$auto$blifparse.cc:525:parse_blif$16423.genblk1.genblk1.genblk1.genblk1.genblk1.genblk1.lut3 (4 -> 2)
  Optimizing lut $abc$15919$auto$blifparse.cc:525:parse_blif$16132.genblk1.genblk1.genblk1.genblk1.genblk1.genblk1.lut2 (4 -> 0)
  Optimizing lut $abc$15919$auto$blifparse.cc:525:parse_blif$16132.genblk1.genblk1.genblk1.genblk1.genblk1.genblk1.lut3 (4 -> 0)
  Optimizing lut $abc$15919$auto$blifparse.cc:525:parse_blif$16133.genblk1.genblk1.genblk1.genblk1.genblk1.genblk1.lut1 (4 -> 0)
  Optimizing lut $abc$15919$auto$blifparse.cc:525:parse_blif$16133.genblk1.genblk1.genblk1.genblk1.genblk1.genblk1.lut3 (4 -> 2)
  Optimizing lut $abc$15919$auto$blifparse.cc:525:parse_blif$16150.genblk1.genblk1.genblk1.genblk1.genblk1.genblk1.lut1 (4 -> 0)
  Optimizing lut $abc$15919$auto$blifparse.cc:525:parse_blif$16150.genblk1.genblk1.genblk1.genblk1.genblk1.genblk1.lut2 (4 -> 1)
  Optimizing lut $abc$15919$auto$blifparse.cc:525:parse_blif$16150.genblk1.genblk1.genblk1.genblk1.genblk1.genblk1.lut3 (4 -> 0)
  Optimizing lut $abc$15919$auto$blifparse.cc:525:parse_blif$16151.genblk1.genblk1.genblk1.genblk1.genblk1.genblk1.lut2 (4 -> 1)
  Optimizing lut $abc$15919$auto$blifparse.cc:525:parse_blif$16151.genblk1.genblk1.genblk1.genblk1.genblk1.genblk1.lut3 (4 -> 1)
  Optimizing lut $abc$15919$auto$blifparse.cc:525:parse_blif$16153.genblk1.genblk1.genblk1.genblk1.genblk1.genblk1.lut2 (4 -> 1)
  Optimizing lut $abc$15919$auto$blifparse.cc:525:parse_blif$16153.genblk1.genblk1.genblk1.genblk1.genblk1.genblk1.lut3 (4 -> 1)
  Optimizing lut $abc$15919$auto$blifparse.cc:525:parse_blif$16156.genblk1.genblk1.genblk1.genblk1.genblk1.lut1 (4 -> 2)
  Optimizing lut $abc$15919$auto$blifparse.cc:525:parse_blif$16159.genblk1.genblk1.genblk1.genblk1.genblk1.genblk1.lut2 (4 -> 1)
  Optimizing lut $abc$15919$auto$blifparse.cc:525:parse_blif$16159.genblk1.genblk1.genblk1.genblk1.genblk1.genblk1.lut3 (4 -> 1)
  Optimizing lut $abc$15919$auto$blifparse.cc:525:parse_blif$16161.genblk1.genblk1.genblk1.genblk1.genblk1.genblk1.lut2 (4 -> 1)
  Optimizing lut $abc$15919$auto$blifparse.cc:525:parse_blif$16161.genblk1.genblk1.genblk1.genblk1.genblk1.genblk1.lut3 (4 -> 1)
  Optimizing lut $abc$15919$auto$blifparse.cc:525:parse_blif$16200.genblk1.genblk1.genblk1.genblk1.genblk1.lut1 (4 -> 2)
  Optimizing lut $abc$15919$auto$blifparse.cc:525:parse_blif$16063.genblk1.genblk1.genblk1.genblk1.genblk1.genblk1.lut1 (4 -> 1)
  Optimizing lut $abc$15919$auto$blifparse.cc:525:parse_blif$16063.genblk1.genblk1.genblk1.genblk1.genblk1.genblk1.lut2 (4 -> 1)
  Optimizing lut $abc$15919$auto$blifparse.cc:525:parse_blif$16063.genblk1.genblk1.genblk1.genblk1.genblk1.genblk1.lut3 (4 -> 1)
  Optimizing lut $abc$15919$auto$blifparse.cc:525:parse_blif$16065.genblk1.genblk1.genblk1.genblk1.genblk1.genblk1.lut1 (4 -> 1)
  Optimizing lut $abc$15919$auto$blifparse.cc:525:parse_blif$16065.genblk1.genblk1.genblk1.genblk1.genblk1.genblk1.lut2 (4 -> 1)
  Optimizing lut $abc$15919$auto$blifparse.cc:525:parse_blif$16065.genblk1.genblk1.genblk1.genblk1.genblk1.genblk1.lut3 (4 -> 1)
  Optimizing lut $abc$15919$auto$blifparse.cc:525:parse_blif$16066.genblk1.genblk1.genblk1.genblk1.genblk1.lut1 (4 -> 2)
  Optimizing lut $abc$15919$auto$blifparse.cc:525:parse_blif$16412.genblk1.genblk1.genblk1.genblk1.genblk1.genblk1.lut2 (4 -> 0)
  Optimizing lut $abc$15919$auto$blifparse.cc:525:parse_blif$16002.genblk1.genblk1.genblk1.genblk1.genblk1.genblk1.lut1 (4 -> 1)
  Optimizing lut $abc$15919$auto$blifparse.cc:525:parse_blif$16002.genblk1.genblk1.genblk1.genblk1.genblk1.genblk1.lut2 (4 -> 1)
  Optimizing lut $abc$15919$auto$blifparse.cc:525:parse_blif$16002.genblk1.genblk1.genblk1.genblk1.genblk1.genblk1.lut3 (4 -> 1)
  Optimizing lut $abc$15919$auto$blifparse.cc:525:parse_blif$16421.genblk1.genblk1.genblk1.genblk1.genblk1.genblk1.lut3 (4 -> 0)
  Optimizing lut $abc$15919$auto$blifparse.cc:525:parse_blif$16417.genblk1.genblk1.genblk1.genblk1.genblk1.genblk1.lut2 (4 -> 0)
  Optimizing lut $abc$15919$auto$blifparse.cc:525:parse_blif$16414.genblk1.genblk1.genblk1.genblk1.genblk1.genblk1.lut3 (4 -> 0)
  Optimizing lut $abc$15919$auto$blifparse.cc:525:parse_blif$16036.genblk1.genblk1.genblk1.genblk1.genblk1.genblk1.lut2 (4 -> 1)
  Optimizing lut $abc$15919$auto$blifparse.cc:525:parse_blif$16036.genblk1.genblk1.genblk1.genblk1.genblk1.genblk1.lut3 (4 -> 1)
  Optimizing lut $abc$15919$auto$blifparse.cc:525:parse_blif$16408.genblk1.genblk1.genblk1.genblk1.genblk1.genblk1.lut2 (4 -> 1)
  Optimizing lut $abc$15919$auto$blifparse.cc:525:parse_blif$16408.genblk1.genblk1.genblk1.genblk1.genblk1.genblk1.lut3 (4 -> 1)
  Optimizing lut $abc$15919$auto$blifparse.cc:525:parse_blif$16409.genblk1.genblk1.genblk1.genblk1.genblk1.genblk1.lut1 (4 -> 1)
  Optimizing lut $abc$15919$auto$blifparse.cc:525:parse_blif$16409.genblk1.genblk1.genblk1.genblk1.genblk1.genblk1.lut2 (4 -> 1)
  Optimizing lut $abc$15919$auto$blifparse.cc:525:parse_blif$16409.genblk1.genblk1.genblk1.genblk1.genblk1.genblk1.lut3 (4 -> 1)
  Optimizing lut $abc$15919$auto$blifparse.cc:525:parse_blif$16403.genblk1.genblk1.genblk1.genblk1.genblk1.genblk1.lut2 (4 -> 2)
  Optimizing lut $abc$15919$auto$blifparse.cc:525:parse_blif$16403.genblk1.genblk1.genblk1.genblk1.genblk1.genblk1.lut3 (4 -> 2)
  Optimizing lut $abc$15919$auto$blifparse.cc:525:parse_blif$16162.genblk1.genblk1.genblk1.genblk1.genblk1.genblk1.lut2 (4 -> 1)
  Optimizing lut $abc$15919$auto$blifparse.cc:525:parse_blif$16162.genblk1.genblk1.genblk1.genblk1.genblk1.genblk1.lut3 (4 -> 1)
  Optimizing lut $abc$15919$auto$blifparse.cc:525:parse_blif$16390.genblk1.genblk1.genblk1.genblk1.genblk1.genblk1.lut2 (4 -> 1)
  Optimizing lut $abc$15919$auto$blifparse.cc:525:parse_blif$16390.genblk1.genblk1.genblk1.genblk1.genblk1.genblk1.lut3 (4 -> 1)
  Optimizing lut $abc$15919$auto$blifparse.cc:525:parse_blif$16265.genblk1.genblk1.genblk1.genblk1.genblk1.genblk1.genblk1.lut2 (4 -> 2)
  Optimizing lut $abc$15919$auto$blifparse.cc:525:parse_blif$16265.genblk1.genblk1.genblk1.genblk1.genblk1.genblk1.genblk1.lut3 (4 -> 1)
  Optimizing lut $abc$15919$auto$blifparse.cc:525:parse_blif$16265.genblk1.genblk1.genblk1.genblk1.genblk1.genblk1.genblk1.lut4 (4 -> 0)
  Optimizing lut $abc$15919$auto$blifparse.cc:525:parse_blif$16265.genblk1.genblk1.genblk1.genblk1.genblk1.genblk1.genblk1.lut5 (4 -> 1)
  Optimizing lut $abc$15919$auto$blifparse.cc:525:parse_blif$16265.genblk1.genblk1.genblk1.genblk1.genblk1.genblk1.genblk1.lut6 (4 -> 0)
  Optimizing lut $abc$15919$auto$blifparse.cc:525:parse_blif$16265.genblk1.genblk1.genblk1.genblk1.genblk1.genblk1.genblk1.lut7 (4 -> 1)
  Optimizing lut $abc$15919$auto$blifparse.cc:525:parse_blif$16296.genblk1.genblk1.genblk1.genblk1.genblk1.genblk1.lut1 (4 -> 1)
  Optimizing lut $abc$15919$auto$blifparse.cc:525:parse_blif$16296.genblk1.genblk1.genblk1.genblk1.genblk1.genblk1.lut2 (4 -> 1)
  Optimizing lut $abc$15919$auto$blifparse.cc:525:parse_blif$16296.genblk1.genblk1.genblk1.genblk1.genblk1.genblk1.lut3 (4 -> 1)
  Optimizing lut $abc$15919$auto$blifparse.cc:525:parse_blif$16122.genblk1.genblk1.genblk1.genblk1.genblk1.genblk1.lut1 (4 -> 1)
  Optimizing lut $abc$15919$auto$blifparse.cc:525:parse_blif$16122.genblk1.genblk1.genblk1.genblk1.genblk1.genblk1.lut2 (4 -> 1)
  Optimizing lut $abc$15919$auto$blifparse.cc:525:parse_blif$16122.genblk1.genblk1.genblk1.genblk1.genblk1.genblk1.lut3 (4 -> 1)
  Optimizing lut $abc$15919$auto$blifparse.cc:525:parse_blif$16123.genblk1.genblk1.genblk1.genblk1.genblk1.genblk1.lut1 (4 -> 1)
  Optimizing lut $abc$15919$auto$blifparse.cc:525:parse_blif$16123.genblk1.genblk1.genblk1.genblk1.genblk1.genblk1.lut2 (4 -> 1)
  Optimizing lut $abc$15919$auto$blifparse.cc:525:parse_blif$16123.genblk1.genblk1.genblk1.genblk1.genblk1.genblk1.lut3 (4 -> 1)
  Optimizing lut $abc$15919$auto$blifparse.cc:525:parse_blif$16328.genblk1.genblk1.genblk1.genblk1.genblk1.genblk1.lut2 (4 -> 0)
  Optimizing lut $abc$15919$auto$blifparse.cc:525:parse_blif$16328.genblk1.genblk1.genblk1.genblk1.genblk1.genblk1.lut3 (4 -> 0)
  Optimizing lut $abc$15919$auto$blifparse.cc:525:parse_blif$16330.genblk1.genblk1.genblk1.genblk1.genblk1.genblk1.lut2 (4 -> 1)
  Optimizing lut $abc$15919$auto$blifparse.cc:525:parse_blif$16330.genblk1.genblk1.genblk1.genblk1.genblk1.genblk1.lut3 (4 -> 1)
  Optimizing lut $abc$15919$auto$blifparse.cc:525:parse_blif$16001.genblk1.genblk1.genblk1.genblk1.genblk1.genblk1.lut1 (4 -> 1)
  Optimizing lut $abc$15919$auto$blifparse.cc:525:parse_blif$16001.genblk1.genblk1.genblk1.genblk1.genblk1.genblk1.lut2 (4 -> 1)
  Optimizing lut $abc$15919$auto$blifparse.cc:525:parse_blif$16001.genblk1.genblk1.genblk1.genblk1.genblk1.genblk1.lut3 (4 -> 1)
  Optimizing lut $abc$15919$auto$blifparse.cc:525:parse_blif$16003.genblk1.genblk1.genblk1.genblk1.genblk1.genblk1.lut1 (4 -> 1)
  Optimizing lut $abc$15919$auto$blifparse.cc:525:parse_blif$16003.genblk1.genblk1.genblk1.genblk1.genblk1.genblk1.lut2 (4 -> 1)
  Optimizing lut $abc$15919$auto$blifparse.cc:525:parse_blif$16003.genblk1.genblk1.genblk1.genblk1.genblk1.genblk1.lut3 (4 -> 1)
  Optimizing lut $abc$15919$auto$blifparse.cc:525:parse_blif$16004.genblk1.genblk1.genblk1.genblk1.genblk1.genblk1.lut1 (4 -> 1)
  Optimizing lut $abc$15919$auto$blifparse.cc:525:parse_blif$16004.genblk1.genblk1.genblk1.genblk1.genblk1.genblk1.lut2 (4 -> 1)
  Optimizing lut $abc$15919$auto$blifparse.cc:525:parse_blif$16004.genblk1.genblk1.genblk1.genblk1.genblk1.genblk1.lut3 (4 -> 1)
  Optimizing lut $abc$15919$auto$blifparse.cc:525:parse_blif$16005.genblk1.genblk1.genblk1.genblk1.genblk1.genblk1.lut1 (4 -> 1)
  Optimizing lut $abc$15919$auto$blifparse.cc:525:parse_blif$16005.genblk1.genblk1.genblk1.genblk1.genblk1.genblk1.lut2 (4 -> 1)
  Optimizing lut $abc$15919$auto$blifparse.cc:525:parse_blif$16005.genblk1.genblk1.genblk1.genblk1.genblk1.genblk1.lut3 (4 -> 1)
  Optimizing lut $abc$15919$auto$blifparse.cc:525:parse_blif$16006.genblk1.genblk1.genblk1.genblk1.genblk1.genblk1.lut2 (4 -> 1)
  Optimizing lut $abc$15919$auto$blifparse.cc:525:parse_blif$16006.genblk1.genblk1.genblk1.genblk1.genblk1.genblk1.lut3 (4 -> 1)
  Optimizing lut $abc$15919$auto$blifparse.cc:525:parse_blif$16333.genblk1.genblk1.genblk1.genblk1.genblk1.genblk1.lut2 (4 -> 3)
  Optimizing lut $abc$15919$auto$blifparse.cc:525:parse_blif$16333.genblk1.genblk1.genblk1.genblk1.genblk1.genblk1.lut3 (4 -> 1)
  Optimizing lut $abc$15919$auto$blifparse.cc:525:parse_blif$16040.genblk1.genblk1.genblk1.genblk1.genblk1.genblk1.lut1 (4 -> 1)
  Optimizing lut $abc$15919$auto$blifparse.cc:525:parse_blif$16040.genblk1.genblk1.genblk1.genblk1.genblk1.genblk1.lut2 (4 -> 1)
  Optimizing lut $abc$15919$auto$blifparse.cc:525:parse_blif$16040.genblk1.genblk1.genblk1.genblk1.genblk1.genblk1.lut3 (4 -> 1)
  Optimizing lut $abc$15919$auto$blifparse.cc:525:parse_blif$16334.genblk1.genblk1.genblk1.genblk1.genblk1.genblk1.lut1 (4 -> 0)
  Optimizing lut $abc$15919$auto$blifparse.cc:525:parse_blif$16334.genblk1.genblk1.genblk1.genblk1.genblk1.genblk1.lut2 (4 -> 0)
  Optimizing lut $abc$15919$auto$blifparse.cc:525:parse_blif$16335.genblk1.genblk1.genblk1.genblk1.genblk1.genblk1.genblk1.lut1 (4 -> 0)
  Optimizing lut $abc$15919$auto$blifparse.cc:525:parse_blif$16335.genblk1.genblk1.genblk1.genblk1.genblk1.genblk1.genblk1.lut2 (4 -> 0)
  Optimizing lut $abc$15919$auto$blifparse.cc:525:parse_blif$16335.genblk1.genblk1.genblk1.genblk1.genblk1.genblk1.genblk1.lut3 (4 -> 0)
  Optimizing lut $abc$15919$auto$blifparse.cc:525:parse_blif$16335.genblk1.genblk1.genblk1.genblk1.genblk1.genblk1.genblk1.lut4 (4 -> 1)
  Optimizing lut $abc$15919$auto$blifparse.cc:525:parse_blif$16335.genblk1.genblk1.genblk1.genblk1.genblk1.genblk1.genblk1.lut5 (4 -> 1)
  Optimizing lut $abc$15919$auto$blifparse.cc:525:parse_blif$16335.genblk1.genblk1.genblk1.genblk1.genblk1.genblk1.genblk1.lut6 (4 -> 1)
  Optimizing lut $abc$15919$auto$blifparse.cc:525:parse_blif$16335.genblk1.genblk1.genblk1.genblk1.genblk1.genblk1.genblk1.lut7 (4 -> 1)
  Optimizing lut $abc$15919$auto$blifparse.cc:525:parse_blif$16035.genblk1.genblk1.genblk1.genblk1.genblk1.genblk1.lut1 (4 -> 1)
  Optimizing lut $abc$15919$auto$blifparse.cc:525:parse_blif$16035.genblk1.genblk1.genblk1.genblk1.genblk1.genblk1.lut2 (4 -> 1)
  Optimizing lut $abc$15919$auto$blifparse.cc:525:parse_blif$16035.genblk1.genblk1.genblk1.genblk1.genblk1.genblk1.lut3 (4 -> 1)
  Optimizing lut $abc$15919$auto$blifparse.cc:525:parse_blif$16037.genblk1.genblk1.genblk1.genblk1.genblk1.genblk1.lut1 (4 -> 1)
  Optimizing lut $abc$15919$auto$blifparse.cc:525:parse_blif$16037.genblk1.genblk1.genblk1.genblk1.genblk1.genblk1.lut2 (4 -> 1)
  Optimizing lut $abc$15919$auto$blifparse.cc:525:parse_blif$16037.genblk1.genblk1.genblk1.genblk1.genblk1.genblk1.lut3 (4 -> 1)
  Optimizing lut $abc$15919$auto$blifparse.cc:525:parse_blif$16038.genblk1.genblk1.genblk1.genblk1.genblk1.genblk1.lut1 (4 -> 1)
  Optimizing lut $abc$15919$auto$blifparse.cc:525:parse_blif$16038.genblk1.genblk1.genblk1.genblk1.genblk1.genblk1.lut2 (4 -> 1)
  Optimizing lut $abc$15919$auto$blifparse.cc:525:parse_blif$16038.genblk1.genblk1.genblk1.genblk1.genblk1.genblk1.lut3 (4 -> 1)
  Optimizing lut $abc$15919$auto$blifparse.cc:525:parse_blif$16039.genblk1.genblk1.genblk1.genblk1.genblk1.genblk1.lut1 (4 -> 1)
  Optimizing lut $abc$15919$auto$blifparse.cc:525:parse_blif$16039.genblk1.genblk1.genblk1.genblk1.genblk1.genblk1.lut2 (4 -> 1)
  Optimizing lut $abc$15919$auto$blifparse.cc:525:parse_blif$16039.genblk1.genblk1.genblk1.genblk1.genblk1.genblk1.lut3 (4 -> 1)
  Optimizing lut $abc$15919$auto$blifparse.cc:525:parse_blif$16079.genblk1.genblk1.genblk1.genblk1.genblk1.genblk1.lut1 (4 -> 0)
  Optimizing lut $abc$15919$auto$blifparse.cc:525:parse_blif$16079.genblk1.genblk1.genblk1.genblk1.genblk1.genblk1.lut2 (4 -> 0)
  Optimizing lut $abc$15919$auto$blifparse.cc:525:parse_blif$16342.genblk1.genblk1.genblk1.genblk1.genblk1.genblk1.lut2 (4 -> 1)
  Optimizing lut $abc$15919$auto$blifparse.cc:525:parse_blif$16342.genblk1.genblk1.genblk1.genblk1.genblk1.genblk1.lut3 (4 -> 1)
  Optimizing lut $abc$15919$auto$blifparse.cc:525:parse_blif$16184.genblk1.genblk1.genblk1.genblk1.genblk1.genblk1.lut2 (4 -> 1)
  Optimizing lut $abc$15919$auto$blifparse.cc:525:parse_blif$16184.genblk1.genblk1.genblk1.genblk1.genblk1.genblk1.lut3 (4 -> 1)
  Optimizing lut $abc$15919$auto$blifparse.cc:525:parse_blif$16261.genblk1.genblk1.genblk1.genblk1.genblk1.genblk1.lut1 (4 -> 1)
  Optimizing lut $abc$15919$auto$blifparse.cc:525:parse_blif$16261.genblk1.genblk1.genblk1.genblk1.genblk1.genblk1.lut2 (4 -> 1)
  Optimizing lut $abc$15919$auto$blifparse.cc:525:parse_blif$16261.genblk1.genblk1.genblk1.genblk1.genblk1.genblk1.lut3 (4 -> 1)
  Optimizing lut $abc$15919$auto$blifparse.cc:525:parse_blif$16343.genblk1.genblk1.genblk1.genblk1.genblk1.genblk1.lut1 (4 -> 1)
  Optimizing lut $abc$15919$auto$blifparse.cc:525:parse_blif$16343.genblk1.genblk1.genblk1.genblk1.genblk1.genblk1.lut2 (4 -> 1)
  Optimizing lut $abc$15919$auto$blifparse.cc:525:parse_blif$16343.genblk1.genblk1.genblk1.genblk1.genblk1.genblk1.lut3 (4 -> 1)
  Optimizing lut $abc$15919$auto$blifparse.cc:525:parse_blif$16393.genblk1.genblk1.genblk1.genblk1.genblk1.genblk1.lut1 (4 -> 0)
  Optimizing lut $abc$15919$auto$blifparse.cc:525:parse_blif$16393.genblk1.genblk1.genblk1.genblk1.genblk1.genblk1.lut2 (4 -> 0)
  Optimizing lut $abc$15919$auto$blifparse.cc:525:parse_blif$16402.genblk1.genblk1.genblk1.genblk1.genblk1.genblk1.genblk1.lut2 (4 -> 0)
  Optimizing lut $abc$15919$auto$blifparse.cc:525:parse_blif$16402.genblk1.genblk1.genblk1.genblk1.genblk1.genblk1.genblk1.lut3 (4 -> 0)
  Optimizing lut $abc$15919$auto$blifparse.cc:525:parse_blif$16402.genblk1.genblk1.genblk1.genblk1.genblk1.genblk1.genblk1.lut5 (4 -> 0)
  Optimizing lut $abc$15919$auto$blifparse.cc:525:parse_blif$16402.genblk1.genblk1.genblk1.genblk1.genblk1.genblk1.genblk1.lut6 (4 -> 0)
  Optimizing lut $abc$15919$auto$blifparse.cc:525:parse_blif$16402.genblk1.genblk1.genblk1.genblk1.genblk1.genblk1.genblk1.lut7 (4 -> 0)
  Optimizing lut $abc$15919$auto$blifparse.cc:525:parse_blif$16281.genblk1.genblk1.genblk1.genblk1.genblk1.genblk1.genblk1.lut2 (4 -> 0)
  Optimizing lut $abc$15919$auto$blifparse.cc:525:parse_blif$16281.genblk1.genblk1.genblk1.genblk1.genblk1.genblk1.genblk1.lut3 (4 -> 0)
  Optimizing lut $abc$15919$auto$blifparse.cc:525:parse_blif$16281.genblk1.genblk1.genblk1.genblk1.genblk1.genblk1.genblk1.lut4 (4 -> 0)
  Optimizing lut $abc$15919$auto$blifparse.cc:525:parse_blif$16281.genblk1.genblk1.genblk1.genblk1.genblk1.genblk1.genblk1.lut5 (4 -> 0)
  Optimizing lut $abc$15919$auto$blifparse.cc:525:parse_blif$16281.genblk1.genblk1.genblk1.genblk1.genblk1.genblk1.genblk1.lut7 (4 -> 0)
  Optimizing lut $abc$15919$auto$blifparse.cc:525:parse_blif$16360.genblk1.genblk1.genblk1.genblk1.genblk1.genblk1.lut2 (4 -> 1)
  Optimizing lut $abc$15919$auto$blifparse.cc:525:parse_blif$16360.genblk1.genblk1.genblk1.genblk1.genblk1.genblk1.lut3 (4 -> 1)
  Optimizing lut $abc$15919$auto$blifparse.cc:525:parse_blif$16208.genblk1.genblk1.genblk1.genblk1.genblk1.genblk1.lut2 (4 -> 1)
  Optimizing lut $abc$15919$auto$blifparse.cc:525:parse_blif$16208.genblk1.genblk1.genblk1.genblk1.genblk1.genblk1.lut3 (4 -> 1)
  Optimizing lut $abc$15919$auto$blifparse.cc:525:parse_blif$16292.genblk1.genblk1.genblk1.genblk1.genblk1.genblk1.lut1 (4 -> 1)
  Optimizing lut $abc$15919$auto$blifparse.cc:525:parse_blif$16292.genblk1.genblk1.genblk1.genblk1.genblk1.genblk1.lut2 (4 -> 1)
  Optimizing lut $abc$15919$auto$blifparse.cc:525:parse_blif$16292.genblk1.genblk1.genblk1.genblk1.genblk1.genblk1.lut3 (4 -> 1)
  Optimizing lut $abc$15919$auto$blifparse.cc:525:parse_blif$16361.genblk1.genblk1.genblk1.genblk1.genblk1.genblk1.lut1 (4 -> 1)
  Optimizing lut $abc$15919$auto$blifparse.cc:525:parse_blif$16361.genblk1.genblk1.genblk1.genblk1.genblk1.genblk1.lut2 (4 -> 1)
  Optimizing lut $abc$15919$auto$blifparse.cc:525:parse_blif$16361.genblk1.genblk1.genblk1.genblk1.genblk1.genblk1.lut3 (4 -> 1)
  Optimizing lut $abc$15919$auto$blifparse.cc:525:parse_blif$16456.genblk1.genblk1.genblk1.genblk1.genblk1.genblk1.lut1 (4 -> 1)
  Optimizing lut $abc$15919$auto$blifparse.cc:525:parse_blif$16456.genblk1.genblk1.genblk1.genblk1.genblk1.genblk1.lut2 (4 -> 2)
  Optimizing lut $abc$15919$auto$blifparse.cc:525:parse_blif$16456.genblk1.genblk1.genblk1.genblk1.genblk1.genblk1.lut3 (4 -> 2)
  Optimizing lut $abc$15919$auto$blifparse.cc:525:parse_blif$16464.genblk1.genblk1.genblk1.genblk1.genblk1.genblk1.lut2 (4 -> 0)
  Optimizing lut $abc$15919$auto$blifparse.cc:525:parse_blif$16465.genblk1.genblk1.genblk1.genblk1.genblk1.genblk1.genblk1.lut3 (4 -> 0)
  Optimizing lut $abc$15919$auto$blifparse.cc:525:parse_blif$16465.genblk1.genblk1.genblk1.genblk1.genblk1.genblk1.genblk1.lut4 (4 -> 0)
  Optimizing lut $abc$15919$auto$blifparse.cc:525:parse_blif$16465.genblk1.genblk1.genblk1.genblk1.genblk1.genblk1.genblk1.lut5 (4 -> 0)
  Optimizing lut $abc$15919$auto$blifparse.cc:525:parse_blif$16465.genblk1.genblk1.genblk1.genblk1.genblk1.genblk1.genblk1.lut6 (4 -> 0)
  Optimizing lut $abc$15919$auto$blifparse.cc:525:parse_blif$16465.genblk1.genblk1.genblk1.genblk1.genblk1.genblk1.genblk1.lut7 (4 -> 0)
  Optimizing lut $abc$15919$auto$blifparse.cc:525:parse_blif$16468.genblk1.genblk1.genblk1.genblk1.genblk1.genblk1.lut3 (4 -> 0)
  Optimizing lut $abc$15919$auto$blifparse.cc:525:parse_blif$16470.genblk1.genblk1.genblk1.genblk1.genblk1.genblk1.genblk1.lut2 (4 -> 3)
  Optimizing lut $abc$15919$auto$blifparse.cc:525:parse_blif$16470.genblk1.genblk1.genblk1.genblk1.genblk1.genblk1.genblk1.lut3 (4 -> 0)
  Optimizing lut $abc$15919$auto$blifparse.cc:525:parse_blif$16470.genblk1.genblk1.genblk1.genblk1.genblk1.genblk1.genblk1.lut6 (4 -> 0)
  Optimizing lut $abc$15919$auto$blifparse.cc:525:parse_blif$16471.genblk1.genblk1.genblk1.genblk1.genblk1.genblk1.genblk1.lut1 (4 -> 0)
  Optimizing lut $abc$15919$auto$blifparse.cc:525:parse_blif$16471.genblk1.genblk1.genblk1.genblk1.genblk1.genblk1.genblk1.lut2 (4 -> 0)
  Optimizing lut $abc$15919$auto$blifparse.cc:525:parse_blif$16471.genblk1.genblk1.genblk1.genblk1.genblk1.genblk1.genblk1.lut3 (4 -> 0)
  Optimizing lut $abc$15919$auto$blifparse.cc:525:parse_blif$16471.genblk1.genblk1.genblk1.genblk1.genblk1.genblk1.genblk1.lut4 (4 -> 0)
  Optimizing lut $abc$15919$auto$blifparse.cc:525:parse_blif$16471.genblk1.genblk1.genblk1.genblk1.genblk1.genblk1.genblk1.lut5 (4 -> 0)
  Optimizing lut $abc$15919$auto$blifparse.cc:525:parse_blif$16471.genblk1.genblk1.genblk1.genblk1.genblk1.genblk1.genblk1.lut6 (4 -> 0)
  Optimizing lut $abc$15919$auto$blifparse.cc:525:parse_blif$16163.genblk1.genblk1.genblk1.genblk1.genblk1.genblk1.lut1 (4 -> 1)
  Optimizing lut $abc$15919$auto$blifparse.cc:525:parse_blif$16163.genblk1.genblk1.genblk1.genblk1.genblk1.genblk1.lut2 (4 -> 1)
  Optimizing lut $abc$15919$auto$blifparse.cc:525:parse_blif$16163.genblk1.genblk1.genblk1.genblk1.genblk1.genblk1.lut3 (4 -> 1)
  Optimizing lut $abc$15919$auto$blifparse.cc:525:parse_blif$16164.genblk1.genblk1.genblk1.genblk1.genblk1.genblk1.lut1 (4 -> 1)
  Optimizing lut $abc$15919$auto$blifparse.cc:525:parse_blif$16164.genblk1.genblk1.genblk1.genblk1.genblk1.genblk1.lut2 (4 -> 1)
  Optimizing lut $abc$15919$auto$blifparse.cc:525:parse_blif$16164.genblk1.genblk1.genblk1.genblk1.genblk1.genblk1.lut3 (4 -> 1)
  Optimizing lut $abc$15919$auto$blifparse.cc:525:parse_blif$16165.genblk1.genblk1.genblk1.genblk1.genblk1.genblk1.lut1 (4 -> 1)
  Optimizing lut $abc$15919$auto$blifparse.cc:525:parse_blif$16165.genblk1.genblk1.genblk1.genblk1.genblk1.genblk1.lut2 (4 -> 1)
  Optimizing lut $abc$15919$auto$blifparse.cc:525:parse_blif$16165.genblk1.genblk1.genblk1.genblk1.genblk1.genblk1.lut3 (4 -> 1)
  Optimizing lut $abc$15919$auto$blifparse.cc:525:parse_blif$16166.genblk1.genblk1.genblk1.genblk1.genblk1.genblk1.lut1 (4 -> 1)
  Optimizing lut $abc$15919$auto$blifparse.cc:525:parse_blif$16166.genblk1.genblk1.genblk1.genblk1.genblk1.genblk1.lut2 (4 -> 1)
  Optimizing lut $abc$15919$auto$blifparse.cc:525:parse_blif$16166.genblk1.genblk1.genblk1.genblk1.genblk1.genblk1.lut3 (4 -> 1)
  Optimizing lut $abc$15919$auto$blifparse.cc:525:parse_blif$16462.genblk1.genblk1.genblk1.genblk1.genblk1.genblk1.lut2 (4 -> 1)
  Optimizing lut $abc$15919$auto$blifparse.cc:525:parse_blif$16462.genblk1.genblk1.genblk1.genblk1.genblk1.genblk1.lut3 (4 -> 1)
  Optimizing lut $abc$15919$auto$blifparse.cc:525:parse_blif$16391.genblk1.genblk1.genblk1.genblk1.genblk1.genblk1.lut1 (4 -> 1)
  Optimizing lut $abc$15919$auto$blifparse.cc:525:parse_blif$16391.genblk1.genblk1.genblk1.genblk1.genblk1.genblk1.lut2 (4 -> 1)
  Optimizing lut $abc$15919$auto$blifparse.cc:525:parse_blif$16391.genblk1.genblk1.genblk1.genblk1.genblk1.genblk1.lut3 (4 -> 1)
  Optimizing lut $abc$15919$auto$blifparse.cc:525:parse_blif$16254.genblk1.genblk1.genblk1.genblk1.genblk1.genblk1.lut2 (4 -> 1)
  Optimizing lut $abc$15919$auto$blifparse.cc:525:parse_blif$16254.genblk1.genblk1.genblk1.genblk1.genblk1.genblk1.lut3 (4 -> 1)
  Optimizing lut $abc$15919$auto$blifparse.cc:525:parse_blif$16325.genblk1.genblk1.genblk1.genblk1.genblk1.genblk1.lut1 (4 -> 1)
  Optimizing lut $abc$15919$auto$blifparse.cc:525:parse_blif$16325.genblk1.genblk1.genblk1.genblk1.genblk1.genblk1.lut2 (4 -> 1)
  Optimizing lut $abc$15919$auto$blifparse.cc:525:parse_blif$16325.genblk1.genblk1.genblk1.genblk1.genblk1.genblk1.lut3 (4 -> 1)
  Optimizing lut $abc$15919$auto$blifparse.cc:525:parse_blif$16149.genblk1.genblk1.genblk1.genblk1.genblk1.genblk1.lut2 (4 -> 1)
  Optimizing lut $abc$15919$auto$blifparse.cc:525:parse_blif$16149.genblk1.genblk1.genblk1.genblk1.genblk1.genblk1.lut3 (4 -> 1)
  Optimizing lut $abc$15919$auto$blifparse.cc:525:parse_blif$16448.genblk1.genblk1.genblk1.genblk1.genblk1.genblk1.lut2 (4 -> 0)
  Optimizing lut $abc$15919$auto$blifparse.cc:525:parse_blif$16124.genblk1.genblk1.genblk1.genblk1.genblk1.genblk1.lut1 (4 -> 1)
  Optimizing lut $abc$15919$auto$blifparse.cc:525:parse_blif$16124.genblk1.genblk1.genblk1.genblk1.genblk1.genblk1.lut2 (4 -> 1)
  Optimizing lut $abc$15919$auto$blifparse.cc:525:parse_blif$16124.genblk1.genblk1.genblk1.genblk1.genblk1.genblk1.lut3 (4 -> 1)
  Optimizing lut $abc$15919$auto$blifparse.cc:525:parse_blif$16125.genblk1.genblk1.genblk1.genblk1.genblk1.genblk1.lut1 (4 -> 1)
  Optimizing lut $abc$15919$auto$blifparse.cc:525:parse_blif$16125.genblk1.genblk1.genblk1.genblk1.genblk1.genblk1.lut2 (4 -> 1)
  Optimizing lut $abc$15919$auto$blifparse.cc:525:parse_blif$16125.genblk1.genblk1.genblk1.genblk1.genblk1.genblk1.lut3 (4 -> 1)
  Optimizing lut $abc$15919$auto$blifparse.cc:525:parse_blif$16126.genblk1.genblk1.genblk1.genblk1.genblk1.genblk1.lut1 (4 -> 1)
  Optimizing lut $abc$15919$auto$blifparse.cc:525:parse_blif$16126.genblk1.genblk1.genblk1.genblk1.genblk1.genblk1.lut2 (4 -> 1)
  Optimizing lut $abc$15919$auto$blifparse.cc:525:parse_blif$16126.genblk1.genblk1.genblk1.genblk1.genblk1.genblk1.lut3 (4 -> 1)
  Optimizing lut $abc$15919$auto$blifparse.cc:525:parse_blif$16127.genblk1.genblk1.genblk1.genblk1.genblk1.genblk1.lut1 (4 -> 1)
  Optimizing lut $abc$15919$auto$blifparse.cc:525:parse_blif$16127.genblk1.genblk1.genblk1.genblk1.genblk1.genblk1.lut2 (4 -> 1)
  Optimizing lut $abc$15919$auto$blifparse.cc:525:parse_blif$16127.genblk1.genblk1.genblk1.genblk1.genblk1.genblk1.lut3 (4 -> 1)
  Optimizing lut $abc$15919$auto$blifparse.cc:525:parse_blif$16452.genblk1.genblk1.genblk1.genblk1.genblk1.genblk1.lut3 (4 -> 0)
  Optimizing lut $abc$15919$auto$blifparse.cc:525:parse_blif$16011.genblk1.genblk1.genblk1.genblk1.genblk1.genblk1.lut1 (4 -> 0)
  Optimizing lut $abc$15919$auto$blifparse.cc:525:parse_blif$16011.genblk1.genblk1.genblk1.genblk1.genblk1.genblk1.lut2 (4 -> 0)
  Optimizing lut $abc$15919$auto$blifparse.cc:525:parse_blif$16014.genblk1.genblk1.genblk1.genblk1.genblk1.genblk1.lut1 (4 -> 0)
  Optimizing lut $abc$15919$auto$blifparse.cc:525:parse_blif$16014.genblk1.genblk1.genblk1.genblk1.genblk1.genblk1.lut2 (4 -> 0)
  Optimizing lut $abc$15919$auto$blifparse.cc:525:parse_blif$16016.genblk1.genblk1.genblk1.genblk1.genblk1.genblk1.lut1 (4 -> 0)
  Optimizing lut $abc$15919$auto$blifparse.cc:525:parse_blif$16016.genblk1.genblk1.genblk1.genblk1.genblk1.genblk1.lut2 (4 -> 0)
  Optimizing lut $abc$15919$auto$blifparse.cc:525:parse_blif$16016.genblk1.genblk1.genblk1.genblk1.genblk1.genblk1.lut3 (4 -> 0)
  Optimizing lut $abc$15919$auto$blifparse.cc:525:parse_blif$16454.genblk1.genblk1.genblk1.genblk1.genblk1.genblk1.genblk1.lut2 (4 -> 3)
  Optimizing lut $abc$15919$auto$blifparse.cc:525:parse_blif$16454.genblk1.genblk1.genblk1.genblk1.genblk1.genblk1.genblk1.lut3 (4 -> 0)
  Optimizing lut $abc$15919$auto$blifparse.cc:525:parse_blif$16454.genblk1.genblk1.genblk1.genblk1.genblk1.genblk1.genblk1.lut6 (4 -> 0)
  Optimizing lut $abc$15919$auto$blifparse.cc:525:parse_blif$16017.genblk1.genblk1.genblk1.genblk1.genblk1.genblk1.lut1 (4 -> 0)
  Optimizing lut $abc$15919$auto$blifparse.cc:525:parse_blif$16017.genblk1.genblk1.genblk1.genblk1.genblk1.genblk1.lut3 (4 -> 0)
  Optimizing lut $abc$15919$auto$blifparse.cc:525:parse_blif$16020.genblk1.genblk1.genblk1.genblk1.genblk1.genblk1.lut1 (4 -> 0)
  Optimizing lut $abc$15919$auto$blifparse.cc:525:parse_blif$16020.genblk1.genblk1.genblk1.genblk1.genblk1.genblk1.lut2 (4 -> 0)
  Optimizing lut $abc$15919$auto$blifparse.cc:525:parse_blif$16420.genblk1.genblk1.genblk1.genblk1.genblk1.genblk1.lut1 (4 -> 0)
  Optimizing lut $abc$15919$auto$blifparse.cc:525:parse_blif$16420.genblk1.genblk1.genblk1.genblk1.genblk1.genblk1.lut2 (4 -> 0)
  Optimizing lut $abc$15919$auto$blifparse.cc:525:parse_blif$16129.genblk1.genblk1.genblk1.genblk1.genblk1.genblk1.genblk1.lut2 (4 -> 0)
  Optimizing lut $abc$15919$auto$blifparse.cc:525:parse_blif$16129.genblk1.genblk1.genblk1.genblk1.genblk1.genblk1.genblk1.lut3 (4 -> 0)
  Optimizing lut $abc$15919$auto$blifparse.cc:525:parse_blif$16129.genblk1.genblk1.genblk1.genblk1.genblk1.genblk1.genblk1.lut4 (4 -> 0)
  Optimizing lut $abc$15919$auto$blifparse.cc:525:parse_blif$16129.genblk1.genblk1.genblk1.genblk1.genblk1.genblk1.genblk1.lut5 (4 -> 0)
  Optimizing lut $abc$15919$auto$blifparse.cc:525:parse_blif$16129.genblk1.genblk1.genblk1.genblk1.genblk1.genblk1.genblk1.lut7 (4 -> 0)
  Optimizing lut $abc$15919$auto$blifparse.cc:525:parse_blif$16396.genblk1.genblk1.genblk1.genblk1.genblk1.genblk1.genblk1.lut2 (4 -> 0)
  Optimizing lut $abc$15919$auto$blifparse.cc:525:parse_blif$16396.genblk1.genblk1.genblk1.genblk1.genblk1.genblk1.genblk1.lut3 (4 -> 0)
  Optimizing lut $abc$15919$auto$blifparse.cc:525:parse_blif$16396.genblk1.genblk1.genblk1.genblk1.genblk1.genblk1.genblk1.lut4 (4 -> 0)
  Optimizing lut $abc$15919$auto$blifparse.cc:525:parse_blif$16396.genblk1.genblk1.genblk1.genblk1.genblk1.genblk1.genblk1.lut5 (4 -> 0)
  Optimizing lut $abc$15919$auto$blifparse.cc:525:parse_blif$16396.genblk1.genblk1.genblk1.genblk1.genblk1.genblk1.genblk1.lut6 (4 -> 0)
  Optimizing lut $abc$15919$auto$blifparse.cc:525:parse_blif$16449.genblk1.genblk1.genblk1.genblk1.genblk1.genblk1.genblk1.lut3 (4 -> 0)
  Optimizing lut $abc$15919$auto$blifparse.cc:525:parse_blif$16449.genblk1.genblk1.genblk1.genblk1.genblk1.genblk1.genblk1.lut4 (4 -> 0)
  Optimizing lut $abc$15919$auto$blifparse.cc:525:parse_blif$16449.genblk1.genblk1.genblk1.genblk1.genblk1.genblk1.genblk1.lut5 (4 -> 0)
  Optimizing lut $abc$15919$auto$blifparse.cc:525:parse_blif$16449.genblk1.genblk1.genblk1.genblk1.genblk1.genblk1.genblk1.lut6 (4 -> 0)
  Optimizing lut $abc$15919$auto$blifparse.cc:525:parse_blif$16449.genblk1.genblk1.genblk1.genblk1.genblk1.genblk1.genblk1.lut7 (4 -> 0)
  Optimizing lut $abc$15919$auto$blifparse.cc:525:parse_blif$16010.genblk1.genblk1.genblk1.genblk1.genblk1.genblk1.lut1 (4 -> 0)
  Optimizing lut $abc$15919$auto$blifparse.cc:525:parse_blif$16010.genblk1.genblk1.genblk1.genblk1.genblk1.genblk1.lut2 (4 -> 0)
  Optimizing lut $abc$15919$auto$blifparse.cc:525:parse_blif$16013.genblk1.genblk1.genblk1.genblk1.genblk1.genblk1.lut1 (4 -> 0)
  Optimizing lut $abc$15919$auto$blifparse.cc:525:parse_blif$16013.genblk1.genblk1.genblk1.genblk1.genblk1.genblk1.lut3 (4 -> 0)
  Optimizing lut $abc$15919$auto$blifparse.cc:525:parse_blif$16019.genblk1.genblk1.genblk1.genblk1.genblk1.genblk1.lut1 (4 -> 0)
  Optimizing lut $abc$15919$auto$blifparse.cc:525:parse_blif$16019.genblk1.genblk1.genblk1.genblk1.genblk1.genblk1.lut3 (4 -> 0)
  Optimizing lut $abc$15919$auto$blifparse.cc:525:parse_blif$16027.genblk1.genblk1.genblk1.genblk1.genblk1.genblk1.lut1 (4 -> 0)
  Optimizing lut $abc$15919$auto$blifparse.cc:525:parse_blif$16027.genblk1.genblk1.genblk1.genblk1.genblk1.genblk1.lut2 (4 -> 0)
  Optimizing lut $abc$15919$auto$blifparse.cc:525:parse_blif$16092.genblk1.genblk1.genblk1.genblk1.genblk1.genblk1.lut2 (4 -> 1)
  Optimizing lut $abc$15919$auto$blifparse.cc:525:parse_blif$16092.genblk1.genblk1.genblk1.genblk1.genblk1.genblk1.lut3 (4 -> 1)
  Optimizing lut $abc$15919$auto$blifparse.cc:525:parse_blif$16093.genblk1.genblk1.genblk1.genblk1.genblk1.genblk1.lut1 (4 -> 1)
  Optimizing lut $abc$15919$auto$blifparse.cc:525:parse_blif$16093.genblk1.genblk1.genblk1.genblk1.genblk1.genblk1.lut2 (4 -> 1)
  Optimizing lut $abc$15919$auto$blifparse.cc:525:parse_blif$16093.genblk1.genblk1.genblk1.genblk1.genblk1.genblk1.lut3 (4 -> 1)
  Optimizing lut $abc$15919$auto$blifparse.cc:525:parse_blif$16095.genblk1.genblk1.genblk1.genblk1.genblk1.genblk1.lut2 (4 -> 1)
  Optimizing lut $abc$15919$auto$blifparse.cc:525:parse_blif$16095.genblk1.genblk1.genblk1.genblk1.genblk1.genblk1.lut3 (4 -> 1)
  Optimizing lut $abc$15919$auto$blifparse.cc:525:parse_blif$16392.genblk1.genblk1.genblk1.genblk1.genblk1.genblk1.lut2 (4 -> 1)
  Optimizing lut $abc$15919$auto$blifparse.cc:525:parse_blif$16392.genblk1.genblk1.genblk1.genblk1.genblk1.genblk1.lut3 (4 -> 1)
  Optimizing lut $abc$15919$auto$blifparse.cc:525:parse_blif$16135.genblk1.genblk1.genblk1.genblk1.genblk1.genblk1.lut1 (4 -> 1)
  Optimizing lut $abc$15919$auto$blifparse.cc:525:parse_blif$16135.genblk1.genblk1.genblk1.genblk1.genblk1.genblk1.lut2 (4 -> 1)
  Optimizing lut $abc$15919$auto$blifparse.cc:525:parse_blif$16135.genblk1.genblk1.genblk1.genblk1.genblk1.genblk1.lut3 (4 -> 1)
  Optimizing lut $abc$15919$auto$blifparse.cc:525:parse_blif$16138.genblk1.genblk1.genblk1.genblk1.genblk1.genblk1.lut1 (4 -> 1)
  Optimizing lut $abc$15919$auto$blifparse.cc:525:parse_blif$16138.genblk1.genblk1.genblk1.genblk1.genblk1.genblk1.lut2 (4 -> 1)
  Optimizing lut $abc$15919$auto$blifparse.cc:525:parse_blif$16138.genblk1.genblk1.genblk1.genblk1.genblk1.genblk1.lut3 (4 -> 1)
  Optimizing lut $abc$15919$auto$blifparse.cc:525:parse_blif$16154.genblk1.genblk1.genblk1.genblk1.genblk1.genblk1.lut1 (4 -> 1)
  Optimizing lut $abc$15919$auto$blifparse.cc:525:parse_blif$16154.genblk1.genblk1.genblk1.genblk1.genblk1.genblk1.lut2 (4 -> 1)
  Optimizing lut $abc$15919$auto$blifparse.cc:525:parse_blif$16154.genblk1.genblk1.genblk1.genblk1.genblk1.genblk1.lut3 (4 -> 1)
  Optimizing lut $abc$15919$auto$blifparse.cc:525:parse_blif$16136.genblk1.genblk1.genblk1.genblk1.genblk1.genblk1.lut1 (4 -> 1)
  Optimizing lut $abc$15919$auto$blifparse.cc:525:parse_blif$16136.genblk1.genblk1.genblk1.genblk1.genblk1.genblk1.lut2 (4 -> 1)
  Optimizing lut $abc$15919$auto$blifparse.cc:525:parse_blif$16136.genblk1.genblk1.genblk1.genblk1.genblk1.genblk1.lut3 (4 -> 1)
  Optimizing lut $abc$15919$auto$blifparse.cc:525:parse_blif$16108.genblk1.genblk1.genblk1.genblk1.genblk1.genblk1.lut1 (4 -> 0)
  Optimizing lut $abc$15919$auto$blifparse.cc:525:parse_blif$16108.genblk1.genblk1.genblk1.genblk1.genblk1.genblk1.lut2 (4 -> 0)
  Optimizing lut $abc$15919$auto$blifparse.cc:525:parse_blif$16228.genblk1.genblk1.genblk1.genblk1.genblk1.genblk1.lut2 (4 -> 1)
  Optimizing lut $abc$15919$auto$blifparse.cc:525:parse_blif$16228.genblk1.genblk1.genblk1.genblk1.genblk1.genblk1.lut3 (4 -> 1)
  Optimizing lut $abc$15919$auto$blifparse.cc:525:parse_blif$16309.genblk1.genblk1.genblk1.genblk1.genblk1.genblk1.lut1 (4 -> 1)
  Optimizing lut $abc$15919$auto$blifparse.cc:525:parse_blif$16309.genblk1.genblk1.genblk1.genblk1.genblk1.genblk1.lut2 (4 -> 1)
  Optimizing lut $abc$15919$auto$blifparse.cc:525:parse_blif$16309.genblk1.genblk1.genblk1.genblk1.genblk1.genblk1.lut3 (4 -> 1)
  Optimizing lut $abc$15919$auto$blifparse.cc:525:parse_blif$16455.genblk1.genblk1.genblk1.genblk1.genblk1.genblk1.genblk1.lut2 (4 -> 0)
  Optimizing lut $abc$15919$auto$blifparse.cc:525:parse_blif$16455.genblk1.genblk1.genblk1.genblk1.genblk1.genblk1.genblk1.lut3 (4 -> 0)
  Optimizing lut $abc$15919$auto$blifparse.cc:525:parse_blif$16455.genblk1.genblk1.genblk1.genblk1.genblk1.genblk1.genblk1.lut4 (4 -> 0)
  Optimizing lut $abc$15919$auto$blifparse.cc:525:parse_blif$16455.genblk1.genblk1.genblk1.genblk1.genblk1.genblk1.genblk1.lut5 (4 -> 0)
  Optimizing lut $abc$15919$auto$blifparse.cc:525:parse_blif$16455.genblk1.genblk1.genblk1.genblk1.genblk1.genblk1.genblk1.lut6 (4 -> 0)
  Optimizing lut $abc$15919$auto$blifparse.cc:525:parse_blif$16580.genblk1.genblk1.genblk1.genblk1.genblk1.genblk1.lut2 (4 -> 1)
  Optimizing lut $abc$15919$auto$blifparse.cc:525:parse_blif$16580.genblk1.genblk1.genblk1.genblk1.genblk1.genblk1.lut3 (4 -> 1)
  Optimizing lut $abc$15919$auto$blifparse.cc:525:parse_blif$16581.genblk1.genblk1.genblk1.genblk1.genblk1.genblk1.lut1 (4 -> 1)
  Optimizing lut $abc$15919$auto$blifparse.cc:525:parse_blif$16581.genblk1.genblk1.genblk1.genblk1.genblk1.genblk1.lut2 (4 -> 1)
  Optimizing lut $abc$15919$auto$blifparse.cc:525:parse_blif$16581.genblk1.genblk1.genblk1.genblk1.genblk1.genblk1.lut3 (4 -> 1)
  Optimizing lut $abc$15919$auto$blifparse.cc:525:parse_blif$16510.genblk1.genblk1.genblk1.genblk1.genblk1.genblk1.lut1 (4 -> 1)
  Optimizing lut $abc$15919$auto$blifparse.cc:525:parse_blif$16510.genblk1.genblk1.genblk1.genblk1.genblk1.genblk1.lut2 (4 -> 1)
  Optimizing lut $abc$15919$auto$blifparse.cc:525:parse_blif$16510.genblk1.genblk1.genblk1.genblk1.genblk1.genblk1.lut3 (4 -> 1)
  Optimizing lut $abc$15919$auto$blifparse.cc:525:parse_blif$16381.genblk1.genblk1.genblk1.genblk1.genblk1.genblk1.lut1 (4 -> 1)
  Optimizing lut $abc$15919$auto$blifparse.cc:525:parse_blif$16381.genblk1.genblk1.genblk1.genblk1.genblk1.genblk1.lut2 (4 -> 1)
  Optimizing lut $abc$15919$auto$blifparse.cc:525:parse_blif$16381.genblk1.genblk1.genblk1.genblk1.genblk1.genblk1.lut3 (4 -> 1)
  Optimizing lut $abc$15919$auto$blifparse.cc:525:parse_blif$16446.genblk1.genblk1.genblk1.genblk1.genblk1.genblk1.lut1 (4 -> 1)
  Optimizing lut $abc$15919$auto$blifparse.cc:525:parse_blif$16446.genblk1.genblk1.genblk1.genblk1.genblk1.genblk1.lut2 (4 -> 1)
  Optimizing lut $abc$15919$auto$blifparse.cc:525:parse_blif$16446.genblk1.genblk1.genblk1.genblk1.genblk1.genblk1.lut3 (4 -> 1)
  Optimizing lut $abc$15919$auto$blifparse.cc:525:parse_blif$15968.genblk1.genblk1.genblk1.genblk1.genblk1.genblk1.lut0 (4 -> 0)
  Optimizing lut $abc$15919$auto$blifparse.cc:525:parse_blif$15990.genblk1.genblk1.genblk1.genblk1.genblk1.lut0 (4 -> 2)
  Optimizing lut $abc$15919$auto$blifparse.cc:525:parse_blif$15994.genblk1.genblk1.genblk1.genblk1.genblk1.genblk1.lut0 (4 -> 3)
  Optimizing lut $abc$15919$auto$blifparse.cc:525:parse_blif$15995.genblk1.genblk1.genblk1.genblk1.genblk1.lut0 (4 -> 3)
  Optimizing lut $abc$15919$auto$blifparse.cc:525:parse_blif$15996.genblk1.genblk1.genblk1.genblk1.genblk1.genblk1.lut0 (4 -> 1)
  Optimizing lut $abc$15919$auto$blifparse.cc:525:parse_blif$15969.genblk1.genblk1.genblk1.genblk1.genblk1.lut1 (4 -> 0)
  Optimizing lut $abc$15919$auto$blifparse.cc:525:parse_blif$16000.genblk1.genblk1.genblk1.genblk1.genblk1.genblk1.lut0 (4 -> 1)
  Optimizing lut $abc$15919$auto$blifparse.cc:525:parse_blif$16001.genblk1.genblk1.genblk1.genblk1.genblk1.genblk1.lut0 (4 -> 1)
  Optimizing lut $abc$15919$auto$blifparse.cc:525:parse_blif$16002.genblk1.genblk1.genblk1.genblk1.genblk1.genblk1.lut0 (4 -> 1)
  Optimizing lut $abc$15919$auto$blifparse.cc:525:parse_blif$16003.genblk1.genblk1.genblk1.genblk1.genblk1.genblk1.lut0 (4 -> 1)
  Optimizing lut $abc$15919$auto$blifparse.cc:525:parse_blif$16004.genblk1.genblk1.genblk1.genblk1.genblk1.genblk1.lut0 (4 -> 1)
  Optimizing lut $abc$15919$auto$blifparse.cc:525:parse_blif$16005.genblk1.genblk1.genblk1.genblk1.genblk1.genblk1.lut0 (4 -> 1)
  Optimizing lut $abc$15919$auto$blifparse.cc:525:parse_blif$16006.genblk1.genblk1.genblk1.genblk1.genblk1.genblk1.lut0 (4 -> 1)
  Optimizing lut $abc$15919$auto$blifparse.cc:525:parse_blif$16007.genblk1.genblk1.genblk1.genblk1.genblk1.genblk1.lut0 (4 -> 0)
  Optimizing lut $abc$15919$auto$blifparse.cc:525:parse_blif$16008.genblk1.genblk1.genblk1.genblk1.genblk1.lut0 (4 -> 0)
  Optimizing lut $abc$15919$auto$blifparse.cc:525:parse_blif$16010.genblk1.genblk1.genblk1.genblk1.genblk1.genblk1.lut0 (4 -> 0)
  Optimizing lut $abc$15919$auto$blifparse.cc:525:parse_blif$16011.genblk1.genblk1.genblk1.genblk1.genblk1.genblk1.lut0 (4 -> 0)
  Optimizing lut $abc$15919$auto$blifparse.cc:525:parse_blif$16012.genblk1.genblk1.genblk1.genblk1.genblk1.lut0 (4 -> 2)
  Optimizing lut $abc$15919$auto$blifparse.cc:525:parse_blif$16013.genblk1.genblk1.genblk1.genblk1.genblk1.genblk1.lut0 (4 -> 0)
  Optimizing lut $abc$15919$auto$blifparse.cc:525:parse_blif$16014.genblk1.genblk1.genblk1.genblk1.genblk1.genblk1.lut0 (4 -> 0)
  Optimizing lut $abc$15919$auto$blifparse.cc:525:parse_blif$16015.genblk1.genblk1.genblk1.genblk1.genblk1.lut0 (4 -> 2)
  Optimizing lut $abc$15919$auto$blifparse.cc:525:parse_blif$16017.genblk1.genblk1.genblk1.genblk1.genblk1.genblk1.lut0 (4 -> 0)
  Optimizing lut $abc$15919$auto$blifparse.cc:525:parse_blif$16021.genblk1.genblk1.genblk1.genblk1.genblk1.genblk1.lut1 (4 -> 3)
  Optimizing lut $abc$15919$auto$blifparse.cc:525:parse_blif$16019.genblk1.genblk1.genblk1.genblk1.genblk1.genblk1.lut0 (4 -> 0)
  Optimizing lut $abc$15919$auto$blifparse.cc:525:parse_blif$16020.genblk1.genblk1.genblk1.genblk1.genblk1.genblk1.lut0 (4 -> 0)
  Optimizing lut $abc$15919$auto$blifparse.cc:525:parse_blif$16021.genblk1.genblk1.genblk1.genblk1.genblk1.genblk1.lut0 (4 -> 2)
  Optimizing lut $abc$15919$auto$blifparse.cc:525:parse_blif$16023.genblk1.genblk1.genblk1.genblk1.genblk1.genblk1.lut0 (4 -> 0)
  Optimizing lut $abc$15919$auto$blifparse.cc:525:parse_blif$16024.genblk1.genblk1.genblk1.genblk1.genblk1.lut0 (4 -> 0)
  Optimizing lut $abc$15919$auto$blifparse.cc:525:parse_blif$16025.genblk1.genblk1.genblk1.genblk1.genblk1.lut0 (4 -> 3)
  Optimizing lut $abc$15919$auto$blifparse.cc:525:parse_blif$16390.genblk1.genblk1.genblk1.genblk1.genblk1.genblk1.lut1 (4 -> 1)
  Optimizing lut $abc$15919$auto$blifparse.cc:525:parse_blif$16027.genblk1.genblk1.genblk1.genblk1.genblk1.genblk1.lut0 (4 -> 0)
  Optimizing lut $abc$15919$auto$blifparse.cc:525:parse_blif$16028.genblk1.genblk1.genblk1.genblk1.genblk1.lut0 (4 -> 0)
  Optimizing lut $abc$15919$auto$blifparse.cc:525:parse_blif$16029.genblk1.genblk1.genblk1.genblk1.genblk1.lut0 (4 -> 3)
  Optimizing lut $abc$15919$auto$blifparse.cc:525:parse_blif$16032.genblk1.genblk1.genblk1.genblk1.genblk1.genblk1.lut0 (4 -> 1)
  Optimizing lut $abc$15919$auto$blifparse.cc:525:parse_blif$16034.genblk1.genblk1.genblk1.genblk1.genblk1.genblk1.lut0 (4 -> 1)
  Optimizing lut $abc$15919$auto$blifparse.cc:525:parse_blif$16035.genblk1.genblk1.genblk1.genblk1.genblk1.genblk1.lut0 (4 -> 1)
  Optimizing lut $abc$15919$auto$blifparse.cc:525:parse_blif$16036.genblk1.genblk1.genblk1.genblk1.genblk1.genblk1.lut0 (4 -> 1)
  Optimizing lut $abc$15919$auto$blifparse.cc:525:parse_blif$16037.genblk1.genblk1.genblk1.genblk1.genblk1.genblk1.lut0 (4 -> 1)
  Optimizing lut $abc$15919$auto$blifparse.cc:525:parse_blif$16038.genblk1.genblk1.genblk1.genblk1.genblk1.genblk1.lut0 (4 -> 1)
  Optimizing lut $abc$15919$auto$blifparse.cc:525:parse_blif$16039.genblk1.genblk1.genblk1.genblk1.genblk1.genblk1.lut0 (4 -> 1)
  Optimizing lut $abc$15919$auto$blifparse.cc:525:parse_blif$16040.genblk1.genblk1.genblk1.genblk1.genblk1.genblk1.lut0 (4 -> 1)
  Optimizing lut $abc$15919$auto$blifparse.cc:525:parse_blif$16262.genblk1.genblk1.genblk1.genblk1.genblk1.genblk1.lut1 (4 -> 1)
  Optimizing lut $abc$15919$auto$blifparse.cc:525:parse_blif$16042.genblk1.genblk1.genblk1.genblk1.genblk1.genblk1.lut0 (4 -> 1)
  Optimizing lut $abc$15919$auto$blifparse.cc:525:parse_blif$16087.genblk1.genblk1.genblk1.genblk1.genblk1.genblk1.lut1 (4 -> 1)
  Optimizing lut $abc$15919$auto$blifparse.cc:525:parse_blif$16044.genblk1.genblk1.genblk1.genblk1.genblk1.genblk1.lut0 (4 -> 0)
  Optimizing lut $abc$15919$auto$blifparse.cc:525:parse_blif$16045.genblk1.genblk1.genblk1.genblk1.genblk1.genblk1.lut0 (4 -> 3)
  Optimizing lut $abc$15919$auto$blifparse.cc:525:parse_blif$16048.genblk1.genblk1.genblk1.genblk1.genblk1.lut1 (4 -> 2)
  Optimizing lut $abc$15919$auto$blifparse.cc:525:parse_blif$16047.genblk1.genblk1.genblk1.genblk1.genblk1.lut0 (4 -> 3)
  Optimizing lut $abc$15919$auto$blifparse.cc:525:parse_blif$16048.genblk1.genblk1.genblk1.genblk1.genblk1.lut0 (4 -> 3)
  Optimizing lut $abc$15919$auto$blifparse.cc:525:parse_blif$16049.genblk1.genblk1.genblk1.genblk1.genblk1.genblk1.lut0 (4 -> 1)
  Optimizing lut $abc$15919$auto$blifparse.cc:525:parse_blif$16060.genblk1.genblk1.genblk1.genblk1.genblk1.lut1 (4 -> 2)
  Optimizing lut $abc$15919$auto$blifparse.cc:525:parse_blif$16053.genblk1.genblk1.genblk1.genblk1.genblk1.genblk1.lut0 (4 -> 1)
  Optimizing lut $abc$15919$auto$blifparse.cc:525:parse_blif$16054.genblk1.genblk1.genblk1.genblk1.genblk1.genblk1.lut0 (4 -> 1)
  Optimizing lut $abc$15919$auto$blifparse.cc:525:parse_blif$16055.genblk1.genblk1.genblk1.genblk1.genblk1.genblk1.lut0 (4 -> 1)
  Optimizing lut $abc$15919$auto$blifparse.cc:525:parse_blif$16056.genblk1.genblk1.genblk1.genblk1.genblk1.genblk1.lut0 (4 -> 1)
  Optimizing lut $abc$15919$auto$blifparse.cc:525:parse_blif$16057.genblk1.genblk1.genblk1.genblk1.genblk1.genblk1.lut0 (4 -> 1)
  Optimizing lut $abc$15919$auto$blifparse.cc:525:parse_blif$16058.genblk1.genblk1.genblk1.genblk1.genblk1.genblk1.lut0 (4 -> 1)
  Optimizing lut $abc$15919$auto$blifparse.cc:525:parse_blif$16059.genblk1.genblk1.genblk1.genblk1.genblk1.lut0 (4 -> 3)
  Optimizing lut $abc$15919$auto$blifparse.cc:525:parse_blif$16062.genblk1.genblk1.genblk1.genblk1.genblk1.genblk1.lut1 (4 -> 1)
  Optimizing lut $abc$15919$auto$blifparse.cc:525:parse_blif$16062.genblk1.genblk1.genblk1.genblk1.genblk1.genblk1.lut0 (4 -> 1)
  Optimizing lut $abc$15919$auto$blifparse.cc:525:parse_blif$16063.genblk1.genblk1.genblk1.genblk1.genblk1.genblk1.lut0 (4 -> 1)
  Optimizing lut $abc$15919$auto$blifparse.cc:525:parse_blif$16065.genblk1.genblk1.genblk1.genblk1.genblk1.genblk1.lut0 (4 -> 1)
  Optimizing lut $abc$15919$auto$blifparse.cc:525:parse_blif$16066.genblk1.genblk1.genblk1.genblk1.genblk1.lut0 (4 -> 3)
  Optimizing lut $abc$15919$auto$blifparse.cc:525:parse_blif$16068.genblk1.genblk1.genblk1.genblk1.genblk1.lut1 (4 -> 1)
  Optimizing lut $abc$15919$auto$blifparse.cc:525:parse_blif$16068.genblk1.genblk1.genblk1.genblk1.genblk1.lut0 (4 -> 3)
  Optimizing lut $abc$15919$auto$blifparse.cc:525:parse_blif$16069.genblk1.genblk1.genblk1.genblk1.genblk1.lut0 (4 -> 0)
  Optimizing lut $abc$15919$auto$blifparse.cc:525:parse_blif$16151.genblk1.genblk1.genblk1.genblk1.genblk1.genblk1.lut1 (4 -> 1)
  Optimizing lut $abc$15919$auto$blifparse.cc:525:parse_blif$16077.genblk1.genblk1.genblk1.genblk1.genblk1.genblk1.lut0 (4 -> 1)
  Optimizing lut $abc$15919$auto$blifparse.cc:525:parse_blif$16078.genblk1.genblk1.genblk1.genblk1.genblk1.genblk1.lut0 (4 -> 1)
  Optimizing lut $abc$15919$auto$blifparse.cc:525:parse_blif$16079.genblk1.genblk1.genblk1.genblk1.genblk1.genblk1.lut0 (4 -> 0)
  Optimizing lut $abc$15919$auto$blifparse.cc:525:parse_blif$16080.genblk1.genblk1.genblk1.genblk1.genblk1.lut0 (4 -> 0)
  Optimizing lut $abc$15919$auto$blifparse.cc:525:parse_blif$16083.genblk1.genblk1.genblk1.genblk1.genblk1.genblk1.genblk1.lut1 (4 -> 2)
  Optimizing lut $abc$15919$auto$blifparse.cc:525:parse_blif$16083.genblk1.genblk1.genblk1.genblk1.genblk1.genblk1.genblk1.lut0 (4 -> 2)
  Optimizing lut $abc$15919$auto$blifparse.cc:525:parse_blif$16087.genblk1.genblk1.genblk1.genblk1.genblk1.genblk1.lut0 (4 -> 1)
  Optimizing lut $abc$15919$auto$blifparse.cc:525:parse_blif$16090.genblk1.genblk1.genblk1.genblk1.genblk1.genblk1.lut0 (4 -> 0)
  Optimizing lut $abc$15919$auto$blifparse.cc:525:parse_blif$16092.genblk1.genblk1.genblk1.genblk1.genblk1.genblk1.lut1 (4 -> 1)
  Optimizing lut $abc$15919$auto$blifparse.cc:525:parse_blif$16092.genblk1.genblk1.genblk1.genblk1.genblk1.genblk1.lut0 (4 -> 1)
  Optimizing lut $abc$15919$auto$blifparse.cc:525:parse_blif$16093.genblk1.genblk1.genblk1.genblk1.genblk1.genblk1.lut0 (4 -> 1)
  Optimizing lut $abc$15919$auto$blifparse.cc:525:parse_blif$16095.genblk1.genblk1.genblk1.genblk1.genblk1.genblk1.lut1 (4 -> 1)
  Optimizing lut $abc$15919$auto$blifparse.cc:525:parse_blif$16095.genblk1.genblk1.genblk1.genblk1.genblk1.genblk1.lut0 (4 -> 1)
  Optimizing lut $abc$15919$auto$blifparse.cc:525:parse_blif$16392.genblk1.genblk1.genblk1.genblk1.genblk1.genblk1.lut1 (4 -> 1)
  Optimizing lut $abc$15919$auto$blifparse.cc:525:parse_blif$16099.genblk1.genblk1.genblk1.genblk1.genblk1.lut0 (4 -> 0)
  Optimizing lut $abc$15919$auto$blifparse.cc:525:parse_blif$16103.genblk1.genblk1.genblk1.genblk1.genblk1.lut0 (4 -> 2)
  Optimizing lut $abc$15919$auto$blifparse.cc:525:parse_blif$16107.genblk1.genblk1.genblk1.genblk1.genblk1.lut1 (4 -> 2)
  Optimizing lut $abc$15919$auto$blifparse.cc:525:parse_blif$16107.genblk1.genblk1.genblk1.genblk1.genblk1.lut0 (4 -> 3)
  Optimizing lut $abc$15919$auto$blifparse.cc:525:parse_blif$16109.genblk1.genblk1.genblk1.genblk1.genblk1.lut0 (4 -> 3)
  Optimizing lut $abc$15919$auto$blifparse.cc:525:parse_blif$16112.genblk1.genblk1.genblk1.genblk1.genblk1.genblk1.lut0 (4 -> 1)
  Optimizing lut $abc$15919$auto$blifparse.cc:525:parse_blif$16114.genblk1.genblk1.genblk1.genblk1.genblk1.genblk1.lut0 (4 -> 1)
  Optimizing lut $abc$15919$auto$blifparse.cc:525:parse_blif$16115.genblk1.genblk1.genblk1.genblk1.genblk1.genblk1.lut0 (4 -> 1)
  Optimizing lut $abc$15919$auto$blifparse.cc:525:parse_blif$16116.genblk1.genblk1.genblk1.genblk1.genblk1.lut0 (4 -> 0)
  Optimizing lut $abc$15919$auto$blifparse.cc:525:parse_blif$16117.genblk1.genblk1.genblk1.genblk1.genblk1.lut0 (4 -> 3)
  Optimizing lut $abc$15919$auto$blifparse.cc:525:parse_blif$16120.genblk1.genblk1.genblk1.genblk1.genblk1.genblk1.lut0 (4 -> 1)
  Optimizing lut $abc$15919$auto$blifparse.cc:525:parse_blif$16122.genblk1.genblk1.genblk1.genblk1.genblk1.genblk1.lut0 (4 -> 1)
  Optimizing lut $abc$15919$auto$blifparse.cc:525:parse_blif$16123.genblk1.genblk1.genblk1.genblk1.genblk1.genblk1.lut0 (4 -> 1)
  Optimizing lut $abc$15919$auto$blifparse.cc:525:parse_blif$16124.genblk1.genblk1.genblk1.genblk1.genblk1.genblk1.lut0 (4 -> 1)
  Optimizing lut $abc$15919$auto$blifparse.cc:525:parse_blif$16125.genblk1.genblk1.genblk1.genblk1.genblk1.genblk1.lut0 (4 -> 1)
  Optimizing lut $abc$15919$auto$blifparse.cc:525:parse_blif$16126.genblk1.genblk1.genblk1.genblk1.genblk1.genblk1.lut0 (4 -> 1)
  Optimizing lut $abc$15919$auto$blifparse.cc:525:parse_blif$16127.genblk1.genblk1.genblk1.genblk1.genblk1.genblk1.lut0 (4 -> 1)
  Optimizing lut $abc$15919$auto$blifparse.cc:525:parse_blif$16129.genblk1.genblk1.genblk1.genblk1.genblk1.genblk1.genblk1.lut0 (4 -> 0)
  Optimizing lut $abc$15919$auto$blifparse.cc:525:parse_blif$16133.genblk1.genblk1.genblk1.genblk1.genblk1.genblk1.lut0 (4 -> 0)
  Optimizing lut $abc$15919$auto$blifparse.cc:525:parse_blif$16135.genblk1.genblk1.genblk1.genblk1.genblk1.genblk1.lut0 (4 -> 1)
  Optimizing lut $abc$15919$auto$blifparse.cc:525:parse_blif$16136.genblk1.genblk1.genblk1.genblk1.genblk1.genblk1.lut0 (4 -> 1)
  Optimizing lut $abc$15919$auto$blifparse.cc:525:parse_blif$16138.genblk1.genblk1.genblk1.genblk1.genblk1.genblk1.lut0 (4 -> 1)
  Optimizing lut $abc$15919$auto$blifparse.cc:525:parse_blif$16141.genblk1.genblk1.genblk1.genblk1.genblk1.lut0 (4 -> 0)
  Optimizing lut $abc$15919$auto$blifparse.cc:525:parse_blif$16145.genblk1.genblk1.genblk1.genblk1.genblk1.lut0 (4 -> 2)
  Optimizing lut $abc$15919$auto$blifparse.cc:525:parse_blif$16147.genblk1.genblk1.genblk1.genblk1.genblk1.lut1 (4 -> 0)
  Optimizing lut $abc$15919$auto$blifparse.cc:525:parse_blif$16149.genblk1.genblk1.genblk1.genblk1.genblk1.genblk1.lut1 (4 -> 1)
  Optimizing lut $abc$15919$auto$blifparse.cc:525:parse_blif$16149.genblk1.genblk1.genblk1.genblk1.genblk1.genblk1.lut0 (4 -> 1)
  Optimizing lut $abc$15919$auto$blifparse.cc:525:parse_blif$16150.genblk1.genblk1.genblk1.genblk1.genblk1.genblk1.lut0 (4 -> 3)
  Optimizing lut $abc$15919$auto$blifparse.cc:525:parse_blif$16151.genblk1.genblk1.genblk1.genblk1.genblk1.genblk1.lut0 (4 -> 1)
  Optimizing lut $abc$15919$auto$blifparse.cc:525:parse_blif$16153.genblk1.genblk1.genblk1.genblk1.genblk1.genblk1.lut1 (4 -> 1)
  Optimizing lut $abc$15919$auto$blifparse.cc:525:parse_blif$16153.genblk1.genblk1.genblk1.genblk1.genblk1.genblk1.lut0 (4 -> 1)
  Optimizing lut $abc$15919$auto$blifparse.cc:525:parse_blif$16154.genblk1.genblk1.genblk1.genblk1.genblk1.genblk1.lut0 (4 -> 1)
  Optimizing lut $abc$15919$auto$blifparse.cc:525:parse_blif$16155.genblk1.genblk1.genblk1.genblk1.genblk1.lut0 (4 -> 0)
  Optimizing lut $abc$15919$auto$blifparse.cc:525:parse_blif$16156.genblk1.genblk1.genblk1.genblk1.genblk1.lut0 (4 -> 3)
  Optimizing lut $abc$15919$auto$blifparse.cc:525:parse_blif$16159.genblk1.genblk1.genblk1.genblk1.genblk1.genblk1.lut1 (4 -> 1)
  Optimizing lut $abc$15919$auto$blifparse.cc:525:parse_blif$16159.genblk1.genblk1.genblk1.genblk1.genblk1.genblk1.lut0 (4 -> 1)
  Optimizing lut $abc$15919$auto$blifparse.cc:525:parse_blif$16161.genblk1.genblk1.genblk1.genblk1.genblk1.genblk1.lut1 (4 -> 1)
  Optimizing lut $abc$15919$auto$blifparse.cc:525:parse_blif$16161.genblk1.genblk1.genblk1.genblk1.genblk1.genblk1.lut0 (4 -> 1)
  Optimizing lut $abc$15919$auto$blifparse.cc:525:parse_blif$16162.genblk1.genblk1.genblk1.genblk1.genblk1.genblk1.lut0 (4 -> 1)
  Optimizing lut $abc$15919$auto$blifparse.cc:525:parse_blif$16163.genblk1.genblk1.genblk1.genblk1.genblk1.genblk1.lut0 (4 -> 1)
  Optimizing lut $abc$15919$auto$blifparse.cc:525:parse_blif$16164.genblk1.genblk1.genblk1.genblk1.genblk1.genblk1.lut0 (4 -> 1)
  Optimizing lut $abc$15919$auto$blifparse.cc:525:parse_blif$16165.genblk1.genblk1.genblk1.genblk1.genblk1.genblk1.lut0 (4 -> 1)
  Optimizing lut $abc$15919$auto$blifparse.cc:525:parse_blif$16166.genblk1.genblk1.genblk1.genblk1.genblk1.genblk1.lut0 (4 -> 1)
  Optimizing lut $abc$15919$auto$blifparse.cc:525:parse_blif$16459.genblk1.genblk1.genblk1.genblk1.genblk1.lut1 (4 -> 2)
  Optimizing lut $abc$15919$auto$blifparse.cc:525:parse_blif$16192.genblk1.genblk1.genblk1.genblk1.genblk1.genblk1.lut1 (4 -> 1)
  Optimizing lut $abc$15919$auto$blifparse.cc:525:parse_blif$16170.genblk1.genblk1.genblk1.genblk1.genblk1.genblk1.lut0 (4 -> 0)
  Optimizing lut $abc$15919$auto$blifparse.cc:525:parse_blif$16171.genblk1.genblk1.genblk1.genblk1.genblk1.lut0 (4 -> 0)
  Optimizing lut $abc$15919$auto$blifparse.cc:525:parse_blif$15996.genblk1.genblk1.genblk1.genblk1.genblk1.genblk1.lut1 (4 -> 1)
  Optimizing lut $abc$15919$auto$blifparse.cc:525:parse_blif$16174.genblk1.genblk1.genblk1.genblk1.genblk1.lut1 (4 -> 2)
  Optimizing lut $abc$15919$auto$blifparse.cc:525:parse_blif$16174.genblk1.genblk1.genblk1.genblk1.genblk1.lut0 (4 -> 3)
  Optimizing lut $abc$15919$auto$blifparse.cc:525:parse_blif$16175.genblk1.genblk1.genblk1.genblk1.genblk1.lut0 (4 -> 0)
  Optimizing lut $abc$15919$auto$blifparse.cc:525:parse_blif$16176.genblk1.genblk1.genblk1.genblk1.genblk1.lut0 (4 -> 3)
  Optimizing lut $abc$15919$auto$blifparse.cc:525:parse_blif$16032.genblk1.genblk1.genblk1.genblk1.genblk1.genblk1.lut1 (4 -> 1)
  Optimizing lut $abc$15919$auto$blifparse.cc:525:parse_blif$16184.genblk1.genblk1.genblk1.genblk1.genblk1.genblk1.lut1 (4 -> 1)
  Optimizing lut $abc$15919$auto$blifparse.cc:525:parse_blif$16184.genblk1.genblk1.genblk1.genblk1.genblk1.genblk1.lut0 (4 -> 1)
  Optimizing lut $abc$15919$auto$blifparse.cc:525:parse_blif$16189.genblk1.genblk1.genblk1.genblk1.genblk1.lut0 (4 -> 2)
  Optimizing lut $abc$15919$auto$blifparse.cc:525:parse_blif$16192.genblk1.genblk1.genblk1.genblk1.genblk1.genblk1.lut0 (4 -> 1)
  Optimizing lut $abc$15919$auto$blifparse.cc:525:parse_blif$16215.genblk1.genblk1.genblk1.genblk1.genblk1.genblk1.lut1 (4 -> 1)
  Optimizing lut $abc$15919$auto$blifparse.cc:525:parse_blif$16194.genblk1.genblk1.genblk1.genblk1.genblk1.genblk1.lut0 (4 -> 0)
  Optimizing lut $abc$15919$auto$blifparse.cc:525:parse_blif$16195.genblk1.genblk1.genblk1.genblk1.genblk1.lut0 (4 -> 0)
  Optimizing lut $abc$15919$auto$blifparse.cc:525:parse_blif$16049.genblk1.genblk1.genblk1.genblk1.genblk1.genblk1.lut1 (4 -> 1)
  Optimizing lut $abc$15919$auto$blifparse.cc:525:parse_blif$16198.genblk1.genblk1.genblk1.genblk1.genblk1.lut1 (4 -> 2)
  Optimizing lut $abc$15919$auto$blifparse.cc:525:parse_blif$16198.genblk1.genblk1.genblk1.genblk1.genblk1.lut0 (4 -> 3)
  Optimizing lut $abc$15919$auto$blifparse.cc:525:parse_blif$16199.genblk1.genblk1.genblk1.genblk1.genblk1.lut0 (4 -> 0)
  Optimizing lut $abc$15919$auto$blifparse.cc:525:parse_blif$16200.genblk1.genblk1.genblk1.genblk1.genblk1.lut0 (4 -> 3)
  Optimizing lut $abc$15919$auto$blifparse.cc:525:parse_blif$16203.genblk1.genblk1.genblk1.genblk1.genblk1.lut1 (4 -> 1)
  Optimizing lut $abc$15919$auto$blifparse.cc:525:parse_blif$16203.genblk1.genblk1.genblk1.genblk1.genblk1.lut0 (4 -> 3)
  Optimizing lut $abc$15919$auto$blifparse.cc:525:parse_blif$16208.genblk1.genblk1.genblk1.genblk1.genblk1.genblk1.lut1 (4 -> 1)
  Optimizing lut $abc$15919$auto$blifparse.cc:525:parse_blif$16208.genblk1.genblk1.genblk1.genblk1.genblk1.genblk1.lut0 (4 -> 1)
  Optimizing lut $abc$15919$auto$blifparse.cc:525:parse_blif$16212.genblk1.genblk1.genblk1.genblk1.genblk1.lut0 (4 -> 2)
  Optimizing lut $abc$15919$auto$blifparse.cc:525:parse_blif$16215.genblk1.genblk1.genblk1.genblk1.genblk1.genblk1.lut0 (4 -> 1)
  Optimizing lut $abc$15919$auto$blifparse.cc:525:parse_blif$16218.genblk1.genblk1.genblk1.genblk1.genblk1.lut0 (4 -> 0)
  Optimizing lut $abc$15919$auto$blifparse.cc:525:parse_blif$16120.genblk1.genblk1.genblk1.genblk1.genblk1.genblk1.lut1 (4 -> 1)
  Optimizing lut $abc$15919$auto$blifparse.cc:525:parse_blif$16221.genblk1.genblk1.genblk1.genblk1.genblk1.lut1 (4 -> 2)
  Optimizing lut $abc$15919$auto$blifparse.cc:525:parse_blif$16221.genblk1.genblk1.genblk1.genblk1.genblk1.lut0 (4 -> 3)
  Optimizing lut $abc$15919$auto$blifparse.cc:525:parse_blif$16223.genblk1.genblk1.genblk1.genblk1.genblk1.genblk1.lut1 (4 -> 0)
  Optimizing lut $abc$15919$auto$blifparse.cc:525:parse_blif$16223.genblk1.genblk1.genblk1.genblk1.genblk1.genblk1.lut0 (4 -> 0)
  Optimizing lut $abc$15919$auto$blifparse.cc:525:parse_blif$16229.genblk1.genblk1.genblk1.genblk1.genblk1.genblk1.lut1 (4 -> 0)
  Optimizing lut $abc$15919$auto$blifparse.cc:525:parse_blif$16228.genblk1.genblk1.genblk1.genblk1.genblk1.genblk1.lut0 (4 -> 1)
  Optimizing lut $abc$15919$auto$blifparse.cc:525:parse_blif$16229.genblk1.genblk1.genblk1.genblk1.genblk1.genblk1.lut0 (4 -> 0)
  Optimizing lut $abc$15919$auto$blifparse.cc:525:parse_blif$16230.genblk1.genblk1.genblk1.genblk1.genblk1.genblk1.genblk1.lut0 (4 -> 0)
  Optimizing lut $abc$15919$auto$blifparse.cc:525:parse_blif$16233.genblk1.genblk1.genblk1.genblk1.genblk1.lut0 (4 -> 2)
  Optimizing lut $abc$15919$auto$blifparse.cc:525:parse_blif$16240.genblk1.genblk1.genblk1.genblk1.genblk1.genblk1.lut1 (4 -> 0)
  Optimizing lut $abc$15919$auto$blifparse.cc:525:parse_blif$16240.genblk1.genblk1.genblk1.genblk1.genblk1.genblk1.lut0 (4 -> 0)
  Optimizing lut $abc$15919$auto$blifparse.cc:525:parse_blif$16242.genblk1.genblk1.genblk1.genblk1.genblk1.lut0 (4 -> 0)
  Optimizing lut $abc$15919$auto$blifparse.cc:525:parse_blif$16245.genblk1.genblk1.genblk1.genblk1.genblk1.lut0 (4 -> 2)
  Optimizing lut $abc$15919$auto$blifparse.cc:525:parse_blif$16248.genblk1.genblk1.genblk1.genblk1.genblk1.lut0 (4 -> 0)
  Optimizing lut $abc$15919$auto$blifparse.cc:525:parse_blif$16251.genblk1.genblk1.genblk1.genblk1.genblk1.lut1 (4 -> 2)
  Optimizing lut $abc$15919$auto$blifparse.cc:525:parse_blif$16251.genblk1.genblk1.genblk1.genblk1.genblk1.lut0 (4 -> 3)
  Optimizing lut $abc$15919$auto$blifparse.cc:525:parse_blif$16253.genblk1.genblk1.genblk1.genblk1.genblk1.lut1 (4 -> 3)
  Optimizing lut $abc$15919$auto$blifparse.cc:525:parse_blif$16253.genblk1.genblk1.genblk1.genblk1.genblk1.lut0 (4 -> 3)
  Optimizing lut $abc$15919$auto$blifparse.cc:525:parse_blif$16254.genblk1.genblk1.genblk1.genblk1.genblk1.genblk1.lut0 (4 -> 1)
  Optimizing lut $abc$15919$auto$blifparse.cc:525:parse_blif$16255.genblk1.genblk1.genblk1.genblk1.genblk1.genblk1.lut0 (4 -> 1)
  Optimizing lut $abc$15919$auto$blifparse.cc:525:parse_blif$16273.genblk1.genblk1.genblk1.genblk1.genblk1.genblk1.lut1 (4 -> 1)
  Optimizing lut $abc$15919$auto$blifparse.cc:525:parse_blif$16258.genblk1.genblk1.genblk1.genblk1.genblk1.lut0 (4 -> 0)
  Optimizing lut $abc$15919$auto$blifparse.cc:525:parse_blif$16259.genblk1.genblk1.genblk1.genblk1.genblk1.genblk1.lut0 (4 -> 0)
  Optimizing lut $abc$15919$auto$blifparse.cc:525:parse_blif$16260.genblk1.genblk1.genblk1.genblk1.genblk1.genblk1.lut0 (4 -> 2)
  Optimizing lut $abc$15919$auto$blifparse.cc:525:parse_blif$16261.genblk1.genblk1.genblk1.genblk1.genblk1.genblk1.lut0 (4 -> 1)
  Optimizing lut $abc$15919$auto$blifparse.cc:525:parse_blif$16262.genblk1.genblk1.genblk1.genblk1.genblk1.genblk1.lut0 (4 -> 1)
  Optimizing lut $abc$15919$auto$blifparse.cc:525:parse_blif$16260.genblk1.genblk1.genblk1.genblk1.genblk1.genblk1.lut1 (4 -> 2)
  Optimizing lut $abc$15919$auto$blifparse.cc:525:parse_blif$16265.genblk1.genblk1.genblk1.genblk1.genblk1.genblk1.genblk1.lut1 (4 -> 1)
  Optimizing lut $abc$15919$auto$blifparse.cc:525:parse_blif$16265.genblk1.genblk1.genblk1.genblk1.genblk1.genblk1.genblk1.lut0 (4 -> 2)
  Optimizing lut $abc$15919$auto$blifparse.cc:525:parse_blif$16266.genblk1.genblk1.genblk1.genblk1.genblk1.genblk1.lut0 (4 -> 0)
  Optimizing lut $abc$15919$auto$blifparse.cc:525:parse_blif$16267.genblk1.genblk1.genblk1.genblk1.genblk1.genblk1.genblk1.lut0 (4 -> 0)
  Optimizing lut $abc$15919$auto$blifparse.cc:525:parse_blif$16271.genblk1.genblk1.genblk1.genblk1.genblk1.lut0 (4 -> 2)
  Optimizing lut $abc$15919$auto$blifparse.cc:525:parse_blif$16273.genblk1.genblk1.genblk1.genblk1.genblk1.genblk1.lut0 (4 -> 1)
  Optimizing lut $abc$15919$auto$blifparse.cc:525:parse_blif$16293.genblk1.genblk1.genblk1.genblk1.genblk1.genblk1.lut1 (4 -> 1)
  Optimizing lut $abc$15919$auto$blifparse.cc:525:parse_blif$16275.genblk1.genblk1.genblk1.genblk1.genblk1.lut0 (4 -> 0)
  Optimizing lut $abc$15919$auto$blifparse.cc:525:parse_blif$16277.genblk1.genblk1.genblk1.genblk1.genblk1.genblk1.lut1 (4 -> 1)
  Optimizing lut $abc$15919$auto$blifparse.cc:525:parse_blif$16277.genblk1.genblk1.genblk1.genblk1.genblk1.genblk1.lut0 (4 -> 1)
  Optimizing lut $abc$15919$auto$blifparse.cc:525:parse_blif$16282.genblk1.genblk1.genblk1.genblk1.genblk1.genblk1.lut1 (4 -> 0)
  Optimizing lut $abc$15919$auto$blifparse.cc:525:parse_blif$16281.genblk1.genblk1.genblk1.genblk1.genblk1.genblk1.genblk1.lut0 (4 -> 0)
  Optimizing lut $abc$15919$auto$blifparse.cc:525:parse_blif$16282.genblk1.genblk1.genblk1.genblk1.genblk1.genblk1.lut0 (4 -> 0)
  Optimizing lut $abc$15919$auto$blifparse.cc:525:parse_blif$16283.genblk1.genblk1.genblk1.genblk1.genblk1.genblk1.lut0 (4 -> 0)
  Optimizing lut $abc$15919$auto$blifparse.cc:525:parse_blif$16284.genblk1.genblk1.genblk1.genblk1.genblk1.genblk1.genblk1.lut0 (4 -> 0)
  Optimizing lut $abc$15919$auto$blifparse.cc:525:parse_blif$16288.genblk1.genblk1.genblk1.genblk1.genblk1.lut0 (4 -> 2)
  Optimizing lut $abc$15919$auto$blifparse.cc:525:parse_blif$16291.genblk1.genblk1.genblk1.genblk1.genblk1.lut1 (4 -> 2)
  Optimizing lut $abc$15919$auto$blifparse.cc:525:parse_blif$16291.genblk1.genblk1.genblk1.genblk1.genblk1.lut0 (4 -> 3)
  Optimizing lut $abc$15919$auto$blifparse.cc:525:parse_blif$16292.genblk1.genblk1.genblk1.genblk1.genblk1.genblk1.lut0 (4 -> 1)
  Optimizing lut $abc$15919$auto$blifparse.cc:525:parse_blif$16293.genblk1.genblk1.genblk1.genblk1.genblk1.genblk1.lut0 (4 -> 1)
  Optimizing lut $abc$15919$auto$blifparse.cc:525:parse_blif$16294.genblk1.genblk1.genblk1.genblk1.genblk1.genblk1.lut0 (4 -> 3)
  Optimizing lut $abc$15919$auto$blifparse.cc:525:parse_blif$16296.genblk1.genblk1.genblk1.genblk1.genblk1.genblk1.lut0 (4 -> 1)
  Optimizing lut $abc$15919$auto$blifparse.cc:525:parse_blif$16297.genblk1.genblk1.genblk1.genblk1.genblk1.lut0 (4 -> 0)
  Optimizing lut $abc$15919$auto$blifparse.cc:525:parse_blif$16300.genblk1.genblk1.genblk1.genblk1.genblk1.genblk1.lut1 (4 -> 0)
  Optimizing lut $abc$15919$auto$blifparse.cc:525:parse_blif$16300.genblk1.genblk1.genblk1.genblk1.genblk1.genblk1.lut0 (4 -> 0)
  Optimizing lut $abc$15919$auto$blifparse.cc:525:parse_blif$16301.genblk1.genblk1.genblk1.genblk1.genblk1.genblk1.genblk1.lut0 (4 -> 0)
  Optimizing lut $abc$15919$auto$blifparse.cc:525:parse_blif$16302.genblk1.genblk1.genblk1.genblk1.genblk1.genblk1.genblk1.lut0 (4 -> 0)
  Optimizing lut $abc$15919$auto$blifparse.cc:525:parse_blif$16306.genblk1.genblk1.genblk1.genblk1.genblk1.lut0 (4 -> 2)
  Optimizing lut $abc$15919$auto$blifparse.cc:525:parse_blif$16308.genblk1.genblk1.genblk1.genblk1.genblk1.genblk1.genblk1.lut1 (4 -> 0)
  Optimizing lut $abc$15919$auto$blifparse.cc:525:parse_blif$16308.genblk1.genblk1.genblk1.genblk1.genblk1.genblk1.genblk1.lut0 (4 -> 2)
  Optimizing lut $abc$15919$auto$blifparse.cc:525:parse_blif$16309.genblk1.genblk1.genblk1.genblk1.genblk1.genblk1.lut0 (4 -> 1)
  Optimizing lut $abc$15919$auto$blifparse.cc:525:parse_blif$16294.genblk1.genblk1.genblk1.genblk1.genblk1.genblk1.lut1 (4 -> 1)
  Optimizing lut $abc$15919$auto$blifparse.cc:525:parse_blif$16311.genblk1.genblk1.genblk1.genblk1.genblk1.genblk1.lut0 (4 -> 3)
  Optimizing lut $abc$15919$auto$blifparse.cc:525:parse_blif$16313.genblk1.genblk1.genblk1.genblk1.genblk1.genblk1.lut1 (4 -> 1)
  Optimizing lut $abc$15919$auto$blifparse.cc:525:parse_blif$16313.genblk1.genblk1.genblk1.genblk1.genblk1.genblk1.lut0 (4 -> 1)
  Optimizing lut $abc$15919$auto$blifparse.cc:525:parse_blif$16314.genblk1.genblk1.genblk1.genblk1.genblk1.lut0 (4 -> 0)
  Optimizing lut $abc$15919$auto$blifparse.cc:525:parse_blif$16316.genblk1.genblk1.genblk1.genblk1.genblk1.genblk1.genblk1.lut1 (4 -> 1)
  Optimizing lut $abc$15919$auto$blifparse.cc:525:parse_blif$16316.genblk1.genblk1.genblk1.genblk1.genblk1.genblk1.genblk1.lut0 (4 -> 2)
  Optimizing lut $abc$15919$auto$blifparse.cc:525:parse_blif$16317.genblk1.genblk1.genblk1.genblk1.genblk1.genblk1.genblk1.lut0 (4 -> 0)
  Optimizing lut $abc$15919$auto$blifparse.cc:525:parse_blif$16318.genblk1.genblk1.genblk1.genblk1.genblk1.genblk1.genblk1.lut0 (4 -> 0)
  Optimizing lut $abc$15919$auto$blifparse.cc:525:parse_blif$16322.genblk1.genblk1.genblk1.genblk1.genblk1.lut0 (4 -> 2)
  Optimizing lut $abc$15919$auto$blifparse.cc:525:parse_blif$16324.genblk1.genblk1.genblk1.genblk1.genblk1.genblk1.genblk1.lut1 (4 -> 0)
  Optimizing lut $abc$15919$auto$blifparse.cc:525:parse_blif$16324.genblk1.genblk1.genblk1.genblk1.genblk1.genblk1.genblk1.lut0 (4 -> 2)
  Optimizing lut $abc$15919$auto$blifparse.cc:525:parse_blif$16325.genblk1.genblk1.genblk1.genblk1.genblk1.genblk1.lut0 (4 -> 1)
  Optimizing lut $abc$15919$auto$blifparse.cc:525:parse_blif$16311.genblk1.genblk1.genblk1.genblk1.genblk1.genblk1.lut1 (4 -> 1)
  Optimizing lut $abc$15919$auto$blifparse.cc:525:parse_blif$16330.genblk1.genblk1.genblk1.genblk1.genblk1.genblk1.lut1 (4 -> 1)
  Optimizing lut $abc$15919$auto$blifparse.cc:525:parse_blif$16330.genblk1.genblk1.genblk1.genblk1.genblk1.genblk1.lut0 (4 -> 1)
  Optimizing lut $abc$15919$auto$blifparse.cc:525:parse_blif$16006.genblk1.genblk1.genblk1.genblk1.genblk1.genblk1.lut1 (4 -> 1)
  Optimizing lut $abc$15919$auto$blifparse.cc:525:parse_blif$16333.genblk1.genblk1.genblk1.genblk1.genblk1.genblk1.lut1 (4 -> 0)
  Optimizing lut $abc$15919$auto$blifparse.cc:525:parse_blif$16333.genblk1.genblk1.genblk1.genblk1.genblk1.genblk1.lut0 (4 -> 3)
  Optimizing lut $abc$15919$auto$blifparse.cc:525:parse_blif$16334.genblk1.genblk1.genblk1.genblk1.genblk1.genblk1.lut0 (4 -> 0)
  Optimizing lut $abc$15919$auto$blifparse.cc:525:parse_blif$16335.genblk1.genblk1.genblk1.genblk1.genblk1.genblk1.genblk1.lut0 (4 -> 0)
  Optimizing lut $abc$15919$auto$blifparse.cc:525:parse_blif$16339.genblk1.genblk1.genblk1.genblk1.genblk1.lut0 (4 -> 2)
  Optimizing lut $abc$15919$auto$blifparse.cc:525:parse_blif$16342.genblk1.genblk1.genblk1.genblk1.genblk1.genblk1.lut1 (4 -> 1)
  Optimizing lut $abc$15919$auto$blifparse.cc:525:parse_blif$16342.genblk1.genblk1.genblk1.genblk1.genblk1.genblk1.lut0 (4 -> 1)
  Optimizing lut $abc$15919$auto$blifparse.cc:525:parse_blif$16343.genblk1.genblk1.genblk1.genblk1.genblk1.genblk1.lut0 (4 -> 1)
  Optimizing lut $abc$15919$auto$blifparse.cc:525:parse_blif$16348.genblk1.genblk1.genblk1.genblk1.genblk1.genblk1.lut1 (4 -> 1)
  Optimizing lut $abc$15919$auto$blifparse.cc:525:parse_blif$16348.genblk1.genblk1.genblk1.genblk1.genblk1.genblk1.lut0 (4 -> 1)
  Optimizing lut $abc$15919$auto$blifparse.cc:525:parse_blif$16351.genblk1.genblk1.genblk1.genblk1.genblk1.genblk1.genblk1.lut1 (4 -> 0)
  Optimizing lut $abc$15919$auto$blifparse.cc:525:parse_blif$16351.genblk1.genblk1.genblk1.genblk1.genblk1.genblk1.genblk1.lut0 (4 -> 2)
  Optimizing lut $abc$15919$auto$blifparse.cc:525:parse_blif$16352.genblk1.genblk1.genblk1.genblk1.genblk1.genblk1.lut0 (4 -> 0)
  Optimizing lut $abc$15919$auto$blifparse.cc:525:parse_blif$16353.genblk1.genblk1.genblk1.genblk1.genblk1.genblk1.genblk1.lut0 (4 -> 0)
  Optimizing lut $abc$15919$auto$blifparse.cc:525:parse_blif$16357.genblk1.genblk1.genblk1.genblk1.genblk1.lut0 (4 -> 2)
  Optimizing lut $abc$15919$auto$blifparse.cc:525:parse_blif$16360.genblk1.genblk1.genblk1.genblk1.genblk1.genblk1.lut0 (4 -> 1)
  Optimizing lut $abc$15919$auto$blifparse.cc:525:parse_blif$16361.genblk1.genblk1.genblk1.genblk1.genblk1.genblk1.lut0 (4 -> 1)
  Optimizing lut $abc$15919$auto$blifparse.cc:525:parse_blif$16366.genblk1.genblk1.genblk1.genblk1.genblk1.genblk1.lut1 (4 -> 1)
  Optimizing lut $abc$15919$auto$blifparse.cc:525:parse_blif$16366.genblk1.genblk1.genblk1.genblk1.genblk1.genblk1.lut0 (4 -> 1)
  Optimizing lut $abc$15919$auto$blifparse.cc:525:parse_blif$16115.genblk1.genblk1.genblk1.genblk1.genblk1.genblk1.lut1 (4 -> 1)
  Optimizing lut $abc$15919$auto$blifparse.cc:525:parse_blif$16374.genblk1.genblk1.genblk1.genblk1.genblk1.genblk1.genblk1.lut0 (4 -> 0)
  Optimizing lut $abc$15919$auto$blifparse.cc:525:parse_blif$16378.genblk1.genblk1.genblk1.genblk1.genblk1.lut0 (4 -> 2)
  Optimizing lut $abc$15919$auto$blifparse.cc:525:parse_blif$16380.genblk1.genblk1.genblk1.genblk1.genblk1.genblk1.lut1 (4 -> 1)
  Optimizing lut $abc$15919$auto$blifparse.cc:525:parse_blif$16380.genblk1.genblk1.genblk1.genblk1.genblk1.genblk1.lut0 (4 -> 1)
  Optimizing lut $abc$15919$auto$blifparse.cc:525:parse_blif$16381.genblk1.genblk1.genblk1.genblk1.genblk1.genblk1.lut0 (4 -> 1)
  Optimizing lut $abc$15919$auto$blifparse.cc:525:parse_blif$16385.genblk1.genblk1.genblk1.genblk1.genblk1.lut1 (4 -> 2)
  Optimizing lut $abc$15919$auto$blifparse.cc:525:parse_blif$16385.genblk1.genblk1.genblk1.genblk1.genblk1.lut0 (4 -> 3)
  Optimizing lut $abc$15919$auto$blifparse.cc:525:parse_blif$16162.genblk1.genblk1.genblk1.genblk1.genblk1.genblk1.lut1 (4 -> 1)
  Optimizing lut $abc$15919$auto$blifparse.cc:525:parse_blif$16389.genblk1.genblk1.genblk1.genblk1.genblk1.lut1 (4 -> 0)
  Optimizing lut $abc$15919$auto$blifparse.cc:525:parse_blif$16390.genblk1.genblk1.genblk1.genblk1.genblk1.genblk1.lut0 (4 -> 1)
  Optimizing lut $abc$15919$auto$blifparse.cc:525:parse_blif$16391.genblk1.genblk1.genblk1.genblk1.genblk1.genblk1.lut0 (4 -> 1)
  Optimizing lut $abc$15919$auto$blifparse.cc:525:parse_blif$16392.genblk1.genblk1.genblk1.genblk1.genblk1.genblk1.lut0 (4 -> 1)
  Optimizing lut $abc$15919$auto$blifparse.cc:525:parse_blif$16393.genblk1.genblk1.genblk1.genblk1.genblk1.genblk1.lut0 (4 -> 0)
  Optimizing lut $abc$15919$auto$blifparse.cc:525:parse_blif$16281.genblk1.genblk1.genblk1.genblk1.genblk1.genblk1.genblk1.lut1 (4 -> 0)
  Optimizing lut $abc$15919$auto$blifparse.cc:525:parse_blif$16360.genblk1.genblk1.genblk1.genblk1.genblk1.genblk1.lut1 (4 -> 1)
  Optimizing lut $abc$15919$auto$blifparse.cc:525:parse_blif$16396.genblk1.genblk1.genblk1.genblk1.genblk1.genblk1.genblk1.lut0 (4 -> 0)
  Optimizing lut $abc$15919$auto$blifparse.cc:525:parse_blif$16402.genblk1.genblk1.genblk1.genblk1.genblk1.genblk1.genblk1.lut1 (4 -> 0)
  Optimizing lut $abc$15919$auto$blifparse.cc:525:parse_blif$16402.genblk1.genblk1.genblk1.genblk1.genblk1.genblk1.genblk1.lut0 (4 -> 0)
  Optimizing lut $abc$15919$auto$blifparse.cc:525:parse_blif$16403.genblk1.genblk1.genblk1.genblk1.genblk1.genblk1.lut0 (4 -> 1)
  Optimizing lut $abc$15919$auto$blifparse.cc:525:parse_blif$16412.genblk1.genblk1.genblk1.genblk1.genblk1.genblk1.lut1 (4 -> 0)
  Optimizing lut $abc$15919$auto$blifparse.cc:525:parse_blif$16408.genblk1.genblk1.genblk1.genblk1.genblk1.genblk1.lut1 (4 -> 1)
  Optimizing lut $abc$15919$auto$blifparse.cc:525:parse_blif$16403.genblk1.genblk1.genblk1.genblk1.genblk1.genblk1.lut1 (4 -> 1)
  Optimizing lut $abc$15919$auto$blifparse.cc:525:parse_blif$16408.genblk1.genblk1.genblk1.genblk1.genblk1.genblk1.lut0 (4 -> 1)
  Optimizing lut $abc$15919$auto$blifparse.cc:525:parse_blif$16409.genblk1.genblk1.genblk1.genblk1.genblk1.genblk1.lut0 (4 -> 1)
  Optimizing lut $abc$15919$auto$blifparse.cc:525:parse_blif$16036.genblk1.genblk1.genblk1.genblk1.genblk1.genblk1.lut1 (4 -> 1)
  Optimizing lut $abc$15919$auto$blifparse.cc:525:parse_blif$16396.genblk1.genblk1.genblk1.genblk1.genblk1.genblk1.genblk1.lut1 (4 -> 0)
  Optimizing lut $abc$15919$auto$blifparse.cc:525:parse_blif$16412.genblk1.genblk1.genblk1.genblk1.genblk1.genblk1.lut0 (4 -> 0)
  Optimizing lut $abc$15919$auto$blifparse.cc:525:parse_blif$16129.genblk1.genblk1.genblk1.genblk1.genblk1.genblk1.genblk1.lut1 (4 -> 0)
  Optimizing lut $abc$15919$auto$blifparse.cc:525:parse_blif$16417.genblk1.genblk1.genblk1.genblk1.genblk1.genblk1.lut0 (4 -> 0)
  Optimizing lut $abc$15919$auto$blifparse.cc:525:parse_blif$16417.genblk1.genblk1.genblk1.genblk1.genblk1.genblk1.lut1 (4 -> 0)
  Optimizing lut $abc$15919$auto$blifparse.cc:525:parse_blif$16415.genblk1.genblk1.genblk1.genblk1.genblk1.lut1 (4 -> 0)
  Optimizing lut $abc$15919$auto$blifparse.cc:525:parse_blif$16420.genblk1.genblk1.genblk1.genblk1.genblk1.genblk1.lut0 (4 -> 0)
  Optimizing lut $abc$15919$auto$blifparse.cc:525:parse_blif$16423.genblk1.genblk1.genblk1.genblk1.genblk1.genblk1.lut0 (4 -> 1)
  Optimizing lut $abc$15919$auto$blifparse.cc:525:parse_blif$16425.genblk1.genblk1.genblk1.genblk1.genblk1.lut1 (4 -> 1)
  Optimizing lut $abc$15919$auto$blifparse.cc:525:parse_blif$16425.genblk1.genblk1.genblk1.genblk1.genblk1.lut0 (4 -> 3)
  Optimizing lut $abc$15919$auto$blifparse.cc:525:parse_blif$16430.genblk1.genblk1.genblk1.genblk1.genblk1.genblk1.lut1 (4 -> 1)
  Optimizing lut $abc$15919$auto$blifparse.cc:525:parse_blif$16430.genblk1.genblk1.genblk1.genblk1.genblk1.genblk1.lut0 (4 -> 1)
  Optimizing lut $abc$15919$auto$blifparse.cc:525:parse_blif$16047.genblk1.genblk1.genblk1.genblk1.genblk1.lut1 (4 -> 3)
  Optimizing lut $abc$15919$auto$blifparse.cc:525:parse_blif$16432.genblk1.genblk1.genblk1.genblk1.genblk1.genblk1.lut0 (4 -> 0)
  Optimizing lut $abc$15919$auto$blifparse.cc:525:parse_blif$16438.genblk1.genblk1.genblk1.genblk1.genblk1.genblk1.genblk1.lut1 (4 -> 3)
  Optimizing lut $abc$15919$auto$blifparse.cc:525:parse_blif$16438.genblk1.genblk1.genblk1.genblk1.genblk1.genblk1.genblk1.lut0 (4 -> 3)
  Optimizing lut $abc$15919$auto$blifparse.cc:525:parse_blif$16439.genblk1.genblk1.genblk1.genblk1.genblk1.genblk1.genblk1.lut0 (4 -> 0)
  Optimizing lut $abc$15919$auto$blifparse.cc:525:parse_blif$16448.genblk1.genblk1.genblk1.genblk1.genblk1.genblk1.lut1 (4 -> 0)
  Optimizing lut $abc$15919$auto$blifparse.cc:525:parse_blif$16444.genblk1.genblk1.genblk1.genblk1.genblk1.lut0 (4 -> 3)
  Optimizing lut $abc$15919$auto$blifparse.cc:525:parse_blif$16455.genblk1.genblk1.genblk1.genblk1.genblk1.genblk1.genblk1.lut1 (4 -> 0)
  Optimizing lut $abc$15919$auto$blifparse.cc:525:parse_blif$16446.genblk1.genblk1.genblk1.genblk1.genblk1.genblk1.lut0 (4 -> 1)
  Optimizing lut $abc$15919$auto$blifparse.cc:525:parse_blif$16228.genblk1.genblk1.genblk1.genblk1.genblk1.genblk1.lut1 (4 -> 1)
  Optimizing lut $abc$15919$auto$blifparse.cc:525:parse_blif$16448.genblk1.genblk1.genblk1.genblk1.genblk1.genblk1.lut0 (4 -> 0)
  Optimizing lut $abc$15919$auto$blifparse.cc:525:parse_blif$16443.genblk1.genblk1.genblk1.genblk1.genblk1.lut1 (4 -> 2)
  Optimizing lut $abc$15919$auto$blifparse.cc:525:parse_blif$16454.genblk1.genblk1.genblk1.genblk1.genblk1.genblk1.genblk1.lut1 (4 -> 3)
  Optimizing lut $abc$15919$auto$blifparse.cc:525:parse_blif$16454.genblk1.genblk1.genblk1.genblk1.genblk1.genblk1.genblk1.lut0 (4 -> 3)
  Optimizing lut $abc$15919$auto$blifparse.cc:525:parse_blif$16455.genblk1.genblk1.genblk1.genblk1.genblk1.genblk1.genblk1.lut0 (4 -> 0)
  Optimizing lut $abc$15919$auto$blifparse.cc:525:parse_blif$16456.genblk1.genblk1.genblk1.genblk1.genblk1.genblk1.lut0 (4 -> 1)
  Optimizing lut $abc$15919$auto$blifparse.cc:525:parse_blif$16464.genblk1.genblk1.genblk1.genblk1.genblk1.genblk1.lut1 (4 -> 0)
  Optimizing lut $abc$15919$auto$blifparse.cc:525:parse_blif$16460.genblk1.genblk1.genblk1.genblk1.genblk1.lut0 (4 -> 3)
  Optimizing lut $abc$15919$auto$blifparse.cc:525:parse_blif$16462.genblk1.genblk1.genblk1.genblk1.genblk1.genblk1.lut1 (4 -> 1)
  Optimizing lut $abc$15919$auto$blifparse.cc:525:parse_blif$16462.genblk1.genblk1.genblk1.genblk1.genblk1.genblk1.lut0 (4 -> 1)
  Optimizing lut $abc$15919$auto$blifparse.cc:525:parse_blif$16254.genblk1.genblk1.genblk1.genblk1.genblk1.genblk1.lut1 (4 -> 1)
  Optimizing lut $abc$15919$auto$blifparse.cc:525:parse_blif$16464.genblk1.genblk1.genblk1.genblk1.genblk1.genblk1.lut0 (4 -> 0)
  Optimizing lut $abc$15919$auto$blifparse.cc:525:parse_blif$16470.genblk1.genblk1.genblk1.genblk1.genblk1.genblk1.genblk1.lut1 (4 -> 3)
  Optimizing lut $abc$15919$auto$blifparse.cc:525:parse_blif$16470.genblk1.genblk1.genblk1.genblk1.genblk1.genblk1.genblk1.lut0 (4 -> 3)
  Optimizing lut $abc$15919$auto$blifparse.cc:525:parse_blif$16471.genblk1.genblk1.genblk1.genblk1.genblk1.genblk1.genblk1.lut0 (4 -> 0)
  Optimizing lut $abc$15919$auto$blifparse.cc:525:parse_blif$16472.genblk1.genblk1.genblk1.genblk1.genblk1.genblk1.lut0 (4 -> 1)
  Optimizing lut $abc$15919$auto$blifparse.cc:525:parse_blif$16524.genblk1.genblk1.genblk1.genblk1.genblk1.genblk1.lut1 (4 -> 1)
  Optimizing lut $abc$15919$auto$blifparse.cc:525:parse_blif$16480.genblk1.genblk1.genblk1.genblk1.genblk1.genblk1.lut1 (4 -> 0)
  Optimizing lut $abc$15919$auto$blifparse.cc:525:parse_blif$16476.genblk1.genblk1.genblk1.genblk1.genblk1.lut0 (4 -> 3)
  Optimizing lut $abc$15919$auto$blifparse.cc:525:parse_blif$16478.genblk1.genblk1.genblk1.genblk1.genblk1.genblk1.lut1 (4 -> 1)
  Optimizing lut $abc$15919$auto$blifparse.cc:525:parse_blif$16478.genblk1.genblk1.genblk1.genblk1.genblk1.genblk1.lut0 (4 -> 1)
  Optimizing lut $abc$15919$auto$blifparse.cc:525:parse_blif$16527.genblk1.genblk1.genblk1.genblk1.genblk1.genblk1.lut1 (4 -> 0)
  Optimizing lut $abc$15919$auto$blifparse.cc:525:parse_blif$16480.genblk1.genblk1.genblk1.genblk1.genblk1.genblk1.lut0 (4 -> 0)
  Optimizing lut $abc$15919$auto$blifparse.cc:525:parse_blif$16486.genblk1.genblk1.genblk1.genblk1.genblk1.genblk1.genblk1.lut1 (4 -> 3)
  Optimizing lut $abc$15919$auto$blifparse.cc:525:parse_blif$16486.genblk1.genblk1.genblk1.genblk1.genblk1.genblk1.genblk1.lut0 (4 -> 3)
  Optimizing lut $abc$15919$auto$blifparse.cc:525:parse_blif$16487.genblk1.genblk1.genblk1.genblk1.genblk1.genblk1.genblk1.lut0 (4 -> 0)
  Optimizing lut $abc$15919$auto$blifparse.cc:525:parse_blif$16488.genblk1.genblk1.genblk1.genblk1.genblk1.genblk1.lut0 (4 -> 1)
  Optimizing lut $abc$15919$auto$blifparse.cc:525:parse_blif$16496.genblk1.genblk1.genblk1.genblk1.genblk1.genblk1.lut1 (4 -> 0)
  Optimizing lut $abc$15919$auto$blifparse.cc:525:parse_blif$16492.genblk1.genblk1.genblk1.genblk1.genblk1.lut0 (4 -> 3)
  Optimizing lut $abc$15919$auto$blifparse.cc:525:parse_blif$16494.genblk1.genblk1.genblk1.genblk1.genblk1.genblk1.lut1 (4 -> 1)
  Optimizing lut $abc$15919$auto$blifparse.cc:525:parse_blif$16494.genblk1.genblk1.genblk1.genblk1.genblk1.genblk1.lut0 (4 -> 1)
  Optimizing lut $abc$15919$auto$blifparse.cc:525:parse_blif$16042.genblk1.genblk1.genblk1.genblk1.genblk1.genblk1.lut1 (4 -> 1)
  Optimizing lut $abc$15919$auto$blifparse.cc:525:parse_blif$16496.genblk1.genblk1.genblk1.genblk1.genblk1.genblk1.lut0 (4 -> 0)
  Optimizing lut $abc$15919$auto$blifparse.cc:525:parse_blif$16502.genblk1.genblk1.genblk1.genblk1.genblk1.genblk1.genblk1.lut1 (4 -> 3)
  Optimizing lut $abc$15919$auto$blifparse.cc:525:parse_blif$16502.genblk1.genblk1.genblk1.genblk1.genblk1.genblk1.genblk1.lut0 (4 -> 3)
  Optimizing lut $abc$15919$auto$blifparse.cc:525:parse_blif$16503.genblk1.genblk1.genblk1.genblk1.genblk1.genblk1.genblk1.lut0 (4 -> 0)
  Optimizing lut $abc$15919$auto$blifparse.cc:525:parse_blif$16504.genblk1.genblk1.genblk1.genblk1.genblk1.genblk1.lut0 (4 -> 1)
  Optimizing lut $abc$15919$auto$blifparse.cc:525:parse_blif$16512.genblk1.genblk1.genblk1.genblk1.genblk1.genblk1.lut1 (4 -> 0)
  Optimizing lut $abc$15919$auto$blifparse.cc:525:parse_blif$16472.genblk1.genblk1.genblk1.genblk1.genblk1.genblk1.lut1 (4 -> 1)
  Optimizing lut $abc$15919$auto$blifparse.cc:525:parse_blif$16508.genblk1.genblk1.genblk1.genblk1.genblk1.lut0 (4 -> 3)
  Optimizing lut $abc$15919$auto$blifparse.cc:525:parse_blif$16510.genblk1.genblk1.genblk1.genblk1.genblk1.genblk1.lut0 (4 -> 1)
  Optimizing lut $abc$15919$auto$blifparse.cc:525:parse_blif$16476.genblk1.genblk1.genblk1.genblk1.genblk1.lut1 (4 -> 2)
  Optimizing lut $abc$15919$auto$blifparse.cc:525:parse_blif$16512.genblk1.genblk1.genblk1.genblk1.genblk1.genblk1.lut0 (4 -> 0)
  Optimizing lut $abc$15919$auto$blifparse.cc:525:parse_blif$16518.genblk1.genblk1.genblk1.genblk1.genblk1.genblk1.genblk1.lut1 (4 -> 3)
  Optimizing lut $abc$15919$auto$blifparse.cc:525:parse_blif$16518.genblk1.genblk1.genblk1.genblk1.genblk1.genblk1.genblk1.lut0 (4 -> 3)
  Optimizing lut $abc$15919$auto$blifparse.cc:525:parse_blif$16519.genblk1.genblk1.genblk1.genblk1.genblk1.genblk1.genblk1.lut0 (4 -> 0)
  Optimizing lut $abc$15919$auto$blifparse.cc:525:parse_blif$16520.genblk1.genblk1.genblk1.genblk1.genblk1.genblk1.lut0 (4 -> 1)
  Optimizing lut $abc$15919$auto$blifparse.cc:525:parse_blif$16522.genblk1.genblk1.genblk1.genblk1.genblk1.lut0 (4 -> 3)
  Optimizing lut $abc$15919$auto$blifparse.cc:525:parse_blif$16524.genblk1.genblk1.genblk1.genblk1.genblk1.genblk1.lut0 (4 -> 1)
  Optimizing lut $abc$15919$auto$blifparse.cc:525:parse_blif$16525.genblk1.genblk1.genblk1.genblk1.genblk1.genblk1.lut0 (4 -> 1)
  Optimizing lut $abc$15919$auto$blifparse.cc:525:parse_blif$16491.genblk1.genblk1.genblk1.genblk1.genblk1.lut1 (4 -> 0)
  Optimizing lut $abc$15919$auto$blifparse.cc:525:parse_blif$16527.genblk1.genblk1.genblk1.genblk1.genblk1.genblk1.lut0 (4 -> 0)
  Optimizing lut $abc$15919$auto$blifparse.cc:525:parse_blif$16528.genblk1.genblk1.genblk1.genblk1.genblk1.genblk1.genblk1.lut0 (4 -> 0)
  Optimizing lut $abc$15919$auto$blifparse.cc:525:parse_blif$16530.genblk1.genblk1.genblk1.genblk1.genblk1.lut0 (4 -> 2)
  Optimizing lut $abc$15919$auto$blifparse.cc:525:parse_blif$16531.genblk1.genblk1.genblk1.genblk1.genblk1.lut0 (4 -> 3)
  Optimizing lut $abc$15919$auto$blifparse.cc:525:parse_blif$16540.genblk1.genblk1.genblk1.genblk1.genblk1.genblk1.lut0 (4 -> 1)
  Optimizing lut $abc$15919$auto$blifparse.cc:525:parse_blif$16543.genblk1.genblk1.genblk1.genblk1.genblk1.lut1 (4 -> 2)
  Optimizing lut $abc$15919$auto$blifparse.cc:525:parse_blif$16543.genblk1.genblk1.genblk1.genblk1.genblk1.lut0 (4 -> 3)
  Optimizing lut $abc$15919$auto$blifparse.cc:525:parse_blif$16544.genblk1.genblk1.genblk1.genblk1.genblk1.genblk1.lut0 (4 -> 0)
  Optimizing lut $abc$15919$auto$blifparse.cc:525:parse_blif$16546.genblk1.genblk1.genblk1.genblk1.genblk1.lut0 (4 -> 2)
  Optimizing lut $abc$15919$auto$blifparse.cc:525:parse_blif$16548.genblk1.genblk1.genblk1.genblk1.genblk1.genblk1.lut1 (4 -> 0)
  Optimizing lut $abc$15919$auto$blifparse.cc:525:parse_blif$16549.genblk1.genblk1.genblk1.genblk1.genblk1.genblk1.genblk1.lut0 (4 -> 0)
  Optimizing lut $abc$15919$auto$blifparse.cc:525:parse_blif$16580.genblk1.genblk1.genblk1.genblk1.genblk1.genblk1.lut1 (4 -> 1)
  Optimizing lut $abc$15919$auto$blifparse.cc:525:parse_blif$16551.genblk1.genblk1.genblk1.genblk1.genblk1.genblk1.lut0 (4 -> 1)
  Optimizing lut $abc$15919$auto$blifparse.cc:525:parse_blif$16552.genblk1.genblk1.genblk1.genblk1.genblk1.genblk1.lut0 (4 -> 3)
  Optimizing lut $abc$15919$auto$blifparse.cc:525:parse_blif$16553.genblk1.genblk1.genblk1.genblk1.genblk1.genblk1.lut0 (4 -> 0)
  Optimizing lut $abc$15919$auto$blifparse.cc:525:parse_blif$16554.genblk1.genblk1.genblk1.genblk1.genblk1.lut0 (4 -> 2)
  Optimizing lut $abc$15919$auto$blifparse.cc:525:parse_blif$16564.genblk1.genblk1.genblk1.genblk1.genblk1.genblk1.lut1 (4 -> 1)
  Optimizing lut $abc$15919$auto$blifparse.cc:525:parse_blif$16564.genblk1.genblk1.genblk1.genblk1.genblk1.genblk1.lut0 (4 -> 1)
  Optimizing lut $abc$15919$auto$blifparse.cc:525:parse_blif$16565.genblk1.genblk1.genblk1.genblk1.genblk1.genblk1.lut0 (4 -> 1)
  Optimizing lut $abc$15919$auto$blifparse.cc:525:parse_blif$16567.genblk1.genblk1.genblk1.genblk1.genblk1.genblk1.lut0 (4 -> 3)
  Optimizing lut $abc$15919$auto$blifparse.cc:525:parse_blif$16568.genblk1.genblk1.genblk1.genblk1.genblk1.genblk1.lut0 (4 -> 0)
  Optimizing lut $abc$15919$auto$blifparse.cc:525:parse_blif$16570.genblk1.genblk1.genblk1.genblk1.genblk1.lut0 (4 -> 2)
  Optimizing lut $abc$15919$auto$blifparse.cc:525:parse_blif$16579.genblk1.genblk1.genblk1.genblk1.genblk1.lut1 (4 -> 2)
  Optimizing lut $abc$15919$auto$blifparse.cc:525:parse_blif$16579.genblk1.genblk1.genblk1.genblk1.genblk1.lut0 (4 -> 3)
  Optimizing lut $abc$15919$auto$blifparse.cc:525:parse_blif$16580.genblk1.genblk1.genblk1.genblk1.genblk1.genblk1.lut0 (4 -> 1)
  Optimizing lut $abc$15919$auto$blifparse.cc:525:parse_blif$16581.genblk1.genblk1.genblk1.genblk1.genblk1.genblk1.lut0 (4 -> 1)
  Optimizing lut $abc$15919$auto$blifparse.cc:525:parse_blif$16567.genblk1.genblk1.genblk1.genblk1.genblk1.genblk1.lut1 (4 -> 1)
  Optimizing lut $abc$15919$auto$blifparse.cc:525:parse_blif$16584.genblk1.genblk1.genblk1.genblk1.genblk1.lut0 (4 -> 3)
  Optimizing lut $abc$15919$auto$blifparse.cc:525:parse_blif$16585.genblk1.genblk1.genblk1.genblk1.genblk1.genblk1.lut0 (4 -> 0)
  Optimizing lut $abc$15919$auto$blifparse.cc:525:parse_blif$16587.genblk1.genblk1.genblk1.genblk1.genblk1.lut0 (4 -> 2)
  Optimizing lut $abc$15919$auto$blifparse.cc:525:parse_blif$16597.genblk1.genblk1.genblk1.genblk1.genblk1.genblk1.lut1 (4 -> 1)
  Optimizing lut $abc$15919$auto$blifparse.cc:525:parse_blif$16596.genblk1.genblk1.genblk1.genblk1.genblk1.lut0 (4 -> 3)
  Optimizing lut $abc$15919$auto$blifparse.cc:525:parse_blif$16597.genblk1.genblk1.genblk1.genblk1.genblk1.genblk1.lut0 (4 -> 1)
  Optimizing lut $abc$15919$auto$blifparse.cc:525:parse_blif$16598.genblk1.genblk1.genblk1.genblk1.genblk1.genblk1.lut0 (4 -> 1)
  Optimizing lut $abc$15919$auto$blifparse.cc:525:parse_blif$16584.genblk1.genblk1.genblk1.genblk1.genblk1.lut1 (4 -> 1)
  Optimizing lut $abc$15919$auto$blifparse.cc:525:parse_blif$16601.genblk1.genblk1.genblk1.genblk1.genblk1.lut0 (4 -> 3)
  Optimizing lut $abc$15919$auto$blifparse.cc:525:parse_blif$16603.genblk1.genblk1.genblk1.genblk1.genblk1.lut0 (4 -> 3)
  Optimizing lut $abc$15919$auto$blifparse.cc:525:parse_blif$16607.genblk1.genblk1.genblk1.genblk1.genblk1.genblk1.lut1 (4 -> 0)
  Optimizing lut $abc$15919$auto$blifparse.cc:525:parse_blif$16607.genblk1.genblk1.genblk1.genblk1.genblk1.genblk1.lut0 (4 -> 0)
  Optimizing lut $abc$15919$auto$blifparse.cc:525:parse_blif$16608.genblk1.genblk1.genblk1.genblk1.genblk1.lut0 (4 -> 0)
  Optimizing lut $abc$15919$auto$blifparse.cc:525:parse_blif$16613.genblk1.genblk1.genblk1.genblk1.genblk1.lut0 (4 -> 3)
  Optimizing lut $abc$15919$auto$blifparse.cc:525:parse_blif$16614.genblk1.genblk1.genblk1.genblk1.genblk1.lut0 (4 -> 2)
  Optimizing lut $abc$15919$auto$blifparse.cc:525:parse_blif$16601.genblk1.genblk1.genblk1.genblk1.genblk1.lut1 (4 -> 1)
  Optimizing lut $abc$15919$auto$blifparse.cc:525:parse_blif$16670.genblk1.genblk1.genblk1.genblk1.genblk1.genblk1.genblk1.lut1 (4 -> 1)
  Optimizing lut $abc$15919$auto$blifparse.cc:525:parse_blif$16619.genblk1.genblk1.genblk1.genblk1.genblk1.lut0 (4 -> 3)
  Optimizing lut $abc$15919$auto$blifparse.cc:525:parse_blif$16621.genblk1.genblk1.genblk1.genblk1.genblk1.genblk1.lut0 (4 -> 3)
  Optimizing lut $abc$15919$auto$blifparse.cc:525:parse_blif$16625.genblk1.genblk1.genblk1.genblk1.genblk1.genblk1.lut1 (4 -> 0)
  Optimizing lut $abc$15919$auto$blifparse.cc:525:parse_blif$16625.genblk1.genblk1.genblk1.genblk1.genblk1.genblk1.lut0 (4 -> 0)
  Optimizing lut $abc$15919$auto$blifparse.cc:525:parse_blif$16626.genblk1.genblk1.genblk1.genblk1.genblk1.lut0 (4 -> 0)
  Optimizing lut $abc$15919$auto$blifparse.cc:525:parse_blif$16631.genblk1.genblk1.genblk1.genblk1.genblk1.lut0 (4 -> 3)
  Optimizing lut $abc$15919$auto$blifparse.cc:525:parse_blif$16632.genblk1.genblk1.genblk1.genblk1.genblk1.lut0 (4 -> 2)
  Optimizing lut $abc$15919$auto$blifparse.cc:525:parse_blif$16619.genblk1.genblk1.genblk1.genblk1.genblk1.lut1 (4 -> 1)
  Optimizing lut $abc$15919$auto$blifparse.cc:525:parse_blif$16637.genblk1.genblk1.genblk1.genblk1.genblk1.genblk1.genblk1.lut0 (4 -> 0)
  Optimizing lut $abc$15919$auto$blifparse.cc:525:parse_blif$16639.genblk1.genblk1.genblk1.genblk1.genblk1.lut1 (4 -> 2)
  Optimizing lut $abc$15919$auto$blifparse.cc:525:parse_blif$16639.genblk1.genblk1.genblk1.genblk1.genblk1.lut0 (4 -> 3)
  Optimizing lut $abc$15919$auto$blifparse.cc:525:parse_blif$16640.genblk1.genblk1.genblk1.genblk1.genblk1.lut0 (4 -> 3)
  Optimizing lut $abc$15919$auto$blifparse.cc:525:parse_blif$16644.genblk1.genblk1.genblk1.genblk1.genblk1.lut0 (4 -> 0)
  Optimizing lut $abc$15919$auto$blifparse.cc:525:parse_blif$16645.genblk1.genblk1.genblk1.genblk1.genblk1.lut0 (4 -> 0)
  Optimizing lut $abc$15919$auto$blifparse.cc:525:parse_blif$16647.genblk1.genblk1.genblk1.genblk1.genblk1.genblk1.lut1 (4 -> 0)
  Optimizing lut $abc$15919$auto$blifparse.cc:525:parse_blif$16648.genblk1.genblk1.genblk1.genblk1.genblk1.genblk1.genblk1.lut0 (4 -> 0)
  Optimizing lut $abc$15919$auto$blifparse.cc:525:parse_blif$16649.genblk1.genblk1.genblk1.genblk1.genblk1.genblk1.genblk1.lut0 (4 -> 0)
  Optimizing lut $abc$15919$auto$blifparse.cc:525:parse_blif$16657.genblk1.genblk1.genblk1.genblk1.genblk1.lut1 (4 -> 1)
  Optimizing lut $abc$15919$auto$blifparse.cc:525:parse_blif$16657.genblk1.genblk1.genblk1.genblk1.genblk1.lut0 (4 -> 3)
  Optimizing lut $abc$15919$auto$blifparse.cc:525:parse_blif$16661.genblk1.genblk1.genblk1.genblk1.genblk1.lut0 (4 -> 0)
  Optimizing lut $abc$15919$auto$blifparse.cc:525:parse_blif$16667.genblk1.genblk1.genblk1.genblk1.genblk1.lut0 (4 -> 0)
  Optimizing lut $abc$15919$auto$blifparse.cc:525:parse_blif$16668.genblk1.genblk1.genblk1.genblk1.genblk1.lut0 (4 -> 3)
  Optimizing lut $abc$15919$auto$blifparse.cc:525:parse_blif$16670.genblk1.genblk1.genblk1.genblk1.genblk1.genblk1.genblk1.lut0 (4 -> 1)
  Optimizing lut $abc$15919$auto$blifparse.cc:525:parse_blif$16685.genblk1.genblk1.genblk1.genblk1.genblk1.lut0 (4 -> 0)
  Optimizing lut $abc$15919$auto$blifparse.cc:525:parse_blif$16637.genblk1.genblk1.genblk1.genblk1.genblk1.genblk1.genblk1.lut1 (4 -> 0)
  Optimizing lut $abc$15919$auto$blifparse.cc:525:parse_blif$16711.genblk1.genblk1.genblk1.genblk1.genblk1.lut0 (4 -> 0)
  Optimizing lut $abc$15919$auto$blifparse.cc:525:parse_blif$16721.genblk1.genblk1.genblk1.genblk1.genblk1.lut0 (4 -> 0)
  Optimizing lut $abc$15919$auto$blifparse.cc:525:parse_blif$16731.genblk1.genblk1.genblk1.genblk1.genblk1.lut0 (4 -> 0)
  Optimizing lut $abc$15919$auto$blifparse.cc:525:parse_blif$16741.genblk1.genblk1.genblk1.genblk1.genblk1.lut0 (4 -> 0)
  Optimizing lut $abc$15919$auto$blifparse.cc:525:parse_blif$16751.genblk1.genblk1.genblk1.genblk1.genblk1.lut0 (4 -> 0)
  Optimizing lut $abc$15919$auto$blifparse.cc:525:parse_blif$16761.genblk1.genblk1.genblk1.genblk1.genblk1.lut0 (4 -> 0)
  Optimizing lut $abc$15919$auto$blifparse.cc:525:parse_blif$16771.genblk1.genblk1.genblk1.genblk1.genblk1.lut0 (4 -> 0)
  Optimizing lut $abc$15919$auto$blifparse.cc:525:parse_blif$16781.genblk1.genblk1.genblk1.genblk1.genblk1.lut0 (4 -> 0)
  Optimizing lut $abc$15919$auto$blifparse.cc:525:parse_blif$16504.genblk1.genblk1.genblk1.genblk1.genblk1.genblk1.lut1 (4 -> 1)
  Optimizing lut $abc$15919$auto$blifparse.cc:525:parse_blif$16791.genblk1.genblk1.genblk1.genblk1.genblk1.lut0 (4 -> 0)
  Optimizing lut $abc$15919$auto$blifparse.cc:525:parse_blif$16801.genblk1.genblk1.genblk1.genblk1.genblk1.lut0 (4 -> 0)
  Optimizing lut $abc$15919$auto$blifparse.cc:525:parse_blif$16811.genblk1.genblk1.genblk1.genblk1.genblk1.lut0 (4 -> 0)
  Optimizing lut $abc$15919$auto$blifparse.cc:525:parse_blif$16821.genblk1.genblk1.genblk1.genblk1.genblk1.lut0 (4 -> 0)
  Optimizing lut $abc$15919$auto$blifparse.cc:525:parse_blif$16831.genblk1.genblk1.genblk1.genblk1.genblk1.lut0 (4 -> 0)
  Optimizing lut $abc$15919$auto$blifparse.cc:525:parse_blif$16841.genblk1.genblk1.genblk1.genblk1.genblk1.lut0 (4 -> 0)
  Optimizing lut $abc$15919$auto$blifparse.cc:525:parse_blif$16851.genblk1.genblk1.genblk1.genblk1.genblk1.lut0 (4 -> 0)
  Optimizing lut $abc$15919$auto$blifparse.cc:525:parse_blif$16861.genblk1.genblk1.genblk1.genblk1.genblk1.lut0 (4 -> 0)
  Optimizing lut $abc$15919$auto$blifparse.cc:525:parse_blif$16871.genblk1.genblk1.genblk1.genblk1.genblk1.lut0 (4 -> 0)
  Optimizing lut $abc$15919$auto$blifparse.cc:525:parse_blif$16881.genblk1.genblk1.genblk1.genblk1.genblk1.lut0 (4 -> 0)
  Optimizing lut $abc$15919$auto$blifparse.cc:525:parse_blif$16891.genblk1.genblk1.genblk1.genblk1.genblk1.lut0 (4 -> 0)
  Optimizing lut $abc$15919$auto$blifparse.cc:525:parse_blif$16901.genblk1.genblk1.genblk1.genblk1.genblk1.lut0 (4 -> 0)
  Optimizing lut $abc$15919$auto$blifparse.cc:525:parse_blif$16911.genblk1.genblk1.genblk1.genblk1.genblk1.lut0 (4 -> 0)
  Optimizing lut $abc$15919$auto$blifparse.cc:525:parse_blif$16921.genblk1.genblk1.genblk1.genblk1.genblk1.lut0 (4 -> 0)
  Optimizing lut $abc$15919$auto$blifparse.cc:525:parse_blif$16931.genblk1.genblk1.genblk1.genblk1.genblk1.lut0 (4 -> 0)
  Optimizing lut $abc$15919$auto$blifparse.cc:525:parse_blif$16941.genblk1.genblk1.genblk1.genblk1.genblk1.lut0 (4 -> 0)
  Optimizing lut $abc$15919$auto$blifparse.cc:525:parse_blif$16951.genblk1.genblk1.genblk1.genblk1.genblk1.lut0 (4 -> 0)
  Optimizing lut $abc$15919$auto$blifparse.cc:525:parse_blif$16972.genblk1.genblk1.genblk1.genblk1.genblk1.lut0 (4 -> 0)
  Optimizing lut $abc$15919$auto$blifparse.cc:525:parse_blif$16982.genblk1.genblk1.genblk1.genblk1.genblk1.lut0 (4 -> 0)
  Optimizing lut $abc$15919$auto$blifparse.cc:525:parse_blif$16992.genblk1.genblk1.genblk1.genblk1.genblk1.lut0 (4 -> 0)
  Optimizing lut $abc$15919$auto$blifparse.cc:525:parse_blif$17025.genblk1.genblk1.genblk1.genblk1.genblk1.lut0 (4 -> 0)
  Optimizing lut $abc$15919$auto$blifparse.cc:525:parse_blif$17030.genblk1.genblk1.genblk1.genblk1.genblk1.lut0 (4 -> 0)
  Optimizing lut $abc$15919$auto$blifparse.cc:525:parse_blif$17035.genblk1.genblk1.genblk1.genblk1.genblk1.lut0 (4 -> 0)
  Optimizing lut $abc$15919$auto$blifparse.cc:525:parse_blif$17040.genblk1.genblk1.genblk1.genblk1.genblk1.lut0 (4 -> 0)
  Optimizing lut $abc$15919$auto$blifparse.cc:525:parse_blif$17045.genblk1.genblk1.genblk1.genblk1.genblk1.lut0 (4 -> 0)
  Optimizing lut $abc$15919$auto$blifparse.cc:525:parse_blif$17072.genblk1.genblk1.genblk1.genblk1.genblk1.lut0 (4 -> 0)
  Optimizing lut $abc$15919$auto$blifparse.cc:525:parse_blif$17085.genblk1.genblk1.genblk1.genblk1.genblk1.lut0 (4 -> 0)
  Optimizing lut $abc$15919$auto$blifparse.cc:525:parse_blif$17096.genblk1.genblk1.genblk1.genblk1.genblk1.lut0 (4 -> 0)
  Optimizing lut $abc$15919$auto$blifparse.cc:525:parse_blif$17107.genblk1.genblk1.genblk1.genblk1.genblk1.lut0 (4 -> 0)
  Optimizing lut $abc$15919$auto$blifparse.cc:525:parse_blif$17118.genblk1.genblk1.genblk1.genblk1.genblk1.lut0 (4 -> 0)
  Optimizing lut $abc$15919$auto$blifparse.cc:525:parse_blif$17129.genblk1.genblk1.genblk1.genblk1.genblk1.lut0 (4 -> 0)
  Optimizing lut $abc$15919$auto$blifparse.cc:525:parse_blif$17140.genblk1.genblk1.genblk1.genblk1.genblk1.lut0 (4 -> 0)
  Optimizing lut $abc$15919$auto$blifparse.cc:525:parse_blif$17151.genblk1.genblk1.genblk1.genblk1.genblk1.lut0 (4 -> 0)
  Optimizing lut $abc$15919$auto$blifparse.cc:525:parse_blif$17162.genblk1.genblk1.genblk1.genblk1.genblk1.lut0 (4 -> 0)
  Optimizing lut $abc$15919$auto$blifparse.cc:525:parse_blif$17173.genblk1.genblk1.genblk1.genblk1.genblk1.lut0 (4 -> 0)
  Optimizing lut $abc$15919$auto$blifparse.cc:525:parse_blif$17184.genblk1.genblk1.genblk1.genblk1.genblk1.lut0 (4 -> 0)
  Optimizing lut $abc$15919$auto$blifparse.cc:525:parse_blif$17195.genblk1.genblk1.genblk1.genblk1.genblk1.lut0 (4 -> 0)
  Optimizing lut $abc$15919$auto$blifparse.cc:525:parse_blif$17206.genblk1.genblk1.genblk1.genblk1.genblk1.lut0 (4 -> 0)
  Optimizing lut $abc$15919$auto$blifparse.cc:525:parse_blif$17217.genblk1.genblk1.genblk1.genblk1.genblk1.lut0 (4 -> 0)
  Optimizing lut $abc$15919$auto$blifparse.cc:525:parse_blif$17228.genblk1.genblk1.genblk1.genblk1.genblk1.lut0 (4 -> 0)
  Optimizing lut $abc$15919$auto$blifparse.cc:525:parse_blif$17239.genblk1.genblk1.genblk1.genblk1.genblk1.lut0 (4 -> 0)
  Optimizing lut $abc$15919$auto$blifparse.cc:525:parse_blif$17250.genblk1.genblk1.genblk1.genblk1.genblk1.lut0 (4 -> 0)
  Optimizing lut $abc$15919$auto$blifparse.cc:525:parse_blif$17261.genblk1.genblk1.genblk1.genblk1.genblk1.lut0 (4 -> 0)
  Optimizing lut $abc$15919$auto$blifparse.cc:525:parse_blif$17272.genblk1.genblk1.genblk1.genblk1.genblk1.lut0 (4 -> 0)
  Optimizing lut $abc$15919$auto$blifparse.cc:525:parse_blif$17283.genblk1.genblk1.genblk1.genblk1.genblk1.lut0 (4 -> 0)
  Optimizing lut $abc$15919$auto$blifparse.cc:525:parse_blif$17294.genblk1.genblk1.genblk1.genblk1.genblk1.lut0 (4 -> 0)
  Optimizing lut $abc$15919$auto$blifparse.cc:525:parse_blif$17305.genblk1.genblk1.genblk1.genblk1.genblk1.lut0 (4 -> 0)
  Optimizing lut $abc$15919$auto$blifparse.cc:525:parse_blif$17316.genblk1.genblk1.genblk1.genblk1.genblk1.lut0 (4 -> 0)
  Optimizing lut $abc$15919$auto$blifparse.cc:525:parse_blif$17327.genblk1.genblk1.genblk1.genblk1.genblk1.lut0 (4 -> 0)
  Optimizing lut $abc$15919$auto$blifparse.cc:525:parse_blif$17338.genblk1.genblk1.genblk1.genblk1.genblk1.lut0 (4 -> 0)
  Optimizing lut $abc$15919$auto$blifparse.cc:525:parse_blif$17361.genblk1.genblk1.genblk1.genblk1.genblk1.lut0 (4 -> 0)
  Optimizing lut $abc$15919$auto$blifparse.cc:525:parse_blif$17372.genblk1.genblk1.genblk1.genblk1.genblk1.lut0 (4 -> 0)
  Optimizing lut $abc$15919$auto$blifparse.cc:525:parse_blif$17383.genblk1.genblk1.genblk1.genblk1.genblk1.lut0 (4 -> 0)
  Optimizing lut $abc$15919$auto$blifparse.cc:525:parse_blif$16552.genblk1.genblk1.genblk1.genblk1.genblk1.genblk1.lut1 (4 -> 1)
  Optimizing lut $abc$15919$auto$blifparse.cc:525:parse_blif$17530.genblk1.genblk1.genblk1.genblk1.genblk1.lut0 (4 -> 0)
Optimizing LUTs in minirv_edge_controller_spi_fpga_top.
Removed 0 unused cells and 5914 unused wires.

3.44. Executing AUTONAME pass.
Renamed 242762 objects in module minirv_edge_controller (188 iterations).
Renamed 648 objects in module minirv_edge_controller_spi_fpga_top (4 iterations).
<suppressed ~9598 debug messages>

3.45. Executing HIERARCHY pass (managing design hierarchy).

3.45.1. Analyzing design hierarchy..
Top module:  \minirv_edge_controller_spi_fpga_top
Used module:     \minirv_edge_controller

3.45.2. Analyzing design hierarchy..
Top module:  \minirv_edge_controller_spi_fpga_top
Used module:     \minirv_edge_controller
Removed 0 unused modules.

3.46. Printing statistics.

=== minirv_edge_controller ===

   Number of wires:               3628
   Number of wire bits:           8093
   Number of public wires:        3628
   Number of public wire bits:    8093
   Number of memories:               0
   Number of memory bits:            0
   Number of processes:              0
   Number of cells:               5609
     CCU2C                         246
     L6MUX21                       329
     LUT4                         3485
     MULT18X18D                      4
     PFUMX                         746
     TRELLIS_FF                    799

=== minirv_edge_controller_spi_fpga_top ===

   Number of wires:                146
   Number of wire bits:            410
   Number of public wires:         146
   Number of public wire bits:     410
   Number of memories:               0
   Number of memory bits:            0
   Number of processes:              0
   Number of cells:                286
     LUT4                          122
     TRELLIS_FF                    163
     minirv_edge_controller          1

=== design hierarchy ===

   minirv_edge_controller_spi_fpga_top      1
     minirv_edge_controller          1

   Number of wires:               3774
   Number of wire bits:           8503
   Number of public wires:        3774
   Number of public wire bits:    8503
   Number of memories:               0
   Number of memory bits:            0
   Number of processes:              0
   Number of cells:               5894
     CCU2C                         246
     L6MUX21                       329
     LUT4                         3607
     MULT18X18D                      4
     PFUMX                         746
     TRELLIS_FF                    962

3.47. Executing CHECK pass (checking for obvious problems).
Checking module minirv_edge_controller...
Checking module minirv_edge_controller_spi_fpga_top...
Found and reported 0 problems.

3.48. Executing JSON backend.

Warnings: 2 unique messages, 2 total
End of script. Logfile hash: 626d8b347f, CPU: user 6.68s system 0.14s, MEM: 265.92 MB peak
Yosys 0.33 (git sha1 2584903a060)
Time spent: 20% 1x autoname (1 sec), 19% 1x abc (1 sec), ...