
 /----------------------------------------------------------------------------\
 |  yosys -- Yosys Open SYnthesis Suite                                       |
 |  Copyright (C) 2012 - 2025  Claire Xenia Wolf <claire@yosyshq.com>         |
 |  Distributed under an ISC-like license, type "license" to see terms        |
 \----------------------------------------------------------------------------/
 Yosys 0.56 (git sha1 9c447ad9d4b1ea589369364eea38b4d70da2c599, x86_64-w64-mingw32-g++ 15.2.0 -march=nocona -msahf -mtune=generic -O2 -fstack-protector-strong -O3)

-- Executing script file `repro_lec.ys' --

1. Executing Verilog-2005 frontend: fpga/handoff/rtl/adaptive_aero_control_top.v
Parsing SystemVerilog input from `fpga/handoff/rtl/adaptive_aero_control_top.v' to AST representation.
Generating RTLIL representation for module `\adaptive_aero_control_top'.
Successfully finished Verilog frontend.

2. Executing Verilog-2005 frontend: fpga/handoff/rtl/adaptive_aero_control_top_spi_fpga_top.sv
Parsing SystemVerilog input from `fpga/handoff/rtl/adaptive_aero_control_top_spi_fpga_top.sv' to AST representation.
Generating RTLIL representation for module `\adaptive_aero_control_top_spi_fpga_top'.
Successfully finished Verilog frontend.

3. Executing PREP pass.

3.1. Executing HIERARCHY pass (managing design hierarchy).

3.1.1. Analyzing design hierarchy..
Top module:  \adaptive_aero_control_top_spi_fpga_top
Used module:     \adaptive_aero_control_top

3.1.2. Analyzing design hierarchy..
Top module:  \adaptive_aero_control_top_spi_fpga_top
Used module:     \adaptive_aero_control_top
Removed 0 unused modules.

3.2. Executing PROC pass (convert processes to netlists).

3.2.1. Executing PROC_CLEAN pass (remove empty switches from decision trees).
Found and cleaned up 10 empty switches in `\adaptive_aero_control_top.$proc$fpga/handoff/rtl/adaptive_aero_control_top.v:130$1'.
Cleaned up 10 empty switches.

3.2.2. Executing PROC_RMDEAD pass (remove dead branches from decision trees).
Marked 1 switch rules as full_case in process $proc$fpga/handoff/rtl/adaptive_aero_control_top_spi_fpga_top.sv:59$73 in module adaptive_aero_control_top_spi_fpga_top.
Marked 1 switch rules as full_case in process $proc$fpga/handoff/rtl/adaptive_aero_control_top_spi_fpga_top.sv:50$70 in module adaptive_aero_control_top_spi_fpga_top.
Marked 1 switch rules as full_case in process $proc$fpga/handoff/rtl/adaptive_aero_control_top_spi_fpga_top.sv:46$69 in module adaptive_aero_control_top_spi_fpga_top.
Marked 7 switch rules as full_case in process $proc$fpga/handoff/rtl/adaptive_aero_control_top.v:254$27 in module adaptive_aero_control_top.
Marked 14 switch rules as full_case in process $proc$fpga/handoff/rtl/adaptive_aero_control_top.v:130$1 in module adaptive_aero_control_top.
Removed a total of 0 dead cases.

3.2.3. Executing PROC_PRUNE pass (remove redundant assignments in processes).
Removed 12 redundant assignments.
Promoted 32 assignments to connections.

3.2.4. Executing PROC_INIT pass (extract init attributes).

3.2.5. Executing PROC_ARST pass (detect async resets in processes).
Found async reset \reset_n in `\adaptive_aero_control_top_spi_fpga_top.$proc$fpga/handoff/rtl/adaptive_aero_control_top_spi_fpga_top.sv:59$73'.
Found async reset \spi_cs_n in `\adaptive_aero_control_top_spi_fpga_top.$proc$fpga/handoff/rtl/adaptive_aero_control_top_spi_fpga_top.sv:46$69'.
Found async reset \reset_n in `\adaptive_aero_control_top.$proc$fpga/handoff/rtl/adaptive_aero_control_top.v:254$27'.

3.2.6. Executing PROC_ROM pass (convert switches to ROMs).
Converted 0 switches.
<suppressed ~36 debug messages>

3.2.7. Executing PROC_MUX pass (convert decision trees to multiplexers).
Creating decoders for process `\adaptive_aero_control_top_spi_fpga_top.$proc$fpga/handoff/rtl/adaptive_aero_control_top_spi_fpga_top.sv:0$77'.
Creating decoders for process `\adaptive_aero_control_top_spi_fpga_top.$proc$fpga/handoff/rtl/adaptive_aero_control_top_spi_fpga_top.sv:59$73'.
     1/5: $0\tx_snapshot[166:0]
     2/5: $0\spi_cs_prev[0:0]
     3/5: $0\spi_cs_sync[0:0]
     4/5: $0\spi_cs_meta[0:0]
     5/5: $0\rx_active[135:0]
Creating decoders for process `\adaptive_aero_control_top_spi_fpga_top.$proc$fpga/handoff/rtl/adaptive_aero_control_top_spi_fpga_top.sv:50$70'.
     1/2: $0\tx_shift[166:0]
     2/2: $0\rx_shift[135:0]
Creating decoders for process `\adaptive_aero_control_top_spi_fpga_top.$proc$fpga/handoff/rtl/adaptive_aero_control_top_spi_fpga_top.sv:46$69'.
     1/1: $0\spi_active[0:0]
Creating decoders for process `\adaptive_aero_control_top.$proc$fpga/handoff/rtl/adaptive_aero_control_top.v:254$27'.
     1/41: $0\req_hist_web[0:0]
     2/41: $0\req_hist_csb[0:0]
     3/41: $0\status_rsp_received_reg[0:0]
     4/41: $0\status_req_accepted_reg[0:0]
     5/41: $0\irq_r[0:0]
     6/41: $0\hold_safe_sel_reg[0:0]
     7/41: $0\ctrl_reg[7:0] [4]
     8/41: $0\ctrl_reg[7:0] [0]
     9/41: $0\state_reg[1:0]
    10/41: $0\fault_latched_reg[0:0]
    11/41: $0\req_hist_read_pending_reg[0:0]
    12/41: $0\req_hist_write_pending_reg[0:0]
    13/41: $0\pending_rearm_reg[0:0]
    14/41: $0\pending_clear_fault_reg[0:0]
    15/41: $0\pending_launch_reg[0:0]
    16/41: $0\req_hist_din[63:0]
    17/41: $0\req_hist_addr[3:0]
    18/41: $0\busy_reg[0:0]
    19/41: $0\status_fault_active_reg[0:0]
    20/41: $0\status_fallback_active_reg[0:0]
    21/41: $0\status_timeout_reg[0:0]
    22/41: $0\status_stale_reject_reg[0:0]
    23/41: $0\status_clamp_applied_reg[0:0]
    24/41: $0\status_rsp_validated_reg[0:0]
    25/41: $0\outstanding_valid_reg[0:0]
    26/41: $0\outstanding_age_reg[15:0]
    27/41: $0\outstanding_seq_reg[15:0]
    28/41: $0\rejected_count_reg[15:0]
    29/41: $0\accepted_count_reg[15:0]
    30/41: $0\req_meta_reg[63:0]
    31/41: $0\irq_en_reg[63:0]
    32/41: $0\bounds_reg[63:0]
    33/41: $0\limits_reg[63:0]
    34/41: $0\mode_seq_reg[63:0]
    35/41: { $0\ctrl_reg[7:0] [7:5] $0\ctrl_reg[7:0] [3:1] }
    36/41: $0\act_cmd_data_r[31:0]
    37/41: $0\act_cmd_fault_r[0:0]
    38/41: $0\act_cmd_valid_r[0:0]
    39/41: $0\rsp_ready_r[0:0]
    40/41: $0\req_data_r[63:0]
    41/41: $0\req_valid_r[0:0]
Creating decoders for process `\adaptive_aero_control_top.$proc$fpga/handoff/rtl/adaptive_aero_control_top.v:130$1'.
     1/28: $5\state_next[1:0]
     2/28: $4\clamp_needed_next[0:0]
     3/28: $4\clamp_value_next[31:0]
     4/28: $3\clamp_needed_next[0:0]
     5/28: $3\clamp_value_next[31:0]
     6/28: $4\state_next[1:0]
     7/28: $2\clamp_needed_next[0:0]
     8/28: $2\clamp_value_next[31:0]
     9/28: $1\clamp_needed_next[0:0]
    10/28: $1\clamp_value_next[31:0]
    11/28: $3\state_next[1:0]
    12/28: $2\state_next[1:0]
    13/28: $1\state_next[1:0]
    14/28: $1\mmio_rdata_r[63:0]
    15/28: $3\launch_accept_pulse[0:0]
    16/28: $3\rearm_pulse[0:0]
    17/28: $3\clear_fault_pulse[0:0]
    18/28: $2\launch_accept_pulse[0:0]
    19/28: $2\rearm_pulse[0:0]
    20/28: $2\clear_fault_pulse[0:0]
    21/28: $2\req_hist_read_pulse[0:0]
    22/28: $2\req_hist_write_pulse[0:0]
    23/28: $1\req_hist_read_pulse[0:0]
    24/28: $1\req_hist_write_pulse[0:0]
    25/28: $1\rearm_pulse[0:0]
    26/28: $1\clear_fault_pulse[0:0]
    27/28: $1\launch_accept_pulse[0:0]
    28/28: $1\read_data_next[63:0]

3.2.8. Executing PROC_DLATCH pass (convert process syncs to latches).
No latch inferred for signal `\adaptive_aero_control_top_spi_fpga_top.\spi_miso' from process `\adaptive_aero_control_top_spi_fpga_top.$proc$fpga/handoff/rtl/adaptive_aero_control_top_spi_fpga_top.sv:0$77'.
No latch inferred for signal `\adaptive_aero_control_top.\mmio_rdata_r' from process `\adaptive_aero_control_top.$proc$fpga/handoff/rtl/adaptive_aero_control_top.v:130$1'.
No latch inferred for signal `\adaptive_aero_control_top.\mmio_ready_r' from process `\adaptive_aero_control_top.$proc$fpga/handoff/rtl/adaptive_aero_control_top.v:130$1'.
No latch inferred for signal `\adaptive_aero_control_top.\mmio_error_r' from process `\adaptive_aero_control_top.$proc$fpga/handoff/rtl/adaptive_aero_control_top.v:130$1'.
No latch inferred for signal `\adaptive_aero_control_top.\state_next' from process `\adaptive_aero_control_top.$proc$fpga/handoff/rtl/adaptive_aero_control_top.v:130$1'.
No latch inferred for signal `\adaptive_aero_control_top.\status_reg_r' from process `\adaptive_aero_control_top.$proc$fpga/handoff/rtl/adaptive_aero_control_top.v:130$1'.
No latch inferred for signal `\adaptive_aero_control_top.\read_data_next' from process `\adaptive_aero_control_top.$proc$fpga/handoff/rtl/adaptive_aero_control_top.v:130$1'.
No latch inferred for signal `\adaptive_aero_control_top.\launch_accept_pulse' from process `\adaptive_aero_control_top.$proc$fpga/handoff/rtl/adaptive_aero_control_top.v:130$1'.
No latch inferred for signal `\adaptive_aero_control_top.\clear_fault_pulse' from process `\adaptive_aero_control_top.$proc$fpga/handoff/rtl/adaptive_aero_control_top.v:130$1'.
No latch inferred for signal `\adaptive_aero_control_top.\rearm_pulse' from process `\adaptive_aero_control_top.$proc$fpga/handoff/rtl/adaptive_aero_control_top.v:130$1'.
No latch inferred for signal `\adaptive_aero_control_top.\req_hist_write_pulse' from process `\adaptive_aero_control_top.$proc$fpga/handoff/rtl/adaptive_aero_control_top.v:130$1'.
No latch inferred for signal `\adaptive_aero_control_top.\req_hist_read_pulse' from process `\adaptive_aero_control_top.$proc$fpga/handoff/rtl/adaptive_aero_control_top.v:130$1'.
No latch inferred for signal `\adaptive_aero_control_top.\rsp_valid_sync' from process `\adaptive_aero_control_top.$proc$fpga/handoff/rtl/adaptive_aero_control_top.v:130$1'.
No latch inferred for signal `\adaptive_aero_control_top.\rsp_seq_in' from process `\adaptive_aero_control_top.$proc$fpga/handoff/rtl/adaptive_aero_control_top.v:130$1'.
No latch inferred for signal `\adaptive_aero_control_top.\rsp_cmd_in' from process `\adaptive_aero_control_top.$proc$fpga/handoff/rtl/adaptive_aero_control_top.v:130$1'.
No latch inferred for signal `\adaptive_aero_control_top.\rsp_schema_ok' from process `\adaptive_aero_control_top.$proc$fpga/handoff/rtl/adaptive_aero_control_top.v:130$1'.
No latch inferred for signal `\adaptive_aero_control_top.\clamp_value_next' from process `\adaptive_aero_control_top.$proc$fpga/handoff/rtl/adaptive_aero_control_top.v:130$1'.
No latch inferred for signal `\adaptive_aero_control_top.\clamp_needed_next' from process `\adaptive_aero_control_top.$proc$fpga/handoff/rtl/adaptive_aero_control_top.v:130$1'.
No latch inferred for signal `\adaptive_aero_control_top.\fallback_value_sel' from process `\adaptive_aero_control_top.$proc$fpga/handoff/rtl/adaptive_aero_control_top.v:130$1'.
No latch inferred for signal `\adaptive_aero_control_top.\transport_error_reg' from process `\adaptive_aero_control_top.$proc$fpga/handoff/rtl/adaptive_aero_control_top.v:130$1'.
No latch inferred for signal `\adaptive_aero_control_top.\malformed_rsp_reg' from process `\adaptive_aero_control_top.$proc$fpga/handoff/rtl/adaptive_aero_control_top.v:130$1'.

3.2.9. Executing PROC_DFF pass (convert process syncs to FFs).
Creating register for signal `\adaptive_aero_control_top_spi_fpga_top.\rx_active' using process `\adaptive_aero_control_top_spi_fpga_top.$proc$fpga/handoff/rtl/adaptive_aero_control_top_spi_fpga_top.sv:59$73'.
  created $adff cell `$procdff$351' with positive edge clock and positive level reset.
Creating register for signal `\adaptive_aero_control_top_spi_fpga_top.\tx_snapshot' using process `\adaptive_aero_control_top_spi_fpga_top.$proc$fpga/handoff/rtl/adaptive_aero_control_top_spi_fpga_top.sv:59$73'.
  created $adff cell `$procdff$356' with positive edge clock and positive level reset.
Creating register for signal `\adaptive_aero_control_top_spi_fpga_top.\spi_cs_meta' using process `\adaptive_aero_control_top_spi_fpga_top.$proc$fpga/handoff/rtl/adaptive_aero_control_top_spi_fpga_top.sv:59$73'.
  created $adff cell `$procdff$361' with positive edge clock and positive level reset.
Creating register for signal `\adaptive_aero_control_top_spi_fpga_top.\spi_cs_sync' using process `\adaptive_aero_control_top_spi_fpga_top.$proc$fpga/handoff/rtl/adaptive_aero_control_top_spi_fpga_top.sv:59$73'.
  created $adff cell `$procdff$366' with positive edge clock and positive level reset.
Creating register for signal `\adaptive_aero_control_top_spi_fpga_top.\spi_cs_prev' using process `\adaptive_aero_control_top_spi_fpga_top.$proc$fpga/handoff/rtl/adaptive_aero_control_top_spi_fpga_top.sv:59$73'.
  created $adff cell `$procdff$371' with positive edge clock and positive level reset.
Creating register for signal `\adaptive_aero_control_top_spi_fpga_top.\rx_shift' using process `\adaptive_aero_control_top_spi_fpga_top.$proc$fpga/handoff/rtl/adaptive_aero_control_top_spi_fpga_top.sv:50$70'.
  created $dff cell `$procdff$372' with positive edge clock.
Creating register for signal `\adaptive_aero_control_top_spi_fpga_top.\tx_shift' using process `\adaptive_aero_control_top_spi_fpga_top.$proc$fpga/handoff/rtl/adaptive_aero_control_top_spi_fpga_top.sv:50$70'.
  created $dff cell `$procdff$373' with positive edge clock.
Creating register for signal `\adaptive_aero_control_top_spi_fpga_top.\spi_active' using process `\adaptive_aero_control_top_spi_fpga_top.$proc$fpga/handoff/rtl/adaptive_aero_control_top_spi_fpga_top.sv:46$69'.
  created $adff cell `$procdff$376' with positive edge clock and positive level reset.
Creating register for signal `\adaptive_aero_control_top.\req_valid_r' using process `\adaptive_aero_control_top.$proc$fpga/handoff/rtl/adaptive_aero_control_top.v:254$27'.
  created $adff cell `$procdff$381' with positive edge clock and positive level reset.
Creating register for signal `\adaptive_aero_control_top.\req_data_r' using process `\adaptive_aero_control_top.$proc$fpga/handoff/rtl/adaptive_aero_control_top.v:254$27'.
  created $adff cell `$procdff$386' with positive edge clock and positive level reset.
Creating register for signal `\adaptive_aero_control_top.\rsp_ready_r' using process `\adaptive_aero_control_top.$proc$fpga/handoff/rtl/adaptive_aero_control_top.v:254$27'.
  created $adff cell `$procdff$391' with positive edge clock and positive level reset.
Creating register for signal `\adaptive_aero_control_top.\act_cmd_valid_r' using process `\adaptive_aero_control_top.$proc$fpga/handoff/rtl/adaptive_aero_control_top.v:254$27'.
  created $adff cell `$procdff$396' with positive edge clock and positive level reset.
Creating register for signal `\adaptive_aero_control_top.\act_cmd_fault_r' using process `\adaptive_aero_control_top.$proc$fpga/handoff/rtl/adaptive_aero_control_top.v:254$27'.
  created $adff cell `$procdff$401' with positive edge clock and positive level reset.
Creating register for signal `\adaptive_aero_control_top.\act_cmd_data_r' using process `\adaptive_aero_control_top.$proc$fpga/handoff/rtl/adaptive_aero_control_top.v:254$27'.
  created $adff cell `$procdff$406' with positive edge clock and positive level reset.
Creating register for signal `\adaptive_aero_control_top.\irq_r' using process `\adaptive_aero_control_top.$proc$fpga/handoff/rtl/adaptive_aero_control_top.v:254$27'.
  created $adff cell `$procdff$411' with positive edge clock and positive level reset.
Creating register for signal `\adaptive_aero_control_top.\ctrl_reg' using process `\adaptive_aero_control_top.$proc$fpga/handoff/rtl/adaptive_aero_control_top.v:254$27'.
  created $adff cell `$procdff$416' with positive edge clock and positive level reset.
Creating register for signal `\adaptive_aero_control_top.\mode_seq_reg' using process `\adaptive_aero_control_top.$proc$fpga/handoff/rtl/adaptive_aero_control_top.v:254$27'.
  created $adff cell `$procdff$421' with positive edge clock and positive level reset.
Creating register for signal `\adaptive_aero_control_top.\limits_reg' using process `\adaptive_aero_control_top.$proc$fpga/handoff/rtl/adaptive_aero_control_top.v:254$27'.
  created $adff cell `$procdff$426' with positive edge clock and positive level reset.
Creating register for signal `\adaptive_aero_control_top.\bounds_reg' using process `\adaptive_aero_control_top.$proc$fpga/handoff/rtl/adaptive_aero_control_top.v:254$27'.
  created $adff cell `$procdff$431' with positive edge clock and positive level reset.
Creating register for signal `\adaptive_aero_control_top.\irq_en_reg' using process `\adaptive_aero_control_top.$proc$fpga/handoff/rtl/adaptive_aero_control_top.v:254$27'.
  created $adff cell `$procdff$436' with positive edge clock and positive level reset.
Creating register for signal `\adaptive_aero_control_top.\req_meta_reg' using process `\adaptive_aero_control_top.$proc$fpga/handoff/rtl/adaptive_aero_control_top.v:254$27'.
  created $adff cell `$procdff$441' with positive edge clock and positive level reset.
Creating register for signal `\adaptive_aero_control_top.\accepted_count_reg' using process `\adaptive_aero_control_top.$proc$fpga/handoff/rtl/adaptive_aero_control_top.v:254$27'.
  created $adff cell `$procdff$446' with positive edge clock and positive level reset.
Creating register for signal `\adaptive_aero_control_top.\rejected_count_reg' using process `\adaptive_aero_control_top.$proc$fpga/handoff/rtl/adaptive_aero_control_top.v:254$27'.
  created $adff cell `$procdff$451' with positive edge clock and positive level reset.
Creating register for signal `\adaptive_aero_control_top.\outstanding_seq_reg' using process `\adaptive_aero_control_top.$proc$fpga/handoff/rtl/adaptive_aero_control_top.v:254$27'.
  created $adff cell `$procdff$456' with positive edge clock and positive level reset.
Creating register for signal `\adaptive_aero_control_top.\outstanding_age_reg' using process `\adaptive_aero_control_top.$proc$fpga/handoff/rtl/adaptive_aero_control_top.v:254$27'.
  created $adff cell `$procdff$461' with positive edge clock and positive level reset.
Creating register for signal `\adaptive_aero_control_top.\outstanding_valid_reg' using process `\adaptive_aero_control_top.$proc$fpga/handoff/rtl/adaptive_aero_control_top.v:254$27'.
  created $adff cell `$procdff$466' with positive edge clock and positive level reset.
Creating register for signal `\adaptive_aero_control_top.\status_req_accepted_reg' using process `\adaptive_aero_control_top.$proc$fpga/handoff/rtl/adaptive_aero_control_top.v:254$27'.
  created $adff cell `$procdff$471' with positive edge clock and positive level reset.
Creating register for signal `\adaptive_aero_control_top.\status_rsp_received_reg' using process `\adaptive_aero_control_top.$proc$fpga/handoff/rtl/adaptive_aero_control_top.v:254$27'.
  created $adff cell `$procdff$476' with positive edge clock and positive level reset.
Creating register for signal `\adaptive_aero_control_top.\status_rsp_validated_reg' using process `\adaptive_aero_control_top.$proc$fpga/handoff/rtl/adaptive_aero_control_top.v:254$27'.
  created $adff cell `$procdff$481' with positive edge clock and positive level reset.
Creating register for signal `\adaptive_aero_control_top.\status_clamp_applied_reg' using process `\adaptive_aero_control_top.$proc$fpga/handoff/rtl/adaptive_aero_control_top.v:254$27'.
  created $adff cell `$procdff$486' with positive edge clock and positive level reset.
Creating register for signal `\adaptive_aero_control_top.\status_stale_reject_reg' using process `\adaptive_aero_control_top.$proc$fpga/handoff/rtl/adaptive_aero_control_top.v:254$27'.
  created $adff cell `$procdff$491' with positive edge clock and positive level reset.
Creating register for signal `\adaptive_aero_control_top.\status_timeout_reg' using process `\adaptive_aero_control_top.$proc$fpga/handoff/rtl/adaptive_aero_control_top.v:254$27'.
  created $adff cell `$procdff$496' with positive edge clock and positive level reset.
Creating register for signal `\adaptive_aero_control_top.\status_fallback_active_reg' using process `\adaptive_aero_control_top.$proc$fpga/handoff/rtl/adaptive_aero_control_top.v:254$27'.
  created $adff cell `$procdff$501' with positive edge clock and positive level reset.
Creating register for signal `\adaptive_aero_control_top.\status_fault_active_reg' using process `\adaptive_aero_control_top.$proc$fpga/handoff/rtl/adaptive_aero_control_top.v:254$27'.
  created $adff cell `$procdff$506' with positive edge clock and positive level reset.
Creating register for signal `\adaptive_aero_control_top.\busy_reg' using process `\adaptive_aero_control_top.$proc$fpga/handoff/rtl/adaptive_aero_control_top.v:254$27'.
  created $adff cell `$procdff$511' with positive edge clock and positive level reset.
Creating register for signal `\adaptive_aero_control_top.\req_hist_csb' using process `\adaptive_aero_control_top.$proc$fpga/handoff/rtl/adaptive_aero_control_top.v:254$27'.
  created $adff cell `$procdff$516' with positive edge clock and positive level reset.
Creating register for signal `\adaptive_aero_control_top.\req_hist_web' using process `\adaptive_aero_control_top.$proc$fpga/handoff/rtl/adaptive_aero_control_top.v:254$27'.
  created $adff cell `$procdff$521' with positive edge clock and positive level reset.
Creating register for signal `\adaptive_aero_control_top.\req_hist_addr' using process `\adaptive_aero_control_top.$proc$fpga/handoff/rtl/adaptive_aero_control_top.v:254$27'.
  created $adff cell `$procdff$526' with positive edge clock and positive level reset.
Creating register for signal `\adaptive_aero_control_top.\req_hist_din' using process `\adaptive_aero_control_top.$proc$fpga/handoff/rtl/adaptive_aero_control_top.v:254$27'.
  created $adff cell `$procdff$531' with positive edge clock and positive level reset.
Creating register for signal `\adaptive_aero_control_top.\state_reg' using process `\adaptive_aero_control_top.$proc$fpga/handoff/rtl/adaptive_aero_control_top.v:254$27'.
  created $adff cell `$procdff$536' with positive edge clock and positive level reset.
Creating register for signal `\adaptive_aero_control_top.\pending_launch_reg' using process `\adaptive_aero_control_top.$proc$fpga/handoff/rtl/adaptive_aero_control_top.v:254$27'.
  created $adff cell `$procdff$541' with positive edge clock and positive level reset.
Creating register for signal `\adaptive_aero_control_top.\pending_clear_fault_reg' using process `\adaptive_aero_control_top.$proc$fpga/handoff/rtl/adaptive_aero_control_top.v:254$27'.
  created $adff cell `$procdff$546' with positive edge clock and positive level reset.
Creating register for signal `\adaptive_aero_control_top.\pending_rearm_reg' using process `\adaptive_aero_control_top.$proc$fpga/handoff/rtl/adaptive_aero_control_top.v:254$27'.
  created $adff cell `$procdff$551' with positive edge clock and positive level reset.
Creating register for signal `\adaptive_aero_control_top.\hold_safe_sel_reg' using process `\adaptive_aero_control_top.$proc$fpga/handoff/rtl/adaptive_aero_control_top.v:254$27'.
  created $adff cell `$procdff$556' with positive edge clock and positive level reset.
Creating register for signal `\adaptive_aero_control_top.\req_hist_write_pending_reg' using process `\adaptive_aero_control_top.$proc$fpga/handoff/rtl/adaptive_aero_control_top.v:254$27'.
  created $adff cell `$procdff$561' with positive edge clock and positive level reset.
Creating register for signal `\adaptive_aero_control_top.\req_hist_read_pending_reg' using process `\adaptive_aero_control_top.$proc$fpga/handoff/rtl/adaptive_aero_control_top.v:254$27'.
  created $adff cell `$procdff$566' with positive edge clock and positive level reset.
Creating register for signal `\adaptive_aero_control_top.\fault_latched_reg' using process `\adaptive_aero_control_top.$proc$fpga/handoff/rtl/adaptive_aero_control_top.v:254$27'.
  created $adff cell `$procdff$571' with positive edge clock and positive level reset.

3.2.10. Executing PROC_MEMWR pass (convert process memory writes to cells).

3.2.11. Executing PROC_CLEAN pass (remove empty switches from decision trees).
Removing empty process `adaptive_aero_control_top_spi_fpga_top.$proc$fpga/handoff/rtl/adaptive_aero_control_top_spi_fpga_top.sv:0$77'.
Found and cleaned up 1 empty switch in `\adaptive_aero_control_top_spi_fpga_top.$proc$fpga/handoff/rtl/adaptive_aero_control_top_spi_fpga_top.sv:59$73'.
Removing empty process `adaptive_aero_control_top_spi_fpga_top.$proc$fpga/handoff/rtl/adaptive_aero_control_top_spi_fpga_top.sv:59$73'.
Found and cleaned up 2 empty switches in `\adaptive_aero_control_top_spi_fpga_top.$proc$fpga/handoff/rtl/adaptive_aero_control_top_spi_fpga_top.sv:50$70'.
Removing empty process `adaptive_aero_control_top_spi_fpga_top.$proc$fpga/handoff/rtl/adaptive_aero_control_top_spi_fpga_top.sv:50$70'.
Removing empty process `adaptive_aero_control_top_spi_fpga_top.$proc$fpga/handoff/rtl/adaptive_aero_control_top_spi_fpga_top.sv:46$69'.
Found and cleaned up 19 empty switches in `\adaptive_aero_control_top.$proc$fpga/handoff/rtl/adaptive_aero_control_top.v:254$27'.
Removing empty process `adaptive_aero_control_top.$proc$fpga/handoff/rtl/adaptive_aero_control_top.v:254$27'.
Found and cleaned up 14 empty switches in `\adaptive_aero_control_top.$proc$fpga/handoff/rtl/adaptive_aero_control_top.v:130$1'.
Removing empty process `adaptive_aero_control_top.$proc$fpga/handoff/rtl/adaptive_aero_control_top.v:130$1'.
Cleaned up 36 empty switches.

3.2.12. Executing OPT_EXPR pass (perform const folding).
Optimizing module adaptive_aero_control_top_spi_fpga_top.
<suppressed ~14 debug messages>
Optimizing module adaptive_aero_control_top.
<suppressed ~89 debug messages>

3.3. Executing FLATTEN pass (flatten design).
Deleting now unused module adaptive_aero_control_top.
<suppressed ~1 debug messages>

3.4. Executing FUTURE pass.

3.5. Executing OPT_EXPR pass (perform const folding).
Optimizing module adaptive_aero_control_top_spi_fpga_top.

3.6. Executing OPT_CLEAN pass (remove unused cells and wires).
Finding unused cells or wires in module \adaptive_aero_control_top_spi_fpga_top..
Removed 99 unused cells and 336 unused wires.
<suppressed ~111 debug messages>

3.7. Executing CHECK pass (checking for obvious problems).
Checking module adaptive_aero_control_top_spi_fpga_top...
Found and reported 0 problems.

3.8. Executing OPT pass (performing simple optimizations).

3.8.1. Executing OPT_EXPR pass (perform const folding).
Optimizing module adaptive_aero_control_top_spi_fpga_top.

3.8.2. Executing OPT_MERGE pass (detect identical cells).
Finding identical cells in module `\adaptive_aero_control_top_spi_fpga_top'.
<suppressed ~60 debug messages>
Removed a total of 20 cells.

3.8.3. Executing OPT_MUXTREE pass (detect dead branches in mux trees).
Running muxtree optimizer on module \adaptive_aero_control_top_spi_fpga_top..
  Creating internal representation of mux trees.
  Evaluating internal representation of mux trees.
      Replacing known input bits on port A of cell $flatten\u_core.$procmux$121: \u_core.req_hist_write_pending_reg -> 1'0
  Analyzing evaluation results.
    dead port 2/2 on $mux $flatten\u_core.$procmux$227.
    dead port 2/2 on $mux $flatten\u_core.$procmux$265.
    dead port 2/2 on $mux $flatten\u_core.$procmux$267.
    dead port 2/2 on $mux $flatten\u_core.$procmux$275.
    dead port 2/2 on $mux $flatten\u_core.$procmux$277.
    dead port 2/2 on $mux $flatten\u_core.$procmux$285.
    dead port 2/2 on $mux $flatten\u_core.$procmux$287.
    dead port 2/2 on $mux $flatten\u_core.$procmux$294.
    dead port 2/2 on $mux $flatten\u_core.$procmux$301.
    dead port 2/2 on $mux $flatten\u_core.$procmux$308.
Removed 10 multiplexer ports.
<suppressed ~33 debug messages>

3.8.4. Executing OPT_REDUCE pass (consolidate $*mux and $reduce_* inputs).
  Optimizing cells in module \adaptive_aero_control_top_spi_fpga_top.
Performed a total of 0 changes.

3.8.5. Executing OPT_MERGE pass (detect identical cells).
Finding identical cells in module `\adaptive_aero_control_top_spi_fpga_top'.
Removed a total of 0 cells.

3.8.6. Executing OPT_CLEAN pass (remove unused cells and wires).
Finding unused cells or wires in module \adaptive_aero_control_top_spi_fpga_top..
Removed 0 unused cells and 30 unused wires.
<suppressed ~1 debug messages>

3.8.7. Executing OPT_EXPR pass (perform const folding).
Optimizing module adaptive_aero_control_top_spi_fpga_top.

3.8.8. Rerunning OPT passes. (Maybe there is more to do..)

3.8.9. Executing OPT_MUXTREE pass (detect dead branches in mux trees).
Running muxtree optimizer on module \adaptive_aero_control_top_spi_fpga_top..
  Creating internal representation of mux trees.
  Evaluating internal representation of mux trees.
  Analyzing evaluation results.
Removed 0 multiplexer ports.
<suppressed ~33 debug messages>

3.8.10. Executing OPT_REDUCE pass (consolidate $*mux and $reduce_* inputs).
  Optimizing cells in module \adaptive_aero_control_top_spi_fpga_top.
Performed a total of 0 changes.

3.8.11. Executing OPT_MERGE pass (detect identical cells).
Finding identical cells in module `\adaptive_aero_control_top_spi_fpga_top'.
Removed a total of 0 cells.

3.8.12. Executing OPT_CLEAN pass (remove unused cells and wires).
Finding unused cells or wires in module \adaptive_aero_control_top_spi_fpga_top..

3.8.13. Executing OPT_EXPR pass (perform const folding).
Optimizing module adaptive_aero_control_top_spi_fpga_top.

3.8.14. Finished OPT passes. (There is nothing left to do.)

3.9. Executing WREDUCE pass (reducing word size of cells).
Removed top 1 bits (of 4) from port B of cell adaptive_aero_control_top_spi_fpga_top.$flatten\u_core.$procmux$342_CMP0 ($eq).
Removed top 15 bits (of 16) from port B of cell adaptive_aero_control_top_spi_fpga_top.$flatten\u_core.$add$fpga/handoff/rtl/adaptive_aero_control_top.v:323$49 ($add).
Removed top 1 bits (of 4) from port B of cell adaptive_aero_control_top_spi_fpga_top.$flatten\u_core.$eq$fpga/handoff/rtl/adaptive_aero_control_top.v:309$41 ($eq).
Removed top 1 bits (of 4) from port B of cell adaptive_aero_control_top_spi_fpga_top.$flatten\u_core.$eq$fpga/handoff/rtl/adaptive_aero_control_top.v:308$39 ($eq).
Removed top 1 bits (of 4) from port B of cell adaptive_aero_control_top_spi_fpga_top.$flatten\u_core.$eq$fpga/handoff/rtl/adaptive_aero_control_top.v:307$37 ($eq).
Removed top 2 bits (of 4) from port B of cell adaptive_aero_control_top_spi_fpga_top.$flatten\u_core.$eq$fpga/handoff/rtl/adaptive_aero_control_top.v:306$35 ($eq).
Removed top 2 bits (of 4) from port B of cell adaptive_aero_control_top_spi_fpga_top.$flatten\u_core.$eq$fpga/handoff/rtl/adaptive_aero_control_top.v:305$33 ($eq).
Removed top 3 bits (of 4) from port B of cell adaptive_aero_control_top_spi_fpga_top.$flatten\u_core.$eq$fpga/handoff/rtl/adaptive_aero_control_top.v:304$31 ($eq).

3.10. Executing OPT_CLEAN pass (remove unused cells and wires).
Finding unused cells or wires in module \adaptive_aero_control_top_spi_fpga_top..

3.11. Executing MEMORY_COLLECT pass (generating $mem cells).

3.12. Executing OPT pass (performing simple optimizations).

3.12.1. Executing OPT_EXPR pass (perform const folding).
Optimizing module adaptive_aero_control_top_spi_fpga_top.

3.12.2. Executing OPT_MERGE pass (detect identical cells).
Finding identical cells in module `\adaptive_aero_control_top_spi_fpga_top'.
Removed a total of 0 cells.

3.12.3. Executing OPT_CLEAN pass (remove unused cells and wires).
Finding unused cells or wires in module \adaptive_aero_control_top_spi_fpga_top..

3.12.4. Finished fast OPT passes.

3.13. Printing statistics.

=== adaptive_aero_control_top_spi_fpga_top ===

   Number of wires:                194
   Number of wire bits:           3365
   Number of public wires:         101
   Number of public wire bits:    2204
   Number of ports:                  7
   Number of port bits:              7
   Number of memories:               0
   Number of memory bits:            0
   Number of processes:              0
   Number of cells:                143
     $add                            1
     $adff                          38
     $and                            7
     $dff                            2
     $eq                             8
     $ge                             1
     $logic_and                     18
     $logic_not                      6
     $mux                           50
     $ne                             1
     $not                            1
     $or                             7
     $pmux                           1
     $reduce_bool                    1
     $scopeinfo                      1

3.14. Executing CHECK pass (checking for obvious problems).
Checking module adaptive_aero_control_top_spi_fpga_top...
Found and reported 0 problems.

4. Executing ASYNC2SYNC pass.
Replacing adaptive_aero_control_top_spi_fpga_top.$flatten\u_core.$procdff$381 ($adff): ARST=\reset_n, D=\u_core.req_valid_r, Q=\u_core.req_valid_r
Replacing adaptive_aero_control_top_spi_fpga_top.$flatten\u_core.$procdff$386 ($adff): ARST=\reset_n, D=\u_core.req_data_r, Q=\u_core.req_data_r
Replacing adaptive_aero_control_top_spi_fpga_top.$flatten\u_core.$procdff$391 ($adff): ARST=\reset_n, D=\u_core.rsp_ready_r, Q=\u_core.rsp_ready_r
Replacing adaptive_aero_control_top_spi_fpga_top.$flatten\u_core.$procdff$396 ($adff): ARST=\reset_n, D=$flatten\u_core.$0\act_cmd_valid_r[0:0], Q=\u_core.act_cmd_valid_r
Replacing adaptive_aero_control_top_spi_fpga_top.$flatten\u_core.$procdff$401 ($adff): ARST=\reset_n, D=$flatten\u_core.$0\act_cmd_fault_r[0:0], Q=\u_core.act_cmd_fault_r
Replacing adaptive_aero_control_top_spi_fpga_top.$flatten\u_core.$procdff$406 ($adff): ARST=\reset_n, D=$flatten\u_core.$0\act_cmd_data_r[31:0], Q=\u_core.act_cmd_data_r
Replacing adaptive_aero_control_top_spi_fpga_top.$flatten\u_core.$procdff$411 ($adff): ARST=\reset_n, D=$flatten\u_core.$0\irq_r[0:0], Q=\u_core.irq_r
Replacing adaptive_aero_control_top_spi_fpga_top.$flatten\u_core.$procdff$416 ($adff): ARST=\reset_n, D={ \u_core.ctrl_reg [7:5] $flatten\u_core.$0\ctrl_reg[7:0] [4] \u_core.ctrl_reg [3:1] $flatten\u_core.$0\ctrl_reg[7:0] [0] }, Q=\u_core.ctrl_reg
Replacing adaptive_aero_control_top_spi_fpga_top.$flatten\u_core.$procdff$421 ($adff): ARST=\reset_n, D=$flatten\u_core.$0\mode_seq_reg[63:0], Q=\u_core.mode_seq_reg
Replacing adaptive_aero_control_top_spi_fpga_top.$flatten\u_core.$procdff$426 ($adff): ARST=\reset_n, D=$flatten\u_core.$0\limits_reg[63:0], Q=\u_core.limits_reg
Replacing adaptive_aero_control_top_spi_fpga_top.$flatten\u_core.$procdff$431 ($adff): ARST=\reset_n, D=$flatten\u_core.$0\bounds_reg[63:0], Q=\u_core.bounds_reg
Replacing adaptive_aero_control_top_spi_fpga_top.$flatten\u_core.$procdff$436 ($adff): ARST=\reset_n, D=$flatten\u_core.$0\irq_en_reg[63:0], Q=\u_core.irq_en_reg
Replacing adaptive_aero_control_top_spi_fpga_top.$flatten\u_core.$procdff$441 ($adff): ARST=\reset_n, D=$flatten\u_core.$0\req_meta_reg[63:0], Q=\u_core.req_meta_reg
Replacing adaptive_aero_control_top_spi_fpga_top.$flatten\u_core.$procdff$446 ($adff): ARST=\reset_n, D=\u_core.accepted_count_reg, Q=\u_core.accepted_count_reg
Replacing adaptive_aero_control_top_spi_fpga_top.$flatten\u_core.$procdff$451 ($adff): ARST=\reset_n, D=\u_core.rejected_count_reg, Q=\u_core.rejected_count_reg
Replacing adaptive_aero_control_top_spi_fpga_top.$flatten\u_core.$procdff$456 ($adff): ARST=\reset_n, D=$flatten\u_core.$0\outstanding_seq_reg[15:0], Q=\u_core.outstanding_seq_reg
Replacing adaptive_aero_control_top_spi_fpga_top.$flatten\u_core.$procdff$461 ($adff): ARST=\reset_n, D=$flatten\u_core.$0\outstanding_age_reg[15:0], Q=\u_core.outstanding_age_reg
Replacing adaptive_aero_control_top_spi_fpga_top.$flatten\u_core.$procdff$466 ($adff): ARST=\reset_n, D=$flatten\u_core.$0\outstanding_valid_reg[0:0], Q=\u_core.outstanding_valid_reg
Replacing adaptive_aero_control_top_spi_fpga_top.$flatten\u_core.$procdff$471 ($adff): ARST=\reset_n, D=$flatten\u_core.$0\status_req_accepted_reg[0:0], Q=\u_core.status_req_accepted_reg
Replacing adaptive_aero_control_top_spi_fpga_top.$flatten\u_core.$procdff$476 ($adff): ARST=\reset_n, D=$flatten\u_core.$0\status_rsp_received_reg[0:0], Q=\u_core.status_rsp_received_reg
Replacing adaptive_aero_control_top_spi_fpga_top.$flatten\u_core.$procdff$481 ($adff): ARST=\reset_n, D=\u_core.status_rsp_validated_reg, Q=\u_core.status_rsp_validated_reg
Replacing adaptive_aero_control_top_spi_fpga_top.$flatten\u_core.$procdff$486 ($adff): ARST=\reset_n, D=\u_core.status_clamp_applied_reg, Q=\u_core.status_clamp_applied_reg
Replacing adaptive_aero_control_top_spi_fpga_top.$flatten\u_core.$procdff$491 ($adff): ARST=\reset_n, D=$flatten\u_core.$0\status_stale_reject_reg[0:0], Q=\u_core.status_stale_reject_reg
Replacing adaptive_aero_control_top_spi_fpga_top.$flatten\u_core.$procdff$496 ($adff): ARST=\reset_n, D=$flatten\u_core.$0\status_timeout_reg[0:0], Q=\u_core.status_timeout_reg
Replacing adaptive_aero_control_top_spi_fpga_top.$flatten\u_core.$procdff$501 ($adff): ARST=\reset_n, D=$flatten\u_core.$0\status_fallback_active_reg[0:0], Q=\u_core.status_fallback_active_reg
Replacing adaptive_aero_control_top_spi_fpga_top.$flatten\u_core.$procdff$506 ($adff): ARST=\reset_n, D=$flatten\u_core.$0\status_fault_active_reg[0:0], Q=\u_core.status_fault_active_reg
Replacing adaptive_aero_control_top_spi_fpga_top.$flatten\u_core.$procdff$511 ($adff): ARST=\reset_n, D=\u_core.busy_reg, Q=\u_core.busy_reg
Replacing adaptive_aero_control_top_spi_fpga_top.$flatten\u_core.$procdff$526 ($adff): ARST=\reset_n, D=$flatten\u_core.$0\req_hist_addr[3:0], Q=\u_core.req_hist_addr
Replacing adaptive_aero_control_top_spi_fpga_top.$flatten\u_core.$procdff$536 ($adff): ARST=\reset_n, D=\u_core.state_next, Q=\u_core.state_reg
Replacing adaptive_aero_control_top_spi_fpga_top.$flatten\u_core.$procdff$556 ($adff): ARST=\reset_n, D=\u_core.ctrl_reg [4], Q=\u_core.hold_safe_sel_reg
Replacing adaptive_aero_control_top_spi_fpga_top.$flatten\u_core.$procdff$561 ($adff): ARST=\reset_n, D=$flatten\u_core.$0\req_hist_write_pending_reg[0:0], Q=\u_core.req_hist_write_pending_reg
Replacing adaptive_aero_control_top_spi_fpga_top.$flatten\u_core.$procdff$566 ($adff): ARST=\reset_n, D=$flatten\u_core.$0\req_hist_read_pending_reg[0:0], Q=\u_core.req_hist_read_pending_reg
Replacing adaptive_aero_control_top_spi_fpga_top.$procdff$351 ($adff): ARST=\reset_n, D=$0\rx_active[135:0], Q=\rx_active
Replacing adaptive_aero_control_top_spi_fpga_top.$procdff$356 ($adff): ARST=\reset_n, D={ \core_mmio_rdata 2'10 \u_core.req_valid_r \u_core.req_data_r \u_core.rsp_ready_r \u_core.act_cmd_valid_r \u_core.act_cmd_fault_r \u_core.act_cmd_data_r \u_core.irq_r }, Q=\tx_snapshot
Replacing adaptive_aero_control_top_spi_fpga_top.$procdff$361 ($adff): ARST=\reset_n, D=\spi_cs_n, Q=\spi_cs_meta
Replacing adaptive_aero_control_top_spi_fpga_top.$procdff$366 ($adff): ARST=\reset_n, D=\spi_cs_meta, Q=\spi_cs_sync
Replacing adaptive_aero_control_top_spi_fpga_top.$procdff$371 ($adff): ARST=\reset_n, D=\spi_cs_sync, Q=\spi_cs_prev
Replacing adaptive_aero_control_top_spi_fpga_top.$procdff$376 ($adff): ARST=\spi_cs_n, D=1'1, Q=\spi_active

5. Executing MEMORY pass.

5.1. Executing OPT_MEM pass (optimize memories).
Performed a total of 0 transformations.

5.2. Executing OPT_MEM_PRIORITY pass (removing unnecessary memory write priority relations).
Performed a total of 0 transformations.

5.3. Executing OPT_MEM_FEEDBACK pass (finding memory read-to-write feedback paths).

5.4. Executing MEMORY_BMUX2ROM pass (converting muxes to ROMs).

5.5. Executing MEMORY_DFF pass (merging $dff cells to $memrd).

5.6. Executing OPT_CLEAN pass (remove unused cells and wires).
Finding unused cells or wires in module \adaptive_aero_control_top_spi_fpga_top..

5.7. Executing MEMORY_SHARE pass (consolidating $memrd/$memwr cells).

5.8. Executing OPT_MEM_WIDEN pass (optimize memories where all ports are wide).
Performed a total of 0 transformations.

5.9. Executing OPT_CLEAN pass (remove unused cells and wires).
Finding unused cells or wires in module \adaptive_aero_control_top_spi_fpga_top..

5.10. Executing MEMORY_COLLECT pass (generating $mem cells).

5.11. Executing MEMORY_MAP pass (converting memories to logic and flip-flops).

6. Executing OPT_CLEAN pass (remove unused cells and wires).
Finding unused cells or wires in module \adaptive_aero_control_top_spi_fpga_top..
Renaming module \adaptive_aero_control_top_spi_fpga_top to \gold.

7. Executing Verilog-2005 frontend: repro_generic.v
Parsing SystemVerilog input from `repro_generic.v' to AST representation.
Warning: Encountered `parallel_case' comment! Such legacy hot comments are supported by Yosys, but are not part of any formal language specification. Using the Verilog `parallel_case' attribute or the SystemVerilog `unique' or `priority' keywords is recommended!
Generating RTLIL representation for module `\adaptive_aero_control_top'.
Generating RTLIL representation for module `\adaptive_aero_control_top_spi_fpga_top'.
Successfully finished Verilog frontend.

8. Executing PREP pass.

8.1. Executing HIERARCHY pass (managing design hierarchy).

8.1.1. Analyzing design hierarchy..
Top module:  \adaptive_aero_control_top_spi_fpga_top
Used module:     \adaptive_aero_control_top

8.1.2. Analyzing design hierarchy..
Top module:  \adaptive_aero_control_top_spi_fpga_top
Used module:     \adaptive_aero_control_top
Removed 0 unused modules.

8.2. Executing PROC pass (convert processes to netlists).

8.2.1. Executing PROC_CLEAN pass (remove empty switches from decision trees).
Cleaned up 0 empty switches.

8.2.2. Executing PROC_RMDEAD pass (remove dead branches from decision trees).
Marked 1 switch rules as full_case in process $proc$repro_generic.v:390$810 in module adaptive_aero_control_top_spi_fpga_top.
Marked 1 switch rules as full_case in process $proc$repro_generic.v:387$808 in module adaptive_aero_control_top_spi_fpga_top.
Marked 1 switch rules as full_case in process $proc$repro_generic.v:384$806 in module adaptive_aero_control_top_spi_fpga_top.
Marked 1 switch rules as full_case in process $proc$repro_generic.v:381$804 in module adaptive_aero_control_top_spi_fpga_top.
Marked 1 switch rules as full_case in process $proc$repro_generic.v:378$802 in module adaptive_aero_control_top_spi_fpga_top.
Marked 1 switch rules as full_case in process $proc$repro_generic.v:369$794 in module adaptive_aero_control_top_spi_fpga_top.
Marked 1 switch rules as full_case in process $proc$repro_generic.v:0$788 in module adaptive_aero_control_top.
Marked 1 switch rules as full_case in process $proc$repro_generic.v:226$755 in module adaptive_aero_control_top.
Marked 1 switch rules as full_case in process $proc$repro_generic.v:223$753 in module adaptive_aero_control_top.
Marked 1 switch rules as full_case in process $proc$repro_generic.v:220$751 in module adaptive_aero_control_top.
Marked 1 switch rules as full_case in process $proc$repro_generic.v:217$749 in module adaptive_aero_control_top.
Marked 1 switch rules as full_case in process $proc$repro_generic.v:214$747 in module adaptive_aero_control_top.
Marked 1 switch rules as full_case in process $proc$repro_generic.v:211$745 in module adaptive_aero_control_top.
Marked 1 switch rules as full_case in process $proc$repro_generic.v:184$719 in module adaptive_aero_control_top.
Marked 1 switch rules as full_case in process $proc$repro_generic.v:181$717 in module adaptive_aero_control_top.
Marked 1 switch rules as full_case in process $proc$repro_generic.v:178$715 in module adaptive_aero_control_top.
Marked 1 switch rules as full_case in process $proc$repro_generic.v:175$713 in module adaptive_aero_control_top.
Marked 1 switch rules as full_case in process $proc$repro_generic.v:172$711 in module adaptive_aero_control_top.
Marked 1 switch rules as full_case in process $proc$repro_generic.v:169$709 in module adaptive_aero_control_top.
Marked 1 switch rules as full_case in process $proc$repro_generic.v:166$707 in module adaptive_aero_control_top.
Marked 1 switch rules as full_case in process $proc$repro_generic.v:163$705 in module adaptive_aero_control_top.
Marked 1 switch rules as full_case in process $proc$repro_generic.v:159$703 in module adaptive_aero_control_top.
Marked 1 switch rules as full_case in process $proc$repro_generic.v:154$701 in module adaptive_aero_control_top.
Marked 1 switch rules as full_case in process $proc$repro_generic.v:150$699 in module adaptive_aero_control_top.
Marked 1 switch rules as full_case in process $proc$repro_generic.v:147$697 in module adaptive_aero_control_top.
Removed a total of 0 dead cases.

8.2.3. Executing PROC_PRUNE pass (remove redundant assignments in processes).
Removed 11 redundant assignments.
Promoted 4 assignments to connections.

8.2.4. Executing PROC_INIT pass (extract init attributes).

8.2.5. Executing PROC_ARST pass (detect async resets in processes).
Found async reset \spi_cs_n in `\adaptive_aero_control_top_spi_fpga_top.$proc$repro_generic.v:390$810'.
Found async reset \reset_n in `\adaptive_aero_control_top_spi_fpga_top.$proc$repro_generic.v:387$808'.
Found async reset \reset_n in `\adaptive_aero_control_top_spi_fpga_top.$proc$repro_generic.v:384$806'.
Found async reset \reset_n in `\adaptive_aero_control_top_spi_fpga_top.$proc$repro_generic.v:381$804'.
Found async reset \reset_n in `\adaptive_aero_control_top_spi_fpga_top.$proc$repro_generic.v:378$802'.
Found async reset \reset_n in `\adaptive_aero_control_top_spi_fpga_top.$proc$repro_generic.v:369$794'.
Found async reset \reset_n in `\adaptive_aero_control_top.$proc$repro_generic.v:226$755'.
Found async reset \reset_n in `\adaptive_aero_control_top.$proc$repro_generic.v:223$753'.
Found async reset \reset_n in `\adaptive_aero_control_top.$proc$repro_generic.v:220$751'.
Found async reset \reset_n in `\adaptive_aero_control_top.$proc$repro_generic.v:217$749'.
Found async reset \reset_n in `\adaptive_aero_control_top.$proc$repro_generic.v:214$747'.
Found async reset \reset_n in `\adaptive_aero_control_top.$proc$repro_generic.v:211$745'.
Found async reset \reset_n in `\adaptive_aero_control_top.$proc$repro_generic.v:184$719'.
Found async reset \reset_n in `\adaptive_aero_control_top.$proc$repro_generic.v:181$717'.
Found async reset \reset_n in `\adaptive_aero_control_top.$proc$repro_generic.v:178$715'.
Found async reset \reset_n in `\adaptive_aero_control_top.$proc$repro_generic.v:175$713'.
Found async reset \reset_n in `\adaptive_aero_control_top.$proc$repro_generic.v:172$711'.
Found async reset \reset_n in `\adaptive_aero_control_top.$proc$repro_generic.v:169$709'.
Found async reset \reset_n in `\adaptive_aero_control_top.$proc$repro_generic.v:166$707'.
Found async reset \reset_n in `\adaptive_aero_control_top.$proc$repro_generic.v:163$705'.
Found async reset \reset_n in `\adaptive_aero_control_top.$proc$repro_generic.v:159$703'.
Found async reset \reset_n in `\adaptive_aero_control_top.$proc$repro_generic.v:154$701'.
Found async reset \reset_n in `\adaptive_aero_control_top.$proc$repro_generic.v:150$699'.
Found async reset \reset_n in `\adaptive_aero_control_top.$proc$repro_generic.v:147$697'.

8.2.6. Executing PROC_ROM pass (convert switches to ROMs).
Converted 0 switches.
<suppressed ~16 debug messages>

8.2.7. Executing PROC_MUX pass (convert decision trees to multiplexers).
Creating decoders for process `\adaptive_aero_control_top_spi_fpga_top.$proc$repro_generic.v:390$810'.
     1/1: $0\spi_active[0:0]
Creating decoders for process `\adaptive_aero_control_top_spi_fpga_top.$proc$repro_generic.v:387$808'.
     1/1: $0\spi_cs_prev[0:0]
Creating decoders for process `\adaptive_aero_control_top_spi_fpga_top.$proc$repro_generic.v:384$806'.
     1/1: $0\spi_cs_sync[0:0]
Creating decoders for process `\adaptive_aero_control_top_spi_fpga_top.$proc$repro_generic.v:381$804'.
     1/1: $0\spi_cs_meta[0:0]
Creating decoders for process `\adaptive_aero_control_top_spi_fpga_top.$proc$repro_generic.v:378$802'.
     1/1: $0\tx_snapshot[166:0]
Creating decoders for process `\adaptive_aero_control_top_spi_fpga_top.$proc$repro_generic.v:374$798'.
     1/1: $0\tx_shift[166:0]
Creating decoders for process `\adaptive_aero_control_top_spi_fpga_top.$proc$repro_generic.v:372$796'.
     1/1: $0\rx_shift[135:0]
Creating decoders for process `\adaptive_aero_control_top_spi_fpga_top.$proc$repro_generic.v:369$794'.
     1/1: $0\rx_active[135:0]
Creating decoders for process `\adaptive_aero_control_top.$proc$repro_generic.v:0$788'.
     1/1: $1\_121_$func$repro_generic.v:277$693.$result[63:0]$793
Creating decoders for process `\adaptive_aero_control_top.$proc$repro_generic.v:226$755'.
     1/1: $0\req_hist_read_pending_reg[0:0]
Creating decoders for process `\adaptive_aero_control_top.$proc$repro_generic.v:223$753'.
     1/1: $0\req_hist_write_pending_reg[0:0]
Creating decoders for process `\adaptive_aero_control_top.$proc$repro_generic.v:220$751'.
     1/1: $0\status_rsp_received_reg[0:0]
Creating decoders for process `\adaptive_aero_control_top.$proc$repro_generic.v:217$749'.
     1/1: $0\status_req_accepted_reg[0:0]
Creating decoders for process `\adaptive_aero_control_top.$proc$repro_generic.v:214$747'.
     1/1: $0\outstanding_age_reg[15:0]
Creating decoders for process `\adaptive_aero_control_top.$proc$repro_generic.v:211$745'.
     1/1: $0\irq_r[0:0]
Creating decoders for process `\adaptive_aero_control_top.$proc$repro_generic.v:184$719'.
     1/1: $0\irq_en_reg[63:0]
Creating decoders for process `\adaptive_aero_control_top.$proc$repro_generic.v:181$717'.
     1/1: $0\req_hist_addr[3:0]
Creating decoders for process `\adaptive_aero_control_top.$proc$repro_generic.v:178$715'.
     1/1: $0\bounds_reg[63:0]
Creating decoders for process `\adaptive_aero_control_top.$proc$repro_generic.v:175$713'.
     1/1: $0\act_cmd_valid_r[0:0]
Creating decoders for process `\adaptive_aero_control_top.$proc$repro_generic.v:172$711'.
     1/1: $0\req_meta_reg[63:0]
Creating decoders for process `\adaptive_aero_control_top.$proc$repro_generic.v:169$709'.
     1/1: $0\limits_reg[63:0]
Creating decoders for process `\adaptive_aero_control_top.$proc$repro_generic.v:166$707'.
     1/1: $0\mode_seq_reg[63:0]
Creating decoders for process `\adaptive_aero_control_top.$proc$repro_generic.v:163$705'.
     1/1: $0\outstanding_valid_reg[0:0]
Creating decoders for process `\adaptive_aero_control_top.$proc$repro_generic.v:159$703'.
     1/1: $0\ctrl_reg_reg[0][0:0]
Creating decoders for process `\adaptive_aero_control_top.$proc$repro_generic.v:154$701'.
     1/1: $0\ctrl_reg_reg[4][0:0]
Creating decoders for process `\adaptive_aero_control_top.$proc$repro_generic.v:150$699'.
     1/1: $0\state_reg[1:0]
Creating decoders for process `\adaptive_aero_control_top.$proc$repro_generic.v:147$697'.
     1/1: $0\outstanding_seq_reg[15:0]

8.2.8. Executing PROC_DLATCH pass (convert process syncs to latches).
No latch inferred for signal `\adaptive_aero_control_top.\_121_$func$repro_generic.v:277$693.s' from process `\adaptive_aero_control_top.$proc$repro_generic.v:0$788'.
No latch inferred for signal `\adaptive_aero_control_top.\_121_$func$repro_generic.v:277$693.b' from process `\adaptive_aero_control_top.$proc$repro_generic.v:0$788'.
No latch inferred for signal `\adaptive_aero_control_top.\_121_$func$repro_generic.v:277$693.$result' from process `\adaptive_aero_control_top.$proc$repro_generic.v:0$788'.
No latch inferred for signal `\adaptive_aero_control_top.\_121_$func$repro_generic.v:277$692.$result' from process `\adaptive_aero_control_top.$proc$repro_generic.v:0$788'.

8.2.9. Executing PROC_DFF pass (convert process syncs to FFs).
Creating register for signal `\adaptive_aero_control_top_spi_fpga_top.\spi_active' using process `\adaptive_aero_control_top_spi_fpga_top.$proc$repro_generic.v:390$810'.
  created $adff cell `$procdff$855' with positive edge clock and positive level reset.
Creating register for signal `\adaptive_aero_control_top_spi_fpga_top.\spi_cs_prev' using process `\adaptive_aero_control_top_spi_fpga_top.$proc$repro_generic.v:387$808'.
  created $adff cell `$procdff$860' with positive edge clock and positive level reset.
Creating register for signal `\adaptive_aero_control_top_spi_fpga_top.\spi_cs_sync' using process `\adaptive_aero_control_top_spi_fpga_top.$proc$repro_generic.v:384$806'.
  created $adff cell `$procdff$865' with positive edge clock and positive level reset.
Creating register for signal `\adaptive_aero_control_top_spi_fpga_top.\spi_cs_meta' using process `\adaptive_aero_control_top_spi_fpga_top.$proc$repro_generic.v:381$804'.
  created $adff cell `$procdff$870' with positive edge clock and positive level reset.
Creating register for signal `\adaptive_aero_control_top_spi_fpga_top.\tx_snapshot' using process `\adaptive_aero_control_top_spi_fpga_top.$proc$repro_generic.v:378$802'.
  created $adff cell `$procdff$875' with positive edge clock and positive level reset.
Creating register for signal `\adaptive_aero_control_top_spi_fpga_top.\tx_shift' using process `\adaptive_aero_control_top_spi_fpga_top.$proc$repro_generic.v:374$798'.
  created $dff cell `$procdff$876' with positive edge clock.
Creating register for signal `\adaptive_aero_control_top_spi_fpga_top.\rx_shift' using process `\adaptive_aero_control_top_spi_fpga_top.$proc$repro_generic.v:372$796'.
  created $dff cell `$procdff$877' with positive edge clock.
Creating register for signal `\adaptive_aero_control_top_spi_fpga_top.\rx_active' using process `\adaptive_aero_control_top_spi_fpga_top.$proc$repro_generic.v:369$794'.
  created $adff cell `$procdff$882' with positive edge clock and positive level reset.
Creating register for signal `\adaptive_aero_control_top.\req_hist_read_pending_reg' using process `\adaptive_aero_control_top.$proc$repro_generic.v:226$755'.
  created $adff cell `$procdff$887' with positive edge clock and positive level reset.
Creating register for signal `\adaptive_aero_control_top.\req_hist_write_pending_reg' using process `\adaptive_aero_control_top.$proc$repro_generic.v:223$753'.
  created $adff cell `$procdff$892' with positive edge clock and positive level reset.
Creating register for signal `\adaptive_aero_control_top.\status_rsp_received_reg' using process `\adaptive_aero_control_top.$proc$repro_generic.v:220$751'.
  created $adff cell `$procdff$897' with positive edge clock and positive level reset.
Creating register for signal `\adaptive_aero_control_top.\status_req_accepted_reg' using process `\adaptive_aero_control_top.$proc$repro_generic.v:217$749'.
  created $adff cell `$procdff$902' with positive edge clock and positive level reset.
Creating register for signal `\adaptive_aero_control_top.\outstanding_age_reg' using process `\adaptive_aero_control_top.$proc$repro_generic.v:214$747'.
  created $adff cell `$procdff$907' with positive edge clock and positive level reset.
Creating register for signal `\adaptive_aero_control_top.\irq_r' using process `\adaptive_aero_control_top.$proc$repro_generic.v:211$745'.
  created $adff cell `$procdff$912' with positive edge clock and positive level reset.
Creating register for signal `\adaptive_aero_control_top.\irq_en_reg' using process `\adaptive_aero_control_top.$proc$repro_generic.v:184$719'.
  created $adff cell `$procdff$917' with positive edge clock and positive level reset.
Creating register for signal `\adaptive_aero_control_top.\req_hist_addr' using process `\adaptive_aero_control_top.$proc$repro_generic.v:181$717'.
  created $adff cell `$procdff$922' with positive edge clock and positive level reset.
Creating register for signal `\adaptive_aero_control_top.\bounds_reg' using process `\adaptive_aero_control_top.$proc$repro_generic.v:178$715'.
  created $adff cell `$procdff$927' with positive edge clock and positive level reset.
Creating register for signal `\adaptive_aero_control_top.\act_cmd_valid_r' using process `\adaptive_aero_control_top.$proc$repro_generic.v:175$713'.
  created $adff cell `$procdff$932' with positive edge clock and positive level reset.
Creating register for signal `\adaptive_aero_control_top.\req_meta_reg' using process `\adaptive_aero_control_top.$proc$repro_generic.v:172$711'.
  created $adff cell `$procdff$937' with positive edge clock and positive level reset.
Creating register for signal `\adaptive_aero_control_top.\limits_reg' using process `\adaptive_aero_control_top.$proc$repro_generic.v:169$709'.
  created $adff cell `$procdff$942' with positive edge clock and positive level reset.
Creating register for signal `\adaptive_aero_control_top.\mode_seq_reg' using process `\adaptive_aero_control_top.$proc$repro_generic.v:166$707'.
  created $adff cell `$procdff$947' with positive edge clock and positive level reset.
Creating register for signal `\adaptive_aero_control_top.\outstanding_valid_reg' using process `\adaptive_aero_control_top.$proc$repro_generic.v:163$705'.
  created $adff cell `$procdff$952' with positive edge clock and positive level reset.
Creating register for signal `\adaptive_aero_control_top.\ctrl_reg_reg[0]' using process `\adaptive_aero_control_top.$proc$repro_generic.v:159$703'.
  created $adff cell `$procdff$957' with positive edge clock and positive level reset.
Creating register for signal `\adaptive_aero_control_top.\ctrl_reg_reg[4]' using process `\adaptive_aero_control_top.$proc$repro_generic.v:154$701'.
  created $adff cell `$procdff$962' with positive edge clock and positive level reset.
Creating register for signal `\adaptive_aero_control_top.\state_reg' using process `\adaptive_aero_control_top.$proc$repro_generic.v:150$699'.
  created $adff cell `$procdff$967' with positive edge clock and positive level reset.
Creating register for signal `\adaptive_aero_control_top.\outstanding_seq_reg' using process `\adaptive_aero_control_top.$proc$repro_generic.v:147$697'.
  created $adff cell `$procdff$972' with positive edge clock and positive level reset.

8.2.10. Executing PROC_MEMWR pass (convert process memory writes to cells).

8.2.11. Executing PROC_CLEAN pass (remove empty switches from decision trees).
Removing empty process `adaptive_aero_control_top_spi_fpga_top.$proc$repro_generic.v:390$810'.
Removing empty process `adaptive_aero_control_top_spi_fpga_top.$proc$repro_generic.v:387$808'.
Removing empty process `adaptive_aero_control_top_spi_fpga_top.$proc$repro_generic.v:384$806'.
Removing empty process `adaptive_aero_control_top_spi_fpga_top.$proc$repro_generic.v:381$804'.
Removing empty process `adaptive_aero_control_top_spi_fpga_top.$proc$repro_generic.v:378$802'.
Found and cleaned up 1 empty switch in `\adaptive_aero_control_top_spi_fpga_top.$proc$repro_generic.v:374$798'.
Removing empty process `adaptive_aero_control_top_spi_fpga_top.$proc$repro_generic.v:374$798'.
Found and cleaned up 1 empty switch in `\adaptive_aero_control_top_spi_fpga_top.$proc$repro_generic.v:372$796'.
Removing empty process `adaptive_aero_control_top_spi_fpga_top.$proc$repro_generic.v:372$796'.
Found and cleaned up 1 empty switch in `\adaptive_aero_control_top_spi_fpga_top.$proc$repro_generic.v:369$794'.
Removing empty process `adaptive_aero_control_top_spi_fpga_top.$proc$repro_generic.v:369$794'.
Found and cleaned up 1 empty switch in `\adaptive_aero_control_top.$proc$repro_generic.v:0$788'.
Removing empty process `adaptive_aero_control_top.$proc$repro_generic.v:0$788'.
Removing empty process `adaptive_aero_control_top.$proc$repro_generic.v:226$755'.
Removing empty process `adaptive_aero_control_top.$proc$repro_generic.v:223$753'.
Removing empty process `adaptive_aero_control_top.$proc$repro_generic.v:220$751'.
Removing empty process `adaptive_aero_control_top.$proc$repro_generic.v:217$749'.
Removing empty process `adaptive_aero_control_top.$proc$repro_generic.v:214$747'.
Removing empty process `adaptive_aero_control_top.$proc$repro_generic.v:211$745'.
Found and cleaned up 1 empty switch in `\adaptive_aero_control_top.$proc$repro_generic.v:184$719'.
Removing empty process `adaptive_aero_control_top.$proc$repro_generic.v:184$719'.
Found and cleaned up 1 empty switch in `\adaptive_aero_control_top.$proc$repro_generic.v:181$717'.
Removing empty process `adaptive_aero_control_top.$proc$repro_generic.v:181$717'.
Found and cleaned up 1 empty switch in `\adaptive_aero_control_top.$proc$repro_generic.v:178$715'.
Removing empty process `adaptive_aero_control_top.$proc$repro_generic.v:178$715'.
Found and cleaned up 1 empty switch in `\adaptive_aero_control_top.$proc$repro_generic.v:175$713'.
Removing empty process `adaptive_aero_control_top.$proc$repro_generic.v:175$713'.
Found and cleaned up 1 empty switch in `\adaptive_aero_control_top.$proc$repro_generic.v:172$711'.
Removing empty process `adaptive_aero_control_top.$proc$repro_generic.v:172$711'.
Found and cleaned up 1 empty switch in `\adaptive_aero_control_top.$proc$repro_generic.v:169$709'.
Removing empty process `adaptive_aero_control_top.$proc$repro_generic.v:169$709'.
Found and cleaned up 1 empty switch in `\adaptive_aero_control_top.$proc$repro_generic.v:166$707'.
Removing empty process `adaptive_aero_control_top.$proc$repro_generic.v:166$707'.
Found and cleaned up 1 empty switch in `\adaptive_aero_control_top.$proc$repro_generic.v:163$705'.
Removing empty process `adaptive_aero_control_top.$proc$repro_generic.v:163$705'.
Found and cleaned up 1 empty switch in `\adaptive_aero_control_top.$proc$repro_generic.v:159$703'.
Removing empty process `adaptive_aero_control_top.$proc$repro_generic.v:159$703'.
Found and cleaned up 1 empty switch in `\adaptive_aero_control_top.$proc$repro_generic.v:154$701'.
Removing empty process `adaptive_aero_control_top.$proc$repro_generic.v:154$701'.
Found and cleaned up 1 empty switch in `\adaptive_aero_control_top.$proc$repro_generic.v:150$699'.
Removing empty process `adaptive_aero_control_top.$proc$repro_generic.v:150$699'.
Found and cleaned up 1 empty switch in `\adaptive_aero_control_top.$proc$repro_generic.v:147$697'.
Removing empty process `adaptive_aero_control_top.$proc$repro_generic.v:147$697'.
Cleaned up 16 empty switches.

8.2.12. Executing OPT_EXPR pass (perform const folding).
Optimizing module adaptive_aero_control_top_spi_fpga_top.
<suppressed ~13 debug messages>
Optimizing module adaptive_aero_control_top.
<suppressed ~36 debug messages>

8.3. Executing FLATTEN pass (flatten design).
Deleting now unused module adaptive_aero_control_top.
<suppressed ~1 debug messages>

8.4. Executing FUTURE pass.

8.5. Executing OPT_EXPR pass (perform const folding).
Optimizing module adaptive_aero_control_top_spi_fpga_top.

8.6. Executing OPT_CLEAN pass (remove unused cells and wires).
Finding unused cells or wires in module \adaptive_aero_control_top_spi_fpga_top..
Removed 48 unused cells and 191 unused wires.
<suppressed ~49 debug messages>

8.7. Executing CHECK pass (checking for obvious problems).
Checking module adaptive_aero_control_top_spi_fpga_top...
Found and reported 0 problems.

8.8. Executing OPT pass (performing simple optimizations).

8.8.1. Executing OPT_EXPR pass (perform const folding).
Optimizing module adaptive_aero_control_top_spi_fpga_top.

8.8.2. Executing OPT_MERGE pass (detect identical cells).
Finding identical cells in module `\adaptive_aero_control_top_spi_fpga_top'.
Removed a total of 0 cells.

8.8.3. Executing OPT_MUXTREE pass (detect dead branches in mux trees).
Running muxtree optimizer on module \adaptive_aero_control_top_spi_fpga_top..
  Creating internal representation of mux trees.
  Evaluating internal representation of mux trees.
  Analyzing evaluation results.
    dead port 2/2 on $mux $flatten\u_core.$ternary$repro_generic.v:239$767.
Removed 1 multiplexer ports.
<suppressed ~26 debug messages>

8.8.4. Executing OPT_REDUCE pass (consolidate $*mux and $reduce_* inputs).
  Optimizing cells in module \adaptive_aero_control_top_spi_fpga_top.
Performed a total of 0 changes.

8.8.5. Executing OPT_MERGE pass (detect identical cells).
Finding identical cells in module `\adaptive_aero_control_top_spi_fpga_top'.
Removed a total of 0 cells.

8.8.6. Executing OPT_CLEAN pass (remove unused cells and wires).
Finding unused cells or wires in module \adaptive_aero_control_top_spi_fpga_top..

8.8.7. Executing OPT_EXPR pass (perform const folding).
Optimizing module adaptive_aero_control_top_spi_fpga_top.

8.8.8. Rerunning OPT passes. (Maybe there is more to do..)

8.8.9. Executing OPT_MUXTREE pass (detect dead branches in mux trees).
Running muxtree optimizer on module \adaptive_aero_control_top_spi_fpga_top..
  Creating internal representation of mux trees.
  Evaluating internal representation of mux trees.
  Analyzing evaluation results.
Removed 0 multiplexer ports.
<suppressed ~26 debug messages>

8.8.10. Executing OPT_REDUCE pass (consolidate $*mux and $reduce_* inputs).
  Optimizing cells in module \adaptive_aero_control_top_spi_fpga_top.
Performed a total of 0 changes.

8.8.11. Executing OPT_MERGE pass (detect identical cells).
Finding identical cells in module `\adaptive_aero_control_top_spi_fpga_top'.
Removed a total of 0 cells.

8.8.12. Executing OPT_CLEAN pass (remove unused cells and wires).
Finding unused cells or wires in module \adaptive_aero_control_top_spi_fpga_top..

8.8.13. Executing OPT_EXPR pass (perform const folding).
Optimizing module adaptive_aero_control_top_spi_fpga_top.

8.8.14. Finished OPT passes. (There is nothing left to do.)

8.9. Executing WREDUCE pass (reducing word size of cells).
Removed top 15 bits (of 16) from port B of cell adaptive_aero_control_top_spi_fpga_top.$flatten\u_core.$add$repro_generic.v:144$694 ($add).
Removed top 1 bits (of 4) from port B of cell adaptive_aero_control_top_spi_fpga_top.$flatten\u_core.$eq$repro_generic.v:278$780 ($eq).
Removed top 1 bits (of 4) from port B of cell adaptive_aero_control_top_spi_fpga_top.$flatten\u_core.$eq$repro_generic.v:279$781 ($eq).
Removed top 1 bits (of 4) from port B of cell adaptive_aero_control_top_spi_fpga_top.$flatten\u_core.$eq$repro_generic.v:280$782 ($eq).
Removed top 1 bits (of 4) from port B of cell adaptive_aero_control_top_spi_fpga_top.$flatten\u_core.$eq$repro_generic.v:281$783 ($eq).
Removed top 2 bits (of 4) from port B of cell adaptive_aero_control_top_spi_fpga_top.$flatten\u_core.$eq$repro_generic.v:282$784 ($eq).
Removed top 2 bits (of 4) from port B of cell adaptive_aero_control_top_spi_fpga_top.$flatten\u_core.$eq$repro_generic.v:283$785 ($eq).
Removed top 3 bits (of 4) from port B of cell adaptive_aero_control_top_spi_fpga_top.$flatten\u_core.$eq$repro_generic.v:284$786 ($eq).

8.10. Executing OPT_CLEAN pass (remove unused cells and wires).
Finding unused cells or wires in module \adaptive_aero_control_top_spi_fpga_top..

8.11. Executing MEMORY_COLLECT pass (generating $mem cells).

8.12. Executing OPT pass (performing simple optimizations).

8.12.1. Executing OPT_EXPR pass (perform const folding).
Optimizing module adaptive_aero_control_top_spi_fpga_top.

8.12.2. Executing OPT_MERGE pass (detect identical cells).
Finding identical cells in module `\adaptive_aero_control_top_spi_fpga_top'.
Removed a total of 0 cells.

8.12.3. Executing OPT_CLEAN pass (remove unused cells and wires).
Finding unused cells or wires in module \adaptive_aero_control_top_spi_fpga_top..

8.12.4. Finished fast OPT passes.

8.13. Printing statistics.

=== adaptive_aero_control_top_spi_fpga_top ===

   Number of wires:                176
   Number of wire bits:           3797
   Number of public wires:         161
   Number of public wire bits:    3012
   Number of ports:                  7
   Number of port bits:              7
   Number of memories:               0
   Number of memory bits:            0
   Number of processes:              0
   Number of cells:                104
     $add                            1
     $adff                          24
     $and                            2
     $dff                            2
     $eq                             8
     $ge                             1
     $logic_and                     15
     $logic_not                      4
     $mux                           39
     $ne                             1
     $not                            1
     $or                             2
     $pmux                           1
     $reduce_or                      2
     $scopeinfo                      1

8.14. Executing CHECK pass (checking for obvious problems).
Checking module adaptive_aero_control_top_spi_fpga_top...
Found and reported 0 problems.

9. Executing ASYNC2SYNC pass.
Replacing adaptive_aero_control_top_spi_fpga_top.$flatten\u_core.$procdff$887 ($adff): ARST=\reset_n, D=\u_core._003_, Q=\u_core.req_hist_read_pending_reg
Replacing adaptive_aero_control_top_spi_fpga_top.$flatten\u_core.$procdff$892 ($adff): ARST=\reset_n, D=\u_core._004_, Q=\u_core.req_hist_write_pending_reg
Replacing adaptive_aero_control_top_spi_fpga_top.$flatten\u_core.$procdff$897 ($adff): ARST=\reset_n, D=\u_core._006_, Q=\u_core.status_rsp_received_reg
Replacing adaptive_aero_control_top_spi_fpga_top.$flatten\u_core.$procdff$902 ($adff): ARST=\reset_n, D=\u_core._005_, Q=\u_core.status_req_accepted_reg
Replacing adaptive_aero_control_top_spi_fpga_top.$flatten\u_core.$procdff$907 ($adff): ARST=\reset_n, D=\u_core._002_, Q=\u_core.outstanding_age_reg
Replacing adaptive_aero_control_top_spi_fpga_top.$flatten\u_core.$procdff$912 ($adff): ARST=\reset_n, D=\u_core._001_, Q=\u_core.irq_r
Replacing adaptive_aero_control_top_spi_fpga_top.$flatten\u_core.$procdff$917 ($adff): ARST=\reset_n, D=$flatten\u_core.$0\irq_en_reg[63:0], Q=\u_core.irq_en_reg
Replacing adaptive_aero_control_top_spi_fpga_top.$flatten\u_core.$procdff$922 ($adff): ARST=\reset_n, D=$flatten\u_core.$0\req_hist_addr[3:0], Q=\u_core.req_hist_addr
Replacing adaptive_aero_control_top_spi_fpga_top.$flatten\u_core.$procdff$927 ($adff): ARST=\reset_n, D=$flatten\u_core.$0\bounds_reg[63:0], Q=\u_core.bounds_reg
Replacing adaptive_aero_control_top_spi_fpga_top.$flatten\u_core.$procdff$932 ($adff): ARST=\reset_n, D=$flatten\u_core.$0\act_cmd_valid_r[0:0], Q=\u_core.act_cmd_valid_r
Replacing adaptive_aero_control_top_spi_fpga_top.$flatten\u_core.$procdff$937 ($adff): ARST=\reset_n, D=$flatten\u_core.$0\req_meta_reg[63:0], Q=\u_core.req_meta_reg
Replacing adaptive_aero_control_top_spi_fpga_top.$flatten\u_core.$procdff$942 ($adff): ARST=\reset_n, D=$flatten\u_core.$0\limits_reg[63:0], Q=\u_core.limits_reg
Replacing adaptive_aero_control_top_spi_fpga_top.$flatten\u_core.$procdff$947 ($adff): ARST=\reset_n, D=$flatten\u_core.$0\mode_seq_reg[63:0], Q=\u_core.mode_seq_reg
Replacing adaptive_aero_control_top_spi_fpga_top.$flatten\u_core.$procdff$952 ($adff): ARST=\reset_n, D=$flatten\u_core.$0\outstanding_valid_reg[0:0], Q=\u_core.outstanding_valid_reg
Replacing adaptive_aero_control_top_spi_fpga_top.$flatten\u_core.$procdff$957 ($adff): ARST=\reset_n, D=$flatten\u_core.$0\ctrl_reg_reg[0][0:0], Q=\u_core.ctrl_reg_reg[0]
Replacing adaptive_aero_control_top_spi_fpga_top.$flatten\u_core.$procdff$962 ($adff): ARST=\reset_n, D=$flatten\u_core.$0\ctrl_reg_reg[4][0:0], Q=\u_core.ctrl_reg_reg[4]
Replacing adaptive_aero_control_top_spi_fpga_top.$flatten\u_core.$procdff$967 ($adff): ARST=\reset_n, D=$flatten\u_core.$0\state_reg[1:0], Q=\u_core.state_reg
Replacing adaptive_aero_control_top_spi_fpga_top.$flatten\u_core.$procdff$972 ($adff): ARST=\reset_n, D=$flatten\u_core.$0\outstanding_seq_reg[15:0], Q=\u_core.outstanding_seq_reg
Replacing adaptive_aero_control_top_spi_fpga_top.$procdff$855 ($adff): ARST=\spi_cs_n, D=1'1, Q=\spi_active
Replacing adaptive_aero_control_top_spi_fpga_top.$procdff$860 ($adff): ARST=\reset_n, D=\spi_cs_sync, Q=\spi_cs_prev
Replacing adaptive_aero_control_top_spi_fpga_top.$procdff$865 ($adff): ARST=\reset_n, D=\spi_cs_meta, Q=\spi_cs_sync
Replacing adaptive_aero_control_top_spi_fpga_top.$procdff$870 ($adff): ARST=\reset_n, D=\spi_cs_n, Q=\spi_cs_meta
Replacing adaptive_aero_control_top_spi_fpga_top.$procdff$875 ($adff): ARST=\reset_n, D={ \core_mmio_rdata 68'10000000000000000000000000000000000000000000000000000000000000000001 \u_core.act_cmd_valid_r \u_core.act_cmd_valid_r 32'00000000000000000000000000000000 \u_core.irq_r }, Q=\tx_snapshot
Replacing adaptive_aero_control_top_spi_fpga_top.$procdff$882 ($adff): ARST=\reset_n, D=$0\rx_active[135:0], Q=\rx_active

10. Executing OPT_CLEAN pass (remove unused cells and wires).
Finding unused cells or wires in module \adaptive_aero_control_top_spi_fpga_top..
Renaming module \adaptive_aero_control_top_spi_fpga_top to \gate.

11. Executing EQUIV_MAKE pass (creating equiv checking module).
Presumably equivalent wires: clk_gold (\clk_gold), clk_gate (\clk_gate) -> clk
Presumably equivalent wires: core_act_cmd_data_gold ($auto$rename.cc:463:execute$653_gold), core_act_cmd_data_gate (0) -> core_act_cmd_data
Presumably equivalent wires: core_act_cmd_fault_gold ($auto$rename.cc:463:execute$654_gold), core_act_cmd_fault_gate ($auto$rename.cc:463:execute$1031_gate) -> core_act_cmd_fault
Presumably equivalent wires: core_act_cmd_valid_gold ($auto$rename.cc:463:execute$655_gold), core_act_cmd_valid_gate ($auto$rename.cc:463:execute$1031_gate) -> core_act_cmd_valid
Presumably equivalent wires: core_irq_gold ($auto$rename.cc:463:execute$658_gold), core_irq_gate ($auto$rename.cc:463:execute$1032_gate) -> core_irq
Presumably equivalent wires: core_mmio_addr_gold ($auto$rename.cc:463:execute$666_gold [3:0]), core_mmio_addr_gate ($auto$rename.cc:463:execute$1034_gate [3:0]) -> core_mmio_addr
Presumably equivalent wires: core_mmio_error_gold (1'0), core_mmio_error_gate (1'0) -> core_mmio_error
Presumably equivalent wires: core_mmio_re_gold ($auto$rename.cc:463:execute$666_gold [69]), core_mmio_re_gate ($auto$rename.cc:463:execute$1034_gate [69]) -> core_mmio_re
Presumably equivalent wires: core_mmio_ready_gold (1'1), core_mmio_ready_gate (1'1) -> core_mmio_ready
Presumably equivalent wires: core_mmio_wdata_gold ($auto$rename.cc:463:execute$666_gold [67:4]), core_mmio_wdata_gate ($auto$rename.cc:463:execute$1034_gate [67:4]) -> core_mmio_wdata
Presumably equivalent wires: core_mmio_we_gold ($auto$rename.cc:463:execute$666_gold [68]), core_mmio_we_gate ($auto$rename.cc:463:execute$1034_gate [68]) -> core_mmio_we
Presumably equivalent wires: core_req_data_gold ($auto$rename.cc:463:execute$660_gold), core_req_data_gate (64'0000000000000000000000000000000000000000000000000000000000000000) -> core_req_data
Presumably equivalent wires: core_req_ready_gold ($auto$rename.cc:463:execute$666_gold [70]), core_req_ready_gate ($auto$rename.cc:463:execute$1034_gate [70]) -> core_req_ready
Presumably equivalent wires: core_req_valid_gold ($auto$rename.cc:463:execute$661_gold), core_req_valid_gate (1'0) -> core_req_valid
Presumably equivalent wires: core_response_gold ({ $auto$rename.cc:463:execute$649_gold 2'10 $auto$rename.cc:463:execute$661_gold $auto$rename.cc:463:execute$660_gold $auto$rename.cc:463:execute$662_gold $auto$rename.cc:463:execute$655_gold $auto$rename.cc:463:execute$654_gold $auto$rename.cc:463:execute$653_gold $auto$rename.cc:463:execute$658_gold }), core_response_gate ({ $auto$rename.cc:463:execute$1022_gate 68'10000000000000000000000000000000000000000000000000000000000000000001 $auto$rename.cc:463:execute$1031_gate $auto$rename.cc:463:execute$1031_gate 32'00000000000000000000000000000000 $auto$rename.cc:463:execute$1032_gate }) -> core_response
Presumably equivalent wires: core_rsp_data_gold ($auto$rename.cc:463:execute$666_gold [135:72]), core_rsp_data_gate ($auto$rename.cc:463:execute$1034_gate [135:72]) -> core_rsp_data
Presumably equivalent wires: core_rsp_ready_gold ($auto$rename.cc:463:execute$662_gold), core_rsp_ready_gate (1'1) -> core_rsp_ready
Presumably equivalent wires: core_rsp_valid_gold ($auto$rename.cc:463:execute$666_gold [71]), core_rsp_valid_gate ($auto$rename.cc:463:execute$1034_gate [71]) -> core_rsp_valid
Presumably equivalent wires: fault_indicator_gold (1'0), fault_indicator_gate (1'0) -> fault_indicator
Presumably equivalent wires: reset_n_gold (\reset_n_gold), reset_n_gate (\reset_n_gate) -> reset_n
Presumably equivalent wires: rx_shift_gold (\rx_shift_gold), rx_shift_gate (\rx_shift_gate) -> rx_shift
Presumably equivalent wires: spi_cs_n_gold (\spi_cs_n_gold), spi_cs_n_gate (\spi_cs_n_gate) -> spi_cs_n
Presumably equivalent wires: spi_miso_gold (\spi_miso_gold), spi_miso_gate (\spi_miso_gate) -> spi_miso
Presumably equivalent wires: spi_mosi_gold (\spi_mosi_gold), spi_mosi_gate (\spi_mosi_gate) -> spi_mosi
Presumably equivalent wires: spi_sclk_gold (\spi_sclk_gold), spi_sclk_gate (\spi_sclk_gate) -> spi_sclk
Presumably equivalent wires: tx_shift_gold (\tx_shift_gold), tx_shift_gate (\tx_shift_gate) -> tx_shift
Presumably equivalent wires: u_core.act_cmd_data_gold ($auto$rename.cc:463:execute$653_gold), u_core.act_cmd_data_gate (0) -> u_core.act_cmd_data
Presumably equivalent wires: u_core.act_cmd_fault_gold ($auto$rename.cc:463:execute$654_gold), u_core.act_cmd_fault_gate ($auto$rename.cc:463:execute$1031_gate) -> u_core.act_cmd_fault
Presumably equivalent wires: u_core.act_cmd_valid_gold ($auto$rename.cc:463:execute$655_gold), u_core.act_cmd_valid_gate ($auto$rename.cc:463:execute$1031_gate) -> u_core.act_cmd_valid
Presumably equivalent wires: u_core.clk_gold (\clk_gold), u_core.clk_gate (\clk_gate) -> u_core.clk
Presumably equivalent wires: u_core.irq_gold ($auto$rename.cc:463:execute$658_gold), u_core.irq_gate ($auto$rename.cc:463:execute$1032_gate) -> u_core.irq
Presumably equivalent wires: u_core.malformed_rsp_reg_gold (1'0), u_core.malformed_rsp_reg_gate (1'0) -> u_core.malformed_rsp_reg
Presumably equivalent wires: u_core.mmio_addr_gold ($auto$rename.cc:463:execute$666_gold [3:0]), u_core.mmio_addr_gate ($auto$rename.cc:463:execute$1034_gate [3:0]) -> u_core.mmio_addr
Presumably equivalent wires: u_core.mmio_error_gold (1'0), u_core.mmio_error_gate (1'0) -> u_core.mmio_error
Presumably equivalent wires: u_core.mmio_error_r_gold (1'0), u_core.mmio_error_r_gate (1'0) -> u_core.mmio_error_r
Presumably equivalent wires: u_core.mmio_rdata_gold ($auto$rename.cc:463:execute$649_gold), u_core.mmio_rdata_gate ($auto$rename.cc:463:execute$1022_gate) -> u_core.mmio_rdata
Presumably equivalent wires: u_core.mmio_rdata_r_gold ($auto$rename.cc:463:execute$649_gold), u_core.mmio_rdata_r_gate ($auto$rename.cc:463:execute$1022_gate) -> u_core.mmio_rdata_r
Presumably equivalent wires: u_core.mmio_re_gold ($auto$rename.cc:463:execute$666_gold [69]), u_core.mmio_re_gate ($auto$rename.cc:463:execute$1034_gate [69]) -> u_core.mmio_re
Presumably equivalent wires: u_core.mmio_ready_gold (1'1), u_core.mmio_ready_gate (1'1) -> u_core.mmio_ready
Presumably equivalent wires: u_core.mmio_ready_r_gold (1'1), u_core.mmio_ready_r_gate (1'1) -> u_core.mmio_ready_r
Presumably equivalent wires: u_core.mmio_wdata_gold ($auto$rename.cc:463:execute$666_gold [67:4]), u_core.mmio_wdata_gate ($auto$rename.cc:463:execute$1034_gate [67:4]) -> u_core.mmio_wdata
Presumably equivalent wires: u_core.mmio_we_gold ($auto$rename.cc:463:execute$666_gold [68]), u_core.mmio_we_gate ($auto$rename.cc:463:execute$1034_gate [68]) -> u_core.mmio_we
Presumably equivalent wires: u_core.read_data_next_gold (\u_core.read_data_next_gold), u_core.read_data_next_gate (\u_core.read_data_next_gate) -> u_core.read_data_next
Presumably equivalent wires: u_core.req_data_gold ($auto$rename.cc:463:execute$660_gold), u_core.req_data_gate (64'0000000000000000000000000000000000000000000000000000000000000000) -> u_core.req_data
Presumably equivalent wires: u_core.req_hist_dout_gold (64'0000000000000000000000000000000000000000000000000000000000000000), u_core.req_hist_dout_gate (64'0000000000000000000000000000000000000000000000000000000000000000) -> u_core.req_hist_dout
Presumably equivalent wires: u_core.req_ready_gold ($auto$rename.cc:463:execute$666_gold [70]), u_core.req_ready_gate ($auto$rename.cc:463:execute$1034_gate [70]) -> u_core.req_ready
Presumably equivalent wires: u_core.req_valid_gold ($auto$rename.cc:463:execute$661_gold), u_core.req_valid_gate (1'0) -> u_core.req_valid
Presumably equivalent wires: u_core.reset_n_gold (\reset_n_gold), u_core.reset_n_gate (\reset_n_gate) -> u_core.reset_n
Presumably equivalent wires: u_core.rsp_cmd_in_gold ($auto$rename.cc:463:execute$666_gold [103:88]), u_core.rsp_cmd_in_gate ($auto$rename.cc:463:execute$1034_gate [103:88]) -> u_core.rsp_cmd_in
Presumably equivalent wires: u_core.rsp_data_gold ($auto$rename.cc:463:execute$666_gold [135:72]), u_core.rsp_data_gate ($auto$rename.cc:463:execute$1034_gate [135:72]) -> u_core.rsp_data
Presumably equivalent wires: u_core.rsp_ready_gold ($auto$rename.cc:463:execute$662_gold), u_core.rsp_ready_gate (1'1) -> u_core.rsp_ready
Presumably equivalent wires: u_core.rsp_schema_ok_gold (\u_core.rsp_schema_ok_gold), u_core.rsp_schema_ok_gate (\u_core.rsp_schema_ok_gate) -> u_core.rsp_schema_ok
Presumably equivalent wires: u_core.rsp_seq_in_gold ($auto$rename.cc:463:execute$666_gold [87:72]), u_core.rsp_seq_in_gate ($auto$rename.cc:463:execute$1034_gate [87:72]) -> u_core.rsp_seq_in
Presumably equivalent wires: u_core.rsp_valid_gold ($auto$rename.cc:463:execute$666_gold [71]), u_core.rsp_valid_gate ($auto$rename.cc:463:execute$1034_gate [71]) -> u_core.rsp_valid
Presumably equivalent wires: u_core.rsp_valid_sync_gold ($auto$rename.cc:463:execute$666_gold [71]), u_core.rsp_valid_sync_gate ($auto$rename.cc:463:execute$1034_gate [71]) -> u_core.rsp_valid_sync
Presumably equivalent wires: u_core.status_reg_r_gold ({ 16'0000000000000000 $auto$rename.cc:463:execute$659_gold $auto$rename.cc:463:execute$652_gold 7'0000000 $auto$rename.cc:463:execute$687_gold $auto$rename.cc:463:execute$686_gold $auto$rename.cc:463:execute$691_gold $auto$rename.cc:463:execute$690_gold $auto$rename.cc:463:execute$664_gold $auto$rename.cc:463:execute$665_gold $auto$rename.cc:463:execute$689_gold $auto$rename.cc:463:execute$688_gold $auto$rename.cc:463:execute$656_gold }), u_core.status_reg_r_gate ({ 61'0000000000000000000000000000000000000000000000000000000000000 $auto$rename.cc:463:execute$1069_gate $auto$rename.cc:463:execute$1068_gate 1'0 }) -> u_core.status_reg_r
Presumably equivalent wires: u_core.transport_error_reg_gold (1'0), u_core.transport_error_reg_gate (1'0) -> u_core.transport_error_reg
Changing input A of cell $flatten\u_core.$logic_and$repro_generic.v:193$727_gate ($logic_and): \u_core.rsp_schema_ok_gate -> \u_core.rsp_schema_ok
Changing input B of cell $flatten\u_core.$ternary$repro_generic.v:245$773_gate ($mux): \u_core.read_data_next_gate -> \u_core.read_data_next
Changing input B of cell $procmux$813_gate ($mux): \tx_shift_gate -> \tx_shift
Changing input A of cell $procmux$815_gate ($mux): { \rx_shift_gate [134:0] \spi_mosi_gate } -> { \rx_shift [134:0] \spi_mosi_gate }
Changing input B of cell $procmux$815_gate ($mux): \rx_shift_gate -> \rx_shift
Changing input B of cell $procmux$817_gate ($mux): \rx_shift_gate -> \rx_shift
Changing input B of cell $ternary$repro_generic.v:393$811_gate ($mux): { \tx_shift_gate [165:0] 1'0 } -> { \tx_shift [165:0] 1'0 }
Changing input B of cell $ternary$repro_generic.v:394$812_gate ($mux): \tx_shift_gate [166] -> \tx_shift [166]
Changing input A of cell $flatten\u_core.$logic_and$fpga/handoff/rtl/adaptive_aero_control_top.v:211$16_gold ($logic_and): \u_core.rsp_schema_ok_gold -> \u_core.rsp_schema_ok
Changing input B of cell $flatten\u_core.$procmux$257_gold ($mux): \u_core.read_data_next_gold -> \u_core.read_data_next
Changing input B of cell $procmux$79_gold ($mux): \rx_shift_gold -> \rx_shift
Changing input B of cell $procmux$82_gold ($mux): { \tx_shift_gold [165:0] 1'0 } -> { \tx_shift [165:0] 1'0 }
Changing input B of cell $procmux$84_gold ($mux): \tx_shift_gold -> \tx_shift
Changing input A of cell $procmux$86_gold ($mux): { \rx_shift_gold [134:0] \spi_mosi_gold } -> { \rx_shift [134:0] \spi_mosi_gold }
Changing input B of cell $procmux$86_gold ($mux): \rx_shift_gold -> \rx_shift
Changing input B of cell $ternary$fpga/handoff/rtl/adaptive_aero_control_top_spi_fpga_top.sv:69$78_gold ($mux): \tx_shift_gold [166] -> \tx_shift [166]
Presumably equivalent cells: u_core_gold u_core_gate ($scopeinfo) -> u_core

12. Executing HIERARCHY pass (managing design hierarchy).

12.1. Analyzing design hierarchy..
Top module:  \equiv

12.2. Analyzing design hierarchy..
Top module:  \equiv
Removing unused module `\gate'.
Removing unused module `\gold'.
Removed 2 unused modules.

13. Executing EQUIV_STRUCT pass.
Running equiv_struct on module equiv:
  Starting iteration 1.
    Fwd merging 2 $equiv cells (from group of 3) using strategy deduplicate:
      Merging cells $auto$equiv_make.cc:294:find_same_wires$2314 and $auto$equiv_make.cc:294:find_same_wires$2313.
    Fwd merging 2 $equiv cells (from group of 2) using strategy deduplicate:
      Merging cells $auto$equiv_make.cc:294:find_same_wires$2294 and $auto$equiv_make.cc:294:find_same_wires$1473.
    Fwd merging 2 $equiv cells (from group of 2) using strategy deduplicate:
      Merging cells $auto$equiv_make.cc:294:find_same_wires$2293 and $auto$equiv_make.cc:294:find_same_wires$1472.
    Fwd merging 2 $equiv cells (from group of 2) using strategy deduplicate:
      Merging cells $auto$equiv_make.cc:294:find_same_wires$2292 and $auto$equiv_make.cc:294:find_same_wires$1471.
    Fwd merging 2 $equiv cells (from group of 2) using strategy deduplicate:
      Merging cells $auto$equiv_make.cc:294:find_same_wires$2291 and $auto$equiv_make.cc:294:find_same_wires$1470.
    Fwd merging 2 $equiv cells (from group of 2) using strategy deduplicate:
      Merging cells $auto$equiv_make.cc:294:find_same_wires$2290 and $auto$equiv_make.cc:294:find_same_wires$1469.
    Fwd merging 2 $equiv cells (from group of 2) using strategy deduplicate:
      Merging cells $auto$equiv_make.cc:294:find_same_wires$2289 and $auto$equiv_make.cc:294:find_same_wires$1468.
    Fwd merging 2 $equiv cells (from group of 2) using strategy deduplicate:
      Merging cells $auto$equiv_make.cc:294:find_same_wires$2288 and $auto$equiv_make.cc:294:find_same_wires$1467.
    Fwd merging 2 $equiv cells (from group of 2) using strategy deduplicate:
      Merging cells $auto$equiv_make.cc:294:find_same_wires$2287 and $auto$equiv_make.cc:294:find_same_wires$1466.
    Fwd merging 2 $equiv cells (from group of 2) using strategy deduplicate:
      Merging cells $auto$equiv_make.cc:294:find_same_wires$2286 and $auto$equiv_make.cc:294:find_same_wires$1465.
    Fwd merging 2 $equiv cells (from group of 2) using strategy deduplicate:
      Merging cells $auto$equiv_make.cc:294:find_same_wires$2285 and $auto$equiv_make.cc:294:find_same_wires$1464.
    Fwd merging 2 $equiv cells (from group of 2) using strategy deduplicate:
      Merging cells $auto$equiv_make.cc:294:find_same_wires$2284 and $auto$equiv_make.cc:294:find_same_wires$1463.
    Fwd merging 2 $equiv cells (from group of 2) using strategy deduplicate:
      Merging cells $auto$equiv_make.cc:294:find_same_wires$2283 and $auto$equiv_make.cc:294:find_same_wires$1462.
    Fwd merging 2 $equiv cells (from group of 2) using strategy deduplicate:
      Merging cells $auto$equiv_make.cc:294:find_same_wires$2282 and $auto$equiv_make.cc:294:find_same_wires$1461.
    Fwd merging 2 $equiv cells (from group of 2) using strategy deduplicate:
      Merging cells $auto$equiv_make.cc:294:find_same_wires$2281 and $auto$equiv_make.cc:294:find_same_wires$1460.
    Fwd merging 2 $equiv cells (from group of 2) using strategy deduplicate:
      Merging cells $auto$equiv_make.cc:294:find_same_wires$2280 and $auto$equiv_make.cc:294:find_same_wires$1459.
    Fwd merging 2 $equiv cells (from group of 2) using strategy deduplicate:
      Merging cells $auto$equiv_make.cc:294:find_same_wires$2279 and $auto$equiv_make.cc:294:find_same_wires$1458.
    Fwd merging 2 $equiv cells (from group of 2) using strategy deduplicate:
      Merging cells $auto$equiv_make.cc:294:find_same_wires$2278 and $auto$equiv_make.cc:294:find_same_wires$1457.
    Fwd merging 2 $equiv cells (from group of 2) using strategy deduplicate:
      Merging cells $auto$equiv_make.cc:294:find_same_wires$2277 and $auto$equiv_make.cc:294:find_same_wires$1456.
    Fwd merging 2 $equiv cells (from group of 2) using strategy deduplicate:
      Merging cells $auto$equiv_make.cc:294:find_same_wires$2276 and $auto$equiv_make.cc:294:find_same_wires$1455.
    Fwd merging 2 $equiv cells (from group of 2) using strategy deduplicate:
      Merging cells $auto$equiv_make.cc:294:find_same_wires$2275 and $auto$equiv_make.cc:294:find_same_wires$1454.
    Fwd merging 2 $equiv cells (from group of 2) using strategy deduplicate:
      Merging cells $auto$equiv_make.cc:294:find_same_wires$2274 and $auto$equiv_make.cc:294:find_same_wires$1453.
    Fwd merging 2 $equiv cells (from group of 2) using strategy deduplicate:
      Merging cells $auto$equiv_make.cc:294:find_same_wires$2273 and $auto$equiv_make.cc:294:find_same_wires$1452.
    Fwd merging 2 $equiv cells (from group of 2) using strategy deduplicate:
      Merging cells $auto$equiv_make.cc:294:find_same_wires$2272 and $auto$equiv_make.cc:294:find_same_wires$1451.
    Fwd merging 2 $equiv cells (from group of 2) using strategy deduplicate:
      Merging cells $auto$equiv_make.cc:294:find_same_wires$2271 and $auto$equiv_make.cc:294:find_same_wires$1450.
    Fwd merging 2 $equiv cells (from group of 2) using strategy deduplicate:
      Merging cells $auto$equiv_make.cc:294:find_same_wires$2270 and $auto$equiv_make.cc:294:find_same_wires$1449.
    Fwd merging 2 $equiv cells (from group of 2) using strategy deduplicate:
      Merging cells $auto$equiv_make.cc:294:find_same_wires$2269 and $auto$equiv_make.cc:294:find_same_wires$1448.
    Fwd merging 2 $equiv cells (from group of 2) using strategy deduplicate:
      Merging cells $auto$equiv_make.cc:294:find_same_wires$2268 and $auto$equiv_make.cc:294:find_same_wires$1447.
    Fwd merging 2 $equiv cells (from group of 2) using strategy deduplicate:
      Merging cells $auto$equiv_make.cc:294:find_same_wires$2267 and $auto$equiv_make.cc:294:find_same_wires$1446.
    Fwd merging 2 $equiv cells (from group of 2) using strategy deduplicate:
      Merging cells $auto$equiv_make.cc:294:find_same_wires$2266 and $auto$equiv_make.cc:294:find_same_wires$1445.
    Fwd merging 2 $equiv cells (from group of 2) using strategy deduplicate:
      Merging cells $auto$equiv_make.cc:294:find_same_wires$2265 and $auto$equiv_make.cc:294:find_same_wires$1444.
    Fwd merging 2 $equiv cells (from group of 2) using strategy deduplicate:
      Merging cells $auto$equiv_make.cc:294:find_same_wires$2264 and $auto$equiv_make.cc:294:find_same_wires$1443.
    Fwd merging 2 $equiv cells (from group of 2) using strategy deduplicate:
      Merging cells $auto$equiv_make.cc:294:find_same_wires$2263 and $auto$equiv_make.cc:294:find_same_wires$1442.
    Fwd merging 2 $equiv cells (from group of 3) using strategy deduplicate:
      Merging cells $auto$equiv_make.cc:294:find_same_wires$2312 and $auto$equiv_make.cc:294:find_same_wires$2246.
    Fwd merging 2 $equiv cells (from group of 3) using strategy deduplicate:
      Merging cells $auto$equiv_make.cc:294:find_same_wires$2311 and $auto$equiv_make.cc:294:find_same_wires$2245.
    Fwd merging 2 $equiv cells (from group of 3) using strategy deduplicate:
      Merging cells $auto$equiv_make.cc:294:find_same_wires$2310 and $auto$equiv_make.cc:294:find_same_wires$2244.
    Fwd merging 2 $equiv cells (from group of 3) using strategy deduplicate:
      Merging cells $auto$equiv_make.cc:294:find_same_wires$2309 and $auto$equiv_make.cc:294:find_same_wires$2243.
    Fwd merging 2 $equiv cells (from group of 3) using strategy deduplicate:
      Merging cells $auto$equiv_make.cc:294:find_same_wires$2308 and $auto$equiv_make.cc:294:find_same_wires$2242.
    Fwd merging 2 $equiv cells (from group of 3) using strategy deduplicate:
      Merging cells $auto$equiv_make.cc:294:find_same_wires$2307 and $auto$equiv_make.cc:294:find_same_wires$2241.
    Fwd merging 2 $equiv cells (from group of 3) using strategy deduplicate:
      Merging cells $auto$equiv_make.cc:294:find_same_wires$2306 and $auto$equiv_make.cc:294:find_same_wires$2240.
    Fwd merging 2 $equiv cells (from group of 3) using strategy deduplicate:
      Merging cells $auto$equiv_make.cc:294:find_same_wires$2305 and $auto$equiv_make.cc:294:find_same_wires$2239.
    Fwd merging 2 $equiv cells (from group of 3) using strategy deduplicate:
      Merging cells $auto$equiv_make.cc:294:find_same_wires$2304 and $auto$equiv_make.cc:294:find_same_wires$2238.
    Fwd merging 2 $equiv cells (from group of 3) using strategy deduplicate:
      Merging cells $auto$equiv_make.cc:294:find_same_wires$2303 and $auto$equiv_make.cc:294:find_same_wires$2237.
    Fwd merging 2 $equiv cells (from group of 3) using strategy deduplicate:
      Merging cells $auto$equiv_make.cc:294:find_same_wires$2302 and $auto$equiv_make.cc:294:find_same_wires$2236.
    Fwd merging 2 $equiv cells (from group of 3) using strategy deduplicate:
      Merging cells $auto$equiv_make.cc:294:find_same_wires$2301 and $auto$equiv_make.cc:294:find_same_wires$2235.
    Fwd merging 2 $equiv cells (from group of 3) using strategy deduplicate:
      Merging cells $auto$equiv_make.cc:294:find_same_wires$2300 and $auto$equiv_make.cc:294:find_same_wires$2234.
    Fwd merging 2 $equiv cells (from group of 3) using strategy deduplicate:
      Merging cells $auto$equiv_make.cc:294:find_same_wires$2299 and $auto$equiv_make.cc:294:find_same_wires$2233.
    Fwd merging 2 $equiv cells (from group of 3) using strategy deduplicate:
      Merging cells $auto$equiv_make.cc:294:find_same_wires$2298 and $auto$equiv_make.cc:294:find_same_wires$2232.
    Fwd merging 2 $equiv cells (from group of 3) using strategy deduplicate:
      Merging cells $auto$equiv_make.cc:294:find_same_wires$2297 and $auto$equiv_make.cc:294:find_same_wires$2231.
    Fwd merging 2 $equiv cells (from group of 3) using strategy deduplicate:
      Merging cells $auto$equiv_make.cc:294:find_same_wires$2262 and $auto$equiv_make.cc:294:find_same_wires$2230.
    Fwd merging 2 $equiv cells (from group of 3) using strategy deduplicate:
      Merging cells $auto$equiv_make.cc:294:find_same_wires$2261 and $auto$equiv_make.cc:294:find_same_wires$2229.
    Fwd merging 2 $equiv cells (from group of 3) using strategy deduplicate:
      Merging cells $auto$equiv_make.cc:294:find_same_wires$2260 and $auto$equiv_make.cc:294:find_same_wires$2228.
    Fwd merging 2 $equiv cells (from group of 3) using strategy deduplicate:
      Merging cells $auto$equiv_make.cc:294:find_same_wires$2259 and $auto$equiv_make.cc:294:find_same_wires$2227.
    Fwd merging 2 $equiv cells (from group of 3) using strategy deduplicate:
      Merging cells $auto$equiv_make.cc:294:find_same_wires$2258 and $auto$equiv_make.cc:294:find_same_wires$2226.
    Fwd merging 2 $equiv cells (from group of 3) using strategy deduplicate:
      Merging cells $auto$equiv_make.cc:294:find_same_wires$2257 and $auto$equiv_make.cc:294:find_same_wires$2225.
    Fwd merging 2 $equiv cells (from group of 3) using strategy deduplicate:
      Merging cells $auto$equiv_make.cc:294:find_same_wires$2256 and $auto$equiv_make.cc:294:find_same_wires$2224.
    Fwd merging 2 $equiv cells (from group of 3) using strategy deduplicate:
      Merging cells $auto$equiv_make.cc:294:find_same_wires$2255 and $auto$equiv_make.cc:294:find_same_wires$2223.
    Fwd merging 2 $equiv cells (from group of 3) using strategy deduplicate:
      Merging cells $auto$equiv_make.cc:294:find_same_wires$2254 and $auto$equiv_make.cc:294:find_same_wires$2222.
    Fwd merging 2 $equiv cells (from group of 3) using strategy deduplicate:
      Merging cells $auto$equiv_make.cc:294:find_same_wires$2253 and $auto$equiv_make.cc:294:find_same_wires$2221.
    Fwd merging 2 $equiv cells (from group of 3) using strategy deduplicate:
      Merging cells $auto$equiv_make.cc:294:find_same_wires$2252 and $auto$equiv_make.cc:294:find_same_wires$2220.
    Fwd merging 2 $equiv cells (from group of 3) using strategy deduplicate:
      Merging cells $auto$equiv_make.cc:294:find_same_wires$2251 and $auto$equiv_make.cc:294:find_same_wires$2219.
    Fwd merging 2 $equiv cells (from group of 3) using strategy deduplicate:
      Merging cells $auto$equiv_make.cc:294:find_same_wires$2250 and $auto$equiv_make.cc:294:find_same_wires$2218.
    Fwd merging 2 $equiv cells (from group of 3) using strategy deduplicate:
      Merging cells $auto$equiv_make.cc:294:find_same_wires$2249 and $auto$equiv_make.cc:294:find_same_wires$2217.
    Fwd merging 2 $equiv cells (from group of 3) using strategy deduplicate:
      Merging cells $auto$equiv_make.cc:294:find_same_wires$2248 and $auto$equiv_make.cc:294:find_same_wires$2216.
    Fwd merging 2 $equiv cells (from group of 3) using strategy deduplicate:
      Merging cells $auto$equiv_make.cc:294:find_same_wires$2247 and $auto$equiv_make.cc:294:find_same_wires$2215.
    Fwd merging 2 $equiv cells (from group of 2) using strategy deduplicate:
      Merging cells $auto$equiv_make.cc:294:find_same_wires$2212 and $auto$equiv_make.cc:294:find_same_wires$1241.
    Fwd merging 2 $equiv cells (from group of 2) using strategy deduplicate:
      Merging cells $auto$equiv_make.cc:294:find_same_wires$2019 and $auto$equiv_make.cc:294:find_same_wires$1176.
    Fwd merging 2 $equiv cells (from group of 2) using strategy deduplicate:
      Merging cells $auto$equiv_make.cc:294:find_same_wires$2018 and $auto$equiv_make.cc:294:find_same_wires$1175.
    Fwd merging 2 $equiv cells (from group of 2) using strategy deduplicate:
      Merging cells $auto$equiv_make.cc:294:find_same_wires$2017 and $auto$equiv_make.cc:294:find_same_wires$1174.
    Fwd merging 2 $equiv cells (from group of 2) using strategy deduplicate:
      Merging cells $auto$equiv_make.cc:294:find_same_wires$2016 and $auto$equiv_make.cc:294:find_same_wires$1173.
    Fwd merging 2 $equiv cells (from group of 2) using strategy deduplicate:
      Merging cells $auto$equiv_make.cc:294:find_same_wires$2015 and $auto$equiv_make.cc:294:find_same_wires$1172.
    Fwd merging 2 $equiv cells (from group of 2) using strategy deduplicate:
      Merging cells $auto$equiv_make.cc:294:find_same_wires$2014 and $auto$equiv_make.cc:294:find_same_wires$1171.
    Fwd merging 2 $equiv cells (from group of 2) using strategy deduplicate:
      Merging cells $auto$equiv_make.cc:294:find_same_wires$2013 and $auto$equiv_make.cc:294:find_same_wires$1170.
    Fwd merging 2 $equiv cells (from group of 2) using strategy deduplicate:
      Merging cells $auto$equiv_make.cc:294:find_same_wires$2012 and $auto$equiv_make.cc:294:find_same_wires$1169.
    Fwd merging 2 $equiv cells (from group of 2) using strategy deduplicate:
      Merging cells $auto$equiv_make.cc:294:find_same_wires$2011 and $auto$equiv_make.cc:294:find_same_wires$1168.
    Fwd merging 2 $equiv cells (from group of 2) using strategy deduplicate:
      Merging cells $auto$equiv_make.cc:294:find_same_wires$2010 and $auto$equiv_make.cc:294:find_same_wires$1167.
    Fwd merging 2 $equiv cells (from group of 2) using strategy deduplicate:
      Merging cells $auto$equiv_make.cc:294:find_same_wires$2009 and $auto$equiv_make.cc:294:find_same_wires$1166.
    Fwd merging 2 $equiv cells (from group of 2) using strategy deduplicate:
      Merging cells $auto$equiv_make.cc:294:find_same_wires$2008 and $auto$equiv_make.cc:294:find_same_wires$1165.
    Fwd merging 2 $equiv cells (from group of 2) using strategy deduplicate:
      Merging cells $auto$equiv_make.cc:294:find_same_wires$2007 and $auto$equiv_make.cc:294:find_same_wires$1164.
    Fwd merging 2 $equiv cells (from group of 2) using strategy deduplicate:
      Merging cells $auto$equiv_make.cc:294:find_same_wires$2006 and $auto$equiv_make.cc:294:find_same_wires$1163.
    Fwd merging 2 $equiv cells (from group of 2) using strategy deduplicate:
      Merging cells $auto$equiv_make.cc:294:find_same_wires$2005 and $auto$equiv_make.cc:294:find_same_wires$1162.
    Fwd merging 2 $equiv cells (from group of 2) using strategy deduplicate:
      Merging cells $auto$equiv_make.cc:294:find_same_wires$2004 and $auto$equiv_make.cc:294:find_same_wires$1161.
    Fwd merging 2 $equiv cells (from group of 2) using strategy deduplicate:
      Merging cells $auto$equiv_make.cc:294:find_same_wires$2003 and $auto$equiv_make.cc:294:find_same_wires$1160.
    Fwd merging 2 $equiv cells (from group of 2) using strategy deduplicate:
      Merging cells $auto$equiv_make.cc:294:find_same_wires$2002 and $auto$equiv_make.cc:294:find_same_wires$1159.
    Fwd merging 2 $equiv cells (from group of 2) using strategy deduplicate:
      Merging cells $auto$equiv_make.cc:294:find_same_wires$2001 and $auto$equiv_make.cc:294:find_same_wires$1158.
    Fwd merging 2 $equiv cells (from group of 2) using strategy deduplicate:
      Merging cells $auto$equiv_make.cc:294:find_same_wires$2000 and $auto$equiv_make.cc:294:find_same_wires$1157.
    Fwd merging 2 $equiv cells (from group of 2) using strategy deduplicate:
      Merging cells $auto$equiv_make.cc:294:find_same_wires$1999 and $auto$equiv_make.cc:294:find_same_wires$1156.
    Fwd merging 2 $equiv cells (from group of 2) using strategy deduplicate:
      Merging cells $auto$equiv_make.cc:294:find_same_wires$1998 and $auto$equiv_make.cc:294:find_same_wires$1155.
    Fwd merging 2 $equiv cells (from group of 2) using strategy deduplicate:
      Merging cells $auto$equiv_make.cc:294:find_same_wires$1997 and $auto$equiv_make.cc:294:find_same_wires$1154.
    Fwd merging 2 $equiv cells (from group of 2) using strategy deduplicate:
      Merging cells $auto$equiv_make.cc:294:find_same_wires$1996 and $auto$equiv_make.cc:294:find_same_wires$1153.
    Fwd merging 2 $equiv cells (from group of 2) using strategy deduplicate:
      Merging cells $auto$equiv_make.cc:294:find_same_wires$1995 and $auto$equiv_make.cc:294:find_same_wires$1152.
    Fwd merging 2 $equiv cells (from group of 2) using strategy deduplicate:
      Merging cells $auto$equiv_make.cc:294:find_same_wires$1994 and $auto$equiv_make.cc:294:find_same_wires$1151.
    Fwd merging 2 $equiv cells (from group of 2) using strategy deduplicate:
      Merging cells $auto$equiv_make.cc:294:find_same_wires$1993 and $auto$equiv_make.cc:294:find_same_wires$1150.
    Fwd merging 2 $equiv cells (from group of 2) using strategy deduplicate:
      Merging cells $auto$equiv_make.cc:294:find_same_wires$1992 and $auto$equiv_make.cc:294:find_same_wires$1149.
    Fwd merging 2 $equiv cells (from group of 2) using strategy deduplicate:
      Merging cells $auto$equiv_make.cc:294:find_same_wires$1991 and $auto$equiv_make.cc:294:find_same_wires$1148.
    Fwd merging 2 $equiv cells (from group of 2) using strategy deduplicate:
      Merging cells $auto$equiv_make.cc:294:find_same_wires$1990 and $auto$equiv_make.cc:294:find_same_wires$1147.
    Fwd merging 2 $equiv cells (from group of 2) using strategy deduplicate:
      Merging cells $auto$equiv_make.cc:294:find_same_wires$1989 and $auto$equiv_make.cc:294:find_same_wires$1146.
    Fwd merging 2 $equiv cells (from group of 2) using strategy deduplicate:
      Merging cells $auto$equiv_make.cc:294:find_same_wires$1988 and $auto$equiv_make.cc:294:find_same_wires$1145.
    Fwd merging 2 $equiv cells (from group of 2) using strategy deduplicate:
      Merging cells $auto$equiv_make.cc:294:find_same_wires$1987 and $auto$equiv_make.cc:294:find_same_wires$1144.
    Fwd merging 2 $equiv cells (from group of 2) using strategy deduplicate:
      Merging cells $auto$equiv_make.cc:294:find_same_wires$1986 and $auto$equiv_make.cc:294:find_same_wires$1143.
    Fwd merging 2 $equiv cells (from group of 2) using strategy deduplicate:
      Merging cells $auto$equiv_make.cc:294:find_same_wires$1985 and $auto$equiv_make.cc:294:find_same_wires$1142.
    Fwd merging 2 $equiv cells (from group of 2) using strategy deduplicate:
      Merging cells $auto$equiv_make.cc:294:find_same_wires$1984 and $auto$equiv_make.cc:294:find_same_wires$1141.
    Fwd merging 2 $equiv cells (from group of 2) using strategy deduplicate:
      Merging cells $auto$equiv_make.cc:294:find_same_wires$1983 and $auto$equiv_make.cc:294:find_same_wires$1140.
    Fwd merging 2 $equiv cells (from group of 2) using strategy deduplicate:
      Merging cells $auto$equiv_make.cc:294:find_same_wires$1982 and $auto$equiv_make.cc:294:find_same_wires$1139.
    Fwd merging 2 $equiv cells (from group of 2) using strategy deduplicate:
      Merging cells $auto$equiv_make.cc:294:find_same_wires$1981 and $auto$equiv_make.cc:294:find_same_wires$1138.
    Fwd merging 2 $equiv cells (from group of 2) using strategy deduplicate:
      Merging cells $auto$equiv_make.cc:294:find_same_wires$1980 and $auto$equiv_make.cc:294:find_same_wires$1137.
    Fwd merging 2 $equiv cells (from group of 2) using strategy deduplicate:
      Merging cells $auto$equiv_make.cc:294:find_same_wires$1979 and $auto$equiv_make.cc:294:find_same_wires$1136.
    Fwd merging 2 $equiv cells (from group of 2) using strategy deduplicate:
      Merging cells $auto$equiv_make.cc:294:find_same_wires$1978 and $auto$equiv_make.cc:294:find_same_wires$1135.
    Fwd merging 2 $equiv cells (from group of 2) using strategy deduplicate:
      Merging cells $auto$equiv_make.cc:294:find_same_wires$1977 and $auto$equiv_make.cc:294:find_same_wires$1134.
    Fwd merging 2 $equiv cells (from group of 2) using strategy deduplicate:
      Merging cells $auto$equiv_make.cc:294:find_same_wires$1976 and $auto$equiv_make.cc:294:find_same_wires$1133.
    Fwd merging 2 $equiv cells (from group of 2) using strategy deduplicate:
      Merging cells $auto$equiv_make.cc:294:find_same_wires$1975 and $auto$equiv_make.cc:294:find_same_wires$1132.
    Fwd merging 2 $equiv cells (from group of 2) using strategy deduplicate:
      Merging cells $auto$equiv_make.cc:294:find_same_wires$1974 and $auto$equiv_make.cc:294:find_same_wires$1131.
    Fwd merging 2 $equiv cells (from group of 2) using strategy deduplicate:
      Merging cells $auto$equiv_make.cc:294:find_same_wires$1973 and $auto$equiv_make.cc:294:find_same_wires$1130.
    Fwd merging 2 $equiv cells (from group of 2) using strategy deduplicate:
      Merging cells $auto$equiv_make.cc:294:find_same_wires$1972 and $auto$equiv_make.cc:294:find_same_wires$1129.
    Fwd merging 2 $equiv cells (from group of 2) using strategy deduplicate:
      Merging cells $auto$equiv_make.cc:294:find_same_wires$1971 and $auto$equiv_make.cc:294:find_same_wires$1128.
    Fwd merging 2 $equiv cells (from group of 2) using strategy deduplicate:
      Merging cells $auto$equiv_make.cc:294:find_same_wires$1970 and $auto$equiv_make.cc:294:find_same_wires$1127.
    Fwd merging 2 $equiv cells (from group of 2) using strategy deduplicate:
      Merging cells $auto$equiv_make.cc:294:find_same_wires$1969 and $auto$equiv_make.cc:294:find_same_wires$1126.
    Fwd merging 2 $equiv cells (from group of 2) using strategy deduplicate:
      Merging cells $auto$equiv_make.cc:294:find_same_wires$1968 and $auto$equiv_make.cc:294:find_same_wires$1125.
    Fwd merging 2 $equiv cells (from group of 2) using strategy deduplicate:
      Merging cells $auto$equiv_make.cc:294:find_same_wires$1967 and $auto$equiv_make.cc:294:find_same_wires$1124.
    Fwd merging 2 $equiv cells (from group of 2) using strategy deduplicate:
      Merging cells $auto$equiv_make.cc:294:find_same_wires$1966 and $auto$equiv_make.cc:294:find_same_wires$1123.
    Fwd merging 2 $equiv cells (from group of 2) using strategy deduplicate:
      Merging cells $auto$equiv_make.cc:294:find_same_wires$1965 and $auto$equiv_make.cc:294:find_same_wires$1122.
    Fwd merging 2 $equiv cells (from group of 2) using strategy deduplicate:
      Merging cells $auto$equiv_make.cc:294:find_same_wires$1964 and $auto$equiv_make.cc:294:find_same_wires$1121.
    Fwd merging 2 $equiv cells (from group of 2) using strategy deduplicate:
      Merging cells $auto$equiv_make.cc:294:find_same_wires$1963 and $auto$equiv_make.cc:294:find_same_wires$1120.
    Fwd merging 2 $equiv cells (from group of 2) using strategy deduplicate:
      Merging cells $auto$equiv_make.cc:294:find_same_wires$1962 and $auto$equiv_make.cc:294:find_same_wires$1119.
    Fwd merging 2 $equiv cells (from group of 2) using strategy deduplicate:
      Merging cells $auto$equiv_make.cc:294:find_same_wires$1961 and $auto$equiv_make.cc:294:find_same_wires$1118.
    Fwd merging 2 $equiv cells (from group of 2) using strategy deduplicate:
      Merging cells $auto$equiv_make.cc:294:find_same_wires$1960 and $auto$equiv_make.cc:294:find_same_wires$1117.
    Fwd merging 2 $equiv cells (from group of 2) using strategy deduplicate:
      Merging cells $auto$equiv_make.cc:294:find_same_wires$1959 and $auto$equiv_make.cc:294:find_same_wires$1116.
    Fwd merging 2 $equiv cells (from group of 2) using strategy deduplicate:
      Merging cells $auto$equiv_make.cc:294:find_same_wires$1958 and $auto$equiv_make.cc:294:find_same_wires$1115.
    Fwd merging 2 $equiv cells (from group of 2) using strategy deduplicate:
      Merging cells $auto$equiv_make.cc:294:find_same_wires$1957 and $auto$equiv_make.cc:294:find_same_wires$1114.
    Fwd merging 2 $equiv cells (from group of 2) using strategy deduplicate:
      Merging cells $auto$equiv_make.cc:294:find_same_wires$1956 and $auto$equiv_make.cc:294:find_same_wires$1113.
    Fwd merging 2 $equiv cells (from group of 2) using strategy deduplicate:
      Merging cells $auto$equiv_make.cc:294:find_same_wires$1955 and $auto$equiv_make.cc:294:find_same_wires$1112.
    Fwd merging 2 $equiv cells (from group of 2) using strategy deduplicate:
      Merging cells $auto$equiv_make.cc:294:find_same_wires$1952 and $auto$equiv_make.cc:294:find_same_wires$1110.
    Fwd merging 2 $equiv cells (from group of 3) using strategy deduplicate:
      Merging cells $auto$equiv_make.cc:294:find_same_wires$1951 and $auto$equiv_make.cc:294:find_same_wires$1887.
    Fwd merging 2 $equiv cells (from group of 3) using strategy deduplicate:
      Merging cells $auto$equiv_make.cc:294:find_same_wires$1950 and $auto$equiv_make.cc:294:find_same_wires$1886.
    Fwd merging 2 $equiv cells (from group of 3) using strategy deduplicate:
      Merging cells $auto$equiv_make.cc:294:find_same_wires$1949 and $auto$equiv_make.cc:294:find_same_wires$1885.
    Fwd merging 2 $equiv cells (from group of 3) using strategy deduplicate:
      Merging cells $auto$equiv_make.cc:294:find_same_wires$1948 and $auto$equiv_make.cc:294:find_same_wires$1884.
    Fwd merging 2 $equiv cells (from group of 3) using strategy deduplicate:
      Merging cells $auto$equiv_make.cc:294:find_same_wires$1947 and $auto$equiv_make.cc:294:find_same_wires$1883.
    Fwd merging 2 $equiv cells (from group of 3) using strategy deduplicate:
      Merging cells $auto$equiv_make.cc:294:find_same_wires$1946 and $auto$equiv_make.cc:294:find_same_wires$1882.
    Fwd merging 2 $equiv cells (from group of 3) using strategy deduplicate:
      Merging cells $auto$equiv_make.cc:294:find_same_wires$1945 and $auto$equiv_make.cc:294:find_same_wires$1881.
    Fwd merging 2 $equiv cells (from group of 3) using strategy deduplicate:
      Merging cells $auto$equiv_make.cc:294:find_same_wires$1944 and $auto$equiv_make.cc:294:find_same_wires$1880.
    Fwd merging 2 $equiv cells (from group of 3) using strategy deduplicate:
      Merging cells $auto$equiv_make.cc:294:find_same_wires$1943 and $auto$equiv_make.cc:294:find_same_wires$1879.
    Fwd merging 2 $equiv cells (from group of 3) using strategy deduplicate:
      Merging cells $auto$equiv_make.cc:294:find_same_wires$1942 and $auto$equiv_make.cc:294:find_same_wires$1878.
    Fwd merging 2 $equiv cells (from group of 3) using strategy deduplicate:
      Merging cells $auto$equiv_make.cc:294:find_same_wires$1941 and $auto$equiv_make.cc:294:find_same_wires$1877.
    Fwd merging 2 $equiv cells (from group of 3) using strategy deduplicate:
      Merging cells $auto$equiv_make.cc:294:find_same_wires$1940 and $auto$equiv_make.cc:294:find_same_wires$1876.
    Fwd merging 2 $equiv cells (from group of 3) using strategy deduplicate:
      Merging cells $auto$equiv_make.cc:294:find_same_wires$1939 and $auto$equiv_make.cc:294:find_same_wires$1875.
    Fwd merging 2 $equiv cells (from group of 3) using strategy deduplicate:
      Merging cells $auto$equiv_make.cc:294:find_same_wires$1938 and $auto$equiv_make.cc:294:find_same_wires$1874.
    Fwd merging 2 $equiv cells (from group of 3) using strategy deduplicate:
      Merging cells $auto$equiv_make.cc:294:find_same_wires$1937 and $auto$equiv_make.cc:294:find_same_wires$1873.
    Fwd merging 2 $equiv cells (from group of 3) using strategy deduplicate:
      Merging cells $auto$equiv_make.cc:294:find_same_wires$1936 and $auto$equiv_make.cc:294:find_same_wires$1872.
    Fwd merging 2 $equiv cells (from group of 3) using strategy deduplicate:
      Merging cells $auto$equiv_make.cc:294:find_same_wires$1935 and $auto$equiv_make.cc:294:find_same_wires$1871.
    Fwd merging 2 $equiv cells (from group of 3) using strategy deduplicate:
      Merging cells $auto$equiv_make.cc:294:find_same_wires$1934 and $auto$equiv_make.cc:294:find_same_wires$1870.
    Fwd merging 2 $equiv cells (from group of 3) using strategy deduplicate:
      Merging cells $auto$equiv_make.cc:294:find_same_wires$1933 and $auto$equiv_make.cc:294:find_same_wires$1869.
    Fwd merging 2 $equiv cells (from group of 3) using strategy deduplicate:
      Merging cells $auto$equiv_make.cc:294:find_same_wires$1932 and $auto$equiv_make.cc:294:find_same_wires$1868.
    Fwd merging 2 $equiv cells (from group of 3) using strategy deduplicate:
      Merging cells $auto$equiv_make.cc:294:find_same_wires$1931 and $auto$equiv_make.cc:294:find_same_wires$1867.
    Fwd merging 2 $equiv cells (from group of 3) using strategy deduplicate:
      Merging cells $auto$equiv_make.cc:294:find_same_wires$1930 and $auto$equiv_make.cc:294:find_same_wires$1866.
    Fwd merging 2 $equiv cells (from group of 3) using strategy deduplicate:
      Merging cells $auto$equiv_make.cc:294:find_same_wires$1929 and $auto$equiv_make.cc:294:find_same_wires$1865.
    Fwd merging 2 $equiv cells (from group of 3) using strategy deduplicate:
      Merging cells $auto$equiv_make.cc:294:find_same_wires$1928 and $auto$equiv_make.cc:294:find_same_wires$1864.
    Fwd merging 2 $equiv cells (from group of 3) using strategy deduplicate:
      Merging cells $auto$equiv_make.cc:294:find_same_wires$1927 and $auto$equiv_make.cc:294:find_same_wires$1863.
    Fwd merging 2 $equiv cells (from group of 3) using strategy deduplicate:
      Merging cells $auto$equiv_make.cc:294:find_same_wires$1926 and $auto$equiv_make.cc:294:find_same_wires$1862.
    Fwd merging 2 $equiv cells (from group of 3) using strategy deduplicate:
      Merging cells $auto$equiv_make.cc:294:find_same_wires$1925 and $auto$equiv_make.cc:294:find_same_wires$1861.
    Fwd merging 2 $equiv cells (from group of 3) using strategy deduplicate:
      Merging cells $auto$equiv_make.cc:294:find_same_wires$1924 and $auto$equiv_make.cc:294:find_same_wires$1860.
    Fwd merging 2 $equiv cells (from group of 3) using strategy deduplicate:
      Merging cells $auto$equiv_make.cc:294:find_same_wires$1923 and $auto$equiv_make.cc:294:find_same_wires$1859.
    Fwd merging 2 $equiv cells (from group of 3) using strategy deduplicate:
      Merging cells $auto$equiv_make.cc:294:find_same_wires$1922 and $auto$equiv_make.cc:294:find_same_wires$1858.
    Fwd merging 2 $equiv cells (from group of 3) using strategy deduplicate:
      Merging cells $auto$equiv_make.cc:294:find_same_wires$1921 and $auto$equiv_make.cc:294:find_same_wires$1857.
    Fwd merging 2 $equiv cells (from group of 3) using strategy deduplicate:
      Merging cells $auto$equiv_make.cc:294:find_same_wires$1920 and $auto$equiv_make.cc:294:find_same_wires$1856.
    Fwd merging 2 $equiv cells (from group of 3) using strategy deduplicate:
      Merging cells $auto$equiv_make.cc:294:find_same_wires$1919 and $auto$equiv_make.cc:294:find_same_wires$1855.
    Fwd merging 2 $equiv cells (from group of 3) using strategy deduplicate:
      Merging cells $auto$equiv_make.cc:294:find_same_wires$1918 and $auto$equiv_make.cc:294:find_same_wires$1854.
    Fwd merging 2 $equiv cells (from group of 3) using strategy deduplicate:
      Merging cells $auto$equiv_make.cc:294:find_same_wires$1917 and $auto$equiv_make.cc:294:find_same_wires$1853.
    Fwd merging 2 $equiv cells (from group of 3) using strategy deduplicate:
      Merging cells $auto$equiv_make.cc:294:find_same_wires$1916 and $auto$equiv_make.cc:294:find_same_wires$1852.
    Fwd merging 2 $equiv cells (from group of 3) using strategy deduplicate:
      Merging cells $auto$equiv_make.cc:294:find_same_wires$1915 and $auto$equiv_make.cc:294:find_same_wires$1851.
    Fwd merging 2 $equiv cells (from group of 3) using strategy deduplicate:
      Merging cells $auto$equiv_make.cc:294:find_same_wires$1914 and $auto$equiv_make.cc:294:find_same_wires$1850.
    Fwd merging 2 $equiv cells (from group of 3) using strategy deduplicate:
      Merging cells $auto$equiv_make.cc:294:find_same_wires$1913 and $auto$equiv_make.cc:294:find_same_wires$1849.
    Fwd merging 2 $equiv cells (from group of 3) using strategy deduplicate:
      Merging cells $auto$equiv_make.cc:294:find_same_wires$1912 and $auto$equiv_make.cc:294:find_same_wires$1848.
    Fwd merging 2 $equiv cells (from group of 3) using strategy deduplicate:
      Merging cells $auto$equiv_make.cc:294:find_same_wires$1911 and $auto$equiv_make.cc:294:find_same_wires$1847.
    Fwd merging 2 $equiv cells (from group of 3) using strategy deduplicate:
      Merging cells $auto$equiv_make.cc:294:find_same_wires$1910 and $auto$equiv_make.cc:294:find_same_wires$1846.
    Fwd merging 2 $equiv cells (from group of 3) using strategy deduplicate:
      Merging cells $auto$equiv_make.cc:294:find_same_wires$1909 and $auto$equiv_make.cc:294:find_same_wires$1845.
    Fwd merging 2 $equiv cells (from group of 3) using strategy deduplicate:
      Merging cells $auto$equiv_make.cc:294:find_same_wires$1908 and $auto$equiv_make.cc:294:find_same_wires$1844.
    Fwd merging 2 $equiv cells (from group of 3) using strategy deduplicate:
      Merging cells $auto$equiv_make.cc:294:find_same_wires$1907 and $auto$equiv_make.cc:294:find_same_wires$1843.
    Fwd merging 2 $equiv cells (from group of 3) using strategy deduplicate:
      Merging cells $auto$equiv_make.cc:294:find_same_wires$1906 and $auto$equiv_make.cc:294:find_same_wires$1842.
    Fwd merging 2 $equiv cells (from group of 3) using strategy deduplicate:
      Merging cells $auto$equiv_make.cc:294:find_same_wires$1905 and $auto$equiv_make.cc:294:find_same_wires$1841.
    Fwd merging 2 $equiv cells (from group of 3) using strategy deduplicate:
      Merging cells $auto$equiv_make.cc:294:find_same_wires$1904 and $auto$equiv_make.cc:294:find_same_wires$1840.
    Fwd merging 2 $equiv cells (from group of 3) using strategy deduplicate:
      Merging cells $auto$equiv_make.cc:294:find_same_wires$1903 and $auto$equiv_make.cc:294:find_same_wires$1839.
    Fwd merging 2 $equiv cells (from group of 3) using strategy deduplicate:
      Merging cells $auto$equiv_make.cc:294:find_same_wires$1902 and $auto$equiv_make.cc:294:find_same_wires$1838.
    Fwd merging 2 $equiv cells (from group of 3) using strategy deduplicate:
      Merging cells $auto$equiv_make.cc:294:find_same_wires$1901 and $auto$equiv_make.cc:294:find_same_wires$1837.
    Fwd merging 2 $equiv cells (from group of 3) using strategy deduplicate:
      Merging cells $auto$equiv_make.cc:294:find_same_wires$1900 and $auto$equiv_make.cc:294:find_same_wires$1836.
    Fwd merging 2 $equiv cells (from group of 3) using strategy deduplicate:
      Merging cells $auto$equiv_make.cc:294:find_same_wires$1899 and $auto$equiv_make.cc:294:find_same_wires$1835.
    Fwd merging 2 $equiv cells (from group of 3) using strategy deduplicate:
      Merging cells $auto$equiv_make.cc:294:find_same_wires$1898 and $auto$equiv_make.cc:294:find_same_wires$1834.
    Fwd merging 2 $equiv cells (from group of 3) using strategy deduplicate:
      Merging cells $auto$equiv_make.cc:294:find_same_wires$1897 and $auto$equiv_make.cc:294:find_same_wires$1833.
    Fwd merging 2 $equiv cells (from group of 3) using strategy deduplicate:
      Merging cells $auto$equiv_make.cc:294:find_same_wires$1896 and $auto$equiv_make.cc:294:find_same_wires$1832.
    Fwd merging 2 $equiv cells (from group of 3) using strategy deduplicate:
      Merging cells $auto$equiv_make.cc:294:find_same_wires$1895 and $auto$equiv_make.cc:294:find_same_wires$1831.
    Fwd merging 2 $equiv cells (from group of 3) using strategy deduplicate:
      Merging cells $auto$equiv_make.cc:294:find_same_wires$1894 and $auto$equiv_make.cc:294:find_same_wires$1830.
    Fwd merging 2 $equiv cells (from group of 3) using strategy deduplicate:
      Merging cells $auto$equiv_make.cc:294:find_same_wires$1893 and $auto$equiv_make.cc:294:find_same_wires$1829.
    Fwd merging 2 $equiv cells (from group of 3) using strategy deduplicate:
      Merging cells $auto$equiv_make.cc:294:find_same_wires$1892 and $auto$equiv_make.cc:294:find_same_wires$1828.
    Fwd merging 2 $equiv cells (from group of 3) using strategy deduplicate:
      Merging cells $auto$equiv_make.cc:294:find_same_wires$1891 and $auto$equiv_make.cc:294:find_same_wires$1827.
    Fwd merging 2 $equiv cells (from group of 3) using strategy deduplicate:
      Merging cells $auto$equiv_make.cc:294:find_same_wires$1890 and $auto$equiv_make.cc:294:find_same_wires$1826.
    Fwd merging 2 $equiv cells (from group of 3) using strategy deduplicate:
      Merging cells $auto$equiv_make.cc:294:find_same_wires$1889 and $auto$equiv_make.cc:294:find_same_wires$1825.
    Fwd merging 2 $equiv cells (from group of 3) using strategy deduplicate:
      Merging cells $auto$equiv_make.cc:294:find_same_wires$1888 and $auto$equiv_make.cc:294:find_same_wires$1824.
    Fwd merging 2 $equiv cells (from group of 2) using strategy deduplicate:
      Merging cells $auto$equiv_make.cc:294:find_same_wires$1821 and $auto$equiv_make.cc:294:find_same_wires$1108.
    Fwd merging 2 $equiv cells (from group of 2) using strategy deduplicate:
      Merging cells $auto$equiv_make.cc:294:find_same_wires$1820 and $auto$equiv_make.cc:294:find_same_wires$1107.
    Fwd merging 2 $equiv cells (from group of 2) using strategy deduplicate:
      Merging cells $auto$equiv_make.cc:294:find_same_wires$1819 and $auto$equiv_make.cc:294:find_same_wires$1106.
    Fwd merging 2 $equiv cells (from group of 2) using strategy deduplicate:
      Merging cells $auto$equiv_make.cc:294:find_same_wires$1818 and $auto$equiv_make.cc:294:find_same_wires$1105.
    Fwd merging 2 $equiv cells (from group of 3) using strategy deduplicate:
      Merging cells $auto$equiv_make.cc:294:find_same_wires$2295 and $auto$equiv_make.cc:294:find_same_wires$1474.
    Fwd merging 4 $equiv cells (from group of 4) using strategy deduplicate:
      Merging cells $auto$equiv_make.cc:294:find_same_wires$1954 and $auto$equiv_make.cc:294:find_same_wires$1953.
      Merging cells $auto$equiv_make.cc:294:find_same_wires$1345 and $auto$equiv_make.cc:294:find_same_wires$1111.
    Fwd merging 2 $equiv cells (from group of 3) using strategy deduplicate:
      Merging cells $auto$equiv_make.cc:294:find_same_wires$2213 and $auto$equiv_make.cc:294:find_same_wires$1343.
    Fwd merging 2 $equiv cells (from group of 3) using strategy deduplicate:
      Merging cells $auto$equiv_make.cc:294:find_same_wires$2147 and $auto$equiv_make.cc:294:find_same_wires$1342.
    Fwd merging 2 $equiv cells (from group of 3) using strategy deduplicate:
      Merging cells $auto$equiv_make.cc:294:find_same_wires$2146 and $auto$equiv_make.cc:294:find_same_wires$1341.
    Fwd merging 2 $equiv cells (from group of 3) using strategy deduplicate:
      Merging cells $auto$equiv_make.cc:294:find_same_wires$2145 and $auto$equiv_make.cc:294:find_same_wires$1340.
    Fwd merging 2 $equiv cells (from group of 3) using strategy deduplicate:
      Merging cells $auto$equiv_make.cc:294:find_same_wires$2144 and $auto$equiv_make.cc:294:find_same_wires$1339.
    Fwd merging 2 $equiv cells (from group of 3) using strategy deduplicate:
      Merging cells $auto$equiv_make.cc:294:find_same_wires$2143 and $auto$equiv_make.cc:294:find_same_wires$1338.
    Fwd merging 2 $equiv cells (from group of 3) using strategy deduplicate:
      Merging cells $auto$equiv_make.cc:294:find_same_wires$2142 and $auto$equiv_make.cc:294:find_same_wires$1337.
    Fwd merging 2 $equiv cells (from group of 3) using strategy deduplicate:
      Merging cells $auto$equiv_make.cc:294:find_same_wires$2141 and $auto$equiv_make.cc:294:find_same_wires$1336.
    Fwd merging 2 $equiv cells (from group of 3) using strategy deduplicate:
      Merging cells $auto$equiv_make.cc:294:find_same_wires$2140 and $auto$equiv_make.cc:294:find_same_wires$1335.
    Fwd merging 2 $equiv cells (from group of 3) using strategy deduplicate:
      Merging cells $auto$equiv_make.cc:294:find_same_wires$2139 and $auto$equiv_make.cc:294:find_same_wires$1334.
    Fwd merging 2 $equiv cells (from group of 3) using strategy deduplicate:
      Merging cells $auto$equiv_make.cc:294:find_same_wires$2138 and $auto$equiv_make.cc:294:find_same_wires$1333.
    Fwd merging 2 $equiv cells (from group of 3) using strategy deduplicate:
      Merging cells $auto$equiv_make.cc:294:find_same_wires$2137 and $auto$equiv_make.cc:294:find_same_wires$1332.
    Fwd merging 2 $equiv cells (from group of 3) using strategy deduplicate:
      Merging cells $auto$equiv_make.cc:294:find_same_wires$2136 and $auto$equiv_make.cc:294:find_same_wires$1331.
    Fwd merging 2 $equiv cells (from group of 3) using strategy deduplicate:
      Merging cells $auto$equiv_make.cc:294:find_same_wires$2135 and $auto$equiv_make.cc:294:find_same_wires$1330.
    Fwd merging 2 $equiv cells (from group of 3) using strategy deduplicate:
      Merging cells $auto$equiv_make.cc:294:find_same_wires$2134 and $auto$equiv_make.cc:294:find_same_wires$1329.
    Fwd merging 2 $equiv cells (from group of 3) using strategy deduplicate:
      Merging cells $auto$equiv_make.cc:294:find_same_wires$2133 and $auto$equiv_make.cc:294:find_same_wires$1328.
    Fwd merging 2 $equiv cells (from group of 3) using strategy deduplicate:
      Merging cells $auto$equiv_make.cc:294:find_same_wires$2132 and $auto$equiv_make.cc:294:find_same_wires$1327.
    Fwd merging 2 $equiv cells (from group of 3) using strategy deduplicate:
      Merging cells $auto$equiv_make.cc:294:find_same_wires$2131 and $auto$equiv_make.cc:294:find_same_wires$1326.
    Fwd merging 2 $equiv cells (from group of 3) using strategy deduplicate:
      Merging cells $auto$equiv_make.cc:294:find_same_wires$2130 and $auto$equiv_make.cc:294:find_same_wires$1325.
    Fwd merging 2 $equiv cells (from group of 3) using strategy deduplicate:
      Merging cells $auto$equiv_make.cc:294:find_same_wires$2129 and $auto$equiv_make.cc:294:find_same_wires$1324.
    Fwd merging 2 $equiv cells (from group of 3) using strategy deduplicate:
      Merging cells $auto$equiv_make.cc:294:find_same_wires$2128 and $auto$equiv_make.cc:294:find_same_wires$1323.
    Fwd merging 2 $equiv cells (from group of 3) using strategy deduplicate:
      Merging cells $auto$equiv_make.cc:294:find_same_wires$2127 and $auto$equiv_make.cc:294:find_same_wires$1322.
    Fwd merging 2 $equiv cells (from group of 3) using strategy deduplicate:
      Merging cells $auto$equiv_make.cc:294:find_same_wires$2126 and $auto$equiv_make.cc:294:find_same_wires$1321.
    Fwd merging 2 $equiv cells (from group of 3) using strategy deduplicate:
      Merging cells $auto$equiv_make.cc:294:find_same_wires$2125 and $auto$equiv_make.cc:294:find_same_wires$1320.
    Fwd merging 2 $equiv cells (from group of 3) using strategy deduplicate:
      Merging cells $auto$equiv_make.cc:294:find_same_wires$2124 and $auto$equiv_make.cc:294:find_same_wires$1319.
    Fwd merging 2 $equiv cells (from group of 3) using strategy deduplicate:
      Merging cells $auto$equiv_make.cc:294:find_same_wires$2123 and $auto$equiv_make.cc:294:find_same_wires$1318.
    Fwd merging 2 $equiv cells (from group of 3) using strategy deduplicate:
      Merging cells $auto$equiv_make.cc:294:find_same_wires$2122 and $auto$equiv_make.cc:294:find_same_wires$1317.
    Fwd merging 2 $equiv cells (from group of 3) using strategy deduplicate:
      Merging cells $auto$equiv_make.cc:294:find_same_wires$2121 and $auto$equiv_make.cc:294:find_same_wires$1316.
    Fwd merging 2 $equiv cells (from group of 3) using strategy deduplicate:
      Merging cells $auto$equiv_make.cc:294:find_same_wires$2120 and $auto$equiv_make.cc:294:find_same_wires$1315.
    Fwd merging 2 $equiv cells (from group of 3) using strategy deduplicate:
      Merging cells $auto$equiv_make.cc:294:find_same_wires$2119 and $auto$equiv_make.cc:294:find_same_wires$1314.
    Fwd merging 2 $equiv cells (from group of 3) using strategy deduplicate:
      Merging cells $auto$equiv_make.cc:294:find_same_wires$2118 and $auto$equiv_make.cc:294:find_same_wires$1313.
    Fwd merging 2 $equiv cells (from group of 3) using strategy deduplicate:
      Merging cells $auto$equiv_make.cc:294:find_same_wires$2117 and $auto$equiv_make.cc:294:find_same_wires$1312.
    Fwd merging 2 $equiv cells (from group of 3) using strategy deduplicate:
      Merging cells $auto$equiv_make.cc:294:find_same_wires$2116 and $auto$equiv_make.cc:294:find_same_wires$1311.
    Fwd merging 2 $equiv cells (from group of 3) using strategy deduplicate:
      Merging cells $auto$equiv_make.cc:294:find_same_wires$2115 and $auto$equiv_make.cc:294:find_same_wires$1310.
    Fwd merging 2 $equiv cells (from group of 3) using strategy deduplicate:
      Merging cells $auto$equiv_make.cc:294:find_same_wires$2114 and $auto$equiv_make.cc:294:find_same_wires$1309.
    Fwd merging 2 $equiv cells (from group of 3) using strategy deduplicate:
      Merging cells $auto$equiv_make.cc:294:find_same_wires$2113 and $auto$equiv_make.cc:294:find_same_wires$1308.
    Fwd merging 2 $equiv cells (from group of 3) using strategy deduplicate:
      Merging cells $auto$equiv_make.cc:294:find_same_wires$2112 and $auto$equiv_make.cc:294:find_same_wires$1307.
    Fwd merging 2 $equiv cells (from group of 3) using strategy deduplicate:
      Merging cells $auto$equiv_make.cc:294:find_same_wires$2111 and $auto$equiv_make.cc:294:find_same_wires$1306.
    Fwd merging 2 $equiv cells (from group of 3) using strategy deduplicate:
      Merging cells $auto$equiv_make.cc:294:find_same_wires$2110 and $auto$equiv_make.cc:294:find_same_wires$1305.
    Fwd merging 2 $equiv cells (from group of 3) using strategy deduplicate:
      Merging cells $auto$equiv_make.cc:294:find_same_wires$2109 and $auto$equiv_make.cc:294:find_same_wires$1304.
    Fwd merging 2 $equiv cells (from group of 3) using strategy deduplicate:
      Merging cells $auto$equiv_make.cc:294:find_same_wires$2108 and $auto$equiv_make.cc:294:find_same_wires$1303.
    Fwd merging 2 $equiv cells (from group of 3) using strategy deduplicate:
      Merging cells $auto$equiv_make.cc:294:find_same_wires$2107 and $auto$equiv_make.cc:294:find_same_wires$1302.
    Fwd merging 2 $equiv cells (from group of 3) using strategy deduplicate:
      Merging cells $auto$equiv_make.cc:294:find_same_wires$2106 and $auto$equiv_make.cc:294:find_same_wires$1301.
    Fwd merging 2 $equiv cells (from group of 3) using strategy deduplicate:
      Merging cells $auto$equiv_make.cc:294:find_same_wires$2105 and $auto$equiv_make.cc:294:find_same_wires$1300.
    Fwd merging 2 $equiv cells (from group of 3) using strategy deduplicate:
      Merging cells $auto$equiv_make.cc:294:find_same_wires$2104 and $auto$equiv_make.cc:294:find_same_wires$1299.
    Fwd merging 2 $equiv cells (from group of 3) using strategy deduplicate:
      Merging cells $auto$equiv_make.cc:294:find_same_wires$2103 and $auto$equiv_make.cc:294:find_same_wires$1298.
    Fwd merging 2 $equiv cells (from group of 3) using strategy deduplicate:
      Merging cells $auto$equiv_make.cc:294:find_same_wires$2102 and $auto$equiv_make.cc:294:find_same_wires$1297.
    Fwd merging 2 $equiv cells (from group of 3) using strategy deduplicate:
      Merging cells $auto$equiv_make.cc:294:find_same_wires$2101 and $auto$equiv_make.cc:294:find_same_wires$1296.
    Fwd merging 2 $equiv cells (from group of 3) using strategy deduplicate:
      Merging cells $auto$equiv_make.cc:294:find_same_wires$2100 and $auto$equiv_make.cc:294:find_same_wires$1295.
    Fwd merging 2 $equiv cells (from group of 3) using strategy deduplicate:
      Merging cells $auto$equiv_make.cc:294:find_same_wires$2099 and $auto$equiv_make.cc:294:find_same_wires$1294.
    Fwd merging 2 $equiv cells (from group of 3) using strategy deduplicate:
      Merging cells $auto$equiv_make.cc:294:find_same_wires$2098 and $auto$equiv_make.cc:294:find_same_wires$1293.
    Fwd merging 2 $equiv cells (from group of 3) using strategy deduplicate:
      Merging cells $auto$equiv_make.cc:294:find_same_wires$2097 and $auto$equiv_make.cc:294:find_same_wires$1292.
    Fwd merging 2 $equiv cells (from group of 3) using strategy deduplicate:
      Merging cells $auto$equiv_make.cc:294:find_same_wires$2096 and $auto$equiv_make.cc:294:find_same_wires$1291.
    Fwd merging 2 $equiv cells (from group of 3) using strategy deduplicate:
      Merging cells $auto$equiv_make.cc:294:find_same_wires$2095 and $auto$equiv_make.cc:294:find_same_wires$1290.
    Fwd merging 2 $equiv cells (from group of 3) using strategy deduplicate:
      Merging cells $auto$equiv_make.cc:294:find_same_wires$2094 and $auto$equiv_make.cc:294:find_same_wires$1289.
    Fwd merging 2 $equiv cells (from group of 3) using strategy deduplicate:
      Merging cells $auto$equiv_make.cc:294:find_same_wires$2093 and $auto$equiv_make.cc:294:find_same_wires$1288.
    Fwd merging 2 $equiv cells (from group of 3) using strategy deduplicate:
      Merging cells $auto$equiv_make.cc:294:find_same_wires$2092 and $auto$equiv_make.cc:294:find_same_wires$1287.
    Fwd merging 2 $equiv cells (from group of 3) using strategy deduplicate:
      Merging cells $auto$equiv_make.cc:294:find_same_wires$2091 and $auto$equiv_make.cc:294:find_same_wires$1286.
    Fwd merging 2 $equiv cells (from group of 3) using strategy deduplicate:
      Merging cells $auto$equiv_make.cc:294:find_same_wires$2090 and $auto$equiv_make.cc:294:find_same_wires$1285.
    Fwd merging 2 $equiv cells (from group of 3) using strategy deduplicate:
      Merging cells $auto$equiv_make.cc:294:find_same_wires$2089 and $auto$equiv_make.cc:294:find_same_wires$1284.
    Fwd merging 2 $equiv cells (from group of 3) using strategy deduplicate:
      Merging cells $auto$equiv_make.cc:294:find_same_wires$2088 and $auto$equiv_make.cc:294:find_same_wires$1283.
    Fwd merging 2 $equiv cells (from group of 3) using strategy deduplicate:
      Merging cells $auto$equiv_make.cc:294:find_same_wires$2087 and $auto$equiv_make.cc:294:find_same_wires$1282.
    Fwd merging 2 $equiv cells (from group of 3) using strategy deduplicate:
      Merging cells $auto$equiv_make.cc:294:find_same_wires$2086 and $auto$equiv_make.cc:294:find_same_wires$1281.
    Fwd merging 2 $equiv cells (from group of 3) using strategy deduplicate:
      Merging cells $auto$equiv_make.cc:294:find_same_wires$2085 and $auto$equiv_make.cc:294:find_same_wires$1280.
    Fwd merging 2 $equiv cells (from group of 3) using strategy deduplicate:
      Merging cells $auto$equiv_make.cc:294:find_same_wires$2084 and $auto$equiv_make.cc:294:find_same_wires$1279.
    Fwd merging 2 $equiv cells (from group of 3) using strategy deduplicate:
      Merging cells $auto$equiv_make.cc:294:find_same_wires$1814 and $auto$equiv_make.cc:294:find_same_wires$1277.
    Fwd merging 2 $equiv cells (from group of 3) using strategy deduplicate:
      Merging cells $auto$equiv_make.cc:294:find_same_wires$1813 and $auto$equiv_make.cc:294:find_same_wires$1276.
    Fwd merging 2 $equiv cells (from group of 3) using strategy deduplicate:
      Merging cells $auto$equiv_make.cc:294:find_same_wires$1812 and $auto$equiv_make.cc:294:find_same_wires$1275.
    Fwd merging 2 $equiv cells (from group of 3) using strategy deduplicate:
      Merging cells $auto$equiv_make.cc:294:find_same_wires$1811 and $auto$equiv_make.cc:294:find_same_wires$1274.
    Fwd merging 2 $equiv cells (from group of 3) using strategy deduplicate:
      Merging cells $auto$equiv_make.cc:294:find_same_wires$1810 and $auto$equiv_make.cc:294:find_same_wires$1273.
    Fwd merging 2 $equiv cells (from group of 3) using strategy deduplicate:
      Merging cells $auto$equiv_make.cc:294:find_same_wires$1809 and $auto$equiv_make.cc:294:find_same_wires$1272.
    Fwd merging 2 $equiv cells (from group of 3) using strategy deduplicate:
      Merging cells $auto$equiv_make.cc:294:find_same_wires$1808 and $auto$equiv_make.cc:294:find_same_wires$1271.
    Fwd merging 2 $equiv cells (from group of 3) using strategy deduplicate:
      Merging cells $auto$equiv_make.cc:294:find_same_wires$1807 and $auto$equiv_make.cc:294:find_same_wires$1270.
    Fwd merging 2 $equiv cells (from group of 3) using strategy deduplicate:
      Merging cells $auto$equiv_make.cc:294:find_same_wires$1806 and $auto$equiv_make.cc:294:find_same_wires$1269.
    Fwd merging 2 $equiv cells (from group of 3) using strategy deduplicate:
      Merging cells $auto$equiv_make.cc:294:find_same_wires$1805 and $auto$equiv_make.cc:294:find_same_wires$1268.
    Fwd merging 2 $equiv cells (from group of 3) using strategy deduplicate:
      Merging cells $auto$equiv_make.cc:294:find_same_wires$1804 and $auto$equiv_make.cc:294:find_same_wires$1267.
    Fwd merging 2 $equiv cells (from group of 3) using strategy deduplicate:
      Merging cells $auto$equiv_make.cc:294:find_same_wires$1803 and $auto$equiv_make.cc:294:find_same_wires$1266.
    Fwd merging 2 $equiv cells (from group of 3) using strategy deduplicate:
      Merging cells $auto$equiv_make.cc:294:find_same_wires$1802 and $auto$equiv_make.cc:294:find_same_wires$1265.
    Fwd merging 2 $equiv cells (from group of 3) using strategy deduplicate:
      Merging cells $auto$equiv_make.cc:294:find_same_wires$1801 and $auto$equiv_make.cc:294:find_same_wires$1264.
    Fwd merging 2 $equiv cells (from group of 3) using strategy deduplicate:
      Merging cells $auto$equiv_make.cc:294:find_same_wires$1800 and $auto$equiv_make.cc:294:find_same_wires$1263.
    Fwd merging 2 $equiv cells (from group of 3) using strategy deduplicate:
      Merging cells $auto$equiv_make.cc:294:find_same_wires$1799 and $auto$equiv_make.cc:294:find_same_wires$1262.
    Fwd merging 2 $equiv cells (from group of 3) using strategy deduplicate:
      Merging cells $auto$equiv_make.cc:294:find_same_wires$1798 and $auto$equiv_make.cc:294:find_same_wires$1261.
    Fwd merging 2 $equiv cells (from group of 3) using strategy deduplicate:
      Merging cells $auto$equiv_make.cc:294:find_same_wires$1797 and $auto$equiv_make.cc:294:find_same_wires$1260.
    Fwd merging 2 $equiv cells (from group of 3) using strategy deduplicate:
      Merging cells $auto$equiv_make.cc:294:find_same_wires$1796 and $auto$equiv_make.cc:294:find_same_wires$1259.
    Fwd merging 2 $equiv cells (from group of 3) using strategy deduplicate:
      Merging cells $auto$equiv_make.cc:294:find_same_wires$1795 and $auto$equiv_make.cc:294:find_same_wires$1258.
    Fwd merging 2 $equiv cells (from group of 3) using strategy deduplicate:
      Merging cells $auto$equiv_make.cc:294:find_same_wires$1794 and $auto$equiv_make.cc:294:find_same_wires$1257.
    Fwd merging 2 $equiv cells (from group of 3) using strategy deduplicate:
      Merging cells $auto$equiv_make.cc:294:find_same_wires$1793 and $auto$equiv_make.cc:294:find_same_wires$1256.
    Fwd merging 2 $equiv cells (from group of 3) using strategy deduplicate:
      Merging cells $auto$equiv_make.cc:294:find_same_wires$1792 and $auto$equiv_make.cc:294:find_same_wires$1255.
    Fwd merging 2 $equiv cells (from group of 3) using strategy deduplicate:
      Merging cells $auto$equiv_make.cc:294:find_same_wires$1791 and $auto$equiv_make.cc:294:find_same_wires$1254.
    Fwd merging 2 $equiv cells (from group of 3) using strategy deduplicate:
      Merging cells $auto$equiv_make.cc:294:find_same_wires$1790 and $auto$equiv_make.cc:294:find_same_wires$1253.
    Fwd merging 2 $equiv cells (from group of 3) using strategy deduplicate:
      Merging cells $auto$equiv_make.cc:294:find_same_wires$1789 and $auto$equiv_make.cc:294:find_same_wires$1252.
    Fwd merging 2 $equiv cells (from group of 3) using strategy deduplicate:
      Merging cells $auto$equiv_make.cc:294:find_same_wires$1788 and $auto$equiv_make.cc:294:find_same_wires$1251.
    Fwd merging 2 $equiv cells (from group of 3) using strategy deduplicate:
      Merging cells $auto$equiv_make.cc:294:find_same_wires$1787 and $auto$equiv_make.cc:294:find_same_wires$1250.
    Fwd merging 2 $equiv cells (from group of 3) using strategy deduplicate:
      Merging cells $auto$equiv_make.cc:294:find_same_wires$1786 and $auto$equiv_make.cc:294:find_same_wires$1249.
    Fwd merging 2 $equiv cells (from group of 3) using strategy deduplicate:
      Merging cells $auto$equiv_make.cc:294:find_same_wires$1785 and $auto$equiv_make.cc:294:find_same_wires$1248.
    Fwd merging 2 $equiv cells (from group of 3) using strategy deduplicate:
      Merging cells $auto$equiv_make.cc:294:find_same_wires$1784 and $auto$equiv_make.cc:294:find_same_wires$1247.
    Fwd merging 2 $equiv cells (from group of 3) using strategy deduplicate:
      Merging cells $auto$equiv_make.cc:294:find_same_wires$1783 and $auto$equiv_make.cc:294:find_same_wires$1246.
    Fwd merging 2 $equiv cells (from group of 3) using strategy deduplicate:
      Merging cells $auto$equiv_make.cc:294:find_same_wires$1782 and $auto$equiv_make.cc:294:find_same_wires$1245.
    Fwd merging 2 $equiv cells (from group of 3) using strategy deduplicate:
      Merging cells $auto$equiv_make.cc:294:find_same_wires$1781 and $auto$equiv_make.cc:294:find_same_wires$1244.
    Fwd merging 2 $equiv cells (from group of 3) using strategy deduplicate:
      Merging cells $auto$equiv_make.cc:294:find_same_wires$1816 and $auto$equiv_make.cc:294:find_same_wires$1243.
    Fwd merging 94 $equiv cells (from group of 94) using strategy deduplicate:
      Merging cells $auto$equiv_make.cc:294:find_same_wires$2377 and $auto$equiv_make.cc:294:find_same_wires$2376.
      Merging cells $auto$equiv_make.cc:294:find_same_wires$2375 and $auto$equiv_make.cc:294:find_same_wires$2374.
      Merging cells $auto$equiv_make.cc:294:find_same_wires$2373 and $auto$equiv_make.cc:294:find_same_wires$2372.
      Merging cells $auto$equiv_make.cc:294:find_same_wires$2371 and $auto$equiv_make.cc:294:find_same_wires$2370.
      Merging cells $auto$equiv_make.cc:294:find_same_wires$2369 and $auto$equiv_make.cc:294:find_same_wires$2368.
      Merging cells $auto$equiv_make.cc:294:find_same_wires$2367 and $auto$equiv_make.cc:294:find_same_wires$2366.
      Merging cells $auto$equiv_make.cc:294:find_same_wires$2365 and $auto$equiv_make.cc:294:find_same_wires$2364.
      Merging cells $auto$equiv_make.cc:294:find_same_wires$2363 and $auto$equiv_make.cc:294:find_same_wires$2330.
      Merging cells $auto$equiv_make.cc:294:find_same_wires$2329 and $auto$equiv_make.cc:294:find_same_wires$2328.
      Merging cells $auto$equiv_make.cc:294:find_same_wires$2327 and $auto$equiv_make.cc:294:find_same_wires$2326.
      Merging cells $auto$equiv_make.cc:294:find_same_wires$2325 and $auto$equiv_make.cc:294:find_same_wires$2324.
      Merging cells $auto$equiv_make.cc:294:find_same_wires$2211 and $auto$equiv_make.cc:294:find_same_wires$2210.
      Merging cells $auto$equiv_make.cc:294:find_same_wires$2209 and $auto$equiv_make.cc:294:find_same_wires$2208.
      Merging cells $auto$equiv_make.cc:294:find_same_wires$2207 and $auto$equiv_make.cc:294:find_same_wires$2206.
      Merging cells $auto$equiv_make.cc:294:find_same_wires$2205 and $auto$equiv_make.cc:294:find_same_wires$2204.
      Merging cells $auto$equiv_make.cc:294:find_same_wires$2203 and $auto$equiv_make.cc:294:find_same_wires$2202.
      Merging cells $auto$equiv_make.cc:294:find_same_wires$2201 and $auto$equiv_make.cc:294:find_same_wires$2200.
      Merging cells $auto$equiv_make.cc:294:find_same_wires$2199 and $auto$equiv_make.cc:294:find_same_wires$2198.
      Merging cells $auto$equiv_make.cc:294:find_same_wires$2197 and $auto$equiv_make.cc:294:find_same_wires$2196.
      Merging cells $auto$equiv_make.cc:294:find_same_wires$2195 and $auto$equiv_make.cc:294:find_same_wires$2194.
      Merging cells $auto$equiv_make.cc:294:find_same_wires$2193 and $auto$equiv_make.cc:294:find_same_wires$2192.
      Merging cells $auto$equiv_make.cc:294:find_same_wires$2191 and $auto$equiv_make.cc:294:find_same_wires$2190.
      Merging cells $auto$equiv_make.cc:294:find_same_wires$2189 and $auto$equiv_make.cc:294:find_same_wires$2188.
      Merging cells $auto$equiv_make.cc:294:find_same_wires$2187 and $auto$equiv_make.cc:294:find_same_wires$2186.
      Merging cells $auto$equiv_make.cc:294:find_same_wires$2185 and $auto$equiv_make.cc:294:find_same_wires$2184.
      Merging cells $auto$equiv_make.cc:294:find_same_wires$2183 and $auto$equiv_make.cc:294:find_same_wires$2182.
      Merging cells $auto$equiv_make.cc:294:find_same_wires$2181 and $auto$equiv_make.cc:294:find_same_wires$2180.
      Merging cells $auto$equiv_make.cc:294:find_same_wires$2179 and $auto$equiv_make.cc:294:find_same_wires$2178.
      Merging cells $auto$equiv_make.cc:294:find_same_wires$2177 and $auto$equiv_make.cc:294:find_same_wires$2176.
      Merging cells $auto$equiv_make.cc:294:find_same_wires$2175 and $auto$equiv_make.cc:294:find_same_wires$2174.
      Merging cells $auto$equiv_make.cc:294:find_same_wires$2173 and $auto$equiv_make.cc:294:find_same_wires$2172.
      Merging cells $auto$equiv_make.cc:294:find_same_wires$2171 and $auto$equiv_make.cc:294:find_same_wires$2170.
      Merging cells $auto$equiv_make.cc:294:find_same_wires$2169 and $auto$equiv_make.cc:294:find_same_wires$2168.
      Merging cells $auto$equiv_make.cc:294:find_same_wires$2167 and $auto$equiv_make.cc:294:find_same_wires$2166.
      Merging cells $auto$equiv_make.cc:294:find_same_wires$2165 and $auto$equiv_make.cc:294:find_same_wires$2164.
      Merging cells $auto$equiv_make.cc:294:find_same_wires$2163 and $auto$equiv_make.cc:294:find_same_wires$2162.
      Merging cells $auto$equiv_make.cc:294:find_same_wires$2161 and $auto$equiv_make.cc:294:find_same_wires$2160.
      Merging cells $auto$equiv_make.cc:294:find_same_wires$2159 and $auto$equiv_make.cc:294:find_same_wires$2158.
      Merging cells $auto$equiv_make.cc:294:find_same_wires$2157 and $auto$equiv_make.cc:294:find_same_wires$2156.
      Merging cells $auto$equiv_make.cc:294:find_same_wires$2155 and $auto$equiv_make.cc:294:find_same_wires$2154.
      Merging cells $auto$equiv_make.cc:294:find_same_wires$2153 and $auto$equiv_make.cc:294:find_same_wires$2152.
      Merging cells $auto$equiv_make.cc:294:find_same_wires$2151 and $auto$equiv_make.cc:294:find_same_wires$2150.
      Merging cells $auto$equiv_make.cc:294:find_same_wires$2149 and $auto$equiv_make.cc:294:find_same_wires$2148.
      Merging cells $auto$equiv_make.cc:294:find_same_wires$1823 and $auto$equiv_make.cc:294:find_same_wires$1822.
      Merging cells $auto$equiv_make.cc:294:find_same_wires$1817 and $auto$equiv_make.cc:257:find_same_wires$1476.
      Merging cells $auto$equiv_make.cc:294:find_same_wires$1344 and $auto$equiv_make.cc:294:find_same_wires$1109.
      Merging cells $auto$equiv_make.cc:294:find_same_wires$2379 and $auto$equiv_make.cc:294:find_same_wires$2378.
  Starting iteration 2.
    Fwd merging 2 $equiv cells (from group of 2) using strategy deduplicate:
      Merging cells $auto$equiv_make.cc:294:find_same_wires$1954 and $auto$equiv_make.cc:294:find_same_wires$1345.
    Fwd merging 2 $equiv cells (from group of 2) using strategy deduplicate:
      Merging cells $auto$equiv_make.cc:294:find_same_wires$1951 and $auto$equiv_make.cc:294:find_same_wires$1409.
    Fwd merging 2 $equiv cells (from group of 2) using strategy deduplicate:
      Merging cells $auto$equiv_make.cc:294:find_same_wires$1950 and $auto$equiv_make.cc:294:find_same_wires$1408.
    Fwd merging 2 $equiv cells (from group of 2) using strategy deduplicate:
      Merging cells $auto$equiv_make.cc:294:find_same_wires$1949 and $auto$equiv_make.cc:294:find_same_wires$1407.
    Fwd merging 2 $equiv cells (from group of 2) using strategy deduplicate:
      Merging cells $auto$equiv_make.cc:294:find_same_wires$1948 and $auto$equiv_make.cc:294:find_same_wires$1406.
    Fwd merging 2 $equiv cells (from group of 2) using strategy deduplicate:
      Merging cells $auto$equiv_make.cc:294:find_same_wires$1947 and $auto$equiv_make.cc:294:find_same_wires$1405.
    Fwd merging 2 $equiv cells (from group of 2) using strategy deduplicate:
      Merging cells $auto$equiv_make.cc:294:find_same_wires$1946 and $auto$equiv_make.cc:294:find_same_wires$1404.
    Fwd merging 2 $equiv cells (from group of 2) using strategy deduplicate:
      Merging cells $auto$equiv_make.cc:294:find_same_wires$1945 and $auto$equiv_make.cc:294:find_same_wires$1403.
    Fwd merging 2 $equiv cells (from group of 2) using strategy deduplicate:
      Merging cells $auto$equiv_make.cc:294:find_same_wires$1944 and $auto$equiv_make.cc:294:find_same_wires$1402.
    Fwd merging 2 $equiv cells (from group of 2) using strategy deduplicate:
      Merging cells $auto$equiv_make.cc:294:find_same_wires$1943 and $auto$equiv_make.cc:294:find_same_wires$1401.
    Fwd merging 2 $equiv cells (from group of 2) using strategy deduplicate:
      Merging cells $auto$equiv_make.cc:294:find_same_wires$1942 and $auto$equiv_make.cc:294:find_same_wires$1400.
    Fwd merging 2 $equiv cells (from group of 2) using strategy deduplicate:
      Merging cells $auto$equiv_make.cc:294:find_same_wires$1941 and $auto$equiv_make.cc:294:find_same_wires$1399.
    Fwd merging 2 $equiv cells (from group of 2) using strategy deduplicate:
      Merging cells $auto$equiv_make.cc:294:find_same_wires$1940 and $auto$equiv_make.cc:294:find_same_wires$1398.
    Fwd merging 2 $equiv cells (from group of 2) using strategy deduplicate:
      Merging cells $auto$equiv_make.cc:294:find_same_wires$1939 and $auto$equiv_make.cc:294:find_same_wires$1397.
    Fwd merging 2 $equiv cells (from group of 2) using strategy deduplicate:
      Merging cells $auto$equiv_make.cc:294:find_same_wires$1938 and $auto$equiv_make.cc:294:find_same_wires$1396.
    Fwd merging 2 $equiv cells (from group of 2) using strategy deduplicate:
      Merging cells $auto$equiv_make.cc:294:find_same_wires$1937 and $auto$equiv_make.cc:294:find_same_wires$1395.
    Fwd merging 2 $equiv cells (from group of 2) using strategy deduplicate:
      Merging cells $auto$equiv_make.cc:294:find_same_wires$1936 and $auto$equiv_make.cc:294:find_same_wires$1394.
    Fwd merging 2 $equiv cells (from group of 2) using strategy deduplicate:
      Merging cells $auto$equiv_make.cc:294:find_same_wires$1935 and $auto$equiv_make.cc:294:find_same_wires$1393.
    Fwd merging 2 $equiv cells (from group of 2) using strategy deduplicate:
      Merging cells $auto$equiv_make.cc:294:find_same_wires$1934 and $auto$equiv_make.cc:294:find_same_wires$1392.
    Fwd merging 2 $equiv cells (from group of 2) using strategy deduplicate:
      Merging cells $auto$equiv_make.cc:294:find_same_wires$1933 and $auto$equiv_make.cc:294:find_same_wires$1391.
    Fwd merging 2 $equiv cells (from group of 2) using strategy deduplicate:
      Merging cells $auto$equiv_make.cc:294:find_same_wires$1932 and $auto$equiv_make.cc:294:find_same_wires$1390.
    Fwd merging 2 $equiv cells (from group of 2) using strategy deduplicate:
      Merging cells $auto$equiv_make.cc:294:find_same_wires$1931 and $auto$equiv_make.cc:294:find_same_wires$1389.
    Fwd merging 2 $equiv cells (from group of 2) using strategy deduplicate:
      Merging cells $auto$equiv_make.cc:294:find_same_wires$1930 and $auto$equiv_make.cc:294:find_same_wires$1388.
    Fwd merging 2 $equiv cells (from group of 2) using strategy deduplicate:
      Merging cells $auto$equiv_make.cc:294:find_same_wires$1929 and $auto$equiv_make.cc:294:find_same_wires$1387.
    Fwd merging 2 $equiv cells (from group of 2) using strategy deduplicate:
      Merging cells $auto$equiv_make.cc:294:find_same_wires$1928 and $auto$equiv_make.cc:294:find_same_wires$1386.
    Fwd merging 2 $equiv cells (from group of 2) using strategy deduplicate:
      Merging cells $auto$equiv_make.cc:294:find_same_wires$1927 and $auto$equiv_make.cc:294:find_same_wires$1385.
    Fwd merging 2 $equiv cells (from group of 2) using strategy deduplicate:
      Merging cells $auto$equiv_make.cc:294:find_same_wires$1926 and $auto$equiv_make.cc:294:find_same_wires$1384.
    Fwd merging 2 $equiv cells (from group of 2) using strategy deduplicate:
      Merging cells $auto$equiv_make.cc:294:find_same_wires$1925 and $auto$equiv_make.cc:294:find_same_wires$1383.
    Fwd merging 2 $equiv cells (from group of 2) using strategy deduplicate:
      Merging cells $auto$equiv_make.cc:294:find_same_wires$1924 and $auto$equiv_make.cc:294:find_same_wires$1382.
    Fwd merging 2 $equiv cells (from group of 2) using strategy deduplicate:
      Merging cells $auto$equiv_make.cc:294:find_same_wires$1923 and $auto$equiv_make.cc:294:find_same_wires$1381.
    Fwd merging 2 $equiv cells (from group of 2) using strategy deduplicate:
      Merging cells $auto$equiv_make.cc:294:find_same_wires$1922 and $auto$equiv_make.cc:294:find_same_wires$1380.
    Fwd merging 2 $equiv cells (from group of 2) using strategy deduplicate:
      Merging cells $auto$equiv_make.cc:294:find_same_wires$1921 and $auto$equiv_make.cc:294:find_same_wires$1379.
    Fwd merging 2 $equiv cells (from group of 2) using strategy deduplicate:
      Merging cells $auto$equiv_make.cc:294:find_same_wires$1920 and $auto$equiv_make.cc:294:find_same_wires$1378.
    Fwd merging 2 $equiv cells (from group of 2) using strategy deduplicate:
      Merging cells $auto$equiv_make.cc:294:find_same_wires$1919 and $auto$equiv_make.cc:294:find_same_wires$1377.
    Fwd merging 2 $equiv cells (from group of 2) using strategy deduplicate:
      Merging cells $auto$equiv_make.cc:294:find_same_wires$1918 and $auto$equiv_make.cc:294:find_same_wires$1376.
    Fwd merging 2 $equiv cells (from group of 2) using strategy deduplicate:
      Merging cells $auto$equiv_make.cc:294:find_same_wires$1917 and $auto$equiv_make.cc:294:find_same_wires$1375.
    Fwd merging 2 $equiv cells (from group of 2) using strategy deduplicate:
      Merging cells $auto$equiv_make.cc:294:find_same_wires$1916 and $auto$equiv_make.cc:294:find_same_wires$1374.
    Fwd merging 2 $equiv cells (from group of 2) using strategy deduplicate:
      Merging cells $auto$equiv_make.cc:294:find_same_wires$1915 and $auto$equiv_make.cc:294:find_same_wires$1373.
    Fwd merging 2 $equiv cells (from group of 2) using strategy deduplicate:
      Merging cells $auto$equiv_make.cc:294:find_same_wires$1914 and $auto$equiv_make.cc:294:find_same_wires$1372.
    Fwd merging 2 $equiv cells (from group of 2) using strategy deduplicate:
      Merging cells $auto$equiv_make.cc:294:find_same_wires$1913 and $auto$equiv_make.cc:294:find_same_wires$1371.
    Fwd merging 2 $equiv cells (from group of 2) using strategy deduplicate:
      Merging cells $auto$equiv_make.cc:294:find_same_wires$1912 and $auto$equiv_make.cc:294:find_same_wires$1370.
    Fwd merging 2 $equiv cells (from group of 2) using strategy deduplicate:
      Merging cells $auto$equiv_make.cc:294:find_same_wires$1911 and $auto$equiv_make.cc:294:find_same_wires$1369.
    Fwd merging 2 $equiv cells (from group of 2) using strategy deduplicate:
      Merging cells $auto$equiv_make.cc:294:find_same_wires$1910 and $auto$equiv_make.cc:294:find_same_wires$1368.
    Fwd merging 2 $equiv cells (from group of 2) using strategy deduplicate:
      Merging cells $auto$equiv_make.cc:294:find_same_wires$1909 and $auto$equiv_make.cc:294:find_same_wires$1367.
    Fwd merging 2 $equiv cells (from group of 2) using strategy deduplicate:
      Merging cells $auto$equiv_make.cc:294:find_same_wires$1908 and $auto$equiv_make.cc:294:find_same_wires$1366.
    Fwd merging 2 $equiv cells (from group of 2) using strategy deduplicate:
      Merging cells $auto$equiv_make.cc:294:find_same_wires$1907 and $auto$equiv_make.cc:294:find_same_wires$1365.
    Fwd merging 2 $equiv cells (from group of 2) using strategy deduplicate:
      Merging cells $auto$equiv_make.cc:294:find_same_wires$1906 and $auto$equiv_make.cc:294:find_same_wires$1364.
    Fwd merging 2 $equiv cells (from group of 2) using strategy deduplicate:
      Merging cells $auto$equiv_make.cc:294:find_same_wires$1905 and $auto$equiv_make.cc:294:find_same_wires$1363.
    Fwd merging 2 $equiv cells (from group of 2) using strategy deduplicate:
      Merging cells $auto$equiv_make.cc:294:find_same_wires$1904 and $auto$equiv_make.cc:294:find_same_wires$1362.
    Fwd merging 2 $equiv cells (from group of 2) using strategy deduplicate:
      Merging cells $auto$equiv_make.cc:294:find_same_wires$1903 and $auto$equiv_make.cc:294:find_same_wires$1361.
    Fwd merging 2 $equiv cells (from group of 2) using strategy deduplicate:
      Merging cells $auto$equiv_make.cc:294:find_same_wires$1902 and $auto$equiv_make.cc:294:find_same_wires$1360.
    Fwd merging 2 $equiv cells (from group of 2) using strategy deduplicate:
      Merging cells $auto$equiv_make.cc:294:find_same_wires$1901 and $auto$equiv_make.cc:294:find_same_wires$1359.
    Fwd merging 2 $equiv cells (from group of 2) using strategy deduplicate:
      Merging cells $auto$equiv_make.cc:294:find_same_wires$1900 and $auto$equiv_make.cc:294:find_same_wires$1358.
    Fwd merging 2 $equiv cells (from group of 2) using strategy deduplicate:
      Merging cells $auto$equiv_make.cc:294:find_same_wires$1899 and $auto$equiv_make.cc:294:find_same_wires$1357.
    Fwd merging 2 $equiv cells (from group of 2) using strategy deduplicate:
      Merging cells $auto$equiv_make.cc:294:find_same_wires$1898 and $auto$equiv_make.cc:294:find_same_wires$1356.
    Fwd merging 2 $equiv cells (from group of 2) using strategy deduplicate:
      Merging cells $auto$equiv_make.cc:294:find_same_wires$1897 and $auto$equiv_make.cc:294:find_same_wires$1355.
    Fwd merging 2 $equiv cells (from group of 2) using strategy deduplicate:
      Merging cells $auto$equiv_make.cc:294:find_same_wires$1896 and $auto$equiv_make.cc:294:find_same_wires$1354.
    Fwd merging 2 $equiv cells (from group of 2) using strategy deduplicate:
      Merging cells $auto$equiv_make.cc:294:find_same_wires$1895 and $auto$equiv_make.cc:294:find_same_wires$1353.
    Fwd merging 2 $equiv cells (from group of 2) using strategy deduplicate:
      Merging cells $auto$equiv_make.cc:294:find_same_wires$1894 and $auto$equiv_make.cc:294:find_same_wires$1352.
    Fwd merging 2 $equiv cells (from group of 2) using strategy deduplicate:
      Merging cells $auto$equiv_make.cc:294:find_same_wires$1893 and $auto$equiv_make.cc:294:find_same_wires$1351.
    Fwd merging 2 $equiv cells (from group of 2) using strategy deduplicate:
      Merging cells $auto$equiv_make.cc:294:find_same_wires$1892 and $auto$equiv_make.cc:294:find_same_wires$1350.
    Fwd merging 2 $equiv cells (from group of 2) using strategy deduplicate:
      Merging cells $auto$equiv_make.cc:294:find_same_wires$1891 and $auto$equiv_make.cc:294:find_same_wires$1349.
    Fwd merging 2 $equiv cells (from group of 2) using strategy deduplicate:
      Merging cells $auto$equiv_make.cc:294:find_same_wires$1890 and $auto$equiv_make.cc:294:find_same_wires$1348.
    Fwd merging 2 $equiv cells (from group of 2) using strategy deduplicate:
      Merging cells $auto$equiv_make.cc:294:find_same_wires$1889 and $auto$equiv_make.cc:294:find_same_wires$1347.
    Fwd merging 2 $equiv cells (from group of 2) using strategy deduplicate:
      Merging cells $auto$equiv_make.cc:294:find_same_wires$1888 and $auto$equiv_make.cc:294:find_same_wires$1346.
    Fwd merging 2 $equiv cells (from group of 2) using strategy deduplicate:
      Merging cells $auto$equiv_make.cc:294:find_same_wires$2314 and $auto$equiv_make.cc:294:find_same_wires$1475.
    Fwd merging 2 $equiv cells (from group of 2) using strategy deduplicate:
      Merging cells $auto$equiv_make.cc:294:find_same_wires$2213 and $auto$equiv_make.cc:294:find_same_wires$1242.
    Fwd merging 2 $equiv cells (from group of 2) using strategy deduplicate:
      Merging cells $auto$equiv_make.cc:294:find_same_wires$1816 and $auto$equiv_make.cc:294:find_same_wires$1104.
    Fwd merging 2 $equiv cells (from group of 2) using strategy deduplicate:
      Merging cells $auto$equiv_make.cc:294:find_same_wires$1814 and $auto$equiv_make.cc:294:find_same_wires$1103.
    Fwd merging 2 $equiv cells (from group of 2) using strategy deduplicate:
      Merging cells $auto$equiv_make.cc:294:find_same_wires$1813 and $auto$equiv_make.cc:294:find_same_wires$1102.
    Fwd merging 2 $equiv cells (from group of 2) using strategy deduplicate:
      Merging cells $auto$equiv_make.cc:294:find_same_wires$1812 and $auto$equiv_make.cc:294:find_same_wires$1101.
    Fwd merging 2 $equiv cells (from group of 2) using strategy deduplicate:
      Merging cells $auto$equiv_make.cc:294:find_same_wires$1811 and $auto$equiv_make.cc:294:find_same_wires$1100.
    Fwd merging 2 $equiv cells (from group of 2) using strategy deduplicate:
      Merging cells $auto$equiv_make.cc:294:find_same_wires$1810 and $auto$equiv_make.cc:294:find_same_wires$1099.
    Fwd merging 2 $equiv cells (from group of 2) using strategy deduplicate:
      Merging cells $auto$equiv_make.cc:294:find_same_wires$1809 and $auto$equiv_make.cc:294:find_same_wires$1098.
    Fwd merging 2 $equiv cells (from group of 2) using strategy deduplicate:
      Merging cells $auto$equiv_make.cc:294:find_same_wires$1808 and $auto$equiv_make.cc:294:find_same_wires$1097.
    Fwd merging 2 $equiv cells (from group of 2) using strategy deduplicate:
      Merging cells $auto$equiv_make.cc:294:find_same_wires$1807 and $auto$equiv_make.cc:294:find_same_wires$1096.
    Fwd merging 2 $equiv cells (from group of 2) using strategy deduplicate:
      Merging cells $auto$equiv_make.cc:294:find_same_wires$1806 and $auto$equiv_make.cc:294:find_same_wires$1095.
    Fwd merging 2 $equiv cells (from group of 2) using strategy deduplicate:
      Merging cells $auto$equiv_make.cc:294:find_same_wires$1805 and $auto$equiv_make.cc:294:find_same_wires$1094.
    Fwd merging 2 $equiv cells (from group of 2) using strategy deduplicate:
      Merging cells $auto$equiv_make.cc:294:find_same_wires$1804 and $auto$equiv_make.cc:294:find_same_wires$1093.
    Fwd merging 2 $equiv cells (from group of 2) using strategy deduplicate:
      Merging cells $auto$equiv_make.cc:294:find_same_wires$1803 and $auto$equiv_make.cc:294:find_same_wires$1092.
    Fwd merging 2 $equiv cells (from group of 2) using strategy deduplicate:
      Merging cells $auto$equiv_make.cc:294:find_same_wires$1802 and $auto$equiv_make.cc:294:find_same_wires$1091.
    Fwd merging 2 $equiv cells (from group of 2) using strategy deduplicate:
      Merging cells $auto$equiv_make.cc:294:find_same_wires$1801 and $auto$equiv_make.cc:294:find_same_wires$1090.
    Fwd merging 2 $equiv cells (from group of 2) using strategy deduplicate:
      Merging cells $auto$equiv_make.cc:294:find_same_wires$1800 and $auto$equiv_make.cc:294:find_same_wires$1089.
    Fwd merging 2 $equiv cells (from group of 2) using strategy deduplicate:
      Merging cells $auto$equiv_make.cc:294:find_same_wires$1799 and $auto$equiv_make.cc:294:find_same_wires$1088.
    Fwd merging 2 $equiv cells (from group of 2) using strategy deduplicate:
      Merging cells $auto$equiv_make.cc:294:find_same_wires$1798 and $auto$equiv_make.cc:294:find_same_wires$1087.
    Fwd merging 2 $equiv cells (from group of 2) using strategy deduplicate:
      Merging cells $auto$equiv_make.cc:294:find_same_wires$1797 and $auto$equiv_make.cc:294:find_same_wires$1086.
    Fwd merging 2 $equiv cells (from group of 2) using strategy deduplicate:
      Merging cells $auto$equiv_make.cc:294:find_same_wires$1796 and $auto$equiv_make.cc:294:find_same_wires$1085.
    Fwd merging 2 $equiv cells (from group of 2) using strategy deduplicate:
      Merging cells $auto$equiv_make.cc:294:find_same_wires$1795 and $auto$equiv_make.cc:294:find_same_wires$1084.
    Fwd merging 2 $equiv cells (from group of 2) using strategy deduplicate:
      Merging cells $auto$equiv_make.cc:294:find_same_wires$1794 and $auto$equiv_make.cc:294:find_same_wires$1083.
    Fwd merging 2 $equiv cells (from group of 2) using strategy deduplicate:
      Merging cells $auto$equiv_make.cc:294:find_same_wires$1793 and $auto$equiv_make.cc:294:find_same_wires$1082.
    Fwd merging 2 $equiv cells (from group of 2) using strategy deduplicate:
      Merging cells $auto$equiv_make.cc:294:find_same_wires$1792 and $auto$equiv_make.cc:294:find_same_wires$1081.
    Fwd merging 2 $equiv cells (from group of 2) using strategy deduplicate:
      Merging cells $auto$equiv_make.cc:294:find_same_wires$1791 and $auto$equiv_make.cc:294:find_same_wires$1080.
    Fwd merging 2 $equiv cells (from group of 2) using strategy deduplicate:
      Merging cells $auto$equiv_make.cc:294:find_same_wires$1790 and $auto$equiv_make.cc:294:find_same_wires$1079.
    Fwd merging 2 $equiv cells (from group of 2) using strategy deduplicate:
      Merging cells $auto$equiv_make.cc:294:find_same_wires$1789 and $auto$equiv_make.cc:294:find_same_wires$1078.
    Fwd merging 2 $equiv cells (from group of 2) using strategy deduplicate:
      Merging cells $auto$equiv_make.cc:294:find_same_wires$1788 and $auto$equiv_make.cc:294:find_same_wires$1077.
    Fwd merging 2 $equiv cells (from group of 2) using strategy deduplicate:
      Merging cells $auto$equiv_make.cc:294:find_same_wires$1787 and $auto$equiv_make.cc:294:find_same_wires$1076.
    Fwd merging 2 $equiv cells (from group of 2) using strategy deduplicate:
      Merging cells $auto$equiv_make.cc:294:find_same_wires$1786 and $auto$equiv_make.cc:294:find_same_wires$1075.
    Fwd merging 2 $equiv cells (from group of 2) using strategy deduplicate:
      Merging cells $auto$equiv_make.cc:294:find_same_wires$1785 and $auto$equiv_make.cc:294:find_same_wires$1074.
    Fwd merging 2 $equiv cells (from group of 2) using strategy deduplicate:
      Merging cells $auto$equiv_make.cc:294:find_same_wires$1784 and $auto$equiv_make.cc:294:find_same_wires$1073.
    Fwd merging 2 $equiv cells (from group of 2) using strategy deduplicate:
      Merging cells $auto$equiv_make.cc:294:find_same_wires$1783 and $auto$equiv_make.cc:294:find_same_wires$1072.
    Fwd merging 2 $equiv cells (from group of 2) using strategy deduplicate:
      Merging cells $auto$equiv_make.cc:294:find_same_wires$1782 and $auto$equiv_make.cc:294:find_same_wires$1071.
    Fwd merging 2 $equiv cells (from group of 2) using strategy deduplicate:
      Merging cells $auto$equiv_make.cc:294:find_same_wires$1781 and $auto$equiv_make.cc:294:find_same_wires$1070.
    Fwd merging 2 $equiv cells (from group of 2) using strategy deduplicate:
      Merging cells $auto$equiv_make.cc:294:find_same_wires$1441 and $auto$equiv_make.cc:294:find_same_wires$2262.
    Fwd merging 2 $equiv cells (from group of 2) using strategy deduplicate:
      Merging cells $auto$equiv_make.cc:294:find_same_wires$1440 and $auto$equiv_make.cc:294:find_same_wires$2261.
    Fwd merging 2 $equiv cells (from group of 2) using strategy deduplicate:
      Merging cells $auto$equiv_make.cc:294:find_same_wires$1439 and $auto$equiv_make.cc:294:find_same_wires$2260.
    Fwd merging 2 $equiv cells (from group of 2) using strategy deduplicate:
      Merging cells $auto$equiv_make.cc:294:find_same_wires$1438 and $auto$equiv_make.cc:294:find_same_wires$2259.
    Fwd merging 2 $equiv cells (from group of 2) using strategy deduplicate:
      Merging cells $auto$equiv_make.cc:294:find_same_wires$1437 and $auto$equiv_make.cc:294:find_same_wires$2258.
    Fwd merging 2 $equiv cells (from group of 2) using strategy deduplicate:
      Merging cells $auto$equiv_make.cc:294:find_same_wires$1436 and $auto$equiv_make.cc:294:find_same_wires$2257.
    Fwd merging 2 $equiv cells (from group of 2) using strategy deduplicate:
      Merging cells $auto$equiv_make.cc:294:find_same_wires$1435 and $auto$equiv_make.cc:294:find_same_wires$2256.
    Fwd merging 2 $equiv cells (from group of 2) using strategy deduplicate:
      Merging cells $auto$equiv_make.cc:294:find_same_wires$1434 and $auto$equiv_make.cc:294:find_same_wires$2255.
    Fwd merging 2 $equiv cells (from group of 2) using strategy deduplicate:
      Merging cells $auto$equiv_make.cc:294:find_same_wires$1433 and $auto$equiv_make.cc:294:find_same_wires$2254.
    Fwd merging 2 $equiv cells (from group of 2) using strategy deduplicate:
      Merging cells $auto$equiv_make.cc:294:find_same_wires$1432 and $auto$equiv_make.cc:294:find_same_wires$2253.
    Fwd merging 2 $equiv cells (from group of 2) using strategy deduplicate:
      Merging cells $auto$equiv_make.cc:294:find_same_wires$1431 and $auto$equiv_make.cc:294:find_same_wires$2252.
    Fwd merging 2 $equiv cells (from group of 2) using strategy deduplicate:
      Merging cells $auto$equiv_make.cc:294:find_same_wires$1430 and $auto$equiv_make.cc:294:find_same_wires$2251.
    Fwd merging 2 $equiv cells (from group of 2) using strategy deduplicate:
      Merging cells $auto$equiv_make.cc:294:find_same_wires$1429 and $auto$equiv_make.cc:294:find_same_wires$2250.
    Fwd merging 2 $equiv cells (from group of 2) using strategy deduplicate:
      Merging cells $auto$equiv_make.cc:294:find_same_wires$1428 and $auto$equiv_make.cc:294:find_same_wires$2249.
    Fwd merging 2 $equiv cells (from group of 2) using strategy deduplicate:
      Merging cells $auto$equiv_make.cc:294:find_same_wires$1427 and $auto$equiv_make.cc:294:find_same_wires$2248.
    Fwd merging 2 $equiv cells (from group of 2) using strategy deduplicate:
      Merging cells $auto$equiv_make.cc:294:find_same_wires$1426 and $auto$equiv_make.cc:294:find_same_wires$2247.
    Fwd merging 2 $equiv cells (from group of 2) using strategy deduplicate:
      Merging cells $auto$equiv_make.cc:294:find_same_wires$1425 and $auto$equiv_make.cc:294:find_same_wires$2312.
    Fwd merging 2 $equiv cells (from group of 2) using strategy deduplicate:
      Merging cells $auto$equiv_make.cc:294:find_same_wires$1424 and $auto$equiv_make.cc:294:find_same_wires$2311.
    Fwd merging 2 $equiv cells (from group of 2) using strategy deduplicate:
      Merging cells $auto$equiv_make.cc:294:find_same_wires$1423 and $auto$equiv_make.cc:294:find_same_wires$2310.
    Fwd merging 2 $equiv cells (from group of 2) using strategy deduplicate:
      Merging cells $auto$equiv_make.cc:294:find_same_wires$1422 and $auto$equiv_make.cc:294:find_same_wires$2309.
    Fwd merging 2 $equiv cells (from group of 2) using strategy deduplicate:
      Merging cells $auto$equiv_make.cc:294:find_same_wires$1421 and $auto$equiv_make.cc:294:find_same_wires$2308.
    Fwd merging 2 $equiv cells (from group of 2) using strategy deduplicate:
      Merging cells $auto$equiv_make.cc:294:find_same_wires$1420 and $auto$equiv_make.cc:294:find_same_wires$2307.
    Fwd merging 2 $equiv cells (from group of 2) using strategy deduplicate:
      Merging cells $auto$equiv_make.cc:294:find_same_wires$1419 and $auto$equiv_make.cc:294:find_same_wires$2306.
    Fwd merging 2 $equiv cells (from group of 2) using strategy deduplicate:
      Merging cells $auto$equiv_make.cc:294:find_same_wires$1418 and $auto$equiv_make.cc:294:find_same_wires$2305.
    Fwd merging 2 $equiv cells (from group of 2) using strategy deduplicate:
      Merging cells $auto$equiv_make.cc:294:find_same_wires$1417 and $auto$equiv_make.cc:294:find_same_wires$2304.
    Fwd merging 2 $equiv cells (from group of 2) using strategy deduplicate:
      Merging cells $auto$equiv_make.cc:294:find_same_wires$1416 and $auto$equiv_make.cc:294:find_same_wires$2303.
    Fwd merging 2 $equiv cells (from group of 2) using strategy deduplicate:
      Merging cells $auto$equiv_make.cc:294:find_same_wires$1415 and $auto$equiv_make.cc:294:find_same_wires$2302.
    Fwd merging 2 $equiv cells (from group of 2) using strategy deduplicate:
      Merging cells $auto$equiv_make.cc:294:find_same_wires$1414 and $auto$equiv_make.cc:294:find_same_wires$2301.
    Fwd merging 2 $equiv cells (from group of 2) using strategy deduplicate:
      Merging cells $auto$equiv_make.cc:294:find_same_wires$1413 and $auto$equiv_make.cc:294:find_same_wires$2300.
    Fwd merging 2 $equiv cells (from group of 2) using strategy deduplicate:
      Merging cells $auto$equiv_make.cc:294:find_same_wires$1412 and $auto$equiv_make.cc:294:find_same_wires$2299.
    Fwd merging 2 $equiv cells (from group of 2) using strategy deduplicate:
      Merging cells $auto$equiv_make.cc:294:find_same_wires$1411 and $auto$equiv_make.cc:294:find_same_wires$2298.
    Fwd merging 2 $equiv cells (from group of 2) using strategy deduplicate:
      Merging cells $auto$equiv_make.cc:294:find_same_wires$1410 and $auto$equiv_make.cc:294:find_same_wires$2297.
    Fwd merging 2 $equiv cells (from group of 2) using strategy deduplicate:
      Merging cells $auto$equiv_make.cc:294:find_same_wires$2147 and $auto$equiv_make.cc:294:find_same_wires$1240.
    Fwd merging 2 $equiv cells (from group of 2) using strategy deduplicate:
      Merging cells $auto$equiv_make.cc:294:find_same_wires$2146 and $auto$equiv_make.cc:294:find_same_wires$1239.
    Fwd merging 2 $equiv cells (from group of 2) using strategy deduplicate:
      Merging cells $auto$equiv_make.cc:294:find_same_wires$2145 and $auto$equiv_make.cc:294:find_same_wires$1238.
    Fwd merging 2 $equiv cells (from group of 2) using strategy deduplicate:
      Merging cells $auto$equiv_make.cc:294:find_same_wires$2144 and $auto$equiv_make.cc:294:find_same_wires$1237.
    Fwd merging 2 $equiv cells (from group of 2) using strategy deduplicate:
      Merging cells $auto$equiv_make.cc:294:find_same_wires$2143 and $auto$equiv_make.cc:294:find_same_wires$1236.
    Fwd merging 2 $equiv cells (from group of 2) using strategy deduplicate:
      Merging cells $auto$equiv_make.cc:294:find_same_wires$2142 and $auto$equiv_make.cc:294:find_same_wires$1235.
    Fwd merging 2 $equiv cells (from group of 2) using strategy deduplicate:
      Merging cells $auto$equiv_make.cc:294:find_same_wires$2141 and $auto$equiv_make.cc:294:find_same_wires$1234.
    Fwd merging 2 $equiv cells (from group of 2) using strategy deduplicate:
      Merging cells $auto$equiv_make.cc:294:find_same_wires$2140 and $auto$equiv_make.cc:294:find_same_wires$1233.
    Fwd merging 2 $equiv cells (from group of 2) using strategy deduplicate:
      Merging cells $auto$equiv_make.cc:294:find_same_wires$2139 and $auto$equiv_make.cc:294:find_same_wires$1232.
    Fwd merging 2 $equiv cells (from group of 2) using strategy deduplicate:
      Merging cells $auto$equiv_make.cc:294:find_same_wires$2138 and $auto$equiv_make.cc:294:find_same_wires$1231.
    Fwd merging 2 $equiv cells (from group of 2) using strategy deduplicate:
      Merging cells $auto$equiv_make.cc:294:find_same_wires$2137 and $auto$equiv_make.cc:294:find_same_wires$1230.
    Fwd merging 2 $equiv cells (from group of 2) using strategy deduplicate:
      Merging cells $auto$equiv_make.cc:294:find_same_wires$2136 and $auto$equiv_make.cc:294:find_same_wires$1229.
    Fwd merging 2 $equiv cells (from group of 2) using strategy deduplicate:
      Merging cells $auto$equiv_make.cc:294:find_same_wires$2135 and $auto$equiv_make.cc:294:find_same_wires$1228.
    Fwd merging 2 $equiv cells (from group of 2) using strategy deduplicate:
      Merging cells $auto$equiv_make.cc:294:find_same_wires$2134 and $auto$equiv_make.cc:294:find_same_wires$1227.
    Fwd merging 2 $equiv cells (from group of 2) using strategy deduplicate:
      Merging cells $auto$equiv_make.cc:294:find_same_wires$2133 and $auto$equiv_make.cc:294:find_same_wires$1226.
    Fwd merging 2 $equiv cells (from group of 2) using strategy deduplicate:
      Merging cells $auto$equiv_make.cc:294:find_same_wires$2132 and $auto$equiv_make.cc:294:find_same_wires$1225.
    Fwd merging 2 $equiv cells (from group of 2) using strategy deduplicate:
      Merging cells $auto$equiv_make.cc:294:find_same_wires$2131 and $auto$equiv_make.cc:294:find_same_wires$1224.
    Fwd merging 2 $equiv cells (from group of 2) using strategy deduplicate:
      Merging cells $auto$equiv_make.cc:294:find_same_wires$2130 and $auto$equiv_make.cc:294:find_same_wires$1223.
    Fwd merging 2 $equiv cells (from group of 2) using strategy deduplicate:
      Merging cells $auto$equiv_make.cc:294:find_same_wires$2129 and $auto$equiv_make.cc:294:find_same_wires$1222.
    Fwd merging 2 $equiv cells (from group of 2) using strategy deduplicate:
      Merging cells $auto$equiv_make.cc:294:find_same_wires$2128 and $auto$equiv_make.cc:294:find_same_wires$1221.
    Fwd merging 2 $equiv cells (from group of 2) using strategy deduplicate:
      Merging cells $auto$equiv_make.cc:294:find_same_wires$2127 and $auto$equiv_make.cc:294:find_same_wires$1220.
    Fwd merging 2 $equiv cells (from group of 2) using strategy deduplicate:
      Merging cells $auto$equiv_make.cc:294:find_same_wires$2126 and $auto$equiv_make.cc:294:find_same_wires$1219.
    Fwd merging 2 $equiv cells (from group of 2) using strategy deduplicate:
      Merging cells $auto$equiv_make.cc:294:find_same_wires$2125 and $auto$equiv_make.cc:294:find_same_wires$1218.
    Fwd merging 2 $equiv cells (from group of 2) using strategy deduplicate:
      Merging cells $auto$equiv_make.cc:294:find_same_wires$2124 and $auto$equiv_make.cc:294:find_same_wires$1217.
    Fwd merging 2 $equiv cells (from group of 2) using strategy deduplicate:
      Merging cells $auto$equiv_make.cc:294:find_same_wires$2123 and $auto$equiv_make.cc:294:find_same_wires$1216.
    Fwd merging 2 $equiv cells (from group of 2) using strategy deduplicate:
      Merging cells $auto$equiv_make.cc:294:find_same_wires$2122 and $auto$equiv_make.cc:294:find_same_wires$1215.
    Fwd merging 2 $equiv cells (from group of 2) using strategy deduplicate:
      Merging cells $auto$equiv_make.cc:294:find_same_wires$2121 and $auto$equiv_make.cc:294:find_same_wires$1214.
    Fwd merging 2 $equiv cells (from group of 2) using strategy deduplicate:
      Merging cells $auto$equiv_make.cc:294:find_same_wires$2120 and $auto$equiv_make.cc:294:find_same_wires$1213.
    Fwd merging 2 $equiv cells (from group of 2) using strategy deduplicate:
      Merging cells $auto$equiv_make.cc:294:find_same_wires$2119 and $auto$equiv_make.cc:294:find_same_wires$1212.
    Fwd merging 2 $equiv cells (from group of 2) using strategy deduplicate:
      Merging cells $auto$equiv_make.cc:294:find_same_wires$2118 and $auto$equiv_make.cc:294:find_same_wires$1211.
    Fwd merging 2 $equiv cells (from group of 2) using strategy deduplicate:
      Merging cells $auto$equiv_make.cc:294:find_same_wires$2117 and $auto$equiv_make.cc:294:find_same_wires$1210.
    Fwd merging 2 $equiv cells (from group of 2) using strategy deduplicate:
      Merging cells $auto$equiv_make.cc:294:find_same_wires$2116 and $auto$equiv_make.cc:294:find_same_wires$1209.
    Fwd merging 2 $equiv cells (from group of 2) using strategy deduplicate:
      Merging cells $auto$equiv_make.cc:294:find_same_wires$2115 and $auto$equiv_make.cc:294:find_same_wires$1208.
    Fwd merging 2 $equiv cells (from group of 2) using strategy deduplicate:
      Merging cells $auto$equiv_make.cc:294:find_same_wires$2114 and $auto$equiv_make.cc:294:find_same_wires$1207.
    Fwd merging 2 $equiv cells (from group of 2) using strategy deduplicate:
      Merging cells $auto$equiv_make.cc:294:find_same_wires$2113 and $auto$equiv_make.cc:294:find_same_wires$1206.
    Fwd merging 2 $equiv cells (from group of 2) using strategy deduplicate:
      Merging cells $auto$equiv_make.cc:294:find_same_wires$2112 and $auto$equiv_make.cc:294:find_same_wires$1205.
    Fwd merging 2 $equiv cells (from group of 2) using strategy deduplicate:
      Merging cells $auto$equiv_make.cc:294:find_same_wires$2111 and $auto$equiv_make.cc:294:find_same_wires$1204.
    Fwd merging 2 $equiv cells (from group of 2) using strategy deduplicate:
      Merging cells $auto$equiv_make.cc:294:find_same_wires$1278 and $auto$equiv_make.cc:294:find_same_wires$2295.
    Fwd merging 2 $equiv cells (from group of 2) using strategy deduplicate:
      Merging cells $auto$equiv_make.cc:294:find_same_wires$2110 and $auto$equiv_make.cc:294:find_same_wires$1203.
    Fwd merging 2 $equiv cells (from group of 2) using strategy deduplicate:
      Merging cells $auto$equiv_make.cc:294:find_same_wires$2109 and $auto$equiv_make.cc:294:find_same_wires$1202.
    Fwd merging 2 $equiv cells (from group of 2) using strategy deduplicate:
      Merging cells $auto$equiv_make.cc:294:find_same_wires$2108 and $auto$equiv_make.cc:294:find_same_wires$1201.
    Fwd merging 2 $equiv cells (from group of 2) using strategy deduplicate:
      Merging cells $auto$equiv_make.cc:294:find_same_wires$2107 and $auto$equiv_make.cc:294:find_same_wires$1200.
    Fwd merging 2 $equiv cells (from group of 2) using strategy deduplicate:
      Merging cells $auto$equiv_make.cc:294:find_same_wires$2106 and $auto$equiv_make.cc:294:find_same_wires$1199.
    Fwd merging 2 $equiv cells (from group of 2) using strategy deduplicate:
      Merging cells $auto$equiv_make.cc:294:find_same_wires$2105 and $auto$equiv_make.cc:294:find_same_wires$1198.
    Fwd merging 2 $equiv cells (from group of 2) using strategy deduplicate:
      Merging cells $auto$equiv_make.cc:294:find_same_wires$2104 and $auto$equiv_make.cc:294:find_same_wires$1197.
    Fwd merging 2 $equiv cells (from group of 2) using strategy deduplicate:
      Merging cells $auto$equiv_make.cc:294:find_same_wires$2103 and $auto$equiv_make.cc:294:find_same_wires$1196.
    Fwd merging 2 $equiv cells (from group of 2) using strategy deduplicate:
      Merging cells $auto$equiv_make.cc:294:find_same_wires$2102 and $auto$equiv_make.cc:294:find_same_wires$1195.
    Fwd merging 2 $equiv cells (from group of 2) using strategy deduplicate:
      Merging cells $auto$equiv_make.cc:294:find_same_wires$2101 and $auto$equiv_make.cc:294:find_same_wires$1194.
    Fwd merging 2 $equiv cells (from group of 2) using strategy deduplicate:
      Merging cells $auto$equiv_make.cc:294:find_same_wires$2100 and $auto$equiv_make.cc:294:find_same_wires$1193.
    Fwd merging 2 $equiv cells (from group of 2) using strategy deduplicate:
      Merging cells $auto$equiv_make.cc:294:find_same_wires$2099 and $auto$equiv_make.cc:294:find_same_wires$1192.
    Fwd merging 2 $equiv cells (from group of 2) using strategy deduplicate:
      Merging cells $auto$equiv_make.cc:294:find_same_wires$2098 and $auto$equiv_make.cc:294:find_same_wires$1191.
    Fwd merging 2 $equiv cells (from group of 2) using strategy deduplicate:
      Merging cells $auto$equiv_make.cc:294:find_same_wires$2097 and $auto$equiv_make.cc:294:find_same_wires$1190.
    Fwd merging 2 $equiv cells (from group of 2) using strategy deduplicate:
      Merging cells $auto$equiv_make.cc:294:find_same_wires$2096 and $auto$equiv_make.cc:294:find_same_wires$1189.
    Fwd merging 2 $equiv cells (from group of 2) using strategy deduplicate:
      Merging cells $auto$equiv_make.cc:294:find_same_wires$2095 and $auto$equiv_make.cc:294:find_same_wires$1188.
    Fwd merging 2 $equiv cells (from group of 2) using strategy deduplicate:
      Merging cells $auto$equiv_make.cc:294:find_same_wires$2094 and $auto$equiv_make.cc:294:find_same_wires$1187.
    Fwd merging 2 $equiv cells (from group of 2) using strategy deduplicate:
      Merging cells $auto$equiv_make.cc:294:find_same_wires$2093 and $auto$equiv_make.cc:294:find_same_wires$1186.
    Fwd merging 2 $equiv cells (from group of 2) using strategy deduplicate:
      Merging cells $auto$equiv_make.cc:294:find_same_wires$2092 and $auto$equiv_make.cc:294:find_same_wires$1185.
    Fwd merging 2 $equiv cells (from group of 2) using strategy deduplicate:
      Merging cells $auto$equiv_make.cc:294:find_same_wires$2091 and $auto$equiv_make.cc:294:find_same_wires$1184.
    Fwd merging 2 $equiv cells (from group of 2) using strategy deduplicate:
      Merging cells $auto$equiv_make.cc:294:find_same_wires$2090 and $auto$equiv_make.cc:294:find_same_wires$1183.
    Fwd merging 2 $equiv cells (from group of 2) using strategy deduplicate:
      Merging cells $auto$equiv_make.cc:294:find_same_wires$2089 and $auto$equiv_make.cc:294:find_same_wires$1182.
    Fwd merging 2 $equiv cells (from group of 2) using strategy deduplicate:
      Merging cells $auto$equiv_make.cc:294:find_same_wires$2088 and $auto$equiv_make.cc:294:find_same_wires$1181.
    Fwd merging 2 $equiv cells (from group of 2) using strategy deduplicate:
      Merging cells $auto$equiv_make.cc:294:find_same_wires$2087 and $auto$equiv_make.cc:294:find_same_wires$1180.
    Fwd merging 2 $equiv cells (from group of 2) using strategy deduplicate:
      Merging cells $auto$equiv_make.cc:294:find_same_wires$2086 and $auto$equiv_make.cc:294:find_same_wires$1179.
    Fwd merging 2 $equiv cells (from group of 2) using strategy deduplicate:
      Merging cells $auto$equiv_make.cc:294:find_same_wires$2085 and $auto$equiv_make.cc:294:find_same_wires$1178.
    Fwd merging 2 $equiv cells (from group of 2) using strategy deduplicate:
      Merging cells $auto$equiv_make.cc:294:find_same_wires$2084 and $auto$equiv_make.cc:294:find_same_wires$1177.
    Fwd merging 46 $equiv cells (from group of 47) using strategy deduplicate:
      Merging cells $auto$equiv_make.cc:294:find_same_wires$2177 and $auto$equiv_make.cc:294:find_same_wires$2329.
      Merging cells $auto$equiv_make.cc:294:find_same_wires$2327 and $auto$equiv_make.cc:294:find_same_wires$2325.
      Merging cells $auto$equiv_make.cc:294:find_same_wires$2211 and $auto$equiv_make.cc:294:find_same_wires$2209.
      Merging cells $auto$equiv_make.cc:294:find_same_wires$2207 and $auto$equiv_make.cc:294:find_same_wires$2205.
      Merging cells $auto$equiv_make.cc:294:find_same_wires$2203 and $auto$equiv_make.cc:294:find_same_wires$2201.
      Merging cells $auto$equiv_make.cc:294:find_same_wires$2199 and $auto$equiv_make.cc:294:find_same_wires$2197.
      Merging cells $auto$equiv_make.cc:294:find_same_wires$2195 and $auto$equiv_make.cc:294:find_same_wires$2193.
      Merging cells $auto$equiv_make.cc:294:find_same_wires$2191 and $auto$equiv_make.cc:294:find_same_wires$2189.
      Merging cells $auto$equiv_make.cc:294:find_same_wires$2187 and $auto$equiv_make.cc:294:find_same_wires$2185.
      Merging cells $auto$equiv_make.cc:294:find_same_wires$2183 and $auto$equiv_make.cc:294:find_same_wires$1823.
      Merging cells $auto$equiv_make.cc:294:find_same_wires$1817 and $auto$equiv_make.cc:294:find_same_wires$2377.
      Merging cells $auto$equiv_make.cc:294:find_same_wires$2375 and $auto$equiv_make.cc:294:find_same_wires$2373.
      Merging cells $auto$equiv_make.cc:294:find_same_wires$2371 and $auto$equiv_make.cc:294:find_same_wires$2369.
      Merging cells $auto$equiv_make.cc:294:find_same_wires$2367 and $auto$equiv_make.cc:294:find_same_wires$2365.
      Merging cells $auto$equiv_make.cc:294:find_same_wires$2363 and $auto$equiv_make.cc:294:find_same_wires$1344.
      Merging cells $auto$equiv_make.cc:294:find_same_wires$2175 and $auto$equiv_make.cc:294:find_same_wires$2173.
      Merging cells $auto$equiv_make.cc:294:find_same_wires$2171 and $auto$equiv_make.cc:294:find_same_wires$2169.
      Merging cells $auto$equiv_make.cc:294:find_same_wires$2167 and $auto$equiv_make.cc:294:find_same_wires$2165.
      Merging cells $auto$equiv_make.cc:294:find_same_wires$2163 and $auto$equiv_make.cc:294:find_same_wires$2161.
      Merging cells $auto$equiv_make.cc:294:find_same_wires$2159 and $auto$equiv_make.cc:294:find_same_wires$2157.
      Merging cells $auto$equiv_make.cc:294:find_same_wires$2155 and $auto$equiv_make.cc:294:find_same_wires$2153.
      Merging cells $auto$equiv_make.cc:294:find_same_wires$2151 and $auto$equiv_make.cc:294:find_same_wires$2149.
      Merging cells $auto$equiv_make.cc:294:find_same_wires$2181 and $auto$equiv_make.cc:294:find_same_wires$2179.
  Starting iteration 3.
    Fwd merging 24 $equiv cells (from group of 24) using strategy deduplicate:
      Merging cells $auto$equiv_make.cc:294:find_same_wires$2375 and $auto$equiv_make.cc:294:find_same_wires$2371.
      Merging cells $auto$equiv_make.cc:294:find_same_wires$1817 and $auto$equiv_make.cc:294:find_same_wires$2367.
      Merging cells $auto$equiv_make.cc:294:find_same_wires$2363 and $auto$equiv_make.cc:294:find_same_wires$2175.
      Merging cells $auto$equiv_make.cc:294:find_same_wires$2171 and $auto$equiv_make.cc:294:find_same_wires$2167.
      Merging cells $auto$equiv_make.cc:294:find_same_wires$2163 and $auto$equiv_make.cc:294:find_same_wires$2159.
      Merging cells $auto$equiv_make.cc:294:find_same_wires$2155 and $auto$equiv_make.cc:294:find_same_wires$2151.
      Merging cells $auto$equiv_make.cc:294:find_same_wires$2327 and $auto$equiv_make.cc:294:find_same_wires$2187.
      Merging cells $auto$equiv_make.cc:294:find_same_wires$2211 and $auto$equiv_make.cc:294:find_same_wires$2207.
      Merging cells $auto$equiv_make.cc:294:find_same_wires$2203 and $auto$equiv_make.cc:294:find_same_wires$2199.
      Merging cells $auto$equiv_make.cc:294:find_same_wires$2183 and $auto$equiv_make.cc:294:find_same_wires$2195.
      Merging cells $auto$equiv_make.cc:294:find_same_wires$2191 and $auto$equiv_make.cc:294:find_same_wires$2181.
      Merging cells $auto$equiv_make.cc:294:find_same_wires$2177 and $auto$equiv_make.cc:294:find_same_wires$2379.
  Starting iteration 4.
    Fwd merging 12 $equiv cells (from group of 12) using strategy deduplicate:
      Merging cells $auto$equiv_make.cc:294:find_same_wires$2375 and $auto$equiv_make.cc:294:find_same_wires$1817.
      Merging cells $auto$equiv_make.cc:294:find_same_wires$2363 and $auto$equiv_make.cc:294:find_same_wires$2171.
      Merging cells $auto$equiv_make.cc:294:find_same_wires$2163 and $auto$equiv_make.cc:294:find_same_wires$2155.
      Merging cells $auto$equiv_make.cc:294:find_same_wires$2327 and $auto$equiv_make.cc:294:find_same_wires$2211.
      Merging cells $auto$equiv_make.cc:294:find_same_wires$2203 and $auto$equiv_make.cc:294:find_same_wires$2183.
      Merging cells $auto$equiv_make.cc:294:find_same_wires$2191 and $auto$equiv_make.cc:294:find_same_wires$2177.
  Starting iteration 5.
    Fwd merging 6 $equiv cells (from group of 6) using strategy deduplicate:
      Merging cells $auto$equiv_make.cc:294:find_same_wires$2375 and $auto$equiv_make.cc:294:find_same_wires$2363.
      Merging cells $auto$equiv_make.cc:294:find_same_wires$2163 and $auto$equiv_make.cc:294:find_same_wires$2327.
      Merging cells $auto$equiv_make.cc:294:find_same_wires$2203 and $auto$equiv_make.cc:294:find_same_wires$2191.
  Starting iteration 6.
    Fwd merging 2 $equiv cells (from group of 3) using strategy deduplicate:
      Merging cells $auto$equiv_make.cc:294:find_same_wires$2375 and $auto$equiv_make.cc:294:find_same_wires$2163.
  Starting iteration 7.
    Fwd merging 2 $equiv cells (from group of 2) using strategy deduplicate:
      Merging cells $auto$equiv_make.cc:294:find_same_wires$2375 and $auto$equiv_make.cc:294:find_same_wires$2203.
  Starting iteration 8.
    Nothing to merge.
  Performed a total of 595 merges in module equiv.

14. Executing EQUIV_SIMPLE pass.
Found 713 unproven $equiv cells (24 groups) in equiv:
  Trying to prove $equiv for \spi_miso: failed.
 Grouping SAT models for \rx_shift:
  Trying to prove $equiv for \rx_shift [0]: success!
  Trying to prove $equiv for \rx_shift [1]: success!
  Trying to prove $equiv for \rx_shift [2]: success!
  Trying to prove $equiv for \rx_shift [3]: success!
  Trying to prove $equiv for \rx_shift [4]: success!
  Trying to prove $equiv for \rx_shift [5]: success!
  Trying to prove $equiv for \rx_shift [6]: success!
  Trying to prove $equiv for \rx_shift [7]: success!
  Trying to prove $equiv for \rx_shift [8]: success!
  Trying to prove $equiv for \rx_shift [9]: success!
  Trying to prove $equiv for \rx_shift [10]: success!
  Trying to prove $equiv for \rx_shift [11]: success!
  Trying to prove $equiv for \rx_shift [12]: success!
  Trying to prove $equiv for \rx_shift [13]: success!
  Trying to prove $equiv for \rx_shift [14]: success!
  Trying to prove $equiv for \rx_shift [15]: success!
  Trying to prove $equiv for \rx_shift [16]: success!
  Trying to prove $equiv for \rx_shift [17]: success!
  Trying to prove $equiv for \rx_shift [18]: success!
  Trying to prove $equiv for \rx_shift [19]: success!
  Trying to prove $equiv for \rx_shift [20]: success!
  Trying to prove $equiv for \rx_shift [21]: success!
  Trying to prove $equiv for \rx_shift [22]: success!
  Trying to prove $equiv for \rx_shift [23]: success!
  Trying to prove $equiv for \rx_shift [24]: success!
  Trying to prove $equiv for \rx_shift [25]: success!
  Trying to prove $equiv for \rx_shift [26]: success!
  Trying to prove $equiv for \rx_shift [27]: success!
  Trying to prove $equiv for \rx_shift [28]: success!
  Trying to prove $equiv for \rx_shift [29]: success!
  Trying to prove $equiv for \rx_shift [30]: success!
  Trying to prove $equiv for \rx_shift [31]: success!
  Trying to prove $equiv for \rx_shift [32]: success!
  Trying to prove $equiv for \rx_shift [33]: success!
  Trying to prove $equiv for \rx_shift [34]: success!
  Trying to prove $equiv for \rx_shift [35]: success!
  Trying to prove $equiv for \rx_shift [36]: success!
  Trying to prove $equiv for \rx_shift [37]: success!
  Trying to prove $equiv for \rx_shift [38]: success!
  Trying to prove $equiv for \rx_shift [39]: success!
  Trying to prove $equiv for \rx_shift [40]: success!
  Trying to prove $equiv for \rx_shift [41]: success!
  Trying to prove $equiv for \rx_shift [42]: success!
  Trying to prove $equiv for \rx_shift [43]: success!
  Trying to prove $equiv for \rx_shift [44]: success!
  Trying to prove $equiv for \rx_shift [45]: success!
  Trying to prove $equiv for \rx_shift [46]: success!
  Trying to prove $equiv for \rx_shift [47]: success!
  Trying to prove $equiv for \rx_shift [48]: success!
  Trying to prove $equiv for \rx_shift [49]: success!
  Trying to prove $equiv for \rx_shift [50]: success!
  Trying to prove $equiv for \rx_shift [51]: success!
  Trying to prove $equiv for \rx_shift [52]: success!
  Trying to prove $equiv for \rx_shift [53]: success!
  Trying to prove $equiv for \rx_shift [54]: success!
  Trying to prove $equiv for \rx_shift [55]: success!
  Trying to prove $equiv for \rx_shift [56]: success!
  Trying to prove $equiv for \rx_shift [57]: success!
  Trying to prove $equiv for \rx_shift [58]: success!
  Trying to prove $equiv for \rx_shift [59]: success!
  Trying to prove $equiv for \rx_shift [60]: success!
  Trying to prove $equiv for \rx_shift [61]: success!
  Trying to prove $equiv for \rx_shift [62]: success!
  Trying to prove $equiv for \rx_shift [63]: success!
  Trying to prove $equiv for \rx_shift [64]: success!
  Trying to prove $equiv for \rx_shift [65]: success!
  Trying to prove $equiv for \rx_shift [66]: success!
  Trying to prove $equiv for \rx_shift [67]: success!
  Trying to prove $equiv for \rx_shift [68]: success!
  Trying to prove $equiv for \rx_shift [69]: success!
  Trying to prove $equiv for \rx_shift [70]: success!
  Trying to prove $equiv for \rx_shift [71]: success!
  Trying to prove $equiv for \rx_shift [72]: success!
  Trying to prove $equiv for \rx_shift [73]: success!
  Trying to prove $equiv for \rx_shift [74]: success!
  Trying to prove $equiv for \rx_shift [75]: success!
  Trying to prove $equiv for \rx_shift [76]: success!
  Trying to prove $equiv for \rx_shift [77]: success!
  Trying to prove $equiv for \rx_shift [78]: success!
  Trying to prove $equiv for \rx_shift [79]: success!
  Trying to prove $equiv for \rx_shift [80]: success!
  Trying to prove $equiv for \rx_shift [81]: success!
  Trying to prove $equiv for \rx_shift [82]: success!
  Trying to prove $equiv for \rx_shift [83]: success!
  Trying to prove $equiv for \rx_shift [84]: success!
  Trying to prove $equiv for \rx_shift [85]: success!
  Trying to prove $equiv for \rx_shift [86]: success!
  Trying to prove $equiv for \rx_shift [87]: success!
  Trying to prove $equiv for \rx_shift [88]: success!
  Trying to prove $equiv for \rx_shift [89]: success!
  Trying to prove $equiv for \rx_shift [90]: success!
  Trying to prove $equiv for \rx_shift [91]: success!
  Trying to prove $equiv for \rx_shift [92]: success!
  Trying to prove $equiv for \rx_shift [93]: success!
  Trying to prove $equiv for \rx_shift [94]: success!
  Trying to prove $equiv for \rx_shift [95]: success!
  Trying to prove $equiv for \rx_shift [96]: success!
  Trying to prove $equiv for \rx_shift [97]: success!
  Trying to prove $equiv for \rx_shift [98]: success!
  Trying to prove $equiv for \rx_shift [99]: success!
  Trying to prove $equiv for \rx_shift [100]: success!
  Trying to prove $equiv for \rx_shift [101]: success!
  Trying to prove $equiv for \rx_shift [102]: success!
  Trying to prove $equiv for \rx_shift [103]: success!
  Trying to prove $equiv for \rx_shift [104]: success!
  Trying to prove $equiv for \rx_shift [105]: success!
  Trying to prove $equiv for \rx_shift [106]: success!
  Trying to prove $equiv for \rx_shift [107]: success!
  Trying to prove $equiv for \rx_shift [108]: success!
  Trying to prove $equiv for \rx_shift [109]: success!
  Trying to prove $equiv for \rx_shift [110]: success!
  Trying to prove $equiv for \rx_shift [111]: success!
  Trying to prove $equiv for \rx_shift [112]: success!
  Trying to prove $equiv for \rx_shift [113]: success!
  Trying to prove $equiv for \rx_shift [114]: success!
  Trying to prove $equiv for \rx_shift [115]: success!
  Trying to prove $equiv for \rx_shift [116]: success!
  Trying to prove $equiv for \rx_shift [117]: success!
  Trying to prove $equiv for \rx_shift [118]: success!
  Trying to prove $equiv for \rx_shift [119]: success!
  Trying to prove $equiv for \rx_shift [120]: success!
  Trying to prove $equiv for \rx_shift [121]: success!
  Trying to prove $equiv for \rx_shift [122]: success!
  Trying to prove $equiv for \rx_shift [123]: success!
  Trying to prove $equiv for \rx_shift [124]: success!
  Trying to prove $equiv for \rx_shift [125]: success!
  Trying to prove $equiv for \rx_shift [126]: success!
  Trying to prove $equiv for \rx_shift [127]: success!
  Trying to prove $equiv for \rx_shift [128]: success!
  Trying to prove $equiv for \rx_shift [129]: success!
  Trying to prove $equiv for \rx_shift [130]: success!
  Trying to prove $equiv for \rx_shift [131]: success!
  Trying to prove $equiv for \rx_shift [132]: success!
  Trying to prove $equiv for \rx_shift [133]: success!
  Trying to prove $equiv for \rx_shift [134]: success!
  Trying to prove $equiv for \rx_shift [135]: success!
 Grouping SAT models for \tx_shift:
  Trying to prove $equiv for \tx_shift [0]: success!
  Trying to prove $equiv for \tx_shift [1]: failed.
  Trying to prove $equiv for \tx_shift [2]: failed.
  Trying to prove $equiv for \tx_shift [3]: failed.
  Trying to prove $equiv for \tx_shift [4]: failed.
  Trying to prove $equiv for \tx_shift [5]: failed.
  Trying to prove $equiv for \tx_shift [6]: failed.
  Trying to prove $equiv for \tx_shift [7]: failed.
  Trying to prove $equiv for \tx_shift [8]: failed.
  Trying to prove $equiv for \tx_shift [9]: failed.
  Trying to prove $equiv for \tx_shift [10]: failed.
  Trying to prove $equiv for \tx_shift [11]: failed.
  Trying to prove $equiv for \tx_shift [12]: failed.
  Trying to prove $equiv for \tx_shift [13]: failed.
  Trying to prove $equiv for \tx_shift [14]: failed.
  Trying to prove $equiv for \tx_shift [15]: failed.
  Trying to prove $equiv for \tx_shift [16]: failed.
  Trying to prove $equiv for \tx_shift [17]: failed.
  Trying to prove $equiv for \tx_shift [18]: failed.
  Trying to prove $equiv for \tx_shift [19]: failed.
  Trying to prove $equiv for \tx_shift [20]: failed.
  Trying to prove $equiv for \tx_shift [21]: failed.
  Trying to prove $equiv for \tx_shift [22]: failed.
  Trying to prove $equiv for \tx_shift [23]: failed.
  Trying to prove $equiv for \tx_shift [24]: failed.
  Trying to prove $equiv for \tx_shift [25]: failed.
  Trying to prove $equiv for \tx_shift [26]: failed.
  Trying to prove $equiv for \tx_shift [27]: failed.
  Trying to prove $equiv for \tx_shift [28]: failed.
  Trying to prove $equiv for \tx_shift [29]: failed.
  Trying to prove $equiv for \tx_shift [30]: failed.
  Trying to prove $equiv for \tx_shift [31]: failed.
  Trying to prove $equiv for \tx_shift [32]: failed.
  Trying to prove $equiv for \tx_shift [33]: failed.
  Trying to prove $equiv for \tx_shift [34]: failed.
  Trying to prove $equiv for \tx_shift [35]: failed.
  Trying to prove $equiv for \tx_shift [36]: failed.
  Trying to prove $equiv for \tx_shift [37]: failed.
  Trying to prove $equiv for \tx_shift [38]: failed.
  Trying to prove $equiv for \tx_shift [39]: failed.
  Trying to prove $equiv for \tx_shift [40]: failed.
  Trying to prove $equiv for \tx_shift [41]: failed.
  Trying to prove $equiv for \tx_shift [42]: failed.
  Trying to prove $equiv for \tx_shift [43]: failed.
  Trying to prove $equiv for \tx_shift [44]: failed.
  Trying to prove $equiv for \tx_shift [45]: failed.
  Trying to prove $equiv for \tx_shift [46]: failed.
  Trying to prove $equiv for \tx_shift [47]: failed.
  Trying to prove $equiv for \tx_shift [48]: failed.
  Trying to prove $equiv for \tx_shift [49]: failed.
  Trying to prove $equiv for \tx_shift [50]: failed.
  Trying to prove $equiv for \tx_shift [51]: failed.
  Trying to prove $equiv for \tx_shift [52]: failed.
  Trying to prove $equiv for \tx_shift [53]: failed.
  Trying to prove $equiv for \tx_shift [54]: failed.
  Trying to prove $equiv for \tx_shift [55]: failed.
  Trying to prove $equiv for \tx_shift [56]: failed.
  Trying to prove $equiv for \tx_shift [57]: failed.
  Trying to prove $equiv for \tx_shift [58]: failed.
  Trying to prove $equiv for \tx_shift [59]: failed.
  Trying to prove $equiv for \tx_shift [60]: failed.
  Trying to prove $equiv for \tx_shift [61]: failed.
  Trying to prove $equiv for \tx_shift [62]: failed.
  Trying to prove $equiv for \tx_shift [63]: failed.
  Trying to prove $equiv for \tx_shift [64]: failed.
  Trying to prove $equiv for \tx_shift [65]: failed.
  Trying to prove $equiv for \tx_shift [66]: failed.
  Trying to prove $equiv for \tx_shift [67]: failed.
  Trying to prove $equiv for \tx_shift [68]: failed.
  Trying to prove $equiv for \tx_shift [69]: failed.
  Trying to prove $equiv for \tx_shift [70]: failed.
  Trying to prove $equiv for \tx_shift [71]: failed.
  Trying to prove $equiv for \tx_shift [72]: failed.
  Trying to prove $equiv for \tx_shift [73]: failed.
  Trying to prove $equiv for \tx_shift [74]: failed.
  Trying to prove $equiv for \tx_shift [75]: failed.
  Trying to prove $equiv for \tx_shift [76]: failed.
  Trying to prove $equiv for \tx_shift [77]: failed.
  Trying to prove $equiv for \tx_shift [78]: failed.
  Trying to prove $equiv for \tx_shift [79]: failed.
  Trying to prove $equiv for \tx_shift [80]: failed.
  Trying to prove $equiv for \tx_shift [81]: failed.
  Trying to prove $equiv for \tx_shift [82]: failed.
  Trying to prove $equiv for \tx_shift [83]: failed.
  Trying to prove $equiv for \tx_shift [84]: failed.
  Trying to prove $equiv for \tx_shift [85]: failed.
  Trying to prove $equiv for \tx_shift [86]: failed.
  Trying to prove $equiv for \tx_shift [87]: failed.
  Trying to prove $equiv for \tx_shift [88]: failed.
  Trying to prove $equiv for \tx_shift [89]: failed.
  Trying to prove $equiv for \tx_shift [90]: failed.
  Trying to prove $equiv for \tx_shift [91]: failed.
  Trying to prove $equiv for \tx_shift [92]: failed.
  Trying to prove $equiv for \tx_shift [93]: failed.
  Trying to prove $equiv for \tx_shift [94]: failed.
  Trying to prove $equiv for \tx_shift [95]: failed.
  Trying to prove $equiv for \tx_shift [96]: failed.
  Trying to prove $equiv for \tx_shift [97]: failed.
  Trying to prove $equiv for \tx_shift [98]: failed.
  Trying to prove $equiv for \tx_shift [99]: failed.
  Trying to prove $equiv for \tx_shift [100]: failed.
  Trying to prove $equiv for \tx_shift [101]: failed.
  Trying to prove $equiv for \tx_shift [102]: failed.
  Trying to prove $equiv for \tx_shift [103]: failed.
  Trying to prove $equiv for \tx_shift [104]: failed.
  Trying to prove $equiv for \tx_shift [105]: failed.
  Trying to prove $equiv for \tx_shift [106]: failed.
  Trying to prove $equiv for \tx_shift [107]: failed.
  Trying to prove $equiv for \tx_shift [108]: failed.
  Trying to prove $equiv for \tx_shift [109]: failed.
  Trying to prove $equiv for \tx_shift [110]: failed.
  Trying to prove $equiv for \tx_shift [111]: failed.
  Trying to prove $equiv for \tx_shift [112]: failed.
  Trying to prove $equiv for \tx_shift [113]: failed.
  Trying to prove $equiv for \tx_shift [114]: failed.
  Trying to prove $equiv for \tx_shift [115]: failed.
  Trying to prove $equiv for \tx_shift [116]: failed.
  Trying to prove $equiv for \tx_shift [117]: failed.
  Trying to prove $equiv for \tx_shift [118]: failed.
  Trying to prove $equiv for \tx_shift [119]: failed.
  Trying to prove $equiv for \tx_shift [120]: failed.
  Trying to prove $equiv for \tx_shift [121]: failed.
  Trying to prove $equiv for \tx_shift [122]: failed.
  Trying to prove $equiv for \tx_shift [123]: failed.
  Trying to prove $equiv for \tx_shift [124]: failed.
  Trying to prove $equiv for \tx_shift [125]: failed.
  Trying to prove $equiv for \tx_shift [126]: failed.
  Trying to prove $equiv for \tx_shift [127]: failed.
  Trying to prove $equiv for \tx_shift [128]: failed.
  Trying to prove $equiv for \tx_shift [129]: failed.
  Trying to prove $equiv for \tx_shift [130]: failed.
  Trying to prove $equiv for \tx_shift [131]: failed.
  Trying to prove $equiv for \tx_shift [132]: failed.
  Trying to prove $equiv for \tx_shift [133]: failed.
  Trying to prove $equiv for \tx_shift [134]: failed.
  Trying to prove $equiv for \tx_shift [135]: failed.
  Trying to prove $equiv for \tx_shift [136]: failed.
  Trying to prove $equiv for \tx_shift [137]: failed.
  Trying to prove $equiv for \tx_shift [138]: failed.
  Trying to prove $equiv for \tx_shift [139]: failed.
  Trying to prove $equiv for \tx_shift [140]: failed.
  Trying to prove $equiv for \tx_shift [141]: failed.
  Trying to prove $equiv for \tx_shift [142]: failed.
  Trying to prove $equiv for \tx_shift [143]: failed.
  Trying to prove $equiv for \tx_shift [144]: failed.
  Trying to prove $equiv for \tx_shift [145]: failed.
  Trying to prove $equiv for \tx_shift [146]: failed.
  Trying to prove $equiv for \tx_shift [147]: failed.
  Trying to prove $equiv for \tx_shift [148]: failed.
  Trying to prove $equiv for \tx_shift [149]: failed.
  Trying to prove $equiv for \tx_shift [150]: failed.
  Trying to prove $equiv for \tx_shift [151]: failed.
  Trying to prove $equiv for \tx_shift [152]: failed.
  Trying to prove $equiv for \tx_shift [153]: failed.
  Trying to prove $equiv for \tx_shift [154]: failed.
  Trying to prove $equiv for \tx_shift [155]: failed.
  Trying to prove $equiv for \tx_shift [156]: failed.
  Trying to prove $equiv for \tx_shift [157]: failed.
  Trying to prove $equiv for \tx_shift [158]: failed.
  Trying to prove $equiv for \tx_shift [159]: failed.
  Trying to prove $equiv for \tx_shift [160]: failed.
  Trying to prove $equiv for \tx_shift [161]: failed.
  Trying to prove $equiv for \tx_shift [162]: failed.
  Trying to prove $equiv for \tx_shift [163]: failed.
  Trying to prove $equiv for \tx_shift [164]: failed.
  Trying to prove $equiv for \tx_shift [165]: failed.
  Trying to prove $equiv for \tx_shift [166]: failed.
 Grouping SAT models for \core_rsp_data [31:0]:
  Trying to prove $equiv for \core_rsp_data [0]: failed.
  Trying to prove $equiv for \core_rsp_data [1]: failed.
  Trying to prove $equiv for \core_rsp_data [2]: failed.
  Trying to prove $equiv for \core_rsp_data [3]: failed.
  Trying to prove $equiv for \core_rsp_data [4]: failed.
  Trying to prove $equiv for \core_rsp_data [5]: failed.
  Trying to prove $equiv for \core_rsp_data [6]: failed.
  Trying to prove $equiv for \core_rsp_data [7]: failed.
  Trying to prove $equiv for \core_rsp_data [8]: failed.
  Trying to prove $equiv for \core_rsp_data [9]: failed.
  Trying to prove $equiv for \core_rsp_data [10]: failed.
  Trying to prove $equiv for \core_rsp_data [11]: failed.
  Trying to prove $equiv for \core_rsp_data [12]: failed.
  Trying to prove $equiv for \core_rsp_data [13]: failed.
  Trying to prove $equiv for \core_rsp_data [14]: failed.
  Trying to prove $equiv for \core_rsp_data [15]: failed.
  Trying to prove $equiv for \core_rsp_data [16]: failed.
  Trying to prove $equiv for \core_rsp_data [17]: failed.
  Trying to prove $equiv for \core_rsp_data [18]: failed.
  Trying to prove $equiv for \core_rsp_data [19]: failed.
  Trying to prove $equiv for \core_rsp_data [20]: failed.
  Trying to prove $equiv for \core_rsp_data [21]: failed.
  Trying to prove $equiv for \core_rsp_data [22]: failed.
  Trying to prove $equiv for \core_rsp_data [23]: failed.
  Trying to prove $equiv for \core_rsp_data [24]: failed.
  Trying to prove $equiv for \core_rsp_data [25]: failed.
  Trying to prove $equiv for \core_rsp_data [26]: failed.
  Trying to prove $equiv for \core_rsp_data [27]: failed.
  Trying to prove $equiv for \core_rsp_data [28]: failed.
  Trying to prove $equiv for \core_rsp_data [29]: failed.
  Trying to prove $equiv for \core_rsp_data [30]: failed.
  Trying to prove $equiv for \core_rsp_data [31]: failed.
  Trying to prove $equiv for \core_response [35]: failed.
  Trying to prove $equiv for \u_core.rsp_schema_ok: failed.
  Trying to prove $equiv for \u_core.rsp_valid_sync: failed.
 Grouping SAT models for \u_core.read_data_next:
  Trying to prove $equiv for \u_core.read_data_next [0]: failed.
  Trying to prove $equiv for \u_core.read_data_next [1]: failed.
  Trying to prove $equiv for \u_core.read_data_next [2]: failed.
  Trying to prove $equiv for \u_core.read_data_next [3]: failed.
  Trying to prove $equiv for \u_core.read_data_next [4]: failed.
  Trying to prove $equiv for \u_core.read_data_next [5]: failed.
  Trying to prove $equiv for \u_core.read_data_next [6]: failed.
  Trying to prove $equiv for \u_core.read_data_next [7]: failed.
  Trying to prove $equiv for \u_core.read_data_next [8]: failed.
  Trying to prove $equiv for \u_core.read_data_next [9]: failed.
  Trying to prove $equiv for \u_core.read_data_next [10]: failed.
  Trying to prove $equiv for \u_core.read_data_next [11]: failed.
  Trying to prove $equiv for \u_core.read_data_next [12]: failed.
  Trying to prove $equiv for \u_core.read_data_next [13]: failed.
  Trying to prove $equiv for \u_core.read_data_next [14]: failed.
  Trying to prove $equiv for \u_core.read_data_next [15]: failed.
  Trying to prove $equiv for \u_core.read_data_next [16]: failed.
  Trying to prove $equiv for \u_core.read_data_next [17]: failed.
  Trying to prove $equiv for \u_core.read_data_next [18]: failed.
  Trying to prove $equiv for \u_core.read_data_next [19]: failed.
  Trying to prove $equiv for \u_core.read_data_next [20]: failed.
  Trying to prove $equiv for \u_core.read_data_next [21]: failed.
  Trying to prove $equiv for \u_core.read_data_next [22]: failed.
  Trying to prove $equiv for \u_core.read_data_next [23]: failed.
  Trying to prove $equiv for \u_core.read_data_next [24]: failed.
  Trying to prove $equiv for \u_core.read_data_next [25]: failed.
  Trying to prove $equiv for \u_core.read_data_next [26]: failed.
  Trying to prove $equiv for \u_core.read_data_next [27]: failed.
  Trying to prove $equiv for \u_core.read_data_next [28]: failed.
  Trying to prove $equiv for \u_core.read_data_next [29]: failed.
  Trying to prove $equiv for \u_core.read_data_next [30]: failed.
  Trying to prove $equiv for \u_core.read_data_next [31]: failed.
  Trying to prove $equiv for \u_core.read_data_next [32]: failed.
  Trying to prove $equiv for \u_core.read_data_next [33]: failed.
  Trying to prove $equiv for \u_core.read_data_next [34]: failed.
  Trying to prove $equiv for \u_core.read_data_next [35]: failed.
  Trying to prove $equiv for \u_core.read_data_next [36]: failed.
  Trying to prove $equiv for \u_core.read_data_next [37]: failed.
  Trying to prove $equiv for \u_core.read_data_next [38]: failed.
  Trying to prove $equiv for \u_core.read_data_next [39]: failed.
  Trying to prove $equiv for \u_core.read_data_next [40]: failed.
  Trying to prove $equiv for \u_core.read_data_next [41]: failed.
  Trying to prove $equiv for \u_core.read_data_next [42]: failed.
  Trying to prove $equiv for \u_core.read_data_next [43]: failed.
  Trying to prove $equiv for \u_core.read_data_next [44]: failed.
  Trying to prove $equiv for \u_core.read_data_next [45]: failed.
  Trying to prove $equiv for \u_core.read_data_next [46]: failed.
  Trying to prove $equiv for \u_core.read_data_next [47]: failed.
  Trying to prove $equiv for \u_core.read_data_next [48]: failed.
  Trying to prove $equiv for \u_core.read_data_next [49]: failed.
  Trying to prove $equiv for \u_core.read_data_next [50]: failed.
  Trying to prove $equiv for \u_core.read_data_next [51]: failed.
  Trying to prove $equiv for \u_core.read_data_next [52]: failed.
  Trying to prove $equiv for \u_core.read_data_next [53]: failed.
  Trying to prove $equiv for \u_core.read_data_next [54]: failed.
  Trying to prove $equiv for \u_core.read_data_next [55]: failed.
  Trying to prove $equiv for \u_core.read_data_next [56]: failed.
  Trying to prove $equiv for \u_core.read_data_next [57]: failed.
  Trying to prove $equiv for \u_core.read_data_next [58]: failed.
  Trying to prove $equiv for \u_core.read_data_next [59]: failed.
  Trying to prove $equiv for \u_core.read_data_next [60]: failed.
  Trying to prove $equiv for \u_core.read_data_next [61]: failed.
  Trying to prove $equiv for \u_core.read_data_next [62]: failed.
  Trying to prove $equiv for \u_core.read_data_next [63]: failed.
 Grouping SAT models for { \u_core.status_reg_r [47:16] \u_core.status_reg_r [8:0] }:
  Trying to prove $equiv for \u_core.status_reg_r [0]: failed.
  Trying to prove $equiv for \u_core.status_reg_r [1]: failed.
  Trying to prove $equiv for \u_core.status_reg_r [2]: failed.
  Trying to prove $equiv for \u_core.status_reg_r [3]: failed.
  Trying to prove $equiv for \u_core.status_reg_r [4]: failed.
  Trying to prove $equiv for \u_core.status_reg_r [5]: failed.
  Trying to prove $equiv for \u_core.status_reg_r [6]: failed.
  Trying to prove $equiv for \u_core.status_reg_r [7]: failed.
  Trying to prove $equiv for \u_core.status_reg_r [8]: failed.
  Trying to prove $equiv for \u_core.status_reg_r [16]: failed.
  Trying to prove $equiv for \u_core.status_reg_r [17]: failed.
  Trying to prove $equiv for \u_core.status_reg_r [18]: failed.
  Trying to prove $equiv for \u_core.status_reg_r [19]: failed.
  Trying to prove $equiv for \u_core.status_reg_r [20]: failed.
  Trying to prove $equiv for \u_core.status_reg_r [21]: failed.
  Trying to prove $equiv for \u_core.status_reg_r [22]: failed.
  Trying to prove $equiv for \u_core.status_reg_r [23]: failed.
  Trying to prove $equiv for \u_core.status_reg_r [24]: failed.
  Trying to prove $equiv for \u_core.status_reg_r [25]: failed.
  Trying to prove $equiv for \u_core.status_reg_r [26]: failed.
  Trying to prove $equiv for \u_core.status_reg_r [27]: failed.
  Trying to prove $equiv for \u_core.status_reg_r [28]: failed.
  Trying to prove $equiv for \u_core.status_reg_r [29]: failed.
  Trying to prove $equiv for \u_core.status_reg_r [30]: failed.
  Trying to prove $equiv for \u_core.status_reg_r [31]: failed.
  Trying to prove $equiv for \u_core.status_reg_r [32]: failed.
  Trying to prove $equiv for \u_core.status_reg_r [33]: failed.
  Trying to prove $equiv for \u_core.status_reg_r [34]: failed.
  Trying to prove $equiv for \u_core.status_reg_r [35]: failed.
  Trying to prove $equiv for \u_core.status_reg_r [36]: failed.
  Trying to prove $equiv for \u_core.status_reg_r [37]: failed.
  Trying to prove $equiv for \u_core.status_reg_r [38]: failed.
  Trying to prove $equiv for \u_core.status_reg_r [39]: failed.
  Trying to prove $equiv for \u_core.status_reg_r [40]: failed.
  Trying to prove $equiv for \u_core.status_reg_r [41]: failed.
  Trying to prove $equiv for \u_core.status_reg_r [42]: failed.
  Trying to prove $equiv for \u_core.status_reg_r [43]: failed.
  Trying to prove $equiv for \u_core.status_reg_r [44]: failed.
  Trying to prove $equiv for \u_core.status_reg_r [45]: failed.
  Trying to prove $equiv for \u_core.status_reg_r [46]: failed.
  Trying to prove $equiv for \u_core.status_reg_r [47]: failed.
 Grouping SAT models for \u_core.mmio_rdata_r:
  Trying to prove $equiv for \u_core.mmio_rdata_r [0]: failed.
  Trying to prove $equiv for \u_core.mmio_rdata_r [1]: failed.
  Trying to prove $equiv for \u_core.mmio_rdata_r [2]: failed.
  Trying to prove $equiv for \u_core.mmio_rdata_r [3]: failed.
  Trying to prove $equiv for \u_core.mmio_rdata_r [4]: failed.
  Trying to prove $equiv for \u_core.mmio_rdata_r [5]: failed.
  Trying to prove $equiv for \u_core.mmio_rdata_r [6]: failed.
  Trying to prove $equiv for \u_core.mmio_rdata_r [7]: failed.
  Trying to prove $equiv for \u_core.mmio_rdata_r [8]: failed.
  Trying to prove $equiv for \u_core.mmio_rdata_r [9]: failed.
  Trying to prove $equiv for \u_core.mmio_rdata_r [10]: failed.
  Trying to prove $equiv for \u_core.mmio_rdata_r [11]: failed.
  Trying to prove $equiv for \u_core.mmio_rdata_r [12]: failed.
  Trying to prove $equiv for \u_core.mmio_rdata_r [13]: failed.
  Trying to prove $equiv for \u_core.mmio_rdata_r [14]: failed.
  Trying to prove $equiv for \u_core.mmio_rdata_r [15]: failed.
  Trying to prove $equiv for \u_core.mmio_rdata_r [16]: failed.
  Trying to prove $equiv for \u_core.mmio_rdata_r [17]: failed.
  Trying to prove $equiv for \u_core.mmio_rdata_r [18]: failed.
  Trying to prove $equiv for \u_core.mmio_rdata_r [19]: failed.
  Trying to prove $equiv for \u_core.mmio_rdata_r [20]: failed.
  Trying to prove $equiv for \u_core.mmio_rdata_r [21]: failed.
  Trying to prove $equiv for \u_core.mmio_rdata_r [22]: failed.
  Trying to prove $equiv for \u_core.mmio_rdata_r [23]: failed.
  Trying to prove $equiv for \u_core.mmio_rdata_r [24]: failed.
  Trying to prove $equiv for \u_core.mmio_rdata_r [25]: failed.
  Trying to prove $equiv for \u_core.mmio_rdata_r [26]: failed.
  Trying to prove $equiv for \u_core.mmio_rdata_r [27]: failed.
  Trying to prove $equiv for \u_core.mmio_rdata_r [28]: failed.
  Trying to prove $equiv for \u_core.mmio_rdata_r [29]: failed.
  Trying to prove $equiv for \u_core.mmio_rdata_r [30]: failed.
  Trying to prove $equiv for \u_core.mmio_rdata_r [31]: failed.
  Trying to prove $equiv for \u_core.mmio_rdata_r [32]: failed.
  Trying to prove $equiv for \u_core.mmio_rdata_r [33]: failed.
  Trying to prove $equiv for \u_core.mmio_rdata_r [34]: failed.
  Trying to prove $equiv for \u_core.mmio_rdata_r [35]: failed.
  Trying to prove $equiv for \u_core.mmio_rdata_r [36]: failed.
  Trying to prove $equiv for \u_core.mmio_rdata_r [37]: failed.
  Trying to prove $equiv for \u_core.mmio_rdata_r [38]: failed.
  Trying to prove $equiv for \u_core.mmio_rdata_r [39]: failed.
  Trying to prove $equiv for \u_core.mmio_rdata_r [40]: failed.
  Trying to prove $equiv for \u_core.mmio_rdata_r [41]: failed.
  Trying to prove $equiv for \u_core.mmio_rdata_r [42]: failed.
  Trying to prove $equiv for \u_core.mmio_rdata_r [43]: failed.
  Trying to prove $equiv for \u_core.mmio_rdata_r [44]: failed.
  Trying to prove $equiv for \u_core.mmio_rdata_r [45]: failed.
  Trying to prove $equiv for \u_core.mmio_rdata_r [46]: failed.
  Trying to prove $equiv for \u_core.mmio_rdata_r [47]: failed.
  Trying to prove $equiv for \u_core.mmio_rdata_r [48]: failed.
  Trying to prove $equiv for \u_core.mmio_rdata_r [49]: failed.
  Trying to prove $equiv for \u_core.mmio_rdata_r [50]: failed.
  Trying to prove $equiv for \u_core.mmio_rdata_r [51]: failed.
  Trying to prove $equiv for \u_core.mmio_rdata_r [52]: failed.
  Trying to prove $equiv for \u_core.mmio_rdata_r [53]: failed.
  Trying to prove $equiv for \u_core.mmio_rdata_r [54]: failed.
  Trying to prove $equiv for \u_core.mmio_rdata_r [55]: failed.
  Trying to prove $equiv for \u_core.mmio_rdata_r [56]: failed.
  Trying to prove $equiv for \u_core.mmio_rdata_r [57]: failed.
  Trying to prove $equiv for \u_core.mmio_rdata_r [58]: failed.
  Trying to prove $equiv for \u_core.mmio_rdata_r [59]: failed.
  Trying to prove $equiv for \u_core.mmio_rdata_r [60]: failed.
  Trying to prove $equiv for \u_core.mmio_rdata_r [61]: failed.
  Trying to prove $equiv for \u_core.mmio_rdata_r [62]: failed.
  Trying to prove $equiv for \u_core.mmio_rdata_r [63]: failed.
  Trying to prove $equiv for \u_core.irq: failed.
 Grouping SAT models for \u_core.act_cmd_data:
  Trying to prove $equiv for \u_core.act_cmd_data [0]: failed.
  Trying to prove $equiv for \u_core.act_cmd_data [1]: failed.
  Trying to prove $equiv for \u_core.act_cmd_data [2]: failed.
  Trying to prove $equiv for \u_core.act_cmd_data [3]: failed.
  Trying to prove $equiv for \u_core.act_cmd_data [4]: failed.
  Trying to prove $equiv for \u_core.act_cmd_data [5]: failed.
  Trying to prove $equiv for \u_core.act_cmd_data [6]: failed.
  Trying to prove $equiv for \u_core.act_cmd_data [7]: failed.
  Trying to prove $equiv for \u_core.act_cmd_data [8]: failed.
  Trying to prove $equiv for \u_core.act_cmd_data [9]: failed.
  Trying to prove $equiv for \u_core.act_cmd_data [10]: failed.
  Trying to prove $equiv for \u_core.act_cmd_data [11]: failed.
  Trying to prove $equiv for \u_core.act_cmd_data [12]: failed.
  Trying to prove $equiv for \u_core.act_cmd_data [13]: failed.
  Trying to prove $equiv for \u_core.act_cmd_data [14]: failed.
  Trying to prove $equiv for \u_core.act_cmd_data [15]: failed.
  Trying to prove $equiv for \u_core.act_cmd_data [16]: failed.
  Trying to prove $equiv for \u_core.act_cmd_data [17]: failed.
  Trying to prove $equiv for \u_core.act_cmd_data [18]: failed.
  Trying to prove $equiv for \u_core.act_cmd_data [19]: failed.
  Trying to prove $equiv for \u_core.act_cmd_data [20]: failed.
  Trying to prove $equiv for \u_core.act_cmd_data [21]: failed.
  Trying to prove $equiv for \u_core.act_cmd_data [22]: failed.
  Trying to prove $equiv for \u_core.act_cmd_data [23]: failed.
  Trying to prove $equiv for \u_core.act_cmd_data [24]: failed.
  Trying to prove $equiv for \u_core.act_cmd_data [25]: failed.
  Trying to prove $equiv for \u_core.act_cmd_data [26]: failed.
  Trying to prove $equiv for \u_core.act_cmd_data [27]: failed.
  Trying to prove $equiv for \u_core.act_cmd_data [28]: failed.
  Trying to prove $equiv for \u_core.act_cmd_data [29]: failed.
  Trying to prove $equiv for \u_core.act_cmd_data [30]: failed.
  Trying to prove $equiv for \u_core.act_cmd_data [31]: failed.
  Trying to prove $equiv for \u_core.act_cmd_fault: failed.
  Trying to prove $equiv for \u_core.act_cmd_valid: failed.
 Grouping SAT models for \u_core.rsp_data [63:32]:
  Trying to prove $equiv for \u_core.rsp_data [32]: failed.
  Trying to prove $equiv for \u_core.rsp_data [33]: failed.
  Trying to prove $equiv for \u_core.rsp_data [34]: failed.
  Trying to prove $equiv for \u_core.rsp_data [35]: failed.
  Trying to prove $equiv for \u_core.rsp_data [36]: failed.
  Trying to prove $equiv for \u_core.rsp_data [37]: failed.
  Trying to prove $equiv for \u_core.rsp_data [38]: failed.
  Trying to prove $equiv for \u_core.rsp_data [39]: failed.
  Trying to prove $equiv for \u_core.rsp_data [40]: failed.
  Trying to prove $equiv for \u_core.rsp_data [41]: failed.
  Trying to prove $equiv for \u_core.rsp_data [42]: failed.
  Trying to prove $equiv for \u_core.rsp_data [43]: failed.
  Trying to prove $equiv for \u_core.rsp_data [44]: failed.
  Trying to prove $equiv for \u_core.rsp_data [45]: failed.
  Trying to prove $equiv for \u_core.rsp_data [46]: failed.
  Trying to prove $equiv for \u_core.rsp_data [47]: failed.
  Trying to prove $equiv for \u_core.rsp_data [48]: failed.
  Trying to prove $equiv for \u_core.rsp_data [49]: failed.
  Trying to prove $equiv for \u_core.rsp_data [50]: failed.
  Trying to prove $equiv for \u_core.rsp_data [51]: failed.
  Trying to prove $equiv for \u_core.rsp_data [52]: failed.
  Trying to prove $equiv for \u_core.rsp_data [53]: failed.
  Trying to prove $equiv for \u_core.rsp_data [54]: failed.
  Trying to prove $equiv for \u_core.rsp_data [55]: failed.
  Trying to prove $equiv for \u_core.rsp_data [56]: failed.
  Trying to prove $equiv for \u_core.rsp_data [57]: failed.
  Trying to prove $equiv for \u_core.rsp_data [58]: failed.
  Trying to prove $equiv for \u_core.rsp_data [59]: failed.
  Trying to prove $equiv for \u_core.rsp_data [60]: failed.
  Trying to prove $equiv for \u_core.rsp_data [61]: failed.
  Trying to prove $equiv for \u_core.rsp_data [62]: failed.
  Trying to prove $equiv for \u_core.rsp_data [63]: failed.
 Grouping SAT models for \u_core.req_data:
  Trying to prove $equiv for \u_core.req_data [0]: failed.
  Trying to prove $equiv for \u_core.req_data [1]: failed.
  Trying to prove $equiv for \u_core.req_data [2]: failed.
  Trying to prove $equiv for \u_core.req_data [3]: failed.
  Trying to prove $equiv for \u_core.req_data [4]: failed.
  Trying to prove $equiv for \u_core.req_data [5]: failed.
  Trying to prove $equiv for \u_core.req_data [6]: failed.
  Trying to prove $equiv for \u_core.req_data [7]: failed.
  Trying to prove $equiv for \u_core.req_data [8]: failed.
  Trying to prove $equiv for \u_core.req_data [9]: failed.
  Trying to prove $equiv for \u_core.req_data [10]: failed.
  Trying to prove $equiv for \u_core.req_data [11]: failed.
  Trying to prove $equiv for \u_core.req_data [12]: failed.
  Trying to prove $equiv for \u_core.req_data [13]: failed.
  Trying to prove $equiv for \u_core.req_data [14]: failed.
  Trying to prove $equiv for \u_core.req_data [15]: failed.
  Trying to prove $equiv for \u_core.req_data [16]: failed.
  Trying to prove $equiv for \u_core.req_data [17]: failed.
  Trying to prove $equiv for \u_core.req_data [18]: failed.
  Trying to prove $equiv for \u_core.req_data [19]: failed.
  Trying to prove $equiv for \u_core.req_data [20]: failed.
  Trying to prove $equiv for \u_core.req_data [21]: failed.
  Trying to prove $equiv for \u_core.req_data [22]: failed.
  Trying to prove $equiv for \u_core.req_data [23]: failed.
  Trying to prove $equiv for \u_core.req_data [24]: failed.
  Trying to prove $equiv for \u_core.req_data [25]: failed.
  Trying to prove $equiv for \u_core.req_data [26]: failed.
  Trying to prove $equiv for \u_core.req_data [27]: failed.
  Trying to prove $equiv for \u_core.req_data [28]: failed.
  Trying to prove $equiv for \u_core.req_data [29]: failed.
  Trying to prove $equiv for \u_core.req_data [30]: failed.
  Trying to prove $equiv for \u_core.req_data [31]: failed.
  Trying to prove $equiv for \u_core.req_data [32]: failed.
  Trying to prove $equiv for \u_core.req_data [33]: failed.
  Trying to prove $equiv for \u_core.req_data [34]: failed.
  Trying to prove $equiv for \u_core.req_data [35]: failed.
  Trying to prove $equiv for \u_core.req_data [36]: failed.
  Trying to prove $equiv for \u_core.req_data [37]: failed.
  Trying to prove $equiv for \u_core.req_data [38]: failed.
  Trying to prove $equiv for \u_core.req_data [39]: failed.
  Trying to prove $equiv for \u_core.req_data [40]: failed.
  Trying to prove $equiv for \u_core.req_data [41]: failed.
  Trying to prove $equiv for \u_core.req_data [42]: failed.
  Trying to prove $equiv for \u_core.req_data [43]: failed.
  Trying to prove $equiv for \u_core.req_data [44]: failed.
  Trying to prove $equiv for \u_core.req_data [45]: failed.
  Trying to prove $equiv for \u_core.req_data [46]: failed.
  Trying to prove $equiv for \u_core.req_data [47]: failed.
  Trying to prove $equiv for \u_core.req_data [48]: failed.
  Trying to prove $equiv for \u_core.req_data [49]: failed.
  Trying to prove $equiv for \u_core.req_data [50]: failed.
  Trying to prove $equiv for \u_core.req_data [51]: failed.
  Trying to prove $equiv for \u_core.req_data [52]: failed.
  Trying to prove $equiv for \u_core.req_data [53]: failed.
  Trying to prove $equiv for \u_core.req_data [54]: failed.
  Trying to prove $equiv for \u_core.req_data [55]: failed.
  Trying to prove $equiv for \u_core.req_data [56]: failed.
  Trying to prove $equiv for \u_core.req_data [57]: failed.
  Trying to prove $equiv for \u_core.req_data [58]: failed.
  Trying to prove $equiv for \u_core.req_data [59]: failed.
  Trying to prove $equiv for \u_core.req_data [60]: failed.
  Trying to prove $equiv for \u_core.req_data [61]: failed.
  Trying to prove $equiv for \u_core.req_data [62]: failed.
  Trying to prove $equiv for \u_core.req_data [63]: failed.
  Trying to prove $equiv for \u_core.req_ready: failed.
  Trying to prove $equiv for \u_core.req_valid: failed.
  Trying to prove $equiv for \u_core.mmio_re: failed.
  Trying to prove $equiv for \u_core.mmio_we: failed.
 Grouping SAT models for \u_core.mmio_wdata:
  Trying to prove $equiv for \u_core.mmio_wdata [0]: failed.
  Trying to prove $equiv for \u_core.mmio_wdata [1]: failed.
  Trying to prove $equiv for \u_core.mmio_wdata [2]: failed.
  Trying to prove $equiv for \u_core.mmio_wdata [3]: failed.
  Trying to prove $equiv for \u_core.mmio_wdata [4]: failed.
  Trying to prove $equiv for \u_core.mmio_wdata [5]: failed.
  Trying to prove $equiv for \u_core.mmio_wdata [6]: failed.
  Trying to prove $equiv for \u_core.mmio_wdata [7]: failed.
  Trying to prove $equiv for \u_core.mmio_wdata [8]: failed.
  Trying to prove $equiv for \u_core.mmio_wdata [9]: failed.
  Trying to prove $equiv for \u_core.mmio_wdata [10]: failed.
  Trying to prove $equiv for \u_core.mmio_wdata [11]: failed.
  Trying to prove $equiv for \u_core.mmio_wdata [12]: failed.
  Trying to prove $equiv for \u_core.mmio_wdata [13]: failed.
  Trying to prove $equiv for \u_core.mmio_wdata [14]: failed.
  Trying to prove $equiv for \u_core.mmio_wdata [15]: failed.
  Trying to prove $equiv for \u_core.mmio_wdata [16]: failed.
  Trying to prove $equiv for \u_core.mmio_wdata [17]: failed.
  Trying to prove $equiv for \u_core.mmio_wdata [18]: failed.
  Trying to prove $equiv for \u_core.mmio_wdata [19]: failed.
  Trying to prove $equiv for \u_core.mmio_wdata [20]: failed.
  Trying to prove $equiv for \u_core.mmio_wdata [21]: failed.
  Trying to prove $equiv for \u_core.mmio_wdata [22]: failed.
  Trying to prove $equiv for \u_core.mmio_wdata [23]: failed.
  Trying to prove $equiv for \u_core.mmio_wdata [24]: failed.
  Trying to prove $equiv for \u_core.mmio_wdata [25]: failed.
  Trying to prove $equiv for \u_core.mmio_wdata [26]: failed.
  Trying to prove $equiv for \u_core.mmio_wdata [27]: failed.
  Trying to prove $equiv for \u_core.mmio_wdata [28]: failed.
  Trying to prove $equiv for \u_core.mmio_wdata [29]: failed.
  Trying to prove $equiv for \u_core.mmio_wdata [30]: failed.
  Trying to prove $equiv for \u_core.mmio_wdata [31]: failed.
  Trying to prove $equiv for \u_core.mmio_wdata [32]: failed.
  Trying to prove $equiv for \u_core.mmio_wdata [33]: failed.
  Trying to prove $equiv for \u_core.mmio_wdata [34]: failed.
  Trying to prove $equiv for \u_core.mmio_wdata [35]: failed.
  Trying to prove $equiv for \u_core.mmio_wdata [36]: failed.
  Trying to prove $equiv for \u_core.mmio_wdata [37]: failed.
  Trying to prove $equiv for \u_core.mmio_wdata [38]: failed.
  Trying to prove $equiv for \u_core.mmio_wdata [39]: failed.
  Trying to prove $equiv for \u_core.mmio_wdata [40]: failed.
  Trying to prove $equiv for \u_core.mmio_wdata [41]: failed.
  Trying to prove $equiv for \u_core.mmio_wdata [42]: failed.
  Trying to prove $equiv for \u_core.mmio_wdata [43]: failed.
  Trying to prove $equiv for \u_core.mmio_wdata [44]: failed.
  Trying to prove $equiv for \u_core.mmio_wdata [45]: failed.
  Trying to prove $equiv for \u_core.mmio_wdata [46]: failed.
  Trying to prove $equiv for \u_core.mmio_wdata [47]: failed.
  Trying to prove $equiv for \u_core.mmio_wdata [48]: failed.
  Trying to prove $equiv for \u_core.mmio_wdata [49]: failed.
  Trying to prove $equiv for \u_core.mmio_wdata [50]: failed.
  Trying to prove $equiv for \u_core.mmio_wdata [51]: failed.
  Trying to prove $equiv for \u_core.mmio_wdata [52]: failed.
  Trying to prove $equiv for \u_core.mmio_wdata [53]: failed.
  Trying to prove $equiv for \u_core.mmio_wdata [54]: failed.
  Trying to prove $equiv for \u_core.mmio_wdata [55]: failed.
  Trying to prove $equiv for \u_core.mmio_wdata [56]: failed.
  Trying to prove $equiv for \u_core.mmio_wdata [57]: failed.
  Trying to prove $equiv for \u_core.mmio_wdata [58]: failed.
  Trying to prove $equiv for \u_core.mmio_wdata [59]: failed.
  Trying to prove $equiv for \u_core.mmio_wdata [60]: failed.
  Trying to prove $equiv for \u_core.mmio_wdata [61]: failed.
  Trying to prove $equiv for \u_core.mmio_wdata [62]: failed.
  Trying to prove $equiv for \u_core.mmio_wdata [63]: failed.
 Grouping SAT models for \u_core.mmio_addr:
  Trying to prove $equiv for \u_core.mmio_addr [0]: failed.
  Trying to prove $equiv for \u_core.mmio_addr [1]: failed.
  Trying to prove $equiv for \u_core.mmio_addr [2]: failed.
  Trying to prove $equiv for \u_core.mmio_addr [3]: failed.
  Trying to prove $equiv for \u_core.reset_n: success!
  Trying to prove $equiv for \u_core.clk: success!
Proved 139 previously unproven $equiv cells.

15. Executing EQUIV_INDUCT pass.
Found 574 unproven $equiv cells in module equiv:
  Undef modelling: force def on 2099 initial reg values and 5 inputs.
  Proving existence of base case for step 1. (311338 clauses over 116224 variables)
  Proving induction step 1. (728618 clauses over 268598 variables)
  Proof for induction step failed. Extending to next time step.
  Proving existence of base case for step 2. (728619 clauses over 268598 variables)
  Proving induction step 2. (1145902 clauses over 420973 variables)
  Proof for induction step failed. Extending to next time step.
  Proving existence of base case for step 3. (1145903 clauses over 420973 variables)
  Proving induction step 3. (1563186 clauses over 573348 variables)
  Proof for induction step failed. Extending to next time step.
  Proving existence of base case for step 4. (1563187 clauses over 573348 variables)
  Proving induction step 4. (1980470 clauses over 725723 variables)
  Proof for induction step failed. Extending to next time step.
  Proving existence of base case for step 5. (1980471 clauses over 725723 variables)
  Proving induction step 5. (2397754 clauses over 878098 variables)
  Proof for induction step failed. Extending to next time step.
  Proving existence of base case for step 6. (2397755 clauses over 878098 variables)
  Proving induction step 6. (2815038 clauses over 1030473 variables)
  Proof for induction step failed. Extending to next time step.
  Proving existence of base case for step 7. (2815039 clauses over 1030473 variables)
  Proving induction step 7. (3232322 clauses over 1182848 variables)
  Proof for induction step failed. Extending to next time step.
  Proving existence of base case for step 8. (3232323 clauses over 1182848 variables)
  Proving induction step 8. (3649606 clauses over 1335223 variables)
  Proof for induction step failed. Extending to next time step.
  Proving existence of base case for step 9. (3649607 clauses over 1335223 variables)
  Proving induction step 9. (4066890 clauses over 1487598 variables)
  Proof for induction step failed. Extending to next time step.
  Proving existence of base case for step 10. (4066891 clauses over 1487598 variables)
  Proving induction step 10. (4484174 clauses over 1639973 variables)
  Proof for induction step failed. Extending to next time step.
  Proving existence of base case for step 11. (4484175 clauses over 1639973 variables)
  Proving induction step 11. (4901458 clauses over 1792348 variables)
  Proof for induction step failed. Extending to next time step.
  Proving existence of base case for step 12. (4901459 clauses over 1792348 variables)
  Proving induction step 12. (5318742 clauses over 1944723 variables)
  Proof for induction step failed. Trying to prove individual $equiv from workset.
  Trying to prove $equiv for \tx_shift [95]: success!
  Trying to prove $equiv for \tx_shift [97]: success!
  Trying to prove $equiv for \tx_shift [99]: success!
  Trying to prove $equiv for \tx_shift [56]: success!
  Trying to prove $equiv for \tx_shift [80]: success!
  Trying to prove $equiv for \tx_shift [89]: success!
  Trying to prove $equiv for \tx_shift [85]: success!
  Trying to prove $equiv for \tx_shift [98]: success!
  Trying to prove $equiv for \tx_shift [100]: success!
  Trying to prove $equiv for \tx_shift [64]: success!
  Trying to prove $equiv for \tx_shift [102]: success!
  Trying to prove $equiv for \tx_shift [83]: success!
  Trying to prove $equiv for \tx_shift [86]: success!
  Trying to prove $equiv for \tx_shift [54]: success!
  Trying to prove $equiv for \tx_shift [103]: success!
  Trying to prove $equiv for \tx_shift [65]: success!
  Trying to prove $equiv for \tx_shift [50]: success!
  Trying to prove $equiv for \tx_shift [62]: success!
  Trying to prove $equiv for \tx_shift [41]: success!
  Trying to prove $equiv for \tx_shift [58]: success!
  Trying to prove $equiv for \tx_shift [61]: success!
  Trying to prove $equiv for \tx_shift [63]: success!
  Trying to prove $equiv for \tx_shift [66]: success!
  Trying to prove $equiv for \tx_shift [46]: success!
  Trying to prove $equiv for \tx_shift [67]: success!
  Trying to prove $equiv for \tx_shift [72]: success!
  Trying to prove $equiv for \tx_shift [74]: success!
  Trying to prove $equiv for \tx_shift [69]: success!
  Trying to prove $equiv for \tx_shift [75]: success!
  Trying to prove $equiv for \tx_shift [49]: success!
  Trying to prove $equiv for \tx_shift [45]: success!
  Trying to prove $equiv for \tx_shift [44]: success!
  Trying to prove $equiv for \tx_shift [52]: success!
  Trying to prove $equiv for \tx_shift [70]: success!
  Trying to prove $equiv for \tx_shift [77]: success!
  Trying to prove $equiv for \tx_shift [78]: success!
  Trying to prove $equiv for \tx_shift [68]: success!
  Trying to prove $equiv for \tx_shift [81]: success!
  Trying to prove $equiv for \tx_shift [82]: success!
  Trying to prove $equiv for \tx_shift [42]: success!
  Trying to prove $equiv for \tx_shift [76]: success!
  Trying to prove $equiv for \tx_shift [51]: success!
  Trying to prove $equiv for \tx_shift [60]: success!
  Trying to prove $equiv for \tx_shift [84]: success!
  Trying to prove $equiv for \tx_shift [87]: success!
  Trying to prove $equiv for \tx_shift [88]: success!
  Trying to prove $equiv for \tx_shift [92]: success!
  Trying to prove $equiv for \tx_shift [93]: success!
  Trying to prove $equiv for \tx_shift [94]: success!
  Trying to prove $equiv for \tx_shift [43]: success!
  Trying to prove $equiv for \tx_shift [79]: success!
  Trying to prove $equiv for \tx_shift [96]: success!
  Trying to prove $equiv for \tx_shift [101]: success!
  Trying to prove $equiv for \tx_shift [104]: success!
  Trying to prove $equiv for \tx_shift [48]: success!
  Trying to prove $equiv for \tx_shift [53]: success!
  Trying to prove $equiv for \tx_shift [55]: success!
  Trying to prove $equiv for \tx_shift [47]: success!
  Trying to prove $equiv for \tx_shift [57]: success!
  Trying to prove $equiv for \tx_shift [59]: success!
  Trying to prove $equiv for \tx_shift [71]: success!
  Trying to prove $equiv for \tx_shift [73]: success!
  Trying to prove $equiv for \tx_shift [90]: success!
  Trying to prove $equiv for \tx_shift [91]: success!
  Trying to prove $equiv for \core_rsp_data [6]: success!
  Trying to prove $equiv for \core_rsp_data [4]: success!
  Trying to prove $equiv for \core_rsp_data [10]: success!
  Trying to prove $equiv for \core_rsp_data [22]: success!
  Trying to prove $equiv for \core_rsp_data [0]: success!
  Trying to prove $equiv for \core_rsp_data [24]: success!
  Trying to prove $equiv for \core_rsp_data [16]: success!
  Trying to prove $equiv for \core_rsp_data [25]: success!
  Trying to prove $equiv for \core_rsp_data [26]: success!
  Trying to prove $equiv for \core_rsp_data [12]: success!
  Trying to prove $equiv for \core_rsp_data [8]: success!
  Trying to prove $equiv for \core_rsp_data [29]: success!
  Trying to prove $equiv for \core_rsp_data [30]: success!
  Trying to prove $equiv for \core_rsp_data [17]: success!
  Trying to prove $equiv for \core_rsp_data [27]: success!
  Trying to prove $equiv for \core_rsp_data [15]: success!
  Trying to prove $equiv for \core_rsp_data [3]: success!
  Trying to prove $equiv for \core_rsp_data [5]: success!
  Trying to prove $equiv for \core_rsp_data [11]: success!
  Trying to prove $equiv for \core_rsp_data [2]: success!
  Trying to prove $equiv for \core_rsp_data [20]: success!
  Trying to prove $equiv for \core_rsp_data [21]: success!
  Trying to prove $equiv for \core_rsp_data [23]: success!
  Trying to prove $equiv for \core_rsp_data [28]: success!
  Trying to prove $equiv for \core_rsp_data [1]: success!
  Trying to prove $equiv for \core_rsp_data [18]: success!
  Trying to prove $equiv for \core_rsp_data [19]: success!
  Trying to prove $equiv for \core_rsp_data [9]: success!
  Trying to prove $equiv for \core_rsp_data [31]: success!
  Trying to prove $equiv for \core_rsp_data [13]: success!
  Trying to prove $equiv for \core_rsp_data [7]: success!
  Trying to prove $equiv for \core_rsp_data [14]: success!
  Trying to prove $equiv for \spi_miso: success!
  Trying to prove $equiv for \tx_shift [12]: success!
  Trying to prove $equiv for \tx_shift [38]: success!
  Trying to prove $equiv for \tx_shift [10]: success!
  Trying to prove $equiv for \tx_shift [16]: success!
  Trying to prove $equiv for \tx_shift [34]: success!
  Trying to prove $equiv for \tx_shift [20]: success!
  Trying to prove $equiv for \tx_shift [39]: success!
  Trying to prove $equiv for \tx_shift [32]: success!
  Trying to prove $equiv for \tx_shift [3]: success!
  Trying to prove $equiv for \tx_shift [40]: success!
  Trying to prove $equiv for \tx_shift [4]: success!
  Trying to prove $equiv for \tx_shift [2]: success!
  Trying to prove $equiv for \tx_shift [19]: success!
  Trying to prove $equiv for \tx_shift [22]: success!
  Trying to prove $equiv for \tx_shift [27]: success!
  Trying to prove $equiv for \tx_shift [17]: success!
  Trying to prove $equiv for \tx_shift [1]: success!
  Trying to prove $equiv for \tx_shift [14]: success!
  Trying to prove $equiv for \tx_shift [18]: success!
  Trying to prove $equiv for \tx_shift [21]: success!
  Trying to prove $equiv for \tx_shift [5]: success!
  Trying to prove $equiv for \tx_shift [24]: success!
  Trying to prove $equiv for \tx_shift [28]: success!
  Trying to prove $equiv for \tx_shift [29]: success!
  Trying to prove $equiv for \tx_shift [9]: success!
  Trying to prove $equiv for \tx_shift [11]: success!
  Trying to prove $equiv for \tx_shift [31]: success!
  Trying to prove $equiv for \tx_shift [8]: success!
  Trying to prove $equiv for \tx_shift [25]: success!
  Trying to prove $equiv for \tx_shift [30]: success!
  Trying to prove $equiv for \tx_shift [26]: success!
  Trying to prove $equiv for \tx_shift [33]: success!
  Trying to prove $equiv for \tx_shift [35]: success!
  Trying to prove $equiv for \tx_shift [7]: success!
  Trying to prove $equiv for \tx_shift [36]: success!
  Trying to prove $equiv for \tx_shift [6]: success!
  Trying to prove $equiv for \tx_shift [15]: success!
  Trying to prove $equiv for \tx_shift [37]: success!
  Trying to prove $equiv for \tx_shift [13]: success!
  Trying to prove $equiv for \tx_shift [23]: success!
  Trying to prove $equiv for \core_response [35]: success!
  Trying to prove $equiv for \tx_shift [127]: success!
  Trying to prove $equiv for \tx_shift [143]: success!
  Trying to prove $equiv for \tx_shift [157]: success!
  Trying to prove $equiv for \tx_shift [153]: success!
  Trying to prove $equiv for \tx_shift [117]: success!
  Trying to prove $equiv for \tx_shift [146]: success!
  Trying to prove $equiv for \tx_shift [121]: success!
  Trying to prove $equiv for \tx_shift [130]: success!
  Trying to prove $equiv for \tx_shift [114]: success!
  Trying to prove $equiv for \tx_shift [161]: success!
  Trying to prove $equiv for \tx_shift [165]: success!
  Trying to prove $equiv for \tx_shift [166]: success!
  Trying to prove $equiv for \tx_shift [126]: success!
  Trying to prove $equiv for \tx_shift [152]: success!
  Trying to prove $equiv for \u_core.act_cmd_data [0]: success!
  Trying to prove $equiv for \u_core.act_cmd_data [1]: success!
  Trying to prove $equiv for \tx_shift [110]: success!
  Trying to prove $equiv for \tx_shift [132]: success!
  Trying to prove $equiv for \tx_shift [106]: success!
  Trying to prove $equiv for \tx_shift [109]: success!
  Trying to prove $equiv for \tx_shift [111]: success!
  Trying to prove $equiv for \tx_shift [112]: success!
  Trying to prove $equiv for \tx_shift [135]: success!
  Trying to prove $equiv for \tx_shift [138]: success!
  Trying to prove $equiv for \tx_shift [128]: success!
  Trying to prove $equiv for \tx_shift [133]: success!
  Trying to prove $equiv for \tx_shift [140]: success!
  Trying to prove $equiv for \tx_shift [141]: success!
  Trying to prove $equiv for \tx_shift [115]: success!
  Trying to prove $equiv for \tx_shift [113]: success!
  Trying to prove $equiv for \tx_shift [142]: success!
  Trying to prove $equiv for \tx_shift [147]: success!
  Trying to prove $equiv for \tx_shift [148]: success!
  Trying to prove $equiv for \tx_shift [158]: success!
  Trying to prove $equiv for \tx_shift [123]: success!
  Trying to prove $equiv for \tx_shift [150]: success!
  Trying to prove $equiv for \tx_shift [156]: success!
  Trying to prove $equiv for \tx_shift [122]: success!
  Trying to prove $equiv for \tx_shift [160]: success!
  Trying to prove $equiv for \tx_shift [116]: success!
  Trying to prove $equiv for \tx_shift [105]: success!
  Trying to prove $equiv for \tx_shift [134]: success!
  Trying to prove $equiv for \tx_shift [108]: success!
  Trying to prove $equiv for \tx_shift [129]: success!
  Trying to prove $equiv for \tx_shift [131]: success!
  Trying to prove $equiv for \tx_shift [137]: success!
  Trying to prove $equiv for \tx_shift [139]: success!
  Trying to prove $equiv for \tx_shift [154]: success!
  Trying to prove $equiv for \tx_shift [155]: success!
  Trying to prove $equiv for \tx_shift [162]: success!
  Trying to prove $equiv for \tx_shift [151]: success!
  Trying to prove $equiv for \tx_shift [163]: success!
  Trying to prove $equiv for \tx_shift [145]: success!
  Trying to prove $equiv for \tx_shift [119]: success!
  Trying to prove $equiv for \tx_shift [118]: success!
  Trying to prove $equiv for \tx_shift [107]: success!
  Trying to prove $equiv for \tx_shift [136]: success!
  Trying to prove $equiv for \tx_shift [124]: success!
  Trying to prove $equiv for \tx_shift [144]: success!
  Trying to prove $equiv for \tx_shift [125]: success!
  Trying to prove $equiv for \tx_shift [120]: success!
  Trying to prove $equiv for \tx_shift [149]: success!
  Trying to prove $equiv for \tx_shift [164]: success!
  Trying to prove $equiv for \tx_shift [159]: success!
  Trying to prove $equiv for \u_core.act_cmd_data [24]: success!
  Trying to prove $equiv for \u_core.act_cmd_data [14]: success!
  Trying to prove $equiv for \u_core.act_cmd_data [26]: success!
  Trying to prove $equiv for \u_core.act_cmd_data [7]: success!
  Trying to prove $equiv for \u_core.act_cmd_valid: failed.
  Trying to prove $equiv for \u_core.act_cmd_data [11]: success!
  Trying to prove $equiv for \u_core.act_cmd_data [20]: success!
  Trying to prove $equiv for \u_core.mmio_addr [2]: success!
  Trying to prove $equiv for \u_core.irq: failed.
  Trying to prove $equiv for \u_core.mmio_addr [0]: success!
  Trying to prove $equiv for \u_core.act_cmd_fault: failed.
  Trying to prove $equiv for \u_core.act_cmd_data [9]: success!
  Trying to prove $equiv for \u_core.act_cmd_data [25]: success!
  Trying to prove $equiv for \u_core.mmio_addr [3]: success!
  Trying to prove $equiv for \u_core.act_cmd_data [13]: success!
  Trying to prove $equiv for \u_core.act_cmd_data [4]: success!
  Trying to prove $equiv for \u_core.act_cmd_data [5]: success!
  Trying to prove $equiv for \u_core.act_cmd_data [2]: success!
  Trying to prove $equiv for \u_core.act_cmd_data [8]: success!
  Trying to prove $equiv for \u_core.act_cmd_data [23]: success!
  Trying to prove $equiv for \u_core.act_cmd_data [29]: success!
  Trying to prove $equiv for \u_core.act_cmd_data [30]: success!
  Trying to prove $equiv for \u_core.mmio_addr [1]: success!
  Trying to prove $equiv for \u_core.act_cmd_data [28]: success!
  Trying to prove $equiv for \u_core.act_cmd_data [19]: success!
  Trying to prove $equiv for \u_core.act_cmd_data [3]: success!
  Trying to prove $equiv for \u_core.act_cmd_data [12]: success!
  Trying to prove $equiv for \u_core.act_cmd_data [15]: success!
  Trying to prove $equiv for \u_core.act_cmd_data [31]: success!
  Trying to prove $equiv for \u_core.act_cmd_data [17]: success!
  Trying to prove $equiv for \u_core.act_cmd_data [21]: success!
  Trying to prove $equiv for \u_core.act_cmd_data [6]: success!
  Trying to prove $equiv for \u_core.act_cmd_data [27]: success!
  Trying to prove $equiv for \u_core.act_cmd_data [16]: success!
  Trying to prove $equiv for \u_core.act_cmd_data [22]: success!
  Trying to prove $equiv for \u_core.act_cmd_data [10]: success!
  Trying to prove $equiv for \u_core.act_cmd_data [18]: success!
  Trying to prove $equiv for \u_core.mmio_rdata_r [21]: success!
  Trying to prove $equiv for \u_core.mmio_rdata_r [0]: success!
  Trying to prove $equiv for \u_core.mmio_rdata_r [2]: success!
  Trying to prove $equiv for \u_core.mmio_rdata_r [3]: success!
  Trying to prove $equiv for \u_core.mmio_rdata_r [4]: success!
  Trying to prove $equiv for \u_core.mmio_rdata_r [8]: success!
  Trying to prove $equiv for \u_core.mmio_rdata_r [5]: success!
  Trying to prove $equiv for \u_core.mmio_rdata_r [17]: success!
  Trying to prove $equiv for \u_core.mmio_rdata_r [13]: success!
  Trying to prove $equiv for \u_core.mmio_rdata_r [18]: success!
  Trying to prove $equiv for \u_core.mmio_rdata_r [20]: success!
  Trying to prove $equiv for \u_core.mmio_rdata_r [1]: success!
  Trying to prove $equiv for \u_core.mmio_rdata_r [6]: success!
  Trying to prove $equiv for \u_core.mmio_rdata_r [7]: success!
  Trying to prove $equiv for \u_core.mmio_rdata_r [11]: success!
  Trying to prove $equiv for \u_core.mmio_rdata_r [12]: success!
  Trying to prove $equiv for \u_core.mmio_rdata_r [15]: success!
  Trying to prove $equiv for \u_core.mmio_rdata_r [16]: success!
  Trying to prove $equiv for \u_core.mmio_rdata_r [22]: success!
  Trying to prove $equiv for \u_core.mmio_rdata_r [9]: success!
  Trying to prove $equiv for \u_core.mmio_rdata_r [10]: success!
  Trying to prove $equiv for \u_core.mmio_rdata_r [14]: success!
  Trying to prove $equiv for \u_core.mmio_rdata_r [19]: success!
  Trying to prove $equiv for \u_core.mmio_rdata_r [46]: success!
  Trying to prove $equiv for \u_core.mmio_wdata [8]: success!
  Trying to prove $equiv for \u_core.mmio_rdata_r [31]: success!
  Trying to prove $equiv for \u_core.mmio_rdata_r [32]: success!
  Trying to prove $equiv for \u_core.mmio_rdata_r [60]: success!
  Trying to prove $equiv for \u_core.mmio_wdata [15]: success!
  Trying to prove $equiv for \u_core.mmio_rdata_r [39]: success!
  Trying to prove $equiv for \u_core.mmio_rdata_r [49]: success!
  Trying to prove $equiv for \u_core.mmio_wdata [1]: success!
  Trying to prove $equiv for \u_core.mmio_wdata [7]: success!
  Trying to prove $equiv for \u_core.mmio_wdata [16]: success!
  Trying to prove $equiv for \u_core.mmio_wdata [17]: success!
  Trying to prove $equiv for \u_core.mmio_rdata_r [45]: success!
  Trying to prove $equiv for \u_core.mmio_rdata_r [33]: success!
  Trying to prove $equiv for \u_core.mmio_rdata_r [57]: success!
  Trying to prove $equiv for \u_core.mmio_wdata [0]: success!
  Trying to prove $equiv for \u_core.mmio_rdata_r [28]: success!
  Trying to prove $equiv for \u_core.mmio_rdata_r [30]: success!
  Trying to prove $equiv for \u_core.mmio_rdata_r [51]: success!
  Trying to prove $equiv for \u_core.mmio_rdata_r [54]: success!
  Trying to prove $equiv for \u_core.mmio_wdata [10]: success!
  Trying to prove $equiv for \u_core.mmio_wdata [18]: success!
  Trying to prove $equiv for \u_core.mmio_wdata [19]: success!
  Trying to prove $equiv for \u_core.mmio_rdata_r [24]: success!
  Trying to prove $equiv for \u_core.mmio_rdata_r [47]: success!
  Trying to prove $equiv for \u_core.mmio_rdata_r [52]: success!
  Trying to prove $equiv for \u_core.mmio_rdata_r [36]: success!
  Trying to prove $equiv for \u_core.mmio_rdata_r [59]: success!
  Trying to prove $equiv for \u_core.mmio_rdata_r [38]: success!
  Trying to prove $equiv for \u_core.mmio_rdata_r [27]: success!
  Trying to prove $equiv for \u_core.mmio_rdata_r [23]: success!
  Trying to prove $equiv for \u_core.mmio_rdata_r [35]: success!
  Trying to prove $equiv for \u_core.mmio_rdata_r [58]: success!
  Trying to prove $equiv for \u_core.mmio_rdata_r [63]: success!
  Trying to prove $equiv for \u_core.mmio_wdata [3]: success!
  Trying to prove $equiv for \u_core.mmio_wdata [6]: success!
  Trying to prove $equiv for \u_core.mmio_rdata_r [40]: success!
  Trying to prove $equiv for \u_core.mmio_wdata [2]: success!
  Trying to prove $equiv for \u_core.mmio_wdata [9]: success!
  Trying to prove $equiv for \u_core.mmio_rdata_r [53]: success!
  Trying to prove $equiv for \u_core.mmio_rdata_r [29]: success!
  Trying to prove $equiv for \u_core.mmio_rdata_r [44]: success!
  Trying to prove $equiv for \u_core.mmio_rdata_r [48]: success!
  Trying to prove $equiv for \u_core.mmio_rdata_r [41]: success!
  Trying to prove $equiv for \u_core.mmio_rdata_r [50]: success!
  Trying to prove $equiv for \u_core.mmio_rdata_r [34]: success!
  Trying to prove $equiv for \u_core.mmio_rdata_r [43]: success!
  Trying to prove $equiv for \u_core.mmio_rdata_r [56]: success!
  Trying to prove $equiv for \u_core.mmio_wdata [11]: success!
  Trying to prove $equiv for \u_core.mmio_wdata [13]: success!
  Trying to prove $equiv for \u_core.mmio_wdata [14]: success!
  Trying to prove $equiv for \u_core.mmio_wdata [12]: success!
  Trying to prove $equiv for \u_core.mmio_rdata_r [37]: success!
  Trying to prove $equiv for \u_core.mmio_rdata_r [26]: success!
  Trying to prove $equiv for \u_core.mmio_rdata_r [55]: success!
  Trying to prove $equiv for \u_core.mmio_rdata_r [42]: success!
  Trying to prove $equiv for \u_core.mmio_rdata_r [25]: success!
  Trying to prove $equiv for \u_core.mmio_rdata_r [61]: success!
  Trying to prove $equiv for \u_core.mmio_rdata_r [62]: success!
  Trying to prove $equiv for \u_core.mmio_re: success!
  Trying to prove $equiv for \u_core.mmio_wdata [4]: success!
  Trying to prove $equiv for \u_core.mmio_wdata [5]: success!
  Trying to prove $equiv for \u_core.read_data_next [0]: failed.
  Trying to prove $equiv for \u_core.mmio_wdata [30]: success!
  Trying to prove $equiv for \u_core.read_data_next [12]: failed.
  Trying to prove $equiv for \u_core.mmio_wdata [51]: success!
  Trying to prove $equiv for \u_core.mmio_wdata [23]: success!
  Trying to prove $equiv for \u_core.mmio_wdata [35]: success!
  Trying to prove $equiv for \u_core.mmio_wdata [39]: success!
  Trying to prove $equiv for \u_core.mmio_wdata [31]: success!
  Trying to prove $equiv for \u_core.mmio_wdata [45]: success!
  Trying to prove $equiv for \u_core.mmio_wdata [48]: success!
  Trying to prove $equiv for \u_core.mmio_wdata [34]: success!
  Trying to prove $equiv for \u_core.mmio_wdata [55]: success!
  Trying to prove $equiv for \u_core.read_data_next [1]: failed.
  Trying to prove $equiv for \u_core.mmio_wdata [47]: success!
  Trying to prove $equiv for \u_core.mmio_wdata [59]: success!
  Trying to prove $equiv for \u_core.mmio_wdata [58]: success!
  Trying to prove $equiv for \u_core.mmio_wdata [46]: success!
  Trying to prove $equiv for \u_core.mmio_we: success!
  Trying to prove $equiv for \u_core.mmio_wdata [38]: success!
  Trying to prove $equiv for \u_core.read_data_next [2]: failed.
  Trying to prove $equiv for \u_core.mmio_wdata [50]: success!
  Trying to prove $equiv for \u_core.mmio_wdata [44]: success!
  Trying to prove $equiv for \u_core.mmio_wdata [54]: success!
  Trying to prove $equiv for \u_core.mmio_wdata [24]: success!
  Trying to prove $equiv for \u_core.mmio_wdata [20]: success!
  Trying to prove $equiv for \u_core.mmio_wdata [62]: success!
  Trying to prove $equiv for \u_core.read_data_next [4]: failed.
  Trying to prove $equiv for \u_core.read_data_next [5]: failed.
  Trying to prove $equiv for \u_core.mmio_wdata [25]: success!
  Trying to prove $equiv for \u_core.read_data_next [3]: failed.
  Trying to prove $equiv for \u_core.mmio_wdata [41]: success!
  Trying to prove $equiv for \u_core.mmio_wdata [27]: success!
  Trying to prove $equiv for \u_core.mmio_wdata [57]: success!
  Trying to prove $equiv for \u_core.mmio_wdata [40]: success!
  Trying to prove $equiv for \u_core.mmio_wdata [60]: success!
  Trying to prove $equiv for \u_core.read_data_next [6]: failed.
  Trying to prove $equiv for \u_core.read_data_next [7]: failed.
  Trying to prove $equiv for \u_core.mmio_wdata [33]: success!
  Trying to prove $equiv for \u_core.read_data_next [8]: failed.
  Trying to prove $equiv for \u_core.read_data_next [9]: failed.
  Trying to prove $equiv for \u_core.mmio_wdata [52]: success!
  Trying to prove $equiv for \u_core.mmio_wdata [49]: success!
  Trying to prove $equiv for \u_core.mmio_wdata [32]: success!
  Trying to prove $equiv for \u_core.read_data_next [10]: failed.
  Trying to prove $equiv for \u_core.read_data_next [11]: failed.
  Trying to prove $equiv for \u_core.mmio_wdata [28]: success!
  Trying to prove $equiv for \u_core.mmio_wdata [56]: success!
  Trying to prove $equiv for \u_core.mmio_wdata [22]: success!
  Trying to prove $equiv for \u_core.mmio_wdata [37]: success!
  Trying to prove $equiv for \u_core.mmio_wdata [36]: success!
  Trying to prove $equiv for \u_core.mmio_wdata [21]: success!
  Trying to prove $equiv for \u_core.mmio_wdata [29]: success!
  Trying to prove $equiv for \u_core.mmio_wdata [42]: success!
  Trying to prove $equiv for \u_core.mmio_wdata [26]: success!
  Trying to prove $equiv for \u_core.mmio_wdata [43]: success!
  Trying to prove $equiv for \u_core.mmio_wdata [53]: success!
  Trying to prove $equiv for \u_core.mmio_wdata [61]: success!
  Trying to prove $equiv for \u_core.mmio_wdata [63]: success!
  Trying to prove $equiv for \u_core.req_data [10]: success!
  Trying to prove $equiv for \u_core.req_data [11]: success!
  Trying to prove $equiv for \u_core.req_data [12]: success!
  Trying to prove $equiv for \u_core.read_data_next [50]: failed.
  Trying to prove $equiv for \u_core.read_data_next [22]: failed.
  Trying to prove $equiv for \u_core.read_data_next [42]: failed.
  Trying to prove $equiv for \u_core.read_data_next [13]: failed.
  Trying to prove $equiv for \u_core.read_data_next [15]: failed.
  Trying to prove $equiv for \u_core.read_data_next [17]: failed.
  Trying to prove $equiv for \u_core.read_data_next [19]: failed.
  Trying to prove $equiv for \u_core.read_data_next [26]: failed.
  Trying to prove $equiv for \u_core.read_data_next [32]: failed.
  Trying to prove $equiv for \u_core.read_data_next [35]: failed.
  Trying to prove $equiv for \u_core.read_data_next [37]: failed.
  Trying to prove $equiv for \u_core.read_data_next [39]: failed.
  Trying to prove $equiv for \u_core.read_data_next [45]: failed.
  Trying to prove $equiv for \u_core.read_data_next [48]: failed.
  Trying to prove $equiv for \u_core.read_data_next [53]: failed.
  Trying to prove $equiv for \u_core.read_data_next [54]: failed.
  Trying to prove $equiv for \u_core.read_data_next [55]: failed.
  Trying to prove $equiv for \u_core.read_data_next [16]: failed.
  Trying to prove $equiv for \u_core.read_data_next [25]: failed.
  Trying to prove $equiv for \u_core.read_data_next [38]: failed.
  Trying to prove $equiv for \u_core.read_data_next [41]: failed.
  Trying to prove $equiv for \u_core.read_data_next [31]: failed.
  Trying to prove $equiv for \u_core.read_data_next [52]: failed.
  Trying to prove $equiv for \u_core.read_data_next [57]: failed.
  Trying to prove $equiv for \u_core.read_data_next [58]: failed.
  Trying to prove $equiv for \u_core.read_data_next [20]: failed.
  Trying to prove $equiv for \u_core.read_data_next [61]: failed.
  Trying to prove $equiv for \u_core.read_data_next [46]: failed.
  Trying to prove $equiv for \u_core.read_data_next [56]: failed.
  Trying to prove $equiv for \u_core.read_data_next [62]: failed.
  Trying to prove $equiv for \u_core.read_data_next [33]: failed.
  Trying to prove $equiv for \u_core.read_data_next [28]: failed.
  Trying to prove $equiv for \u_core.read_data_next [34]: failed.
  Trying to prove $equiv for \u_core.read_data_next [63]: failed.
  Trying to prove $equiv for \u_core.read_data_next [27]: failed.
  Trying to prove $equiv for \u_core.req_data [0]: success!
  Trying to prove $equiv for \u_core.read_data_next [21]: failed.
  Trying to prove $equiv for \u_core.read_data_next [59]: failed.
  Trying to prove $equiv for \u_core.req_data [2]: success!
  Trying to prove $equiv for \u_core.req_data [4]: success!
  Trying to prove $equiv for \u_core.req_data [5]: success!
  Trying to prove $equiv for \u_core.read_data_next [44]: failed.
  Trying to prove $equiv for \u_core.read_data_next [18]: failed.
  Trying to prove $equiv for \u_core.read_data_next [14]: failed.
  Trying to prove $equiv for \u_core.read_data_next [36]: failed.
  Trying to prove $equiv for \u_core.read_data_next [40]: failed.
  Trying to prove $equiv for \u_core.read_data_next [60]: failed.
  Trying to prove $equiv for \u_core.req_data [1]: success!
  Trying to prove $equiv for \u_core.req_data [6]: success!
  Trying to prove $equiv for \u_core.req_data [7]: success!
  Trying to prove $equiv for \u_core.read_data_next [24]: failed.
  Trying to prove $equiv for \u_core.read_data_next [23]: failed.
  Trying to prove $equiv for \u_core.read_data_next [47]: failed.
  Trying to prove $equiv for \u_core.read_data_next [43]: failed.
  Trying to prove $equiv for \u_core.read_data_next [29]: failed.
  Trying to prove $equiv for \u_core.read_data_next [49]: failed.
  Trying to prove $equiv for \u_core.read_data_next [30]: failed.
  Trying to prove $equiv for \u_core.read_data_next [51]: failed.
  Trying to prove $equiv for \u_core.req_data [3]: success!
  Trying to prove $equiv for \u_core.req_data [8]: success!
  Trying to prove $equiv for \u_core.req_data [9]: success!
  Trying to prove $equiv for \u_core.req_data [47]: success!
  Trying to prove $equiv for \u_core.req_data [43]: success!
  Trying to prove $equiv for \u_core.req_data [49]: success!
  Trying to prove $equiv for \u_core.req_data [21]: success!
  Trying to prove $equiv for \u_core.req_data [26]: success!
  Trying to prove $equiv for \u_core.req_data [50]: success!
  Trying to prove $equiv for \u_core.req_data [22]: success!
  Trying to prove $equiv for \u_core.req_data [46]: success!
  Trying to prove $equiv for \u_core.req_data [53]: success!
  Trying to prove $equiv for \u_core.req_data [55]: success!
  Trying to prove $equiv for \u_core.req_data [62]: success!
  Trying to prove $equiv for \u_core.req_data [37]: success!
  Trying to prove $equiv for \u_core.req_data [23]: success!
  Trying to prove $equiv for \u_core.req_data [42]: success!
  Trying to prove $equiv for \u_core.req_data [14]: success!
  Trying to prove $equiv for \u_core.req_data [54]: success!
  Trying to prove $equiv for \u_core.req_data [19]: success!
  Trying to prove $equiv for \u_core.req_data [51]: success!
  Trying to prove $equiv for \u_core.req_data [59]: success!
  Trying to prove $equiv for \u_core.req_data [31]: success!
  Trying to prove $equiv for \u_core.req_data [20]: success!
  Trying to prove $equiv for \u_core.req_data [25]: success!
  Trying to prove $equiv for \u_core.req_data [29]: success!
  Trying to prove $equiv for \u_core.req_data [30]: success!
  Trying to prove $equiv for \u_core.req_data [40]: success!
  Trying to prove $equiv for \u_core.req_data [24]: success!
  Trying to prove $equiv for \u_core.req_data [36]: success!
  Trying to prove $equiv for \u_core.req_data [44]: success!
  Trying to prove $equiv for \u_core.req_data [34]: success!
  Trying to prove $equiv for \u_core.req_data [45]: success!
  Trying to prove $equiv for \u_core.req_data [58]: success!
  Trying to prove $equiv for \u_core.req_data [63]: success!
  Trying to prove $equiv for \u_core.req_data [39]: success!
  Trying to prove $equiv for \u_core.req_data [57]: success!
  Trying to prove $equiv for \u_core.req_data [56]: success!
  Trying to prove $equiv for \u_core.req_data [16]: success!
  Trying to prove $equiv for \u_core.req_data [33]: success!
  Trying to prove $equiv for \u_core.req_data [41]: success!
  Trying to prove $equiv for \u_core.req_data [48]: success!
  Trying to prove $equiv for \u_core.req_data [52]: success!
  Trying to prove $equiv for \u_core.req_data [60]: success!
  Trying to prove $equiv for \u_core.req_data [61]: success!
  Trying to prove $equiv for \u_core.req_data [27]: success!
  Trying to prove $equiv for \u_core.req_data [15]: success!
  Trying to prove $equiv for \u_core.req_data [32]: success!
  Trying to prove $equiv for \u_core.req_data [13]: success!
  Trying to prove $equiv for \u_core.req_data [17]: success!
  Trying to prove $equiv for \u_core.req_data [28]: success!
  Trying to prove $equiv for \u_core.req_data [35]: success!
  Trying to prove $equiv for \u_core.req_data [18]: success!
  Trying to prove $equiv for \u_core.req_data [38]: success!
  Trying to prove $equiv for \u_core.req_valid: success!
  Trying to prove $equiv for \u_core.req_ready: success!
  Trying to prove $equiv for \u_core.rsp_data [56]: success!
  Trying to prove $equiv for \u_core.rsp_data [34]: success!
  Trying to prove $equiv for \u_core.rsp_data [33]: success!
  Trying to prove $equiv for \u_core.rsp_data [57]: success!
  Trying to prove $equiv for \u_core.rsp_data [35]: success!
  Trying to prove $equiv for \u_core.rsp_data [38]: success!
  Trying to prove $equiv for \u_core.rsp_data [32]: success!
  Trying to prove $equiv for \u_core.rsp_data [41]: success!
  Trying to prove $equiv for \u_core.rsp_data [37]: success!
  Trying to prove $equiv for \u_core.rsp_data [47]: success!
  Trying to prove $equiv for \u_core.rsp_data [40]: success!
  Trying to prove $equiv for \u_core.rsp_data [36]: success!
  Trying to prove $equiv for \u_core.rsp_data [42]: success!
  Trying to prove $equiv for \u_core.rsp_data [45]: success!
  Trying to prove $equiv for \u_core.rsp_data [46]: success!
  Trying to prove $equiv for \u_core.rsp_data [48]: success!
  Trying to prove $equiv for \u_core.rsp_data [50]: success!
  Trying to prove $equiv for \u_core.rsp_data [44]: success!
  Trying to prove $equiv for \u_core.rsp_data [43]: success!
  Trying to prove $equiv for \u_core.rsp_data [49]: success!
  Trying to prove $equiv for \u_core.rsp_data [51]: success!
  Trying to prove $equiv for \u_core.rsp_data [53]: success!
  Trying to prove $equiv for \u_core.rsp_data [52]: success!
  Trying to prove $equiv for \u_core.rsp_data [39]: success!
  Trying to prove $equiv for \u_core.rsp_data [54]: success!
  Trying to prove $equiv for \u_core.rsp_data [55]: success!
  Trying to prove $equiv for \u_core.status_reg_r [22]: success!
  Trying to prove $equiv for \u_core.status_reg_r [29]: success!
  Trying to prove $equiv for \u_core.status_reg_r [20]: success!
  Trying to prove $equiv for \u_core.status_reg_r [30]: success!
  Trying to prove $equiv for \u_core.status_reg_r [17]: success!
  Trying to prove $equiv for \u_core.status_reg_r [24]: success!
  Trying to prove $equiv for \u_core.status_reg_r [2]: failed.
  Trying to prove $equiv for \u_core.status_reg_r [7]: success!
  Trying to prove $equiv for \u_core.rsp_data [63]: success!
  Trying to prove $equiv for \u_core.rsp_schema_ok: success!
  Trying to prove $equiv for \u_core.status_reg_r [4]: success!
  Trying to prove $equiv for \u_core.status_reg_r [5]: success!
  Trying to prove $equiv for \u_core.status_reg_r [31]: success!
  Trying to prove $equiv for \u_core.status_reg_r [1]: failed.
  Trying to prove $equiv for \u_core.status_reg_r [23]: success!
  Trying to prove $equiv for \u_core.status_reg_r [27]: success!
  Trying to prove $equiv for \u_core.status_reg_r [0]: success!
  Trying to prove $equiv for \u_core.status_reg_r [8]: success!
  Trying to prove $equiv for \u_core.status_reg_r [16]: success!
  Trying to prove $equiv for \u_core.rsp_data [61]: success!
  Trying to prove $equiv for \u_core.status_reg_r [18]: success!
  Trying to prove $equiv for \u_core.status_reg_r [26]: success!
  Trying to prove $equiv for \u_core.rsp_data [59]: success!
  Trying to prove $equiv for \u_core.rsp_data [60]: success!
  Trying to prove $equiv for \u_core.status_reg_r [19]: success!
  Trying to prove $equiv for \u_core.status_reg_r [25]: success!
  Trying to prove $equiv for \u_core.rsp_valid_sync: success!
  Trying to prove $equiv for \u_core.status_reg_r [3]: success!
  Trying to prove $equiv for \u_core.status_reg_r [28]: success!
  Trying to prove $equiv for \u_core.rsp_data [62]: success!
  Trying to prove $equiv for \u_core.rsp_data [58]: success!
  Trying to prove $equiv for \u_core.status_reg_r [6]: success!
  Trying to prove $equiv for \u_core.status_reg_r [21]: success!
  Trying to prove $equiv for \u_core.status_reg_r [35]: success!
  Trying to prove $equiv for \u_core.status_reg_r [45]: success!
  Trying to prove $equiv for \u_core.status_reg_r [33]: success!
  Trying to prove $equiv for \u_core.status_reg_r [39]: success!
  Trying to prove $equiv for \u_core.status_reg_r [32]: success!
  Trying to prove $equiv for \u_core.status_reg_r [42]: success!
  Trying to prove $equiv for \u_core.status_reg_r [43]: success!
  Trying to prove $equiv for \u_core.status_reg_r [40]: success!
  Trying to prove $equiv for \u_core.status_reg_r [37]: success!
  Trying to prove $equiv for \u_core.status_reg_r [47]: success!
  Trying to prove $equiv for \u_core.status_reg_r [34]: success!
  Trying to prove $equiv for \u_core.status_reg_r [44]: success!
  Trying to prove $equiv for \u_core.status_reg_r [41]: success!
  Trying to prove $equiv for \u_core.status_reg_r [38]: success!
  Trying to prove $equiv for \u_core.status_reg_r [36]: success!
  Trying to prove $equiv for \u_core.status_reg_r [46]: success!
Proved 505 previously unproven $equiv cells.

16. Executing EQUIV_STATUS pass.
Found 715 $equiv cells in equiv:
  Of those cells 646 are proven and 69 are unproven.
  Unproven $equiv $auto$equiv_make.cc:294:find_same_wires$2031: \u_core.read_data_next_gold [11] \u_core.read_data_next_gate [11]
  Unproven $equiv $auto$equiv_make.cc:294:find_same_wires$2048: \u_core.read_data_next_gold [28] \u_core.read_data_next_gate [28]
  Unproven $equiv $auto$equiv_make.cc:294:find_same_wires$2075: \u_core.read_data_next_gold [55] \u_core.read_data_next_gate [55]
  Unproven $equiv $auto$equiv_make.cc:294:find_same_wires$2074: \u_core.read_data_next_gold [54] \u_core.read_data_next_gate [54]
  Unproven $equiv $auto$equiv_make.cc:294:find_same_wires$2073: \u_core.read_data_next_gold [53] \u_core.read_data_next_gate [53]
  Unproven $equiv $auto$equiv_make.cc:294:find_same_wires$2072: \u_core.read_data_next_gold [52] \u_core.read_data_next_gate [52]
  Unproven $equiv $auto$equiv_make.cc:294:find_same_wires$2071: \u_core.read_data_next_gold [51] \u_core.read_data_next_gate [51]
  Unproven $equiv $auto$equiv_make.cc:294:find_same_wires$2070: \u_core.read_data_next_gold [50] \u_core.read_data_next_gate [50]
  Unproven $equiv $auto$equiv_make.cc:294:find_same_wires$1816: $auto$rename.cc:463:execute$658_gold $auto$rename.cc:463:execute$1032_gate
  Unproven $equiv $auto$equiv_make.cc:294:find_same_wires$2069: \u_core.read_data_next_gold [49] \u_core.read_data_next_gate [49]
  Unproven $equiv $auto$equiv_make.cc:294:find_same_wires$2027: \u_core.read_data_next_gold [7] \u_core.read_data_next_gate [7]
  Unproven $equiv $auto$equiv_make.cc:294:find_same_wires$2026: \u_core.read_data_next_gold [6] \u_core.read_data_next_gate [6]
  Unproven $equiv $auto$equiv_make.cc:294:find_same_wires$2025: \u_core.read_data_next_gold [5] \u_core.read_data_next_gate [5]
  Unproven $equiv $auto$equiv_make.cc:294:find_same_wires$2024: \u_core.read_data_next_gold [4] \u_core.read_data_next_gate [4]
  Unproven $equiv $auto$equiv_make.cc:294:find_same_wires$2023: \u_core.read_data_next_gold [3] \u_core.read_data_next_gate [3]
  Unproven $equiv $auto$equiv_make.cc:294:find_same_wires$2022: \u_core.read_data_next_gold [2] \u_core.read_data_next_gate [2]
  Unproven $equiv $auto$equiv_make.cc:294:find_same_wires$2021: \u_core.read_data_next_gold [1] \u_core.read_data_next_gate [1]
  Unproven $equiv $auto$equiv_make.cc:294:find_same_wires$2020: \u_core.read_data_next_gold [0] \u_core.read_data_next_gate [0]
  Unproven $equiv $auto$equiv_make.cc:294:find_same_wires$2028: \u_core.read_data_next_gold [8] \u_core.read_data_next_gate [8]
  Unproven $equiv $auto$equiv_make.cc:294:find_same_wires$2046: \u_core.read_data_next_gold [26] \u_core.read_data_next_gate [26]
  Unproven $equiv $auto$equiv_make.cc:294:find_same_wires$1814: $auto$rename.cc:463:execute$655_gold $auto$rename.cc:463:execute$1031_gate
  Unproven $equiv $auto$equiv_make.cc:294:find_same_wires$2045: \u_core.read_data_next_gold [25] \u_core.read_data_next_gate [25]
  Unproven $equiv $auto$equiv_make.cc:294:find_same_wires$2044: \u_core.read_data_next_gold [24] \u_core.read_data_next_gate [24]
  Unproven $equiv $auto$equiv_make.cc:294:find_same_wires$1813: $auto$rename.cc:463:execute$654_gold $auto$rename.cc:463:execute$1031_gate
  Unproven $equiv $auto$equiv_make.cc:294:find_same_wires$2043: \u_core.read_data_next_gold [23] \u_core.read_data_next_gate [23]
  Unproven $equiv $auto$equiv_make.cc:294:find_same_wires$2042: \u_core.read_data_next_gold [22] \u_core.read_data_next_gate [22]
  Unproven $equiv $auto$equiv_make.cc:294:find_same_wires$2041: \u_core.read_data_next_gold [21] \u_core.read_data_next_gate [21]
  Unproven $equiv $auto$equiv_make.cc:294:find_same_wires$2040: \u_core.read_data_next_gold [20] \u_core.read_data_next_gate [20]
  Unproven $equiv $auto$equiv_make.cc:294:find_same_wires$2039: \u_core.read_data_next_gold [19] \u_core.read_data_next_gate [19]
  Unproven $equiv $auto$equiv_make.cc:294:find_same_wires$2038: \u_core.read_data_next_gold [18] \u_core.read_data_next_gate [18]
  Unproven $equiv $auto$equiv_make.cc:294:find_same_wires$2037: \u_core.read_data_next_gold [17] \u_core.read_data_next_gate [17]
  Unproven $equiv $auto$equiv_make.cc:294:find_same_wires$2036: \u_core.read_data_next_gold [16] \u_core.read_data_next_gate [16]
  Unproven $equiv $auto$equiv_make.cc:294:find_same_wires$2035: \u_core.read_data_next_gold [15] \u_core.read_data_next_gate [15]
  Unproven $equiv $auto$equiv_make.cc:294:find_same_wires$2034: \u_core.read_data_next_gold [14] \u_core.read_data_next_gate [14]
  Unproven $equiv $auto$equiv_make.cc:294:find_same_wires$2033: \u_core.read_data_next_gold [13] \u_core.read_data_next_gate [13]
  Unproven $equiv $auto$equiv_make.cc:294:find_same_wires$2083: \u_core.read_data_next_gold [63] \u_core.read_data_next_gate [63]
  Unproven $equiv $auto$equiv_make.cc:294:find_same_wires$2082: \u_core.read_data_next_gold [62] \u_core.read_data_next_gate [62]
  Unproven $equiv $auto$equiv_make.cc:294:find_same_wires$2081: \u_core.read_data_next_gold [61] \u_core.read_data_next_gate [61]
  Unproven $equiv $auto$equiv_make.cc:294:find_same_wires$2080: \u_core.read_data_next_gold [60] \u_core.read_data_next_gate [60]
  Unproven $equiv $auto$equiv_make.cc:294:find_same_wires$2079: \u_core.read_data_next_gold [59] \u_core.read_data_next_gate [59]
  Unproven $equiv $auto$equiv_make.cc:294:find_same_wires$2078: \u_core.read_data_next_gold [58] \u_core.read_data_next_gate [58]
  Unproven $equiv $auto$equiv_make.cc:294:find_same_wires$2077: \u_core.read_data_next_gold [57] \u_core.read_data_next_gate [57]
  Unproven $equiv $auto$equiv_make.cc:294:find_same_wires$2076: \u_core.read_data_next_gold [56] \u_core.read_data_next_gate [56]
  Unproven $equiv $auto$equiv_make.cc:294:find_same_wires$2068: \u_core.read_data_next_gold [48] \u_core.read_data_next_gate [48]
  Unproven $equiv $auto$equiv_make.cc:294:find_same_wires$2053: \u_core.read_data_next_gold [33] \u_core.read_data_next_gate [33]
  Unproven $equiv $auto$equiv_make.cc:294:find_same_wires$2067: \u_core.read_data_next_gold [47] \u_core.read_data_next_gate [47]
  Unproven $equiv $auto$equiv_make.cc:294:find_same_wires$2066: \u_core.read_data_next_gold [46] \u_core.read_data_next_gate [46]
  Unproven $equiv $auto$equiv_make.cc:294:find_same_wires$2065: \u_core.read_data_next_gold [45] \u_core.read_data_next_gate [45]
  Unproven $equiv $auto$equiv_make.cc:294:find_same_wires$2317: \u_core.status_reg_r_gold [2] \u_core.status_reg_r_gate [2]
  Unproven $equiv $auto$equiv_make.cc:294:find_same_wires$2316: \u_core.status_reg_r_gold [1] \u_core.status_reg_r_gate [1]
  Unproven $equiv $auto$equiv_make.cc:294:find_same_wires$2064: \u_core.read_data_next_gold [44] \u_core.read_data_next_gate [44]
  Unproven $equiv $auto$equiv_make.cc:294:find_same_wires$2052: \u_core.read_data_next_gold [32] \u_core.read_data_next_gate [32]
  Unproven $equiv $auto$equiv_make.cc:294:find_same_wires$2063: \u_core.read_data_next_gold [43] \u_core.read_data_next_gate [43]
  Unproven $equiv $auto$equiv_make.cc:294:find_same_wires$2062: \u_core.read_data_next_gold [42] \u_core.read_data_next_gate [42]
  Unproven $equiv $auto$equiv_make.cc:294:find_same_wires$2061: \u_core.read_data_next_gold [41] \u_core.read_data_next_gate [41]
  Unproven $equiv $auto$equiv_make.cc:294:find_same_wires$2060: \u_core.read_data_next_gold [40] \u_core.read_data_next_gate [40]
  Unproven $equiv $auto$equiv_make.cc:294:find_same_wires$2051: \u_core.read_data_next_gold [31] \u_core.read_data_next_gate [31]
  Unproven $equiv $auto$equiv_make.cc:294:find_same_wires$2059: \u_core.read_data_next_gold [39] \u_core.read_data_next_gate [39]
  Unproven $equiv $auto$equiv_make.cc:294:find_same_wires$2058: \u_core.read_data_next_gold [38] \u_core.read_data_next_gate [38]
  Unproven $equiv $auto$equiv_make.cc:294:find_same_wires$2057: \u_core.read_data_next_gold [37] \u_core.read_data_next_gate [37]
  Unproven $equiv $auto$equiv_make.cc:294:find_same_wires$2056: \u_core.read_data_next_gold [36] \u_core.read_data_next_gate [36]
  Unproven $equiv $auto$equiv_make.cc:294:find_same_wires$2055: \u_core.read_data_next_gold [35] \u_core.read_data_next_gate [35]
  Unproven $equiv $auto$equiv_make.cc:294:find_same_wires$2054: \u_core.read_data_next_gold [34] \u_core.read_data_next_gate [34]
  Unproven $equiv $auto$equiv_make.cc:294:find_same_wires$2032: \u_core.read_data_next_gold [12] \u_core.read_data_next_gate [12]
  Unproven $equiv $auto$equiv_make.cc:294:find_same_wires$2047: \u_core.read_data_next_gold [27] \u_core.read_data_next_gate [27]
  Unproven $equiv $auto$equiv_make.cc:294:find_same_wires$2030: \u_core.read_data_next_gold [10] \u_core.read_data_next_gate [10]
  Unproven $equiv $auto$equiv_make.cc:294:find_same_wires$2050: \u_core.read_data_next_gold [30] \u_core.read_data_next_gate [30]
  Unproven $equiv $auto$equiv_make.cc:294:find_same_wires$2049: \u_core.read_data_next_gold [29] \u_core.read_data_next_gate [29]
  Unproven $equiv $auto$equiv_make.cc:294:find_same_wires$2029: \u_core.read_data_next_gold [9] \u_core.read_data_next_gate [9]
Found a total of 69 unproven $equiv cells.
ERROR: Found 69 unproven $equiv cells in 'equiv_status -assert'.
