
 /----------------------------------------------------------------------------\
 |  yosys -- Yosys Open SYnthesis Suite                                       |
 |  Copyright (C) 2012 - 2025  Claire Xenia Wolf <claire@yosyshq.com>         |
 |  Distributed under an ISC-like license, type "license" to see terms        |
 \----------------------------------------------------------------------------/
 Yosys 0.56 (git sha1 9c447ad9d4b1ea589369364eea38b4d70da2c599, x86_64-w64-mingw32-g++ 15.2.0 -march=nocona -msahf -mtune=generic -O2 -fstack-protector-strong -O3)

-- Executing script file `repro_lec.ys' --

1. Executing Verilog-2005 frontend: fpga/handoff/rtl/adaptive_aero_control_top.v
Parsing SystemVerilog input from `fpga/handoff/rtl/adaptive_aero_control_top.v' to AST representation.
Generating RTLIL representation for module `\adaptive_aero_control_top'.
Successfully finished Verilog frontend.

2. Executing Verilog-2005 frontend: fpga/handoff/rtl/adaptive_aero_control_top_spi_fpga_top.sv
Parsing SystemVerilog input from `fpga/handoff/rtl/adaptive_aero_control_top_spi_fpga_top.sv' to AST representation.
Generating RTLIL representation for module `\adaptive_aero_control_top_spi_fpga_top'.
Successfully finished Verilog frontend.

3. Executing PREP pass.

3.1. Executing HIERARCHY pass (managing design hierarchy).

3.1.1. Analyzing design hierarchy..
Top module:  \adaptive_aero_control_top_spi_fpga_top
Used module:     \adaptive_aero_control_top

3.1.2. Analyzing design hierarchy..
Top module:  \adaptive_aero_control_top_spi_fpga_top
Used module:     \adaptive_aero_control_top
Removed 0 unused modules.

3.2. Executing PROC pass (convert processes to netlists).

3.2.1. Executing PROC_CLEAN pass (remove empty switches from decision trees).
Found and cleaned up 10 empty switches in `\adaptive_aero_control_top.$proc$fpga/handoff/rtl/adaptive_aero_control_top.v:130$1'.
Cleaned up 10 empty switches.

3.2.2. Executing PROC_RMDEAD pass (remove dead branches from decision trees).
Marked 1 switch rules as full_case in process $proc$fpga/handoff/rtl/adaptive_aero_control_top_spi_fpga_top.sv:59$73 in module adaptive_aero_control_top_spi_fpga_top.
Marked 1 switch rules as full_case in process $proc$fpga/handoff/rtl/adaptive_aero_control_top_spi_fpga_top.sv:50$70 in module adaptive_aero_control_top_spi_fpga_top.
Marked 1 switch rules as full_case in process $proc$fpga/handoff/rtl/adaptive_aero_control_top_spi_fpga_top.sv:46$69 in module adaptive_aero_control_top_spi_fpga_top.
Marked 7 switch rules as full_case in process $proc$fpga/handoff/rtl/adaptive_aero_control_top.v:254$27 in module adaptive_aero_control_top.
Marked 14 switch rules as full_case in process $proc$fpga/handoff/rtl/adaptive_aero_control_top.v:130$1 in module adaptive_aero_control_top.
Removed a total of 0 dead cases.

3.2.3. Executing PROC_PRUNE pass (remove redundant assignments in processes).
Removed 12 redundant assignments.
Promoted 32 assignments to connections.

3.2.4. Executing PROC_INIT pass (extract init attributes).

3.2.5. Executing PROC_ARST pass (detect async resets in processes).
Found async reset \reset_n in `\adaptive_aero_control_top_spi_fpga_top.$proc$fpga/handoff/rtl/adaptive_aero_control_top_spi_fpga_top.sv:59$73'.
Found async reset \spi_cs_n in `\adaptive_aero_control_top_spi_fpga_top.$proc$fpga/handoff/rtl/adaptive_aero_control_top_spi_fpga_top.sv:46$69'.
Found async reset \reset_n in `\adaptive_aero_control_top.$proc$fpga/handoff/rtl/adaptive_aero_control_top.v:254$27'.

3.2.6. Executing PROC_ROM pass (convert switches to ROMs).
Converted 0 switches.
<suppressed ~36 debug messages>

3.2.7. Executing PROC_MUX pass (convert decision trees to multiplexers).
Creating decoders for process `\adaptive_aero_control_top_spi_fpga_top.$proc$fpga/handoff/rtl/adaptive_aero_control_top_spi_fpga_top.sv:0$77'.
Creating decoders for process `\adaptive_aero_control_top_spi_fpga_top.$proc$fpga/handoff/rtl/adaptive_aero_control_top_spi_fpga_top.sv:59$73'.
     1/5: $0\tx_snapshot[166:0]
     2/5: $0\spi_cs_prev[0:0]
     3/5: $0\spi_cs_sync[0:0]
     4/5: $0\spi_cs_meta[0:0]
     5/5: $0\rx_active[135:0]
Creating decoders for process `\adaptive_aero_control_top_spi_fpga_top.$proc$fpga/handoff/rtl/adaptive_aero_control_top_spi_fpga_top.sv:50$70'.
     1/2: $0\tx_shift[166:0]
     2/2: $0\rx_shift[135:0]
Creating decoders for process `\adaptive_aero_control_top_spi_fpga_top.$proc$fpga/handoff/rtl/adaptive_aero_control_top_spi_fpga_top.sv:46$69'.
     1/1: $0\spi_active[0:0]
Creating decoders for process `\adaptive_aero_control_top.$proc$fpga/handoff/rtl/adaptive_aero_control_top.v:254$27'.
     1/41: $0\req_hist_web[0:0]
     2/41: $0\req_hist_csb[0:0]
     3/41: $0\status_rsp_received_reg[0:0]
     4/41: $0\status_req_accepted_reg[0:0]
     5/41: $0\irq_r[0:0]
     6/41: $0\hold_safe_sel_reg[0:0]
     7/41: $0\ctrl_reg[7:0] [4]
     8/41: $0\ctrl_reg[7:0] [0]
     9/41: $0\state_reg[1:0]
    10/41: $0\fault_latched_reg[0:0]
    11/41: $0\req_hist_read_pending_reg[0:0]
    12/41: $0\req_hist_write_pending_reg[0:0]
    13/41: $0\pending_rearm_reg[0:0]
    14/41: $0\pending_clear_fault_reg[0:0]
    15/41: $0\pending_launch_reg[0:0]
    16/41: $0\req_hist_din[63:0]
    17/41: $0\req_hist_addr[3:0]
    18/41: $0\busy_reg[0:0]
    19/41: $0\status_fault_active_reg[0:0]
    20/41: $0\status_fallback_active_reg[0:0]
    21/41: $0\status_timeout_reg[0:0]
    22/41: $0\status_stale_reject_reg[0:0]
    23/41: $0\status_clamp_applied_reg[0:0]
    24/41: $0\status_rsp_validated_reg[0:0]
    25/41: $0\outstanding_valid_reg[0:0]
    26/41: $0\outstanding_age_reg[15:0]
    27/41: $0\outstanding_seq_reg[15:0]
    28/41: $0\rejected_count_reg[15:0]
    29/41: $0\accepted_count_reg[15:0]
    30/41: $0\req_meta_reg[63:0]
    31/41: $0\irq_en_reg[63:0]
    32/41: $0\bounds_reg[63:0]
    33/41: $0\limits_reg[63:0]
    34/41: $0\mode_seq_reg[63:0]
    35/41: { $0\ctrl_reg[7:0] [7:5] $0\ctrl_reg[7:0] [3:1] }
    36/41: $0\act_cmd_data_r[31:0]
    37/41: $0\act_cmd_fault_r[0:0]
    38/41: $0\act_cmd_valid_r[0:0]
    39/41: $0\rsp_ready_r[0:0]
    40/41: $0\req_data_r[63:0]
    41/41: $0\req_valid_r[0:0]
Creating decoders for process `\adaptive_aero_control_top.$proc$fpga/handoff/rtl/adaptive_aero_control_top.v:130$1'.
     1/28: $5\state_next[1:0]
     2/28: $4\clamp_needed_next[0:0]
     3/28: $4\clamp_value_next[31:0]
     4/28: $3\clamp_needed_next[0:0]
     5/28: $3\clamp_value_next[31:0]
     6/28: $4\state_next[1:0]
     7/28: $2\clamp_needed_next[0:0]
     8/28: $2\clamp_value_next[31:0]
     9/28: $1\clamp_needed_next[0:0]
    10/28: $1\clamp_value_next[31:0]
    11/28: $3\state_next[1:0]
    12/28: $2\state_next[1:0]
    13/28: $1\state_next[1:0]
    14/28: $1\mmio_rdata_r[63:0]
    15/28: $3\launch_accept_pulse[0:0]
    16/28: $3\rearm_pulse[0:0]
    17/28: $3\clear_fault_pulse[0:0]
    18/28: $2\launch_accept_pulse[0:0]
    19/28: $2\rearm_pulse[0:0]
    20/28: $2\clear_fault_pulse[0:0]
    21/28: $2\req_hist_read_pulse[0:0]
    22/28: $2\req_hist_write_pulse[0:0]
    23/28: $1\req_hist_read_pulse[0:0]
    24/28: $1\req_hist_write_pulse[0:0]
    25/28: $1\rearm_pulse[0:0]
    26/28: $1\clear_fault_pulse[0:0]
    27/28: $1\launch_accept_pulse[0:0]
    28/28: $1\read_data_next[63:0]

3.2.8. Executing PROC_DLATCH pass (convert process syncs to latches).
No latch inferred for signal `\adaptive_aero_control_top_spi_fpga_top.\spi_miso' from process `\adaptive_aero_control_top_spi_fpga_top.$proc$fpga/handoff/rtl/adaptive_aero_control_top_spi_fpga_top.sv:0$77'.
No latch inferred for signal `\adaptive_aero_control_top.\mmio_rdata_r' from process `\adaptive_aero_control_top.$proc$fpga/handoff/rtl/adaptive_aero_control_top.v:130$1'.
No latch inferred for signal `\adaptive_aero_control_top.\mmio_ready_r' from process `\adaptive_aero_control_top.$proc$fpga/handoff/rtl/adaptive_aero_control_top.v:130$1'.
No latch inferred for signal `\adaptive_aero_control_top.\mmio_error_r' from process `\adaptive_aero_control_top.$proc$fpga/handoff/rtl/adaptive_aero_control_top.v:130$1'.
No latch inferred for signal `\adaptive_aero_control_top.\state_next' from process `\adaptive_aero_control_top.$proc$fpga/handoff/rtl/adaptive_aero_control_top.v:130$1'.
No latch inferred for signal `\adaptive_aero_control_top.\status_reg_r' from process `\adaptive_aero_control_top.$proc$fpga/handoff/rtl/adaptive_aero_control_top.v:130$1'.
No latch inferred for signal `\adaptive_aero_control_top.\read_data_next' from process `\adaptive_aero_control_top.$proc$fpga/handoff/rtl/adaptive_aero_control_top.v:130$1'.
No latch inferred for signal `\adaptive_aero_control_top.\launch_accept_pulse' from process `\adaptive_aero_control_top.$proc$fpga/handoff/rtl/adaptive_aero_control_top.v:130$1'.
No latch inferred for signal `\adaptive_aero_control_top.\clear_fault_pulse' from process `\adaptive_aero_control_top.$proc$fpga/handoff/rtl/adaptive_aero_control_top.v:130$1'.
No latch inferred for signal `\adaptive_aero_control_top.\rearm_pulse' from process `\adaptive_aero_control_top.$proc$fpga/handoff/rtl/adaptive_aero_control_top.v:130$1'.
No latch inferred for signal `\adaptive_aero_control_top.\req_hist_write_pulse' from process `\adaptive_aero_control_top.$proc$fpga/handoff/rtl/adaptive_aero_control_top.v:130$1'.
No latch inferred for signal `\adaptive_aero_control_top.\req_hist_read_pulse' from process `\adaptive_aero_control_top.$proc$fpga/handoff/rtl/adaptive_aero_control_top.v:130$1'.
No latch inferred for signal `\adaptive_aero_control_top.\rsp_valid_sync' from process `\adaptive_aero_control_top.$proc$fpga/handoff/rtl/adaptive_aero_control_top.v:130$1'.
No latch inferred for signal `\adaptive_aero_control_top.\rsp_seq_in' from process `\adaptive_aero_control_top.$proc$fpga/handoff/rtl/adaptive_aero_control_top.v:130$1'.
No latch inferred for signal `\adaptive_aero_control_top.\rsp_cmd_in' from process `\adaptive_aero_control_top.$proc$fpga/handoff/rtl/adaptive_aero_control_top.v:130$1'.
No latch inferred for signal `\adaptive_aero_control_top.\rsp_schema_ok' from process `\adaptive_aero_control_top.$proc$fpga/handoff/rtl/adaptive_aero_control_top.v:130$1'.
No latch inferred for signal `\adaptive_aero_control_top.\clamp_value_next' from process `\adaptive_aero_control_top.$proc$fpga/handoff/rtl/adaptive_aero_control_top.v:130$1'.
No latch inferred for signal `\adaptive_aero_control_top.\clamp_needed_next' from process `\adaptive_aero_control_top.$proc$fpga/handoff/rtl/adaptive_aero_control_top.v:130$1'.
No latch inferred for signal `\adaptive_aero_control_top.\fallback_value_sel' from process `\adaptive_aero_control_top.$proc$fpga/handoff/rtl/adaptive_aero_control_top.v:130$1'.
No latch inferred for signal `\adaptive_aero_control_top.\transport_error_reg' from process `\adaptive_aero_control_top.$proc$fpga/handoff/rtl/adaptive_aero_control_top.v:130$1'.
No latch inferred for signal `\adaptive_aero_control_top.\malformed_rsp_reg' from process `\adaptive_aero_control_top.$proc$fpga/handoff/rtl/adaptive_aero_control_top.v:130$1'.

3.2.9. Executing PROC_DFF pass (convert process syncs to FFs).
Creating register for signal `\adaptive_aero_control_top_spi_fpga_top.\rx_active' using process `\adaptive_aero_control_top_spi_fpga_top.$proc$fpga/handoff/rtl/adaptive_aero_control_top_spi_fpga_top.sv:59$73'.
  created $adff cell `$procdff$351' with positive edge clock and positive level reset.
Creating register for signal `\adaptive_aero_control_top_spi_fpga_top.\tx_snapshot' using process `\adaptive_aero_control_top_spi_fpga_top.$proc$fpga/handoff/rtl/adaptive_aero_control_top_spi_fpga_top.sv:59$73'.
  created $adff cell `$procdff$356' with positive edge clock and positive level reset.
Creating register for signal `\adaptive_aero_control_top_spi_fpga_top.\spi_cs_meta' using process `\adaptive_aero_control_top_spi_fpga_top.$proc$fpga/handoff/rtl/adaptive_aero_control_top_spi_fpga_top.sv:59$73'.
  created $adff cell `$procdff$361' with positive edge clock and positive level reset.
Creating register for signal `\adaptive_aero_control_top_spi_fpga_top.\spi_cs_sync' using process `\adaptive_aero_control_top_spi_fpga_top.$proc$fpga/handoff/rtl/adaptive_aero_control_top_spi_fpga_top.sv:59$73'.
  created $adff cell `$procdff$366' with positive edge clock and positive level reset.
Creating register for signal `\adaptive_aero_control_top_spi_fpga_top.\spi_cs_prev' using process `\adaptive_aero_control_top_spi_fpga_top.$proc$fpga/handoff/rtl/adaptive_aero_control_top_spi_fpga_top.sv:59$73'.
  created $adff cell `$procdff$371' with positive edge clock and positive level reset.
Creating register for signal `\adaptive_aero_control_top_spi_fpga_top.\rx_shift' using process `\adaptive_aero_control_top_spi_fpga_top.$proc$fpga/handoff/rtl/adaptive_aero_control_top_spi_fpga_top.sv:50$70'.
  created $dff cell `$procdff$372' with positive edge clock.
Creating register for signal `\adaptive_aero_control_top_spi_fpga_top.\tx_shift' using process `\adaptive_aero_control_top_spi_fpga_top.$proc$fpga/handoff/rtl/adaptive_aero_control_top_spi_fpga_top.sv:50$70'.
  created $dff cell `$procdff$373' with positive edge clock.
Creating register for signal `\adaptive_aero_control_top_spi_fpga_top.\spi_active' using process `\adaptive_aero_control_top_spi_fpga_top.$proc$fpga/handoff/rtl/adaptive_aero_control_top_spi_fpga_top.sv:46$69'.
  created $adff cell `$procdff$376' with positive edge clock and positive level reset.
Creating register for signal `\adaptive_aero_control_top.\req_valid_r' using process `\adaptive_aero_control_top.$proc$fpga/handoff/rtl/adaptive_aero_control_top.v:254$27'.
  created $adff cell `$procdff$381' with positive edge clock and positive level reset.
Creating register for signal `\adaptive_aero_control_top.\req_data_r' using process `\adaptive_aero_control_top.$proc$fpga/handoff/rtl/adaptive_aero_control_top.v:254$27'.
  created $adff cell `$procdff$386' with positive edge clock and positive level reset.
Creating register for signal `\adaptive_aero_control_top.\rsp_ready_r' using process `\adaptive_aero_control_top.$proc$fpga/handoff/rtl/adaptive_aero_control_top.v:254$27'.
  created $adff cell `$procdff$391' with positive edge clock and positive level reset.
Creating register for signal `\adaptive_aero_control_top.\act_cmd_valid_r' using process `\adaptive_aero_control_top.$proc$fpga/handoff/rtl/adaptive_aero_control_top.v:254$27'.
  created $adff cell `$procdff$396' with positive edge clock and positive level reset.
Creating register for signal `\adaptive_aero_control_top.\act_cmd_fault_r' using process `\adaptive_aero_control_top.$proc$fpga/handoff/rtl/adaptive_aero_control_top.v:254$27'.
  created $adff cell `$procdff$401' with positive edge clock and positive level reset.
Creating register for signal `\adaptive_aero_control_top.\act_cmd_data_r' using process `\adaptive_aero_control_top.$proc$fpga/handoff/rtl/adaptive_aero_control_top.v:254$27'.
  created $adff cell `$procdff$406' with positive edge clock and positive level reset.
Creating register for signal `\adaptive_aero_control_top.\irq_r' using process `\adaptive_aero_control_top.$proc$fpga/handoff/rtl/adaptive_aero_control_top.v:254$27'.
  created $adff cell `$procdff$411' with positive edge clock and positive level reset.
Creating register for signal `\adaptive_aero_control_top.\ctrl_reg' using process `\adaptive_aero_control_top.$proc$fpga/handoff/rtl/adaptive_aero_control_top.v:254$27'.
  created $adff cell `$procdff$416' with positive edge clock and positive level reset.
Creating register for signal `\adaptive_aero_control_top.\mode_seq_reg' using process `\adaptive_aero_control_top.$proc$fpga/handoff/rtl/adaptive_aero_control_top.v:254$27'.
  created $adff cell `$procdff$421' with positive edge clock and positive level reset.
Creating register for signal `\adaptive_aero_control_top.\limits_reg' using process `\adaptive_aero_control_top.$proc$fpga/handoff/rtl/adaptive_aero_control_top.v:254$27'.
  created $adff cell `$procdff$426' with positive edge clock and positive level reset.
Creating register for signal `\adaptive_aero_control_top.\bounds_reg' using process `\adaptive_aero_control_top.$proc$fpga/handoff/rtl/adaptive_aero_control_top.v:254$27'.
  created $adff cell `$procdff$431' with positive edge clock and positive level reset.
Creating register for signal `\adaptive_aero_control_top.\irq_en_reg' using process `\adaptive_aero_control_top.$proc$fpga/handoff/rtl/adaptive_aero_control_top.v:254$27'.
  created $adff cell `$procdff$436' with positive edge clock and positive level reset.
Creating register for signal `\adaptive_aero_control_top.\req_meta_reg' using process `\adaptive_aero_control_top.$proc$fpga/handoff/rtl/adaptive_aero_control_top.v:254$27'.
  created $adff cell `$procdff$441' with positive edge clock and positive level reset.
Creating register for signal `\adaptive_aero_control_top.\accepted_count_reg' using process `\adaptive_aero_control_top.$proc$fpga/handoff/rtl/adaptive_aero_control_top.v:254$27'.
  created $adff cell `$procdff$446' with positive edge clock and positive level reset.
Creating register for signal `\adaptive_aero_control_top.\rejected_count_reg' using process `\adaptive_aero_control_top.$proc$fpga/handoff/rtl/adaptive_aero_control_top.v:254$27'.
  created $adff cell `$procdff$451' with positive edge clock and positive level reset.
Creating register for signal `\adaptive_aero_control_top.\outstanding_seq_reg' using process `\adaptive_aero_control_top.$proc$fpga/handoff/rtl/adaptive_aero_control_top.v:254$27'.
  created $adff cell `$procdff$456' with positive edge clock and positive level reset.
Creating register for signal `\adaptive_aero_control_top.\outstanding_age_reg' using process `\adaptive_aero_control_top.$proc$fpga/handoff/rtl/adaptive_aero_control_top.v:254$27'.
  created $adff cell `$procdff$461' with positive edge clock and positive level reset.
Creating register for signal `\adaptive_aero_control_top.\outstanding_valid_reg' using process `\adaptive_aero_control_top.$proc$fpga/handoff/rtl/adaptive_aero_control_top.v:254$27'.
  created $adff cell `$procdff$466' with positive edge clock and positive level reset.
Creating register for signal `\adaptive_aero_control_top.\status_req_accepted_reg' using process `\adaptive_aero_control_top.$proc$fpga/handoff/rtl/adaptive_aero_control_top.v:254$27'.
  created $adff cell `$procdff$471' with positive edge clock and positive level reset.
Creating register for signal `\adaptive_aero_control_top.\status_rsp_received_reg' using process `\adaptive_aero_control_top.$proc$fpga/handoff/rtl/adaptive_aero_control_top.v:254$27'.
  created $adff cell `$procdff$476' with positive edge clock and positive level reset.
Creating register for signal `\adaptive_aero_control_top.\status_rsp_validated_reg' using process `\adaptive_aero_control_top.$proc$fpga/handoff/rtl/adaptive_aero_control_top.v:254$27'.
  created $adff cell `$procdff$481' with positive edge clock and positive level reset.
Creating register for signal `\adaptive_aero_control_top.\status_clamp_applied_reg' using process `\adaptive_aero_control_top.$proc$fpga/handoff/rtl/adaptive_aero_control_top.v:254$27'.
  created $adff cell `$procdff$486' with positive edge clock and positive level reset.
Creating register for signal `\adaptive_aero_control_top.\status_stale_reject_reg' using process `\adaptive_aero_control_top.$proc$fpga/handoff/rtl/adaptive_aero_control_top.v:254$27'.
  created $adff cell `$procdff$491' with positive edge clock and positive level reset.
Creating register for signal `\adaptive_aero_control_top.\status_timeout_reg' using process `\adaptive_aero_control_top.$proc$fpga/handoff/rtl/adaptive_aero_control_top.v:254$27'.
  created $adff cell `$procdff$496' with positive edge clock and positive level reset.
Creating register for signal `\adaptive_aero_control_top.\status_fallback_active_reg' using process `\adaptive_aero_control_top.$proc$fpga/handoff/rtl/adaptive_aero_control_top.v:254$27'.
  created $adff cell `$procdff$501' with positive edge clock and positive level reset.
Creating register for signal `\adaptive_aero_control_top.\status_fault_active_reg' using process `\adaptive_aero_control_top.$proc$fpga/handoff/rtl/adaptive_aero_control_top.v:254$27'.
  created $adff cell `$procdff$506' with positive edge clock and positive level reset.
Creating register for signal `\adaptive_aero_control_top.\busy_reg' using process `\adaptive_aero_control_top.$proc$fpga/handoff/rtl/adaptive_aero_control_top.v:254$27'.
  created $adff cell `$procdff$511' with positive edge clock and positive level reset.
Creating register for signal `\adaptive_aero_control_top.\req_hist_csb' using process `\adaptive_aero_control_top.$proc$fpga/handoff/rtl/adaptive_aero_control_top.v:254$27'.
  created $adff cell `$procdff$516' with positive edge clock and positive level reset.
Creating register for signal `\adaptive_aero_control_top.\req_hist_web' using process `\adaptive_aero_control_top.$proc$fpga/handoff/rtl/adaptive_aero_control_top.v:254$27'.
  created $adff cell `$procdff$521' with positive edge clock and positive level reset.
Creating register for signal `\adaptive_aero_control_top.\req_hist_addr' using process `\adaptive_aero_control_top.$proc$fpga/handoff/rtl/adaptive_aero_control_top.v:254$27'.
  created $adff cell `$procdff$526' with positive edge clock and positive level reset.
Creating register for signal `\adaptive_aero_control_top.\req_hist_din' using process `\adaptive_aero_control_top.$proc$fpga/handoff/rtl/adaptive_aero_control_top.v:254$27'.
  created $adff cell `$procdff$531' with positive edge clock and positive level reset.
Creating register for signal `\adaptive_aero_control_top.\state_reg' using process `\adaptive_aero_control_top.$proc$fpga/handoff/rtl/adaptive_aero_control_top.v:254$27'.
  created $adff cell `$procdff$536' with positive edge clock and positive level reset.
Creating register for signal `\adaptive_aero_control_top.\pending_launch_reg' using process `\adaptive_aero_control_top.$proc$fpga/handoff/rtl/adaptive_aero_control_top.v:254$27'.
  created $adff cell `$procdff$541' with positive edge clock and positive level reset.
Creating register for signal `\adaptive_aero_control_top.\pending_clear_fault_reg' using process `\adaptive_aero_control_top.$proc$fpga/handoff/rtl/adaptive_aero_control_top.v:254$27'.
  created $adff cell `$procdff$546' with positive edge clock and positive level reset.
Creating register for signal `\adaptive_aero_control_top.\pending_rearm_reg' using process `\adaptive_aero_control_top.$proc$fpga/handoff/rtl/adaptive_aero_control_top.v:254$27'.
  created $adff cell `$procdff$551' with positive edge clock and positive level reset.
Creating register for signal `\adaptive_aero_control_top.\hold_safe_sel_reg' using process `\adaptive_aero_control_top.$proc$fpga/handoff/rtl/adaptive_aero_control_top.v:254$27'.
  created $adff cell `$procdff$556' with positive edge clock and positive level reset.
Creating register for signal `\adaptive_aero_control_top.\req_hist_write_pending_reg' using process `\adaptive_aero_control_top.$proc$fpga/handoff/rtl/adaptive_aero_control_top.v:254$27'.
  created $adff cell `$procdff$561' with positive edge clock and positive level reset.
Creating register for signal `\adaptive_aero_control_top.\req_hist_read_pending_reg' using process `\adaptive_aero_control_top.$proc$fpga/handoff/rtl/adaptive_aero_control_top.v:254$27'.
  created $adff cell `$procdff$566' with positive edge clock and positive level reset.
Creating register for signal `\adaptive_aero_control_top.\fault_latched_reg' using process `\adaptive_aero_control_top.$proc$fpga/handoff/rtl/adaptive_aero_control_top.v:254$27'.
  created $adff cell `$procdff$571' with positive edge clock and positive level reset.

3.2.10. Executing PROC_MEMWR pass (convert process memory writes to cells).

3.2.11. Executing PROC_CLEAN pass (remove empty switches from decision trees).
Removing empty process `adaptive_aero_control_top_spi_fpga_top.$proc$fpga/handoff/rtl/adaptive_aero_control_top_spi_fpga_top.sv:0$77'.
Found and cleaned up 1 empty switch in `\adaptive_aero_control_top_spi_fpga_top.$proc$fpga/handoff/rtl/adaptive_aero_control_top_spi_fpga_top.sv:59$73'.
Removing empty process `adaptive_aero_control_top_spi_fpga_top.$proc$fpga/handoff/rtl/adaptive_aero_control_top_spi_fpga_top.sv:59$73'.
Found and cleaned up 2 empty switches in `\adaptive_aero_control_top_spi_fpga_top.$proc$fpga/handoff/rtl/adaptive_aero_control_top_spi_fpga_top.sv:50$70'.
Removing empty process `adaptive_aero_control_top_spi_fpga_top.$proc$fpga/handoff/rtl/adaptive_aero_control_top_spi_fpga_top.sv:50$70'.
Removing empty process `adaptive_aero_control_top_spi_fpga_top.$proc$fpga/handoff/rtl/adaptive_aero_control_top_spi_fpga_top.sv:46$69'.
Found and cleaned up 19 empty switches in `\adaptive_aero_control_top.$proc$fpga/handoff/rtl/adaptive_aero_control_top.v:254$27'.
Removing empty process `adaptive_aero_control_top.$proc$fpga/handoff/rtl/adaptive_aero_control_top.v:254$27'.
Found and cleaned up 14 empty switches in `\adaptive_aero_control_top.$proc$fpga/handoff/rtl/adaptive_aero_control_top.v:130$1'.
Removing empty process `adaptive_aero_control_top.$proc$fpga/handoff/rtl/adaptive_aero_control_top.v:130$1'.
Cleaned up 36 empty switches.

3.2.12. Executing OPT_EXPR pass (perform const folding).
Optimizing module adaptive_aero_control_top_spi_fpga_top.
<suppressed ~14 debug messages>
Optimizing module adaptive_aero_control_top.
<suppressed ~89 debug messages>

3.3. Executing FLATTEN pass (flatten design).
Deleting now unused module adaptive_aero_control_top.
<suppressed ~1 debug messages>

3.4. Executing FUTURE pass.

3.5. Executing OPT_EXPR pass (perform const folding).
Optimizing module adaptive_aero_control_top_spi_fpga_top.

3.6. Executing OPT_CLEAN pass (remove unused cells and wires).
Finding unused cells or wires in module \adaptive_aero_control_top_spi_fpga_top..
Removed 99 unused cells and 336 unused wires.
<suppressed ~111 debug messages>

3.7. Executing CHECK pass (checking for obvious problems).
Checking module adaptive_aero_control_top_spi_fpga_top...
Found and reported 0 problems.

3.8. Executing OPT pass (performing simple optimizations).

3.8.1. Executing OPT_EXPR pass (perform const folding).
Optimizing module adaptive_aero_control_top_spi_fpga_top.

3.8.2. Executing OPT_MERGE pass (detect identical cells).
Finding identical cells in module `\adaptive_aero_control_top_spi_fpga_top'.
<suppressed ~60 debug messages>
Removed a total of 20 cells.

3.8.3. Executing OPT_MUXTREE pass (detect dead branches in mux trees).
Running muxtree optimizer on module \adaptive_aero_control_top_spi_fpga_top..
  Creating internal representation of mux trees.
  Evaluating internal representation of mux trees.
      Replacing known input bits on port A of cell $flatten\u_core.$procmux$121: \u_core.req_hist_write_pending_reg -> 1'0
  Analyzing evaluation results.
    dead port 2/2 on $mux $flatten\u_core.$procmux$227.
    dead port 2/2 on $mux $flatten\u_core.$procmux$265.
    dead port 2/2 on $mux $flatten\u_core.$procmux$267.
    dead port 2/2 on $mux $flatten\u_core.$procmux$275.
    dead port 2/2 on $mux $flatten\u_core.$procmux$277.
    dead port 2/2 on $mux $flatten\u_core.$procmux$285.
    dead port 2/2 on $mux $flatten\u_core.$procmux$287.
    dead port 2/2 on $mux $flatten\u_core.$procmux$294.
    dead port 2/2 on $mux $flatten\u_core.$procmux$301.
    dead port 2/2 on $mux $flatten\u_core.$procmux$308.
Removed 10 multiplexer ports.
<suppressed ~33 debug messages>

3.8.4. Executing OPT_REDUCE pass (consolidate $*mux and $reduce_* inputs).
  Optimizing cells in module \adaptive_aero_control_top_spi_fpga_top.
Performed a total of 0 changes.

3.8.5. Executing OPT_MERGE pass (detect identical cells).
Finding identical cells in module `\adaptive_aero_control_top_spi_fpga_top'.
Removed a total of 0 cells.

3.8.6. Executing OPT_CLEAN pass (remove unused cells and wires).
Finding unused cells or wires in module \adaptive_aero_control_top_spi_fpga_top..
Removed 0 unused cells and 30 unused wires.
<suppressed ~1 debug messages>

3.8.7. Executing OPT_EXPR pass (perform const folding).
Optimizing module adaptive_aero_control_top_spi_fpga_top.

3.8.8. Rerunning OPT passes. (Maybe there is more to do..)

3.8.9. Executing OPT_MUXTREE pass (detect dead branches in mux trees).
Running muxtree optimizer on module \adaptive_aero_control_top_spi_fpga_top..
  Creating internal representation of mux trees.
  Evaluating internal representation of mux trees.
  Analyzing evaluation results.
Removed 0 multiplexer ports.
<suppressed ~33 debug messages>

3.8.10. Executing OPT_REDUCE pass (consolidate $*mux and $reduce_* inputs).
  Optimizing cells in module \adaptive_aero_control_top_spi_fpga_top.
Performed a total of 0 changes.

3.8.11. Executing OPT_MERGE pass (detect identical cells).
Finding identical cells in module `\adaptive_aero_control_top_spi_fpga_top'.
Removed a total of 0 cells.

3.8.12. Executing OPT_CLEAN pass (remove unused cells and wires).
Finding unused cells or wires in module \adaptive_aero_control_top_spi_fpga_top..

3.8.13. Executing OPT_EXPR pass (perform const folding).
Optimizing module adaptive_aero_control_top_spi_fpga_top.

3.8.14. Finished OPT passes. (There is nothing left to do.)

3.9. Executing WREDUCE pass (reducing word size of cells).
Removed top 1 bits (of 4) from port B of cell adaptive_aero_control_top_spi_fpga_top.$flatten\u_core.$procmux$342_CMP0 ($eq).
Removed top 15 bits (of 16) from port B of cell adaptive_aero_control_top_spi_fpga_top.$flatten\u_core.$add$fpga/handoff/rtl/adaptive_aero_control_top.v:323$49 ($add).
Removed top 1 bits (of 4) from port B of cell adaptive_aero_control_top_spi_fpga_top.$flatten\u_core.$eq$fpga/handoff/rtl/adaptive_aero_control_top.v:309$41 ($eq).
Removed top 1 bits (of 4) from port B of cell adaptive_aero_control_top_spi_fpga_top.$flatten\u_core.$eq$fpga/handoff/rtl/adaptive_aero_control_top.v:308$39 ($eq).
Removed top 1 bits (of 4) from port B of cell adaptive_aero_control_top_spi_fpga_top.$flatten\u_core.$eq$fpga/handoff/rtl/adaptive_aero_control_top.v:307$37 ($eq).
Removed top 2 bits (of 4) from port B of cell adaptive_aero_control_top_spi_fpga_top.$flatten\u_core.$eq$fpga/handoff/rtl/adaptive_aero_control_top.v:306$35 ($eq).
Removed top 2 bits (of 4) from port B of cell adaptive_aero_control_top_spi_fpga_top.$flatten\u_core.$eq$fpga/handoff/rtl/adaptive_aero_control_top.v:305$33 ($eq).
Removed top 3 bits (of 4) from port B of cell adaptive_aero_control_top_spi_fpga_top.$flatten\u_core.$eq$fpga/handoff/rtl/adaptive_aero_control_top.v:304$31 ($eq).

3.10. Executing OPT_CLEAN pass (remove unused cells and wires).
Finding unused cells or wires in module \adaptive_aero_control_top_spi_fpga_top..

3.11. Executing MEMORY_COLLECT pass (generating $mem cells).

3.12. Executing OPT pass (performing simple optimizations).

3.12.1. Executing OPT_EXPR pass (perform const folding).
Optimizing module adaptive_aero_control_top_spi_fpga_top.

3.12.2. Executing OPT_MERGE pass (detect identical cells).
Finding identical cells in module `\adaptive_aero_control_top_spi_fpga_top'.
Removed a total of 0 cells.

3.12.3. Executing OPT_CLEAN pass (remove unused cells and wires).
Finding unused cells or wires in module \adaptive_aero_control_top_spi_fpga_top..

3.12.4. Finished fast OPT passes.

3.13. Printing statistics.

=== adaptive_aero_control_top_spi_fpga_top ===

   Number of wires:                194
   Number of wire bits:           3365
   Number of public wires:         101
   Number of public wire bits:    2204
   Number of ports:                  7
   Number of port bits:              7
   Number of memories:               0
   Number of memory bits:            0
   Number of processes:              0
   Number of cells:                143
     $add                            1
     $adff                          38
     $and                            7
     $dff                            2
     $eq                             8
     $ge                             1
     $logic_and                     18
     $logic_not                      6
     $mux                           50
     $ne                             1
     $not                            1
     $or                             7
     $pmux                           1
     $reduce_bool                    1
     $scopeinfo                      1

3.14. Executing CHECK pass (checking for obvious problems).
Checking module adaptive_aero_control_top_spi_fpga_top...
Found and reported 0 problems.

4. Executing ASYNC2SYNC pass.
Replacing adaptive_aero_control_top_spi_fpga_top.$flatten\u_core.$procdff$381 ($adff): ARST=\reset_n, D=\u_core.req_valid_r, Q=\u_core.req_valid_r
Replacing adaptive_aero_control_top_spi_fpga_top.$flatten\u_core.$procdff$386 ($adff): ARST=\reset_n, D=\u_core.req_data_r, Q=\u_core.req_data_r
Replacing adaptive_aero_control_top_spi_fpga_top.$flatten\u_core.$procdff$391 ($adff): ARST=\reset_n, D=\u_core.rsp_ready_r, Q=\u_core.rsp_ready_r
Replacing adaptive_aero_control_top_spi_fpga_top.$flatten\u_core.$procdff$396 ($adff): ARST=\reset_n, D=$flatten\u_core.$0\act_cmd_valid_r[0:0], Q=\u_core.act_cmd_valid_r
Replacing adaptive_aero_control_top_spi_fpga_top.$flatten\u_core.$procdff$401 ($adff): ARST=\reset_n, D=$flatten\u_core.$0\act_cmd_fault_r[0:0], Q=\u_core.act_cmd_fault_r
Replacing adaptive_aero_control_top_spi_fpga_top.$flatten\u_core.$procdff$406 ($adff): ARST=\reset_n, D=$flatten\u_core.$0\act_cmd_data_r[31:0], Q=\u_core.act_cmd_data_r
Replacing adaptive_aero_control_top_spi_fpga_top.$flatten\u_core.$procdff$411 ($adff): ARST=\reset_n, D=$flatten\u_core.$0\irq_r[0:0], Q=\u_core.irq_r
Replacing adaptive_aero_control_top_spi_fpga_top.$flatten\u_core.$procdff$416 ($adff): ARST=\reset_n, D={ \u_core.ctrl_reg [7:5] $flatten\u_core.$0\ctrl_reg[7:0] [4] \u_core.ctrl_reg [3:1] $flatten\u_core.$0\ctrl_reg[7:0] [0] }, Q=\u_core.ctrl_reg
Replacing adaptive_aero_control_top_spi_fpga_top.$flatten\u_core.$procdff$421 ($adff): ARST=\reset_n, D=$flatten\u_core.$0\mode_seq_reg[63:0], Q=\u_core.mode_seq_reg
Replacing adaptive_aero_control_top_spi_fpga_top.$flatten\u_core.$procdff$426 ($adff): ARST=\reset_n, D=$flatten\u_core.$0\limits_reg[63:0], Q=\u_core.limits_reg
Replacing adaptive_aero_control_top_spi_fpga_top.$flatten\u_core.$procdff$431 ($adff): ARST=\reset_n, D=$flatten\u_core.$0\bounds_reg[63:0], Q=\u_core.bounds_reg
Replacing adaptive_aero_control_top_spi_fpga_top.$flatten\u_core.$procdff$436 ($adff): ARST=\reset_n, D=$flatten\u_core.$0\irq_en_reg[63:0], Q=\u_core.irq_en_reg
Replacing adaptive_aero_control_top_spi_fpga_top.$flatten\u_core.$procdff$441 ($adff): ARST=\reset_n, D=$flatten\u_core.$0\req_meta_reg[63:0], Q=\u_core.req_meta_reg
Replacing adaptive_aero_control_top_spi_fpga_top.$flatten\u_core.$procdff$446 ($adff): ARST=\reset_n, D=\u_core.accepted_count_reg, Q=\u_core.accepted_count_reg
Replacing adaptive_aero_control_top_spi_fpga_top.$flatten\u_core.$procdff$451 ($adff): ARST=\reset_n, D=\u_core.rejected_count_reg, Q=\u_core.rejected_count_reg
Replacing adaptive_aero_control_top_spi_fpga_top.$flatten\u_core.$procdff$456 ($adff): ARST=\reset_n, D=$flatten\u_core.$0\outstanding_seq_reg[15:0], Q=\u_core.outstanding_seq_reg
Replacing adaptive_aero_control_top_spi_fpga_top.$flatten\u_core.$procdff$461 ($adff): ARST=\reset_n, D=$flatten\u_core.$0\outstanding_age_reg[15:0], Q=\u_core.outstanding_age_reg
Replacing adaptive_aero_control_top_spi_fpga_top.$flatten\u_core.$procdff$466 ($adff): ARST=\reset_n, D=$flatten\u_core.$0\outstanding_valid_reg[0:0], Q=\u_core.outstanding_valid_reg
Replacing adaptive_aero_control_top_spi_fpga_top.$flatten\u_core.$procdff$471 ($adff): ARST=\reset_n, D=$flatten\u_core.$0\status_req_accepted_reg[0:0], Q=\u_core.status_req_accepted_reg
Replacing adaptive_aero_control_top_spi_fpga_top.$flatten\u_core.$procdff$476 ($adff): ARST=\reset_n, D=$flatten\u_core.$0\status_rsp_received_reg[0:0], Q=\u_core.status_rsp_received_reg
Replacing adaptive_aero_control_top_spi_fpga_top.$flatten\u_core.$procdff$481 ($adff): ARST=\reset_n, D=\u_core.status_rsp_validated_reg, Q=\u_core.status_rsp_validated_reg
Replacing adaptive_aero_control_top_spi_fpga_top.$flatten\u_core.$procdff$486 ($adff): ARST=\reset_n, D=\u_core.status_clamp_applied_reg, Q=\u_core.status_clamp_applied_reg
Replacing adaptive_aero_control_top_spi_fpga_top.$flatten\u_core.$procdff$491 ($adff): ARST=\reset_n, D=$flatten\u_core.$0\status_stale_reject_reg[0:0], Q=\u_core.status_stale_reject_reg
Replacing adaptive_aero_control_top_spi_fpga_top.$flatten\u_core.$procdff$496 ($adff): ARST=\reset_n, D=$flatten\u_core.$0\status_timeout_reg[0:0], Q=\u_core.status_timeout_reg
Replacing adaptive_aero_control_top_spi_fpga_top.$flatten\u_core.$procdff$501 ($adff): ARST=\reset_n, D=$flatten\u_core.$0\status_fallback_active_reg[0:0], Q=\u_core.status_fallback_active_reg
Replacing adaptive_aero_control_top_spi_fpga_top.$flatten\u_core.$procdff$506 ($adff): ARST=\reset_n, D=$flatten\u_core.$0\status_fault_active_reg[0:0], Q=\u_core.status_fault_active_reg
Replacing adaptive_aero_control_top_spi_fpga_top.$flatten\u_core.$procdff$511 ($adff): ARST=\reset_n, D=\u_core.busy_reg, Q=\u_core.busy_reg
Replacing adaptive_aero_control_top_spi_fpga_top.$flatten\u_core.$procdff$526 ($adff): ARST=\reset_n, D=$flatten\u_core.$0\req_hist_addr[3:0], Q=\u_core.req_hist_addr
Replacing adaptive_aero_control_top_spi_fpga_top.$flatten\u_core.$procdff$536 ($adff): ARST=\reset_n, D=\u_core.state_next, Q=\u_core.state_reg
Replacing adaptive_aero_control_top_spi_fpga_top.$flatten\u_core.$procdff$556 ($adff): ARST=\reset_n, D=\u_core.ctrl_reg [4], Q=\u_core.hold_safe_sel_reg
Replacing adaptive_aero_control_top_spi_fpga_top.$flatten\u_core.$procdff$561 ($adff): ARST=\reset_n, D=$flatten\u_core.$0\req_hist_write_pending_reg[0:0], Q=\u_core.req_hist_write_pending_reg
Replacing adaptive_aero_control_top_spi_fpga_top.$flatten\u_core.$procdff$566 ($adff): ARST=\reset_n, D=$flatten\u_core.$0\req_hist_read_pending_reg[0:0], Q=\u_core.req_hist_read_pending_reg
Replacing adaptive_aero_control_top_spi_fpga_top.$procdff$351 ($adff): ARST=\reset_n, D=$0\rx_active[135:0], Q=\rx_active
Replacing adaptive_aero_control_top_spi_fpga_top.$procdff$356 ($adff): ARST=\reset_n, D={ \core_mmio_rdata 2'10 \u_core.req_valid_r \u_core.req_data_r \u_core.rsp_ready_r \u_core.act_cmd_valid_r \u_core.act_cmd_fault_r \u_core.act_cmd_data_r \u_core.irq_r }, Q=\tx_snapshot
Replacing adaptive_aero_control_top_spi_fpga_top.$procdff$361 ($adff): ARST=\reset_n, D=\spi_cs_n, Q=\spi_cs_meta
Replacing adaptive_aero_control_top_spi_fpga_top.$procdff$366 ($adff): ARST=\reset_n, D=\spi_cs_meta, Q=\spi_cs_sync
Replacing adaptive_aero_control_top_spi_fpga_top.$procdff$371 ($adff): ARST=\reset_n, D=\spi_cs_sync, Q=\spi_cs_prev
Replacing adaptive_aero_control_top_spi_fpga_top.$procdff$376 ($adff): ARST=\spi_cs_n, D=1'1, Q=\spi_active

5. Executing MEMORY pass.

5.1. Executing OPT_MEM pass (optimize memories).
Performed a total of 0 transformations.

5.2. Executing OPT_MEM_PRIORITY pass (removing unnecessary memory write priority relations).
Performed a total of 0 transformations.

5.3. Executing OPT_MEM_FEEDBACK pass (finding memory read-to-write feedback paths).

5.4. Executing MEMORY_BMUX2ROM pass (converting muxes to ROMs).

5.5. Executing MEMORY_DFF pass (merging $dff cells to $memrd).

5.6. Executing OPT_CLEAN pass (remove unused cells and wires).
Finding unused cells or wires in module \adaptive_aero_control_top_spi_fpga_top..

5.7. Executing MEMORY_SHARE pass (consolidating $memrd/$memwr cells).

5.8. Executing OPT_MEM_WIDEN pass (optimize memories where all ports are wide).
Performed a total of 0 transformations.

5.9. Executing OPT_CLEAN pass (remove unused cells and wires).
Finding unused cells or wires in module \adaptive_aero_control_top_spi_fpga_top..

5.10. Executing MEMORY_COLLECT pass (generating $mem cells).

5.11. Executing MEMORY_MAP pass (converting memories to logic and flip-flops).

6. Executing OPT_CLEAN pass (remove unused cells and wires).
Finding unused cells or wires in module \adaptive_aero_control_top_spi_fpga_top..
Renaming module \adaptive_aero_control_top_spi_fpga_top to \gold.

7. Executing Verilog-2005 frontend: repro_generic.v
Parsing SystemVerilog input from `repro_generic.v' to AST representation.
Warning: Encountered `parallel_case' comment! Such legacy hot comments are supported by Yosys, but are not part of any formal language specification. Using the Verilog `parallel_case' attribute or the SystemVerilog `unique' or `priority' keywords is recommended!
Generating RTLIL representation for module `\adaptive_aero_control_top'.
Generating RTLIL representation for module `\adaptive_aero_control_top_spi_fpga_top'.
Successfully finished Verilog frontend.

8. Executing PREP pass.

8.1. Executing HIERARCHY pass (managing design hierarchy).

8.1.1. Analyzing design hierarchy..
Top module:  \adaptive_aero_control_top_spi_fpga_top
Used module:     \adaptive_aero_control_top

8.1.2. Analyzing design hierarchy..
Top module:  \adaptive_aero_control_top_spi_fpga_top
Used module:     \adaptive_aero_control_top
Removed 0 unused modules.

8.2. Executing PROC pass (convert processes to netlists).

8.2.1. Executing PROC_CLEAN pass (remove empty switches from decision trees).
Cleaned up 0 empty switches.

8.2.2. Executing PROC_RMDEAD pass (remove dead branches from decision trees).
Marked 1 switch rules as full_case in process $proc$repro_generic.v:390$784 in module adaptive_aero_control_top_spi_fpga_top.
Marked 1 switch rules as full_case in process $proc$repro_generic.v:387$782 in module adaptive_aero_control_top_spi_fpga_top.
Marked 1 switch rules as full_case in process $proc$repro_generic.v:384$780 in module adaptive_aero_control_top_spi_fpga_top.
Marked 1 switch rules as full_case in process $proc$repro_generic.v:381$778 in module adaptive_aero_control_top_spi_fpga_top.
Marked 1 switch rules as full_case in process $proc$repro_generic.v:378$776 in module adaptive_aero_control_top_spi_fpga_top.
Marked 1 switch rules as full_case in process $proc$repro_generic.v:369$768 in module adaptive_aero_control_top_spi_fpga_top.
Marked 1 switch rules as full_case in process $proc$repro_generic.v:0$762 in module adaptive_aero_control_top.
Marked 1 switch rules as full_case in process $proc$repro_generic.v:226$729 in module adaptive_aero_control_top.
Marked 1 switch rules as full_case in process $proc$repro_generic.v:223$727 in module adaptive_aero_control_top.
Marked 1 switch rules as full_case in process $proc$repro_generic.v:220$725 in module adaptive_aero_control_top.
Marked 1 switch rules as full_case in process $proc$repro_generic.v:217$723 in module adaptive_aero_control_top.
Marked 1 switch rules as full_case in process $proc$repro_generic.v:214$721 in module adaptive_aero_control_top.
Marked 1 switch rules as full_case in process $proc$repro_generic.v:211$719 in module adaptive_aero_control_top.
Marked 1 switch rules as full_case in process $proc$repro_generic.v:184$693 in module adaptive_aero_control_top.
Marked 1 switch rules as full_case in process $proc$repro_generic.v:181$691 in module adaptive_aero_control_top.
Marked 1 switch rules as full_case in process $proc$repro_generic.v:178$689 in module adaptive_aero_control_top.
Marked 1 switch rules as full_case in process $proc$repro_generic.v:175$687 in module adaptive_aero_control_top.
Marked 1 switch rules as full_case in process $proc$repro_generic.v:172$685 in module adaptive_aero_control_top.
Marked 1 switch rules as full_case in process $proc$repro_generic.v:169$683 in module adaptive_aero_control_top.
Marked 1 switch rules as full_case in process $proc$repro_generic.v:166$681 in module adaptive_aero_control_top.
Marked 1 switch rules as full_case in process $proc$repro_generic.v:163$679 in module adaptive_aero_control_top.
Marked 1 switch rules as full_case in process $proc$repro_generic.v:159$677 in module adaptive_aero_control_top.
Marked 1 switch rules as full_case in process $proc$repro_generic.v:154$675 in module adaptive_aero_control_top.
Marked 1 switch rules as full_case in process $proc$repro_generic.v:150$673 in module adaptive_aero_control_top.
Marked 1 switch rules as full_case in process $proc$repro_generic.v:147$671 in module adaptive_aero_control_top.
Removed a total of 0 dead cases.

8.2.3. Executing PROC_PRUNE pass (remove redundant assignments in processes).
Removed 11 redundant assignments.
Promoted 4 assignments to connections.

8.2.4. Executing PROC_INIT pass (extract init attributes).

8.2.5. Executing PROC_ARST pass (detect async resets in processes).
Found async reset \spi_cs_n in `\adaptive_aero_control_top_spi_fpga_top.$proc$repro_generic.v:390$784'.
Found async reset \reset_n in `\adaptive_aero_control_top_spi_fpga_top.$proc$repro_generic.v:387$782'.
Found async reset \reset_n in `\adaptive_aero_control_top_spi_fpga_top.$proc$repro_generic.v:384$780'.
Found async reset \reset_n in `\adaptive_aero_control_top_spi_fpga_top.$proc$repro_generic.v:381$778'.
Found async reset \reset_n in `\adaptive_aero_control_top_spi_fpga_top.$proc$repro_generic.v:378$776'.
Found async reset \reset_n in `\adaptive_aero_control_top_spi_fpga_top.$proc$repro_generic.v:369$768'.
Found async reset \reset_n in `\adaptive_aero_control_top.$proc$repro_generic.v:226$729'.
Found async reset \reset_n in `\adaptive_aero_control_top.$proc$repro_generic.v:223$727'.
Found async reset \reset_n in `\adaptive_aero_control_top.$proc$repro_generic.v:220$725'.
Found async reset \reset_n in `\adaptive_aero_control_top.$proc$repro_generic.v:217$723'.
Found async reset \reset_n in `\adaptive_aero_control_top.$proc$repro_generic.v:214$721'.
Found async reset \reset_n in `\adaptive_aero_control_top.$proc$repro_generic.v:211$719'.
Found async reset \reset_n in `\adaptive_aero_control_top.$proc$repro_generic.v:184$693'.
Found async reset \reset_n in `\adaptive_aero_control_top.$proc$repro_generic.v:181$691'.
Found async reset \reset_n in `\adaptive_aero_control_top.$proc$repro_generic.v:178$689'.
Found async reset \reset_n in `\adaptive_aero_control_top.$proc$repro_generic.v:175$687'.
Found async reset \reset_n in `\adaptive_aero_control_top.$proc$repro_generic.v:172$685'.
Found async reset \reset_n in `\adaptive_aero_control_top.$proc$repro_generic.v:169$683'.
Found async reset \reset_n in `\adaptive_aero_control_top.$proc$repro_generic.v:166$681'.
Found async reset \reset_n in `\adaptive_aero_control_top.$proc$repro_generic.v:163$679'.
Found async reset \reset_n in `\adaptive_aero_control_top.$proc$repro_generic.v:159$677'.
Found async reset \reset_n in `\adaptive_aero_control_top.$proc$repro_generic.v:154$675'.
Found async reset \reset_n in `\adaptive_aero_control_top.$proc$repro_generic.v:150$673'.
Found async reset \reset_n in `\adaptive_aero_control_top.$proc$repro_generic.v:147$671'.

8.2.6. Executing PROC_ROM pass (convert switches to ROMs).
Converted 0 switches.
<suppressed ~16 debug messages>

8.2.7. Executing PROC_MUX pass (convert decision trees to multiplexers).
Creating decoders for process `\adaptive_aero_control_top_spi_fpga_top.$proc$repro_generic.v:390$784'.
     1/1: $0\spi_active[0:0]
Creating decoders for process `\adaptive_aero_control_top_spi_fpga_top.$proc$repro_generic.v:387$782'.
     1/1: $0\spi_cs_prev[0:0]
Creating decoders for process `\adaptive_aero_control_top_spi_fpga_top.$proc$repro_generic.v:384$780'.
     1/1: $0\spi_cs_sync[0:0]
Creating decoders for process `\adaptive_aero_control_top_spi_fpga_top.$proc$repro_generic.v:381$778'.
     1/1: $0\spi_cs_meta[0:0]
Creating decoders for process `\adaptive_aero_control_top_spi_fpga_top.$proc$repro_generic.v:378$776'.
     1/1: $0\tx_snapshot[166:0]
Creating decoders for process `\adaptive_aero_control_top_spi_fpga_top.$proc$repro_generic.v:374$772'.
     1/1: $0\tx_shift[166:0]
Creating decoders for process `\adaptive_aero_control_top_spi_fpga_top.$proc$repro_generic.v:372$770'.
     1/1: $0\rx_shift[135:0]
Creating decoders for process `\adaptive_aero_control_top_spi_fpga_top.$proc$repro_generic.v:369$768'.
     1/1: $0\rx_active[135:0]
Creating decoders for process `\adaptive_aero_control_top.$proc$repro_generic.v:0$762'.
     1/1: $1\_121_$func$repro_generic.v:277$667.$result[63:0]$767
Creating decoders for process `\adaptive_aero_control_top.$proc$repro_generic.v:226$729'.
     1/1: $0\req_hist_read_pending_reg[0:0]
Creating decoders for process `\adaptive_aero_control_top.$proc$repro_generic.v:223$727'.
     1/1: $0\req_hist_write_pending_reg[0:0]
Creating decoders for process `\adaptive_aero_control_top.$proc$repro_generic.v:220$725'.
     1/1: $0\status_rsp_received_reg[0:0]
Creating decoders for process `\adaptive_aero_control_top.$proc$repro_generic.v:217$723'.
     1/1: $0\status_req_accepted_reg[0:0]
Creating decoders for process `\adaptive_aero_control_top.$proc$repro_generic.v:214$721'.
     1/1: $0\outstanding_age_reg[15:0]
Creating decoders for process `\adaptive_aero_control_top.$proc$repro_generic.v:211$719'.
     1/1: $0\irq_r[0:0]
Creating decoders for process `\adaptive_aero_control_top.$proc$repro_generic.v:184$693'.
     1/1: $0\irq_en_reg[63:0]
Creating decoders for process `\adaptive_aero_control_top.$proc$repro_generic.v:181$691'.
     1/1: $0\req_hist_addr[3:0]
Creating decoders for process `\adaptive_aero_control_top.$proc$repro_generic.v:178$689'.
     1/1: $0\bounds_reg[63:0]
Creating decoders for process `\adaptive_aero_control_top.$proc$repro_generic.v:175$687'.
     1/1: $0\act_cmd_valid_r[0:0]
Creating decoders for process `\adaptive_aero_control_top.$proc$repro_generic.v:172$685'.
     1/1: $0\req_meta_reg[63:0]
Creating decoders for process `\adaptive_aero_control_top.$proc$repro_generic.v:169$683'.
     1/1: $0\limits_reg[63:0]
Creating decoders for process `\adaptive_aero_control_top.$proc$repro_generic.v:166$681'.
     1/1: $0\mode_seq_reg[63:0]
Creating decoders for process `\adaptive_aero_control_top.$proc$repro_generic.v:163$679'.
     1/1: $0\outstanding_valid_reg[0:0]
Creating decoders for process `\adaptive_aero_control_top.$proc$repro_generic.v:159$677'.
     1/1: $0\ctrl_reg_reg[0][0:0]
Creating decoders for process `\adaptive_aero_control_top.$proc$repro_generic.v:154$675'.
     1/1: $0\ctrl_reg_reg[4][0:0]
Creating decoders for process `\adaptive_aero_control_top.$proc$repro_generic.v:150$673'.
     1/1: $0\state_reg[1:0]
Creating decoders for process `\adaptive_aero_control_top.$proc$repro_generic.v:147$671'.
     1/1: $0\outstanding_seq_reg[15:0]

8.2.8. Executing PROC_DLATCH pass (convert process syncs to latches).
No latch inferred for signal `\adaptive_aero_control_top.\_121_$func$repro_generic.v:277$667.s' from process `\adaptive_aero_control_top.$proc$repro_generic.v:0$762'.
No latch inferred for signal `\adaptive_aero_control_top.\_121_$func$repro_generic.v:277$667.b' from process `\adaptive_aero_control_top.$proc$repro_generic.v:0$762'.
No latch inferred for signal `\adaptive_aero_control_top.\_121_$func$repro_generic.v:277$667.$result' from process `\adaptive_aero_control_top.$proc$repro_generic.v:0$762'.
No latch inferred for signal `\adaptive_aero_control_top.\_121_$func$repro_generic.v:277$666.$result' from process `\adaptive_aero_control_top.$proc$repro_generic.v:0$762'.

8.2.9. Executing PROC_DFF pass (convert process syncs to FFs).
Creating register for signal `\adaptive_aero_control_top_spi_fpga_top.\spi_active' using process `\adaptive_aero_control_top_spi_fpga_top.$proc$repro_generic.v:390$784'.
  created $adff cell `$procdff$829' with positive edge clock and positive level reset.
Creating register for signal `\adaptive_aero_control_top_spi_fpga_top.\spi_cs_prev' using process `\adaptive_aero_control_top_spi_fpga_top.$proc$repro_generic.v:387$782'.
  created $adff cell `$procdff$834' with positive edge clock and positive level reset.
Creating register for signal `\adaptive_aero_control_top_spi_fpga_top.\spi_cs_sync' using process `\adaptive_aero_control_top_spi_fpga_top.$proc$repro_generic.v:384$780'.
  created $adff cell `$procdff$839' with positive edge clock and positive level reset.
Creating register for signal `\adaptive_aero_control_top_spi_fpga_top.\spi_cs_meta' using process `\adaptive_aero_control_top_spi_fpga_top.$proc$repro_generic.v:381$778'.
  created $adff cell `$procdff$844' with positive edge clock and positive level reset.
Creating register for signal `\adaptive_aero_control_top_spi_fpga_top.\tx_snapshot' using process `\adaptive_aero_control_top_spi_fpga_top.$proc$repro_generic.v:378$776'.
  created $adff cell `$procdff$849' with positive edge clock and positive level reset.
Creating register for signal `\adaptive_aero_control_top_spi_fpga_top.\tx_shift' using process `\adaptive_aero_control_top_spi_fpga_top.$proc$repro_generic.v:374$772'.
  created $dff cell `$procdff$850' with positive edge clock.
Creating register for signal `\adaptive_aero_control_top_spi_fpga_top.\rx_shift' using process `\adaptive_aero_control_top_spi_fpga_top.$proc$repro_generic.v:372$770'.
  created $dff cell `$procdff$851' with positive edge clock.
Creating register for signal `\adaptive_aero_control_top_spi_fpga_top.\rx_active' using process `\adaptive_aero_control_top_spi_fpga_top.$proc$repro_generic.v:369$768'.
  created $adff cell `$procdff$856' with positive edge clock and positive level reset.
Creating register for signal `\adaptive_aero_control_top.\req_hist_read_pending_reg' using process `\adaptive_aero_control_top.$proc$repro_generic.v:226$729'.
  created $adff cell `$procdff$861' with positive edge clock and positive level reset.
Creating register for signal `\adaptive_aero_control_top.\req_hist_write_pending_reg' using process `\adaptive_aero_control_top.$proc$repro_generic.v:223$727'.
  created $adff cell `$procdff$866' with positive edge clock and positive level reset.
Creating register for signal `\adaptive_aero_control_top.\status_rsp_received_reg' using process `\adaptive_aero_control_top.$proc$repro_generic.v:220$725'.
  created $adff cell `$procdff$871' with positive edge clock and positive level reset.
Creating register for signal `\adaptive_aero_control_top.\status_req_accepted_reg' using process `\adaptive_aero_control_top.$proc$repro_generic.v:217$723'.
  created $adff cell `$procdff$876' with positive edge clock and positive level reset.
Creating register for signal `\adaptive_aero_control_top.\outstanding_age_reg' using process `\adaptive_aero_control_top.$proc$repro_generic.v:214$721'.
  created $adff cell `$procdff$881' with positive edge clock and positive level reset.
Creating register for signal `\adaptive_aero_control_top.\irq_r' using process `\adaptive_aero_control_top.$proc$repro_generic.v:211$719'.
  created $adff cell `$procdff$886' with positive edge clock and positive level reset.
Creating register for signal `\adaptive_aero_control_top.\irq_en_reg' using process `\adaptive_aero_control_top.$proc$repro_generic.v:184$693'.
  created $adff cell `$procdff$891' with positive edge clock and positive level reset.
Creating register for signal `\adaptive_aero_control_top.\req_hist_addr' using process `\adaptive_aero_control_top.$proc$repro_generic.v:181$691'.
  created $adff cell `$procdff$896' with positive edge clock and positive level reset.
Creating register for signal `\adaptive_aero_control_top.\bounds_reg' using process `\adaptive_aero_control_top.$proc$repro_generic.v:178$689'.
  created $adff cell `$procdff$901' with positive edge clock and positive level reset.
Creating register for signal `\adaptive_aero_control_top.\act_cmd_valid_r' using process `\adaptive_aero_control_top.$proc$repro_generic.v:175$687'.
  created $adff cell `$procdff$906' with positive edge clock and positive level reset.
Creating register for signal `\adaptive_aero_control_top.\req_meta_reg' using process `\adaptive_aero_control_top.$proc$repro_generic.v:172$685'.
  created $adff cell `$procdff$911' with positive edge clock and positive level reset.
Creating register for signal `\adaptive_aero_control_top.\limits_reg' using process `\adaptive_aero_control_top.$proc$repro_generic.v:169$683'.
  created $adff cell `$procdff$916' with positive edge clock and positive level reset.
Creating register for signal `\adaptive_aero_control_top.\mode_seq_reg' using process `\adaptive_aero_control_top.$proc$repro_generic.v:166$681'.
  created $adff cell `$procdff$921' with positive edge clock and positive level reset.
Creating register for signal `\adaptive_aero_control_top.\outstanding_valid_reg' using process `\adaptive_aero_control_top.$proc$repro_generic.v:163$679'.
  created $adff cell `$procdff$926' with positive edge clock and positive level reset.
Creating register for signal `\adaptive_aero_control_top.\ctrl_reg_reg[0]' using process `\adaptive_aero_control_top.$proc$repro_generic.v:159$677'.
  created $adff cell `$procdff$931' with positive edge clock and positive level reset.
Creating register for signal `\adaptive_aero_control_top.\ctrl_reg_reg[4]' using process `\adaptive_aero_control_top.$proc$repro_generic.v:154$675'.
  created $adff cell `$procdff$936' with positive edge clock and positive level reset.
Creating register for signal `\adaptive_aero_control_top.\state_reg' using process `\adaptive_aero_control_top.$proc$repro_generic.v:150$673'.
  created $adff cell `$procdff$941' with positive edge clock and positive level reset.
Creating register for signal `\adaptive_aero_control_top.\outstanding_seq_reg' using process `\adaptive_aero_control_top.$proc$repro_generic.v:147$671'.
  created $adff cell `$procdff$946' with positive edge clock and positive level reset.

8.2.10. Executing PROC_MEMWR pass (convert process memory writes to cells).

8.2.11. Executing PROC_CLEAN pass (remove empty switches from decision trees).
Removing empty process `adaptive_aero_control_top_spi_fpga_top.$proc$repro_generic.v:390$784'.
Removing empty process `adaptive_aero_control_top_spi_fpga_top.$proc$repro_generic.v:387$782'.
Removing empty process `adaptive_aero_control_top_spi_fpga_top.$proc$repro_generic.v:384$780'.
Removing empty process `adaptive_aero_control_top_spi_fpga_top.$proc$repro_generic.v:381$778'.
Removing empty process `adaptive_aero_control_top_spi_fpga_top.$proc$repro_generic.v:378$776'.
Found and cleaned up 1 empty switch in `\adaptive_aero_control_top_spi_fpga_top.$proc$repro_generic.v:374$772'.
Removing empty process `adaptive_aero_control_top_spi_fpga_top.$proc$repro_generic.v:374$772'.
Found and cleaned up 1 empty switch in `\adaptive_aero_control_top_spi_fpga_top.$proc$repro_generic.v:372$770'.
Removing empty process `adaptive_aero_control_top_spi_fpga_top.$proc$repro_generic.v:372$770'.
Found and cleaned up 1 empty switch in `\adaptive_aero_control_top_spi_fpga_top.$proc$repro_generic.v:369$768'.
Removing empty process `adaptive_aero_control_top_spi_fpga_top.$proc$repro_generic.v:369$768'.
Found and cleaned up 1 empty switch in `\adaptive_aero_control_top.$proc$repro_generic.v:0$762'.
Removing empty process `adaptive_aero_control_top.$proc$repro_generic.v:0$762'.
Removing empty process `adaptive_aero_control_top.$proc$repro_generic.v:226$729'.
Removing empty process `adaptive_aero_control_top.$proc$repro_generic.v:223$727'.
Removing empty process `adaptive_aero_control_top.$proc$repro_generic.v:220$725'.
Removing empty process `adaptive_aero_control_top.$proc$repro_generic.v:217$723'.
Removing empty process `adaptive_aero_control_top.$proc$repro_generic.v:214$721'.
Removing empty process `adaptive_aero_control_top.$proc$repro_generic.v:211$719'.
Found and cleaned up 1 empty switch in `\adaptive_aero_control_top.$proc$repro_generic.v:184$693'.
Removing empty process `adaptive_aero_control_top.$proc$repro_generic.v:184$693'.
Found and cleaned up 1 empty switch in `\adaptive_aero_control_top.$proc$repro_generic.v:181$691'.
Removing empty process `adaptive_aero_control_top.$proc$repro_generic.v:181$691'.
Found and cleaned up 1 empty switch in `\adaptive_aero_control_top.$proc$repro_generic.v:178$689'.
Removing empty process `adaptive_aero_control_top.$proc$repro_generic.v:178$689'.
Found and cleaned up 1 empty switch in `\adaptive_aero_control_top.$proc$repro_generic.v:175$687'.
Removing empty process `adaptive_aero_control_top.$proc$repro_generic.v:175$687'.
Found and cleaned up 1 empty switch in `\adaptive_aero_control_top.$proc$repro_generic.v:172$685'.
Removing empty process `adaptive_aero_control_top.$proc$repro_generic.v:172$685'.
Found and cleaned up 1 empty switch in `\adaptive_aero_control_top.$proc$repro_generic.v:169$683'.
Removing empty process `adaptive_aero_control_top.$proc$repro_generic.v:169$683'.
Found and cleaned up 1 empty switch in `\adaptive_aero_control_top.$proc$repro_generic.v:166$681'.
Removing empty process `adaptive_aero_control_top.$proc$repro_generic.v:166$681'.
Found and cleaned up 1 empty switch in `\adaptive_aero_control_top.$proc$repro_generic.v:163$679'.
Removing empty process `adaptive_aero_control_top.$proc$repro_generic.v:163$679'.
Found and cleaned up 1 empty switch in `\adaptive_aero_control_top.$proc$repro_generic.v:159$677'.
Removing empty process `adaptive_aero_control_top.$proc$repro_generic.v:159$677'.
Found and cleaned up 1 empty switch in `\adaptive_aero_control_top.$proc$repro_generic.v:154$675'.
Removing empty process `adaptive_aero_control_top.$proc$repro_generic.v:154$675'.
Found and cleaned up 1 empty switch in `\adaptive_aero_control_top.$proc$repro_generic.v:150$673'.
Removing empty process `adaptive_aero_control_top.$proc$repro_generic.v:150$673'.
Found and cleaned up 1 empty switch in `\adaptive_aero_control_top.$proc$repro_generic.v:147$671'.
Removing empty process `adaptive_aero_control_top.$proc$repro_generic.v:147$671'.
Cleaned up 16 empty switches.

8.2.12. Executing OPT_EXPR pass (perform const folding).
Optimizing module adaptive_aero_control_top_spi_fpga_top.
<suppressed ~13 debug messages>
Optimizing module adaptive_aero_control_top.
<suppressed ~36 debug messages>

8.3. Executing FLATTEN pass (flatten design).
Deleting now unused module adaptive_aero_control_top.
<suppressed ~1 debug messages>

8.4. Executing FUTURE pass.

8.5. Executing OPT_EXPR pass (perform const folding).
Optimizing module adaptive_aero_control_top_spi_fpga_top.

8.6. Executing OPT_CLEAN pass (remove unused cells and wires).
Finding unused cells or wires in module \adaptive_aero_control_top_spi_fpga_top..
Removed 48 unused cells and 191 unused wires.
<suppressed ~49 debug messages>

8.7. Executing CHECK pass (checking for obvious problems).
Checking module adaptive_aero_control_top_spi_fpga_top...
Found and reported 0 problems.

8.8. Executing OPT pass (performing simple optimizations).

8.8.1. Executing OPT_EXPR pass (perform const folding).
Optimizing module adaptive_aero_control_top_spi_fpga_top.

8.8.2. Executing OPT_MERGE pass (detect identical cells).
Finding identical cells in module `\adaptive_aero_control_top_spi_fpga_top'.
Removed a total of 0 cells.

8.8.3. Executing OPT_MUXTREE pass (detect dead branches in mux trees).
Running muxtree optimizer on module \adaptive_aero_control_top_spi_fpga_top..
  Creating internal representation of mux trees.
  Evaluating internal representation of mux trees.
  Analyzing evaluation results.
    dead port 2/2 on $mux $flatten\u_core.$ternary$repro_generic.v:239$741.
Removed 1 multiplexer ports.
<suppressed ~26 debug messages>

8.8.4. Executing OPT_REDUCE pass (consolidate $*mux and $reduce_* inputs).
  Optimizing cells in module \adaptive_aero_control_top_spi_fpga_top.
Performed a total of 0 changes.

8.8.5. Executing OPT_MERGE pass (detect identical cells).
Finding identical cells in module `\adaptive_aero_control_top_spi_fpga_top'.
Removed a total of 0 cells.

8.8.6. Executing OPT_CLEAN pass (remove unused cells and wires).
Finding unused cells or wires in module \adaptive_aero_control_top_spi_fpga_top..

8.8.7. Executing OPT_EXPR pass (perform const folding).
Optimizing module adaptive_aero_control_top_spi_fpga_top.

8.8.8. Rerunning OPT passes. (Maybe there is more to do..)

8.8.9. Executing OPT_MUXTREE pass (detect dead branches in mux trees).
Running muxtree optimizer on module \adaptive_aero_control_top_spi_fpga_top..
  Creating internal representation of mux trees.
  Evaluating internal representation of mux trees.
  Analyzing evaluation results.
Removed 0 multiplexer ports.
<suppressed ~26 debug messages>

8.8.10. Executing OPT_REDUCE pass (consolidate $*mux and $reduce_* inputs).
  Optimizing cells in module \adaptive_aero_control_top_spi_fpga_top.
Performed a total of 0 changes.

8.8.11. Executing OPT_MERGE pass (detect identical cells).
Finding identical cells in module `\adaptive_aero_control_top_spi_fpga_top'.
Removed a total of 0 cells.

8.8.12. Executing OPT_CLEAN pass (remove unused cells and wires).
Finding unused cells or wires in module \adaptive_aero_control_top_spi_fpga_top..

8.8.13. Executing OPT_EXPR pass (perform const folding).
Optimizing module adaptive_aero_control_top_spi_fpga_top.

8.8.14. Finished OPT passes. (There is nothing left to do.)

8.9. Executing WREDUCE pass (reducing word size of cells).
Removed top 15 bits (of 16) from port B of cell adaptive_aero_control_top_spi_fpga_top.$flatten\u_core.$add$repro_generic.v:144$668 ($add).
Removed top 1 bits (of 4) from port B of cell adaptive_aero_control_top_spi_fpga_top.$flatten\u_core.$eq$repro_generic.v:278$754 ($eq).
Removed top 1 bits (of 4) from port B of cell adaptive_aero_control_top_spi_fpga_top.$flatten\u_core.$eq$repro_generic.v:279$755 ($eq).
Removed top 1 bits (of 4) from port B of cell adaptive_aero_control_top_spi_fpga_top.$flatten\u_core.$eq$repro_generic.v:280$756 ($eq).
Removed top 1 bits (of 4) from port B of cell adaptive_aero_control_top_spi_fpga_top.$flatten\u_core.$eq$repro_generic.v:281$757 ($eq).
Removed top 2 bits (of 4) from port B of cell adaptive_aero_control_top_spi_fpga_top.$flatten\u_core.$eq$repro_generic.v:282$758 ($eq).
Removed top 2 bits (of 4) from port B of cell adaptive_aero_control_top_spi_fpga_top.$flatten\u_core.$eq$repro_generic.v:283$759 ($eq).
Removed top 3 bits (of 4) from port B of cell adaptive_aero_control_top_spi_fpga_top.$flatten\u_core.$eq$repro_generic.v:284$760 ($eq).

8.10. Executing OPT_CLEAN pass (remove unused cells and wires).
Finding unused cells or wires in module \adaptive_aero_control_top_spi_fpga_top..

8.11. Executing MEMORY_COLLECT pass (generating $mem cells).

8.12. Executing OPT pass (performing simple optimizations).

8.12.1. Executing OPT_EXPR pass (perform const folding).
Optimizing module adaptive_aero_control_top_spi_fpga_top.

8.12.2. Executing OPT_MERGE pass (detect identical cells).
Finding identical cells in module `\adaptive_aero_control_top_spi_fpga_top'.
Removed a total of 0 cells.

8.12.3. Executing OPT_CLEAN pass (remove unused cells and wires).
Finding unused cells or wires in module \adaptive_aero_control_top_spi_fpga_top..

8.12.4. Finished fast OPT passes.

8.13. Printing statistics.

=== adaptive_aero_control_top_spi_fpga_top ===

   Number of wires:                176
   Number of wire bits:           3797
   Number of public wires:         161
   Number of public wire bits:    3012
   Number of ports:                  7
   Number of port bits:              7
   Number of memories:               0
   Number of memory bits:            0
   Number of processes:              0
   Number of cells:                104
     $add                            1
     $adff                          24
     $and                            2
     $dff                            2
     $eq                             8
     $ge                             1
     $logic_and                     15
     $logic_not                      4
     $mux                           39
     $ne                             1
     $not                            1
     $or                             2
     $pmux                           1
     $reduce_or                      2
     $scopeinfo                      1

8.14. Executing CHECK pass (checking for obvious problems).
Checking module adaptive_aero_control_top_spi_fpga_top...
Found and reported 0 problems.

9. Executing ASYNC2SYNC pass.
Replacing adaptive_aero_control_top_spi_fpga_top.$flatten\u_core.$procdff$861 ($adff): ARST=\reset_n, D=\u_core._003_, Q=\u_core.req_hist_read_pending_reg
Replacing adaptive_aero_control_top_spi_fpga_top.$flatten\u_core.$procdff$866 ($adff): ARST=\reset_n, D=\u_core._004_, Q=\u_core.req_hist_write_pending_reg
Replacing adaptive_aero_control_top_spi_fpga_top.$flatten\u_core.$procdff$871 ($adff): ARST=\reset_n, D=\u_core._006_, Q=\u_core.status_rsp_received_reg
Replacing adaptive_aero_control_top_spi_fpga_top.$flatten\u_core.$procdff$876 ($adff): ARST=\reset_n, D=\u_core._005_, Q=\u_core.status_req_accepted_reg
Replacing adaptive_aero_control_top_spi_fpga_top.$flatten\u_core.$procdff$881 ($adff): ARST=\reset_n, D=\u_core._002_, Q=\u_core.outstanding_age_reg
Replacing adaptive_aero_control_top_spi_fpga_top.$flatten\u_core.$procdff$886 ($adff): ARST=\reset_n, D=\u_core._001_, Q=\u_core.irq_r
Replacing adaptive_aero_control_top_spi_fpga_top.$flatten\u_core.$procdff$891 ($adff): ARST=\reset_n, D=$flatten\u_core.$0\irq_en_reg[63:0], Q=\u_core.irq_en_reg
Replacing adaptive_aero_control_top_spi_fpga_top.$flatten\u_core.$procdff$896 ($adff): ARST=\reset_n, D=$flatten\u_core.$0\req_hist_addr[3:0], Q=\u_core.req_hist_addr
Replacing adaptive_aero_control_top_spi_fpga_top.$flatten\u_core.$procdff$901 ($adff): ARST=\reset_n, D=$flatten\u_core.$0\bounds_reg[63:0], Q=\u_core.bounds_reg
Replacing adaptive_aero_control_top_spi_fpga_top.$flatten\u_core.$procdff$906 ($adff): ARST=\reset_n, D=$flatten\u_core.$0\act_cmd_valid_r[0:0], Q=\u_core.act_cmd_valid_r
Replacing adaptive_aero_control_top_spi_fpga_top.$flatten\u_core.$procdff$911 ($adff): ARST=\reset_n, D=$flatten\u_core.$0\req_meta_reg[63:0], Q=\u_core.req_meta_reg
Replacing adaptive_aero_control_top_spi_fpga_top.$flatten\u_core.$procdff$916 ($adff): ARST=\reset_n, D=$flatten\u_core.$0\limits_reg[63:0], Q=\u_core.limits_reg
Replacing adaptive_aero_control_top_spi_fpga_top.$flatten\u_core.$procdff$921 ($adff): ARST=\reset_n, D=$flatten\u_core.$0\mode_seq_reg[63:0], Q=\u_core.mode_seq_reg
Replacing adaptive_aero_control_top_spi_fpga_top.$flatten\u_core.$procdff$926 ($adff): ARST=\reset_n, D=$flatten\u_core.$0\outstanding_valid_reg[0:0], Q=\u_core.outstanding_valid_reg
Replacing adaptive_aero_control_top_spi_fpga_top.$flatten\u_core.$procdff$931 ($adff): ARST=\reset_n, D=$flatten\u_core.$0\ctrl_reg_reg[0][0:0], Q=\u_core.ctrl_reg_reg[0]
Replacing adaptive_aero_control_top_spi_fpga_top.$flatten\u_core.$procdff$936 ($adff): ARST=\reset_n, D=$flatten\u_core.$0\ctrl_reg_reg[4][0:0], Q=\u_core.ctrl_reg_reg[4]
Replacing adaptive_aero_control_top_spi_fpga_top.$flatten\u_core.$procdff$941 ($adff): ARST=\reset_n, D=$flatten\u_core.$0\state_reg[1:0], Q=\u_core.state_reg
Replacing adaptive_aero_control_top_spi_fpga_top.$flatten\u_core.$procdff$946 ($adff): ARST=\reset_n, D=$flatten\u_core.$0\outstanding_seq_reg[15:0], Q=\u_core.outstanding_seq_reg
Replacing adaptive_aero_control_top_spi_fpga_top.$procdff$829 ($adff): ARST=\spi_cs_n, D=1'1, Q=\spi_active
Replacing adaptive_aero_control_top_spi_fpga_top.$procdff$834 ($adff): ARST=\reset_n, D=\spi_cs_sync, Q=\spi_cs_prev
Replacing adaptive_aero_control_top_spi_fpga_top.$procdff$839 ($adff): ARST=\reset_n, D=\spi_cs_meta, Q=\spi_cs_sync
Replacing adaptive_aero_control_top_spi_fpga_top.$procdff$844 ($adff): ARST=\reset_n, D=\spi_cs_n, Q=\spi_cs_meta
Replacing adaptive_aero_control_top_spi_fpga_top.$procdff$849 ($adff): ARST=\reset_n, D={ \core_mmio_rdata 68'10000000000000000000000000000000000000000000000000000000000000000001 \u_core.act_cmd_valid_r \u_core.act_cmd_valid_r 32'00000000000000000000000000000000 \u_core.irq_r }, Q=\tx_snapshot
Replacing adaptive_aero_control_top_spi_fpga_top.$procdff$856 ($adff): ARST=\reset_n, D=$0\rx_active[135:0], Q=\rx_active

10. Executing OPT_CLEAN pass (remove unused cells and wires).
Finding unused cells or wires in module \adaptive_aero_control_top_spi_fpga_top..
Renaming module \adaptive_aero_control_top_spi_fpga_top to \gate.

11. Executing EQUIV_MAKE pass (creating equiv checking module).
Presumably equivalent wires: clk_gold (\clk_gold), clk_gate (\clk_gate) -> clk
Presumably equivalent wires: core_act_cmd_data_gold ($auto$rename.cc:463:execute$653_gold), core_act_cmd_data_gate (0) -> core_act_cmd_data
Presumably equivalent wires: core_act_cmd_fault_gold ($auto$rename.cc:463:execute$654_gold), core_act_cmd_fault_gate ($auto$rename.cc:463:execute$1005_gate) -> core_act_cmd_fault
Presumably equivalent wires: core_act_cmd_valid_gold ($auto$rename.cc:463:execute$655_gold), core_act_cmd_valid_gate ($auto$rename.cc:463:execute$1005_gate) -> core_act_cmd_valid
Presumably equivalent wires: core_irq_gold ($auto$rename.cc:463:execute$658_gold), core_irq_gate ($auto$rename.cc:463:execute$1006_gate) -> core_irq
Presumably equivalent wires: core_mmio_addr_gold (\rx_active_gold [3:0]), core_mmio_addr_gate (\rx_active_gate [3:0]) -> core_mmio_addr
Presumably equivalent wires: core_mmio_error_gold (1'0), core_mmio_error_gate (1'0) -> core_mmio_error
Presumably equivalent wires: core_mmio_re_gold (\rx_active_gold [69]), core_mmio_re_gate (\rx_active_gate [69]) -> core_mmio_re
Presumably equivalent wires: core_mmio_ready_gold (1'1), core_mmio_ready_gate (1'1) -> core_mmio_ready
Presumably equivalent wires: core_mmio_wdata_gold (\rx_active_gold [67:4]), core_mmio_wdata_gate (\rx_active_gate [67:4]) -> core_mmio_wdata
Presumably equivalent wires: core_mmio_we_gold (\rx_active_gold [68]), core_mmio_we_gate (\rx_active_gate [68]) -> core_mmio_we
Presumably equivalent wires: core_req_data_gold ($auto$rename.cc:463:execute$660_gold), core_req_data_gate (64'0000000000000000000000000000000000000000000000000000000000000000) -> core_req_data
Presumably equivalent wires: core_req_ready_gold (\rx_active_gold [70]), core_req_ready_gate (\rx_active_gate [70]) -> core_req_ready
Presumably equivalent wires: core_req_valid_gold ($auto$rename.cc:463:execute$661_gold), core_req_valid_gate (1'0) -> core_req_valid
Presumably equivalent wires: core_response_gold ({ $auto$rename.cc:463:execute$649_gold 2'10 $auto$rename.cc:463:execute$661_gold $auto$rename.cc:463:execute$660_gold $auto$rename.cc:463:execute$662_gold $auto$rename.cc:463:execute$655_gold $auto$rename.cc:463:execute$654_gold $auto$rename.cc:463:execute$653_gold $auto$rename.cc:463:execute$658_gold }), core_response_gate ({ $auto$rename.cc:463:execute$996_gate 68'10000000000000000000000000000000000000000000000000000000000000000001 $auto$rename.cc:463:execute$1005_gate $auto$rename.cc:463:execute$1005_gate 32'00000000000000000000000000000000 $auto$rename.cc:463:execute$1006_gate }) -> core_response
Presumably equivalent wires: core_rsp_data_gold (\rx_active_gold [135:72]), core_rsp_data_gate (\rx_active_gate [135:72]) -> core_rsp_data
Presumably equivalent wires: core_rsp_ready_gold ($auto$rename.cc:463:execute$662_gold), core_rsp_ready_gate (1'1) -> core_rsp_ready
Presumably equivalent wires: core_rsp_valid_gold (\rx_active_gold [71]), core_rsp_valid_gate (\rx_active_gate [71]) -> core_rsp_valid
Presumably equivalent wires: fault_indicator_gold (1'0), fault_indicator_gate (1'0) -> fault_indicator
Presumably equivalent wires: reset_n_gold (\reset_n_gold), reset_n_gate (\reset_n_gate) -> reset_n
Presumably equivalent wires: rx_active_gold (\rx_active_gold), rx_active_gate (\rx_active_gate) -> rx_active
Presumably equivalent wires: rx_shift_gold (\rx_shift_gold), rx_shift_gate (\rx_shift_gate) -> rx_shift
Presumably equivalent wires: spi_active_gold (\spi_active_gold), spi_active_gate (\spi_active_gate) -> spi_active
Presumably equivalent wires: spi_cs_n_gold (\spi_cs_n_gold), spi_cs_n_gate (\spi_cs_n_gate) -> spi_cs_n
Presumably equivalent wires: spi_cs_prev_gold (\spi_cs_prev_gold), spi_cs_prev_gate (\spi_cs_prev_gate) -> spi_cs_prev
Presumably equivalent wires: spi_miso_gold (\spi_miso_gold), spi_miso_gate (\spi_miso_gate) -> spi_miso
Presumably equivalent wires: spi_mosi_gold (\spi_mosi_gold), spi_mosi_gate (\spi_mosi_gate) -> spi_mosi
Presumably equivalent wires: spi_sclk_gold (\spi_sclk_gold), spi_sclk_gate (\spi_sclk_gate) -> spi_sclk
Presumably equivalent wires: tx_shift_gold (\tx_shift_gold), tx_shift_gate (\tx_shift_gate) -> tx_shift
Presumably equivalent wires: tx_snapshot_gold (\tx_snapshot_gold), tx_snapshot_gate (\tx_snapshot_gate) -> tx_snapshot
Presumably equivalent wires: u_core.act_cmd_data_gold ($auto$rename.cc:463:execute$653_gold), u_core.act_cmd_data_gate (0) -> u_core.act_cmd_data
Presumably equivalent wires: u_core.act_cmd_fault_gold ($auto$rename.cc:463:execute$654_gold), u_core.act_cmd_fault_gate ($auto$rename.cc:463:execute$1005_gate) -> u_core.act_cmd_fault
Presumably equivalent wires: u_core.act_cmd_valid_gold ($auto$rename.cc:463:execute$655_gold), u_core.act_cmd_valid_gate ($auto$rename.cc:463:execute$1005_gate) -> u_core.act_cmd_valid
Presumably equivalent wires: u_core.bounds_reg_gold (\u_core.bounds_reg_gold), u_core.bounds_reg_gate (\u_core.bounds_reg_gate) -> u_core.bounds_reg
Presumably equivalent wires: u_core.clk_gold (\clk_gold), u_core.clk_gate (\clk_gate) -> u_core.clk
Presumably equivalent wires: u_core.irq_gold ($auto$rename.cc:463:execute$658_gold), u_core.irq_gate ($auto$rename.cc:463:execute$1006_gate) -> u_core.irq
Presumably equivalent wires: u_core.irq_en_reg_gold (\u_core.irq_en_reg_gold), u_core.irq_en_reg_gate (\u_core.irq_en_reg_gate) -> u_core.irq_en_reg
Presumably equivalent wires: u_core.launch_accept_pulse_gold (\u_core.launch_accept_pulse_gold), u_core.launch_accept_pulse_gate (\u_core.launch_accept_pulse_gate) -> u_core.launch_accept_pulse
Presumably equivalent wires: u_core.limits_reg_gold (\u_core.limits_reg_gold), u_core.limits_reg_gate (\u_core.limits_reg_gate) -> u_core.limits_reg
Presumably equivalent wires: u_core.malformed_rsp_reg_gold (1'0), u_core.malformed_rsp_reg_gate (1'0) -> u_core.malformed_rsp_reg
Presumably equivalent wires: u_core.mmio_addr_gold (\rx_active_gold [3:0]), u_core.mmio_addr_gate (\rx_active_gate [3:0]) -> u_core.mmio_addr
Presumably equivalent wires: u_core.mmio_error_gold (1'0), u_core.mmio_error_gate (1'0) -> u_core.mmio_error
Presumably equivalent wires: u_core.mmio_error_r_gold (1'0), u_core.mmio_error_r_gate (1'0) -> u_core.mmio_error_r
Presumably equivalent wires: u_core.mmio_rdata_gold ($auto$rename.cc:463:execute$649_gold), u_core.mmio_rdata_gate ($auto$rename.cc:463:execute$996_gate) -> u_core.mmio_rdata
Presumably equivalent wires: u_core.mmio_rdata_r_gold ($auto$rename.cc:463:execute$649_gold), u_core.mmio_rdata_r_gate ($auto$rename.cc:463:execute$996_gate) -> u_core.mmio_rdata_r
Presumably equivalent wires: u_core.mmio_re_gold (\rx_active_gold [69]), u_core.mmio_re_gate (\rx_active_gate [69]) -> u_core.mmio_re
Presumably equivalent wires: u_core.mmio_ready_gold (1'1), u_core.mmio_ready_gate (1'1) -> u_core.mmio_ready
Presumably equivalent wires: u_core.mmio_ready_r_gold (1'1), u_core.mmio_ready_r_gate (1'1) -> u_core.mmio_ready_r
Presumably equivalent wires: u_core.mmio_wdata_gold (\rx_active_gold [67:4]), u_core.mmio_wdata_gate (\rx_active_gate [67:4]) -> u_core.mmio_wdata
Presumably equivalent wires: u_core.mmio_we_gold (\rx_active_gold [68]), u_core.mmio_we_gate (\rx_active_gate [68]) -> u_core.mmio_we
Presumably equivalent wires: u_core.mode_seq_reg_gold (\u_core.mode_seq_reg_gold), u_core.mode_seq_reg_gate (\u_core.mode_seq_reg_gate) -> u_core.mode_seq_reg
Presumably equivalent wires: u_core.outstanding_age_reg_gold (\u_core.outstanding_age_reg_gold), u_core.outstanding_age_reg_gate (\u_core.outstanding_age_reg_gate) -> u_core.outstanding_age_reg
Presumably equivalent wires: u_core.outstanding_seq_reg_gold (\u_core.outstanding_seq_reg_gold), u_core.outstanding_seq_reg_gate (\u_core.outstanding_seq_reg_gate) -> u_core.outstanding_seq_reg
Presumably equivalent wires: u_core.outstanding_valid_reg_gold (\u_core.outstanding_valid_reg_gold), u_core.outstanding_valid_reg_gate (\u_core.outstanding_valid_reg_gate) -> u_core.outstanding_valid_reg
Presumably equivalent wires: u_core.read_data_next_gold (\u_core.read_data_next_gold), u_core.read_data_next_gate (\u_core.read_data_next_gate) -> u_core.read_data_next
Presumably equivalent wires: u_core.rearm_pulse_gold (\u_core.rearm_pulse_gold), u_core.rearm_pulse_gate (\u_core.rearm_pulse_gate) -> u_core.rearm_pulse
Presumably equivalent wires: u_core.req_data_gold ($auto$rename.cc:463:execute$660_gold), u_core.req_data_gate (64'0000000000000000000000000000000000000000000000000000000000000000) -> u_core.req_data
Presumably equivalent wires: u_core.req_hist_addr_gold (\u_core.req_hist_addr_gold), u_core.req_hist_addr_gate (\u_core.req_hist_addr_gate) -> u_core.req_hist_addr
Presumably equivalent wires: u_core.req_hist_dout_gold (64'0000000000000000000000000000000000000000000000000000000000000000), u_core.req_hist_dout_gate (64'0000000000000000000000000000000000000000000000000000000000000000) -> u_core.req_hist_dout
Presumably equivalent wires: u_core.req_hist_read_pending_reg_gold (\u_core.req_hist_read_pending_reg_gold), u_core.req_hist_read_pending_reg_gate (\u_core.req_hist_read_pending_reg_gate) -> u_core.req_hist_read_pending_reg
Presumably equivalent wires: u_core.req_hist_write_pending_reg_gold (\u_core.req_hist_write_pending_reg_gold), u_core.req_hist_write_pending_reg_gate (\u_core.req_hist_write_pending_reg_gate) -> u_core.req_hist_write_pending_reg
Presumably equivalent wires: u_core.req_meta_reg_gold (\u_core.req_meta_reg_gold), u_core.req_meta_reg_gate (\u_core.req_meta_reg_gate) -> u_core.req_meta_reg
Presumably equivalent wires: u_core.req_ready_gold (\rx_active_gold [70]), u_core.req_ready_gate (\rx_active_gate [70]) -> u_core.req_ready
Presumably equivalent wires: u_core.req_valid_gold ($auto$rename.cc:463:execute$661_gold), u_core.req_valid_gate (1'0) -> u_core.req_valid
Presumably equivalent wires: u_core.reset_n_gold (\reset_n_gold), u_core.reset_n_gate (\reset_n_gate) -> u_core.reset_n
Presumably equivalent wires: u_core.rsp_cmd_in_gold (\rx_active_gold [103:88]), u_core.rsp_cmd_in_gate (\rx_active_gate [103:88]) -> u_core.rsp_cmd_in
Presumably equivalent wires: u_core.rsp_data_gold (\rx_active_gold [135:72]), u_core.rsp_data_gate (\rx_active_gate [135:72]) -> u_core.rsp_data
Presumably equivalent wires: u_core.rsp_ready_gold ($auto$rename.cc:463:execute$662_gold), u_core.rsp_ready_gate (1'1) -> u_core.rsp_ready
Presumably equivalent wires: u_core.rsp_schema_ok_gold (\u_core.rsp_schema_ok_gold), u_core.rsp_schema_ok_gate (\u_core.rsp_schema_ok_gate) -> u_core.rsp_schema_ok
Presumably equivalent wires: u_core.rsp_seq_in_gold (\rx_active_gold [87:72]), u_core.rsp_seq_in_gate (\rx_active_gate [87:72]) -> u_core.rsp_seq_in
Presumably equivalent wires: u_core.rsp_valid_gold (\rx_active_gold [71]), u_core.rsp_valid_gate (\rx_active_gate [71]) -> u_core.rsp_valid
Presumably equivalent wires: u_core.rsp_valid_sync_gold (\rx_active_gold [71]), u_core.rsp_valid_sync_gate (\rx_active_gate [71]) -> u_core.rsp_valid_sync
Presumably equivalent wires: u_core.state_reg_gold (\u_core.state_reg_gold), u_core.state_reg_gate (\u_core.state_reg_gate) -> u_core.state_reg
Presumably equivalent wires: u_core.status_fallback_active_reg_gold (\u_core.status_fallback_active_reg_gold), u_core.status_fallback_active_reg_gate (1'0) -> u_core.status_fallback_active_reg
Presumably equivalent wires: u_core.status_fault_active_reg_gold (\u_core.status_fault_active_reg_gold), u_core.status_fault_active_reg_gate (1'0) -> u_core.status_fault_active_reg
Presumably equivalent wires: u_core.status_reg_r_gold ({ 16'0000000000000000 $auto$rename.cc:463:execute$659_gold $auto$rename.cc:463:execute$652_gold 7'0000000 \u_core.status_fault_active_reg_gold \u_core.status_fallback_active_reg_gold \u_core.status_timeout_reg_gold \u_core.status_stale_reject_reg_gold $auto$rename.cc:463:execute$664_gold $auto$rename.cc:463:execute$665_gold \u_core.status_rsp_received_reg_gold \u_core.status_req_accepted_reg_gold $auto$rename.cc:463:execute$656_gold }), u_core.status_reg_r_gate ({ 61'0000000000000000000000000000000000000000000000000000000000000 \u_core.status_rsp_received_reg_gate \u_core.status_req_accepted_reg_gate 1'0 }) -> u_core.status_reg_r
Presumably equivalent wires: u_core.status_req_accepted_reg_gold (\u_core.status_req_accepted_reg_gold), u_core.status_req_accepted_reg_gate (\u_core.status_req_accepted_reg_gate) -> u_core.status_req_accepted_reg
Presumably equivalent wires: u_core.status_rsp_received_reg_gold (\u_core.status_rsp_received_reg_gold), u_core.status_rsp_received_reg_gate (\u_core.status_rsp_received_reg_gate) -> u_core.status_rsp_received_reg
Presumably equivalent wires: u_core.status_stale_reject_reg_gold (\u_core.status_stale_reject_reg_gold), u_core.status_stale_reject_reg_gate (1'0) -> u_core.status_stale_reject_reg
Presumably equivalent wires: u_core.status_timeout_reg_gold (\u_core.status_timeout_reg_gold), u_core.status_timeout_reg_gate (1'0) -> u_core.status_timeout_reg
Presumably equivalent wires: u_core.transport_error_reg_gold (1'0), u_core.transport_error_reg_gate (1'0) -> u_core.transport_error_reg
Changing input A of cell $flatten\u_core.$add$repro_generic.v:144$668_gate ($add): \u_core.outstanding_age_reg_gate -> \u_core.outstanding_age_reg
Changing input A of cell $flatten\u_core.$and$repro_generic.v:145$669_gate ($and): \u_core.irq_en_reg_gate [0] -> \u_core.irq_en_reg [0]
Changing input B of cell $flatten\u_core.$and$repro_generic.v:145$669_gate ($and): \u_core.status_req_accepted_reg_gate -> \u_core.status_req_accepted_reg
Changing input A of cell $flatten\u_core.$and$repro_generic.v:146$670_gate ($and): \u_core.irq_en_reg_gate [6] -> \u_core.irq_en_reg [6]
Changing input B of cell $flatten\u_core.$and$repro_generic.v:146$670_gate ($and): \u_core.status_rsp_received_reg_gate -> \u_core.status_rsp_received_reg
Changing input A of cell $flatten\u_core.$eq$repro_generic.v:188$696_gate ($eq): \rx_active_gate [87:72] -> \rx_active [87:72]
Changing input B of cell $flatten\u_core.$eq$repro_generic.v:188$696_gate ($eq): \u_core.outstanding_seq_reg_gate -> \u_core.outstanding_seq_reg
Changing input A of cell $flatten\u_core.$eq$repro_generic.v:278$754_gate ($eq): \rx_active_gate [3:0] -> \rx_active [3:0]
Changing input A of cell $flatten\u_core.$eq$repro_generic.v:279$755_gate ($eq): \rx_active_gate [3:0] -> \rx_active [3:0]
Changing input A of cell $flatten\u_core.$eq$repro_generic.v:280$756_gate ($eq): \rx_active_gate [3:0] -> \rx_active [3:0]
Changing input A of cell $flatten\u_core.$eq$repro_generic.v:281$757_gate ($eq): \rx_active_gate [3:0] -> \rx_active [3:0]
Changing input A of cell $flatten\u_core.$eq$repro_generic.v:282$758_gate ($eq): \rx_active_gate [3:0] -> \rx_active [3:0]
Changing input A of cell $flatten\u_core.$eq$repro_generic.v:283$759_gate ($eq): \rx_active_gate [3:0] -> \rx_active [3:0]
Changing input A of cell $flatten\u_core.$eq$repro_generic.v:284$760_gate ($eq): \rx_active_gate [3:0] -> \rx_active [3:0]
Changing input A of cell $flatten\u_core.$ge$repro_generic.v:190$698_gate ($ge): \u_core.outstanding_age_reg_gate -> \u_core.outstanding_age_reg
Changing input B of cell $flatten\u_core.$ge$repro_generic.v:190$698_gate ($ge): \u_core.limits_reg_gate [15:0] -> \u_core.limits_reg [15:0]
Changing input A of cell $flatten\u_core.$logic_and$repro_generic.v:191$699_gate ($logic_and): \u_core.outstanding_valid_reg_gate -> \u_core.outstanding_valid_reg
Changing input A of cell $flatten\u_core.$logic_and$repro_generic.v:193$701_gate ($logic_and): \u_core.rsp_schema_ok_gate -> \u_core.rsp_schema_ok
Changing input A of cell $flatten\u_core.$logic_and$repro_generic.v:194$702_gate ($logic_and): \rx_active_gate [68] -> \rx_active [68]
Changing input A of cell $flatten\u_core.$logic_and$repro_generic.v:195$703_gate ($logic_and): \rx_active_gate [68] -> \rx_active [68]
Changing input A of cell $flatten\u_core.$logic_and$repro_generic.v:196$704_gate ($logic_and): \rx_active_gate [68] -> \rx_active [68]
Changing input A of cell $flatten\u_core.$logic_and$repro_generic.v:197$705_gate ($logic_and): \rx_active_gate [68] -> \rx_active [68]
Changing input A of cell $flatten\u_core.$logic_and$repro_generic.v:198$706_gate ($logic_and): \rx_active_gate [68] -> \rx_active [68]
Changing input A of cell $flatten\u_core.$logic_and$repro_generic.v:199$707_gate ($logic_and): \rx_active_gate [68] -> \rx_active [68]
Changing input A of cell $flatten\u_core.$logic_and$repro_generic.v:200$708_gate ($logic_and): \rx_active_gate [68] -> \rx_active [68]
Changing input A of cell $flatten\u_core.$logic_and$repro_generic.v:201$709_gate ($logic_and): \u_core.launch_accept_pulse_gate -> \u_core.launch_accept_pulse
Changing input A of cell $flatten\u_core.$logic_and$repro_generic.v:203$711_gate ($logic_and): \rx_active_gate [71] -> \rx_active [71]
Changing input B of cell $flatten\u_core.$logic_and$repro_generic.v:203$711_gate ($logic_and): \u_core.outstanding_valid_reg_gate -> \u_core.outstanding_valid_reg
Changing input A of cell $flatten\u_core.$logic_and$repro_generic.v:204$712_gate ($logic_and): \u_core.rearm_pulse_gate -> \u_core.rearm_pulse
Changing input A of cell $flatten\u_core.$logic_not$repro_generic.v:189$697_gate ($logic_not): \u_core.state_reg_gate -> \u_core.state_reg
Changing input A of cell $flatten\u_core.$logic_not$repro_generic.v:205$713_gate ($logic_not): \u_core.outstanding_valid_reg_gate -> \u_core.outstanding_valid_reg
Changing input A of cell $flatten\u_core.$logic_not$repro_generic.v:285$761_gate ($logic_not): \rx_active_gate [3:0] -> \rx_active [3:0]
Changing input A of cell $flatten\u_core.$ne$repro_generic.v:207$715_gate ($ne): \u_core.outstanding_age_reg_gate -> \u_core.outstanding_age_reg
Changing input A of cell $flatten\u_core.$not$repro_generic.v:208$716_gate ($not): \rx_active_gate [135] -> \rx_active [135]
Changing input B of cell $flatten\u_core.$procmux$794_gate ($pmux): { 58'0000000000000000000000000000000000000000000000000000000000 \u_core.req_hist_read_pending_reg_gate \u_core.req_hist_write_pending_reg_gate \u_core.req_hist_addr_gate \u_core.req_meta_reg_gate \u_core.irq_en_reg_gate 61'0000000000000000000000000000000000000000000000000000000000000 \u_core.status_rsp_received_reg_gate \u_core.status_req_accepted_reg_gate 1'0 \u_core.bounds_reg_gate \u_core.limits_reg_gate \u_core.mode_seq_reg_gate 59'00000000000000000000000000000000000000000000000000000000000 \u_core.ctrl_reg_reg[4]_gate 3'000 \u_core.ctrl_reg_reg[0]_gate } -> { 58'0000000000000000000000000000000000000000000000000000000000 \u_core.req_hist_read_pending_reg \u_core.req_hist_write_pending_reg \u_core.req_hist_addr \u_core.req_meta_reg \u_core.irq_en_reg 61'0000000000000000000000000000000000000000000000000000000000000 \u_core.status_rsp_received_reg \u_core.status_req_accepted_reg 1'0 \u_core.bounds_reg \u_core.limits_reg \u_core.mode_seq_reg 59'00000000000000000000000000000000000000000000000000000000000 \u_core.ctrl_reg_reg[4]_gate 3'000 \u_core.ctrl_reg_reg[0]_gate }
Changing input A of cell $flatten\u_core.$procmux$803_gate ($mux): \u_core.irq_en_reg_gate -> \u_core.irq_en_reg
Changing input B of cell $flatten\u_core.$procmux$803_gate ($mux): \rx_active_gate [67:4] -> \rx_active [67:4]
Changing input A of cell $flatten\u_core.$procmux$805_gate ($mux): \u_core.req_hist_addr_gate -> \u_core.req_hist_addr
Changing input B of cell $flatten\u_core.$procmux$805_gate ($mux): \rx_active_gate [7:4] -> \rx_active [7:4]
Changing input A of cell $flatten\u_core.$procmux$807_gate ($mux): \u_core.bounds_reg_gate -> \u_core.bounds_reg
Changing input B of cell $flatten\u_core.$procmux$807_gate ($mux): \rx_active_gate [67:4] -> \rx_active [67:4]
Changing input A of cell $flatten\u_core.$procmux$811_gate ($mux): \u_core.req_meta_reg_gate -> \u_core.req_meta_reg
Changing input B of cell $flatten\u_core.$procmux$811_gate ($mux): \rx_active_gate [67:4] -> \rx_active [67:4]
Changing input A of cell $flatten\u_core.$procmux$813_gate ($mux): \u_core.limits_reg_gate -> \u_core.limits_reg
Changing input B of cell $flatten\u_core.$procmux$813_gate ($mux): \rx_active_gate [67:4] -> \rx_active [67:4]
Changing input A of cell $flatten\u_core.$procmux$815_gate ($mux): \u_core.mode_seq_reg_gate -> \u_core.mode_seq_reg
Changing input B of cell $flatten\u_core.$procmux$815_gate ($mux): \rx_active_gate [67:4] -> \rx_active [67:4]
Changing input A of cell $flatten\u_core.$procmux$817_gate ($mux): \u_core.outstanding_valid_reg_gate -> \u_core.outstanding_valid_reg
Changing input B of cell $flatten\u_core.$procmux$819_gate ($mux): \rx_active_gate [4] -> \rx_active [4]
Changing input B of cell $flatten\u_core.$procmux$821_gate ($mux): \rx_active_gate [8] -> \rx_active [8]
Changing input A of cell $flatten\u_core.$procmux$823_gate ($mux): \u_core.state_reg_gate -> \u_core.state_reg
Changing input A of cell $flatten\u_core.$procmux$825_gate ($mux): \u_core.outstanding_seq_reg_gate -> \u_core.outstanding_seq_reg
Changing input B of cell $flatten\u_core.$procmux$825_gate ($mux): \u_core.mode_seq_reg_gate [23:8] -> \u_core.mode_seq_reg [23:8]
Changing input A of cell $flatten\u_core.$reduce_or$repro_generic.v:206$714_gate ($reduce_or): \u_core.limits_reg_gate [15:0] -> \u_core.limits_reg [15:0]
Changing input A of cell $flatten\u_core.$ternary$repro_generic.v:231$733_gate ($mux): \u_core.req_hist_read_pending_reg_gate -> \u_core.req_hist_read_pending_reg
Changing input B of cell $flatten\u_core.$ternary$repro_generic.v:231$733_gate ($mux): \rx_active_gate [9] -> \rx_active [9]
Changing input S of cell $flatten\u_core.$ternary$repro_generic.v:232$734_gate ($mux): \u_core.req_hist_read_pending_reg_gate -> \u_core.req_hist_read_pending_reg
Changing input S of cell $flatten\u_core.$ternary$repro_generic.v:233$735_gate ($mux): \u_core.req_hist_write_pending_reg_gate -> \u_core.req_hist_write_pending_reg
Changing input B of cell $flatten\u_core.$ternary$repro_generic.v:234$736_gate ($mux): \rx_active_gate [8] -> \rx_active [8]
Changing input S of cell $flatten\u_core.$ternary$repro_generic.v:235$737_gate ($mux): \u_core.req_hist_write_pending_reg_gate -> \u_core.req_hist_write_pending_reg
Changing input A of cell $flatten\u_core.$ternary$repro_generic.v:236$738_gate ($mux): \u_core.outstanding_age_reg_gate -> \u_core.outstanding_age_reg
Changing input S of cell $flatten\u_core.$ternary$repro_generic.v:238$740_gate ($mux): \u_core.outstanding_valid_reg_gate -> \u_core.outstanding_valid_reg
Changing input B of cell $flatten\u_core.$ternary$repro_generic.v:245$747_gate ($mux): \u_core.read_data_next_gate -> \u_core.read_data_next
Changing input S of cell $flatten\u_core.$ternary$repro_generic.v:245$747_gate ($mux): \rx_active_gate [69] -> \rx_active [69]
Changing input S of cell $flatten\u_core.$ternary$repro_generic.v:246$748_gate ($mux): \rx_active_gate [5] -> \rx_active [5]
Changing input S of cell $flatten\u_core.$ternary$repro_generic.v:247$749_gate ($mux): \rx_active_gate [7] -> \rx_active [7]
Changing input S of cell $flatten\u_core.$ternary$repro_generic.v:250$752_gate ($mux): \rx_active_gate [68] -> \rx_active [68]
Changing input S of cell $flatten\u_core.$ternary$repro_generic.v:251$753_gate ($mux): \rx_active_gate [68] -> \rx_active [68]
Changing input A of cell $logic_not$repro_generic.v:377$775_gate ($logic_not): \spi_cs_prev_gate -> \spi_cs_prev
Changing input B of cell $procmux$787_gate ($mux): \tx_shift_gate -> \tx_shift
Changing input A of cell $procmux$789_gate ($mux): { \rx_shift_gate [134:0] \spi_mosi_gate } -> { \rx_shift [134:0] \spi_mosi_gate }
Changing input B of cell $procmux$789_gate ($mux): \rx_shift_gate -> \rx_shift
Changing input A of cell $procmux$791_gate ($mux): \rx_active_gate -> \rx_active
Changing input B of cell $procmux$791_gate ($mux): \rx_shift_gate -> \rx_shift
Changing input A of cell $ternary$repro_generic.v:393$785_gate ($mux): { \tx_snapshot_gate [165:0] 1'0 } -> { \tx_snapshot [165:0] 1'0 }
Changing input B of cell $ternary$repro_generic.v:393$785_gate ($mux): { \tx_shift_gate [165:0] 1'0 } -> { \tx_shift [165:0] 1'0 }
Changing input S of cell $ternary$repro_generic.v:393$785_gate ($mux): \spi_active_gate -> \spi_active
Changing input A of cell $ternary$repro_generic.v:394$786_gate ($mux): \tx_snapshot_gate [166] -> \tx_snapshot [166]
Changing input B of cell $ternary$repro_generic.v:394$786_gate ($mux): \tx_shift_gate [166] -> \tx_shift [166]
Changing input S of cell $ternary$repro_generic.v:394$786_gate ($mux): \spi_active_gate -> \spi_active
Changing input A of cell $flatten\u_core.$add$fpga/handoff/rtl/adaptive_aero_control_top.v:323$49_gold ($add): \u_core.outstanding_age_reg_gold -> \u_core.outstanding_age_reg
Changing input A of cell $flatten\u_core.$and$fpga/handoff/rtl/adaptive_aero_control_top.v:362$55_gold ($and): \u_core.irq_en_reg_gold [0] -> \u_core.irq_en_reg [0]
Changing input B of cell $flatten\u_core.$and$fpga/handoff/rtl/adaptive_aero_control_top.v:362$55_gold ($and): \u_core.status_req_accepted_reg_gold -> \u_core.status_req_accepted_reg
Changing input A of cell $flatten\u_core.$and$fpga/handoff/rtl/adaptive_aero_control_top.v:363$56_gold ($and): \u_core.irq_en_reg_gold [1] -> \u_core.irq_en_reg [1]
Changing input A of cell $flatten\u_core.$and$fpga/handoff/rtl/adaptive_aero_control_top.v:364$58_gold ($and): \u_core.irq_en_reg_gold [2] -> \u_core.irq_en_reg [2]
Changing input A of cell $flatten\u_core.$and$fpga/handoff/rtl/adaptive_aero_control_top.v:365$60_gold ($and): \u_core.irq_en_reg_gold [3] -> \u_core.irq_en_reg [3]
Changing input B of cell $flatten\u_core.$and$fpga/handoff/rtl/adaptive_aero_control_top.v:365$60_gold ($and): \u_core.status_stale_reject_reg_gold -> \u_core.status_stale_reject_reg
Changing input A of cell $flatten\u_core.$and$fpga/handoff/rtl/adaptive_aero_control_top.v:366$62_gold ($and): \u_core.irq_en_reg_gold [4] -> \u_core.irq_en_reg [4]
Changing input B of cell $flatten\u_core.$and$fpga/handoff/rtl/adaptive_aero_control_top.v:366$62_gold ($and): \u_core.status_timeout_reg_gold -> \u_core.status_timeout_reg
Changing input A of cell $flatten\u_core.$and$fpga/handoff/rtl/adaptive_aero_control_top.v:367$64_gold ($and): \u_core.irq_en_reg_gold [5] -> \u_core.irq_en_reg [5]
Changing input B of cell $flatten\u_core.$and$fpga/handoff/rtl/adaptive_aero_control_top.v:367$64_gold ($and): \u_core.status_fault_active_reg_gold -> \u_core.status_fault_active_reg
Changing input A of cell $flatten\u_core.$and$fpga/handoff/rtl/adaptive_aero_control_top.v:368$66_gold ($and): \u_core.irq_en_reg_gold [6] -> \u_core.irq_en_reg [6]
Changing input B of cell $flatten\u_core.$and$fpga/handoff/rtl/adaptive_aero_control_top.v:368$66_gold ($and): \u_core.status_rsp_received_reg_gold -> \u_core.status_rsp_received_reg
Changing input A of cell $flatten\u_core.$eq$fpga/handoff/rtl/adaptive_aero_control_top.v:211$15_gold ($eq): \rx_active_gold [87:72] -> \rx_active [87:72]
Changing input B of cell $flatten\u_core.$eq$fpga/handoff/rtl/adaptive_aero_control_top.v:211$15_gold ($eq): \u_core.outstanding_seq_reg_gold -> \u_core.outstanding_seq_reg
Changing input A of cell $flatten\u_core.$eq$fpga/handoff/rtl/adaptive_aero_control_top.v:300$29_gold ($logic_not): \rx_active_gold [3:0] -> \rx_active [3:0]
Changing input A of cell $flatten\u_core.$eq$fpga/handoff/rtl/adaptive_aero_control_top.v:304$31_gold ($eq): \rx_active_gold [3:0] -> \rx_active [3:0]
Changing input A of cell $flatten\u_core.$eq$fpga/handoff/rtl/adaptive_aero_control_top.v:305$33_gold ($eq): \rx_active_gold [3:0] -> \rx_active [3:0]
Changing input A of cell $flatten\u_core.$eq$fpga/handoff/rtl/adaptive_aero_control_top.v:306$35_gold ($eq): \rx_active_gold [3:0] -> \rx_active [3:0]
Changing input A of cell $flatten\u_core.$eq$fpga/handoff/rtl/adaptive_aero_control_top.v:307$37_gold ($eq): \rx_active_gold [3:0] -> \rx_active [3:0]
Changing input A of cell $flatten\u_core.$eq$fpga/handoff/rtl/adaptive_aero_control_top.v:308$39_gold ($eq): \rx_active_gold [3:0] -> \rx_active [3:0]
Changing input A of cell $flatten\u_core.$eq$fpga/handoff/rtl/adaptive_aero_control_top.v:309$41_gold ($eq): \rx_active_gold [3:0] -> \rx_active [3:0]
Changing input A of cell $flatten\u_core.$eq$fpga/handoff/rtl/adaptive_aero_control_top.v:358$54_gold ($logic_not): \u_core.state_reg_gold -> \u_core.state_reg
Changing input A of cell $flatten\u_core.$ge$fpga/handoff/rtl/adaptive_aero_control_top.v:206$10_gold ($ge): \u_core.outstanding_age_reg_gold -> \u_core.outstanding_age_reg
Changing input B of cell $flatten\u_core.$ge$fpga/handoff/rtl/adaptive_aero_control_top.v:206$10_gold ($ge): \u_core.limits_reg_gold [15:0] -> \u_core.limits_reg [15:0]
Changing input B of cell $flatten\u_core.$logic_and$fpga/handoff/rtl/adaptive_aero_control_top.v:196$3_gold ($logic_and): \u_core.launch_accept_pulse_gold -> \u_core.launch_accept_pulse
Changing input A of cell $flatten\u_core.$logic_and$fpga/handoff/rtl/adaptive_aero_control_top.v:206$11_gold ($logic_and): \u_core.outstanding_valid_reg_gold -> \u_core.outstanding_valid_reg
Changing input A of cell $flatten\u_core.$logic_and$fpga/handoff/rtl/adaptive_aero_control_top.v:210$14_gold ($logic_and): \rx_active_gold [71] -> \rx_active [71]
Changing input B of cell $flatten\u_core.$logic_and$fpga/handoff/rtl/adaptive_aero_control_top.v:210$14_gold ($logic_and): \u_core.outstanding_valid_reg_gold -> \u_core.outstanding_valid_reg
Changing input A of cell $flatten\u_core.$logic_and$fpga/handoff/rtl/adaptive_aero_control_top.v:211$16_gold ($logic_and): \u_core.rsp_schema_ok_gold -> \u_core.rsp_schema_ok
Changing input A of cell $flatten\u_core.$logic_and$fpga/handoff/rtl/adaptive_aero_control_top.v:231$21_gold ($logic_and): \u_core.rearm_pulse_gold -> \u_core.rearm_pulse
Changing input A of cell $flatten\u_core.$logic_and$fpga/handoff/rtl/adaptive_aero_control_top.v:300$30_gold ($logic_and): \rx_active_gold [68] -> \rx_active [68]
Changing input A of cell $flatten\u_core.$logic_and$fpga/handoff/rtl/adaptive_aero_control_top.v:304$32_gold ($logic_and): \rx_active_gold [68] -> \rx_active [68]
Changing input A of cell $flatten\u_core.$logic_and$fpga/handoff/rtl/adaptive_aero_control_top.v:305$34_gold ($logic_and): \rx_active_gold [68] -> \rx_active [68]
Changing input A of cell $flatten\u_core.$logic_and$fpga/handoff/rtl/adaptive_aero_control_top.v:306$36_gold ($logic_and): \rx_active_gold [68] -> \rx_active [68]
Changing input A of cell $flatten\u_core.$logic_and$fpga/handoff/rtl/adaptive_aero_control_top.v:307$38_gold ($logic_and): \rx_active_gold [68] -> \rx_active [68]
Changing input A of cell $flatten\u_core.$logic_and$fpga/handoff/rtl/adaptive_aero_control_top.v:308$40_gold ($logic_and): \rx_active_gold [68] -> \rx_active [68]
Changing input A of cell $flatten\u_core.$logic_and$fpga/handoff/rtl/adaptive_aero_control_top.v:309$42_gold ($logic_and): \rx_active_gold [68] -> \rx_active [68]
Changing input A of cell $flatten\u_core.$logic_not$fpga/handoff/rtl/adaptive_aero_control_top.v:196$4_gold ($logic_not): \u_core.outstanding_valid_reg_gold -> \u_core.outstanding_valid_reg
Changing input A of cell $flatten\u_core.$logic_not$fpga/handoff/rtl/adaptive_aero_control_top.v:196$6_gold ($logic_not): \u_core.status_fault_active_reg_gold -> \u_core.status_fault_active_reg
Changing input A of cell $flatten\u_core.$logic_not$fpga/handoff/rtl/adaptive_aero_control_top.v:211$17_gold ($logic_not): \u_core.status_timeout_reg_gold -> \u_core.status_timeout_reg
Changing input A of cell $flatten\u_core.$ne$fpga/handoff/rtl/adaptive_aero_control_top.v:206$12_gold ($reduce_bool): \u_core.limits_reg_gold [15:0] -> \u_core.limits_reg [15:0]
Changing input A of cell $flatten\u_core.$ne$fpga/handoff/rtl/adaptive_aero_control_top.v:323$48_gold ($ne): \u_core.outstanding_age_reg_gold -> \u_core.outstanding_age_reg
Changing input A of cell $flatten\u_core.$not$fpga/handoff/rtl/adaptive_aero_control_top.v:148$2_gold ($not): \rx_active_gold [135] -> \rx_active [135]
Changing input B of cell $flatten\u_core.$procmux$105_gold ($mux): \rx_active_gold [8] -> \rx_active [8]
Changing input B of cell $flatten\u_core.$procmux$107_gold ($mux): \rx_active_gold [4] -> \rx_active [4]
Changing input A of cell $flatten\u_core.$procmux$113_gold ($mux): \u_core.req_hist_read_pending_reg_gold -> \u_core.req_hist_read_pending_reg
Changing input B of cell $flatten\u_core.$procmux$113_gold ($mux): \rx_active_gold [9] -> \rx_active [9]
Changing input S of cell $flatten\u_core.$procmux$116_gold ($mux): \u_core.req_hist_read_pending_reg_gold -> \u_core.req_hist_read_pending_reg
Changing input S of cell $flatten\u_core.$procmux$119_gold ($mux): \u_core.req_hist_write_pending_reg_gold -> \u_core.req_hist_write_pending_reg
Changing input B of cell $flatten\u_core.$procmux$121_gold ($mux): \rx_active_gold [8] -> \rx_active [8]
Changing input S of cell $flatten\u_core.$procmux$124_gold ($mux): \u_core.req_hist_write_pending_reg_gold -> \u_core.req_hist_write_pending_reg
Changing input A of cell $flatten\u_core.$procmux$129_gold ($mux): \u_core.req_hist_addr_gold -> \u_core.req_hist_addr
Changing input B of cell $flatten\u_core.$procmux$129_gold ($mux): \rx_active_gold [7:4] -> \rx_active [7:4]
Changing input A of cell $flatten\u_core.$procmux$131_gold ($mux): \u_core.status_fault_active_reg_gold -> \u_core.status_fault_active_reg
Changing input A of cell $flatten\u_core.$procmux$133_gold ($mux): \u_core.status_fallback_active_reg_gold -> \u_core.status_fallback_active_reg
Changing input A of cell $flatten\u_core.$procmux$135_gold ($mux): \u_core.status_timeout_reg_gold -> \u_core.status_timeout_reg
Changing input A of cell $flatten\u_core.$procmux$137_gold ($mux): \u_core.status_stale_reject_reg_gold -> \u_core.status_stale_reject_reg
Changing input A of cell $flatten\u_core.$procmux$140_gold ($mux): \u_core.outstanding_valid_reg_gold -> \u_core.outstanding_valid_reg
Changing input A of cell $flatten\u_core.$procmux$143_gold ($mux): \u_core.outstanding_age_reg_gold -> \u_core.outstanding_age_reg
Changing input S of cell $flatten\u_core.$procmux$147_gold ($mux): \u_core.outstanding_valid_reg_gold -> \u_core.outstanding_valid_reg
Changing input A of cell $flatten\u_core.$procmux$150_gold ($mux): \u_core.outstanding_seq_reg_gold -> \u_core.outstanding_seq_reg
Changing input B of cell $flatten\u_core.$procmux$150_gold ($mux): \u_core.mode_seq_reg_gold [23:8] -> \u_core.mode_seq_reg [23:8]
Changing input A of cell $flatten\u_core.$procmux$152_gold ($mux): \u_core.req_meta_reg_gold -> \u_core.req_meta_reg
Changing input B of cell $flatten\u_core.$procmux$152_gold ($mux): \rx_active_gold [67:4] -> \rx_active [67:4]
Changing input A of cell $flatten\u_core.$procmux$154_gold ($mux): \u_core.irq_en_reg_gold -> \u_core.irq_en_reg
Changing input B of cell $flatten\u_core.$procmux$154_gold ($mux): \rx_active_gold [67:4] -> \rx_active [67:4]
Changing input A of cell $flatten\u_core.$procmux$156_gold ($mux): \u_core.bounds_reg_gold -> \u_core.bounds_reg
Changing input B of cell $flatten\u_core.$procmux$156_gold ($mux): \rx_active_gold [67:4] -> \rx_active [67:4]
Changing input A of cell $flatten\u_core.$procmux$158_gold ($mux): \u_core.limits_reg_gold -> \u_core.limits_reg
Changing input B of cell $flatten\u_core.$procmux$158_gold ($mux): \rx_active_gold [67:4] -> \rx_active [67:4]
Changing input A of cell $flatten\u_core.$procmux$160_gold ($mux): \u_core.mode_seq_reg_gold -> \u_core.mode_seq_reg
Changing input B of cell $flatten\u_core.$procmux$160_gold ($mux): \rx_active_gold [67:4] -> \rx_active [67:4]
Changing input A of cell $flatten\u_core.$procmux$164_gold ($mux): \u_core.bounds_reg_gold [47:16] -> \u_core.bounds_reg [47:16]
Changing input S of cell $flatten\u_core.$procmux$166_gold ($mux): \u_core.status_fault_active_reg_gold -> \u_core.status_fault_active_reg
Changing input S of cell $flatten\u_core.$procmux$171_gold ($mux): \u_core.status_fault_active_reg_gold -> \u_core.status_fault_active_reg
Changing input S of cell $flatten\u_core.$procmux$176_gold ($mux): \u_core.status_fault_active_reg_gold -> \u_core.status_fault_active_reg
Changing input A of cell $flatten\u_core.$procmux$254_gold ($mux): \u_core.state_reg_gold -> \u_core.state_reg
Changing input B of cell $flatten\u_core.$procmux$257_gold ($mux): \u_core.read_data_next_gold -> \u_core.read_data_next
Changing input S of cell $flatten\u_core.$procmux$257_gold ($mux): \rx_active_gold [69] -> \rx_active [69]
Changing input S of cell $flatten\u_core.$procmux$263_gold ($mux): \rx_active_gold [5] -> \rx_active [5]
Changing input S of cell $flatten\u_core.$procmux$273_gold ($mux): \rx_active_gold [7] -> \rx_active [7]
Changing input S of cell $flatten\u_core.$procmux$283_gold ($mux): \rx_active_gold [6] -> \rx_active [6]
Changing input S of cell $flatten\u_core.$procmux$329_gold ($mux): \rx_active_gold [68] -> \rx_active [68]
Changing input S of cell $flatten\u_core.$procmux$332_gold ($mux): \rx_active_gold [68] -> \rx_active [68]
Changing input S of cell $flatten\u_core.$procmux$335_gold ($mux): \rx_active_gold [68] -> \rx_active [68]
Changing input B of cell $flatten\u_core.$procmux$338_gold ($pmux): { 59'00000000000000000000000000000000000000000000000000000000000 $auto$rename.cc:463:execute$657_gold [4:0] \u_core.mode_seq_reg_gold \u_core.limits_reg_gold \u_core.bounds_reg_gold 16'0000000000000000 $auto$rename.cc:463:execute$659_gold $auto$rename.cc:463:execute$652_gold 7'0000000 \u_core.status_fault_active_reg_gold \u_core.status_fallback_active_reg_gold \u_core.status_timeout_reg_gold \u_core.status_stale_reject_reg_gold $auto$rename.cc:463:execute$664_gold $auto$rename.cc:463:execute$665_gold \u_core.status_rsp_received_reg_gold \u_core.status_req_accepted_reg_gold $auto$rename.cc:463:execute$656_gold \u_core.irq_en_reg_gold \u_core.req_meta_reg_gold 58'0000000000000000000000000000000000000000000000000000000000 \u_core.req_hist_read_pending_reg_gold \u_core.req_hist_write_pending_reg_gold \u_core.req_hist_addr_gold } -> { 59'00000000000000000000000000000000000000000000000000000000000 $auto$rename.cc:463:execute$657_gold [4:0] \u_core.mode_seq_reg \u_core.limits_reg \u_core.bounds_reg 16'0000000000000000 $auto$rename.cc:463:execute$659_gold $auto$rename.cc:463:execute$652_gold 7'0000000 \u_core.status_fault_active_reg \u_core.status_fallback_active_reg \u_core.status_timeout_reg \u_core.status_stale_reject_reg $auto$rename.cc:463:execute$664_gold $auto$rename.cc:463:execute$665_gold \u_core.status_rsp_received_reg \u_core.status_req_accepted_reg $auto$rename.cc:463:execute$656_gold \u_core.irq_en_reg \u_core.req_meta_reg 58'0000000000000000000000000000000000000000000000000000000000 \u_core.req_hist_read_pending_reg \u_core.req_hist_write_pending_reg \u_core.req_hist_addr }
Changing input A of cell $flatten\u_core.$procmux$342_CMP0_gold ($eq): \rx_active_gold [3:0] -> \rx_active [3:0]
Changing input A of cell $logic_not$fpga/handoff/rtl/adaptive_aero_control_top_spi_fpga_top.sv:65$75_gold ($logic_not): \spi_cs_prev_gold -> \spi_cs_prev
Changing input A of cell $procmux$79_gold ($mux): \rx_active_gold -> \rx_active
Changing input B of cell $procmux$79_gold ($mux): \rx_shift_gold -> \rx_shift
Changing input A of cell $procmux$82_gold ($mux): { \tx_snapshot_gold [165:0] 1'0 } -> { \tx_snapshot [165:0] 1'0 }
Changing input B of cell $procmux$82_gold ($mux): { \tx_shift_gold [165:0] 1'0 } -> { \tx_shift [165:0] 1'0 }
Changing input S of cell $procmux$82_gold ($mux): \spi_active_gold -> \spi_active
Changing input B of cell $procmux$84_gold ($mux): \tx_shift_gold -> \tx_shift
Changing input A of cell $procmux$86_gold ($mux): { \rx_shift_gold [134:0] \spi_mosi_gold } -> { \rx_shift [134:0] \spi_mosi_gold }
Changing input B of cell $procmux$86_gold ($mux): \rx_shift_gold -> \rx_shift
Changing input A of cell $ternary$fpga/handoff/rtl/adaptive_aero_control_top_spi_fpga_top.sv:69$78_gold ($mux): \tx_snapshot_gold [166] -> \tx_snapshot [166]
Changing input B of cell $ternary$fpga/handoff/rtl/adaptive_aero_control_top_spi_fpga_top.sv:69$78_gold ($mux): \tx_shift_gold [166] -> \tx_shift [166]
Changing input S of cell $ternary$fpga/handoff/rtl/adaptive_aero_control_top_spi_fpga_top.sv:69$78_gold ($mux): \spi_active_gold -> \spi_active
Presumably equivalent cells: u_core_gold u_core_gate ($scopeinfo) -> u_core

12. Executing HIERARCHY pass (managing design hierarchy).

12.1. Analyzing design hierarchy..
Top module:  \equiv

12.2. Analyzing design hierarchy..
Top module:  \equiv
Removing unused module `\gate'.
Removing unused module `\gold'.
Removed 2 unused modules.

13. Executing EQUIV_STRUCT pass.
Running equiv_struct on module equiv:
  Starting iteration 1.
    Fwd merging 2 $equiv cells (from group of 2) using strategy deduplicate:
      Merging cells $auto$equiv_make.cc:294:find_same_wires$2988 and $auto$equiv_make.cc:294:find_same_wires$2927.
    Fwd merging 2 $equiv cells (from group of 2) using strategy deduplicate:
      Merging cells $auto$equiv_make.cc:294:find_same_wires$2987 and $auto$equiv_make.cc:294:find_same_wires$2924.
    Fwd merging 2 $equiv cells (from group of 2) using strategy deduplicate:
      Merging cells $auto$equiv_make.cc:294:find_same_wires$2986 and $auto$equiv_make.cc:294:find_same_wires$2923.
    Fwd merging 2 $equiv cells (from group of 2) using strategy deduplicate:
      Merging cells $auto$equiv_make.cc:294:find_same_wires$2930 and $auto$equiv_make.cc:294:find_same_wires$2921.
    Fwd merging 2 $equiv cells (from group of 2) using strategy deduplicate:
      Merging cells $auto$equiv_make.cc:294:find_same_wires$2929 and $auto$equiv_make.cc:294:find_same_wires$2920.
    Fwd merging 2 $equiv cells (from group of 2) using strategy deduplicate:
      Merging cells $auto$equiv_make.cc:294:find_same_wires$2928 and $auto$equiv_make.cc:294:find_same_wires$2989.
    Fwd merging 2 $equiv cells (from group of 3) using strategy deduplicate:
      Merging cells $auto$equiv_make.cc:294:find_same_wires$2386 and $auto$equiv_make.cc:294:find_same_wires$2322.
    Fwd merging 2 $equiv cells (from group of 3) using strategy deduplicate:
      Merging cells $auto$equiv_make.cc:294:find_same_wires$2385 and $auto$equiv_make.cc:294:find_same_wires$2321.
    Fwd merging 2 $equiv cells (from group of 3) using strategy deduplicate:
      Merging cells $auto$equiv_make.cc:294:find_same_wires$2384 and $auto$equiv_make.cc:294:find_same_wires$2320.
    Fwd merging 2 $equiv cells (from group of 3) using strategy deduplicate:
      Merging cells $auto$equiv_make.cc:294:find_same_wires$2383 and $auto$equiv_make.cc:294:find_same_wires$2319.
    Fwd merging 2 $equiv cells (from group of 3) using strategy deduplicate:
      Merging cells $auto$equiv_make.cc:294:find_same_wires$2382 and $auto$equiv_make.cc:294:find_same_wires$2318.
    Fwd merging 2 $equiv cells (from group of 3) using strategy deduplicate:
      Merging cells $auto$equiv_make.cc:294:find_same_wires$2381 and $auto$equiv_make.cc:294:find_same_wires$2317.
    Fwd merging 2 $equiv cells (from group of 3) using strategy deduplicate:
      Merging cells $auto$equiv_make.cc:294:find_same_wires$2380 and $auto$equiv_make.cc:294:find_same_wires$2316.
    Fwd merging 2 $equiv cells (from group of 3) using strategy deduplicate:
      Merging cells $auto$equiv_make.cc:294:find_same_wires$2379 and $auto$equiv_make.cc:294:find_same_wires$2315.
    Fwd merging 2 $equiv cells (from group of 3) using strategy deduplicate:
      Merging cells $auto$equiv_make.cc:294:find_same_wires$2378 and $auto$equiv_make.cc:294:find_same_wires$2314.
    Fwd merging 2 $equiv cells (from group of 3) using strategy deduplicate:
      Merging cells $auto$equiv_make.cc:294:find_same_wires$2377 and $auto$equiv_make.cc:294:find_same_wires$2313.
    Fwd merging 2 $equiv cells (from group of 3) using strategy deduplicate:
      Merging cells $auto$equiv_make.cc:294:find_same_wires$2376 and $auto$equiv_make.cc:294:find_same_wires$2312.
    Fwd merging 2 $equiv cells (from group of 3) using strategy deduplicate:
      Merging cells $auto$equiv_make.cc:294:find_same_wires$2375 and $auto$equiv_make.cc:294:find_same_wires$2311.
    Fwd merging 2 $equiv cells (from group of 3) using strategy deduplicate:
      Merging cells $auto$equiv_make.cc:294:find_same_wires$2374 and $auto$equiv_make.cc:294:find_same_wires$2310.
    Fwd merging 2 $equiv cells (from group of 3) using strategy deduplicate:
      Merging cells $auto$equiv_make.cc:294:find_same_wires$2373 and $auto$equiv_make.cc:294:find_same_wires$2309.
    Fwd merging 2 $equiv cells (from group of 3) using strategy deduplicate:
      Merging cells $auto$equiv_make.cc:294:find_same_wires$2372 and $auto$equiv_make.cc:294:find_same_wires$2308.
    Fwd merging 2 $equiv cells (from group of 3) using strategy deduplicate:
      Merging cells $auto$equiv_make.cc:294:find_same_wires$2371 and $auto$equiv_make.cc:294:find_same_wires$2307.
    Fwd merging 2 $equiv cells (from group of 3) using strategy deduplicate:
      Merging cells $auto$equiv_make.cc:294:find_same_wires$2370 and $auto$equiv_make.cc:294:find_same_wires$2306.
    Fwd merging 2 $equiv cells (from group of 3) using strategy deduplicate:
      Merging cells $auto$equiv_make.cc:294:find_same_wires$2369 and $auto$equiv_make.cc:294:find_same_wires$2305.
    Fwd merging 2 $equiv cells (from group of 3) using strategy deduplicate:
      Merging cells $auto$equiv_make.cc:294:find_same_wires$2368 and $auto$equiv_make.cc:294:find_same_wires$2304.
    Fwd merging 2 $equiv cells (from group of 3) using strategy deduplicate:
      Merging cells $auto$equiv_make.cc:294:find_same_wires$2367 and $auto$equiv_make.cc:294:find_same_wires$2303.
    Fwd merging 2 $equiv cells (from group of 3) using strategy deduplicate:
      Merging cells $auto$equiv_make.cc:294:find_same_wires$2366 and $auto$equiv_make.cc:294:find_same_wires$2302.
    Fwd merging 2 $equiv cells (from group of 3) using strategy deduplicate:
      Merging cells $auto$equiv_make.cc:294:find_same_wires$2365 and $auto$equiv_make.cc:294:find_same_wires$2301.
    Fwd merging 2 $equiv cells (from group of 3) using strategy deduplicate:
      Merging cells $auto$equiv_make.cc:294:find_same_wires$2364 and $auto$equiv_make.cc:294:find_same_wires$2300.
    Fwd merging 2 $equiv cells (from group of 3) using strategy deduplicate:
      Merging cells $auto$equiv_make.cc:294:find_same_wires$2363 and $auto$equiv_make.cc:294:find_same_wires$2299.
    Fwd merging 2 $equiv cells (from group of 3) using strategy deduplicate:
      Merging cells $auto$equiv_make.cc:294:find_same_wires$2362 and $auto$equiv_make.cc:294:find_same_wires$2298.
    Fwd merging 2 $equiv cells (from group of 3) using strategy deduplicate:
      Merging cells $auto$equiv_make.cc:294:find_same_wires$2361 and $auto$equiv_make.cc:294:find_same_wires$2297.
    Fwd merging 2 $equiv cells (from group of 3) using strategy deduplicate:
      Merging cells $auto$equiv_make.cc:294:find_same_wires$2360 and $auto$equiv_make.cc:294:find_same_wires$2296.
    Fwd merging 2 $equiv cells (from group of 3) using strategy deduplicate:
      Merging cells $auto$equiv_make.cc:294:find_same_wires$2359 and $auto$equiv_make.cc:294:find_same_wires$2295.
    Fwd merging 2 $equiv cells (from group of 3) using strategy deduplicate:
      Merging cells $auto$equiv_make.cc:294:find_same_wires$2358 and $auto$equiv_make.cc:294:find_same_wires$2294.
    Fwd merging 2 $equiv cells (from group of 3) using strategy deduplicate:
      Merging cells $auto$equiv_make.cc:294:find_same_wires$2357 and $auto$equiv_make.cc:294:find_same_wires$2293.
    Fwd merging 2 $equiv cells (from group of 3) using strategy deduplicate:
      Merging cells $auto$equiv_make.cc:294:find_same_wires$2356 and $auto$equiv_make.cc:294:find_same_wires$2292.
    Fwd merging 2 $equiv cells (from group of 3) using strategy deduplicate:
      Merging cells $auto$equiv_make.cc:294:find_same_wires$2355 and $auto$equiv_make.cc:294:find_same_wires$2291.
    Fwd merging 2 $equiv cells (from group of 3) using strategy deduplicate:
      Merging cells $auto$equiv_make.cc:294:find_same_wires$2354 and $auto$equiv_make.cc:294:find_same_wires$2290.
    Fwd merging 2 $equiv cells (from group of 3) using strategy deduplicate:
      Merging cells $auto$equiv_make.cc:294:find_same_wires$2353 and $auto$equiv_make.cc:294:find_same_wires$2289.
    Fwd merging 2 $equiv cells (from group of 3) using strategy deduplicate:
      Merging cells $auto$equiv_make.cc:294:find_same_wires$2352 and $auto$equiv_make.cc:294:find_same_wires$2288.
    Fwd merging 2 $equiv cells (from group of 3) using strategy deduplicate:
      Merging cells $auto$equiv_make.cc:294:find_same_wires$2351 and $auto$equiv_make.cc:294:find_same_wires$2287.
    Fwd merging 2 $equiv cells (from group of 3) using strategy deduplicate:
      Merging cells $auto$equiv_make.cc:294:find_same_wires$2350 and $auto$equiv_make.cc:294:find_same_wires$2286.
    Fwd merging 2 $equiv cells (from group of 3) using strategy deduplicate:
      Merging cells $auto$equiv_make.cc:294:find_same_wires$2349 and $auto$equiv_make.cc:294:find_same_wires$2285.
    Fwd merging 2 $equiv cells (from group of 3) using strategy deduplicate:
      Merging cells $auto$equiv_make.cc:294:find_same_wires$2348 and $auto$equiv_make.cc:294:find_same_wires$2284.
    Fwd merging 2 $equiv cells (from group of 3) using strategy deduplicate:
      Merging cells $auto$equiv_make.cc:294:find_same_wires$2347 and $auto$equiv_make.cc:294:find_same_wires$2283.
    Fwd merging 2 $equiv cells (from group of 3) using strategy deduplicate:
      Merging cells $auto$equiv_make.cc:294:find_same_wires$2346 and $auto$equiv_make.cc:294:find_same_wires$2282.
    Fwd merging 2 $equiv cells (from group of 3) using strategy deduplicate:
      Merging cells $auto$equiv_make.cc:294:find_same_wires$2345 and $auto$equiv_make.cc:294:find_same_wires$2281.
    Fwd merging 2 $equiv cells (from group of 3) using strategy deduplicate:
      Merging cells $auto$equiv_make.cc:294:find_same_wires$2344 and $auto$equiv_make.cc:294:find_same_wires$2280.
    Fwd merging 2 $equiv cells (from group of 3) using strategy deduplicate:
      Merging cells $auto$equiv_make.cc:294:find_same_wires$2343 and $auto$equiv_make.cc:294:find_same_wires$2279.
    Fwd merging 2 $equiv cells (from group of 3) using strategy deduplicate:
      Merging cells $auto$equiv_make.cc:294:find_same_wires$2342 and $auto$equiv_make.cc:294:find_same_wires$2278.
    Fwd merging 2 $equiv cells (from group of 3) using strategy deduplicate:
      Merging cells $auto$equiv_make.cc:294:find_same_wires$2341 and $auto$equiv_make.cc:294:find_same_wires$2277.
    Fwd merging 2 $equiv cells (from group of 3) using strategy deduplicate:
      Merging cells $auto$equiv_make.cc:294:find_same_wires$2340 and $auto$equiv_make.cc:294:find_same_wires$2276.
    Fwd merging 2 $equiv cells (from group of 3) using strategy deduplicate:
      Merging cells $auto$equiv_make.cc:294:find_same_wires$2339 and $auto$equiv_make.cc:294:find_same_wires$2275.
    Fwd merging 2 $equiv cells (from group of 3) using strategy deduplicate:
      Merging cells $auto$equiv_make.cc:294:find_same_wires$2338 and $auto$equiv_make.cc:294:find_same_wires$2274.
    Fwd merging 2 $equiv cells (from group of 3) using strategy deduplicate:
      Merging cells $auto$equiv_make.cc:294:find_same_wires$2337 and $auto$equiv_make.cc:294:find_same_wires$2273.
    Fwd merging 2 $equiv cells (from group of 3) using strategy deduplicate:
      Merging cells $auto$equiv_make.cc:294:find_same_wires$2336 and $auto$equiv_make.cc:294:find_same_wires$2272.
    Fwd merging 2 $equiv cells (from group of 3) using strategy deduplicate:
      Merging cells $auto$equiv_make.cc:294:find_same_wires$2335 and $auto$equiv_make.cc:294:find_same_wires$2271.
    Fwd merging 2 $equiv cells (from group of 3) using strategy deduplicate:
      Merging cells $auto$equiv_make.cc:294:find_same_wires$2334 and $auto$equiv_make.cc:294:find_same_wires$2270.
    Fwd merging 2 $equiv cells (from group of 3) using strategy deduplicate:
      Merging cells $auto$equiv_make.cc:294:find_same_wires$2333 and $auto$equiv_make.cc:294:find_same_wires$2269.
    Fwd merging 2 $equiv cells (from group of 3) using strategy deduplicate:
      Merging cells $auto$equiv_make.cc:294:find_same_wires$2332 and $auto$equiv_make.cc:294:find_same_wires$2268.
    Fwd merging 2 $equiv cells (from group of 3) using strategy deduplicate:
      Merging cells $auto$equiv_make.cc:294:find_same_wires$2331 and $auto$equiv_make.cc:294:find_same_wires$2267.
    Fwd merging 2 $equiv cells (from group of 3) using strategy deduplicate:
      Merging cells $auto$equiv_make.cc:294:find_same_wires$2330 and $auto$equiv_make.cc:294:find_same_wires$2266.
    Fwd merging 2 $equiv cells (from group of 3) using strategy deduplicate:
      Merging cells $auto$equiv_make.cc:294:find_same_wires$2329 and $auto$equiv_make.cc:294:find_same_wires$2265.
    Fwd merging 2 $equiv cells (from group of 3) using strategy deduplicate:
      Merging cells $auto$equiv_make.cc:294:find_same_wires$2328 and $auto$equiv_make.cc:294:find_same_wires$2264.
    Fwd merging 2 $equiv cells (from group of 3) using strategy deduplicate:
      Merging cells $auto$equiv_make.cc:294:find_same_wires$2327 and $auto$equiv_make.cc:294:find_same_wires$2263.
    Fwd merging 2 $equiv cells (from group of 3) using strategy deduplicate:
      Merging cells $auto$equiv_make.cc:294:find_same_wires$2326 and $auto$equiv_make.cc:294:find_same_wires$2262.
    Fwd merging 2 $equiv cells (from group of 3) using strategy deduplicate:
      Merging cells $auto$equiv_make.cc:294:find_same_wires$2325 and $auto$equiv_make.cc:294:find_same_wires$2261.
    Fwd merging 2 $equiv cells (from group of 3) using strategy deduplicate:
      Merging cells $auto$equiv_make.cc:294:find_same_wires$2324 and $auto$equiv_make.cc:294:find_same_wires$2260.
    Fwd merging 2 $equiv cells (from group of 3) using strategy deduplicate:
      Merging cells $auto$equiv_make.cc:294:find_same_wires$2323 and $auto$equiv_make.cc:294:find_same_wires$2259.
    Fwd merging 2 $equiv cells (from group of 3) using strategy deduplicate:
      Merging cells $auto$equiv_make.cc:294:find_same_wires$2897 and $auto$equiv_make.cc:294:find_same_wires$1549.
    Fwd merging 2 $equiv cells (from group of 3) using strategy deduplicate:
      Merging cells $auto$equiv_make.cc:294:find_same_wires$2896 and $auto$equiv_make.cc:294:find_same_wires$1548.
    Fwd merging 2 $equiv cells (from group of 3) using strategy deduplicate:
      Merging cells $auto$equiv_make.cc:294:find_same_wires$2895 and $auto$equiv_make.cc:294:find_same_wires$1547.
    Fwd merging 2 $equiv cells (from group of 3) using strategy deduplicate:
      Merging cells $auto$equiv_make.cc:294:find_same_wires$2894 and $auto$equiv_make.cc:294:find_same_wires$1546.
    Fwd merging 2 $equiv cells (from group of 3) using strategy deduplicate:
      Merging cells $auto$equiv_make.cc:294:find_same_wires$2893 and $auto$equiv_make.cc:294:find_same_wires$1545.
    Fwd merging 2 $equiv cells (from group of 3) using strategy deduplicate:
      Merging cells $auto$equiv_make.cc:294:find_same_wires$2892 and $auto$equiv_make.cc:294:find_same_wires$1544.
    Fwd merging 2 $equiv cells (from group of 3) using strategy deduplicate:
      Merging cells $auto$equiv_make.cc:294:find_same_wires$2891 and $auto$equiv_make.cc:294:find_same_wires$1543.
    Fwd merging 2 $equiv cells (from group of 3) using strategy deduplicate:
      Merging cells $auto$equiv_make.cc:294:find_same_wires$2890 and $auto$equiv_make.cc:294:find_same_wires$1542.
    Fwd merging 2 $equiv cells (from group of 3) using strategy deduplicate:
      Merging cells $auto$equiv_make.cc:294:find_same_wires$2889 and $auto$equiv_make.cc:294:find_same_wires$1541.
    Fwd merging 2 $equiv cells (from group of 3) using strategy deduplicate:
      Merging cells $auto$equiv_make.cc:294:find_same_wires$2888 and $auto$equiv_make.cc:294:find_same_wires$1540.
    Fwd merging 2 $equiv cells (from group of 3) using strategy deduplicate:
      Merging cells $auto$equiv_make.cc:294:find_same_wires$2887 and $auto$equiv_make.cc:294:find_same_wires$1539.
    Fwd merging 2 $equiv cells (from group of 3) using strategy deduplicate:
      Merging cells $auto$equiv_make.cc:294:find_same_wires$2886 and $auto$equiv_make.cc:294:find_same_wires$1538.
    Fwd merging 2 $equiv cells (from group of 3) using strategy deduplicate:
      Merging cells $auto$equiv_make.cc:294:find_same_wires$2885 and $auto$equiv_make.cc:294:find_same_wires$1537.
    Fwd merging 2 $equiv cells (from group of 3) using strategy deduplicate:
      Merging cells $auto$equiv_make.cc:294:find_same_wires$2884 and $auto$equiv_make.cc:294:find_same_wires$1536.
    Fwd merging 2 $equiv cells (from group of 3) using strategy deduplicate:
      Merging cells $auto$equiv_make.cc:294:find_same_wires$2883 and $auto$equiv_make.cc:294:find_same_wires$1535.
    Fwd merging 2 $equiv cells (from group of 3) using strategy deduplicate:
      Merging cells $auto$equiv_make.cc:294:find_same_wires$2882 and $auto$equiv_make.cc:294:find_same_wires$1534.
    Fwd merging 2 $equiv cells (from group of 3) using strategy deduplicate:
      Merging cells $auto$equiv_make.cc:294:find_same_wires$2881 and $auto$equiv_make.cc:294:find_same_wires$1533.
    Fwd merging 2 $equiv cells (from group of 3) using strategy deduplicate:
      Merging cells $auto$equiv_make.cc:294:find_same_wires$2880 and $auto$equiv_make.cc:294:find_same_wires$1532.
    Fwd merging 2 $equiv cells (from group of 3) using strategy deduplicate:
      Merging cells $auto$equiv_make.cc:294:find_same_wires$2879 and $auto$equiv_make.cc:294:find_same_wires$1531.
    Fwd merging 2 $equiv cells (from group of 3) using strategy deduplicate:
      Merging cells $auto$equiv_make.cc:294:find_same_wires$2878 and $auto$equiv_make.cc:294:find_same_wires$1530.
    Fwd merging 2 $equiv cells (from group of 3) using strategy deduplicate:
      Merging cells $auto$equiv_make.cc:294:find_same_wires$2877 and $auto$equiv_make.cc:294:find_same_wires$1529.
    Fwd merging 2 $equiv cells (from group of 3) using strategy deduplicate:
      Merging cells $auto$equiv_make.cc:294:find_same_wires$2876 and $auto$equiv_make.cc:294:find_same_wires$1528.
    Fwd merging 2 $equiv cells (from group of 3) using strategy deduplicate:
      Merging cells $auto$equiv_make.cc:294:find_same_wires$2875 and $auto$equiv_make.cc:294:find_same_wires$1527.
    Fwd merging 2 $equiv cells (from group of 3) using strategy deduplicate:
      Merging cells $auto$equiv_make.cc:294:find_same_wires$2874 and $auto$equiv_make.cc:294:find_same_wires$1526.
    Fwd merging 2 $equiv cells (from group of 3) using strategy deduplicate:
      Merging cells $auto$equiv_make.cc:294:find_same_wires$2873 and $auto$equiv_make.cc:294:find_same_wires$1525.
    Fwd merging 2 $equiv cells (from group of 3) using strategy deduplicate:
      Merging cells $auto$equiv_make.cc:294:find_same_wires$2872 and $auto$equiv_make.cc:294:find_same_wires$1524.
    Fwd merging 2 $equiv cells (from group of 3) using strategy deduplicate:
      Merging cells $auto$equiv_make.cc:294:find_same_wires$2871 and $auto$equiv_make.cc:294:find_same_wires$1523.
    Fwd merging 2 $equiv cells (from group of 3) using strategy deduplicate:
      Merging cells $auto$equiv_make.cc:294:find_same_wires$2870 and $auto$equiv_make.cc:294:find_same_wires$1522.
    Fwd merging 2 $equiv cells (from group of 3) using strategy deduplicate:
      Merging cells $auto$equiv_make.cc:294:find_same_wires$2869 and $auto$equiv_make.cc:294:find_same_wires$1521.
    Fwd merging 2 $equiv cells (from group of 3) using strategy deduplicate:
      Merging cells $auto$equiv_make.cc:294:find_same_wires$2868 and $auto$equiv_make.cc:294:find_same_wires$1520.
    Fwd merging 2 $equiv cells (from group of 3) using strategy deduplicate:
      Merging cells $auto$equiv_make.cc:294:find_same_wires$2867 and $auto$equiv_make.cc:294:find_same_wires$1519.
    Fwd merging 2 $equiv cells (from group of 3) using strategy deduplicate:
      Merging cells $auto$equiv_make.cc:294:find_same_wires$2866 and $auto$equiv_make.cc:294:find_same_wires$1518.
    Fwd merging 4 $equiv cells (from group of 4) using strategy deduplicate:
      Merging cells $auto$equiv_make.cc:294:find_same_wires$2865 and $auto$equiv_make.cc:294:find_same_wires$2833.
      Merging cells $auto$equiv_make.cc:294:find_same_wires$1517 and $auto$equiv_make.cc:294:find_same_wires$1378.
    Fwd merging 4 $equiv cells (from group of 4) using strategy deduplicate:
      Merging cells $auto$equiv_make.cc:294:find_same_wires$2864 and $auto$equiv_make.cc:294:find_same_wires$2832.
      Merging cells $auto$equiv_make.cc:294:find_same_wires$1516 and $auto$equiv_make.cc:294:find_same_wires$1377.
    Fwd merging 4 $equiv cells (from group of 4) using strategy deduplicate:
      Merging cells $auto$equiv_make.cc:294:find_same_wires$2863 and $auto$equiv_make.cc:294:find_same_wires$2831.
      Merging cells $auto$equiv_make.cc:294:find_same_wires$1515 and $auto$equiv_make.cc:294:find_same_wires$1376.
    Fwd merging 4 $equiv cells (from group of 4) using strategy deduplicate:
      Merging cells $auto$equiv_make.cc:294:find_same_wires$2862 and $auto$equiv_make.cc:294:find_same_wires$2830.
      Merging cells $auto$equiv_make.cc:294:find_same_wires$1514 and $auto$equiv_make.cc:294:find_same_wires$1375.
    Fwd merging 4 $equiv cells (from group of 4) using strategy deduplicate:
      Merging cells $auto$equiv_make.cc:294:find_same_wires$2861 and $auto$equiv_make.cc:294:find_same_wires$2829.
      Merging cells $auto$equiv_make.cc:294:find_same_wires$1513 and $auto$equiv_make.cc:294:find_same_wires$1374.
    Fwd merging 4 $equiv cells (from group of 4) using strategy deduplicate:
      Merging cells $auto$equiv_make.cc:294:find_same_wires$2860 and $auto$equiv_make.cc:294:find_same_wires$2828.
      Merging cells $auto$equiv_make.cc:294:find_same_wires$1512 and $auto$equiv_make.cc:294:find_same_wires$1373.
    Fwd merging 4 $equiv cells (from group of 4) using strategy deduplicate:
      Merging cells $auto$equiv_make.cc:294:find_same_wires$2859 and $auto$equiv_make.cc:294:find_same_wires$2827.
      Merging cells $auto$equiv_make.cc:294:find_same_wires$1511 and $auto$equiv_make.cc:294:find_same_wires$1372.
    Fwd merging 4 $equiv cells (from group of 4) using strategy deduplicate:
      Merging cells $auto$equiv_make.cc:294:find_same_wires$2858 and $auto$equiv_make.cc:294:find_same_wires$2826.
      Merging cells $auto$equiv_make.cc:294:find_same_wires$1510 and $auto$equiv_make.cc:294:find_same_wires$1371.
    Fwd merging 4 $equiv cells (from group of 4) using strategy deduplicate:
      Merging cells $auto$equiv_make.cc:294:find_same_wires$2857 and $auto$equiv_make.cc:294:find_same_wires$2825.
      Merging cells $auto$equiv_make.cc:294:find_same_wires$1509 and $auto$equiv_make.cc:294:find_same_wires$1370.
    Fwd merging 4 $equiv cells (from group of 4) using strategy deduplicate:
      Merging cells $auto$equiv_make.cc:294:find_same_wires$2856 and $auto$equiv_make.cc:294:find_same_wires$2824.
      Merging cells $auto$equiv_make.cc:294:find_same_wires$1508 and $auto$equiv_make.cc:294:find_same_wires$1369.
    Fwd merging 4 $equiv cells (from group of 4) using strategy deduplicate:
      Merging cells $auto$equiv_make.cc:294:find_same_wires$2855 and $auto$equiv_make.cc:294:find_same_wires$2823.
      Merging cells $auto$equiv_make.cc:294:find_same_wires$1507 and $auto$equiv_make.cc:294:find_same_wires$1368.
    Fwd merging 4 $equiv cells (from group of 4) using strategy deduplicate:
      Merging cells $auto$equiv_make.cc:294:find_same_wires$2854 and $auto$equiv_make.cc:294:find_same_wires$2822.
      Merging cells $auto$equiv_make.cc:294:find_same_wires$1506 and $auto$equiv_make.cc:294:find_same_wires$1367.
    Fwd merging 4 $equiv cells (from group of 4) using strategy deduplicate:
      Merging cells $auto$equiv_make.cc:294:find_same_wires$2853 and $auto$equiv_make.cc:294:find_same_wires$2821.
      Merging cells $auto$equiv_make.cc:294:find_same_wires$1505 and $auto$equiv_make.cc:294:find_same_wires$1366.
    Fwd merging 4 $equiv cells (from group of 4) using strategy deduplicate:
      Merging cells $auto$equiv_make.cc:294:find_same_wires$2852 and $auto$equiv_make.cc:294:find_same_wires$2820.
      Merging cells $auto$equiv_make.cc:294:find_same_wires$1504 and $auto$equiv_make.cc:294:find_same_wires$1365.
    Fwd merging 4 $equiv cells (from group of 4) using strategy deduplicate:
      Merging cells $auto$equiv_make.cc:294:find_same_wires$2851 and $auto$equiv_make.cc:294:find_same_wires$2819.
      Merging cells $auto$equiv_make.cc:294:find_same_wires$1503 and $auto$equiv_make.cc:294:find_same_wires$1364.
    Fwd merging 4 $equiv cells (from group of 4) using strategy deduplicate:
      Merging cells $auto$equiv_make.cc:294:find_same_wires$2850 and $auto$equiv_make.cc:294:find_same_wires$2818.
      Merging cells $auto$equiv_make.cc:294:find_same_wires$1502 and $auto$equiv_make.cc:294:find_same_wires$1363.
    Fwd merging 4 $equiv cells (from group of 4) using strategy deduplicate:
      Merging cells $auto$equiv_make.cc:294:find_same_wires$2915 and $auto$equiv_make.cc:294:find_same_wires$2849.
      Merging cells $auto$equiv_make.cc:294:find_same_wires$1501 and $auto$equiv_make.cc:294:find_same_wires$1362.
    Fwd merging 4 $equiv cells (from group of 4) using strategy deduplicate:
      Merging cells $auto$equiv_make.cc:294:find_same_wires$2914 and $auto$equiv_make.cc:294:find_same_wires$2848.
      Merging cells $auto$equiv_make.cc:294:find_same_wires$1500 and $auto$equiv_make.cc:294:find_same_wires$1361.
    Fwd merging 4 $equiv cells (from group of 4) using strategy deduplicate:
      Merging cells $auto$equiv_make.cc:294:find_same_wires$2913 and $auto$equiv_make.cc:294:find_same_wires$2847.
      Merging cells $auto$equiv_make.cc:294:find_same_wires$1499 and $auto$equiv_make.cc:294:find_same_wires$1360.
    Fwd merging 4 $equiv cells (from group of 4) using strategy deduplicate:
      Merging cells $auto$equiv_make.cc:294:find_same_wires$2912 and $auto$equiv_make.cc:294:find_same_wires$2846.
      Merging cells $auto$equiv_make.cc:294:find_same_wires$1498 and $auto$equiv_make.cc:294:find_same_wires$1359.
    Fwd merging 4 $equiv cells (from group of 4) using strategy deduplicate:
      Merging cells $auto$equiv_make.cc:294:find_same_wires$2911 and $auto$equiv_make.cc:294:find_same_wires$2845.
      Merging cells $auto$equiv_make.cc:294:find_same_wires$1497 and $auto$equiv_make.cc:294:find_same_wires$1358.
    Fwd merging 4 $equiv cells (from group of 4) using strategy deduplicate:
      Merging cells $auto$equiv_make.cc:294:find_same_wires$2910 and $auto$equiv_make.cc:294:find_same_wires$2844.
      Merging cells $auto$equiv_make.cc:294:find_same_wires$1496 and $auto$equiv_make.cc:294:find_same_wires$1357.
    Fwd merging 4 $equiv cells (from group of 4) using strategy deduplicate:
      Merging cells $auto$equiv_make.cc:294:find_same_wires$2909 and $auto$equiv_make.cc:294:find_same_wires$2843.
      Merging cells $auto$equiv_make.cc:294:find_same_wires$1495 and $auto$equiv_make.cc:294:find_same_wires$1356.
    Fwd merging 4 $equiv cells (from group of 4) using strategy deduplicate:
      Merging cells $auto$equiv_make.cc:294:find_same_wires$2908 and $auto$equiv_make.cc:294:find_same_wires$2842.
      Merging cells $auto$equiv_make.cc:294:find_same_wires$1494 and $auto$equiv_make.cc:294:find_same_wires$1355.
    Fwd merging 4 $equiv cells (from group of 4) using strategy deduplicate:
      Merging cells $auto$equiv_make.cc:294:find_same_wires$2907 and $auto$equiv_make.cc:294:find_same_wires$2841.
      Merging cells $auto$equiv_make.cc:294:find_same_wires$1493 and $auto$equiv_make.cc:294:find_same_wires$1354.
    Fwd merging 4 $equiv cells (from group of 4) using strategy deduplicate:
      Merging cells $auto$equiv_make.cc:294:find_same_wires$2906 and $auto$equiv_make.cc:294:find_same_wires$2840.
      Merging cells $auto$equiv_make.cc:294:find_same_wires$1492 and $auto$equiv_make.cc:294:find_same_wires$1353.
    Fwd merging 4 $equiv cells (from group of 4) using strategy deduplicate:
      Merging cells $auto$equiv_make.cc:294:find_same_wires$2905 and $auto$equiv_make.cc:294:find_same_wires$2839.
      Merging cells $auto$equiv_make.cc:294:find_same_wires$1491 and $auto$equiv_make.cc:294:find_same_wires$1352.
    Fwd merging 4 $equiv cells (from group of 4) using strategy deduplicate:
      Merging cells $auto$equiv_make.cc:294:find_same_wires$2904 and $auto$equiv_make.cc:294:find_same_wires$2838.
      Merging cells $auto$equiv_make.cc:294:find_same_wires$1490 and $auto$equiv_make.cc:294:find_same_wires$1351.
    Fwd merging 4 $equiv cells (from group of 4) using strategy deduplicate:
      Merging cells $auto$equiv_make.cc:294:find_same_wires$2903 and $auto$equiv_make.cc:294:find_same_wires$2837.
      Merging cells $auto$equiv_make.cc:294:find_same_wires$1489 and $auto$equiv_make.cc:294:find_same_wires$1350.
    Fwd merging 4 $equiv cells (from group of 4) using strategy deduplicate:
      Merging cells $auto$equiv_make.cc:294:find_same_wires$2902 and $auto$equiv_make.cc:294:find_same_wires$2836.
      Merging cells $auto$equiv_make.cc:294:find_same_wires$1488 and $auto$equiv_make.cc:294:find_same_wires$1349.
    Fwd merging 4 $equiv cells (from group of 4) using strategy deduplicate:
      Merging cells $auto$equiv_make.cc:294:find_same_wires$2901 and $auto$equiv_make.cc:294:find_same_wires$2835.
      Merging cells $auto$equiv_make.cc:294:find_same_wires$1487 and $auto$equiv_make.cc:294:find_same_wires$1348.
    Fwd merging 4 $equiv cells (from group of 4) using strategy deduplicate:
      Merging cells $auto$equiv_make.cc:294:find_same_wires$2900 and $auto$equiv_make.cc:294:find_same_wires$2834.
      Merging cells $auto$equiv_make.cc:294:find_same_wires$1486 and $auto$equiv_make.cc:294:find_same_wires$1347.
    Fwd merging 4 $equiv cells (from group of 4) using strategy deduplicate:
      Merging cells $auto$equiv_make.cc:294:find_same_wires$2917 and $auto$equiv_make.cc:294:find_same_wires$2916.
      Merging cells $auto$equiv_make.cc:294:find_same_wires$1485 and $auto$equiv_make.cc:294:find_same_wires$1412.
    Fwd merging 2 $equiv cells (from group of 3) using strategy deduplicate:
      Merging cells $auto$equiv_make.cc:294:find_same_wires$2815 and $auto$equiv_make.cc:294:find_same_wires$1484.
    Fwd merging 2 $equiv cells (from group of 3) using strategy deduplicate:
      Merging cells $auto$equiv_make.cc:294:find_same_wires$2387 and $auto$equiv_make.cc:294:find_same_wires$1483.
    Fwd merging 2 $equiv cells (from group of 3) using strategy deduplicate:
      Merging cells $auto$equiv_make.cc:294:find_same_wires$2454 and $auto$equiv_make.cc:294:find_same_wires$1482.
    Fwd merging 2 $equiv cells (from group of 3) using strategy deduplicate:
      Merging cells $auto$equiv_make.cc:294:find_same_wires$2453 and $auto$equiv_make.cc:294:find_same_wires$1481.
    Fwd merging 2 $equiv cells (from group of 3) using strategy deduplicate:
      Merging cells $auto$equiv_make.cc:294:find_same_wires$2452 and $auto$equiv_make.cc:294:find_same_wires$1480.
    Fwd merging 2 $equiv cells (from group of 3) using strategy deduplicate:
      Merging cells $auto$equiv_make.cc:294:find_same_wires$2451 and $auto$equiv_make.cc:294:find_same_wires$1479.
    Fwd merging 2 $equiv cells (from group of 3) using strategy deduplicate:
      Merging cells $auto$equiv_make.cc:294:find_same_wires$2450 and $auto$equiv_make.cc:294:find_same_wires$1478.
    Fwd merging 2 $equiv cells (from group of 3) using strategy deduplicate:
      Merging cells $auto$equiv_make.cc:294:find_same_wires$2449 and $auto$equiv_make.cc:294:find_same_wires$1477.
    Fwd merging 2 $equiv cells (from group of 3) using strategy deduplicate:
      Merging cells $auto$equiv_make.cc:294:find_same_wires$2448 and $auto$equiv_make.cc:294:find_same_wires$1476.
    Fwd merging 2 $equiv cells (from group of 3) using strategy deduplicate:
      Merging cells $auto$equiv_make.cc:294:find_same_wires$2447 and $auto$equiv_make.cc:294:find_same_wires$1475.
    Fwd merging 2 $equiv cells (from group of 3) using strategy deduplicate:
      Merging cells $auto$equiv_make.cc:294:find_same_wires$2446 and $auto$equiv_make.cc:294:find_same_wires$1474.
    Fwd merging 2 $equiv cells (from group of 3) using strategy deduplicate:
      Merging cells $auto$equiv_make.cc:294:find_same_wires$2445 and $auto$equiv_make.cc:294:find_same_wires$1473.
    Fwd merging 2 $equiv cells (from group of 3) using strategy deduplicate:
      Merging cells $auto$equiv_make.cc:294:find_same_wires$2444 and $auto$equiv_make.cc:294:find_same_wires$1472.
    Fwd merging 2 $equiv cells (from group of 3) using strategy deduplicate:
      Merging cells $auto$equiv_make.cc:294:find_same_wires$2443 and $auto$equiv_make.cc:294:find_same_wires$1471.
    Fwd merging 2 $equiv cells (from group of 3) using strategy deduplicate:
      Merging cells $auto$equiv_make.cc:294:find_same_wires$2442 and $auto$equiv_make.cc:294:find_same_wires$1470.
    Fwd merging 2 $equiv cells (from group of 3) using strategy deduplicate:
      Merging cells $auto$equiv_make.cc:294:find_same_wires$2441 and $auto$equiv_make.cc:294:find_same_wires$1469.
    Fwd merging 2 $equiv cells (from group of 3) using strategy deduplicate:
      Merging cells $auto$equiv_make.cc:294:find_same_wires$2440 and $auto$equiv_make.cc:294:find_same_wires$1468.
    Fwd merging 2 $equiv cells (from group of 3) using strategy deduplicate:
      Merging cells $auto$equiv_make.cc:294:find_same_wires$2439 and $auto$equiv_make.cc:294:find_same_wires$1467.
    Fwd merging 2 $equiv cells (from group of 3) using strategy deduplicate:
      Merging cells $auto$equiv_make.cc:294:find_same_wires$2438 and $auto$equiv_make.cc:294:find_same_wires$1466.
    Fwd merging 2 $equiv cells (from group of 3) using strategy deduplicate:
      Merging cells $auto$equiv_make.cc:294:find_same_wires$2437 and $auto$equiv_make.cc:294:find_same_wires$1465.
    Fwd merging 2 $equiv cells (from group of 3) using strategy deduplicate:
      Merging cells $auto$equiv_make.cc:294:find_same_wires$2436 and $auto$equiv_make.cc:294:find_same_wires$1464.
    Fwd merging 2 $equiv cells (from group of 3) using strategy deduplicate:
      Merging cells $auto$equiv_make.cc:294:find_same_wires$2435 and $auto$equiv_make.cc:294:find_same_wires$1463.
    Fwd merging 2 $equiv cells (from group of 3) using strategy deduplicate:
      Merging cells $auto$equiv_make.cc:294:find_same_wires$2434 and $auto$equiv_make.cc:294:find_same_wires$1462.
    Fwd merging 2 $equiv cells (from group of 3) using strategy deduplicate:
      Merging cells $auto$equiv_make.cc:294:find_same_wires$2433 and $auto$equiv_make.cc:294:find_same_wires$1461.
    Fwd merging 2 $equiv cells (from group of 3) using strategy deduplicate:
      Merging cells $auto$equiv_make.cc:294:find_same_wires$2432 and $auto$equiv_make.cc:294:find_same_wires$1460.
    Fwd merging 2 $equiv cells (from group of 3) using strategy deduplicate:
      Merging cells $auto$equiv_make.cc:294:find_same_wires$2431 and $auto$equiv_make.cc:294:find_same_wires$1459.
    Fwd merging 2 $equiv cells (from group of 3) using strategy deduplicate:
      Merging cells $auto$equiv_make.cc:294:find_same_wires$2430 and $auto$equiv_make.cc:294:find_same_wires$1458.
    Fwd merging 2 $equiv cells (from group of 3) using strategy deduplicate:
      Merging cells $auto$equiv_make.cc:294:find_same_wires$2429 and $auto$equiv_make.cc:294:find_same_wires$1457.
    Fwd merging 2 $equiv cells (from group of 3) using strategy deduplicate:
      Merging cells $auto$equiv_make.cc:294:find_same_wires$2428 and $auto$equiv_make.cc:294:find_same_wires$1456.
    Fwd merging 2 $equiv cells (from group of 3) using strategy deduplicate:
      Merging cells $auto$equiv_make.cc:294:find_same_wires$2427 and $auto$equiv_make.cc:294:find_same_wires$1455.
    Fwd merging 2 $equiv cells (from group of 3) using strategy deduplicate:
      Merging cells $auto$equiv_make.cc:294:find_same_wires$2426 and $auto$equiv_make.cc:294:find_same_wires$1454.
    Fwd merging 2 $equiv cells (from group of 3) using strategy deduplicate:
      Merging cells $auto$equiv_make.cc:294:find_same_wires$2425 and $auto$equiv_make.cc:294:find_same_wires$1453.
    Fwd merging 2 $equiv cells (from group of 3) using strategy deduplicate:
      Merging cells $auto$equiv_make.cc:294:find_same_wires$2424 and $auto$equiv_make.cc:294:find_same_wires$1452.
    Fwd merging 2 $equiv cells (from group of 3) using strategy deduplicate:
      Merging cells $auto$equiv_make.cc:294:find_same_wires$2423 and $auto$equiv_make.cc:294:find_same_wires$1451.
    Fwd merging 2 $equiv cells (from group of 3) using strategy deduplicate:
      Merging cells $auto$equiv_make.cc:294:find_same_wires$2422 and $auto$equiv_make.cc:294:find_same_wires$1450.
    Fwd merging 2 $equiv cells (from group of 3) using strategy deduplicate:
      Merging cells $auto$equiv_make.cc:294:find_same_wires$2421 and $auto$equiv_make.cc:294:find_same_wires$1449.
    Fwd merging 2 $equiv cells (from group of 3) using strategy deduplicate:
      Merging cells $auto$equiv_make.cc:294:find_same_wires$2420 and $auto$equiv_make.cc:294:find_same_wires$1448.
    Fwd merging 2 $equiv cells (from group of 3) using strategy deduplicate:
      Merging cells $auto$equiv_make.cc:294:find_same_wires$2419 and $auto$equiv_make.cc:294:find_same_wires$1447.
    Fwd merging 2 $equiv cells (from group of 3) using strategy deduplicate:
      Merging cells $auto$equiv_make.cc:294:find_same_wires$2418 and $auto$equiv_make.cc:294:find_same_wires$1446.
    Fwd merging 2 $equiv cells (from group of 3) using strategy deduplicate:
      Merging cells $auto$equiv_make.cc:294:find_same_wires$2417 and $auto$equiv_make.cc:294:find_same_wires$1445.
    Fwd merging 2 $equiv cells (from group of 3) using strategy deduplicate:
      Merging cells $auto$equiv_make.cc:294:find_same_wires$2416 and $auto$equiv_make.cc:294:find_same_wires$1444.
    Fwd merging 2 $equiv cells (from group of 3) using strategy deduplicate:
      Merging cells $auto$equiv_make.cc:294:find_same_wires$2415 and $auto$equiv_make.cc:294:find_same_wires$1443.
    Fwd merging 2 $equiv cells (from group of 3) using strategy deduplicate:
      Merging cells $auto$equiv_make.cc:294:find_same_wires$2414 and $auto$equiv_make.cc:294:find_same_wires$1442.
    Fwd merging 2 $equiv cells (from group of 3) using strategy deduplicate:
      Merging cells $auto$equiv_make.cc:294:find_same_wires$2413 and $auto$equiv_make.cc:294:find_same_wires$1441.
    Fwd merging 2 $equiv cells (from group of 3) using strategy deduplicate:
      Merging cells $auto$equiv_make.cc:294:find_same_wires$2412 and $auto$equiv_make.cc:294:find_same_wires$1440.
    Fwd merging 2 $equiv cells (from group of 3) using strategy deduplicate:
      Merging cells $auto$equiv_make.cc:294:find_same_wires$2411 and $auto$equiv_make.cc:294:find_same_wires$1439.
    Fwd merging 2 $equiv cells (from group of 3) using strategy deduplicate:
      Merging cells $auto$equiv_make.cc:294:find_same_wires$2410 and $auto$equiv_make.cc:294:find_same_wires$1438.
    Fwd merging 2 $equiv cells (from group of 3) using strategy deduplicate:
      Merging cells $auto$equiv_make.cc:294:find_same_wires$2409 and $auto$equiv_make.cc:294:find_same_wires$1437.
    Fwd merging 2 $equiv cells (from group of 3) using strategy deduplicate:
      Merging cells $auto$equiv_make.cc:294:find_same_wires$2408 and $auto$equiv_make.cc:294:find_same_wires$1436.
    Fwd merging 2 $equiv cells (from group of 3) using strategy deduplicate:
      Merging cells $auto$equiv_make.cc:294:find_same_wires$2407 and $auto$equiv_make.cc:294:find_same_wires$1435.
    Fwd merging 2 $equiv cells (from group of 3) using strategy deduplicate:
      Merging cells $auto$equiv_make.cc:294:find_same_wires$2406 and $auto$equiv_make.cc:294:find_same_wires$1434.
    Fwd merging 2 $equiv cells (from group of 3) using strategy deduplicate:
      Merging cells $auto$equiv_make.cc:294:find_same_wires$2405 and $auto$equiv_make.cc:294:find_same_wires$1433.
    Fwd merging 2 $equiv cells (from group of 3) using strategy deduplicate:
      Merging cells $auto$equiv_make.cc:294:find_same_wires$2404 and $auto$equiv_make.cc:294:find_same_wires$1432.
    Fwd merging 2 $equiv cells (from group of 3) using strategy deduplicate:
      Merging cells $auto$equiv_make.cc:294:find_same_wires$2403 and $auto$equiv_make.cc:294:find_same_wires$1431.
    Fwd merging 2 $equiv cells (from group of 3) using strategy deduplicate:
      Merging cells $auto$equiv_make.cc:294:find_same_wires$2402 and $auto$equiv_make.cc:294:find_same_wires$1430.
    Fwd merging 2 $equiv cells (from group of 3) using strategy deduplicate:
      Merging cells $auto$equiv_make.cc:294:find_same_wires$2401 and $auto$equiv_make.cc:294:find_same_wires$1429.
    Fwd merging 2 $equiv cells (from group of 3) using strategy deduplicate:
      Merging cells $auto$equiv_make.cc:294:find_same_wires$2400 and $auto$equiv_make.cc:294:find_same_wires$1428.
    Fwd merging 2 $equiv cells (from group of 3) using strategy deduplicate:
      Merging cells $auto$equiv_make.cc:294:find_same_wires$2399 and $auto$equiv_make.cc:294:find_same_wires$1427.
    Fwd merging 2 $equiv cells (from group of 3) using strategy deduplicate:
      Merging cells $auto$equiv_make.cc:294:find_same_wires$2398 and $auto$equiv_make.cc:294:find_same_wires$1426.
    Fwd merging 2 $equiv cells (from group of 3) using strategy deduplicate:
      Merging cells $auto$equiv_make.cc:294:find_same_wires$2397 and $auto$equiv_make.cc:294:find_same_wires$1425.
    Fwd merging 2 $equiv cells (from group of 3) using strategy deduplicate:
      Merging cells $auto$equiv_make.cc:294:find_same_wires$2396 and $auto$equiv_make.cc:294:find_same_wires$1424.
    Fwd merging 2 $equiv cells (from group of 3) using strategy deduplicate:
      Merging cells $auto$equiv_make.cc:294:find_same_wires$2395 and $auto$equiv_make.cc:294:find_same_wires$1423.
    Fwd merging 2 $equiv cells (from group of 3) using strategy deduplicate:
      Merging cells $auto$equiv_make.cc:294:find_same_wires$2394 and $auto$equiv_make.cc:294:find_same_wires$1422.
    Fwd merging 2 $equiv cells (from group of 3) using strategy deduplicate:
      Merging cells $auto$equiv_make.cc:294:find_same_wires$2393 and $auto$equiv_make.cc:294:find_same_wires$1421.
    Fwd merging 2 $equiv cells (from group of 3) using strategy deduplicate:
      Merging cells $auto$equiv_make.cc:294:find_same_wires$2392 and $auto$equiv_make.cc:294:find_same_wires$1420.
    Fwd merging 2 $equiv cells (from group of 3) using strategy deduplicate:
      Merging cells $auto$equiv_make.cc:294:find_same_wires$2391 and $auto$equiv_make.cc:294:find_same_wires$1419.
    Fwd merging 2 $equiv cells (from group of 3) using strategy deduplicate:
      Merging cells $auto$equiv_make.cc:294:find_same_wires$2390 and $auto$equiv_make.cc:294:find_same_wires$1418.
    Fwd merging 2 $equiv cells (from group of 3) using strategy deduplicate:
      Merging cells $auto$equiv_make.cc:294:find_same_wires$2256 and $auto$equiv_make.cc:294:find_same_wires$1417.
    Fwd merging 2 $equiv cells (from group of 3) using strategy deduplicate:
      Merging cells $auto$equiv_make.cc:294:find_same_wires$2255 and $auto$equiv_make.cc:294:find_same_wires$1416.
    Fwd merging 2 $equiv cells (from group of 3) using strategy deduplicate:
      Merging cells $auto$equiv_make.cc:294:find_same_wires$2254 and $auto$equiv_make.cc:294:find_same_wires$1415.
    Fwd merging 2 $equiv cells (from group of 3) using strategy deduplicate:
      Merging cells $auto$equiv_make.cc:294:find_same_wires$2253 and $auto$equiv_make.cc:294:find_same_wires$1414.
    Fwd merging 2 $equiv cells (from group of 3) using strategy deduplicate:
      Merging cells $auto$equiv_make.cc:294:find_same_wires$2898 and $auto$equiv_make.cc:294:find_same_wires$1411.
    Fwd merging 4 $equiv cells (from group of 4) using strategy deduplicate:
      Merging cells $auto$equiv_make.cc:294:find_same_wires$2389 and $auto$equiv_make.cc:294:find_same_wires$2388.
      Merging cells $auto$equiv_make.cc:294:find_same_wires$1282 and $auto$equiv_make.cc:294:find_same_wires$1048.
    Fwd merging 2 $equiv cells (from group of 3) using strategy deduplicate:
      Merging cells $auto$equiv_make.cc:294:find_same_wires$2816 and $auto$equiv_make.cc:294:find_same_wires$1280.
    Fwd merging 2 $equiv cells (from group of 3) using strategy deduplicate:
      Merging cells $auto$equiv_make.cc:294:find_same_wires$2680 and $auto$equiv_make.cc:294:find_same_wires$1279.
    Fwd merging 2 $equiv cells (from group of 3) using strategy deduplicate:
      Merging cells $auto$equiv_make.cc:294:find_same_wires$2679 and $auto$equiv_make.cc:294:find_same_wires$1278.
    Fwd merging 2 $equiv cells (from group of 3) using strategy deduplicate:
      Merging cells $auto$equiv_make.cc:294:find_same_wires$2678 and $auto$equiv_make.cc:294:find_same_wires$1277.
    Fwd merging 2 $equiv cells (from group of 3) using strategy deduplicate:
      Merging cells $auto$equiv_make.cc:294:find_same_wires$2677 and $auto$equiv_make.cc:294:find_same_wires$1276.
    Fwd merging 2 $equiv cells (from group of 3) using strategy deduplicate:
      Merging cells $auto$equiv_make.cc:294:find_same_wires$2676 and $auto$equiv_make.cc:294:find_same_wires$1275.
    Fwd merging 2 $equiv cells (from group of 3) using strategy deduplicate:
      Merging cells $auto$equiv_make.cc:294:find_same_wires$2675 and $auto$equiv_make.cc:294:find_same_wires$1274.
    Fwd merging 2 $equiv cells (from group of 3) using strategy deduplicate:
      Merging cells $auto$equiv_make.cc:294:find_same_wires$2674 and $auto$equiv_make.cc:294:find_same_wires$1273.
    Fwd merging 2 $equiv cells (from group of 3) using strategy deduplicate:
      Merging cells $auto$equiv_make.cc:294:find_same_wires$2673 and $auto$equiv_make.cc:294:find_same_wires$1272.
    Fwd merging 2 $equiv cells (from group of 3) using strategy deduplicate:
      Merging cells $auto$equiv_make.cc:294:find_same_wires$2672 and $auto$equiv_make.cc:294:find_same_wires$1271.
    Fwd merging 2 $equiv cells (from group of 3) using strategy deduplicate:
      Merging cells $auto$equiv_make.cc:294:find_same_wires$2671 and $auto$equiv_make.cc:294:find_same_wires$1270.
    Fwd merging 2 $equiv cells (from group of 3) using strategy deduplicate:
      Merging cells $auto$equiv_make.cc:294:find_same_wires$2670 and $auto$equiv_make.cc:294:find_same_wires$1269.
    Fwd merging 2 $equiv cells (from group of 3) using strategy deduplicate:
      Merging cells $auto$equiv_make.cc:294:find_same_wires$2669 and $auto$equiv_make.cc:294:find_same_wires$1268.
    Fwd merging 2 $equiv cells (from group of 3) using strategy deduplicate:
      Merging cells $auto$equiv_make.cc:294:find_same_wires$2668 and $auto$equiv_make.cc:294:find_same_wires$1267.
    Fwd merging 2 $equiv cells (from group of 3) using strategy deduplicate:
      Merging cells $auto$equiv_make.cc:294:find_same_wires$2667 and $auto$equiv_make.cc:294:find_same_wires$1266.
    Fwd merging 2 $equiv cells (from group of 3) using strategy deduplicate:
      Merging cells $auto$equiv_make.cc:294:find_same_wires$2666 and $auto$equiv_make.cc:294:find_same_wires$1265.
    Fwd merging 2 $equiv cells (from group of 3) using strategy deduplicate:
      Merging cells $auto$equiv_make.cc:294:find_same_wires$2665 and $auto$equiv_make.cc:294:find_same_wires$1264.
    Fwd merging 2 $equiv cells (from group of 3) using strategy deduplicate:
      Merging cells $auto$equiv_make.cc:294:find_same_wires$2664 and $auto$equiv_make.cc:294:find_same_wires$1263.
    Fwd merging 2 $equiv cells (from group of 3) using strategy deduplicate:
      Merging cells $auto$equiv_make.cc:294:find_same_wires$2663 and $auto$equiv_make.cc:294:find_same_wires$1262.
    Fwd merging 2 $equiv cells (from group of 3) using strategy deduplicate:
      Merging cells $auto$equiv_make.cc:294:find_same_wires$2662 and $auto$equiv_make.cc:294:find_same_wires$1261.
    Fwd merging 2 $equiv cells (from group of 3) using strategy deduplicate:
      Merging cells $auto$equiv_make.cc:294:find_same_wires$2661 and $auto$equiv_make.cc:294:find_same_wires$1260.
    Fwd merging 2 $equiv cells (from group of 3) using strategy deduplicate:
      Merging cells $auto$equiv_make.cc:294:find_same_wires$2660 and $auto$equiv_make.cc:294:find_same_wires$1259.
    Fwd merging 2 $equiv cells (from group of 3) using strategy deduplicate:
      Merging cells $auto$equiv_make.cc:294:find_same_wires$2659 and $auto$equiv_make.cc:294:find_same_wires$1258.
    Fwd merging 2 $equiv cells (from group of 3) using strategy deduplicate:
      Merging cells $auto$equiv_make.cc:294:find_same_wires$2658 and $auto$equiv_make.cc:294:find_same_wires$1257.
    Fwd merging 2 $equiv cells (from group of 3) using strategy deduplicate:
      Merging cells $auto$equiv_make.cc:294:find_same_wires$2657 and $auto$equiv_make.cc:294:find_same_wires$1256.
    Fwd merging 2 $equiv cells (from group of 3) using strategy deduplicate:
      Merging cells $auto$equiv_make.cc:294:find_same_wires$2656 and $auto$equiv_make.cc:294:find_same_wires$1255.
    Fwd merging 2 $equiv cells (from group of 3) using strategy deduplicate:
      Merging cells $auto$equiv_make.cc:294:find_same_wires$2655 and $auto$equiv_make.cc:294:find_same_wires$1254.
    Fwd merging 2 $equiv cells (from group of 3) using strategy deduplicate:
      Merging cells $auto$equiv_make.cc:294:find_same_wires$2654 and $auto$equiv_make.cc:294:find_same_wires$1253.
    Fwd merging 2 $equiv cells (from group of 3) using strategy deduplicate:
      Merging cells $auto$equiv_make.cc:294:find_same_wires$2653 and $auto$equiv_make.cc:294:find_same_wires$1252.
    Fwd merging 2 $equiv cells (from group of 3) using strategy deduplicate:
      Merging cells $auto$equiv_make.cc:294:find_same_wires$2652 and $auto$equiv_make.cc:294:find_same_wires$1251.
    Fwd merging 2 $equiv cells (from group of 3) using strategy deduplicate:
      Merging cells $auto$equiv_make.cc:294:find_same_wires$2651 and $auto$equiv_make.cc:294:find_same_wires$1250.
    Fwd merging 2 $equiv cells (from group of 3) using strategy deduplicate:
      Merging cells $auto$equiv_make.cc:294:find_same_wires$2650 and $auto$equiv_make.cc:294:find_same_wires$1249.
    Fwd merging 2 $equiv cells (from group of 3) using strategy deduplicate:
      Merging cells $auto$equiv_make.cc:294:find_same_wires$2649 and $auto$equiv_make.cc:294:find_same_wires$1248.
    Fwd merging 2 $equiv cells (from group of 3) using strategy deduplicate:
      Merging cells $auto$equiv_make.cc:294:find_same_wires$2648 and $auto$equiv_make.cc:294:find_same_wires$1247.
    Fwd merging 2 $equiv cells (from group of 3) using strategy deduplicate:
      Merging cells $auto$equiv_make.cc:294:find_same_wires$2647 and $auto$equiv_make.cc:294:find_same_wires$1246.
    Fwd merging 2 $equiv cells (from group of 3) using strategy deduplicate:
      Merging cells $auto$equiv_make.cc:294:find_same_wires$2646 and $auto$equiv_make.cc:294:find_same_wires$1245.
    Fwd merging 2 $equiv cells (from group of 3) using strategy deduplicate:
      Merging cells $auto$equiv_make.cc:294:find_same_wires$2645 and $auto$equiv_make.cc:294:find_same_wires$1244.
    Fwd merging 2 $equiv cells (from group of 3) using strategy deduplicate:
      Merging cells $auto$equiv_make.cc:294:find_same_wires$2644 and $auto$equiv_make.cc:294:find_same_wires$1243.
    Fwd merging 2 $equiv cells (from group of 3) using strategy deduplicate:
      Merging cells $auto$equiv_make.cc:294:find_same_wires$2643 and $auto$equiv_make.cc:294:find_same_wires$1242.
    Fwd merging 2 $equiv cells (from group of 3) using strategy deduplicate:
      Merging cells $auto$equiv_make.cc:294:find_same_wires$2642 and $auto$equiv_make.cc:294:find_same_wires$1241.
    Fwd merging 2 $equiv cells (from group of 3) using strategy deduplicate:
      Merging cells $auto$equiv_make.cc:294:find_same_wires$2641 and $auto$equiv_make.cc:294:find_same_wires$1240.
    Fwd merging 2 $equiv cells (from group of 3) using strategy deduplicate:
      Merging cells $auto$equiv_make.cc:294:find_same_wires$2640 and $auto$equiv_make.cc:294:find_same_wires$1239.
    Fwd merging 2 $equiv cells (from group of 3) using strategy deduplicate:
      Merging cells $auto$equiv_make.cc:294:find_same_wires$2639 and $auto$equiv_make.cc:294:find_same_wires$1238.
    Fwd merging 2 $equiv cells (from group of 3) using strategy deduplicate:
      Merging cells $auto$equiv_make.cc:294:find_same_wires$2638 and $auto$equiv_make.cc:294:find_same_wires$1237.
    Fwd merging 2 $equiv cells (from group of 3) using strategy deduplicate:
      Merging cells $auto$equiv_make.cc:294:find_same_wires$2637 and $auto$equiv_make.cc:294:find_same_wires$1236.
    Fwd merging 2 $equiv cells (from group of 3) using strategy deduplicate:
      Merging cells $auto$equiv_make.cc:294:find_same_wires$2636 and $auto$equiv_make.cc:294:find_same_wires$1235.
    Fwd merging 2 $equiv cells (from group of 3) using strategy deduplicate:
      Merging cells $auto$equiv_make.cc:294:find_same_wires$2635 and $auto$equiv_make.cc:294:find_same_wires$1234.
    Fwd merging 2 $equiv cells (from group of 3) using strategy deduplicate:
      Merging cells $auto$equiv_make.cc:294:find_same_wires$2634 and $auto$equiv_make.cc:294:find_same_wires$1233.
    Fwd merging 2 $equiv cells (from group of 3) using strategy deduplicate:
      Merging cells $auto$equiv_make.cc:294:find_same_wires$2633 and $auto$equiv_make.cc:294:find_same_wires$1232.
    Fwd merging 2 $equiv cells (from group of 3) using strategy deduplicate:
      Merging cells $auto$equiv_make.cc:294:find_same_wires$2632 and $auto$equiv_make.cc:294:find_same_wires$1231.
    Fwd merging 2 $equiv cells (from group of 3) using strategy deduplicate:
      Merging cells $auto$equiv_make.cc:294:find_same_wires$2631 and $auto$equiv_make.cc:294:find_same_wires$1230.
    Fwd merging 2 $equiv cells (from group of 3) using strategy deduplicate:
      Merging cells $auto$equiv_make.cc:294:find_same_wires$2630 and $auto$equiv_make.cc:294:find_same_wires$1229.
    Fwd merging 2 $equiv cells (from group of 3) using strategy deduplicate:
      Merging cells $auto$equiv_make.cc:294:find_same_wires$2629 and $auto$equiv_make.cc:294:find_same_wires$1228.
    Fwd merging 2 $equiv cells (from group of 3) using strategy deduplicate:
      Merging cells $auto$equiv_make.cc:294:find_same_wires$2628 and $auto$equiv_make.cc:294:find_same_wires$1227.
    Fwd merging 2 $equiv cells (from group of 3) using strategy deduplicate:
      Merging cells $auto$equiv_make.cc:294:find_same_wires$2627 and $auto$equiv_make.cc:294:find_same_wires$1226.
    Fwd merging 2 $equiv cells (from group of 3) using strategy deduplicate:
      Merging cells $auto$equiv_make.cc:294:find_same_wires$2626 and $auto$equiv_make.cc:294:find_same_wires$1225.
    Fwd merging 2 $equiv cells (from group of 3) using strategy deduplicate:
      Merging cells $auto$equiv_make.cc:294:find_same_wires$2625 and $auto$equiv_make.cc:294:find_same_wires$1224.
    Fwd merging 2 $equiv cells (from group of 3) using strategy deduplicate:
      Merging cells $auto$equiv_make.cc:294:find_same_wires$2624 and $auto$equiv_make.cc:294:find_same_wires$1223.
    Fwd merging 2 $equiv cells (from group of 3) using strategy deduplicate:
      Merging cells $auto$equiv_make.cc:294:find_same_wires$2623 and $auto$equiv_make.cc:294:find_same_wires$1222.
    Fwd merging 2 $equiv cells (from group of 3) using strategy deduplicate:
      Merging cells $auto$equiv_make.cc:294:find_same_wires$2622 and $auto$equiv_make.cc:294:find_same_wires$1221.
    Fwd merging 2 $equiv cells (from group of 3) using strategy deduplicate:
      Merging cells $auto$equiv_make.cc:294:find_same_wires$2621 and $auto$equiv_make.cc:294:find_same_wires$1220.
    Fwd merging 2 $equiv cells (from group of 3) using strategy deduplicate:
      Merging cells $auto$equiv_make.cc:294:find_same_wires$2620 and $auto$equiv_make.cc:294:find_same_wires$1219.
    Fwd merging 2 $equiv cells (from group of 3) using strategy deduplicate:
      Merging cells $auto$equiv_make.cc:294:find_same_wires$2619 and $auto$equiv_make.cc:294:find_same_wires$1218.
    Fwd merging 2 $equiv cells (from group of 3) using strategy deduplicate:
      Merging cells $auto$equiv_make.cc:294:find_same_wires$2618 and $auto$equiv_make.cc:294:find_same_wires$1217.
    Fwd merging 2 $equiv cells (from group of 3) using strategy deduplicate:
      Merging cells $auto$equiv_make.cc:294:find_same_wires$2617 and $auto$equiv_make.cc:294:find_same_wires$1216.
    Fwd merging 2 $equiv cells (from group of 3) using strategy deduplicate:
      Merging cells $auto$equiv_make.cc:294:find_same_wires$2056 and $auto$equiv_make.cc:294:find_same_wires$1214.
    Fwd merging 2 $equiv cells (from group of 3) using strategy deduplicate:
      Merging cells $auto$equiv_make.cc:294:find_same_wires$2055 and $auto$equiv_make.cc:294:find_same_wires$1213.
    Fwd merging 2 $equiv cells (from group of 3) using strategy deduplicate:
      Merging cells $auto$equiv_make.cc:294:find_same_wires$2054 and $auto$equiv_make.cc:294:find_same_wires$1212.
    Fwd merging 2 $equiv cells (from group of 3) using strategy deduplicate:
      Merging cells $auto$equiv_make.cc:294:find_same_wires$2053 and $auto$equiv_make.cc:294:find_same_wires$1211.
    Fwd merging 2 $equiv cells (from group of 3) using strategy deduplicate:
      Merging cells $auto$equiv_make.cc:294:find_same_wires$2052 and $auto$equiv_make.cc:294:find_same_wires$1210.
    Fwd merging 2 $equiv cells (from group of 3) using strategy deduplicate:
      Merging cells $auto$equiv_make.cc:294:find_same_wires$2051 and $auto$equiv_make.cc:294:find_same_wires$1209.
    Fwd merging 2 $equiv cells (from group of 3) using strategy deduplicate:
      Merging cells $auto$equiv_make.cc:294:find_same_wires$2050 and $auto$equiv_make.cc:294:find_same_wires$1208.
    Fwd merging 2 $equiv cells (from group of 3) using strategy deduplicate:
      Merging cells $auto$equiv_make.cc:294:find_same_wires$2049 and $auto$equiv_make.cc:294:find_same_wires$1207.
    Fwd merging 2 $equiv cells (from group of 3) using strategy deduplicate:
      Merging cells $auto$equiv_make.cc:294:find_same_wires$2048 and $auto$equiv_make.cc:294:find_same_wires$1206.
    Fwd merging 2 $equiv cells (from group of 3) using strategy deduplicate:
      Merging cells $auto$equiv_make.cc:294:find_same_wires$2047 and $auto$equiv_make.cc:294:find_same_wires$1205.
    Fwd merging 2 $equiv cells (from group of 3) using strategy deduplicate:
      Merging cells $auto$equiv_make.cc:294:find_same_wires$2046 and $auto$equiv_make.cc:294:find_same_wires$1204.
    Fwd merging 2 $equiv cells (from group of 3) using strategy deduplicate:
      Merging cells $auto$equiv_make.cc:294:find_same_wires$2045 and $auto$equiv_make.cc:294:find_same_wires$1203.
    Fwd merging 2 $equiv cells (from group of 3) using strategy deduplicate:
      Merging cells $auto$equiv_make.cc:294:find_same_wires$2044 and $auto$equiv_make.cc:294:find_same_wires$1202.
    Fwd merging 2 $equiv cells (from group of 3) using strategy deduplicate:
      Merging cells $auto$equiv_make.cc:294:find_same_wires$2043 and $auto$equiv_make.cc:294:find_same_wires$1201.
    Fwd merging 2 $equiv cells (from group of 3) using strategy deduplicate:
      Merging cells $auto$equiv_make.cc:294:find_same_wires$2042 and $auto$equiv_make.cc:294:find_same_wires$1200.
    Fwd merging 2 $equiv cells (from group of 3) using strategy deduplicate:
      Merging cells $auto$equiv_make.cc:294:find_same_wires$2041 and $auto$equiv_make.cc:294:find_same_wires$1199.
    Fwd merging 2 $equiv cells (from group of 3) using strategy deduplicate:
      Merging cells $auto$equiv_make.cc:294:find_same_wires$2040 and $auto$equiv_make.cc:294:find_same_wires$1198.
    Fwd merging 2 $equiv cells (from group of 3) using strategy deduplicate:
      Merging cells $auto$equiv_make.cc:294:find_same_wires$2039 and $auto$equiv_make.cc:294:find_same_wires$1197.
    Fwd merging 2 $equiv cells (from group of 3) using strategy deduplicate:
      Merging cells $auto$equiv_make.cc:294:find_same_wires$2038 and $auto$equiv_make.cc:294:find_same_wires$1196.
    Fwd merging 2 $equiv cells (from group of 3) using strategy deduplicate:
      Merging cells $auto$equiv_make.cc:294:find_same_wires$2037 and $auto$equiv_make.cc:294:find_same_wires$1195.
    Fwd merging 2 $equiv cells (from group of 3) using strategy deduplicate:
      Merging cells $auto$equiv_make.cc:294:find_same_wires$2036 and $auto$equiv_make.cc:294:find_same_wires$1194.
    Fwd merging 2 $equiv cells (from group of 3) using strategy deduplicate:
      Merging cells $auto$equiv_make.cc:294:find_same_wires$2035 and $auto$equiv_make.cc:294:find_same_wires$1193.
    Fwd merging 2 $equiv cells (from group of 3) using strategy deduplicate:
      Merging cells $auto$equiv_make.cc:294:find_same_wires$2034 and $auto$equiv_make.cc:294:find_same_wires$1192.
    Fwd merging 2 $equiv cells (from group of 3) using strategy deduplicate:
      Merging cells $auto$equiv_make.cc:294:find_same_wires$2033 and $auto$equiv_make.cc:294:find_same_wires$1191.
    Fwd merging 2 $equiv cells (from group of 3) using strategy deduplicate:
      Merging cells $auto$equiv_make.cc:294:find_same_wires$2032 and $auto$equiv_make.cc:294:find_same_wires$1190.
    Fwd merging 2 $equiv cells (from group of 3) using strategy deduplicate:
      Merging cells $auto$equiv_make.cc:294:find_same_wires$2031 and $auto$equiv_make.cc:294:find_same_wires$1189.
    Fwd merging 2 $equiv cells (from group of 3) using strategy deduplicate:
      Merging cells $auto$equiv_make.cc:294:find_same_wires$2030 and $auto$equiv_make.cc:294:find_same_wires$1188.
    Fwd merging 2 $equiv cells (from group of 3) using strategy deduplicate:
      Merging cells $auto$equiv_make.cc:294:find_same_wires$2029 and $auto$equiv_make.cc:294:find_same_wires$1187.
    Fwd merging 2 $equiv cells (from group of 3) using strategy deduplicate:
      Merging cells $auto$equiv_make.cc:294:find_same_wires$2028 and $auto$equiv_make.cc:294:find_same_wires$1186.
    Fwd merging 2 $equiv cells (from group of 3) using strategy deduplicate:
      Merging cells $auto$equiv_make.cc:294:find_same_wires$2027 and $auto$equiv_make.cc:294:find_same_wires$1185.
    Fwd merging 2 $equiv cells (from group of 3) using strategy deduplicate:
      Merging cells $auto$equiv_make.cc:294:find_same_wires$2026 and $auto$equiv_make.cc:294:find_same_wires$1184.
    Fwd merging 2 $equiv cells (from group of 3) using strategy deduplicate:
      Merging cells $auto$equiv_make.cc:294:find_same_wires$2025 and $auto$equiv_make.cc:294:find_same_wires$1183.
    Fwd merging 2 $equiv cells (from group of 3) using strategy deduplicate:
      Merging cells $auto$equiv_make.cc:294:find_same_wires$2024 and $auto$equiv_make.cc:294:find_same_wires$1182.
    Fwd merging 2 $equiv cells (from group of 3) using strategy deduplicate:
      Merging cells $auto$equiv_make.cc:294:find_same_wires$2023 and $auto$equiv_make.cc:294:find_same_wires$1181.
    Fwd merging 2 $equiv cells (from group of 3) using strategy deduplicate:
      Merging cells $auto$equiv_make.cc:294:find_same_wires$2122 and $auto$equiv_make.cc:294:find_same_wires$1180.
    Fwd merging 94 $equiv cells (from group of 94) using strategy deduplicate:
      Merging cells $auto$equiv_make.cc:294:find_same_wires$2985 and $auto$equiv_make.cc:294:find_same_wires$2984.
      Merging cells $auto$equiv_make.cc:294:find_same_wires$2983 and $auto$equiv_make.cc:294:find_same_wires$2982.
      Merging cells $auto$equiv_make.cc:294:find_same_wires$2981 and $auto$equiv_make.cc:294:find_same_wires$2980.
      Merging cells $auto$equiv_make.cc:294:find_same_wires$2979 and $auto$equiv_make.cc:294:find_same_wires$2978.
      Merging cells $auto$equiv_make.cc:294:find_same_wires$2977 and $auto$equiv_make.cc:294:find_same_wires$2976.
      Merging cells $auto$equiv_make.cc:294:find_same_wires$2975 and $auto$equiv_make.cc:294:find_same_wires$2974.
      Merging cells $auto$equiv_make.cc:294:find_same_wires$2973 and $auto$equiv_make.cc:294:find_same_wires$2972.
      Merging cells $auto$equiv_make.cc:294:find_same_wires$2971 and $auto$equiv_make.cc:294:find_same_wires$2970.
      Merging cells $auto$equiv_make.cc:294:find_same_wires$2937 and $auto$equiv_make.cc:294:find_same_wires$2936.
      Merging cells $auto$equiv_make.cc:294:find_same_wires$2935 and $auto$equiv_make.cc:294:find_same_wires$2934.
      Merging cells $auto$equiv_make.cc:294:find_same_wires$2933 and $auto$equiv_make.cc:294:find_same_wires$2932.
      Merging cells $auto$equiv_make.cc:294:find_same_wires$2931 and $auto$equiv_make.cc:294:find_same_wires$2748.
      Merging cells $auto$equiv_make.cc:294:find_same_wires$2747 and $auto$equiv_make.cc:294:find_same_wires$2746.
      Merging cells $auto$equiv_make.cc:294:find_same_wires$2745 and $auto$equiv_make.cc:294:find_same_wires$2744.
      Merging cells $auto$equiv_make.cc:294:find_same_wires$2743 and $auto$equiv_make.cc:294:find_same_wires$2742.
      Merging cells $auto$equiv_make.cc:294:find_same_wires$2741 and $auto$equiv_make.cc:294:find_same_wires$2740.
      Merging cells $auto$equiv_make.cc:294:find_same_wires$2739 and $auto$equiv_make.cc:294:find_same_wires$2738.
      Merging cells $auto$equiv_make.cc:294:find_same_wires$2737 and $auto$equiv_make.cc:294:find_same_wires$2736.
      Merging cells $auto$equiv_make.cc:294:find_same_wires$2735 and $auto$equiv_make.cc:294:find_same_wires$2734.
      Merging cells $auto$equiv_make.cc:294:find_same_wires$2733 and $auto$equiv_make.cc:294:find_same_wires$2732.
      Merging cells $auto$equiv_make.cc:294:find_same_wires$2731 and $auto$equiv_make.cc:294:find_same_wires$2730.
      Merging cells $auto$equiv_make.cc:294:find_same_wires$2729 and $auto$equiv_make.cc:294:find_same_wires$2728.
      Merging cells $auto$equiv_make.cc:294:find_same_wires$2727 and $auto$equiv_make.cc:294:find_same_wires$2726.
      Merging cells $auto$equiv_make.cc:294:find_same_wires$2725 and $auto$equiv_make.cc:294:find_same_wires$2724.
      Merging cells $auto$equiv_make.cc:294:find_same_wires$2723 and $auto$equiv_make.cc:294:find_same_wires$2722.
      Merging cells $auto$equiv_make.cc:294:find_same_wires$2721 and $auto$equiv_make.cc:294:find_same_wires$2720.
      Merging cells $auto$equiv_make.cc:294:find_same_wires$2719 and $auto$equiv_make.cc:294:find_same_wires$2718.
      Merging cells $auto$equiv_make.cc:294:find_same_wires$2717 and $auto$equiv_make.cc:294:find_same_wires$2716.
      Merging cells $auto$equiv_make.cc:294:find_same_wires$2715 and $auto$equiv_make.cc:294:find_same_wires$2714.
      Merging cells $auto$equiv_make.cc:294:find_same_wires$2713 and $auto$equiv_make.cc:294:find_same_wires$2712.
      Merging cells $auto$equiv_make.cc:294:find_same_wires$2711 and $auto$equiv_make.cc:294:find_same_wires$2710.
      Merging cells $auto$equiv_make.cc:294:find_same_wires$2709 and $auto$equiv_make.cc:294:find_same_wires$2708.
      Merging cells $auto$equiv_make.cc:294:find_same_wires$2707 and $auto$equiv_make.cc:294:find_same_wires$2706.
      Merging cells $auto$equiv_make.cc:294:find_same_wires$2705 and $auto$equiv_make.cc:294:find_same_wires$2704.
      Merging cells $auto$equiv_make.cc:294:find_same_wires$2703 and $auto$equiv_make.cc:294:find_same_wires$2702.
      Merging cells $auto$equiv_make.cc:294:find_same_wires$2701 and $auto$equiv_make.cc:294:find_same_wires$2700.
      Merging cells $auto$equiv_make.cc:294:find_same_wires$2699 and $auto$equiv_make.cc:294:find_same_wires$2698.
      Merging cells $auto$equiv_make.cc:294:find_same_wires$2697 and $auto$equiv_make.cc:294:find_same_wires$2696.
      Merging cells $auto$equiv_make.cc:294:find_same_wires$2695 and $auto$equiv_make.cc:294:find_same_wires$2694.
      Merging cells $auto$equiv_make.cc:294:find_same_wires$2693 and $auto$equiv_make.cc:294:find_same_wires$2692.
      Merging cells $auto$equiv_make.cc:294:find_same_wires$2691 and $auto$equiv_make.cc:294:find_same_wires$2690.
      Merging cells $auto$equiv_make.cc:294:find_same_wires$2689 and $auto$equiv_make.cc:294:find_same_wires$2688.
      Merging cells $auto$equiv_make.cc:294:find_same_wires$2687 and $auto$equiv_make.cc:294:find_same_wires$2686.
      Merging cells $auto$equiv_make.cc:294:find_same_wires$2685 and $auto$equiv_make.cc:294:find_same_wires$2258.
      Merging cells $auto$equiv_make.cc:294:find_same_wires$2257 and $auto$equiv_make.cc:294:find_same_wires$2252.
      Merging cells $auto$equiv_make.cc:257:find_same_wires$1413 and $auto$equiv_make.cc:294:find_same_wires$1281.
      Merging cells $auto$equiv_make.cc:294:find_same_wires$1046 and $auto$equiv_make.cc:294:find_same_wires$2990.
  Starting iteration 2.
    Fwd merging 2 $equiv cells (from group of 2) using strategy deduplicate:
      Merging cells $auto$equiv_make.cc:294:find_same_wires$2454 and $auto$equiv_make.cc:294:find_same_wires$1113.
    Fwd merging 2 $equiv cells (from group of 2) using strategy deduplicate:
      Merging cells $auto$equiv_make.cc:294:find_same_wires$2453 and $auto$equiv_make.cc:294:find_same_wires$1112.
    Fwd merging 2 $equiv cells (from group of 2) using strategy deduplicate:
      Merging cells $auto$equiv_make.cc:294:find_same_wires$2452 and $auto$equiv_make.cc:294:find_same_wires$1111.
    Fwd merging 2 $equiv cells (from group of 2) using strategy deduplicate:
      Merging cells $auto$equiv_make.cc:294:find_same_wires$2451 and $auto$equiv_make.cc:294:find_same_wires$1110.
    Fwd merging 2 $equiv cells (from group of 2) using strategy deduplicate:
      Merging cells $auto$equiv_make.cc:294:find_same_wires$2450 and $auto$equiv_make.cc:294:find_same_wires$1109.
    Fwd merging 2 $equiv cells (from group of 2) using strategy deduplicate:
      Merging cells $auto$equiv_make.cc:294:find_same_wires$2449 and $auto$equiv_make.cc:294:find_same_wires$1108.
    Fwd merging 2 $equiv cells (from group of 2) using strategy deduplicate:
      Merging cells $auto$equiv_make.cc:294:find_same_wires$2448 and $auto$equiv_make.cc:294:find_same_wires$1107.
    Fwd merging 2 $equiv cells (from group of 2) using strategy deduplicate:
      Merging cells $auto$equiv_make.cc:294:find_same_wires$2447 and $auto$equiv_make.cc:294:find_same_wires$1106.
    Fwd merging 2 $equiv cells (from group of 2) using strategy deduplicate:
      Merging cells $auto$equiv_make.cc:294:find_same_wires$2446 and $auto$equiv_make.cc:294:find_same_wires$1105.
    Fwd merging 2 $equiv cells (from group of 2) using strategy deduplicate:
      Merging cells $auto$equiv_make.cc:294:find_same_wires$2445 and $auto$equiv_make.cc:294:find_same_wires$1104.
    Fwd merging 2 $equiv cells (from group of 2) using strategy deduplicate:
      Merging cells $auto$equiv_make.cc:294:find_same_wires$2444 and $auto$equiv_make.cc:294:find_same_wires$1103.
    Fwd merging 2 $equiv cells (from group of 2) using strategy deduplicate:
      Merging cells $auto$equiv_make.cc:294:find_same_wires$2443 and $auto$equiv_make.cc:294:find_same_wires$1102.
    Fwd merging 2 $equiv cells (from group of 2) using strategy deduplicate:
      Merging cells $auto$equiv_make.cc:294:find_same_wires$2442 and $auto$equiv_make.cc:294:find_same_wires$1101.
    Fwd merging 2 $equiv cells (from group of 2) using strategy deduplicate:
      Merging cells $auto$equiv_make.cc:294:find_same_wires$2441 and $auto$equiv_make.cc:294:find_same_wires$1100.
    Fwd merging 2 $equiv cells (from group of 2) using strategy deduplicate:
      Merging cells $auto$equiv_make.cc:294:find_same_wires$2440 and $auto$equiv_make.cc:294:find_same_wires$1099.
    Fwd merging 2 $equiv cells (from group of 2) using strategy deduplicate:
      Merging cells $auto$equiv_make.cc:294:find_same_wires$2439 and $auto$equiv_make.cc:294:find_same_wires$1098.
    Fwd merging 2 $equiv cells (from group of 2) using strategy deduplicate:
      Merging cells $auto$equiv_make.cc:294:find_same_wires$2438 and $auto$equiv_make.cc:294:find_same_wires$1097.
    Fwd merging 2 $equiv cells (from group of 2) using strategy deduplicate:
      Merging cells $auto$equiv_make.cc:294:find_same_wires$2437 and $auto$equiv_make.cc:294:find_same_wires$1096.
    Fwd merging 2 $equiv cells (from group of 2) using strategy deduplicate:
      Merging cells $auto$equiv_make.cc:294:find_same_wires$2436 and $auto$equiv_make.cc:294:find_same_wires$1095.
    Fwd merging 2 $equiv cells (from group of 2) using strategy deduplicate:
      Merging cells $auto$equiv_make.cc:294:find_same_wires$2435 and $auto$equiv_make.cc:294:find_same_wires$1094.
    Fwd merging 2 $equiv cells (from group of 2) using strategy deduplicate:
      Merging cells $auto$equiv_make.cc:294:find_same_wires$2434 and $auto$equiv_make.cc:294:find_same_wires$1093.
    Fwd merging 2 $equiv cells (from group of 2) using strategy deduplicate:
      Merging cells $auto$equiv_make.cc:294:find_same_wires$2433 and $auto$equiv_make.cc:294:find_same_wires$1092.
    Fwd merging 2 $equiv cells (from group of 2) using strategy deduplicate:
      Merging cells $auto$equiv_make.cc:294:find_same_wires$2432 and $auto$equiv_make.cc:294:find_same_wires$1091.
    Fwd merging 2 $equiv cells (from group of 2) using strategy deduplicate:
      Merging cells $auto$equiv_make.cc:294:find_same_wires$2431 and $auto$equiv_make.cc:294:find_same_wires$1090.
    Fwd merging 2 $equiv cells (from group of 2) using strategy deduplicate:
      Merging cells $auto$equiv_make.cc:294:find_same_wires$2430 and $auto$equiv_make.cc:294:find_same_wires$1089.
    Fwd merging 2 $equiv cells (from group of 2) using strategy deduplicate:
      Merging cells $auto$equiv_make.cc:294:find_same_wires$2429 and $auto$equiv_make.cc:294:find_same_wires$1088.
    Fwd merging 2 $equiv cells (from group of 2) using strategy deduplicate:
      Merging cells $auto$equiv_make.cc:294:find_same_wires$2428 and $auto$equiv_make.cc:294:find_same_wires$1087.
    Fwd merging 2 $equiv cells (from group of 2) using strategy deduplicate:
      Merging cells $auto$equiv_make.cc:294:find_same_wires$2427 and $auto$equiv_make.cc:294:find_same_wires$1086.
    Fwd merging 2 $equiv cells (from group of 2) using strategy deduplicate:
      Merging cells $auto$equiv_make.cc:294:find_same_wires$2426 and $auto$equiv_make.cc:294:find_same_wires$1085.
    Fwd merging 2 $equiv cells (from group of 2) using strategy deduplicate:
      Merging cells $auto$equiv_make.cc:294:find_same_wires$2425 and $auto$equiv_make.cc:294:find_same_wires$1084.
    Fwd merging 2 $equiv cells (from group of 2) using strategy deduplicate:
      Merging cells $auto$equiv_make.cc:294:find_same_wires$2424 and $auto$equiv_make.cc:294:find_same_wires$1083.
    Fwd merging 2 $equiv cells (from group of 2) using strategy deduplicate:
      Merging cells $auto$equiv_make.cc:294:find_same_wires$2423 and $auto$equiv_make.cc:294:find_same_wires$1082.
    Fwd merging 2 $equiv cells (from group of 2) using strategy deduplicate:
      Merging cells $auto$equiv_make.cc:294:find_same_wires$2422 and $auto$equiv_make.cc:294:find_same_wires$1081.
    Fwd merging 2 $equiv cells (from group of 2) using strategy deduplicate:
      Merging cells $auto$equiv_make.cc:294:find_same_wires$2421 and $auto$equiv_make.cc:294:find_same_wires$1080.
    Fwd merging 2 $equiv cells (from group of 2) using strategy deduplicate:
      Merging cells $auto$equiv_make.cc:294:find_same_wires$2420 and $auto$equiv_make.cc:294:find_same_wires$1079.
    Fwd merging 2 $equiv cells (from group of 2) using strategy deduplicate:
      Merging cells $auto$equiv_make.cc:294:find_same_wires$2419 and $auto$equiv_make.cc:294:find_same_wires$1078.
    Fwd merging 2 $equiv cells (from group of 2) using strategy deduplicate:
      Merging cells $auto$equiv_make.cc:294:find_same_wires$2418 and $auto$equiv_make.cc:294:find_same_wires$1077.
    Fwd merging 2 $equiv cells (from group of 2) using strategy deduplicate:
      Merging cells $auto$equiv_make.cc:294:find_same_wires$2417 and $auto$equiv_make.cc:294:find_same_wires$1076.
    Fwd merging 2 $equiv cells (from group of 2) using strategy deduplicate:
      Merging cells $auto$equiv_make.cc:294:find_same_wires$2416 and $auto$equiv_make.cc:294:find_same_wires$1075.
    Fwd merging 2 $equiv cells (from group of 2) using strategy deduplicate:
      Merging cells $auto$equiv_make.cc:294:find_same_wires$2415 and $auto$equiv_make.cc:294:find_same_wires$1074.
    Fwd merging 2 $equiv cells (from group of 2) using strategy deduplicate:
      Merging cells $auto$equiv_make.cc:294:find_same_wires$2414 and $auto$equiv_make.cc:294:find_same_wires$1073.
    Fwd merging 2 $equiv cells (from group of 2) using strategy deduplicate:
      Merging cells $auto$equiv_make.cc:294:find_same_wires$2413 and $auto$equiv_make.cc:294:find_same_wires$1072.
    Fwd merging 2 $equiv cells (from group of 2) using strategy deduplicate:
      Merging cells $auto$equiv_make.cc:294:find_same_wires$2412 and $auto$equiv_make.cc:294:find_same_wires$1071.
    Fwd merging 2 $equiv cells (from group of 2) using strategy deduplicate:
      Merging cells $auto$equiv_make.cc:294:find_same_wires$2411 and $auto$equiv_make.cc:294:find_same_wires$1070.
    Fwd merging 2 $equiv cells (from group of 2) using strategy deduplicate:
      Merging cells $auto$equiv_make.cc:294:find_same_wires$2410 and $auto$equiv_make.cc:294:find_same_wires$1069.
    Fwd merging 2 $equiv cells (from group of 2) using strategy deduplicate:
      Merging cells $auto$equiv_make.cc:294:find_same_wires$2409 and $auto$equiv_make.cc:294:find_same_wires$1068.
    Fwd merging 2 $equiv cells (from group of 2) using strategy deduplicate:
      Merging cells $auto$equiv_make.cc:294:find_same_wires$2408 and $auto$equiv_make.cc:294:find_same_wires$1067.
    Fwd merging 2 $equiv cells (from group of 2) using strategy deduplicate:
      Merging cells $auto$equiv_make.cc:294:find_same_wires$2407 and $auto$equiv_make.cc:294:find_same_wires$1066.
    Fwd merging 2 $equiv cells (from group of 2) using strategy deduplicate:
      Merging cells $auto$equiv_make.cc:294:find_same_wires$2406 and $auto$equiv_make.cc:294:find_same_wires$1065.
    Fwd merging 2 $equiv cells (from group of 2) using strategy deduplicate:
      Merging cells $auto$equiv_make.cc:294:find_same_wires$2405 and $auto$equiv_make.cc:294:find_same_wires$1064.
    Fwd merging 2 $equiv cells (from group of 2) using strategy deduplicate:
      Merging cells $auto$equiv_make.cc:294:find_same_wires$2404 and $auto$equiv_make.cc:294:find_same_wires$1063.
    Fwd merging 2 $equiv cells (from group of 2) using strategy deduplicate:
      Merging cells $auto$equiv_make.cc:294:find_same_wires$2403 and $auto$equiv_make.cc:294:find_same_wires$1062.
    Fwd merging 2 $equiv cells (from group of 2) using strategy deduplicate:
      Merging cells $auto$equiv_make.cc:294:find_same_wires$2402 and $auto$equiv_make.cc:294:find_same_wires$1061.
    Fwd merging 2 $equiv cells (from group of 2) using strategy deduplicate:
      Merging cells $auto$equiv_make.cc:294:find_same_wires$2401 and $auto$equiv_make.cc:294:find_same_wires$1060.
    Fwd merging 2 $equiv cells (from group of 2) using strategy deduplicate:
      Merging cells $auto$equiv_make.cc:294:find_same_wires$2400 and $auto$equiv_make.cc:294:find_same_wires$1059.
    Fwd merging 2 $equiv cells (from group of 2) using strategy deduplicate:
      Merging cells $auto$equiv_make.cc:294:find_same_wires$2399 and $auto$equiv_make.cc:294:find_same_wires$1058.
    Fwd merging 2 $equiv cells (from group of 2) using strategy deduplicate:
      Merging cells $auto$equiv_make.cc:294:find_same_wires$2398 and $auto$equiv_make.cc:294:find_same_wires$1057.
    Fwd merging 2 $equiv cells (from group of 2) using strategy deduplicate:
      Merging cells $auto$equiv_make.cc:294:find_same_wires$2397 and $auto$equiv_make.cc:294:find_same_wires$1056.
    Fwd merging 2 $equiv cells (from group of 2) using strategy deduplicate:
      Merging cells $auto$equiv_make.cc:294:find_same_wires$2396 and $auto$equiv_make.cc:294:find_same_wires$1055.
    Fwd merging 2 $equiv cells (from group of 2) using strategy deduplicate:
      Merging cells $auto$equiv_make.cc:294:find_same_wires$2395 and $auto$equiv_make.cc:294:find_same_wires$1054.
    Fwd merging 2 $equiv cells (from group of 2) using strategy deduplicate:
      Merging cells $auto$equiv_make.cc:294:find_same_wires$2394 and $auto$equiv_make.cc:294:find_same_wires$1053.
    Fwd merging 2 $equiv cells (from group of 2) using strategy deduplicate:
      Merging cells $auto$equiv_make.cc:294:find_same_wires$2393 and $auto$equiv_make.cc:294:find_same_wires$1052.
    Fwd merging 2 $equiv cells (from group of 2) using strategy deduplicate:
      Merging cells $auto$equiv_make.cc:294:find_same_wires$2392 and $auto$equiv_make.cc:294:find_same_wires$1051.
    Fwd merging 2 $equiv cells (from group of 2) using strategy deduplicate:
      Merging cells $auto$equiv_make.cc:294:find_same_wires$2391 and $auto$equiv_make.cc:294:find_same_wires$1050.
    Fwd merging 2 $equiv cells (from group of 2) using strategy deduplicate:
      Merging cells $auto$equiv_make.cc:294:find_same_wires$2390 and $auto$equiv_make.cc:294:find_same_wires$1049.
    Fwd merging 2 $equiv cells (from group of 2) using strategy deduplicate:
      Merging cells $auto$equiv_make.cc:294:find_same_wires$2389 and $auto$equiv_make.cc:294:find_same_wires$1282.
    Fwd merging 2 $equiv cells (from group of 2) using strategy deduplicate:
      Merging cells $auto$equiv_make.cc:294:find_same_wires$2387 and $auto$equiv_make.cc:294:find_same_wires$1047.
    Fwd merging 2 $equiv cells (from group of 2) using strategy deduplicate:
      Merging cells $auto$equiv_make.cc:294:find_same_wires$2386 and $auto$equiv_make.cc:294:find_same_wires$1346.
    Fwd merging 2 $equiv cells (from group of 2) using strategy deduplicate:
      Merging cells $auto$equiv_make.cc:294:find_same_wires$2385 and $auto$equiv_make.cc:294:find_same_wires$1345.
    Fwd merging 2 $equiv cells (from group of 2) using strategy deduplicate:
      Merging cells $auto$equiv_make.cc:294:find_same_wires$2384 and $auto$equiv_make.cc:294:find_same_wires$1344.
    Fwd merging 2 $equiv cells (from group of 2) using strategy deduplicate:
      Merging cells $auto$equiv_make.cc:294:find_same_wires$2383 and $auto$equiv_make.cc:294:find_same_wires$1343.
    Fwd merging 2 $equiv cells (from group of 2) using strategy deduplicate:
      Merging cells $auto$equiv_make.cc:294:find_same_wires$2382 and $auto$equiv_make.cc:294:find_same_wires$1342.
    Fwd merging 2 $equiv cells (from group of 2) using strategy deduplicate:
      Merging cells $auto$equiv_make.cc:294:find_same_wires$2381 and $auto$equiv_make.cc:294:find_same_wires$1341.
    Fwd merging 2 $equiv cells (from group of 2) using strategy deduplicate:
      Merging cells $auto$equiv_make.cc:294:find_same_wires$2380 and $auto$equiv_make.cc:294:find_same_wires$1340.
    Fwd merging 2 $equiv cells (from group of 2) using strategy deduplicate:
      Merging cells $auto$equiv_make.cc:294:find_same_wires$2379 and $auto$equiv_make.cc:294:find_same_wires$1339.
    Fwd merging 2 $equiv cells (from group of 2) using strategy deduplicate:
      Merging cells $auto$equiv_make.cc:294:find_same_wires$2378 and $auto$equiv_make.cc:294:find_same_wires$1338.
    Fwd merging 2 $equiv cells (from group of 2) using strategy deduplicate:
      Merging cells $auto$equiv_make.cc:294:find_same_wires$2377 and $auto$equiv_make.cc:294:find_same_wires$1337.
    Fwd merging 2 $equiv cells (from group of 2) using strategy deduplicate:
      Merging cells $auto$equiv_make.cc:294:find_same_wires$2376 and $auto$equiv_make.cc:294:find_same_wires$1336.
    Fwd merging 2 $equiv cells (from group of 2) using strategy deduplicate:
      Merging cells $auto$equiv_make.cc:294:find_same_wires$2375 and $auto$equiv_make.cc:294:find_same_wires$1335.
    Fwd merging 2 $equiv cells (from group of 2) using strategy deduplicate:
      Merging cells $auto$equiv_make.cc:294:find_same_wires$2374 and $auto$equiv_make.cc:294:find_same_wires$1334.
    Fwd merging 2 $equiv cells (from group of 2) using strategy deduplicate:
      Merging cells $auto$equiv_make.cc:294:find_same_wires$2373 and $auto$equiv_make.cc:294:find_same_wires$1333.
    Fwd merging 2 $equiv cells (from group of 2) using strategy deduplicate:
      Merging cells $auto$equiv_make.cc:294:find_same_wires$2372 and $auto$equiv_make.cc:294:find_same_wires$1332.
    Fwd merging 2 $equiv cells (from group of 2) using strategy deduplicate:
      Merging cells $auto$equiv_make.cc:294:find_same_wires$2371 and $auto$equiv_make.cc:294:find_same_wires$1331.
    Fwd merging 2 $equiv cells (from group of 2) using strategy deduplicate:
      Merging cells $auto$equiv_make.cc:294:find_same_wires$2370 and $auto$equiv_make.cc:294:find_same_wires$1330.
    Fwd merging 2 $equiv cells (from group of 2) using strategy deduplicate:
      Merging cells $auto$equiv_make.cc:294:find_same_wires$2369 and $auto$equiv_make.cc:294:find_same_wires$1329.
    Fwd merging 2 $equiv cells (from group of 2) using strategy deduplicate:
      Merging cells $auto$equiv_make.cc:294:find_same_wires$2368 and $auto$equiv_make.cc:294:find_same_wires$1328.
    Fwd merging 2 $equiv cells (from group of 2) using strategy deduplicate:
      Merging cells $auto$equiv_make.cc:294:find_same_wires$2367 and $auto$equiv_make.cc:294:find_same_wires$1327.
    Fwd merging 2 $equiv cells (from group of 2) using strategy deduplicate:
      Merging cells $auto$equiv_make.cc:294:find_same_wires$2366 and $auto$equiv_make.cc:294:find_same_wires$1326.
    Fwd merging 2 $equiv cells (from group of 2) using strategy deduplicate:
      Merging cells $auto$equiv_make.cc:294:find_same_wires$2365 and $auto$equiv_make.cc:294:find_same_wires$1325.
    Fwd merging 2 $equiv cells (from group of 2) using strategy deduplicate:
      Merging cells $auto$equiv_make.cc:294:find_same_wires$2364 and $auto$equiv_make.cc:294:find_same_wires$1324.
    Fwd merging 2 $equiv cells (from group of 2) using strategy deduplicate:
      Merging cells $auto$equiv_make.cc:294:find_same_wires$2363 and $auto$equiv_make.cc:294:find_same_wires$1323.
    Fwd merging 2 $equiv cells (from group of 2) using strategy deduplicate:
      Merging cells $auto$equiv_make.cc:294:find_same_wires$2362 and $auto$equiv_make.cc:294:find_same_wires$1322.
    Fwd merging 2 $equiv cells (from group of 2) using strategy deduplicate:
      Merging cells $auto$equiv_make.cc:294:find_same_wires$2361 and $auto$equiv_make.cc:294:find_same_wires$1321.
    Fwd merging 2 $equiv cells (from group of 2) using strategy deduplicate:
      Merging cells $auto$equiv_make.cc:294:find_same_wires$2360 and $auto$equiv_make.cc:294:find_same_wires$1320.
    Fwd merging 2 $equiv cells (from group of 2) using strategy deduplicate:
      Merging cells $auto$equiv_make.cc:294:find_same_wires$2359 and $auto$equiv_make.cc:294:find_same_wires$1319.
    Fwd merging 2 $equiv cells (from group of 2) using strategy deduplicate:
      Merging cells $auto$equiv_make.cc:294:find_same_wires$2358 and $auto$equiv_make.cc:294:find_same_wires$1318.
    Fwd merging 2 $equiv cells (from group of 2) using strategy deduplicate:
      Merging cells $auto$equiv_make.cc:294:find_same_wires$2357 and $auto$equiv_make.cc:294:find_same_wires$1317.
    Fwd merging 2 $equiv cells (from group of 2) using strategy deduplicate:
      Merging cells $auto$equiv_make.cc:294:find_same_wires$2356 and $auto$equiv_make.cc:294:find_same_wires$1316.
    Fwd merging 2 $equiv cells (from group of 2) using strategy deduplicate:
      Merging cells $auto$equiv_make.cc:294:find_same_wires$2355 and $auto$equiv_make.cc:294:find_same_wires$1315.
    Fwd merging 2 $equiv cells (from group of 2) using strategy deduplicate:
      Merging cells $auto$equiv_make.cc:294:find_same_wires$2354 and $auto$equiv_make.cc:294:find_same_wires$1314.
    Fwd merging 2 $equiv cells (from group of 2) using strategy deduplicate:
      Merging cells $auto$equiv_make.cc:294:find_same_wires$2353 and $auto$equiv_make.cc:294:find_same_wires$1313.
    Fwd merging 2 $equiv cells (from group of 2) using strategy deduplicate:
      Merging cells $auto$equiv_make.cc:294:find_same_wires$2352 and $auto$equiv_make.cc:294:find_same_wires$1312.
    Fwd merging 2 $equiv cells (from group of 2) using strategy deduplicate:
      Merging cells $auto$equiv_make.cc:294:find_same_wires$2351 and $auto$equiv_make.cc:294:find_same_wires$1311.
    Fwd merging 2 $equiv cells (from group of 2) using strategy deduplicate:
      Merging cells $auto$equiv_make.cc:294:find_same_wires$2350 and $auto$equiv_make.cc:294:find_same_wires$1310.
    Fwd merging 2 $equiv cells (from group of 2) using strategy deduplicate:
      Merging cells $auto$equiv_make.cc:294:find_same_wires$2349 and $auto$equiv_make.cc:294:find_same_wires$1309.
    Fwd merging 2 $equiv cells (from group of 2) using strategy deduplicate:
      Merging cells $auto$equiv_make.cc:294:find_same_wires$2348 and $auto$equiv_make.cc:294:find_same_wires$1308.
    Fwd merging 2 $equiv cells (from group of 2) using strategy deduplicate:
      Merging cells $auto$equiv_make.cc:294:find_same_wires$2347 and $auto$equiv_make.cc:294:find_same_wires$1307.
    Fwd merging 2 $equiv cells (from group of 2) using strategy deduplicate:
      Merging cells $auto$equiv_make.cc:294:find_same_wires$2346 and $auto$equiv_make.cc:294:find_same_wires$1306.
    Fwd merging 2 $equiv cells (from group of 2) using strategy deduplicate:
      Merging cells $auto$equiv_make.cc:294:find_same_wires$2345 and $auto$equiv_make.cc:294:find_same_wires$1305.
    Fwd merging 2 $equiv cells (from group of 2) using strategy deduplicate:
      Merging cells $auto$equiv_make.cc:294:find_same_wires$2344 and $auto$equiv_make.cc:294:find_same_wires$1304.
    Fwd merging 2 $equiv cells (from group of 2) using strategy deduplicate:
      Merging cells $auto$equiv_make.cc:294:find_same_wires$2343 and $auto$equiv_make.cc:294:find_same_wires$1303.
    Fwd merging 2 $equiv cells (from group of 2) using strategy deduplicate:
      Merging cells $auto$equiv_make.cc:294:find_same_wires$2342 and $auto$equiv_make.cc:294:find_same_wires$1302.
    Fwd merging 2 $equiv cells (from group of 2) using strategy deduplicate:
      Merging cells $auto$equiv_make.cc:294:find_same_wires$2341 and $auto$equiv_make.cc:294:find_same_wires$1301.
    Fwd merging 2 $equiv cells (from group of 2) using strategy deduplicate:
      Merging cells $auto$equiv_make.cc:294:find_same_wires$2340 and $auto$equiv_make.cc:294:find_same_wires$1300.
    Fwd merging 2 $equiv cells (from group of 2) using strategy deduplicate:
      Merging cells $auto$equiv_make.cc:294:find_same_wires$2339 and $auto$equiv_make.cc:294:find_same_wires$1299.
    Fwd merging 2 $equiv cells (from group of 2) using strategy deduplicate:
      Merging cells $auto$equiv_make.cc:294:find_same_wires$2338 and $auto$equiv_make.cc:294:find_same_wires$1298.
    Fwd merging 2 $equiv cells (from group of 2) using strategy deduplicate:
      Merging cells $auto$equiv_make.cc:294:find_same_wires$2337 and $auto$equiv_make.cc:294:find_same_wires$1297.
    Fwd merging 2 $equiv cells (from group of 2) using strategy deduplicate:
      Merging cells $auto$equiv_make.cc:294:find_same_wires$2336 and $auto$equiv_make.cc:294:find_same_wires$1296.
    Fwd merging 2 $equiv cells (from group of 2) using strategy deduplicate:
      Merging cells $auto$equiv_make.cc:294:find_same_wires$2335 and $auto$equiv_make.cc:294:find_same_wires$1295.
    Fwd merging 2 $equiv cells (from group of 2) using strategy deduplicate:
      Merging cells $auto$equiv_make.cc:294:find_same_wires$2334 and $auto$equiv_make.cc:294:find_same_wires$1294.
    Fwd merging 2 $equiv cells (from group of 2) using strategy deduplicate:
      Merging cells $auto$equiv_make.cc:294:find_same_wires$2333 and $auto$equiv_make.cc:294:find_same_wires$1293.
    Fwd merging 2 $equiv cells (from group of 2) using strategy deduplicate:
      Merging cells $auto$equiv_make.cc:294:find_same_wires$2332 and $auto$equiv_make.cc:294:find_same_wires$1292.
    Fwd merging 2 $equiv cells (from group of 2) using strategy deduplicate:
      Merging cells $auto$equiv_make.cc:294:find_same_wires$2331 and $auto$equiv_make.cc:294:find_same_wires$1291.
    Fwd merging 2 $equiv cells (from group of 2) using strategy deduplicate:
      Merging cells $auto$equiv_make.cc:294:find_same_wires$2330 and $auto$equiv_make.cc:294:find_same_wires$1290.
    Fwd merging 2 $equiv cells (from group of 2) using strategy deduplicate:
      Merging cells $auto$equiv_make.cc:294:find_same_wires$2329 and $auto$equiv_make.cc:294:find_same_wires$1289.
    Fwd merging 2 $equiv cells (from group of 2) using strategy deduplicate:
      Merging cells $auto$equiv_make.cc:294:find_same_wires$2328 and $auto$equiv_make.cc:294:find_same_wires$1288.
    Fwd merging 2 $equiv cells (from group of 2) using strategy deduplicate:
      Merging cells $auto$equiv_make.cc:294:find_same_wires$2327 and $auto$equiv_make.cc:294:find_same_wires$1287.
    Fwd merging 2 $equiv cells (from group of 2) using strategy deduplicate:
      Merging cells $auto$equiv_make.cc:294:find_same_wires$2326 and $auto$equiv_make.cc:294:find_same_wires$1286.
    Fwd merging 2 $equiv cells (from group of 2) using strategy deduplicate:
      Merging cells $auto$equiv_make.cc:294:find_same_wires$2325 and $auto$equiv_make.cc:294:find_same_wires$1285.
    Fwd merging 2 $equiv cells (from group of 2) using strategy deduplicate:
      Merging cells $auto$equiv_make.cc:294:find_same_wires$2324 and $auto$equiv_make.cc:294:find_same_wires$1284.
    Fwd merging 2 $equiv cells (from group of 2) using strategy deduplicate:
      Merging cells $auto$equiv_make.cc:294:find_same_wires$2323 and $auto$equiv_make.cc:294:find_same_wires$1283.
    Fwd merging 2 $equiv cells (from group of 2) using strategy deduplicate:
      Merging cells $auto$equiv_make.cc:294:find_same_wires$2646 and $auto$equiv_make.cc:294:find_same_wires$1143.
    Fwd merging 2 $equiv cells (from group of 2) using strategy deduplicate:
      Merging cells $auto$equiv_make.cc:294:find_same_wires$2645 and $auto$equiv_make.cc:294:find_same_wires$1142.
    Fwd merging 2 $equiv cells (from group of 2) using strategy deduplicate:
      Merging cells $auto$equiv_make.cc:294:find_same_wires$2644 and $auto$equiv_make.cc:294:find_same_wires$1141.
    Fwd merging 2 $equiv cells (from group of 2) using strategy deduplicate:
      Merging cells $auto$equiv_make.cc:294:find_same_wires$2643 and $auto$equiv_make.cc:294:find_same_wires$1140.
    Fwd merging 2 $equiv cells (from group of 2) using strategy deduplicate:
      Merging cells $auto$equiv_make.cc:294:find_same_wires$2642 and $auto$equiv_make.cc:294:find_same_wires$1139.
    Fwd merging 2 $equiv cells (from group of 2) using strategy deduplicate:
      Merging cells $auto$equiv_make.cc:294:find_same_wires$2641 and $auto$equiv_make.cc:294:find_same_wires$1138.
    Fwd merging 2 $equiv cells (from group of 2) using strategy deduplicate:
      Merging cells $auto$equiv_make.cc:294:find_same_wires$2640 and $auto$equiv_make.cc:294:find_same_wires$1137.
    Fwd merging 2 $equiv cells (from group of 2) using strategy deduplicate:
      Merging cells $auto$equiv_make.cc:294:find_same_wires$2639 and $auto$equiv_make.cc:294:find_same_wires$1136.
    Fwd merging 2 $equiv cells (from group of 2) using strategy deduplicate:
      Merging cells $auto$equiv_make.cc:294:find_same_wires$2638 and $auto$equiv_make.cc:294:find_same_wires$1135.
    Fwd merging 2 $equiv cells (from group of 2) using strategy deduplicate:
      Merging cells $auto$equiv_make.cc:294:find_same_wires$2637 and $auto$equiv_make.cc:294:find_same_wires$1134.
    Fwd merging 2 $equiv cells (from group of 2) using strategy deduplicate:
      Merging cells $auto$equiv_make.cc:294:find_same_wires$2256 and $auto$equiv_make.cc:294:find_same_wires$1045.
    Fwd merging 2 $equiv cells (from group of 2) using strategy deduplicate:
      Merging cells $auto$equiv_make.cc:294:find_same_wires$2255 and $auto$equiv_make.cc:294:find_same_wires$1044.
    Fwd merging 2 $equiv cells (from group of 2) using strategy deduplicate:
      Merging cells $auto$equiv_make.cc:294:find_same_wires$2254 and $auto$equiv_make.cc:294:find_same_wires$1043.
    Fwd merging 2 $equiv cells (from group of 2) using strategy deduplicate:
      Merging cells $auto$equiv_make.cc:294:find_same_wires$2253 and $auto$equiv_make.cc:294:find_same_wires$1042.
    Fwd merging 2 $equiv cells (from group of 2) using strategy deduplicate:
      Merging cells $auto$equiv_make.cc:294:find_same_wires$2122 and $auto$equiv_make.cc:294:find_same_wires$1041.
    Fwd merging 2 $equiv cells (from group of 2) using strategy deduplicate:
      Merging cells $auto$equiv_make.cc:294:find_same_wires$2056 and $auto$equiv_make.cc:294:find_same_wires$1040.
    Fwd merging 2 $equiv cells (from group of 2) using strategy deduplicate:
      Merging cells $auto$equiv_make.cc:294:find_same_wires$2055 and $auto$equiv_make.cc:294:find_same_wires$1039.
    Fwd merging 2 $equiv cells (from group of 2) using strategy deduplicate:
      Merging cells $auto$equiv_make.cc:294:find_same_wires$2054 and $auto$equiv_make.cc:294:find_same_wires$1038.
    Fwd merging 2 $equiv cells (from group of 2) using strategy deduplicate:
      Merging cells $auto$equiv_make.cc:294:find_same_wires$2053 and $auto$equiv_make.cc:294:find_same_wires$1037.
    Fwd merging 2 $equiv cells (from group of 2) using strategy deduplicate:
      Merging cells $auto$equiv_make.cc:294:find_same_wires$2052 and $auto$equiv_make.cc:294:find_same_wires$1036.
    Fwd merging 2 $equiv cells (from group of 2) using strategy deduplicate:
      Merging cells $auto$equiv_make.cc:294:find_same_wires$2051 and $auto$equiv_make.cc:294:find_same_wires$1035.
    Fwd merging 2 $equiv cells (from group of 2) using strategy deduplicate:
      Merging cells $auto$equiv_make.cc:294:find_same_wires$2050 and $auto$equiv_make.cc:294:find_same_wires$1034.
    Fwd merging 2 $equiv cells (from group of 2) using strategy deduplicate:
      Merging cells $auto$equiv_make.cc:294:find_same_wires$2049 and $auto$equiv_make.cc:294:find_same_wires$1033.
    Fwd merging 2 $equiv cells (from group of 2) using strategy deduplicate:
      Merging cells $auto$equiv_make.cc:294:find_same_wires$2048 and $auto$equiv_make.cc:294:find_same_wires$1032.
    Fwd merging 2 $equiv cells (from group of 2) using strategy deduplicate:
      Merging cells $auto$equiv_make.cc:294:find_same_wires$2047 and $auto$equiv_make.cc:294:find_same_wires$1031.
    Fwd merging 2 $equiv cells (from group of 2) using strategy deduplicate:
      Merging cells $auto$equiv_make.cc:294:find_same_wires$2046 and $auto$equiv_make.cc:294:find_same_wires$1030.
    Fwd merging 2 $equiv cells (from group of 2) using strategy deduplicate:
      Merging cells $auto$equiv_make.cc:294:find_same_wires$2045 and $auto$equiv_make.cc:294:find_same_wires$1029.
    Fwd merging 2 $equiv cells (from group of 2) using strategy deduplicate:
      Merging cells $auto$equiv_make.cc:294:find_same_wires$2044 and $auto$equiv_make.cc:294:find_same_wires$1028.
    Fwd merging 2 $equiv cells (from group of 2) using strategy deduplicate:
      Merging cells $auto$equiv_make.cc:294:find_same_wires$2043 and $auto$equiv_make.cc:294:find_same_wires$1027.
    Fwd merging 2 $equiv cells (from group of 2) using strategy deduplicate:
      Merging cells $auto$equiv_make.cc:294:find_same_wires$2042 and $auto$equiv_make.cc:294:find_same_wires$1026.
    Fwd merging 2 $equiv cells (from group of 2) using strategy deduplicate:
      Merging cells $auto$equiv_make.cc:294:find_same_wires$2041 and $auto$equiv_make.cc:294:find_same_wires$1025.
    Fwd merging 2 $equiv cells (from group of 2) using strategy deduplicate:
      Merging cells $auto$equiv_make.cc:294:find_same_wires$2040 and $auto$equiv_make.cc:294:find_same_wires$1024.
    Fwd merging 2 $equiv cells (from group of 2) using strategy deduplicate:
      Merging cells $auto$equiv_make.cc:294:find_same_wires$2039 and $auto$equiv_make.cc:294:find_same_wires$1023.
    Fwd merging 2 $equiv cells (from group of 2) using strategy deduplicate:
      Merging cells $auto$equiv_make.cc:294:find_same_wires$2038 and $auto$equiv_make.cc:294:find_same_wires$1022.
    Fwd merging 2 $equiv cells (from group of 2) using strategy deduplicate:
      Merging cells $auto$equiv_make.cc:294:find_same_wires$2037 and $auto$equiv_make.cc:294:find_same_wires$1021.
    Fwd merging 2 $equiv cells (from group of 2) using strategy deduplicate:
      Merging cells $auto$equiv_make.cc:294:find_same_wires$2036 and $auto$equiv_make.cc:294:find_same_wires$1020.
    Fwd merging 2 $equiv cells (from group of 2) using strategy deduplicate:
      Merging cells $auto$equiv_make.cc:294:find_same_wires$2035 and $auto$equiv_make.cc:294:find_same_wires$1019.
    Fwd merging 2 $equiv cells (from group of 2) using strategy deduplicate:
      Merging cells $auto$equiv_make.cc:294:find_same_wires$2034 and $auto$equiv_make.cc:294:find_same_wires$1018.
    Fwd merging 2 $equiv cells (from group of 2) using strategy deduplicate:
      Merging cells $auto$equiv_make.cc:294:find_same_wires$2033 and $auto$equiv_make.cc:294:find_same_wires$1017.
    Fwd merging 2 $equiv cells (from group of 2) using strategy deduplicate:
      Merging cells $auto$equiv_make.cc:294:find_same_wires$2032 and $auto$equiv_make.cc:294:find_same_wires$1016.
    Fwd merging 2 $equiv cells (from group of 2) using strategy deduplicate:
      Merging cells $auto$equiv_make.cc:294:find_same_wires$2031 and $auto$equiv_make.cc:294:find_same_wires$1015.
    Fwd merging 2 $equiv cells (from group of 2) using strategy deduplicate:
      Merging cells $auto$equiv_make.cc:294:find_same_wires$2030 and $auto$equiv_make.cc:294:find_same_wires$1014.
    Fwd merging 2 $equiv cells (from group of 2) using strategy deduplicate:
      Merging cells $auto$equiv_make.cc:294:find_same_wires$2029 and $auto$equiv_make.cc:294:find_same_wires$1013.
    Fwd merging 2 $equiv cells (from group of 2) using strategy deduplicate:
      Merging cells $auto$equiv_make.cc:294:find_same_wires$2028 and $auto$equiv_make.cc:294:find_same_wires$1012.
    Fwd merging 2 $equiv cells (from group of 2) using strategy deduplicate:
      Merging cells $auto$equiv_make.cc:294:find_same_wires$2027 and $auto$equiv_make.cc:294:find_same_wires$1011.
    Fwd merging 2 $equiv cells (from group of 2) using strategy deduplicate:
      Merging cells $auto$equiv_make.cc:294:find_same_wires$2026 and $auto$equiv_make.cc:294:find_same_wires$1010.
    Fwd merging 2 $equiv cells (from group of 2) using strategy deduplicate:
      Merging cells $auto$equiv_make.cc:294:find_same_wires$2025 and $auto$equiv_make.cc:294:find_same_wires$1009.
    Fwd merging 2 $equiv cells (from group of 2) using strategy deduplicate:
      Merging cells $auto$equiv_make.cc:294:find_same_wires$2024 and $auto$equiv_make.cc:294:find_same_wires$1008.
    Fwd merging 2 $equiv cells (from group of 2) using strategy deduplicate:
      Merging cells $auto$equiv_make.cc:294:find_same_wires$2023 and $auto$equiv_make.cc:294:find_same_wires$1007.
    Fwd merging 2 $equiv cells (from group of 2) using strategy deduplicate:
      Merging cells $auto$equiv_make.cc:294:find_same_wires$2917 and $auto$equiv_make.cc:294:find_same_wires$1485.
    Fwd merging 2 $equiv cells (from group of 2) using strategy deduplicate:
      Merging cells $auto$equiv_make.cc:294:find_same_wires$2867 and $auto$equiv_make.cc:294:find_same_wires$1380.
    Fwd merging 2 $equiv cells (from group of 2) using strategy deduplicate:
      Merging cells $auto$equiv_make.cc:294:find_same_wires$2915 and $auto$equiv_make.cc:294:find_same_wires$1501.
    Fwd merging 2 $equiv cells (from group of 2) using strategy deduplicate:
      Merging cells $auto$equiv_make.cc:294:find_same_wires$2914 and $auto$equiv_make.cc:294:find_same_wires$1500.
    Fwd merging 2 $equiv cells (from group of 2) using strategy deduplicate:
      Merging cells $auto$equiv_make.cc:294:find_same_wires$2913 and $auto$equiv_make.cc:294:find_same_wires$1499.
    Fwd merging 2 $equiv cells (from group of 2) using strategy deduplicate:
      Merging cells $auto$equiv_make.cc:294:find_same_wires$2912 and $auto$equiv_make.cc:294:find_same_wires$1498.
    Fwd merging 2 $equiv cells (from group of 2) using strategy deduplicate:
      Merging cells $auto$equiv_make.cc:294:find_same_wires$2911 and $auto$equiv_make.cc:294:find_same_wires$1497.
    Fwd merging 2 $equiv cells (from group of 2) using strategy deduplicate:
      Merging cells $auto$equiv_make.cc:294:find_same_wires$2910 and $auto$equiv_make.cc:294:find_same_wires$1496.
    Fwd merging 2 $equiv cells (from group of 2) using strategy deduplicate:
      Merging cells $auto$equiv_make.cc:294:find_same_wires$2909 and $auto$equiv_make.cc:294:find_same_wires$1495.
    Fwd merging 2 $equiv cells (from group of 2) using strategy deduplicate:
      Merging cells $auto$equiv_make.cc:294:find_same_wires$2908 and $auto$equiv_make.cc:294:find_same_wires$1494.
    Fwd merging 2 $equiv cells (from group of 2) using strategy deduplicate:
      Merging cells $auto$equiv_make.cc:294:find_same_wires$2907 and $auto$equiv_make.cc:294:find_same_wires$1493.
    Fwd merging 2 $equiv cells (from group of 2) using strategy deduplicate:
      Merging cells $auto$equiv_make.cc:294:find_same_wires$2906 and $auto$equiv_make.cc:294:find_same_wires$1492.
    Fwd merging 2 $equiv cells (from group of 2) using strategy deduplicate:
      Merging cells $auto$equiv_make.cc:294:find_same_wires$2905 and $auto$equiv_make.cc:294:find_same_wires$1491.
    Fwd merging 2 $equiv cells (from group of 2) using strategy deduplicate:
      Merging cells $auto$equiv_make.cc:294:find_same_wires$2904 and $auto$equiv_make.cc:294:find_same_wires$1490.
    Fwd merging 2 $equiv cells (from group of 2) using strategy deduplicate:
      Merging cells $auto$equiv_make.cc:294:find_same_wires$2903 and $auto$equiv_make.cc:294:find_same_wires$1489.
    Fwd merging 2 $equiv cells (from group of 2) using strategy deduplicate:
      Merging cells $auto$equiv_make.cc:294:find_same_wires$2902 and $auto$equiv_make.cc:294:find_same_wires$1488.
    Fwd merging 2 $equiv cells (from group of 2) using strategy deduplicate:
      Merging cells $auto$equiv_make.cc:294:find_same_wires$2901 and $auto$equiv_make.cc:294:find_same_wires$1487.
    Fwd merging 2 $equiv cells (from group of 2) using strategy deduplicate:
      Merging cells $auto$equiv_make.cc:294:find_same_wires$2900 and $auto$equiv_make.cc:294:find_same_wires$1486.
    Fwd merging 2 $equiv cells (from group of 2) using strategy deduplicate:
      Merging cells $auto$equiv_make.cc:294:find_same_wires$2898 and $auto$equiv_make.cc:294:find_same_wires$1215.
    Fwd merging 2 $equiv cells (from group of 2) using strategy deduplicate:
      Merging cells $auto$equiv_make.cc:294:find_same_wires$2897 and $auto$equiv_make.cc:294:find_same_wires$1410.
    Fwd merging 2 $equiv cells (from group of 2) using strategy deduplicate:
      Merging cells $auto$equiv_make.cc:294:find_same_wires$2896 and $auto$equiv_make.cc:294:find_same_wires$1409.
    Fwd merging 2 $equiv cells (from group of 2) using strategy deduplicate:
      Merging cells $auto$equiv_make.cc:294:find_same_wires$2895 and $auto$equiv_make.cc:294:find_same_wires$1408.
    Fwd merging 2 $equiv cells (from group of 2) using strategy deduplicate:
      Merging cells $auto$equiv_make.cc:294:find_same_wires$2894 and $auto$equiv_make.cc:294:find_same_wires$1407.
    Fwd merging 2 $equiv cells (from group of 2) using strategy deduplicate:
      Merging cells $auto$equiv_make.cc:294:find_same_wires$2893 and $auto$equiv_make.cc:294:find_same_wires$1406.
    Fwd merging 2 $equiv cells (from group of 2) using strategy deduplicate:
      Merging cells $auto$equiv_make.cc:294:find_same_wires$2892 and $auto$equiv_make.cc:294:find_same_wires$1405.
    Fwd merging 2 $equiv cells (from group of 2) using strategy deduplicate:
      Merging cells $auto$equiv_make.cc:294:find_same_wires$2891 and $auto$equiv_make.cc:294:find_same_wires$1404.
    Fwd merging 2 $equiv cells (from group of 2) using strategy deduplicate:
      Merging cells $auto$equiv_make.cc:294:find_same_wires$2890 and $auto$equiv_make.cc:294:find_same_wires$1403.
    Fwd merging 2 $equiv cells (from group of 2) using strategy deduplicate:
      Merging cells $auto$equiv_make.cc:294:find_same_wires$2889 and $auto$equiv_make.cc:294:find_same_wires$1402.
    Fwd merging 2 $equiv cells (from group of 2) using strategy deduplicate:
      Merging cells $auto$equiv_make.cc:294:find_same_wires$2888 and $auto$equiv_make.cc:294:find_same_wires$1401.
    Fwd merging 2 $equiv cells (from group of 2) using strategy deduplicate:
      Merging cells $auto$equiv_make.cc:294:find_same_wires$1517 and $auto$equiv_make.cc:294:find_same_wires$2865.
    Fwd merging 2 $equiv cells (from group of 2) using strategy deduplicate:
      Merging cells $auto$equiv_make.cc:294:find_same_wires$1516 and $auto$equiv_make.cc:294:find_same_wires$2864.
    Fwd merging 2 $equiv cells (from group of 2) using strategy deduplicate:
      Merging cells $auto$equiv_make.cc:294:find_same_wires$1515 and $auto$equiv_make.cc:294:find_same_wires$2863.
    Fwd merging 2 $equiv cells (from group of 2) using strategy deduplicate:
      Merging cells $auto$equiv_make.cc:294:find_same_wires$1514 and $auto$equiv_make.cc:294:find_same_wires$2862.
    Fwd merging 2 $equiv cells (from group of 2) using strategy deduplicate:
      Merging cells $auto$equiv_make.cc:294:find_same_wires$1513 and $auto$equiv_make.cc:294:find_same_wires$2861.
    Fwd merging 2 $equiv cells (from group of 2) using strategy deduplicate:
      Merging cells $auto$equiv_make.cc:294:find_same_wires$1512 and $auto$equiv_make.cc:294:find_same_wires$2860.
    Fwd merging 2 $equiv cells (from group of 2) using strategy deduplicate:
      Merging cells $auto$equiv_make.cc:294:find_same_wires$1511 and $auto$equiv_make.cc:294:find_same_wires$2859.
    Fwd merging 2 $equiv cells (from group of 2) using strategy deduplicate:
      Merging cells $auto$equiv_make.cc:294:find_same_wires$1510 and $auto$equiv_make.cc:294:find_same_wires$2858.
    Fwd merging 2 $equiv cells (from group of 2) using strategy deduplicate:
      Merging cells $auto$equiv_make.cc:294:find_same_wires$1509 and $auto$equiv_make.cc:294:find_same_wires$2857.
    Fwd merging 2 $equiv cells (from group of 2) using strategy deduplicate:
      Merging cells $auto$equiv_make.cc:294:find_same_wires$1508 and $auto$equiv_make.cc:294:find_same_wires$2856.
    Fwd merging 2 $equiv cells (from group of 2) using strategy deduplicate:
      Merging cells $auto$equiv_make.cc:294:find_same_wires$1507 and $auto$equiv_make.cc:294:find_same_wires$2855.
    Fwd merging 2 $equiv cells (from group of 2) using strategy deduplicate:
      Merging cells $auto$equiv_make.cc:294:find_same_wires$1506 and $auto$equiv_make.cc:294:find_same_wires$2854.
    Fwd merging 2 $equiv cells (from group of 2) using strategy deduplicate:
      Merging cells $auto$equiv_make.cc:294:find_same_wires$1505 and $auto$equiv_make.cc:294:find_same_wires$2853.
    Fwd merging 2 $equiv cells (from group of 2) using strategy deduplicate:
      Merging cells $auto$equiv_make.cc:294:find_same_wires$1504 and $auto$equiv_make.cc:294:find_same_wires$2852.
    Fwd merging 2 $equiv cells (from group of 2) using strategy deduplicate:
      Merging cells $auto$equiv_make.cc:294:find_same_wires$1503 and $auto$equiv_make.cc:294:find_same_wires$2851.
    Fwd merging 2 $equiv cells (from group of 2) using strategy deduplicate:
      Merging cells $auto$equiv_make.cc:294:find_same_wires$1502 and $auto$equiv_make.cc:294:find_same_wires$2850.
    Fwd merging 2 $equiv cells (from group of 2) using strategy deduplicate:
      Merging cells $auto$equiv_make.cc:294:find_same_wires$2816 and $auto$equiv_make.cc:294:find_same_wires$1179.
    Fwd merging 2 $equiv cells (from group of 2) using strategy deduplicate:
      Merging cells $auto$equiv_make.cc:294:find_same_wires$2815 and $auto$equiv_make.cc:294:find_same_wires$1178.
    Fwd merging 2 $equiv cells (from group of 2) using strategy deduplicate:
      Merging cells $auto$equiv_make.cc:294:find_same_wires$1400 and $auto$equiv_make.cc:294:find_same_wires$2887.
    Fwd merging 2 $equiv cells (from group of 2) using strategy deduplicate:
      Merging cells $auto$equiv_make.cc:294:find_same_wires$1399 and $auto$equiv_make.cc:294:find_same_wires$2886.
    Fwd merging 2 $equiv cells (from group of 2) using strategy deduplicate:
      Merging cells $auto$equiv_make.cc:294:find_same_wires$1398 and $auto$equiv_make.cc:294:find_same_wires$2885.
    Fwd merging 2 $equiv cells (from group of 2) using strategy deduplicate:
      Merging cells $auto$equiv_make.cc:294:find_same_wires$1397 and $auto$equiv_make.cc:294:find_same_wires$2884.
    Fwd merging 2 $equiv cells (from group of 2) using strategy deduplicate:
      Merging cells $auto$equiv_make.cc:294:find_same_wires$1396 and $auto$equiv_make.cc:294:find_same_wires$2883.
    Fwd merging 2 $equiv cells (from group of 2) using strategy deduplicate:
      Merging cells $auto$equiv_make.cc:294:find_same_wires$1395 and $auto$equiv_make.cc:294:find_same_wires$2882.
    Fwd merging 2 $equiv cells (from group of 2) using strategy deduplicate:
      Merging cells $auto$equiv_make.cc:294:find_same_wires$1394 and $auto$equiv_make.cc:294:find_same_wires$2881.
    Fwd merging 2 $equiv cells (from group of 2) using strategy deduplicate:
      Merging cells $auto$equiv_make.cc:294:find_same_wires$1393 and $auto$equiv_make.cc:294:find_same_wires$2880.
    Fwd merging 2 $equiv cells (from group of 2) using strategy deduplicate:
      Merging cells $auto$equiv_make.cc:294:find_same_wires$1392 and $auto$equiv_make.cc:294:find_same_wires$2879.
    Fwd merging 2 $equiv cells (from group of 2) using strategy deduplicate:
      Merging cells $auto$equiv_make.cc:294:find_same_wires$1391 and $auto$equiv_make.cc:294:find_same_wires$2878.
    Fwd merging 2 $equiv cells (from group of 2) using strategy deduplicate:
      Merging cells $auto$equiv_make.cc:294:find_same_wires$1390 and $auto$equiv_make.cc:294:find_same_wires$2877.
    Fwd merging 2 $equiv cells (from group of 2) using strategy deduplicate:
      Merging cells $auto$equiv_make.cc:294:find_same_wires$1389 and $auto$equiv_make.cc:294:find_same_wires$2876.
    Fwd merging 2 $equiv cells (from group of 2) using strategy deduplicate:
      Merging cells $auto$equiv_make.cc:294:find_same_wires$1388 and $auto$equiv_make.cc:294:find_same_wires$2875.
    Fwd merging 2 $equiv cells (from group of 2) using strategy deduplicate:
      Merging cells $auto$equiv_make.cc:294:find_same_wires$1387 and $auto$equiv_make.cc:294:find_same_wires$2874.
    Fwd merging 2 $equiv cells (from group of 2) using strategy deduplicate:
      Merging cells $auto$equiv_make.cc:294:find_same_wires$1386 and $auto$equiv_make.cc:294:find_same_wires$2873.
    Fwd merging 2 $equiv cells (from group of 2) using strategy deduplicate:
      Merging cells $auto$equiv_make.cc:294:find_same_wires$1385 and $auto$equiv_make.cc:294:find_same_wires$2872.
    Fwd merging 2 $equiv cells (from group of 2) using strategy deduplicate:
      Merging cells $auto$equiv_make.cc:294:find_same_wires$1384 and $auto$equiv_make.cc:294:find_same_wires$2871.
    Fwd merging 2 $equiv cells (from group of 2) using strategy deduplicate:
      Merging cells $auto$equiv_make.cc:294:find_same_wires$1383 and $auto$equiv_make.cc:294:find_same_wires$2870.
    Fwd merging 2 $equiv cells (from group of 2) using strategy deduplicate:
      Merging cells $auto$equiv_make.cc:294:find_same_wires$1382 and $auto$equiv_make.cc:294:find_same_wires$2869.
    Fwd merging 2 $equiv cells (from group of 2) using strategy deduplicate:
      Merging cells $auto$equiv_make.cc:294:find_same_wires$1381 and $auto$equiv_make.cc:294:find_same_wires$2868.
    Fwd merging 2 $equiv cells (from group of 2) using strategy deduplicate:
      Merging cells $auto$equiv_make.cc:294:find_same_wires$1379 and $auto$equiv_make.cc:294:find_same_wires$2866.
    Fwd merging 2 $equiv cells (from group of 2) using strategy deduplicate:
      Merging cells $auto$equiv_make.cc:294:find_same_wires$2635 and $auto$equiv_make.cc:294:find_same_wires$1132.
    Fwd merging 2 $equiv cells (from group of 2) using strategy deduplicate:
      Merging cells $auto$equiv_make.cc:294:find_same_wires$2634 and $auto$equiv_make.cc:294:find_same_wires$1131.
    Fwd merging 2 $equiv cells (from group of 2) using strategy deduplicate:
      Merging cells $auto$equiv_make.cc:294:find_same_wires$2633 and $auto$equiv_make.cc:294:find_same_wires$1130.
    Fwd merging 2 $equiv cells (from group of 2) using strategy deduplicate:
      Merging cells $auto$equiv_make.cc:294:find_same_wires$2632 and $auto$equiv_make.cc:294:find_same_wires$1129.
    Fwd merging 2 $equiv cells (from group of 2) using strategy deduplicate:
      Merging cells $auto$equiv_make.cc:294:find_same_wires$2631 and $auto$equiv_make.cc:294:find_same_wires$1128.
    Fwd merging 2 $equiv cells (from group of 2) using strategy deduplicate:
      Merging cells $auto$equiv_make.cc:294:find_same_wires$2630 and $auto$equiv_make.cc:294:find_same_wires$1127.
    Fwd merging 2 $equiv cells (from group of 2) using strategy deduplicate:
      Merging cells $auto$equiv_make.cc:294:find_same_wires$2629 and $auto$equiv_make.cc:294:find_same_wires$1126.
    Fwd merging 2 $equiv cells (from group of 2) using strategy deduplicate:
      Merging cells $auto$equiv_make.cc:294:find_same_wires$2628 and $auto$equiv_make.cc:294:find_same_wires$1125.
    Fwd merging 2 $equiv cells (from group of 2) using strategy deduplicate:
      Merging cells $auto$equiv_make.cc:294:find_same_wires$2627 and $auto$equiv_make.cc:294:find_same_wires$1124.
    Fwd merging 2 $equiv cells (from group of 2) using strategy deduplicate:
      Merging cells $auto$equiv_make.cc:294:find_same_wires$2626 and $auto$equiv_make.cc:294:find_same_wires$1123.
    Fwd merging 2 $equiv cells (from group of 2) using strategy deduplicate:
      Merging cells $auto$equiv_make.cc:294:find_same_wires$2625 and $auto$equiv_make.cc:294:find_same_wires$1122.
    Fwd merging 2 $equiv cells (from group of 2) using strategy deduplicate:
      Merging cells $auto$equiv_make.cc:294:find_same_wires$2624 and $auto$equiv_make.cc:294:find_same_wires$1121.
    Fwd merging 2 $equiv cells (from group of 2) using strategy deduplicate:
      Merging cells $auto$equiv_make.cc:294:find_same_wires$2623 and $auto$equiv_make.cc:294:find_same_wires$1120.
    Fwd merging 2 $equiv cells (from group of 2) using strategy deduplicate:
      Merging cells $auto$equiv_make.cc:294:find_same_wires$2622 and $auto$equiv_make.cc:294:find_same_wires$1119.
    Fwd merging 2 $equiv cells (from group of 2) using strategy deduplicate:
      Merging cells $auto$equiv_make.cc:294:find_same_wires$2621 and $auto$equiv_make.cc:294:find_same_wires$1118.
    Fwd merging 2 $equiv cells (from group of 2) using strategy deduplicate:
      Merging cells $auto$equiv_make.cc:294:find_same_wires$2620 and $auto$equiv_make.cc:294:find_same_wires$1117.
    Fwd merging 2 $equiv cells (from group of 2) using strategy deduplicate:
      Merging cells $auto$equiv_make.cc:294:find_same_wires$2619 and $auto$equiv_make.cc:294:find_same_wires$1116.
    Fwd merging 2 $equiv cells (from group of 2) using strategy deduplicate:
      Merging cells $auto$equiv_make.cc:294:find_same_wires$2618 and $auto$equiv_make.cc:294:find_same_wires$1115.
    Fwd merging 2 $equiv cells (from group of 2) using strategy deduplicate:
      Merging cells $auto$equiv_make.cc:294:find_same_wires$2617 and $auto$equiv_make.cc:294:find_same_wires$1114.
    Fwd merging 46 $equiv cells (from group of 47) using strategy deduplicate:
      Merging cells $auto$equiv_make.cc:294:find_same_wires$2983 and $auto$equiv_make.cc:294:find_same_wires$2981.
      Merging cells $auto$equiv_make.cc:294:find_same_wires$2979 and $auto$equiv_make.cc:294:find_same_wires$2977.
      Merging cells $auto$equiv_make.cc:294:find_same_wires$2975 and $auto$equiv_make.cc:294:find_same_wires$2973.
      Merging cells $auto$equiv_make.cc:294:find_same_wires$2971 and $auto$equiv_make.cc:294:find_same_wires$2937.
      Merging cells $auto$equiv_make.cc:294:find_same_wires$2935 and $auto$equiv_make.cc:294:find_same_wires$2933.
      Merging cells $auto$equiv_make.cc:294:find_same_wires$2931 and $auto$equiv_make.cc:294:find_same_wires$2985.
      Merging cells $auto$equiv_make.cc:294:find_same_wires$2257 and $auto$equiv_make.cc:257:find_same_wires$1413.
      Merging cells $auto$equiv_make.cc:294:find_same_wires$2747 and $auto$equiv_make.cc:294:find_same_wires$2745.
      Merging cells $auto$equiv_make.cc:294:find_same_wires$2743 and $auto$equiv_make.cc:294:find_same_wires$2741.
      Merging cells $auto$equiv_make.cc:294:find_same_wires$2739 and $auto$equiv_make.cc:294:find_same_wires$2737.
      Merging cells $auto$equiv_make.cc:294:find_same_wires$2735 and $auto$equiv_make.cc:294:find_same_wires$2733.
      Merging cells $auto$equiv_make.cc:294:find_same_wires$2731 and $auto$equiv_make.cc:294:find_same_wires$2729.
      Merging cells $auto$equiv_make.cc:294:find_same_wires$2727 and $auto$equiv_make.cc:294:find_same_wires$2725.
      Merging cells $auto$equiv_make.cc:294:find_same_wires$2723 and $auto$equiv_make.cc:294:find_same_wires$2721.
      Merging cells $auto$equiv_make.cc:294:find_same_wires$2719 and $auto$equiv_make.cc:294:find_same_wires$2717.
      Merging cells $auto$equiv_make.cc:294:find_same_wires$2715 and $auto$equiv_make.cc:294:find_same_wires$2713.
      Merging cells $auto$equiv_make.cc:294:find_same_wires$2711 and $auto$equiv_make.cc:294:find_same_wires$2709.
      Merging cells $auto$equiv_make.cc:294:find_same_wires$2707 and $auto$equiv_make.cc:294:find_same_wires$2705.
      Merging cells $auto$equiv_make.cc:294:find_same_wires$2703 and $auto$equiv_make.cc:294:find_same_wires$2701.
      Merging cells $auto$equiv_make.cc:294:find_same_wires$2699 and $auto$equiv_make.cc:294:find_same_wires$2697.
      Merging cells $auto$equiv_make.cc:294:find_same_wires$2695 and $auto$equiv_make.cc:294:find_same_wires$2693.
      Merging cells $auto$equiv_make.cc:294:find_same_wires$2691 and $auto$equiv_make.cc:294:find_same_wires$2689.
      Merging cells $auto$equiv_make.cc:294:find_same_wires$2687 and $auto$equiv_make.cc:294:find_same_wires$2685.
    Fwd merging 2 $equiv cells (from group of 2) using strategy deduplicate:
      Merging cells $auto$equiv_make.cc:294:find_same_wires$2680 and $auto$equiv_make.cc:294:find_same_wires$1177.
    Fwd merging 2 $equiv cells (from group of 2) using strategy deduplicate:
      Merging cells $auto$equiv_make.cc:294:find_same_wires$2679 and $auto$equiv_make.cc:294:find_same_wires$1176.
    Fwd merging 2 $equiv cells (from group of 2) using strategy deduplicate:
      Merging cells $auto$equiv_make.cc:294:find_same_wires$2678 and $auto$equiv_make.cc:294:find_same_wires$1175.
    Fwd merging 2 $equiv cells (from group of 2) using strategy deduplicate:
      Merging cells $auto$equiv_make.cc:294:find_same_wires$2677 and $auto$equiv_make.cc:294:find_same_wires$1174.
    Fwd merging 2 $equiv cells (from group of 2) using strategy deduplicate:
      Merging cells $auto$equiv_make.cc:294:find_same_wires$2676 and $auto$equiv_make.cc:294:find_same_wires$1173.
    Fwd merging 2 $equiv cells (from group of 2) using strategy deduplicate:
      Merging cells $auto$equiv_make.cc:294:find_same_wires$2675 and $auto$equiv_make.cc:294:find_same_wires$1172.
    Fwd merging 2 $equiv cells (from group of 2) using strategy deduplicate:
      Merging cells $auto$equiv_make.cc:294:find_same_wires$2674 and $auto$equiv_make.cc:294:find_same_wires$1171.
    Fwd merging 2 $equiv cells (from group of 2) using strategy deduplicate:
      Merging cells $auto$equiv_make.cc:294:find_same_wires$2673 and $auto$equiv_make.cc:294:find_same_wires$1170.
    Fwd merging 2 $equiv cells (from group of 2) using strategy deduplicate:
      Merging cells $auto$equiv_make.cc:294:find_same_wires$2672 and $auto$equiv_make.cc:294:find_same_wires$1169.
    Fwd merging 2 $equiv cells (from group of 2) using strategy deduplicate:
      Merging cells $auto$equiv_make.cc:294:find_same_wires$2671 and $auto$equiv_make.cc:294:find_same_wires$1168.
    Fwd merging 2 $equiv cells (from group of 2) using strategy deduplicate:
      Merging cells $auto$equiv_make.cc:294:find_same_wires$2670 and $auto$equiv_make.cc:294:find_same_wires$1167.
    Fwd merging 2 $equiv cells (from group of 2) using strategy deduplicate:
      Merging cells $auto$equiv_make.cc:294:find_same_wires$2669 and $auto$equiv_make.cc:294:find_same_wires$1166.
    Fwd merging 2 $equiv cells (from group of 2) using strategy deduplicate:
      Merging cells $auto$equiv_make.cc:294:find_same_wires$2668 and $auto$equiv_make.cc:294:find_same_wires$1165.
    Fwd merging 2 $equiv cells (from group of 2) using strategy deduplicate:
      Merging cells $auto$equiv_make.cc:294:find_same_wires$2667 and $auto$equiv_make.cc:294:find_same_wires$1164.
    Fwd merging 2 $equiv cells (from group of 2) using strategy deduplicate:
      Merging cells $auto$equiv_make.cc:294:find_same_wires$2666 and $auto$equiv_make.cc:294:find_same_wires$1163.
    Fwd merging 2 $equiv cells (from group of 2) using strategy deduplicate:
      Merging cells $auto$equiv_make.cc:294:find_same_wires$2665 and $auto$equiv_make.cc:294:find_same_wires$1162.
    Fwd merging 2 $equiv cells (from group of 2) using strategy deduplicate:
      Merging cells $auto$equiv_make.cc:294:find_same_wires$2664 and $auto$equiv_make.cc:294:find_same_wires$1161.
    Fwd merging 2 $equiv cells (from group of 2) using strategy deduplicate:
      Merging cells $auto$equiv_make.cc:294:find_same_wires$2663 and $auto$equiv_make.cc:294:find_same_wires$1160.
    Fwd merging 2 $equiv cells (from group of 2) using strategy deduplicate:
      Merging cells $auto$equiv_make.cc:294:find_same_wires$2662 and $auto$equiv_make.cc:294:find_same_wires$1159.
    Fwd merging 2 $equiv cells (from group of 2) using strategy deduplicate:
      Merging cells $auto$equiv_make.cc:294:find_same_wires$2661 and $auto$equiv_make.cc:294:find_same_wires$1158.
    Fwd merging 2 $equiv cells (from group of 2) using strategy deduplicate:
      Merging cells $auto$equiv_make.cc:294:find_same_wires$2660 and $auto$equiv_make.cc:294:find_same_wires$1157.
    Fwd merging 2 $equiv cells (from group of 2) using strategy deduplicate:
      Merging cells $auto$equiv_make.cc:294:find_same_wires$2659 and $auto$equiv_make.cc:294:find_same_wires$1156.
    Fwd merging 2 $equiv cells (from group of 2) using strategy deduplicate:
      Merging cells $auto$equiv_make.cc:294:find_same_wires$2658 and $auto$equiv_make.cc:294:find_same_wires$1155.
    Fwd merging 2 $equiv cells (from group of 2) using strategy deduplicate:
      Merging cells $auto$equiv_make.cc:294:find_same_wires$2657 and $auto$equiv_make.cc:294:find_same_wires$1154.
    Fwd merging 2 $equiv cells (from group of 2) using strategy deduplicate:
      Merging cells $auto$equiv_make.cc:294:find_same_wires$2656 and $auto$equiv_make.cc:294:find_same_wires$1153.
    Fwd merging 2 $equiv cells (from group of 2) using strategy deduplicate:
      Merging cells $auto$equiv_make.cc:294:find_same_wires$2655 and $auto$equiv_make.cc:294:find_same_wires$1152.
    Fwd merging 2 $equiv cells (from group of 2) using strategy deduplicate:
      Merging cells $auto$equiv_make.cc:294:find_same_wires$2654 and $auto$equiv_make.cc:294:find_same_wires$1151.
    Fwd merging 2 $equiv cells (from group of 2) using strategy deduplicate:
      Merging cells $auto$equiv_make.cc:294:find_same_wires$2653 and $auto$equiv_make.cc:294:find_same_wires$1150.
    Fwd merging 2 $equiv cells (from group of 2) using strategy deduplicate:
      Merging cells $auto$equiv_make.cc:294:find_same_wires$2652 and $auto$equiv_make.cc:294:find_same_wires$1149.
    Fwd merging 2 $equiv cells (from group of 2) using strategy deduplicate:
      Merging cells $auto$equiv_make.cc:294:find_same_wires$2651 and $auto$equiv_make.cc:294:find_same_wires$1148.
    Fwd merging 2 $equiv cells (from group of 2) using strategy deduplicate:
      Merging cells $auto$equiv_make.cc:294:find_same_wires$2650 and $auto$equiv_make.cc:294:find_same_wires$1147.
    Fwd merging 2 $equiv cells (from group of 2) using strategy deduplicate:
      Merging cells $auto$equiv_make.cc:294:find_same_wires$2649 and $auto$equiv_make.cc:294:find_same_wires$1146.
    Fwd merging 2 $equiv cells (from group of 2) using strategy deduplicate:
      Merging cells $auto$equiv_make.cc:294:find_same_wires$2648 and $auto$equiv_make.cc:294:find_same_wires$1145.
    Fwd merging 2 $equiv cells (from group of 2) using strategy deduplicate:
      Merging cells $auto$equiv_make.cc:294:find_same_wires$1144 and $auto$equiv_make.cc:294:find_same_wires$2647.
    Fwd merging 2 $equiv cells (from group of 2) using strategy deduplicate:
      Merging cells $auto$equiv_make.cc:294:find_same_wires$1133 and $auto$equiv_make.cc:294:find_same_wires$2636.
  Starting iteration 3.
    Fwd merging 24 $equiv cells (from group of 24) using strategy deduplicate:
      Merging cells $auto$equiv_make.cc:294:find_same_wires$2935 and $auto$equiv_make.cc:294:find_same_wires$2931.
      Merging cells $auto$equiv_make.cc:294:find_same_wires$2257 and $auto$equiv_make.cc:294:find_same_wires$2747.
      Merging cells $auto$equiv_make.cc:294:find_same_wires$2743 and $auto$equiv_make.cc:294:find_same_wires$2739.
      Merging cells $auto$equiv_make.cc:294:find_same_wires$2735 and $auto$equiv_make.cc:294:find_same_wires$2731.
      Merging cells $auto$equiv_make.cc:294:find_same_wires$2983 and $auto$equiv_make.cc:294:find_same_wires$2727.
      Merging cells $auto$equiv_make.cc:294:find_same_wires$2723 and $auto$equiv_make.cc:294:find_same_wires$2719.
      Merging cells $auto$equiv_make.cc:294:find_same_wires$2715 and $auto$equiv_make.cc:294:find_same_wires$2979.
      Merging cells $auto$equiv_make.cc:294:find_same_wires$2711 and $auto$equiv_make.cc:294:find_same_wires$2707.
      Merging cells $auto$equiv_make.cc:294:find_same_wires$2703 and $auto$equiv_make.cc:294:find_same_wires$2699.
      Merging cells $auto$equiv_make.cc:294:find_same_wires$2975 and $auto$equiv_make.cc:294:find_same_wires$2695.
      Merging cells $auto$equiv_make.cc:294:find_same_wires$2691 and $auto$equiv_make.cc:294:find_same_wires$2687.
      Merging cells $auto$equiv_make.cc:294:find_same_wires$2971 and $auto$equiv_make.cc:294:find_same_wires$1046.
  Starting iteration 4.
    Fwd merging 12 $equiv cells (from group of 12) using strategy deduplicate:
      Merging cells $auto$equiv_make.cc:294:find_same_wires$2257 and $auto$equiv_make.cc:294:find_same_wires$2935.
      Merging cells $auto$equiv_make.cc:294:find_same_wires$2743 and $auto$equiv_make.cc:294:find_same_wires$2735.
      Merging cells $auto$equiv_make.cc:294:find_same_wires$2983 and $auto$equiv_make.cc:294:find_same_wires$2723.
      Merging cells $auto$equiv_make.cc:294:find_same_wires$2715 and $auto$equiv_make.cc:294:find_same_wires$2711.
      Merging cells $auto$equiv_make.cc:294:find_same_wires$2703 and $auto$equiv_make.cc:294:find_same_wires$2975.
      Merging cells $auto$equiv_make.cc:294:find_same_wires$2691 and $auto$equiv_make.cc:294:find_same_wires$2971.
  Starting iteration 5.
    Fwd merging 6 $equiv cells (from group of 6) using strategy deduplicate:
      Merging cells $auto$equiv_make.cc:294:find_same_wires$2257 and $auto$equiv_make.cc:294:find_same_wires$2743.
      Merging cells $auto$equiv_make.cc:294:find_same_wires$2983 and $auto$equiv_make.cc:294:find_same_wires$2715.
      Merging cells $auto$equiv_make.cc:294:find_same_wires$2703 and $auto$equiv_make.cc:294:find_same_wires$2691.
  Starting iteration 6.
    Fwd merging 2 $equiv cells (from group of 3) using strategy deduplicate:
      Merging cells $auto$equiv_make.cc:294:find_same_wires$2257 and $auto$equiv_make.cc:294:find_same_wires$2983.
  Starting iteration 7.
    Fwd merging 2 $equiv cells (from group of 2) using strategy deduplicate:
      Merging cells $auto$equiv_make.cc:294:find_same_wires$2257 and $auto$equiv_make.cc:294:find_same_wires$2703.
  Starting iteration 8.
    Nothing to merge.
  Performed a total of 737 merges in module equiv.

14. Executing EQUIV_SIMPLE pass.
Found 1245 unproven $equiv cells (47 groups) in equiv:
  Trying to prove $equiv for \spi_miso: success!
 Grouping SAT models for \rx_shift:
  Trying to prove $equiv for \rx_shift [0]: success!
  Trying to prove $equiv for \rx_shift [1]: success!
  Trying to prove $equiv for \rx_shift [2]: success!
  Trying to prove $equiv for \rx_shift [3]: success!
  Trying to prove $equiv for \rx_shift [4]: success!
  Trying to prove $equiv for \rx_shift [5]: success!
  Trying to prove $equiv for \rx_shift [6]: success!
  Trying to prove $equiv for \rx_shift [7]: success!
  Trying to prove $equiv for \rx_shift [8]: success!
  Trying to prove $equiv for \rx_shift [9]: success!
  Trying to prove $equiv for \rx_shift [10]: success!
  Trying to prove $equiv for \rx_shift [11]: success!
  Trying to prove $equiv for \rx_shift [12]: success!
  Trying to prove $equiv for \rx_shift [13]: success!
  Trying to prove $equiv for \rx_shift [14]: success!
  Trying to prove $equiv for \rx_shift [15]: success!
  Trying to prove $equiv for \rx_shift [16]: success!
  Trying to prove $equiv for \rx_shift [17]: success!
  Trying to prove $equiv for \rx_shift [18]: success!
  Trying to prove $equiv for \rx_shift [19]: success!
  Trying to prove $equiv for \rx_shift [20]: success!
  Trying to prove $equiv for \rx_shift [21]: success!
  Trying to prove $equiv for \rx_shift [22]: success!
  Trying to prove $equiv for \rx_shift [23]: success!
  Trying to prove $equiv for \rx_shift [24]: success!
  Trying to prove $equiv for \rx_shift [25]: success!
  Trying to prove $equiv for \rx_shift [26]: success!
  Trying to prove $equiv for \rx_shift [27]: success!
  Trying to prove $equiv for \rx_shift [28]: success!
  Trying to prove $equiv for \rx_shift [29]: success!
  Trying to prove $equiv for \rx_shift [30]: success!
  Trying to prove $equiv for \rx_shift [31]: success!
  Trying to prove $equiv for \rx_shift [32]: success!
  Trying to prove $equiv for \rx_shift [33]: success!
  Trying to prove $equiv for \rx_shift [34]: success!
  Trying to prove $equiv for \rx_shift [35]: success!
  Trying to prove $equiv for \rx_shift [36]: success!
  Trying to prove $equiv for \rx_shift [37]: success!
  Trying to prove $equiv for \rx_shift [38]: success!
  Trying to prove $equiv for \rx_shift [39]: success!
  Trying to prove $equiv for \rx_shift [40]: success!
  Trying to prove $equiv for \rx_shift [41]: success!
  Trying to prove $equiv for \rx_shift [42]: success!
  Trying to prove $equiv for \rx_shift [43]: success!
  Trying to prove $equiv for \rx_shift [44]: success!
  Trying to prove $equiv for \rx_shift [45]: success!
  Trying to prove $equiv for \rx_shift [46]: success!
  Trying to prove $equiv for \rx_shift [47]: success!
  Trying to prove $equiv for \rx_shift [48]: success!
  Trying to prove $equiv for \rx_shift [49]: success!
  Trying to prove $equiv for \rx_shift [50]: success!
  Trying to prove $equiv for \rx_shift [51]: success!
  Trying to prove $equiv for \rx_shift [52]: success!
  Trying to prove $equiv for \rx_shift [53]: success!
  Trying to prove $equiv for \rx_shift [54]: success!
  Trying to prove $equiv for \rx_shift [55]: success!
  Trying to prove $equiv for \rx_shift [56]: success!
  Trying to prove $equiv for \rx_shift [57]: success!
  Trying to prove $equiv for \rx_shift [58]: success!
  Trying to prove $equiv for \rx_shift [59]: success!
  Trying to prove $equiv for \rx_shift [60]: success!
  Trying to prove $equiv for \rx_shift [61]: success!
  Trying to prove $equiv for \rx_shift [62]: success!
  Trying to prove $equiv for \rx_shift [63]: success!
  Trying to prove $equiv for \rx_shift [64]: success!
  Trying to prove $equiv for \rx_shift [65]: success!
  Trying to prove $equiv for \rx_shift [66]: success!
  Trying to prove $equiv for \rx_shift [67]: success!
  Trying to prove $equiv for \rx_shift [68]: success!
  Trying to prove $equiv for \rx_shift [69]: success!
  Trying to prove $equiv for \rx_shift [70]: success!
  Trying to prove $equiv for \rx_shift [71]: success!
  Trying to prove $equiv for \rx_shift [72]: success!
  Trying to prove $equiv for \rx_shift [73]: success!
  Trying to prove $equiv for \rx_shift [74]: success!
  Trying to prove $equiv for \rx_shift [75]: success!
  Trying to prove $equiv for \rx_shift [76]: success!
  Trying to prove $equiv for \rx_shift [77]: success!
  Trying to prove $equiv for \rx_shift [78]: success!
  Trying to prove $equiv for \rx_shift [79]: success!
  Trying to prove $equiv for \rx_shift [80]: success!
  Trying to prove $equiv for \rx_shift [81]: success!
  Trying to prove $equiv for \rx_shift [82]: success!
  Trying to prove $equiv for \rx_shift [83]: success!
  Trying to prove $equiv for \rx_shift [84]: success!
  Trying to prove $equiv for \rx_shift [85]: success!
  Trying to prove $equiv for \rx_shift [86]: success!
  Trying to prove $equiv for \rx_shift [87]: success!
  Trying to prove $equiv for \rx_shift [88]: success!
  Trying to prove $equiv for \rx_shift [89]: success!
  Trying to prove $equiv for \rx_shift [90]: success!
  Trying to prove $equiv for \rx_shift [91]: success!
  Trying to prove $equiv for \rx_shift [92]: success!
  Trying to prove $equiv for \rx_shift [93]: success!
  Trying to prove $equiv for \rx_shift [94]: success!
  Trying to prove $equiv for \rx_shift [95]: success!
  Trying to prove $equiv for \rx_shift [96]: success!
  Trying to prove $equiv for \rx_shift [97]: success!
  Trying to prove $equiv for \rx_shift [98]: success!
  Trying to prove $equiv for \rx_shift [99]: success!
  Trying to prove $equiv for \rx_shift [100]: success!
  Trying to prove $equiv for \rx_shift [101]: success!
  Trying to prove $equiv for \rx_shift [102]: success!
  Trying to prove $equiv for \rx_shift [103]: success!
  Trying to prove $equiv for \rx_shift [104]: success!
  Trying to prove $equiv for \rx_shift [105]: success!
  Trying to prove $equiv for \rx_shift [106]: success!
  Trying to prove $equiv for \rx_shift [107]: success!
  Trying to prove $equiv for \rx_shift [108]: success!
  Trying to prove $equiv for \rx_shift [109]: success!
  Trying to prove $equiv for \rx_shift [110]: success!
  Trying to prove $equiv for \rx_shift [111]: success!
  Trying to prove $equiv for \rx_shift [112]: success!
  Trying to prove $equiv for \rx_shift [113]: success!
  Trying to prove $equiv for \rx_shift [114]: success!
  Trying to prove $equiv for \rx_shift [115]: success!
  Trying to prove $equiv for \rx_shift [116]: success!
  Trying to prove $equiv for \rx_shift [117]: success!
  Trying to prove $equiv for \rx_shift [118]: success!
  Trying to prove $equiv for \rx_shift [119]: success!
  Trying to prove $equiv for \rx_shift [120]: success!
  Trying to prove $equiv for \rx_shift [121]: success!
  Trying to prove $equiv for \rx_shift [122]: success!
  Trying to prove $equiv for \rx_shift [123]: success!
  Trying to prove $equiv for \rx_shift [124]: success!
  Trying to prove $equiv for \rx_shift [125]: success!
  Trying to prove $equiv for \rx_shift [126]: success!
  Trying to prove $equiv for \rx_shift [127]: success!
  Trying to prove $equiv for \rx_shift [128]: success!
  Trying to prove $equiv for \rx_shift [129]: success!
  Trying to prove $equiv for \rx_shift [130]: success!
  Trying to prove $equiv for \rx_shift [131]: success!
  Trying to prove $equiv for \rx_shift [132]: success!
  Trying to prove $equiv for \rx_shift [133]: success!
  Trying to prove $equiv for \rx_shift [134]: success!
  Trying to prove $equiv for \rx_shift [135]: success!
 Grouping SAT models for \rx_active [103:88]:
  Trying to prove $equiv for \rx_active [88]: failed.
  Trying to prove $equiv for \rx_active [89]: failed.
  Trying to prove $equiv for \rx_active [90]: failed.
  Trying to prove $equiv for \rx_active [91]: failed.
  Trying to prove $equiv for \rx_active [92]: failed.
  Trying to prove $equiv for \rx_active [93]: failed.
  Trying to prove $equiv for \rx_active [94]: failed.
  Trying to prove $equiv for \rx_active [95]: failed.
  Trying to prove $equiv for \rx_active [96]: failed.
  Trying to prove $equiv for \rx_active [97]: failed.
  Trying to prove $equiv for \rx_active [98]: failed.
  Trying to prove $equiv for \rx_active [99]: failed.
  Trying to prove $equiv for \rx_active [100]: failed.
  Trying to prove $equiv for \rx_active [101]: failed.
  Trying to prove $equiv for \rx_active [102]: failed.
  Trying to prove $equiv for \rx_active [103]: failed.
 Grouping SAT models for \tx_shift:
  Trying to prove $equiv for \tx_shift [0]: success!
  Trying to prove $equiv for \tx_shift [1]: success!
  Trying to prove $equiv for \tx_shift [2]: success!
  Trying to prove $equiv for \tx_shift [3]: success!
  Trying to prove $equiv for \tx_shift [4]: success!
  Trying to prove $equiv for \tx_shift [5]: success!
  Trying to prove $equiv for \tx_shift [6]: success!
  Trying to prove $equiv for \tx_shift [7]: success!
  Trying to prove $equiv for \tx_shift [8]: success!
  Trying to prove $equiv for \tx_shift [9]: success!
  Trying to prove $equiv for \tx_shift [10]: success!
  Trying to prove $equiv for \tx_shift [11]: success!
  Trying to prove $equiv for \tx_shift [12]: success!
  Trying to prove $equiv for \tx_shift [13]: success!
  Trying to prove $equiv for \tx_shift [14]: success!
  Trying to prove $equiv for \tx_shift [15]: success!
  Trying to prove $equiv for \tx_shift [16]: success!
  Trying to prove $equiv for \tx_shift [17]: success!
  Trying to prove $equiv for \tx_shift [18]: success!
  Trying to prove $equiv for \tx_shift [19]: success!
  Trying to prove $equiv for \tx_shift [20]: success!
  Trying to prove $equiv for \tx_shift [21]: success!
  Trying to prove $equiv for \tx_shift [22]: success!
  Trying to prove $equiv for \tx_shift [23]: success!
  Trying to prove $equiv for \tx_shift [24]: success!
  Trying to prove $equiv for \tx_shift [25]: success!
  Trying to prove $equiv for \tx_shift [26]: success!
  Trying to prove $equiv for \tx_shift [27]: success!
  Trying to prove $equiv for \tx_shift [28]: success!
  Trying to prove $equiv for \tx_shift [29]: success!
  Trying to prove $equiv for \tx_shift [30]: success!
  Trying to prove $equiv for \tx_shift [31]: success!
  Trying to prove $equiv for \tx_shift [32]: success!
  Trying to prove $equiv for \tx_shift [33]: success!
  Trying to prove $equiv for \tx_shift [34]: success!
  Trying to prove $equiv for \tx_shift [35]: success!
  Trying to prove $equiv for \tx_shift [36]: success!
  Trying to prove $equiv for \tx_shift [37]: success!
  Trying to prove $equiv for \tx_shift [38]: success!
  Trying to prove $equiv for \tx_shift [39]: success!
  Trying to prove $equiv for \tx_shift [40]: success!
  Trying to prove $equiv for \tx_shift [41]: success!
  Trying to prove $equiv for \tx_shift [42]: success!
  Trying to prove $equiv for \tx_shift [43]: success!
  Trying to prove $equiv for \tx_shift [44]: success!
  Trying to prove $equiv for \tx_shift [45]: success!
  Trying to prove $equiv for \tx_shift [46]: success!
  Trying to prove $equiv for \tx_shift [47]: success!
  Trying to prove $equiv for \tx_shift [48]: success!
  Trying to prove $equiv for \tx_shift [49]: success!
  Trying to prove $equiv for \tx_shift [50]: success!
  Trying to prove $equiv for \tx_shift [51]: success!
  Trying to prove $equiv for \tx_shift [52]: success!
  Trying to prove $equiv for \tx_shift [53]: success!
  Trying to prove $equiv for \tx_shift [54]: success!
  Trying to prove $equiv for \tx_shift [55]: success!
  Trying to prove $equiv for \tx_shift [56]: success!
  Trying to prove $equiv for \tx_shift [57]: success!
  Trying to prove $equiv for \tx_shift [58]: success!
  Trying to prove $equiv for \tx_shift [59]: success!
  Trying to prove $equiv for \tx_shift [60]: success!
  Trying to prove $equiv for \tx_shift [61]: success!
  Trying to prove $equiv for \tx_shift [62]: success!
  Trying to prove $equiv for \tx_shift [63]: success!
  Trying to prove $equiv for \tx_shift [64]: success!
  Trying to prove $equiv for \tx_shift [65]: success!
  Trying to prove $equiv for \tx_shift [66]: success!
  Trying to prove $equiv for \tx_shift [67]: success!
  Trying to prove $equiv for \tx_shift [68]: success!
  Trying to prove $equiv for \tx_shift [69]: success!
  Trying to prove $equiv for \tx_shift [70]: success!
  Trying to prove $equiv for \tx_shift [71]: success!
  Trying to prove $equiv for \tx_shift [72]: success!
  Trying to prove $equiv for \tx_shift [73]: success!
  Trying to prove $equiv for \tx_shift [74]: success!
  Trying to prove $equiv for \tx_shift [75]: success!
  Trying to prove $equiv for \tx_shift [76]: success!
  Trying to prove $equiv for \tx_shift [77]: success!
  Trying to prove $equiv for \tx_shift [78]: success!
  Trying to prove $equiv for \tx_shift [79]: success!
  Trying to prove $equiv for \tx_shift [80]: success!
  Trying to prove $equiv for \tx_shift [81]: success!
  Trying to prove $equiv for \tx_shift [82]: success!
  Trying to prove $equiv for \tx_shift [83]: success!
  Trying to prove $equiv for \tx_shift [84]: success!
  Trying to prove $equiv for \tx_shift [85]: success!
  Trying to prove $equiv for \tx_shift [86]: success!
  Trying to prove $equiv for \tx_shift [87]: success!
  Trying to prove $equiv for \tx_shift [88]: success!
  Trying to prove $equiv for \tx_shift [89]: success!
  Trying to prove $equiv for \tx_shift [90]: success!
  Trying to prove $equiv for \tx_shift [91]: success!
  Trying to prove $equiv for \tx_shift [92]: success!
  Trying to prove $equiv for \tx_shift [93]: success!
  Trying to prove $equiv for \tx_shift [94]: success!
  Trying to prove $equiv for \tx_shift [95]: success!
  Trying to prove $equiv for \tx_shift [96]: success!
  Trying to prove $equiv for \tx_shift [97]: success!
  Trying to prove $equiv for \tx_shift [98]: success!
  Trying to prove $equiv for \tx_shift [99]: success!
  Trying to prove $equiv for \tx_shift [100]: success!
  Trying to prove $equiv for \tx_shift [101]: success!
  Trying to prove $equiv for \tx_shift [102]: success!
  Trying to prove $equiv for \tx_shift [103]: success!
  Trying to prove $equiv for \tx_shift [104]: success!
  Trying to prove $equiv for \tx_shift [105]: success!
  Trying to prove $equiv for \tx_shift [106]: success!
  Trying to prove $equiv for \tx_shift [107]: success!
  Trying to prove $equiv for \tx_shift [108]: success!
  Trying to prove $equiv for \tx_shift [109]: success!
  Trying to prove $equiv for \tx_shift [110]: success!
  Trying to prove $equiv for \tx_shift [111]: success!
  Trying to prove $equiv for \tx_shift [112]: success!
  Trying to prove $equiv for \tx_shift [113]: success!
  Trying to prove $equiv for \tx_shift [114]: success!
  Trying to prove $equiv for \tx_shift [115]: success!
  Trying to prove $equiv for \tx_shift [116]: success!
  Trying to prove $equiv for \tx_shift [117]: success!
  Trying to prove $equiv for \tx_shift [118]: success!
  Trying to prove $equiv for \tx_shift [119]: success!
  Trying to prove $equiv for \tx_shift [120]: success!
  Trying to prove $equiv for \tx_shift [121]: success!
  Trying to prove $equiv for \tx_shift [122]: success!
  Trying to prove $equiv for \tx_shift [123]: success!
  Trying to prove $equiv for \tx_shift [124]: success!
  Trying to prove $equiv for \tx_shift [125]: success!
  Trying to prove $equiv for \tx_shift [126]: success!
  Trying to prove $equiv for \tx_shift [127]: success!
  Trying to prove $equiv for \tx_shift [128]: success!
  Trying to prove $equiv for \tx_shift [129]: success!
  Trying to prove $equiv for \tx_shift [130]: success!
  Trying to prove $equiv for \tx_shift [131]: success!
  Trying to prove $equiv for \tx_shift [132]: success!
  Trying to prove $equiv for \tx_shift [133]: success!
  Trying to prove $equiv for \tx_shift [134]: success!
  Trying to prove $equiv for \tx_shift [135]: success!
  Trying to prove $equiv for \tx_shift [136]: success!
  Trying to prove $equiv for \tx_shift [137]: success!
  Trying to prove $equiv for \tx_shift [138]: success!
  Trying to prove $equiv for \tx_shift [139]: success!
  Trying to prove $equiv for \tx_shift [140]: success!
  Trying to prove $equiv for \tx_shift [141]: success!
  Trying to prove $equiv for \tx_shift [142]: success!
  Trying to prove $equiv for \tx_shift [143]: success!
  Trying to prove $equiv for \tx_shift [144]: success!
  Trying to prove $equiv for \tx_shift [145]: success!
  Trying to prove $equiv for \tx_shift [146]: success!
  Trying to prove $equiv for \tx_shift [147]: success!
  Trying to prove $equiv for \tx_shift [148]: success!
  Trying to prove $equiv for \tx_shift [149]: success!
  Trying to prove $equiv for \tx_shift [150]: success!
  Trying to prove $equiv for \tx_shift [151]: success!
  Trying to prove $equiv for \tx_shift [152]: success!
  Trying to prove $equiv for \tx_shift [153]: success!
  Trying to prove $equiv for \tx_shift [154]: success!
  Trying to prove $equiv for \tx_shift [155]: success!
  Trying to prove $equiv for \tx_shift [156]: success!
  Trying to prove $equiv for \tx_shift [157]: success!
  Trying to prove $equiv for \tx_shift [158]: success!
  Trying to prove $equiv for \tx_shift [159]: success!
  Trying to prove $equiv for \tx_shift [160]: success!
  Trying to prove $equiv for \tx_shift [161]: success!
  Trying to prove $equiv for \tx_shift [162]: success!
  Trying to prove $equiv for \tx_shift [163]: success!
  Trying to prove $equiv for \tx_shift [164]: success!
  Trying to prove $equiv for \tx_shift [165]: success!
  Trying to prove $equiv for \tx_shift [166]: success!
 Grouping SAT models for \tx_snapshot:
  Trying to prove $equiv for \tx_snapshot [0]: failed.
  Trying to prove $equiv for \tx_snapshot [1]: failed.
  Trying to prove $equiv for \tx_snapshot [2]: failed.
  Trying to prove $equiv for \tx_snapshot [3]: failed.
  Trying to prove $equiv for \tx_snapshot [4]: failed.
  Trying to prove $equiv for \tx_snapshot [5]: failed.
  Trying to prove $equiv for \tx_snapshot [6]: failed.
  Trying to prove $equiv for \tx_snapshot [7]: failed.
  Trying to prove $equiv for \tx_snapshot [8]: failed.
  Trying to prove $equiv for \tx_snapshot [9]: failed.
  Trying to prove $equiv for \tx_snapshot [10]: failed.
  Trying to prove $equiv for \tx_snapshot [11]: failed.
  Trying to prove $equiv for \tx_snapshot [12]: failed.
  Trying to prove $equiv for \tx_snapshot [13]: failed.
  Trying to prove $equiv for \tx_snapshot [14]: failed.
  Trying to prove $equiv for \tx_snapshot [15]: failed.
  Trying to prove $equiv for \tx_snapshot [16]: failed.
  Trying to prove $equiv for \tx_snapshot [17]: failed.
  Trying to prove $equiv for \tx_snapshot [18]: failed.
  Trying to prove $equiv for \tx_snapshot [19]: failed.
  Trying to prove $equiv for \tx_snapshot [20]: failed.
  Trying to prove $equiv for \tx_snapshot [21]: failed.
  Trying to prove $equiv for \tx_snapshot [22]: failed.
  Trying to prove $equiv for \tx_snapshot [23]: failed.
  Trying to prove $equiv for \tx_snapshot [24]: failed.
  Trying to prove $equiv for \tx_snapshot [25]: failed.
  Trying to prove $equiv for \tx_snapshot [26]: failed.
  Trying to prove $equiv for \tx_snapshot [27]: failed.
  Trying to prove $equiv for \tx_snapshot [28]: failed.
  Trying to prove $equiv for \tx_snapshot [29]: failed.
  Trying to prove $equiv for \tx_snapshot [30]: failed.
  Trying to prove $equiv for \tx_snapshot [31]: failed.
  Trying to prove $equiv for \tx_snapshot [32]: failed.
  Trying to prove $equiv for \tx_snapshot [33]: failed.
  Trying to prove $equiv for \tx_snapshot [34]: failed.
  Trying to prove $equiv for \tx_snapshot [35]: failed.
  Trying to prove $equiv for \tx_snapshot [36]: failed.
  Trying to prove $equiv for \tx_snapshot [37]: failed.
  Trying to prove $equiv for \tx_snapshot [38]: failed.
  Trying to prove $equiv for \tx_snapshot [39]: failed.
  Trying to prove $equiv for \tx_snapshot [40]: failed.
  Trying to prove $equiv for \tx_snapshot [41]: failed.
  Trying to prove $equiv for \tx_snapshot [42]: failed.
  Trying to prove $equiv for \tx_snapshot [43]: failed.
  Trying to prove $equiv for \tx_snapshot [44]: failed.
  Trying to prove $equiv for \tx_snapshot [45]: failed.
  Trying to prove $equiv for \tx_snapshot [46]: failed.
  Trying to prove $equiv for \tx_snapshot [47]: failed.
  Trying to prove $equiv for \tx_snapshot [48]: failed.
  Trying to prove $equiv for \tx_snapshot [49]: failed.
  Trying to prove $equiv for \tx_snapshot [50]: failed.
  Trying to prove $equiv for \tx_snapshot [51]: failed.
  Trying to prove $equiv for \tx_snapshot [52]: failed.
  Trying to prove $equiv for \tx_snapshot [53]: failed.
  Trying to prove $equiv for \tx_snapshot [54]: failed.
  Trying to prove $equiv for \tx_snapshot [55]: failed.
  Trying to prove $equiv for \tx_snapshot [56]: failed.
  Trying to prove $equiv for \tx_snapshot [57]: failed.
  Trying to prove $equiv for \tx_snapshot [58]: failed.
  Trying to prove $equiv for \tx_snapshot [59]: failed.
  Trying to prove $equiv for \tx_snapshot [60]: failed.
  Trying to prove $equiv for \tx_snapshot [61]: failed.
  Trying to prove $equiv for \tx_snapshot [62]: failed.
  Trying to prove $equiv for \tx_snapshot [63]: failed.
  Trying to prove $equiv for \tx_snapshot [64]: failed.
  Trying to prove $equiv for \tx_snapshot [65]: failed.
  Trying to prove $equiv for \tx_snapshot [66]: failed.
  Trying to prove $equiv for \tx_snapshot [67]: failed.
  Trying to prove $equiv for \tx_snapshot [68]: failed.
  Trying to prove $equiv for \tx_snapshot [69]: failed.
  Trying to prove $equiv for \tx_snapshot [70]: failed.
  Trying to prove $equiv for \tx_snapshot [71]: failed.
  Trying to prove $equiv for \tx_snapshot [72]: failed.
  Trying to prove $equiv for \tx_snapshot [73]: failed.
  Trying to prove $equiv for \tx_snapshot [74]: failed.
  Trying to prove $equiv for \tx_snapshot [75]: failed.
  Trying to prove $equiv for \tx_snapshot [76]: failed.
  Trying to prove $equiv for \tx_snapshot [77]: failed.
  Trying to prove $equiv for \tx_snapshot [78]: failed.
  Trying to prove $equiv for \tx_snapshot [79]: failed.
  Trying to prove $equiv for \tx_snapshot [80]: failed.
  Trying to prove $equiv for \tx_snapshot [81]: failed.
  Trying to prove $equiv for \tx_snapshot [82]: failed.
  Trying to prove $equiv for \tx_snapshot [83]: failed.
  Trying to prove $equiv for \tx_snapshot [84]: failed.
  Trying to prove $equiv for \tx_snapshot [85]: failed.
  Trying to prove $equiv for \tx_snapshot [86]: failed.
  Trying to prove $equiv for \tx_snapshot [87]: failed.
  Trying to prove $equiv for \tx_snapshot [88]: failed.
  Trying to prove $equiv for \tx_snapshot [89]: failed.
  Trying to prove $equiv for \tx_snapshot [90]: failed.
  Trying to prove $equiv for \tx_snapshot [91]: failed.
  Trying to prove $equiv for \tx_snapshot [92]: failed.
  Trying to prove $equiv for \tx_snapshot [93]: failed.
  Trying to prove $equiv for \tx_snapshot [94]: failed.
  Trying to prove $equiv for \tx_snapshot [95]: failed.
  Trying to prove $equiv for \tx_snapshot [96]: failed.
  Trying to prove $equiv for \tx_snapshot [97]: failed.
  Trying to prove $equiv for \tx_snapshot [98]: failed.
  Trying to prove $equiv for \tx_snapshot [99]: failed.
  Trying to prove $equiv for \tx_snapshot [100]: failed.
  Trying to prove $equiv for \tx_snapshot [101]: success!
  Trying to prove $equiv for \tx_snapshot [102]: success!
  Trying to prove $equiv for \tx_snapshot [103]: success!
  Trying to prove $equiv for \tx_snapshot [104]: success!
  Trying to prove $equiv for \tx_snapshot [105]: success!
  Trying to prove $equiv for \tx_snapshot [106]: success!
  Trying to prove $equiv for \tx_snapshot [107]: success!
  Trying to prove $equiv for \tx_snapshot [108]: success!
  Trying to prove $equiv for \tx_snapshot [109]: success!
  Trying to prove $equiv for \tx_snapshot [110]: success!
  Trying to prove $equiv for \tx_snapshot [111]: success!
  Trying to prove $equiv for \tx_snapshot [112]: success!
  Trying to prove $equiv for \tx_snapshot [113]: success!
  Trying to prove $equiv for \tx_snapshot [114]: success!
  Trying to prove $equiv for \tx_snapshot [115]: success!
  Trying to prove $equiv for \tx_snapshot [116]: success!
  Trying to prove $equiv for \tx_snapshot [117]: success!
  Trying to prove $equiv for \tx_snapshot [118]: success!
  Trying to prove $equiv for \tx_snapshot [119]: success!
  Trying to prove $equiv for \tx_snapshot [120]: success!
  Trying to prove $equiv for \tx_snapshot [121]: success!
  Trying to prove $equiv for \tx_snapshot [122]: success!
  Trying to prove $equiv for \tx_snapshot [123]: success!
  Trying to prove $equiv for \tx_snapshot [124]: success!
  Trying to prove $equiv for \tx_snapshot [125]: success!
  Trying to prove $equiv for \tx_snapshot [126]: success!
  Trying to prove $equiv for \tx_snapshot [127]: success!
  Trying to prove $equiv for \tx_snapshot [128]: success!
  Trying to prove $equiv for \tx_snapshot [129]: success!
  Trying to prove $equiv for \tx_snapshot [130]: success!
  Trying to prove $equiv for \tx_snapshot [131]: success!
  Trying to prove $equiv for \tx_snapshot [132]: success!
  Trying to prove $equiv for \tx_snapshot [133]: success!
  Trying to prove $equiv for \tx_snapshot [134]: success!
  Trying to prove $equiv for \tx_snapshot [135]: success!
  Trying to prove $equiv for \tx_snapshot [136]: success!
  Trying to prove $equiv for \tx_snapshot [137]: success!
  Trying to prove $equiv for \tx_snapshot [138]: success!
  Trying to prove $equiv for \tx_snapshot [139]: success!
  Trying to prove $equiv for \tx_snapshot [140]: success!
  Trying to prove $equiv for \tx_snapshot [141]: success!
  Trying to prove $equiv for \tx_snapshot [142]: success!
  Trying to prove $equiv for \tx_snapshot [143]: success!
  Trying to prove $equiv for \tx_snapshot [144]: success!
  Trying to prove $equiv for \tx_snapshot [145]: success!
  Trying to prove $equiv for \tx_snapshot [146]: success!
  Trying to prove $equiv for \tx_snapshot [147]: success!
  Trying to prove $equiv for \tx_snapshot [148]: success!
  Trying to prove $equiv for \tx_snapshot [149]: success!
  Trying to prove $equiv for \tx_snapshot [150]: success!
  Trying to prove $equiv for \tx_snapshot [151]: success!
  Trying to prove $equiv for \tx_snapshot [152]: success!
  Trying to prove $equiv for \tx_snapshot [153]: success!
  Trying to prove $equiv for \tx_snapshot [154]: success!
  Trying to prove $equiv for \tx_snapshot [155]: success!
  Trying to prove $equiv for \tx_snapshot [156]: success!
  Trying to prove $equiv for \tx_snapshot [157]: success!
  Trying to prove $equiv for \tx_snapshot [158]: success!
  Trying to prove $equiv for \tx_snapshot [159]: success!
  Trying to prove $equiv for \tx_snapshot [160]: success!
  Trying to prove $equiv for \tx_snapshot [161]: success!
  Trying to prove $equiv for \tx_snapshot [162]: success!
  Trying to prove $equiv for \tx_snapshot [163]: success!
  Trying to prove $equiv for \tx_snapshot [164]: success!
  Trying to prove $equiv for \tx_snapshot [165]: success!
  Trying to prove $equiv for \tx_snapshot [166]: success!
  Trying to prove $equiv for \spi_active: success!
  Trying to prove $equiv for \spi_cs_prev: failed.
 Grouping SAT models for { \core_rsp_data [53:34] \core_rsp_data [32] }:
  Trying to prove $equiv for \core_rsp_data [32]: failed.
  Trying to prove $equiv for \core_rsp_data [34]: failed.
  Trying to prove $equiv for \core_rsp_data [35]: failed.
  Trying to prove $equiv for \core_rsp_data [36]: failed.
  Trying to prove $equiv for \core_rsp_data [37]: failed.
  Trying to prove $equiv for \core_rsp_data [38]: failed.
  Trying to prove $equiv for \core_rsp_data [39]: failed.
  Trying to prove $equiv for \core_rsp_data [40]: failed.
  Trying to prove $equiv for \core_rsp_data [41]: failed.
  Trying to prove $equiv for \core_rsp_data [42]: failed.
  Trying to prove $equiv for \core_rsp_data [43]: failed.
  Trying to prove $equiv for \core_rsp_data [44]: failed.
  Trying to prove $equiv for \core_rsp_data [45]: failed.
  Trying to prove $equiv for \core_rsp_data [46]: failed.
  Trying to prove $equiv for \core_rsp_data [47]: failed.
  Trying to prove $equiv for \core_rsp_data [48]: failed.
  Trying to prove $equiv for \core_rsp_data [49]: failed.
  Trying to prove $equiv for \core_rsp_data [50]: failed.
  Trying to prove $equiv for \core_rsp_data [51]: failed.
  Trying to prove $equiv for \core_rsp_data [52]: failed.
  Trying to prove $equiv for \core_rsp_data [53]: failed.
 Grouping SAT models for { \core_req_data [30] \core_req_data [19] }:
  Trying to prove $equiv for \core_req_data [19]: failed.
  Trying to prove $equiv for \core_req_data [30]: failed.
  Trying to prove $equiv for \u_core.rsp_schema_ok: success!
 Grouping SAT models for \u_core.rsp_seq_in:
  Trying to prove $equiv for \u_core.rsp_seq_in [0]: failed.
  Trying to prove $equiv for \u_core.rsp_seq_in [1]: failed.
  Trying to prove $equiv for \u_core.rsp_seq_in [2]: failed.
  Trying to prove $equiv for \u_core.rsp_seq_in [3]: failed.
  Trying to prove $equiv for \u_core.rsp_seq_in [4]: failed.
  Trying to prove $equiv for \u_core.rsp_seq_in [5]: failed.
  Trying to prove $equiv for \u_core.rsp_seq_in [6]: failed.
  Trying to prove $equiv for \u_core.rsp_seq_in [7]: failed.
  Trying to prove $equiv for \u_core.rsp_seq_in [8]: failed.
  Trying to prove $equiv for \u_core.rsp_seq_in [9]: failed.
  Trying to prove $equiv for \u_core.rsp_seq_in [10]: failed.
  Trying to prove $equiv for \u_core.rsp_seq_in [11]: failed.
  Trying to prove $equiv for \u_core.rsp_seq_in [12]: failed.
  Trying to prove $equiv for \u_core.rsp_seq_in [13]: failed.
  Trying to prove $equiv for \u_core.rsp_seq_in [14]: failed.
  Trying to prove $equiv for \u_core.rsp_seq_in [15]: failed.
  Trying to prove $equiv for \u_core.rsp_valid_sync: failed.
  Trying to prove $equiv for \u_core.req_hist_read_pending_reg: success!
  Trying to prove $equiv for \u_core.req_hist_write_pending_reg: success!
  Trying to prove $equiv for \u_core.rearm_pulse: success!
  Trying to prove $equiv for \u_core.launch_accept_pulse: success!
 Grouping SAT models for \u_core.read_data_next:
  Trying to prove $equiv for \u_core.read_data_next [0]: failed.
  Trying to prove $equiv for \u_core.read_data_next [1]: failed.
  Trying to prove $equiv for \u_core.read_data_next [2]: failed.
  Trying to prove $equiv for \u_core.read_data_next [3]: failed.
  Trying to prove $equiv for \u_core.read_data_next [4]: failed.
  Trying to prove $equiv for \u_core.read_data_next [5]: failed.
  Trying to prove $equiv for \u_core.read_data_next [6]: failed.
  Trying to prove $equiv for \u_core.read_data_next [7]: failed.
  Trying to prove $equiv for \u_core.read_data_next [8]: failed.
  Trying to prove $equiv for \u_core.read_data_next [9]: success!
  Trying to prove $equiv for \u_core.read_data_next [10]: success!
  Trying to prove $equiv for \u_core.read_data_next [11]: success!
  Trying to prove $equiv for \u_core.read_data_next [12]: success!
  Trying to prove $equiv for \u_core.read_data_next [13]: success!
  Trying to prove $equiv for \u_core.read_data_next [14]: success!
  Trying to prove $equiv for \u_core.read_data_next [15]: success!
  Trying to prove $equiv for \u_core.read_data_next [16]: failed.
  Trying to prove $equiv for \u_core.read_data_next [17]: failed.
  Trying to prove $equiv for \u_core.read_data_next [18]: failed.
  Trying to prove $equiv for \u_core.read_data_next [19]: failed.
  Trying to prove $equiv for \u_core.read_data_next [20]: failed.
  Trying to prove $equiv for \u_core.read_data_next [21]: failed.
  Trying to prove $equiv for \u_core.read_data_next [22]: failed.
  Trying to prove $equiv for \u_core.read_data_next [23]: failed.
  Trying to prove $equiv for \u_core.read_data_next [24]: failed.
  Trying to prove $equiv for \u_core.read_data_next [25]: failed.
  Trying to prove $equiv for \u_core.read_data_next [26]: failed.
  Trying to prove $equiv for \u_core.read_data_next [27]: failed.
  Trying to prove $equiv for \u_core.read_data_next [28]: failed.
  Trying to prove $equiv for \u_core.read_data_next [29]: failed.
  Trying to prove $equiv for \u_core.read_data_next [30]: failed.
  Trying to prove $equiv for \u_core.read_data_next [31]: failed.
  Trying to prove $equiv for \u_core.read_data_next [32]: failed.
  Trying to prove $equiv for \u_core.read_data_next [33]: failed.
  Trying to prove $equiv for \u_core.read_data_next [34]: failed.
  Trying to prove $equiv for \u_core.read_data_next [35]: failed.
  Trying to prove $equiv for \u_core.read_data_next [36]: failed.
  Trying to prove $equiv for \u_core.read_data_next [37]: failed.
  Trying to prove $equiv for \u_core.read_data_next [38]: failed.
  Trying to prove $equiv for \u_core.read_data_next [39]: failed.
  Trying to prove $equiv for \u_core.read_data_next [40]: failed.
  Trying to prove $equiv for \u_core.read_data_next [41]: failed.
  Trying to prove $equiv for \u_core.read_data_next [42]: failed.
  Trying to prove $equiv for \u_core.read_data_next [43]: failed.
  Trying to prove $equiv for \u_core.read_data_next [44]: failed.
  Trying to prove $equiv for \u_core.read_data_next [45]: failed.
  Trying to prove $equiv for \u_core.read_data_next [46]: failed.
  Trying to prove $equiv for \u_core.read_data_next [47]: failed.
  Trying to prove $equiv for \u_core.read_data_next [48]: success!
  Trying to prove $equiv for \u_core.read_data_next [49]: success!
  Trying to prove $equiv for \u_core.read_data_next [50]: success!
  Trying to prove $equiv for \u_core.read_data_next [51]: success!
  Trying to prove $equiv for \u_core.read_data_next [52]: success!
  Trying to prove $equiv for \u_core.read_data_next [53]: success!
  Trying to prove $equiv for \u_core.read_data_next [54]: success!
  Trying to prove $equiv for \u_core.read_data_next [55]: success!
  Trying to prove $equiv for \u_core.read_data_next [56]: success!
  Trying to prove $equiv for \u_core.read_data_next [57]: success!
  Trying to prove $equiv for \u_core.read_data_next [58]: success!
  Trying to prove $equiv for \u_core.read_data_next [59]: success!
  Trying to prove $equiv for \u_core.read_data_next [60]: success!
  Trying to prove $equiv for \u_core.read_data_next [61]: success!
  Trying to prove $equiv for \u_core.read_data_next [62]: success!
  Trying to prove $equiv for \u_core.read_data_next [63]: success!
 Grouping SAT models for { \u_core.status_reg_r [47:16] \u_core.status_reg_r [8:6] \u_core.status_reg_r [4:3] \u_core.status_reg_r [0] }:
  Trying to prove $equiv for \u_core.status_reg_r [0]: failed.
  Trying to prove $equiv for \u_core.status_reg_r [3]: failed.
  Trying to prove $equiv for \u_core.status_reg_r [4]: failed.
  Trying to prove $equiv for \u_core.status_reg_r [6]: failed.
  Trying to prove $equiv for \u_core.status_reg_r [7]: failed.
  Trying to prove $equiv for \u_core.status_reg_r [8]: failed.
  Trying to prove $equiv for \u_core.status_reg_r [16]: failed.
  Trying to prove $equiv for \u_core.status_reg_r [17]: failed.
  Trying to prove $equiv for \u_core.status_reg_r [18]: failed.
  Trying to prove $equiv for \u_core.status_reg_r [19]: failed.
  Trying to prove $equiv for \u_core.status_reg_r [20]: failed.
  Trying to prove $equiv for \u_core.status_reg_r [21]: failed.
  Trying to prove $equiv for \u_core.status_reg_r [22]: failed.
  Trying to prove $equiv for \u_core.status_reg_r [23]: failed.
  Trying to prove $equiv for \u_core.status_reg_r [24]: failed.
  Trying to prove $equiv for \u_core.status_reg_r [25]: failed.
  Trying to prove $equiv for \u_core.status_reg_r [26]: failed.
  Trying to prove $equiv for \u_core.status_reg_r [27]: failed.
  Trying to prove $equiv for \u_core.status_reg_r [28]: failed.
  Trying to prove $equiv for \u_core.status_reg_r [29]: failed.
  Trying to prove $equiv for \u_core.status_reg_r [30]: failed.
  Trying to prove $equiv for \u_core.status_reg_r [31]: failed.
  Trying to prove $equiv for \u_core.status_reg_r [32]: failed.
  Trying to prove $equiv for \u_core.status_reg_r [33]: failed.
  Trying to prove $equiv for \u_core.status_reg_r [34]: failed.
  Trying to prove $equiv for \u_core.status_reg_r [35]: failed.
  Trying to prove $equiv for \u_core.status_reg_r [36]: failed.
  Trying to prove $equiv for \u_core.status_reg_r [37]: failed.
  Trying to prove $equiv for \u_core.status_reg_r [38]: failed.
  Trying to prove $equiv for \u_core.status_reg_r [39]: failed.
  Trying to prove $equiv for \u_core.status_reg_r [40]: failed.
  Trying to prove $equiv for \u_core.status_reg_r [41]: failed.
  Trying to prove $equiv for \u_core.status_reg_r [42]: failed.
  Trying to prove $equiv for \u_core.status_reg_r [43]: failed.
  Trying to prove $equiv for \u_core.status_reg_r [44]: failed.
  Trying to prove $equiv for \u_core.status_reg_r [45]: failed.
  Trying to prove $equiv for \u_core.status_reg_r [46]: failed.
  Trying to prove $equiv for \u_core.status_reg_r [47]: failed.
 Grouping SAT models for \u_core.state_reg:
  Trying to prove $equiv for \u_core.state_reg [0]: failed.
  Trying to prove $equiv for \u_core.state_reg [1]: failed.
 Grouping SAT models for \u_core.req_hist_addr:
  Trying to prove $equiv for \u_core.req_hist_addr [0]: success!
  Trying to prove $equiv for \u_core.req_hist_addr [1]: success!
  Trying to prove $equiv for \u_core.req_hist_addr [2]: success!
  Trying to prove $equiv for \u_core.req_hist_addr [3]: success!
  Trying to prove $equiv for \u_core.status_stale_reject_reg: failed.
  Trying to prove $equiv for \u_core.status_rsp_received_reg: success!
  Trying to prove $equiv for \u_core.status_req_accepted_reg: failed.
  Trying to prove $equiv for \u_core.outstanding_valid_reg: failed.
 Grouping SAT models for \u_core.outstanding_age_reg:
  Trying to prove $equiv for \u_core.outstanding_age_reg [0]: failed.
  Trying to prove $equiv for \u_core.outstanding_age_reg [1]: failed.
  Trying to prove $equiv for \u_core.outstanding_age_reg [2]: failed.
  Trying to prove $equiv for \u_core.outstanding_age_reg [3]: failed.
  Trying to prove $equiv for \u_core.outstanding_age_reg [4]: failed.
  Trying to prove $equiv for \u_core.outstanding_age_reg [5]: failed.
  Trying to prove $equiv for \u_core.outstanding_age_reg [6]: failed.
  Trying to prove $equiv for \u_core.outstanding_age_reg [7]: failed.
  Trying to prove $equiv for \u_core.outstanding_age_reg [8]: failed.
  Trying to prove $equiv for \u_core.outstanding_age_reg [9]: failed.
  Trying to prove $equiv for \u_core.outstanding_age_reg [10]: failed.
  Trying to prove $equiv for \u_core.outstanding_age_reg [11]: failed.
  Trying to prove $equiv for \u_core.outstanding_age_reg [12]: failed.
  Trying to prove $equiv for \u_core.outstanding_age_reg [13]: failed.
  Trying to prove $equiv for \u_core.outstanding_age_reg [14]: failed.
  Trying to prove $equiv for \u_core.outstanding_age_reg [15]: failed.
 Grouping SAT models for \u_core.outstanding_seq_reg:
  Trying to prove $equiv for \u_core.outstanding_seq_reg [0]: failed.
  Trying to prove $equiv for \u_core.outstanding_seq_reg [1]: failed.
  Trying to prove $equiv for \u_core.outstanding_seq_reg [2]: failed.
  Trying to prove $equiv for \u_core.outstanding_seq_reg [3]: failed.
  Trying to prove $equiv for \u_core.outstanding_seq_reg [4]: failed.
  Trying to prove $equiv for \u_core.outstanding_seq_reg [5]: failed.
  Trying to prove $equiv for \u_core.outstanding_seq_reg [6]: failed.
  Trying to prove $equiv for \u_core.outstanding_seq_reg [7]: failed.
  Trying to prove $equiv for \u_core.outstanding_seq_reg [8]: failed.
  Trying to prove $equiv for \u_core.outstanding_seq_reg [9]: failed.
  Trying to prove $equiv for \u_core.outstanding_seq_reg [10]: failed.
  Trying to prove $equiv for \u_core.outstanding_seq_reg [11]: failed.
  Trying to prove $equiv for \u_core.outstanding_seq_reg [12]: failed.
  Trying to prove $equiv for \u_core.outstanding_seq_reg [13]: failed.
  Trying to prove $equiv for \u_core.outstanding_seq_reg [14]: failed.
  Trying to prove $equiv for \u_core.outstanding_seq_reg [15]: failed.
 Grouping SAT models for \u_core.req_meta_reg:
  Trying to prove $equiv for \u_core.req_meta_reg [0]: success!
  Trying to prove $equiv for \u_core.req_meta_reg [1]: success!
  Trying to prove $equiv for \u_core.req_meta_reg [2]: success!
  Trying to prove $equiv for \u_core.req_meta_reg [3]: success!
  Trying to prove $equiv for \u_core.req_meta_reg [4]: success!
  Trying to prove $equiv for \u_core.req_meta_reg [5]: success!
  Trying to prove $equiv for \u_core.req_meta_reg [6]: success!
  Trying to prove $equiv for \u_core.req_meta_reg [7]: success!
  Trying to prove $equiv for \u_core.req_meta_reg [8]: success!
  Trying to prove $equiv for \u_core.req_meta_reg [9]: success!
  Trying to prove $equiv for \u_core.req_meta_reg [10]: success!
  Trying to prove $equiv for \u_core.req_meta_reg [11]: success!
  Trying to prove $equiv for \u_core.req_meta_reg [12]: success!
  Trying to prove $equiv for \u_core.req_meta_reg [13]: success!
  Trying to prove $equiv for \u_core.req_meta_reg [14]: success!
  Trying to prove $equiv for \u_core.req_meta_reg [15]: success!
  Trying to prove $equiv for \u_core.req_meta_reg [16]: success!
  Trying to prove $equiv for \u_core.req_meta_reg [17]: success!
  Trying to prove $equiv for \u_core.req_meta_reg [18]: success!
  Trying to prove $equiv for \u_core.req_meta_reg [19]: success!
  Trying to prove $equiv for \u_core.req_meta_reg [20]: success!
  Trying to prove $equiv for \u_core.req_meta_reg [21]: success!
  Trying to prove $equiv for \u_core.req_meta_reg [22]: success!
  Trying to prove $equiv for \u_core.req_meta_reg [23]: success!
  Trying to prove $equiv for \u_core.req_meta_reg [24]: success!
  Trying to prove $equiv for \u_core.req_meta_reg [25]: success!
  Trying to prove $equiv for \u_core.req_meta_reg [26]: success!
  Trying to prove $equiv for \u_core.req_meta_reg [27]: success!
  Trying to prove $equiv for \u_core.req_meta_reg [28]: success!
  Trying to prove $equiv for \u_core.req_meta_reg [29]: success!
  Trying to prove $equiv for \u_core.req_meta_reg [30]: success!
  Trying to prove $equiv for \u_core.req_meta_reg [31]: success!
  Trying to prove $equiv for \u_core.req_meta_reg [32]: success!
  Trying to prove $equiv for \u_core.req_meta_reg [33]: success!
  Trying to prove $equiv for \u_core.req_meta_reg [34]: success!
  Trying to prove $equiv for \u_core.req_meta_reg [35]: success!
  Trying to prove $equiv for \u_core.req_meta_reg [36]: success!
  Trying to prove $equiv for \u_core.req_meta_reg [37]: success!
  Trying to prove $equiv for \u_core.req_meta_reg [38]: success!
  Trying to prove $equiv for \u_core.req_meta_reg [39]: success!
  Trying to prove $equiv for \u_core.req_meta_reg [40]: success!
  Trying to prove $equiv for \u_core.req_meta_reg [41]: success!
  Trying to prove $equiv for \u_core.req_meta_reg [42]: success!
  Trying to prove $equiv for \u_core.req_meta_reg [43]: success!
  Trying to prove $equiv for \u_core.req_meta_reg [44]: success!
  Trying to prove $equiv for \u_core.req_meta_reg [45]: success!
  Trying to prove $equiv for \u_core.req_meta_reg [46]: success!
  Trying to prove $equiv for \u_core.req_meta_reg [47]: success!
  Trying to prove $equiv for \u_core.req_meta_reg [48]: success!
  Trying to prove $equiv for \u_core.req_meta_reg [49]: success!
  Trying to prove $equiv for \u_core.req_meta_reg [50]: success!
  Trying to prove $equiv for \u_core.req_meta_reg [51]: success!
  Trying to prove $equiv for \u_core.req_meta_reg [52]: success!
  Trying to prove $equiv for \u_core.req_meta_reg [53]: success!
  Trying to prove $equiv for \u_core.req_meta_reg [54]: success!
  Trying to prove $equiv for \u_core.req_meta_reg [55]: success!
  Trying to prove $equiv for \u_core.req_meta_reg [56]: success!
  Trying to prove $equiv for \u_core.req_meta_reg [57]: success!
  Trying to prove $equiv for \u_core.req_meta_reg [58]: success!
  Trying to prove $equiv for \u_core.req_meta_reg [59]: success!
  Trying to prove $equiv for \u_core.req_meta_reg [60]: success!
  Trying to prove $equiv for \u_core.req_meta_reg [61]: success!
  Trying to prove $equiv for \u_core.req_meta_reg [62]: success!
  Trying to prove $equiv for \u_core.req_meta_reg [63]: success!
 Grouping SAT models for \u_core.irq_en_reg:
  Trying to prove $equiv for \u_core.irq_en_reg [0]: success!
  Trying to prove $equiv for \u_core.irq_en_reg [1]: success!
  Trying to prove $equiv for \u_core.irq_en_reg [2]: success!
  Trying to prove $equiv for \u_core.irq_en_reg [3]: success!
  Trying to prove $equiv for \u_core.irq_en_reg [4]: success!
  Trying to prove $equiv for \u_core.irq_en_reg [5]: success!
  Trying to prove $equiv for \u_core.irq_en_reg [6]: success!
  Trying to prove $equiv for \u_core.irq_en_reg [7]: success!
  Trying to prove $equiv for \u_core.irq_en_reg [8]: success!
  Trying to prove $equiv for \u_core.irq_en_reg [9]: success!
  Trying to prove $equiv for \u_core.irq_en_reg [10]: success!
  Trying to prove $equiv for \u_core.irq_en_reg [11]: success!
  Trying to prove $equiv for \u_core.irq_en_reg [12]: success!
  Trying to prove $equiv for \u_core.irq_en_reg [13]: success!
  Trying to prove $equiv for \u_core.irq_en_reg [14]: success!
  Trying to prove $equiv for \u_core.irq_en_reg [15]: success!
  Trying to prove $equiv for \u_core.irq_en_reg [16]: success!
  Trying to prove $equiv for \u_core.irq_en_reg [17]: success!
  Trying to prove $equiv for \u_core.irq_en_reg [18]: success!
  Trying to prove $equiv for \u_core.irq_en_reg [19]: success!
  Trying to prove $equiv for \u_core.irq_en_reg [20]: success!
  Trying to prove $equiv for \u_core.irq_en_reg [21]: success!
  Trying to prove $equiv for \u_core.irq_en_reg [22]: success!
  Trying to prove $equiv for \u_core.irq_en_reg [23]: success!
  Trying to prove $equiv for \u_core.irq_en_reg [24]: success!
  Trying to prove $equiv for \u_core.irq_en_reg [25]: success!
  Trying to prove $equiv for \u_core.irq_en_reg [26]: success!
  Trying to prove $equiv for \u_core.irq_en_reg [27]: success!
  Trying to prove $equiv for \u_core.irq_en_reg [28]: success!
  Trying to prove $equiv for \u_core.irq_en_reg [29]: success!
  Trying to prove $equiv for \u_core.irq_en_reg [30]: success!
  Trying to prove $equiv for \u_core.irq_en_reg [31]: success!
  Trying to prove $equiv for \u_core.irq_en_reg [32]: success!
  Trying to prove $equiv for \u_core.irq_en_reg [33]: success!
  Trying to prove $equiv for \u_core.irq_en_reg [34]: success!
  Trying to prove $equiv for \u_core.irq_en_reg [35]: success!
  Trying to prove $equiv for \u_core.irq_en_reg [36]: success!
  Trying to prove $equiv for \u_core.irq_en_reg [37]: success!
  Trying to prove $equiv for \u_core.irq_en_reg [38]: success!
  Trying to prove $equiv for \u_core.irq_en_reg [39]: success!
  Trying to prove $equiv for \u_core.irq_en_reg [40]: success!
  Trying to prove $equiv for \u_core.irq_en_reg [41]: success!
  Trying to prove $equiv for \u_core.irq_en_reg [42]: success!
  Trying to prove $equiv for \u_core.irq_en_reg [43]: success!
  Trying to prove $equiv for \u_core.irq_en_reg [44]: success!
  Trying to prove $equiv for \u_core.irq_en_reg [45]: success!
  Trying to prove $equiv for \u_core.irq_en_reg [46]: success!
  Trying to prove $equiv for \u_core.irq_en_reg [47]: success!
  Trying to prove $equiv for \u_core.irq_en_reg [48]: success!
  Trying to prove $equiv for \u_core.irq_en_reg [49]: success!
  Trying to prove $equiv for \u_core.irq_en_reg [50]: success!
  Trying to prove $equiv for \u_core.irq_en_reg [51]: success!
  Trying to prove $equiv for \u_core.irq_en_reg [52]: success!
  Trying to prove $equiv for \u_core.irq_en_reg [53]: success!
  Trying to prove $equiv for \u_core.irq_en_reg [54]: success!
  Trying to prove $equiv for \u_core.irq_en_reg [55]: success!
  Trying to prove $equiv for \u_core.irq_en_reg [56]: success!
  Trying to prove $equiv for \u_core.irq_en_reg [57]: success!
  Trying to prove $equiv for \u_core.irq_en_reg [58]: success!
  Trying to prove $equiv for \u_core.irq_en_reg [59]: success!
  Trying to prove $equiv for \u_core.irq_en_reg [60]: success!
  Trying to prove $equiv for \u_core.irq_en_reg [61]: success!
  Trying to prove $equiv for \u_core.irq_en_reg [62]: success!
  Trying to prove $equiv for \u_core.irq_en_reg [63]: success!
 Grouping SAT models for \u_core.bounds_reg:
  Trying to prove $equiv for \u_core.bounds_reg [0]: success!
  Trying to prove $equiv for \u_core.bounds_reg [1]: success!
  Trying to prove $equiv for \u_core.bounds_reg [2]: success!
  Trying to prove $equiv for \u_core.bounds_reg [3]: success!
  Trying to prove $equiv for \u_core.bounds_reg [4]: success!
  Trying to prove $equiv for \u_core.bounds_reg [5]: success!
  Trying to prove $equiv for \u_core.bounds_reg [6]: success!
  Trying to prove $equiv for \u_core.bounds_reg [7]: success!
  Trying to prove $equiv for \u_core.bounds_reg [8]: success!
  Trying to prove $equiv for \u_core.bounds_reg [9]: success!
  Trying to prove $equiv for \u_core.bounds_reg [10]: success!
  Trying to prove $equiv for \u_core.bounds_reg [11]: success!
  Trying to prove $equiv for \u_core.bounds_reg [12]: success!
  Trying to prove $equiv for \u_core.bounds_reg [13]: success!
  Trying to prove $equiv for \u_core.bounds_reg [14]: success!
  Trying to prove $equiv for \u_core.bounds_reg [15]: success!
  Trying to prove $equiv for \u_core.bounds_reg [16]: success!
  Trying to prove $equiv for \u_core.bounds_reg [17]: success!
  Trying to prove $equiv for \u_core.bounds_reg [18]: success!
  Trying to prove $equiv for \u_core.bounds_reg [19]: success!
  Trying to prove $equiv for \u_core.bounds_reg [20]: success!
  Trying to prove $equiv for \u_core.bounds_reg [21]: success!
  Trying to prove $equiv for \u_core.bounds_reg [22]: success!
  Trying to prove $equiv for \u_core.bounds_reg [23]: success!
  Trying to prove $equiv for \u_core.bounds_reg [24]: success!
  Trying to prove $equiv for \u_core.bounds_reg [25]: success!
  Trying to prove $equiv for \u_core.bounds_reg [26]: success!
  Trying to prove $equiv for \u_core.bounds_reg [27]: success!
  Trying to prove $equiv for \u_core.bounds_reg [28]: success!
  Trying to prove $equiv for \u_core.bounds_reg [29]: success!
  Trying to prove $equiv for \u_core.bounds_reg [30]: success!
  Trying to prove $equiv for \u_core.bounds_reg [31]: success!
  Trying to prove $equiv for \u_core.bounds_reg [32]: success!
  Trying to prove $equiv for \u_core.bounds_reg [33]: success!
  Trying to prove $equiv for \u_core.bounds_reg [34]: success!
  Trying to prove $equiv for \u_core.bounds_reg [35]: success!
  Trying to prove $equiv for \u_core.bounds_reg [36]: success!
  Trying to prove $equiv for \u_core.bounds_reg [37]: success!
  Trying to prove $equiv for \u_core.bounds_reg [38]: success!
  Trying to prove $equiv for \u_core.bounds_reg [39]: success!
  Trying to prove $equiv for \u_core.bounds_reg [40]: success!
  Trying to prove $equiv for \u_core.bounds_reg [41]: success!
  Trying to prove $equiv for \u_core.bounds_reg [42]: success!
  Trying to prove $equiv for \u_core.bounds_reg [43]: success!
  Trying to prove $equiv for \u_core.bounds_reg [44]: success!
  Trying to prove $equiv for \u_core.bounds_reg [45]: success!
  Trying to prove $equiv for \u_core.bounds_reg [46]: success!
  Trying to prove $equiv for \u_core.bounds_reg [47]: success!
  Trying to prove $equiv for \u_core.bounds_reg [48]: success!
  Trying to prove $equiv for \u_core.bounds_reg [49]: success!
  Trying to prove $equiv for \u_core.bounds_reg [50]: success!
  Trying to prove $equiv for \u_core.bounds_reg [51]: success!
  Trying to prove $equiv for \u_core.bounds_reg [52]: success!
  Trying to prove $equiv for \u_core.bounds_reg [53]: success!
  Trying to prove $equiv for \u_core.bounds_reg [54]: success!
  Trying to prove $equiv for \u_core.bounds_reg [55]: success!
  Trying to prove $equiv for \u_core.bounds_reg [56]: success!
  Trying to prove $equiv for \u_core.bounds_reg [57]: success!
  Trying to prove $equiv for \u_core.bounds_reg [58]: success!
  Trying to prove $equiv for \u_core.bounds_reg [59]: success!
  Trying to prove $equiv for \u_core.bounds_reg [60]: success!
  Trying to prove $equiv for \u_core.bounds_reg [61]: success!
  Trying to prove $equiv for \u_core.bounds_reg [62]: success!
  Trying to prove $equiv for \u_core.bounds_reg [63]: success!
 Grouping SAT models for \u_core.limits_reg:
  Trying to prove $equiv for \u_core.limits_reg [0]: success!
  Trying to prove $equiv for \u_core.limits_reg [1]: success!
  Trying to prove $equiv for \u_core.limits_reg [2]: success!
  Trying to prove $equiv for \u_core.limits_reg [3]: success!
  Trying to prove $equiv for \u_core.limits_reg [4]: success!
  Trying to prove $equiv for \u_core.limits_reg [5]: success!
  Trying to prove $equiv for \u_core.limits_reg [6]: success!
  Trying to prove $equiv for \u_core.limits_reg [7]: success!
  Trying to prove $equiv for \u_core.limits_reg [8]: success!
  Trying to prove $equiv for \u_core.limits_reg [9]: success!
  Trying to prove $equiv for \u_core.limits_reg [10]: success!
  Trying to prove $equiv for \u_core.limits_reg [11]: success!
  Trying to prove $equiv for \u_core.limits_reg [12]: success!
  Trying to prove $equiv for \u_core.limits_reg [13]: success!
  Trying to prove $equiv for \u_core.limits_reg [14]: success!
  Trying to prove $equiv for \u_core.limits_reg [15]: success!
  Trying to prove $equiv for \u_core.limits_reg [16]: success!
  Trying to prove $equiv for \u_core.limits_reg [17]: success!
  Trying to prove $equiv for \u_core.limits_reg [18]: success!
  Trying to prove $equiv for \u_core.limits_reg [19]: success!
  Trying to prove $equiv for \u_core.limits_reg [20]: success!
  Trying to prove $equiv for \u_core.limits_reg [21]: success!
  Trying to prove $equiv for \u_core.limits_reg [22]: success!
  Trying to prove $equiv for \u_core.limits_reg [23]: success!
  Trying to prove $equiv for \u_core.limits_reg [24]: success!
  Trying to prove $equiv for \u_core.limits_reg [25]: success!
  Trying to prove $equiv for \u_core.limits_reg [26]: success!
  Trying to prove $equiv for \u_core.limits_reg [27]: success!
  Trying to prove $equiv for \u_core.limits_reg [28]: success!
  Trying to prove $equiv for \u_core.limits_reg [29]: success!
  Trying to prove $equiv for \u_core.limits_reg [30]: success!
  Trying to prove $equiv for \u_core.limits_reg [31]: success!
  Trying to prove $equiv for \u_core.limits_reg [32]: success!
  Trying to prove $equiv for \u_core.limits_reg [33]: success!
  Trying to prove $equiv for \u_core.limits_reg [34]: success!
  Trying to prove $equiv for \u_core.limits_reg [35]: success!
  Trying to prove $equiv for \u_core.limits_reg [36]: success!
  Trying to prove $equiv for \u_core.limits_reg [37]: success!
  Trying to prove $equiv for \u_core.limits_reg [38]: success!
  Trying to prove $equiv for \u_core.limits_reg [39]: success!
  Trying to prove $equiv for \u_core.limits_reg [40]: success!
  Trying to prove $equiv for \u_core.limits_reg [41]: success!
  Trying to prove $equiv for \u_core.limits_reg [42]: success!
  Trying to prove $equiv for \u_core.limits_reg [43]: success!
  Trying to prove $equiv for \u_core.limits_reg [44]: success!
  Trying to prove $equiv for \u_core.limits_reg [45]: success!
  Trying to prove $equiv for \u_core.limits_reg [46]: success!
  Trying to prove $equiv for \u_core.limits_reg [47]: success!
  Trying to prove $equiv for \u_core.limits_reg [48]: success!
  Trying to prove $equiv for \u_core.limits_reg [49]: success!
  Trying to prove $equiv for \u_core.limits_reg [50]: success!
  Trying to prove $equiv for \u_core.limits_reg [51]: success!
  Trying to prove $equiv for \u_core.limits_reg [52]: success!
  Trying to prove $equiv for \u_core.limits_reg [53]: success!
  Trying to prove $equiv for \u_core.limits_reg [54]: success!
  Trying to prove $equiv for \u_core.limits_reg [55]: success!
  Trying to prove $equiv for \u_core.limits_reg [56]: success!
  Trying to prove $equiv for \u_core.limits_reg [57]: success!
  Trying to prove $equiv for \u_core.limits_reg [58]: success!
  Trying to prove $equiv for \u_core.limits_reg [59]: success!
  Trying to prove $equiv for \u_core.limits_reg [60]: success!
  Trying to prove $equiv for \u_core.limits_reg [61]: success!
  Trying to prove $equiv for \u_core.limits_reg [62]: success!
  Trying to prove $equiv for \u_core.limits_reg [63]: success!
 Grouping SAT models for \u_core.mode_seq_reg:
  Trying to prove $equiv for \u_core.mode_seq_reg [0]: success!
  Trying to prove $equiv for \u_core.mode_seq_reg [1]: success!
  Trying to prove $equiv for \u_core.mode_seq_reg [2]: success!
  Trying to prove $equiv for \u_core.mode_seq_reg [3]: success!
  Trying to prove $equiv for \u_core.mode_seq_reg [4]: success!
  Trying to prove $equiv for \u_core.mode_seq_reg [5]: success!
  Trying to prove $equiv for \u_core.mode_seq_reg [6]: success!
  Trying to prove $equiv for \u_core.mode_seq_reg [7]: success!
  Trying to prove $equiv for \u_core.mode_seq_reg [8]: success!
  Trying to prove $equiv for \u_core.mode_seq_reg [9]: success!
  Trying to prove $equiv for \u_core.mode_seq_reg [10]: success!
  Trying to prove $equiv for \u_core.mode_seq_reg [11]: success!
  Trying to prove $equiv for \u_core.mode_seq_reg [12]: success!
  Trying to prove $equiv for \u_core.mode_seq_reg [13]: success!
  Trying to prove $equiv for \u_core.mode_seq_reg [14]: success!
  Trying to prove $equiv for \u_core.mode_seq_reg [15]: success!
  Trying to prove $equiv for \u_core.mode_seq_reg [16]: success!
  Trying to prove $equiv for \u_core.mode_seq_reg [17]: success!
  Trying to prove $equiv for \u_core.mode_seq_reg [18]: success!
  Trying to prove $equiv for \u_core.mode_seq_reg [19]: success!
  Trying to prove $equiv for \u_core.mode_seq_reg [20]: success!
  Trying to prove $equiv for \u_core.mode_seq_reg [21]: success!
  Trying to prove $equiv for \u_core.mode_seq_reg [22]: success!
  Trying to prove $equiv for \u_core.mode_seq_reg [23]: success!
  Trying to prove $equiv for \u_core.mode_seq_reg [24]: success!
  Trying to prove $equiv for \u_core.mode_seq_reg [25]: success!
  Trying to prove $equiv for \u_core.mode_seq_reg [26]: success!
  Trying to prove $equiv for \u_core.mode_seq_reg [27]: success!
  Trying to prove $equiv for \u_core.mode_seq_reg [28]: success!
  Trying to prove $equiv for \u_core.mode_seq_reg [29]: success!
  Trying to prove $equiv for \u_core.mode_seq_reg [30]: success!
  Trying to prove $equiv for \u_core.mode_seq_reg [31]: success!
  Trying to prove $equiv for \u_core.mode_seq_reg [32]: success!
  Trying to prove $equiv for \u_core.mode_seq_reg [33]: success!
  Trying to prove $equiv for \u_core.mode_seq_reg [34]: success!
  Trying to prove $equiv for \u_core.mode_seq_reg [35]: success!
  Trying to prove $equiv for \u_core.mode_seq_reg [36]: success!
  Trying to prove $equiv for \u_core.mode_seq_reg [37]: success!
  Trying to prove $equiv for \u_core.mode_seq_reg [38]: success!
  Trying to prove $equiv for \u_core.mode_seq_reg [39]: success!
  Trying to prove $equiv for \u_core.mode_seq_reg [40]: success!
  Trying to prove $equiv for \u_core.mode_seq_reg [41]: success!
  Trying to prove $equiv for \u_core.mode_seq_reg [42]: success!
  Trying to prove $equiv for \u_core.mode_seq_reg [43]: success!
  Trying to prove $equiv for \u_core.mode_seq_reg [44]: success!
  Trying to prove $equiv for \u_core.mode_seq_reg [45]: success!
  Trying to prove $equiv for \u_core.mode_seq_reg [46]: success!
  Trying to prove $equiv for \u_core.mode_seq_reg [47]: success!
  Trying to prove $equiv for \u_core.mode_seq_reg [48]: success!
  Trying to prove $equiv for \u_core.mode_seq_reg [49]: success!
  Trying to prove $equiv for \u_core.mode_seq_reg [50]: success!
  Trying to prove $equiv for \u_core.mode_seq_reg [51]: success!
  Trying to prove $equiv for \u_core.mode_seq_reg [52]: success!
  Trying to prove $equiv for \u_core.mode_seq_reg [53]: success!
  Trying to prove $equiv for \u_core.mode_seq_reg [54]: success!
  Trying to prove $equiv for \u_core.mode_seq_reg [55]: success!
  Trying to prove $equiv for \u_core.mode_seq_reg [56]: success!
  Trying to prove $equiv for \u_core.mode_seq_reg [57]: success!
  Trying to prove $equiv for \u_core.mode_seq_reg [58]: success!
  Trying to prove $equiv for \u_core.mode_seq_reg [59]: success!
  Trying to prove $equiv for \u_core.mode_seq_reg [60]: success!
  Trying to prove $equiv for \u_core.mode_seq_reg [61]: success!
  Trying to prove $equiv for \u_core.mode_seq_reg [62]: success!
  Trying to prove $equiv for \u_core.mode_seq_reg [63]: success!
 Grouping SAT models for \u_core.mmio_rdata_r:
  Trying to prove $equiv for \u_core.mmio_rdata_r [0]: success!
  Trying to prove $equiv for \u_core.mmio_rdata_r [1]: success!
  Trying to prove $equiv for \u_core.mmio_rdata_r [2]: success!
  Trying to prove $equiv for \u_core.mmio_rdata_r [3]: success!
  Trying to prove $equiv for \u_core.mmio_rdata_r [4]: success!
  Trying to prove $equiv for \u_core.mmio_rdata_r [5]: success!
  Trying to prove $equiv for \u_core.mmio_rdata_r [6]: success!
  Trying to prove $equiv for \u_core.mmio_rdata_r [7]: success!
  Trying to prove $equiv for \u_core.mmio_rdata_r [8]: success!
  Trying to prove $equiv for \u_core.mmio_rdata_r [9]: success!
  Trying to prove $equiv for \u_core.mmio_rdata_r [10]: success!
  Trying to prove $equiv for \u_core.mmio_rdata_r [11]: success!
  Trying to prove $equiv for \u_core.mmio_rdata_r [12]: success!
  Trying to prove $equiv for \u_core.mmio_rdata_r [13]: success!
  Trying to prove $equiv for \u_core.mmio_rdata_r [14]: success!
  Trying to prove $equiv for \u_core.mmio_rdata_r [15]: success!
  Trying to prove $equiv for \u_core.mmio_rdata_r [16]: success!
  Trying to prove $equiv for \u_core.mmio_rdata_r [17]: success!
  Trying to prove $equiv for \u_core.mmio_rdata_r [18]: success!
  Trying to prove $equiv for \u_core.mmio_rdata_r [19]: success!
  Trying to prove $equiv for \u_core.mmio_rdata_r [20]: success!
  Trying to prove $equiv for \u_core.mmio_rdata_r [21]: success!
  Trying to prove $equiv for \u_core.mmio_rdata_r [22]: success!
  Trying to prove $equiv for \u_core.mmio_rdata_r [23]: success!
  Trying to prove $equiv for \u_core.mmio_rdata_r [24]: success!
  Trying to prove $equiv for \u_core.mmio_rdata_r [25]: success!
  Trying to prove $equiv for \u_core.mmio_rdata_r [26]: success!
  Trying to prove $equiv for \u_core.mmio_rdata_r [27]: success!
  Trying to prove $equiv for \u_core.mmio_rdata_r [28]: success!
  Trying to prove $equiv for \u_core.mmio_rdata_r [29]: success!
  Trying to prove $equiv for \u_core.mmio_rdata_r [30]: success!
  Trying to prove $equiv for \u_core.mmio_rdata_r [31]: success!
  Trying to prove $equiv for \u_core.mmio_rdata_r [32]: success!
  Trying to prove $equiv for \u_core.mmio_rdata_r [33]: success!
  Trying to prove $equiv for \u_core.mmio_rdata_r [34]: success!
  Trying to prove $equiv for \u_core.mmio_rdata_r [35]: success!
  Trying to prove $equiv for \u_core.mmio_rdata_r [36]: success!
  Trying to prove $equiv for \u_core.mmio_rdata_r [37]: success!
  Trying to prove $equiv for \u_core.mmio_rdata_r [38]: success!
  Trying to prove $equiv for \u_core.mmio_rdata_r [39]: success!
  Trying to prove $equiv for \u_core.mmio_rdata_r [40]: success!
  Trying to prove $equiv for \u_core.mmio_rdata_r [41]: success!
  Trying to prove $equiv for \u_core.mmio_rdata_r [42]: success!
  Trying to prove $equiv for \u_core.mmio_rdata_r [43]: success!
  Trying to prove $equiv for \u_core.mmio_rdata_r [44]: success!
  Trying to prove $equiv for \u_core.mmio_rdata_r [45]: success!
  Trying to prove $equiv for \u_core.mmio_rdata_r [46]: success!
  Trying to prove $equiv for \u_core.mmio_rdata_r [47]: success!
  Trying to prove $equiv for \u_core.mmio_rdata_r [48]: success!
  Trying to prove $equiv for \u_core.mmio_rdata_r [49]: success!
  Trying to prove $equiv for \u_core.mmio_rdata_r [50]: success!
  Trying to prove $equiv for \u_core.mmio_rdata_r [51]: success!
  Trying to prove $equiv for \u_core.mmio_rdata_r [52]: success!
  Trying to prove $equiv for \u_core.mmio_rdata_r [53]: success!
  Trying to prove $equiv for \u_core.mmio_rdata_r [54]: success!
  Trying to prove $equiv for \u_core.mmio_rdata_r [55]: success!
  Trying to prove $equiv for \u_core.mmio_rdata_r [56]: success!
  Trying to prove $equiv for \u_core.mmio_rdata_r [57]: success!
  Trying to prove $equiv for \u_core.mmio_rdata_r [58]: success!
  Trying to prove $equiv for \u_core.mmio_rdata_r [59]: success!
  Trying to prove $equiv for \u_core.mmio_rdata_r [60]: success!
  Trying to prove $equiv for \u_core.mmio_rdata_r [61]: success!
  Trying to prove $equiv for \u_core.mmio_rdata_r [62]: success!
  Trying to prove $equiv for \u_core.mmio_rdata_r [63]: success!
  Trying to prove $equiv for \u_core.irq: failed.
 Grouping SAT models for \u_core.act_cmd_data:
  Trying to prove $equiv for \u_core.act_cmd_data [0]: failed.
  Trying to prove $equiv for \u_core.act_cmd_data [1]: failed.
  Trying to prove $equiv for \u_core.act_cmd_data [2]: failed.
  Trying to prove $equiv for \u_core.act_cmd_data [3]: failed.
  Trying to prove $equiv for \u_core.act_cmd_data [4]: failed.
  Trying to prove $equiv for \u_core.act_cmd_data [5]: failed.
  Trying to prove $equiv for \u_core.act_cmd_data [6]: failed.
  Trying to prove $equiv for \u_core.act_cmd_data [7]: failed.
  Trying to prove $equiv for \u_core.act_cmd_data [8]: failed.
  Trying to prove $equiv for \u_core.act_cmd_data [9]: failed.
  Trying to prove $equiv for \u_core.act_cmd_data [10]: failed.
  Trying to prove $equiv for \u_core.act_cmd_data [11]: failed.
  Trying to prove $equiv for \u_core.act_cmd_data [12]: failed.
  Trying to prove $equiv for \u_core.act_cmd_data [13]: failed.
  Trying to prove $equiv for \u_core.act_cmd_data [14]: failed.
  Trying to prove $equiv for \u_core.act_cmd_data [15]: failed.
  Trying to prove $equiv for \u_core.act_cmd_data [16]: failed.
  Trying to prove $equiv for \u_core.act_cmd_data [17]: failed.
  Trying to prove $equiv for \u_core.act_cmd_data [18]: failed.
  Trying to prove $equiv for \u_core.act_cmd_data [19]: failed.
  Trying to prove $equiv for \u_core.act_cmd_data [20]: failed.
  Trying to prove $equiv for \u_core.act_cmd_data [21]: failed.
  Trying to prove $equiv for \u_core.act_cmd_data [22]: failed.
  Trying to prove $equiv for \u_core.act_cmd_data [23]: failed.
  Trying to prove $equiv for \u_core.act_cmd_data [24]: failed.
  Trying to prove $equiv for \u_core.act_cmd_data [25]: failed.
  Trying to prove $equiv for \u_core.act_cmd_data [26]: failed.
  Trying to prove $equiv for \u_core.act_cmd_data [27]: failed.
  Trying to prove $equiv for \u_core.act_cmd_data [28]: failed.
  Trying to prove $equiv for \u_core.act_cmd_data [29]: failed.
  Trying to prove $equiv for \u_core.act_cmd_data [30]: failed.
  Trying to prove $equiv for \u_core.act_cmd_data [31]: failed.
  Trying to prove $equiv for \u_core.act_cmd_fault: failed.
  Trying to prove $equiv for \u_core.act_cmd_valid: failed.
 Grouping SAT models for { \u_core.rsp_data [63:54] \u_core.rsp_data [33] }:
  Trying to prove $equiv for \u_core.rsp_data [33]: failed.
  Trying to prove $equiv for \u_core.rsp_data [54]: failed.
  Trying to prove $equiv for \u_core.rsp_data [55]: failed.
  Trying to prove $equiv for \u_core.rsp_data [56]: failed.
  Trying to prove $equiv for \u_core.rsp_data [57]: failed.
  Trying to prove $equiv for \u_core.rsp_data [58]: failed.
  Trying to prove $equiv for \u_core.rsp_data [59]: failed.
  Trying to prove $equiv for \u_core.rsp_data [60]: failed.
  Trying to prove $equiv for \u_core.rsp_data [61]: failed.
  Trying to prove $equiv for \u_core.rsp_data [62]: failed.
  Trying to prove $equiv for \u_core.rsp_data [63]: failed.
  Trying to prove $equiv for \u_core.rsp_ready: failed.
 Grouping SAT models for { \u_core.req_data [63:31] \u_core.req_data [29:20] \u_core.req_data [18:0] }:
  Trying to prove $equiv for \u_core.req_data [0]: failed.
  Trying to prove $equiv for \u_core.req_data [1]: failed.
  Trying to prove $equiv for \u_core.req_data [2]: failed.
  Trying to prove $equiv for \u_core.req_data [3]: failed.
  Trying to prove $equiv for \u_core.req_data [4]: failed.
  Trying to prove $equiv for \u_core.req_data [5]: failed.
  Trying to prove $equiv for \u_core.req_data [6]: failed.
  Trying to prove $equiv for \u_core.req_data [7]: failed.
  Trying to prove $equiv for \u_core.req_data [8]: failed.
  Trying to prove $equiv for \u_core.req_data [9]: failed.
  Trying to prove $equiv for \u_core.req_data [10]: failed.
  Trying to prove $equiv for \u_core.req_data [11]: failed.
  Trying to prove $equiv for \u_core.req_data [12]: failed.
  Trying to prove $equiv for \u_core.req_data [13]: failed.
  Trying to prove $equiv for \u_core.req_data [14]: failed.
  Trying to prove $equiv for \u_core.req_data [15]: failed.
  Trying to prove $equiv for \u_core.req_data [16]: failed.
  Trying to prove $equiv for \u_core.req_data [17]: failed.
  Trying to prove $equiv for \u_core.req_data [18]: failed.
  Trying to prove $equiv for \u_core.req_data [20]: failed.
  Trying to prove $equiv for \u_core.req_data [21]: failed.
  Trying to prove $equiv for \u_core.req_data [22]: failed.
  Trying to prove $equiv for \u_core.req_data [23]: failed.
  Trying to prove $equiv for \u_core.req_data [24]: failed.
  Trying to prove $equiv for \u_core.req_data [25]: failed.
  Trying to prove $equiv for \u_core.req_data [26]: failed.
  Trying to prove $equiv for \u_core.req_data [27]: failed.
  Trying to prove $equiv for \u_core.req_data [28]: failed.
  Trying to prove $equiv for \u_core.req_data [29]: failed.
  Trying to prove $equiv for \u_core.req_data [31]: failed.
  Trying to prove $equiv for \u_core.req_data [32]: failed.
  Trying to prove $equiv for \u_core.req_data [33]: failed.
  Trying to prove $equiv for \u_core.req_data [34]: failed.
  Trying to prove $equiv for \u_core.req_data [35]: failed.
  Trying to prove $equiv for \u_core.req_data [36]: failed.
  Trying to prove $equiv for \u_core.req_data [37]: failed.
  Trying to prove $equiv for \u_core.req_data [38]: failed.
  Trying to prove $equiv for \u_core.req_data [39]: failed.
  Trying to prove $equiv for \u_core.req_data [40]: failed.
  Trying to prove $equiv for \u_core.req_data [41]: failed.
  Trying to prove $equiv for \u_core.req_data [42]: failed.
  Trying to prove $equiv for \u_core.req_data [43]: failed.
  Trying to prove $equiv for \u_core.req_data [44]: failed.
  Trying to prove $equiv for \u_core.req_data [45]: failed.
  Trying to prove $equiv for \u_core.req_data [46]: failed.
  Trying to prove $equiv for \u_core.req_data [47]: failed.
  Trying to prove $equiv for \u_core.req_data [48]: failed.
  Trying to prove $equiv for \u_core.req_data [49]: failed.
  Trying to prove $equiv for \u_core.req_data [50]: failed.
  Trying to prove $equiv for \u_core.req_data [51]: failed.
  Trying to prove $equiv for \u_core.req_data [52]: failed.
  Trying to prove $equiv for \u_core.req_data [53]: failed.
  Trying to prove $equiv for \u_core.req_data [54]: failed.
  Trying to prove $equiv for \u_core.req_data [55]: failed.
  Trying to prove $equiv for \u_core.req_data [56]: failed.
  Trying to prove $equiv for \u_core.req_data [57]: failed.
  Trying to prove $equiv for \u_core.req_data [58]: failed.
  Trying to prove $equiv for \u_core.req_data [59]: failed.
  Trying to prove $equiv for \u_core.req_data [60]: failed.
  Trying to prove $equiv for \u_core.req_data [61]: failed.
  Trying to prove $equiv for \u_core.req_data [62]: failed.
  Trying to prove $equiv for \u_core.req_data [63]: failed.
  Trying to prove $equiv for \u_core.req_ready: failed.
  Trying to prove $equiv for \u_core.req_valid: failed.
  Trying to prove $equiv for \u_core.mmio_re: failed.
  Trying to prove $equiv for \u_core.mmio_we: failed.
 Grouping SAT models for \u_core.mmio_wdata:
  Trying to prove $equiv for \u_core.mmio_wdata [0]: failed.
  Trying to prove $equiv for \u_core.mmio_wdata [1]: failed.
  Trying to prove $equiv for \u_core.mmio_wdata [2]: failed.
  Trying to prove $equiv for \u_core.mmio_wdata [3]: failed.
  Trying to prove $equiv for \u_core.mmio_wdata [4]: failed.
  Trying to prove $equiv for \u_core.mmio_wdata [5]: failed.
  Trying to prove $equiv for \u_core.mmio_wdata [6]: failed.
  Trying to prove $equiv for \u_core.mmio_wdata [7]: failed.
  Trying to prove $equiv for \u_core.mmio_wdata [8]: failed.
  Trying to prove $equiv for \u_core.mmio_wdata [9]: failed.
  Trying to prove $equiv for \u_core.mmio_wdata [10]: failed.
  Trying to prove $equiv for \u_core.mmio_wdata [11]: failed.
  Trying to prove $equiv for \u_core.mmio_wdata [12]: failed.
  Trying to prove $equiv for \u_core.mmio_wdata [13]: failed.
  Trying to prove $equiv for \u_core.mmio_wdata [14]: failed.
  Trying to prove $equiv for \u_core.mmio_wdata [15]: failed.
  Trying to prove $equiv for \u_core.mmio_wdata [16]: failed.
  Trying to prove $equiv for \u_core.mmio_wdata [17]: failed.
  Trying to prove $equiv for \u_core.mmio_wdata [18]: failed.
  Trying to prove $equiv for \u_core.mmio_wdata [19]: failed.
  Trying to prove $equiv for \u_core.mmio_wdata [20]: failed.
  Trying to prove $equiv for \u_core.mmio_wdata [21]: failed.
  Trying to prove $equiv for \u_core.mmio_wdata [22]: failed.
  Trying to prove $equiv for \u_core.mmio_wdata [23]: failed.
  Trying to prove $equiv for \u_core.mmio_wdata [24]: failed.
  Trying to prove $equiv for \u_core.mmio_wdata [25]: failed.
  Trying to prove $equiv for \u_core.mmio_wdata [26]: failed.
  Trying to prove $equiv for \u_core.mmio_wdata [27]: failed.
  Trying to prove $equiv for \u_core.mmio_wdata [28]: failed.
  Trying to prove $equiv for \u_core.mmio_wdata [29]: failed.
  Trying to prove $equiv for \u_core.mmio_wdata [30]: failed.
  Trying to prove $equiv for \u_core.mmio_wdata [31]: failed.
  Trying to prove $equiv for \u_core.mmio_wdata [32]: failed.
  Trying to prove $equiv for \u_core.mmio_wdata [33]: failed.
  Trying to prove $equiv for \u_core.mmio_wdata [34]: failed.
  Trying to prove $equiv for \u_core.mmio_wdata [35]: failed.
  Trying to prove $equiv for \u_core.mmio_wdata [36]: failed.
  Trying to prove $equiv for \u_core.mmio_wdata [37]: failed.
  Trying to prove $equiv for \u_core.mmio_wdata [38]: failed.
  Trying to prove $equiv for \u_core.mmio_wdata [39]: failed.
  Trying to prove $equiv for \u_core.mmio_wdata [40]: failed.
  Trying to prove $equiv for \u_core.mmio_wdata [41]: failed.
  Trying to prove $equiv for \u_core.mmio_wdata [42]: failed.
  Trying to prove $equiv for \u_core.mmio_wdata [43]: failed.
  Trying to prove $equiv for \u_core.mmio_wdata [44]: failed.
  Trying to prove $equiv for \u_core.mmio_wdata [45]: failed.
  Trying to prove $equiv for \u_core.mmio_wdata [46]: failed.
  Trying to prove $equiv for \u_core.mmio_wdata [47]: failed.
  Trying to prove $equiv for \u_core.mmio_wdata [48]: failed.
  Trying to prove $equiv for \u_core.mmio_wdata [49]: failed.
  Trying to prove $equiv for \u_core.mmio_wdata [50]: failed.
  Trying to prove $equiv for \u_core.mmio_wdata [51]: failed.
  Trying to prove $equiv for \u_core.mmio_wdata [52]: failed.
  Trying to prove $equiv for \u_core.mmio_wdata [53]: failed.
  Trying to prove $equiv for \u_core.mmio_wdata [54]: failed.
  Trying to prove $equiv for \u_core.mmio_wdata [55]: failed.
  Trying to prove $equiv for \u_core.mmio_wdata [56]: failed.
  Trying to prove $equiv for \u_core.mmio_wdata [57]: failed.
  Trying to prove $equiv for \u_core.mmio_wdata [58]: failed.
  Trying to prove $equiv for \u_core.mmio_wdata [59]: failed.
  Trying to prove $equiv for \u_core.mmio_wdata [60]: failed.
  Trying to prove $equiv for \u_core.mmio_wdata [61]: failed.
  Trying to prove $equiv for \u_core.mmio_wdata [62]: failed.
  Trying to prove $equiv for \u_core.mmio_wdata [63]: failed.
 Grouping SAT models for \u_core.mmio_addr:
  Trying to prove $equiv for \u_core.mmio_addr [0]: failed.
  Trying to prove $equiv for \u_core.mmio_addr [1]: failed.
  Trying to prove $equiv for \u_core.mmio_addr [2]: failed.
  Trying to prove $equiv for \u_core.mmio_addr [3]: failed.
  Trying to prove $equiv for \u_core.reset_n: success!
  Trying to prove $equiv for \u_core.clk: success!
Proved 790 previously unproven $equiv cells.

15. Executing EQUIV_INDUCT pass.
Found 455 unproven $equiv cells in module equiv:
  Undef modelling: force def on 2099 initial reg values and 5 inputs.
  Proving existence of base case for step 1. (307812 clauses over 116045 variables)
  Proving induction step 1. (721566 clauses over 268406 variables)
  Proof for induction step failed. Extending to next time step.
  Proving existence of base case for step 2. (721567 clauses over 268406 variables)
  Proving induction step 2. (1135324 clauses over 420768 variables)
  Proof for induction step failed. Extending to next time step.
  Proving existence of base case for step 3. (1135325 clauses over 420768 variables)
  Proving induction step 3. (1549082 clauses over 573130 variables)
  Proof for induction step failed. Extending to next time step.
  Proving existence of base case for step 4. (1549083 clauses over 573130 variables)
  Proving induction step 4. (1962840 clauses over 725492 variables)
  Proof for induction step failed. Extending to next time step.
  Proving existence of base case for step 5. (1962841 clauses over 725492 variables)
  Proving induction step 5. (2376598 clauses over 877854 variables)
  Proof for induction step failed. Extending to next time step.
  Proving existence of base case for step 6. (2376599 clauses over 877854 variables)
  Proving induction step 6. (2790356 clauses over 1030216 variables)
  Proof for induction step failed. Extending to next time step.
  Proving existence of base case for step 7. (2790357 clauses over 1030216 variables)
  Proving induction step 7. (3204114 clauses over 1182578 variables)
  Proof for induction step failed. Extending to next time step.
  Proving existence of base case for step 8. (3204115 clauses over 1182578 variables)
  Proving induction step 8. (3617872 clauses over 1334940 variables)
  Proof for induction step failed. Extending to next time step.
  Proving existence of base case for step 9. (3617873 clauses over 1334940 variables)
  Proving induction step 9. (4031630 clauses over 1487302 variables)
  Proof for induction step failed. Extending to next time step.
  Proving existence of base case for step 10. (4031631 clauses over 1487302 variables)
  Proving induction step 10. (4445388 clauses over 1639664 variables)
  Proof for induction step failed. Extending to next time step.
  Proving existence of base case for step 11. (4445389 clauses over 1639664 variables)
  Proving induction step 11. (4859146 clauses over 1792026 variables)
  Proof for induction step failed. Extending to next time step.
  Proving existence of base case for step 12. (4859147 clauses over 1792026 variables)
  Proving induction step 12. (5272904 clauses over 1944388 variables)
  Proof for induction step failed. Trying to prove individual $equiv from workset.
  Trying to prove $equiv for \core_rsp_data [50]: success!
  Trying to prove $equiv for \core_rsp_data [39]: success!
  Trying to prove $equiv for \core_rsp_data [43]: success!
  Trying to prove $equiv for \core_rsp_data [34]: success!
  Trying to prove $equiv for \core_rsp_data [42]: success!
  Trying to prove $equiv for \core_rsp_data [53]: success!
  Trying to prove $equiv for \core_rsp_data [35]: success!
  Trying to prove $equiv for \core_rsp_data [37]: success!
  Trying to prove $equiv for \spi_cs_prev: success!
  Trying to prove $equiv for \core_rsp_data [38]: success!
  Trying to prove $equiv for \core_rsp_data [40]: success!
  Trying to prove $equiv for \core_rsp_data [48]: success!
  Trying to prove $equiv for \core_rsp_data [52]: success!
  Trying to prove $equiv for \core_rsp_data [41]: success!
  Trying to prove $equiv for \core_rsp_data [47]: success!
  Trying to prove $equiv for \core_rsp_data [46]: success!
  Trying to prove $equiv for \core_rsp_data [36]: success!
  Trying to prove $equiv for \core_rsp_data [45]: success!
  Trying to prove $equiv for \core_rsp_data [44]: success!
  Trying to prove $equiv for \core_rsp_data [51]: success!
  Trying to prove $equiv for \core_rsp_data [49]: success!
  Trying to prove $equiv for \rx_active [88]: success!
  Trying to prove $equiv for \rx_active [89]: success!
  Trying to prove $equiv for \rx_active [90]: success!
  Trying to prove $equiv for \rx_active [91]: success!
  Trying to prove $equiv for \rx_active [92]: success!
  Trying to prove $equiv for \rx_active [93]: success!
  Trying to prove $equiv for \rx_active [94]: success!
  Trying to prove $equiv for \rx_active [97]: success!
  Trying to prove $equiv for \rx_active [100]: success!
  Trying to prove $equiv for \rx_active [103]: success!
  Trying to prove $equiv for \rx_active [102]: success!
  Trying to prove $equiv for \rx_active [98]: success!
  Trying to prove $equiv for \rx_active [101]: success!
  Trying to prove $equiv for \rx_active [95]: success!
  Trying to prove $equiv for \rx_active [96]: success!
  Trying to prove $equiv for \rx_active [99]: success!
  Trying to prove $equiv for \core_req_data [19]: success!
  Trying to prove $equiv for \core_req_data [30]: success!
  Trying to prove $equiv for \core_rsp_data [32]: success!
  Trying to prove $equiv for \tx_snapshot [19]: success!
  Trying to prove $equiv for \tx_snapshot [18]: success!
  Trying to prove $equiv for \tx_snapshot [33]: success!
  Trying to prove $equiv for \tx_snapshot [15]: success!
  Trying to prove $equiv for \tx_snapshot [11]: success!
  Trying to prove $equiv for \tx_snapshot [21]: success!
  Trying to prove $equiv for \tx_snapshot [8]: success!
  Trying to prove $equiv for \tx_snapshot [23]: success!
  Trying to prove $equiv for \tx_snapshot [3]: success!
  Trying to prove $equiv for \tx_snapshot [10]: success!
  Trying to prove $equiv for \tx_snapshot [17]: success!
  Trying to prove $equiv for \tx_snapshot [25]: success!
  Trying to prove $equiv for \tx_snapshot [27]: success!
  Trying to prove $equiv for \tx_snapshot [7]: success!
  Trying to prove $equiv for \tx_snapshot [14]: success!
  Trying to prove $equiv for \tx_snapshot [4]: success!
  Trying to prove $equiv for \tx_snapshot [28]: success!
  Trying to prove $equiv for \tx_snapshot [29]: success!
  Trying to prove $equiv for \tx_snapshot [5]: success!
  Trying to prove $equiv for \tx_snapshot [6]: success!
  Trying to prove $equiv for \tx_snapshot [16]: success!
  Trying to prove $equiv for \tx_snapshot [24]: success!
  Trying to prove $equiv for \tx_snapshot [9]: success!
  Trying to prove $equiv for \tx_snapshot [22]: success!
  Trying to prove $equiv for \tx_snapshot [26]: success!
  Trying to prove $equiv for \tx_snapshot [0]: success!
  Trying to prove $equiv for \tx_snapshot [2]: success!
  Trying to prove $equiv for \tx_snapshot [13]: success!
  Trying to prove $equiv for \tx_snapshot [20]: success!
  Trying to prove $equiv for \tx_snapshot [1]: success!
  Trying to prove $equiv for \tx_snapshot [12]: success!
  Trying to prove $equiv for \tx_snapshot [30]: success!
  Trying to prove $equiv for \tx_snapshot [31]: success!
  Trying to prove $equiv for \tx_snapshot [32]: success!
  Trying to prove $equiv for \tx_snapshot [86]: success!
  Trying to prove $equiv for \tx_snapshot [88]: success!
  Trying to prove $equiv for \tx_snapshot [40]: success!
  Trying to prove $equiv for \tx_snapshot [37]: success!
  Trying to prove $equiv for \tx_snapshot [69]: success!
  Trying to prove $equiv for \tx_snapshot [78]: success!
  Trying to prove $equiv for \tx_snapshot [34]: success!
  Trying to prove $equiv for \tx_snapshot [41]: success!
  Trying to prove $equiv for \tx_snapshot [58]: success!
  Trying to prove $equiv for \tx_snapshot [61]: success!
  Trying to prove $equiv for \tx_snapshot [81]: success!
  Trying to prove $equiv for \tx_snapshot [42]: success!
  Trying to prove $equiv for \tx_snapshot [82]: success!
  Trying to prove $equiv for \tx_snapshot [87]: success!
  Trying to prove $equiv for \tx_snapshot [39]: success!
  Trying to prove $equiv for \tx_snapshot [89]: success!
  Trying to prove $equiv for \tx_snapshot [91]: success!
  Trying to prove $equiv for \tx_snapshot [75]: success!
  Trying to prove $equiv for \tx_snapshot [59]: success!
  Trying to prove $equiv for \tx_snapshot [93]: success!
  Trying to prove $equiv for \tx_snapshot [95]: success!
  Trying to prove $equiv for \tx_snapshot [96]: success!
  Trying to prove $equiv for \tx_snapshot [83]: success!
  Trying to prove $equiv for \tx_snapshot [35]: success!
  Trying to prove $equiv for \tx_snapshot [46]: success!
  Trying to prove $equiv for \tx_snapshot [64]: success!
  Trying to prove $equiv for \tx_snapshot [72]: success!
  Trying to prove $equiv for \tx_snapshot [79]: success!
  Trying to prove $equiv for \tx_snapshot [92]: success!
  Trying to prove $equiv for \tx_snapshot [52]: success!
  Trying to prove $equiv for \tx_snapshot [54]: success!
  Trying to prove $equiv for \tx_snapshot [43]: success!
  Trying to prove $equiv for \tx_snapshot [94]: success!
  Trying to prove $equiv for \tx_snapshot [63]: success!
  Trying to prove $equiv for \tx_snapshot [44]: success!
  Trying to prove $equiv for \tx_snapshot [48]: success!
  Trying to prove $equiv for \tx_snapshot [70]: success!
  Trying to prove $equiv for \tx_snapshot [67]: success!
  Trying to prove $equiv for \tx_snapshot [47]: success!
  Trying to prove $equiv for \tx_snapshot [50]: success!
  Trying to prove $equiv for \tx_snapshot [73]: success!
  Trying to prove $equiv for \tx_snapshot [36]: success!
  Trying to prove $equiv for \tx_snapshot [68]: success!
  Trying to prove $equiv for \tx_snapshot [53]: success!
  Trying to prove $equiv for \tx_snapshot [65]: success!
  Trying to prove $equiv for \tx_snapshot [74]: success!
  Trying to prove $equiv for \tx_snapshot [38]: success!
  Trying to prove $equiv for \tx_snapshot [55]: success!
  Trying to prove $equiv for \tx_snapshot [76]: success!
  Trying to prove $equiv for \tx_snapshot [49]: success!
  Trying to prove $equiv for \tx_snapshot [84]: success!
  Trying to prove $equiv for \tx_snapshot [85]: success!
  Trying to prove $equiv for \tx_snapshot [90]: success!
  Trying to prove $equiv for \tx_snapshot [97]: success!
  Trying to prove $equiv for \tx_snapshot [77]: success!
  Trying to prove $equiv for \tx_snapshot [51]: success!
  Trying to prove $equiv for \tx_snapshot [57]: success!
  Trying to prove $equiv for \tx_snapshot [62]: success!
  Trying to prove $equiv for \tx_snapshot [45]: success!
  Trying to prove $equiv for \tx_snapshot [66]: success!
  Trying to prove $equiv for \tx_snapshot [80]: success!
  Trying to prove $equiv for \tx_snapshot [56]: success!
  Trying to prove $equiv for \tx_snapshot [60]: success!
  Trying to prove $equiv for \tx_snapshot [71]: success!
  Trying to prove $equiv for \tx_snapshot [98]: success!
  Trying to prove $equiv for \tx_snapshot [100]: success!
  Trying to prove $equiv for \tx_snapshot [99]: success!
  Trying to prove $equiv for \u_core.act_cmd_data [19]: success!
  Trying to prove $equiv for \u_core.act_cmd_data [2]: success!
  Trying to prove $equiv for \u_core.act_cmd_data [25]: success!
  Trying to prove $equiv for \u_core.act_cmd_data [21]: success!
  Trying to prove $equiv for \u_core.act_cmd_data [18]: success!
  Trying to prove $equiv for \u_core.act_cmd_data [29]: success!
  Trying to prove $equiv for \u_core.act_cmd_data [8]: success!
  Trying to prove $equiv for \u_core.act_cmd_data [15]: success!
  Trying to prove $equiv for \u_core.act_cmd_data [20]: success!
  Trying to prove $equiv for \u_core.act_cmd_data [23]: success!
  Trying to prove $equiv for \u_core.act_cmd_valid: success!
  Trying to prove $equiv for \u_core.act_cmd_data [5]: success!
  Trying to prove $equiv for \u_core.act_cmd_data [11]: success!
  Trying to prove $equiv for \u_core.act_cmd_data [31]: success!
  Trying to prove $equiv for \u_core.act_cmd_data [14]: success!
  Trying to prove $equiv for \u_core.act_cmd_data [13]: success!
  Trying to prove $equiv for \u_core.act_cmd_data [3]: success!
  Trying to prove $equiv for \u_core.act_cmd_data [9]: success!
  Trying to prove $equiv for \u_core.act_cmd_data [12]: success!
  Trying to prove $equiv for \u_core.act_cmd_data [0]: success!
  Trying to prove $equiv for \u_core.act_cmd_data [6]: success!
  Trying to prove $equiv for \u_core.act_cmd_data [7]: success!
  Trying to prove $equiv for \u_core.act_cmd_data [28]: success!
  Trying to prove $equiv for \u_core.act_cmd_data [30]: success!
  Trying to prove $equiv for \u_core.act_cmd_fault: success!
  Trying to prove $equiv for \u_core.act_cmd_data [27]: success!
  Trying to prove $equiv for \u_core.act_cmd_data [1]: success!
  Trying to prove $equiv for \u_core.act_cmd_data [17]: success!
  Trying to prove $equiv for \u_core.act_cmd_data [10]: success!
  Trying to prove $equiv for \u_core.act_cmd_data [26]: success!
  Trying to prove $equiv for \u_core.act_cmd_data [16]: success!
  Trying to prove $equiv for \u_core.act_cmd_data [22]: success!
  Trying to prove $equiv for \u_core.act_cmd_data [24]: success!
  Trying to prove $equiv for \u_core.act_cmd_data [4]: success!
  Trying to prove $equiv for \u_core.irq: success!
  Trying to prove $equiv for \u_core.mmio_addr [1]: success!
  Trying to prove $equiv for \u_core.mmio_addr [2]: success!
  Trying to prove $equiv for \u_core.mmio_addr [3]: success!
  Trying to prove $equiv for \u_core.mmio_addr [0]: success!
  Trying to prove $equiv for \u_core.mmio_re: success!
  Trying to prove $equiv for \u_core.mmio_wdata [35]: success!
  Trying to prove $equiv for \u_core.mmio_wdata [0]: success!
  Trying to prove $equiv for \u_core.mmio_wdata [20]: success!
  Trying to prove $equiv for \u_core.mmio_wdata [30]: success!
  Trying to prove $equiv for \u_core.mmio_wdata [10]: success!
  Trying to prove $equiv for \u_core.mmio_wdata [38]: success!
  Trying to prove $equiv for \u_core.mmio_wdata [3]: success!
  Trying to prove $equiv for \u_core.mmio_wdata [16]: success!
  Trying to prove $equiv for \u_core.mmio_wdata [31]: success!
  Trying to prove $equiv for \u_core.mmio_wdata [7]: success!
  Trying to prove $equiv for \u_core.mmio_wdata [42]: success!
  Trying to prove $equiv for \u_core.mmio_wdata [46]: success!
  Trying to prove $equiv for \u_core.mmio_wdata [5]: success!
  Trying to prove $equiv for \u_core.mmio_wdata [37]: success!
  Trying to prove $equiv for \u_core.mmio_wdata [34]: success!
  Trying to prove $equiv for \u_core.mmio_wdata [1]: success!
  Trying to prove $equiv for \u_core.mmio_wdata [8]: success!
  Trying to prove $equiv for \u_core.mmio_wdata [36]: success!
  Trying to prove $equiv for \u_core.mmio_wdata [28]: success!
  Trying to prove $equiv for \u_core.mmio_wdata [39]: success!
  Trying to prove $equiv for \u_core.mmio_wdata [44]: success!
  Trying to prove $equiv for \u_core.mmio_wdata [21]: success!
  Trying to prove $equiv for \u_core.mmio_wdata [22]: success!
  Trying to prove $equiv for \u_core.mmio_wdata [40]: success!
  Trying to prove $equiv for \u_core.mmio_wdata [6]: success!
  Trying to prove $equiv for \u_core.mmio_wdata [9]: success!
  Trying to prove $equiv for \u_core.mmio_wdata [45]: success!
  Trying to prove $equiv for \u_core.mmio_wdata [47]: success!
  Trying to prove $equiv for \u_core.mmio_wdata [14]: success!
  Trying to prove $equiv for \u_core.mmio_wdata [48]: success!
  Trying to prove $equiv for \u_core.mmio_wdata [49]: success!
  Trying to prove $equiv for \u_core.mmio_wdata [51]: success!
  Trying to prove $equiv for \u_core.mmio_wdata [53]: success!
  Trying to prove $equiv for \u_core.mmio_wdata [54]: success!
  Trying to prove $equiv for \u_core.mmio_wdata [4]: success!
  Trying to prove $equiv for \u_core.mmio_wdata [29]: success!
  Trying to prove $equiv for \u_core.mmio_wdata [26]: success!
  Trying to prove $equiv for \u_core.mmio_wdata [2]: success!
  Trying to prove $equiv for \u_core.mmio_wdata [17]: success!
  Trying to prove $equiv for \u_core.mmio_wdata [15]: success!
  Trying to prove $equiv for \u_core.mmio_wdata [41]: success!
  Trying to prove $equiv for \u_core.mmio_wdata [43]: success!
  Trying to prove $equiv for \u_core.mmio_wdata [55]: success!
  Trying to prove $equiv for \u_core.mmio_wdata [59]: success!
  Trying to prove $equiv for \u_core.mmio_wdata [60]: success!
  Trying to prove $equiv for \u_core.mmio_wdata [56]: success!
  Trying to prove $equiv for \u_core.mmio_wdata [33]: success!
  Trying to prove $equiv for \u_core.mmio_wdata [11]: success!
  Trying to prove $equiv for \u_core.mmio_wdata [50]: success!
  Trying to prove $equiv for \u_core.mmio_wdata [61]: success!
  Trying to prove $equiv for \u_core.mmio_wdata [62]: success!
  Trying to prove $equiv for \u_core.mmio_wdata [57]: success!
  Trying to prove $equiv for \u_core.mmio_wdata [63]: success!
  Trying to prove $equiv for \u_core.mmio_wdata [18]: success!
  Trying to prove $equiv for \u_core.mmio_wdata [27]: success!
  Trying to prove $equiv for \u_core.mmio_wdata [13]: success!
  Trying to prove $equiv for \u_core.mmio_wdata [24]: success!
  Trying to prove $equiv for \u_core.mmio_wdata [52]: success!
  Trying to prove $equiv for \u_core.mmio_wdata [58]: success!
  Trying to prove $equiv for \u_core.mmio_wdata [23]: success!
  Trying to prove $equiv for \u_core.mmio_wdata [19]: success!
  Trying to prove $equiv for \u_core.mmio_wdata [32]: success!
  Trying to prove $equiv for \u_core.mmio_wdata [12]: success!
  Trying to prove $equiv for \u_core.mmio_wdata [25]: success!
  Trying to prove $equiv for \u_core.mmio_we: success!
  Trying to prove $equiv for \u_core.outstanding_age_reg [15]: success!
  Trying to prove $equiv for \u_core.outstanding_age_reg [8]: success!
  Trying to prove $equiv for \u_core.outstanding_seq_reg [6]: success!
  Trying to prove $equiv for \u_core.outstanding_age_reg [14]: success!
  Trying to prove $equiv for \u_core.outstanding_seq_reg [1]: success!
  Trying to prove $equiv for \u_core.outstanding_seq_reg [12]: success!
  Trying to prove $equiv for \u_core.outstanding_seq_reg [14]: success!
  Trying to prove $equiv for \u_core.outstanding_age_reg [5]: success!
  Trying to prove $equiv for \u_core.read_data_next [3]: failed.
  Trying to prove $equiv for \u_core.outstanding_age_reg [10]: success!
  Trying to prove $equiv for \u_core.outstanding_age_reg [1]: success!
  Trying to prove $equiv for \u_core.outstanding_seq_reg [8]: success!
  Trying to prove $equiv for \u_core.read_data_next [1]: failed.
  Trying to prove $equiv for \u_core.outstanding_valid_reg: success!
  Trying to prove $equiv for \u_core.outstanding_seq_reg [10]: success!
  Trying to prove $equiv for \u_core.outstanding_seq_reg [2]: success!
  Trying to prove $equiv for \u_core.read_data_next [6]: success!
  Trying to prove $equiv for \u_core.outstanding_seq_reg [0]: success!
  Trying to prove $equiv for \u_core.read_data_next [7]: success!
  Trying to prove $equiv for \u_core.read_data_next [8]: success!
  Trying to prove $equiv for \u_core.outstanding_age_reg [7]: success!
  Trying to prove $equiv for \u_core.read_data_next [4]: failed.
  Trying to prove $equiv for \u_core.outstanding_age_reg [13]: success!
  Trying to prove $equiv for \u_core.outstanding_age_reg [12]: success!
  Trying to prove $equiv for \u_core.outstanding_seq_reg [4]: success!
  Trying to prove $equiv for \u_core.read_data_next [20]: success!
  Trying to prove $equiv for \u_core.read_data_next [22]: success!
  Trying to prove $equiv for \u_core.read_data_next [23]: success!
  Trying to prove $equiv for \u_core.outstanding_seq_reg [11]: success!
  Trying to prove $equiv for \u_core.outstanding_age_reg [6]: success!
  Trying to prove $equiv for \u_core.outstanding_age_reg [4]: success!
  Trying to prove $equiv for \u_core.outstanding_age_reg [2]: success!
  Trying to prove $equiv for \u_core.outstanding_seq_reg [15]: success!
  Trying to prove $equiv for \u_core.outstanding_age_reg [9]: success!
  Trying to prove $equiv for \u_core.read_data_next [2]: failed.
  Trying to prove $equiv for \u_core.outstanding_seq_reg [3]: success!
  Trying to prove $equiv for \u_core.outstanding_seq_reg [13]: success!
  Trying to prove $equiv for \u_core.read_data_next [16]: success!
  Trying to prove $equiv for \u_core.read_data_next [17]: success!
  Trying to prove $equiv for \u_core.read_data_next [18]: success!
  Trying to prove $equiv for \u_core.read_data_next [19]: success!
  Trying to prove $equiv for \u_core.read_data_next [24]: success!
  Trying to prove $equiv for \u_core.outstanding_age_reg [11]: success!
  Trying to prove $equiv for \u_core.outstanding_age_reg [3]: success!
  Trying to prove $equiv for \u_core.outstanding_seq_reg [5]: success!
  Trying to prove $equiv for \u_core.read_data_next [21]: success!
  Trying to prove $equiv for \u_core.read_data_next [25]: success!
  Trying to prove $equiv for \u_core.outstanding_age_reg [0]: success!
  Trying to prove $equiv for \u_core.read_data_next [26]: success!
  Trying to prove $equiv for \u_core.read_data_next [5]: success!
  Trying to prove $equiv for \u_core.outstanding_seq_reg [7]: success!
  Trying to prove $equiv for \u_core.read_data_next [27]: success!
  Trying to prove $equiv for \u_core.outstanding_seq_reg [9]: success!
  Trying to prove $equiv for \u_core.read_data_next [28]: success!
  Trying to prove $equiv for \u_core.read_data_next [29]: success!
  Trying to prove $equiv for \u_core.read_data_next [0]: failed.
  Trying to prove $equiv for \u_core.req_data [1]: success!
  Trying to prove $equiv for \u_core.req_data [3]: success!
  Trying to prove $equiv for \u_core.read_data_next [36]: success!
  Trying to prove $equiv for \u_core.read_data_next [46]: success!
  Trying to prove $equiv for \u_core.read_data_next [39]: success!
  Trying to prove $equiv for \u_core.req_data [4]: success!
  Trying to prove $equiv for \u_core.req_data [5]: success!
  Trying to prove $equiv for \u_core.req_data [7]: success!
  Trying to prove $equiv for \u_core.req_data [12]: success!
  Trying to prove $equiv for \u_core.req_data [13]: success!
  Trying to prove $equiv for \u_core.read_data_next [30]: success!
  Trying to prove $equiv for \u_core.read_data_next [33]: success!
  Trying to prove $equiv for \u_core.req_data [6]: success!
  Trying to prove $equiv for \u_core.req_data [14]: success!
  Trying to prove $equiv for \u_core.req_data [16]: success!
  Trying to prove $equiv for \u_core.req_data [18]: success!
  Trying to prove $equiv for \u_core.req_data [20]: success!
  Trying to prove $equiv for \u_core.req_data [0]: success!
  Trying to prove $equiv for \u_core.read_data_next [37]: success!
  Trying to prove $equiv for \u_core.req_data [21]: success!
  Trying to prove $equiv for \u_core.req_data [15]: success!
  Trying to prove $equiv for \u_core.read_data_next [32]: success!
  Trying to prove $equiv for \u_core.read_data_next [34]: success!
  Trying to prove $equiv for \u_core.read_data_next [38]: success!
  Trying to prove $equiv for \u_core.req_data [9]: success!
  Trying to prove $equiv for \u_core.read_data_next [35]: success!
  Trying to prove $equiv for \u_core.req_data [8]: success!
  Trying to prove $equiv for \u_core.req_data [10]: success!
  Trying to prove $equiv for \u_core.req_data [11]: success!
  Trying to prove $equiv for \u_core.read_data_next [40]: success!
  Trying to prove $equiv for \u_core.req_data [17]: success!
  Trying to prove $equiv for \u_core.req_data [22]: success!
  Trying to prove $equiv for \u_core.read_data_next [31]: success!
  Trying to prove $equiv for \u_core.read_data_next [43]: success!
  Trying to prove $equiv for \u_core.read_data_next [44]: success!
  Trying to prove $equiv for \u_core.read_data_next [42]: success!
  Trying to prove $equiv for \u_core.read_data_next [47]: success!
  Trying to prove $equiv for \u_core.req_data [2]: success!
  Trying to prove $equiv for \u_core.read_data_next [41]: success!
  Trying to prove $equiv for \u_core.read_data_next [45]: success!
  Trying to prove $equiv for \u_core.req_data [49]: success!
  Trying to prove $equiv for \u_core.req_data [23]: success!
  Trying to prove $equiv for \u_core.req_data [24]: success!
  Trying to prove $equiv for \u_core.req_data [26]: success!
  Trying to prove $equiv for \u_core.req_data [42]: success!
  Trying to prove $equiv for \u_core.req_data [44]: success!
  Trying to prove $equiv for \u_core.req_data [47]: success!
  Trying to prove $equiv for \u_core.req_data [60]: success!
  Trying to prove $equiv for \u_core.req_data [63]: success!
  Trying to prove $equiv for \u_core.req_data [54]: success!
  Trying to prove $equiv for \u_core.req_data [38]: success!
  Trying to prove $equiv for \u_core.req_data [58]: success!
  Trying to prove $equiv for \u_core.req_data [35]: success!
  Trying to prove $equiv for \u_core.req_data [40]: success!
  Trying to prove $equiv for \u_core.req_data [27]: success!
  Trying to prove $equiv for \u_core.req_data [28]: success!
  Trying to prove $equiv for \u_core.req_data [57]: success!
  Trying to prove $equiv for \u_core.req_data [61]: success!
  Trying to prove $equiv for \u_core.req_data [50]: success!
  Trying to prove $equiv for \u_core.req_data [56]: success!
  Trying to prove $equiv for \u_core.req_data [41]: success!
  Trying to prove $equiv for \u_core.req_data [48]: success!
  Trying to prove $equiv for \u_core.req_data [51]: success!
  Trying to prove $equiv for \u_core.req_data [32]: success!
  Trying to prove $equiv for \u_core.req_data [45]: success!
  Trying to prove $equiv for \u_core.req_data [52]: success!
  Trying to prove $equiv for \u_core.req_data [53]: success!
  Trying to prove $equiv for \u_core.req_data [36]: success!
  Trying to prove $equiv for \u_core.req_data [59]: success!
  Trying to prove $equiv for \u_core.req_data [46]: success!
  Trying to prove $equiv for \u_core.req_data [37]: success!
  Trying to prove $equiv for \u_core.req_data [43]: success!
  Trying to prove $equiv for \u_core.req_data [33]: success!
  Trying to prove $equiv for \u_core.req_data [55]: success!
  Trying to prove $equiv for \u_core.req_data [34]: success!
  Trying to prove $equiv for \u_core.req_data [62]: success!
  Trying to prove $equiv for \u_core.req_data [29]: success!
  Trying to prove $equiv for \u_core.req_data [25]: success!
  Trying to prove $equiv for \u_core.req_data [39]: success!
  Trying to prove $equiv for \u_core.req_data [31]: success!
  Trying to prove $equiv for \u_core.req_valid: success!
  Trying to prove $equiv for \u_core.req_ready: success!
  Trying to prove $equiv for \u_core.rsp_data [54]: success!
  Trying to prove $equiv for \u_core.rsp_data [55]: success!
  Trying to prove $equiv for \u_core.rsp_data [56]: success!
  Trying to prove $equiv for \u_core.rsp_data [57]: success!
  Trying to prove $equiv for \u_core.rsp_data [58]: success!
  Trying to prove $equiv for \u_core.rsp_data [59]: success!
  Trying to prove $equiv for \u_core.rsp_data [60]: success!
  Trying to prove $equiv for \u_core.rsp_data [61]: success!
  Trying to prove $equiv for \u_core.rsp_data [33]: success!
  Trying to prove $equiv for \u_core.rsp_seq_in [3]: success!
  Trying to prove $equiv for \u_core.rsp_seq_in [2]: success!
  Trying to prove $equiv for \u_core.rsp_valid_sync: success!
  Trying to prove $equiv for \u_core.status_reg_r [3]: success!
  Trying to prove $equiv for \u_core.status_reg_r [7]: success!
  Trying to prove $equiv for \u_core.status_reg_r [8]: success!
  Trying to prove $equiv for \u_core.status_reg_r [16]: success!
  Trying to prove $equiv for \u_core.status_reg_r [25]: success!
  Trying to prove $equiv for \u_core.rsp_seq_in [5]: success!
  Trying to prove $equiv for \u_core.status_reg_r [26]: success!
  Trying to prove $equiv for \u_core.rsp_seq_in [7]: success!
  Trying to prove $equiv for \u_core.state_reg [1]: success!
  Trying to prove $equiv for \u_core.status_reg_r [18]: success!
  Trying to prove $equiv for \u_core.status_reg_r [29]: success!
  Trying to prove $equiv for \u_core.rsp_seq_in [1]: success!
  Trying to prove $equiv for \u_core.state_reg [0]: success!
  Trying to prove $equiv for \u_core.rsp_seq_in [8]: success!
  Trying to prove $equiv for \u_core.rsp_seq_in [14]: success!
  Trying to prove $equiv for \u_core.status_reg_r [20]: success!
  Trying to prove $equiv for \u_core.status_reg_r [30]: success!
  Trying to prove $equiv for \u_core.status_reg_r [31]: success!
  Trying to prove $equiv for \u_core.status_reg_r [32]: success!
  Trying to prove $equiv for \u_core.status_reg_r [33]: success!
  Trying to prove $equiv for \u_core.status_reg_r [34]: success!
  Trying to prove $equiv for \u_core.rsp_seq_in [12]: success!
  Trying to prove $equiv for \u_core.rsp_seq_in [15]: success!
  Trying to prove $equiv for \u_core.status_reg_r [6]: success!
  Trying to prove $equiv for \u_core.rsp_ready: success!
  Trying to prove $equiv for \u_core.rsp_seq_in [9]: success!
  Trying to prove $equiv for \u_core.rsp_seq_in [10]: success!
  Trying to prove $equiv for \u_core.status_reg_r [17]: success!
  Trying to prove $equiv for \u_core.status_reg_r [21]: success!
  Trying to prove $equiv for \u_core.status_reg_r [22]: success!
  Trying to prove $equiv for \u_core.status_reg_r [0]: success!
  Trying to prove $equiv for \u_core.rsp_seq_in [6]: success!
  Trying to prove $equiv for \u_core.status_reg_r [23]: success!
  Trying to prove $equiv for \u_core.status_reg_r [24]: success!
  Trying to prove $equiv for \u_core.status_reg_r [28]: success!
  Trying to prove $equiv for \u_core.status_reg_r [36]: success!
  Trying to prove $equiv for \u_core.rsp_seq_in [0]: success!
  Trying to prove $equiv for \u_core.status_reg_r [4]: success!
  Trying to prove $equiv for \u_core.rsp_seq_in [4]: success!
  Trying to prove $equiv for \u_core.rsp_seq_in [13]: success!
  Trying to prove $equiv for \u_core.status_reg_r [19]: success!
  Trying to prove $equiv for \u_core.status_reg_r [37]: success!
  Trying to prove $equiv for \u_core.status_reg_r [35]: success!
  Trying to prove $equiv for \u_core.rsp_data [63]: success!
  Trying to prove $equiv for \u_core.rsp_data [62]: success!
  Trying to prove $equiv for \u_core.rsp_seq_in [11]: success!
  Trying to prove $equiv for \u_core.status_reg_r [27]: success!
  Trying to prove $equiv for \u_core.status_reg_r [44]: success!
  Trying to prove $equiv for \u_core.status_reg_r [43]: success!
  Trying to prove $equiv for \u_core.status_stale_reject_reg: success!
  Trying to prove $equiv for \u_core.status_reg_r [40]: success!
  Trying to prove $equiv for \u_core.status_reg_r [46]: success!
  Trying to prove $equiv for \u_core.status_reg_r [41]: success!
  Trying to prove $equiv for \u_core.status_reg_r [42]: success!
  Trying to prove $equiv for \u_core.status_reg_r [39]: success!
  Trying to prove $equiv for \u_core.status_req_accepted_reg: success!
  Trying to prove $equiv for \u_core.status_reg_r [47]: success!
  Trying to prove $equiv for \u_core.status_reg_r [38]: success!
  Trying to prove $equiv for \u_core.status_reg_r [45]: success!
Proved 450 previously unproven $equiv cells.

16. Executing EQUIV_STATUS pass.
Found 1247 $equiv cells in equiv:
  Of those cells 1242 are proven and 5 are unproven.
  Unproven $equiv $auto$equiv_make.cc:294:find_same_wires$2556: \u_core.read_data_next_gold [4] \u_core.read_data_next_gate [4]
  Unproven $equiv $auto$equiv_make.cc:294:find_same_wires$2555: \u_core.read_data_next_gold [3] \u_core.read_data_next_gate [3]
  Unproven $equiv $auto$equiv_make.cc:294:find_same_wires$2554: \u_core.read_data_next_gold [2] \u_core.read_data_next_gate [2]
  Unproven $equiv $auto$equiv_make.cc:294:find_same_wires$2553: \u_core.read_data_next_gold [1] \u_core.read_data_next_gate [1]
  Unproven $equiv $auto$equiv_make.cc:294:find_same_wires$2552: \u_core.read_data_next_gold [0] \u_core.read_data_next_gate [0]
Found a total of 5 unproven $equiv cells.
ERROR: Found 5 unproven $equiv cells in 'equiv_status -assert'.
