/----------------------------------------------------------------------------\
 |                                                                            |
 |  yosys -- Yosys Open SYnthesis Suite                                       |
 |                                                                            |
 |  Copyright (C) 2012 - 2020  Claire Xenia Wolf <claire@yosyshq.com>         |
 |                                                                            |
 |  Permission to use, copy, modify, and/or distribute this software for any  |
 |  purpose with or without fee is hereby granted, provided that the above    |
 |  copyright notice and this permission notice appear in all copies.         |
 |                                                                            |
 |  THE SOFTWARE IS PROVIDED "AS IS" AND THE AUTHOR DISCLAIMS ALL WARRANTIES  |
 |  WITH REGARD TO THIS SOFTWARE INCLUDING ALL IMPLIED WARRANTIES OF          |
 |  MERCHANTABILITY AND FITNESS. IN NO EVENT SHALL THE AUTHOR BE LIABLE FOR   |
 |  ANY SPECIAL, DIRECT, INDIRECT, OR CONSEQUENTIAL DAMAGES OR ANY DAMAGES    |
 |  WHATSOEVER RESULTING FROM LOSS OF USE, DATA OR PROFITS, WHETHER IN AN     |
 |  ACTION OF CONTRACT, NEGLIGENCE OR OTHER TORTIOUS ACTION, ARISING OUT OF   |
 |  OR IN CONNECTION WITH THE USE OR PERFORMANCE OF THIS SOFTWARE.            |
 |                                                                            |
 \----------------------------------------------------------------------------/

 Yosys 0.33 (git sha1 2584903a060)


-- Executing script file `/root/chiploop-backend/backend/workflows/b5169f86-3621-4078-b1b6-536ed5391eb2/fpga/target_explorer/ulx3s_ecp5_45f/baseline/synth/synth.ys' --

1. Executing Verilog-2005 frontend: /root/chiploop-backend/backend/workflows/b5169f86-3621-4078-b1b6-536ed5391eb2/fpga/src/upstream/adaptive_aero_control_top.v
Parsing SystemVerilog input from `/root/chiploop-backend/backend/workflows/b5169f86-3621-4078-b1b6-536ed5391eb2/fpga/src/upstream/adaptive_aero_control_top.v' to AST representation.
Generating RTLIL representation for module `\adaptive_aero_control_top'.
Successfully finished Verilog frontend.

2. Executing Verilog-2005 frontend: /root/chiploop-backend/backend/workflows/b5169f86-3621-4078-b1b6-536ed5391eb2/fpga/src/upstream/aero_csr_regs.v
Parsing SystemVerilog input from `/root/chiploop-backend/backend/workflows/b5169f86-3621-4078-b1b6-536ed5391eb2/fpga/src/upstream/aero_csr_regs.v' to AST representation.
Generating RTLIL representation for module `\aero_csr_regs'.
Successfully finished Verilog frontend.

3. Executing Verilog-2005 frontend: /root/chiploop-backend/backend/workflows/b5169f86-3621-4078-b1b6-536ed5391eb2/fpga/src/upstream/aero_packet_codec.v
Parsing SystemVerilog input from `/root/chiploop-backend/backend/workflows/b5169f86-3621-4078-b1b6-536ed5391eb2/fpga/src/upstream/aero_packet_codec.v' to AST representation.
Generating RTLIL representation for module `\aero_packet_codec'.
Successfully finished Verilog frontend.

4. Executing Verilog-2005 frontend: /root/chiploop-backend/backend/workflows/b5169f86-3621-4078-b1b6-536ed5391eb2/fpga/src/upstream/aero_transaction_ctrl.v
Parsing SystemVerilog input from `/root/chiploop-backend/backend/workflows/b5169f86-3621-4078-b1b6-536ed5391eb2/fpga/src/upstream/aero_transaction_ctrl.v' to AST representation.
Generating RTLIL representation for module `\aero_transaction_ctrl'.
Successfully finished Verilog frontend.

5. Executing SYNTH_ECP5 pass.

5.1. Executing Verilog-2005 frontend: /usr/bin/../share/yosys/ecp5/cells_sim.v
Parsing Verilog input from `/usr/bin/../share/yosys/ecp5/cells_sim.v' to AST representation.
Generating RTLIL representation for module `\LUT4'.
Generating RTLIL representation for module `\$__ABC9_LUT5'.
Generating RTLIL representation for module `\$__ABC9_LUT6'.
Generating RTLIL representation for module `\$__ABC9_LUT7'.
Generating RTLIL representation for module `\L6MUX21'.
Generating RTLIL representation for module `\CCU2C'.
Generating RTLIL representation for module `\TRELLIS_RAM16X2'.
Generating RTLIL representation for module `\PFUMX'.
Generating RTLIL representation for module `\TRELLIS_DPR16X4'.
Generating RTLIL representation for module `\DPR16X4C'.
Generating RTLIL representation for module `\LUT2'.
Generating RTLIL representation for module `\TRELLIS_FF'.
Generating RTLIL representation for module `\TRELLIS_IO'.
Generating RTLIL representation for module `\INV'.
Generating RTLIL representation for module `\TRELLIS_COMB'.
Generating RTLIL representation for module `\DP16KD'.
Generating RTLIL representation for module `\FD1P3AX'.
Generating RTLIL representation for module `\FD1P3AY'.
Generating RTLIL representation for module `\FD1P3BX'.
Generating RTLIL representation for module `\FD1P3DX'.
Generating RTLIL representation for module `\FD1P3IX'.
Generating RTLIL representation for module `\FD1P3JX'.
Generating RTLIL representation for module `\FD1S3AX'.
Generating RTLIL representation for module `\FD1S3AY'.
Generating RTLIL representation for module `\FD1S3BX'.
Generating RTLIL representation for module `\FD1S3DX'.
Generating RTLIL representation for module `\FD1S3IX'.
Generating RTLIL representation for module `\FD1S3JX'.
Generating RTLIL representation for module `\IFS1P3BX'.
Generating RTLIL representation for module `\IFS1P3DX'.
Generating RTLIL representation for module `\IFS1P3IX'.
Generating RTLIL representation for module `\IFS1P3JX'.
Generating RTLIL representation for module `\OFS1P3BX'.
Generating RTLIL representation for module `\OFS1P3DX'.
Generating RTLIL representation for module `\OFS1P3IX'.
Generating RTLIL representation for module `\OFS1P3JX'.
Generating RTLIL representation for module `\IB'.
Generating RTLIL representation for module `\IBPU'.
Generating RTLIL representation for module `\IBPD'.
Generating RTLIL representation for module `\OB'.
Generating RTLIL representation for module `\OBZ'.
Generating RTLIL representation for module `\OBZPU'.
Generating RTLIL representation for module `\OBZPD'.
Generating RTLIL representation for module `\OBCO'.
Generating RTLIL representation for module `\BB'.
Generating RTLIL representation for module `\BBPU'.
Generating RTLIL representation for module `\BBPD'.
Generating RTLIL representation for module `\ILVDS'.
Generating RTLIL representation for module `\OLVDS'.
Successfully finished Verilog frontend.

5.2. Executing Verilog-2005 frontend: /usr/bin/../share/yosys/ecp5/cells_bb.v
Parsing Verilog input from `/usr/bin/../share/yosys/ecp5/cells_bb.v' to AST representation.
Generating RTLIL representation for module `\MULT18X18D'.
Generating RTLIL representation for module `\ALU54B'.
Generating RTLIL representation for module `\EHXPLLL'.
Generating RTLIL representation for module `\DTR'.
Generating RTLIL representation for module `\OSCG'.
Generating RTLIL representation for module `\USRMCLK'.
Generating RTLIL representation for module `\JTAGG'.
Generating RTLIL representation for module `\DELAYF'.
Generating RTLIL representation for module `\DELAYG'.
Generating RTLIL representation for module `\IDDRX1F'.
Generating RTLIL representation for module `\IDDRX2F'.
Generating RTLIL representation for module `\IDDR71B'.
Generating RTLIL representation for module `\IDDRX2DQA'.
Generating RTLIL representation for module `\ODDRX1F'.
Generating RTLIL representation for module `\ODDRX2F'.
Generating RTLIL representation for module `\ODDR71B'.
Generating RTLIL representation for module `\OSHX2A'.
Generating RTLIL representation for module `\ODDRX2DQA'.
Generating RTLIL representation for module `\ODDRX2DQSB'.
Generating RTLIL representation for module `\TSHX2DQA'.
Generating RTLIL representation for module `\TSHX2DQSA'.
Generating RTLIL representation for module `\DQSBUFM'.
Generating RTLIL representation for module `\DDRDLLA'.
Generating RTLIL representation for module `\DLLDELD'.
Generating RTLIL representation for module `\CLKDIVF'.
Generating RTLIL representation for module `\ECLKSYNCB'.
Generating RTLIL representation for module `\ECLKBRIDGECS'.
Generating RTLIL representation for module `\DCCA'.
Generating RTLIL representation for module `\DCSC'.
Generating RTLIL representation for module `\DCUA'.
Generating RTLIL representation for module `\EXTREFB'.
Generating RTLIL representation for module `\PCSCLKDIV'.
Generating RTLIL representation for module `\PUR'.
Generating RTLIL representation for module `\GSR'.
Generating RTLIL representation for module `\SGSR'.
Generating RTLIL representation for module `\PDPW16KD'.
Successfully finished Verilog frontend.

5.3. Executing HIERARCHY pass (managing design hierarchy).

5.3.1. Analyzing design hierarchy..
Top module:  \adaptive_aero_control_top
Used module:     \aero_csr_regs
Used module:     \aero_transaction_ctrl
Used module:     \aero_packet_codec

5.3.2. Analyzing design hierarchy..
Top module:  \adaptive_aero_control_top
Used module:     \aero_csr_regs
Used module:     \aero_transaction_ctrl
Used module:     \aero_packet_codec
Removed 0 unused modules.

5.4. Executing PROC pass (convert processes to netlists).

5.4.1. Executing PROC_CLEAN pass (remove empty switches from decision trees).
Found and cleaned up 1 empty switch in `\TRELLIS_DPR16X4.$proc$/usr/bin/../share/yosys/ecp5/cells_sim.v:213$151'.
Cleaned up 1 empty switch.

5.4.2. Executing PROC_RMDEAD pass (remove dead branches from decision trees).
Marked 1 switch rules as full_case in process $proc$/usr/bin/../share/yosys/ecp5/cells_sim.v:350$258 in module TRELLIS_FF.
Marked 1 switch rules as full_case in process $proc$/usr/bin/../share/yosys/ecp5/cells_sim.v:285$210 in module DPR16X4C.
Marked 1 switch rules as full_case in process $proc$/usr/bin/../share/yosys/ecp5/cells_sim.v:221$152 in module TRELLIS_DPR16X4.
Marked 7 switch rules as full_case in process $proc$/root/chiploop-backend/backend/workflows/b5169f86-3621-4078-b1b6-536ed5391eb2/fpga/src/upstream/aero_transaction_ctrl.v:79$16 in module aero_transaction_ctrl.
Marked 1 switch rules as full_case in process $proc$/root/chiploop-backend/backend/workflows/b5169f86-3621-4078-b1b6-536ed5391eb2/fpga/src/upstream/aero_packet_codec.v:38$4 in module aero_packet_codec.
Marked 2 switch rules as full_case in process $proc$/root/chiploop-backend/backend/workflows/b5169f86-3621-4078-b1b6-536ed5391eb2/fpga/src/upstream/aero_csr_regs.v:42$2 in module aero_csr_regs.
Removed a total of 0 dead cases.

5.4.3. Executing PROC_PRUNE pass (remove redundant assignments in processes).
Removed 7 redundant assignments.
Promoted 44 assignments to connections.

5.4.4. Executing PROC_INIT pass (extract init attributes).
Found init rule in `\TRELLIS_FF.$proc$/usr/bin/../share/yosys/ecp5/cells_sim.v:0$259'.
  Set init value: \Q = 1'0

5.4.5. Executing PROC_ARST pass (detect async resets in processes).
Found async reset \rst_n in `\aero_transaction_ctrl.$proc$/root/chiploop-backend/backend/workflows/b5169f86-3621-4078-b1b6-536ed5391eb2/fpga/src/upstream/aero_transaction_ctrl.v:79$16'.
Found async reset \rst_n in `\aero_packet_codec.$proc$/root/chiploop-backend/backend/workflows/b5169f86-3621-4078-b1b6-536ed5391eb2/fpga/src/upstream/aero_packet_codec.v:38$4'.
Found async reset \rst_n in `\aero_csr_regs.$proc$/root/chiploop-backend/backend/workflows/b5169f86-3621-4078-b1b6-536ed5391eb2/fpga/src/upstream/aero_csr_regs.v:42$2'.

5.4.6. Executing PROC_ROM pass (convert switches to ROMs).
Converted 0 switches.
<suppressed ~19 debug messages>

5.4.7. Executing PROC_MUX pass (convert decision trees to multiplexers).
Creating decoders for process `\TRELLIS_FF.$proc$/usr/bin/../share/yosys/ecp5/cells_sim.v:0$259'.
Creating decoders for process `\TRELLIS_FF.$proc$/usr/bin/../share/yosys/ecp5/cells_sim.v:350$258'.
     1/1: $0\Q[0:0]
Creating decoders for process `\DPR16X4C.$proc$/usr/bin/../share/yosys/ecp5/cells_sim.v:0$233'.
Creating decoders for process `\DPR16X4C.$proc$/usr/bin/../share/yosys/ecp5/cells_sim.v:285$210'.
     1/3: $1$memwr$\ram$/usr/bin/../share/yosys/ecp5/cells_sim.v:287$209_EN[3:0]$216
     2/3: $1$memwr$\ram$/usr/bin/../share/yosys/ecp5/cells_sim.v:287$209_DATA[3:0]$215
     3/3: $1$memwr$\ram$/usr/bin/../share/yosys/ecp5/cells_sim.v:287$209_ADDR[3:0]$214
Creating decoders for process `\TRELLIS_DPR16X4.$proc$/usr/bin/../share/yosys/ecp5/cells_sim.v:0$176'.
Creating decoders for process `\TRELLIS_DPR16X4.$proc$/usr/bin/../share/yosys/ecp5/cells_sim.v:221$152'.
     1/3: $1$memwr$\mem$/usr/bin/../share/yosys/ecp5/cells_sim.v:223$150_EN[3:0]$158
     2/3: $1$memwr$\mem$/usr/bin/../share/yosys/ecp5/cells_sim.v:223$150_DATA[3:0]$157
     3/3: $1$memwr$\mem$/usr/bin/../share/yosys/ecp5/cells_sim.v:223$150_ADDR[3:0]$156
Creating decoders for process `\TRELLIS_DPR16X4.$proc$/usr/bin/../share/yosys/ecp5/cells_sim.v:213$151'.
Creating decoders for process `\aero_transaction_ctrl.$proc$/root/chiploop-backend/backend/workflows/b5169f86-3621-4078-b1b6-536ed5391eb2/fpga/src/upstream/aero_transaction_ctrl.v:79$16'.
     1/27: $5\clamped_cmd[31:0]
     2/27: $4\clamped_cmd[31:0]
     3/27: $3\clamped_cmd[31:0]
     4/27: $3\selected_cmd[31:0]
     5/27: $2\clamped_cmd[31:0]
     6/27: $2\selected_cmd[31:0]
     7/27: $0\transport_req_valid_r[0:0]
     8/27: $0\busy_r[0:0]
     9/27: $1\clamped_cmd[31:0]
    10/27: $1\selected_cmd[31:0]
    11/27: $0\clamp_hit_r[0:0]
    12/27: $0\timeout_hit_r[0:0]
    13/27: $0\outstanding_r[0:0]
    14/27: $0\outstanding_age_r[7:0]
    15/27: $0\outstanding_seq_r[7:0]
    16/27: $0\age_counter_r[31:0]
    17/27: $0\transport_req_payload_r[31:0]
    18/27: $0\transport_req_status_r[7:0]
    19/27: $0\transport_req_age_r[7:0]
    20/27: $0\transport_req_seq_r[7:0]
    21/27: $0\actuator_valid_r[0:0]
    22/27: $0\actuator_cmd_r[31:0]
    23/27: $0\error_code_r[31:0]
    24/27: $0\last_age_r[7:0]
    25/27: $0\last_seq_r[7:0]
    26/27: $0\fallback_active_r[0:0]
    27/27: $0\fault_latched_r[0:0]
Creating decoders for process `\aero_packet_codec.$proc$/root/chiploop-backend/backend/workflows/b5169f86-3621-4078-b1b6-536ed5391eb2/fpga/src/upstream/aero_packet_codec.v:38$4'.
     1/8: $0\cmd_ready_r[0:0]
     2/8: $0\resp_valid_r[0:0]
     3/8: $0\resp_out_r[127:0]
     4/8: $0\meta_payload_r[31:0]
     5/8: $0\velocity_r[15:0]
     6/8: $0\age_tag_r[7:0]
     7/8: $0\seq_num_r[7:0]
     8/8: $0\msg_type_r[3:0]
Creating decoders for process `\aero_csr_regs.$proc$/root/chiploop-backend/backend/workflows/b5169f86-3621-4078-b1b6-536ed5391eb2/fpga/src/upstream/aero_csr_regs.v:42$2'.
     1/8: $0\reg_rdata_r[31:0]
     2/8: $0\clear_fault_r[0:0]
     3/8: $0\fallback_cmd_r[31:0]
     4/8: $0\act_max_r[31:0]
     5/8: $0\act_min_r[31:0]
     6/8: $0\timeout_limit_r[31:0]
     7/8: $0\arm_fallback_r[0:0]
     8/8: $0\enable_r[0:0]

5.4.8. Executing PROC_DLATCH pass (convert process syncs to latches).

5.4.9. Executing PROC_DFF pass (convert process syncs to FFs).
Creating register for signal `\TRELLIS_FF.\Q' using process `\TRELLIS_FF.$proc$/usr/bin/../share/yosys/ecp5/cells_sim.v:350$258'.
  created $dff cell `$procdff$505' with positive edge clock.
Creating register for signal `\DPR16X4C.\i' using process `\DPR16X4C.$proc$/usr/bin/../share/yosys/ecp5/cells_sim.v:0$233'.
  created direct connection (no actual register cell created).
Creating register for signal `\DPR16X4C.$memwr$\ram$/usr/bin/../share/yosys/ecp5/cells_sim.v:281$194_EN' using process `\DPR16X4C.$proc$/usr/bin/../share/yosys/ecp5/cells_sim.v:0$233'.
  created direct connection (no actual register cell created).
Creating register for signal `\DPR16X4C.$memwr$\ram$/usr/bin/../share/yosys/ecp5/cells_sim.v:281$195_EN' using process `\DPR16X4C.$proc$/usr/bin/../share/yosys/ecp5/cells_sim.v:0$233'.
  created direct connection (no actual register cell created).
Creating register for signal `\DPR16X4C.$memwr$\ram$/usr/bin/../share/yosys/ecp5/cells_sim.v:281$196_EN' using process `\DPR16X4C.$proc$/usr/bin/../share/yosys/ecp5/cells_sim.v:0$233'.
  created direct connection (no actual register cell created).
Creating register for signal `\DPR16X4C.$memwr$\ram$/usr/bin/../share/yosys/ecp5/cells_sim.v:281$197_EN' using process `\DPR16X4C.$proc$/usr/bin/../share/yosys/ecp5/cells_sim.v:0$233'.
  created direct connection (no actual register cell created).
Creating register for signal `\DPR16X4C.$memwr$\ram$/usr/bin/../share/yosys/ecp5/cells_sim.v:281$198_EN' using process `\DPR16X4C.$proc$/usr/bin/../share/yosys/ecp5/cells_sim.v:0$233'.
  created direct connection (no actual register cell created).
Creating register for signal `\DPR16X4C.$memwr$\ram$/usr/bin/../share/yosys/ecp5/cells_sim.v:281$199_EN' using process `\DPR16X4C.$proc$/usr/bin/../share/yosys/ecp5/cells_sim.v:0$233'.
  created direct connection (no actual register cell created).
Creating register for signal `\DPR16X4C.$memwr$\ram$/usr/bin/../share/yosys/ecp5/cells_sim.v:281$200_EN' using process `\DPR16X4C.$proc$/usr/bin/../share/yosys/ecp5/cells_sim.v:0$233'.
  created direct connection (no actual register cell created).
Creating register for signal `\DPR16X4C.$memwr$\ram$/usr/bin/../share/yosys/ecp5/cells_sim.v:281$201_EN' using process `\DPR16X4C.$proc$/usr/bin/../share/yosys/ecp5/cells_sim.v:0$233'.
  created direct connection (no actual register cell created).
Creating register for signal `\DPR16X4C.$memwr$\ram$/usr/bin/../share/yosys/ecp5/cells_sim.v:281$202_EN' using process `\DPR16X4C.$proc$/usr/bin/../share/yosys/ecp5/cells_sim.v:0$233'.
  created direct connection (no actual register cell created).
Creating register for signal `\DPR16X4C.$memwr$\ram$/usr/bin/../share/yosys/ecp5/cells_sim.v:281$203_EN' using process `\DPR16X4C.$proc$/usr/bin/../share/yosys/ecp5/cells_sim.v:0$233'.
  created direct connection (no actual register cell created).
Creating register for signal `\DPR16X4C.$memwr$\ram$/usr/bin/../share/yosys/ecp5/cells_sim.v:281$204_EN' using process `\DPR16X4C.$proc$/usr/bin/../share/yosys/ecp5/cells_sim.v:0$233'.
  created direct connection (no actual register cell created).
Creating register for signal `\DPR16X4C.$memwr$\ram$/usr/bin/../share/yosys/ecp5/cells_sim.v:281$205_EN' using process `\DPR16X4C.$proc$/usr/bin/../share/yosys/ecp5/cells_sim.v:0$233'.
  created direct connection (no actual register cell created).
Creating register for signal `\DPR16X4C.$memwr$\ram$/usr/bin/../share/yosys/ecp5/cells_sim.v:281$206_EN' using process `\DPR16X4C.$proc$/usr/bin/../share/yosys/ecp5/cells_sim.v:0$233'.
  created direct connection (no actual register cell created).
Creating register for signal `\DPR16X4C.$memwr$\ram$/usr/bin/../share/yosys/ecp5/cells_sim.v:281$207_EN' using process `\DPR16X4C.$proc$/usr/bin/../share/yosys/ecp5/cells_sim.v:0$233'.
  created direct connection (no actual register cell created).
Creating register for signal `\DPR16X4C.$memwr$\ram$/usr/bin/../share/yosys/ecp5/cells_sim.v:281$208_EN' using process `\DPR16X4C.$proc$/usr/bin/../share/yosys/ecp5/cells_sim.v:0$233'.
  created direct connection (no actual register cell created).
Creating register for signal `\DPR16X4C.$memwr$\ram$/usr/bin/../share/yosys/ecp5/cells_sim.v:287$209_ADDR' using process `\DPR16X4C.$proc$/usr/bin/../share/yosys/ecp5/cells_sim.v:285$210'.
  created $dff cell `$procdff$506' with positive edge clock.
Creating register for signal `\DPR16X4C.$memwr$\ram$/usr/bin/../share/yosys/ecp5/cells_sim.v:287$209_DATA' using process `\DPR16X4C.$proc$/usr/bin/../share/yosys/ecp5/cells_sim.v:285$210'.
  created $dff cell `$procdff$507' with positive edge clock.
Creating register for signal `\DPR16X4C.$memwr$\ram$/usr/bin/../share/yosys/ecp5/cells_sim.v:287$209_EN' using process `\DPR16X4C.$proc$/usr/bin/../share/yosys/ecp5/cells_sim.v:285$210'.
  created $dff cell `$procdff$508' with positive edge clock.
Creating register for signal `\TRELLIS_DPR16X4.\i' using process `\TRELLIS_DPR16X4.$proc$/usr/bin/../share/yosys/ecp5/cells_sim.v:0$176'.
  created direct connection (no actual register cell created).
Creating register for signal `\TRELLIS_DPR16X4.$memwr$\mem$/usr/bin/../share/yosys/ecp5/cells_sim.v:207$134_EN' using process `\TRELLIS_DPR16X4.$proc$/usr/bin/../share/yosys/ecp5/cells_sim.v:0$176'.
  created direct connection (no actual register cell created).
Creating register for signal `\TRELLIS_DPR16X4.$memwr$\mem$/usr/bin/../share/yosys/ecp5/cells_sim.v:207$135_EN' using process `\TRELLIS_DPR16X4.$proc$/usr/bin/../share/yosys/ecp5/cells_sim.v:0$176'.
  created direct connection (no actual register cell created).
Creating register for signal `\TRELLIS_DPR16X4.$memwr$\mem$/usr/bin/../share/yosys/ecp5/cells_sim.v:207$136_EN' using process `\TRELLIS_DPR16X4.$proc$/usr/bin/../share/yosys/ecp5/cells_sim.v:0$176'.
  created direct connection (no actual register cell created).
Creating register for signal `\TRELLIS_DPR16X4.$memwr$\mem$/usr/bin/../share/yosys/ecp5/cells_sim.v:207$137_EN' using process `\TRELLIS_DPR16X4.$proc$/usr/bin/../share/yosys/ecp5/cells_sim.v:0$176'.
  created direct connection (no actual register cell created).
Creating register for signal `\TRELLIS_DPR16X4.$memwr$\mem$/usr/bin/../share/yosys/ecp5/cells_sim.v:207$138_EN' using process `\TRELLIS_DPR16X4.$proc$/usr/bin/../share/yosys/ecp5/cells_sim.v:0$176'.
  created direct connection (no actual register cell created).
Creating register for signal `\TRELLIS_DPR16X4.$memwr$\mem$/usr/bin/../share/yosys/ecp5/cells_sim.v:207$139_EN' using process `\TRELLIS_DPR16X4.$proc$/usr/bin/../share/yosys/ecp5/cells_sim.v:0$176'.
  created direct connection (no actual register cell created).
Creating register for signal `\TRELLIS_DPR16X4.$memwr$\mem$/usr/bin/../share/yosys/ecp5/cells_sim.v:207$140_EN' using process `\TRELLIS_DPR16X4.$proc$/usr/bin/../share/yosys/ecp5/cells_sim.v:0$176'.
  created direct connection (no actual register cell created).
Creating register for signal `\TRELLIS_DPR16X4.$memwr$\mem$/usr/bin/../share/yosys/ecp5/cells_sim.v:207$141_EN' using process `\TRELLIS_DPR16X4.$proc$/usr/bin/../share/yosys/ecp5/cells_sim.v:0$176'.
  created direct connection (no actual register cell created).
Creating register for signal `\TRELLIS_DPR16X4.$memwr$\mem$/usr/bin/../share/yosys/ecp5/cells_sim.v:207$142_EN' using process `\TRELLIS_DPR16X4.$proc$/usr/bin/../share/yosys/ecp5/cells_sim.v:0$176'.
  created direct connection (no actual register cell created).
Creating register for signal `\TRELLIS_DPR16X4.$memwr$\mem$/usr/bin/../share/yosys/ecp5/cells_sim.v:207$143_EN' using process `\TRELLIS_DPR16X4.$proc$/usr/bin/../share/yosys/ecp5/cells_sim.v:0$176'.
  created direct connection (no actual register cell created).
Creating register for signal `\TRELLIS_DPR16X4.$memwr$\mem$/usr/bin/../share/yosys/ecp5/cells_sim.v:207$144_EN' using process `\TRELLIS_DPR16X4.$proc$/usr/bin/../share/yosys/ecp5/cells_sim.v:0$176'.
  created direct connection (no actual register cell created).
Creating register for signal `\TRELLIS_DPR16X4.$memwr$\mem$/usr/bin/../share/yosys/ecp5/cells_sim.v:207$145_EN' using process `\TRELLIS_DPR16X4.$proc$/usr/bin/../share/yosys/ecp5/cells_sim.v:0$176'.
  created direct connection (no actual register cell created).
Creating register for signal `\TRELLIS_DPR16X4.$memwr$\mem$/usr/bin/../share/yosys/ecp5/cells_sim.v:207$146_EN' using process `\TRELLIS_DPR16X4.$proc$/usr/bin/../share/yosys/ecp5/cells_sim.v:0$176'.
  created direct connection (no actual register cell created).
Creating register for signal `\TRELLIS_DPR16X4.$memwr$\mem$/usr/bin/../share/yosys/ecp5/cells_sim.v:207$147_EN' using process `\TRELLIS_DPR16X4.$proc$/usr/bin/../share/yosys/ecp5/cells_sim.v:0$176'.
  created direct connection (no actual register cell created).
Creating register for signal `\TRELLIS_DPR16X4.$memwr$\mem$/usr/bin/../share/yosys/ecp5/cells_sim.v:207$148_EN' using process `\TRELLIS_DPR16X4.$proc$/usr/bin/../share/yosys/ecp5/cells_sim.v:0$176'.
  created direct connection (no actual register cell created).
Creating register for signal `\TRELLIS_DPR16X4.$memwr$\mem$/usr/bin/../share/yosys/ecp5/cells_sim.v:207$149_EN' using process `\TRELLIS_DPR16X4.$proc$/usr/bin/../share/yosys/ecp5/cells_sim.v:0$176'.
  created direct connection (no actual register cell created).
Creating register for signal `\TRELLIS_DPR16X4.$memwr$\mem$/usr/bin/../share/yosys/ecp5/cells_sim.v:223$150_ADDR' using process `\TRELLIS_DPR16X4.$proc$/usr/bin/../share/yosys/ecp5/cells_sim.v:221$152'.
  created $dff cell `$procdff$509' with positive edge clock.
Creating register for signal `\TRELLIS_DPR16X4.$memwr$\mem$/usr/bin/../share/yosys/ecp5/cells_sim.v:223$150_DATA' using process `\TRELLIS_DPR16X4.$proc$/usr/bin/../share/yosys/ecp5/cells_sim.v:221$152'.
  created $dff cell `$procdff$510' with positive edge clock.
Creating register for signal `\TRELLIS_DPR16X4.$memwr$\mem$/usr/bin/../share/yosys/ecp5/cells_sim.v:223$150_EN' using process `\TRELLIS_DPR16X4.$proc$/usr/bin/../share/yosys/ecp5/cells_sim.v:221$152'.
  created $dff cell `$procdff$511' with positive edge clock.
Creating register for signal `\TRELLIS_DPR16X4.\muxwre' using process `\TRELLIS_DPR16X4.$proc$/usr/bin/../share/yosys/ecp5/cells_sim.v:213$151'.
  created direct connection (no actual register cell created).
Creating register for signal `\aero_transaction_ctrl.\busy_r' using process `\aero_transaction_ctrl.$proc$/root/chiploop-backend/backend/workflows/b5169f86-3621-4078-b1b6-536ed5391eb2/fpga/src/upstream/aero_transaction_ctrl.v:79$16'.
  created $adff cell `$procdff$512' with positive edge clock and negative level reset.
Creating register for signal `\aero_transaction_ctrl.\fault_latched_r' using process `\aero_transaction_ctrl.$proc$/root/chiploop-backend/backend/workflows/b5169f86-3621-4078-b1b6-536ed5391eb2/fpga/src/upstream/aero_transaction_ctrl.v:79$16'.
  created $adff cell `$procdff$513' with positive edge clock and negative level reset.
Creating register for signal `\aero_transaction_ctrl.\fallback_active_r' using process `\aero_transaction_ctrl.$proc$/root/chiploop-backend/backend/workflows/b5169f86-3621-4078-b1b6-536ed5391eb2/fpga/src/upstream/aero_transaction_ctrl.v:79$16'.
  created $adff cell `$procdff$514' with positive edge clock and negative level reset.
Creating register for signal `\aero_transaction_ctrl.\clamp_hit_r' using process `\aero_transaction_ctrl.$proc$/root/chiploop-backend/backend/workflows/b5169f86-3621-4078-b1b6-536ed5391eb2/fpga/src/upstream/aero_transaction_ctrl.v:79$16'.
  created $adff cell `$procdff$515' with positive edge clock and negative level reset.
Creating register for signal `\aero_transaction_ctrl.\timeout_hit_r' using process `\aero_transaction_ctrl.$proc$/root/chiploop-backend/backend/workflows/b5169f86-3621-4078-b1b6-536ed5391eb2/fpga/src/upstream/aero_transaction_ctrl.v:79$16'.
  created $adff cell `$procdff$516' with positive edge clock and negative level reset.
Creating register for signal `\aero_transaction_ctrl.\last_seq_r' using process `\aero_transaction_ctrl.$proc$/root/chiploop-backend/backend/workflows/b5169f86-3621-4078-b1b6-536ed5391eb2/fpga/src/upstream/aero_transaction_ctrl.v:79$16'.
  created $adff cell `$procdff$517' with positive edge clock and negative level reset.
Creating register for signal `\aero_transaction_ctrl.\last_age_r' using process `\aero_transaction_ctrl.$proc$/root/chiploop-backend/backend/workflows/b5169f86-3621-4078-b1b6-536ed5391eb2/fpga/src/upstream/aero_transaction_ctrl.v:79$16'.
  created $adff cell `$procdff$518' with positive edge clock and negative level reset.
Creating register for signal `\aero_transaction_ctrl.\error_code_r' using process `\aero_transaction_ctrl.$proc$/root/chiploop-backend/backend/workflows/b5169f86-3621-4078-b1b6-536ed5391eb2/fpga/src/upstream/aero_transaction_ctrl.v:79$16'.
  created $adff cell `$procdff$519' with positive edge clock and negative level reset.
Creating register for signal `\aero_transaction_ctrl.\actuator_cmd_r' using process `\aero_transaction_ctrl.$proc$/root/chiploop-backend/backend/workflows/b5169f86-3621-4078-b1b6-536ed5391eb2/fpga/src/upstream/aero_transaction_ctrl.v:79$16'.
  created $adff cell `$procdff$520' with positive edge clock and negative level reset.
Creating register for signal `\aero_transaction_ctrl.\actuator_valid_r' using process `\aero_transaction_ctrl.$proc$/root/chiploop-backend/backend/workflows/b5169f86-3621-4078-b1b6-536ed5391eb2/fpga/src/upstream/aero_transaction_ctrl.v:79$16'.
  created $adff cell `$procdff$521' with positive edge clock and negative level reset.
Creating register for signal `\aero_transaction_ctrl.\transport_req_seq_r' using process `\aero_transaction_ctrl.$proc$/root/chiploop-backend/backend/workflows/b5169f86-3621-4078-b1b6-536ed5391eb2/fpga/src/upstream/aero_transaction_ctrl.v:79$16'.
  created $adff cell `$procdff$522' with positive edge clock and negative level reset.
Creating register for signal `\aero_transaction_ctrl.\transport_req_age_r' using process `\aero_transaction_ctrl.$proc$/root/chiploop-backend/backend/workflows/b5169f86-3621-4078-b1b6-536ed5391eb2/fpga/src/upstream/aero_transaction_ctrl.v:79$16'.
  created $adff cell `$procdff$523' with positive edge clock and negative level reset.
Creating register for signal `\aero_transaction_ctrl.\transport_req_status_r' using process `\aero_transaction_ctrl.$proc$/root/chiploop-backend/backend/workflows/b5169f86-3621-4078-b1b6-536ed5391eb2/fpga/src/upstream/aero_transaction_ctrl.v:79$16'.
  created $adff cell `$procdff$524' with positive edge clock and negative level reset.
Creating register for signal `\aero_transaction_ctrl.\transport_req_payload_r' using process `\aero_transaction_ctrl.$proc$/root/chiploop-backend/backend/workflows/b5169f86-3621-4078-b1b6-536ed5391eb2/fpga/src/upstream/aero_transaction_ctrl.v:79$16'.
  created $adff cell `$procdff$525' with positive edge clock and negative level reset.
Creating register for signal `\aero_transaction_ctrl.\transport_req_valid_r' using process `\aero_transaction_ctrl.$proc$/root/chiploop-backend/backend/workflows/b5169f86-3621-4078-b1b6-536ed5391eb2/fpga/src/upstream/aero_transaction_ctrl.v:79$16'.
  created $adff cell `$procdff$526' with positive edge clock and negative level reset.
Creating register for signal `\aero_transaction_ctrl.\age_counter_r' using process `\aero_transaction_ctrl.$proc$/root/chiploop-backend/backend/workflows/b5169f86-3621-4078-b1b6-536ed5391eb2/fpga/src/upstream/aero_transaction_ctrl.v:79$16'.
  created $adff cell `$procdff$527' with positive edge clock and negative level reset.
Creating register for signal `\aero_transaction_ctrl.\outstanding_seq_r' using process `\aero_transaction_ctrl.$proc$/root/chiploop-backend/backend/workflows/b5169f86-3621-4078-b1b6-536ed5391eb2/fpga/src/upstream/aero_transaction_ctrl.v:79$16'.
  created $adff cell `$procdff$528' with positive edge clock and negative level reset.
Creating register for signal `\aero_transaction_ctrl.\outstanding_age_r' using process `\aero_transaction_ctrl.$proc$/root/chiploop-backend/backend/workflows/b5169f86-3621-4078-b1b6-536ed5391eb2/fpga/src/upstream/aero_transaction_ctrl.v:79$16'.
  created $adff cell `$procdff$529' with positive edge clock and negative level reset.
Creating register for signal `\aero_transaction_ctrl.\outstanding_r' using process `\aero_transaction_ctrl.$proc$/root/chiploop-backend/backend/workflows/b5169f86-3621-4078-b1b6-536ed5391eb2/fpga/src/upstream/aero_transaction_ctrl.v:79$16'.
  created $adff cell `$procdff$530' with positive edge clock and negative level reset.
Creating register for signal `\aero_transaction_ctrl.\selected_cmd' using process `\aero_transaction_ctrl.$proc$/root/chiploop-backend/backend/workflows/b5169f86-3621-4078-b1b6-536ed5391eb2/fpga/src/upstream/aero_transaction_ctrl.v:79$16'.
  created $dff cell `$procdff$533' with positive edge clock.
Creating register for signal `\aero_transaction_ctrl.\clamped_cmd' using process `\aero_transaction_ctrl.$proc$/root/chiploop-backend/backend/workflows/b5169f86-3621-4078-b1b6-536ed5391eb2/fpga/src/upstream/aero_transaction_ctrl.v:79$16'.
  created $dff cell `$procdff$536' with positive edge clock.
Creating register for signal `\aero_packet_codec.\msg_type_r' using process `\aero_packet_codec.$proc$/root/chiploop-backend/backend/workflows/b5169f86-3621-4078-b1b6-536ed5391eb2/fpga/src/upstream/aero_packet_codec.v:38$4'.
  created $adff cell `$procdff$537' with positive edge clock and negative level reset.
Creating register for signal `\aero_packet_codec.\seq_num_r' using process `\aero_packet_codec.$proc$/root/chiploop-backend/backend/workflows/b5169f86-3621-4078-b1b6-536ed5391eb2/fpga/src/upstream/aero_packet_codec.v:38$4'.
  created $adff cell `$procdff$538' with positive edge clock and negative level reset.
Creating register for signal `\aero_packet_codec.\age_tag_r' using process `\aero_packet_codec.$proc$/root/chiploop-backend/backend/workflows/b5169f86-3621-4078-b1b6-536ed5391eb2/fpga/src/upstream/aero_packet_codec.v:38$4'.
  created $adff cell `$procdff$539' with positive edge clock and negative level reset.
Creating register for signal `\aero_packet_codec.\velocity_r' using process `\aero_packet_codec.$proc$/root/chiploop-backend/backend/workflows/b5169f86-3621-4078-b1b6-536ed5391eb2/fpga/src/upstream/aero_packet_codec.v:38$4'.
  created $adff cell `$procdff$540' with positive edge clock and negative level reset.
Creating register for signal `\aero_packet_codec.\meta_payload_r' using process `\aero_packet_codec.$proc$/root/chiploop-backend/backend/workflows/b5169f86-3621-4078-b1b6-536ed5391eb2/fpga/src/upstream/aero_packet_codec.v:38$4'.
  created $adff cell `$procdff$541' with positive edge clock and negative level reset.
Creating register for signal `\aero_packet_codec.\resp_out_r' using process `\aero_packet_codec.$proc$/root/chiploop-backend/backend/workflows/b5169f86-3621-4078-b1b6-536ed5391eb2/fpga/src/upstream/aero_packet_codec.v:38$4'.
  created $adff cell `$procdff$542' with positive edge clock and negative level reset.
Creating register for signal `\aero_packet_codec.\resp_valid_r' using process `\aero_packet_codec.$proc$/root/chiploop-backend/backend/workflows/b5169f86-3621-4078-b1b6-536ed5391eb2/fpga/src/upstream/aero_packet_codec.v:38$4'.
  created $adff cell `$procdff$543' with positive edge clock and negative level reset.
Creating register for signal `\aero_packet_codec.\cmd_ready_r' using process `\aero_packet_codec.$proc$/root/chiploop-backend/backend/workflows/b5169f86-3621-4078-b1b6-536ed5391eb2/fpga/src/upstream/aero_packet_codec.v:38$4'.
  created $adff cell `$procdff$544' with positive edge clock and negative level reset.
Creating register for signal `\aero_csr_regs.\enable_r' using process `\aero_csr_regs.$proc$/root/chiploop-backend/backend/workflows/b5169f86-3621-4078-b1b6-536ed5391eb2/fpga/src/upstream/aero_csr_regs.v:42$2'.
  created $adff cell `$procdff$545' with positive edge clock and negative level reset.
Creating register for signal `\aero_csr_regs.\clear_fault_r' using process `\aero_csr_regs.$proc$/root/chiploop-backend/backend/workflows/b5169f86-3621-4078-b1b6-536ed5391eb2/fpga/src/upstream/aero_csr_regs.v:42$2'.
  created $adff cell `$procdff$546' with positive edge clock and negative level reset.
Creating register for signal `\aero_csr_regs.\arm_fallback_r' using process `\aero_csr_regs.$proc$/root/chiploop-backend/backend/workflows/b5169f86-3621-4078-b1b6-536ed5391eb2/fpga/src/upstream/aero_csr_regs.v:42$2'.
  created $adff cell `$procdff$547' with positive edge clock and negative level reset.
Creating register for signal `\aero_csr_regs.\timeout_limit_r' using process `\aero_csr_regs.$proc$/root/chiploop-backend/backend/workflows/b5169f86-3621-4078-b1b6-536ed5391eb2/fpga/src/upstream/aero_csr_regs.v:42$2'.
  created $adff cell `$procdff$548' with positive edge clock and negative level reset.
Creating register for signal `\aero_csr_regs.\act_min_r' using process `\aero_csr_regs.$proc$/root/chiploop-backend/backend/workflows/b5169f86-3621-4078-b1b6-536ed5391eb2/fpga/src/upstream/aero_csr_regs.v:42$2'.
  created $adff cell `$procdff$549' with positive edge clock and negative level reset.
Creating register for signal `\aero_csr_regs.\act_max_r' using process `\aero_csr_regs.$proc$/root/chiploop-backend/backend/workflows/b5169f86-3621-4078-b1b6-536ed5391eb2/fpga/src/upstream/aero_csr_regs.v:42$2'.
  created $adff cell `$procdff$550' with positive edge clock and negative level reset.
Creating register for signal `\aero_csr_regs.\fallback_cmd_r' using process `\aero_csr_regs.$proc$/root/chiploop-backend/backend/workflows/b5169f86-3621-4078-b1b6-536ed5391eb2/fpga/src/upstream/aero_csr_regs.v:42$2'.
  created $adff cell `$procdff$551' with positive edge clock and negative level reset.
Creating register for signal `\aero_csr_regs.\reg_rdata_r' using process `\aero_csr_regs.$proc$/root/chiploop-backend/backend/workflows/b5169f86-3621-4078-b1b6-536ed5391eb2/fpga/src/upstream/aero_csr_regs.v:42$2'.
  created $adff cell `$procdff$552' with positive edge clock and negative level reset.

5.4.10. Executing PROC_MEMWR pass (convert process memory writes to cells).

5.4.11. Executing PROC_CLEAN pass (remove empty switches from decision trees).
Removing empty process `TRELLIS_FF.$proc$/usr/bin/../share/yosys/ecp5/cells_sim.v:0$259'.
Found and cleaned up 2 empty switches in `\TRELLIS_FF.$proc$/usr/bin/../share/yosys/ecp5/cells_sim.v:350$258'.
Removing empty process `TRELLIS_FF.$proc$/usr/bin/../share/yosys/ecp5/cells_sim.v:350$258'.
Removing empty process `DPR16X4C.$proc$/usr/bin/../share/yosys/ecp5/cells_sim.v:0$233'.
Found and cleaned up 1 empty switch in `\DPR16X4C.$proc$/usr/bin/../share/yosys/ecp5/cells_sim.v:285$210'.
Removing empty process `TRELLIS_DPR16X4.$proc$/usr/bin/../share/yosys/ecp5/cells_sim.v:0$176'.
Found and cleaned up 1 empty switch in `\TRELLIS_DPR16X4.$proc$/usr/bin/../share/yosys/ecp5/cells_sim.v:221$152'.
Removing empty process `TRELLIS_DPR16X4.$proc$/usr/bin/../share/yosys/ecp5/cells_sim.v:213$151'.
Found and cleaned up 9 empty switches in `\aero_transaction_ctrl.$proc$/root/chiploop-backend/backend/workflows/b5169f86-3621-4078-b1b6-536ed5391eb2/fpga/src/upstream/aero_transaction_ctrl.v:79$16'.
Removing empty process `aero_transaction_ctrl.$proc$/root/chiploop-backend/backend/workflows/b5169f86-3621-4078-b1b6-536ed5391eb2/fpga/src/upstream/aero_transaction_ctrl.v:79$16'.
Found and cleaned up 3 empty switches in `\aero_packet_codec.$proc$/root/chiploop-backend/backend/workflows/b5169f86-3621-4078-b1b6-536ed5391eb2/fpga/src/upstream/aero_packet_codec.v:38$4'.
Removing empty process `aero_packet_codec.$proc$/root/chiploop-backend/backend/workflows/b5169f86-3621-4078-b1b6-536ed5391eb2/fpga/src/upstream/aero_packet_codec.v:38$4'.
Found and cleaned up 3 empty switches in `\aero_csr_regs.$proc$/root/chiploop-backend/backend/workflows/b5169f86-3621-4078-b1b6-536ed5391eb2/fpga/src/upstream/aero_csr_regs.v:42$2'.
Removing empty process `aero_csr_regs.$proc$/root/chiploop-backend/backend/workflows/b5169f86-3621-4078-b1b6-536ed5391eb2/fpga/src/upstream/aero_csr_regs.v:42$2'.
Cleaned up 19 empty switches.

5.4.12. Executing OPT_EXPR pass (perform const folding).
Optimizing module aero_transaction_ctrl.
Optimizing module aero_packet_codec.
Optimizing module aero_csr_regs.
<suppressed ~4 debug messages>
Optimizing module adaptive_aero_control_top.

5.5. Executing TRIBUF pass.

5.6. Executing DEMINOUT pass (demote inout ports to input or output).

5.7. Executing OPT_EXPR pass (perform const folding).
Optimizing module aero_transaction_ctrl.
Optimizing module aero_packet_codec.
Optimizing module aero_csr_regs.
Optimizing module adaptive_aero_control_top.

5.8. Executing OPT_CLEAN pass (remove unused cells and wires).
Finding unused cells or wires in module \aero_transaction_ctrl..
Finding unused cells or wires in module \aero_packet_codec..
Finding unused cells or wires in module \aero_csr_regs..
Finding unused cells or wires in module \adaptive_aero_control_top..
Removed 15 unused cells and 128 unused wires.
<suppressed ~21 debug messages>

5.9. Executing CHECK pass (checking for obvious problems).
Checking module adaptive_aero_control_top...
Checking module aero_csr_regs...
Checking module aero_packet_codec...
Checking module aero_transaction_ctrl...
Found and reported 0 problems.

5.10. Executing OPT pass (performing simple optimizations).

5.10.1. Executing OPT_EXPR pass (perform const folding).
Optimizing module adaptive_aero_control_top.
Optimizing module aero_csr_regs.
Optimizing module aero_packet_codec.
Optimizing module aero_transaction_ctrl.

5.10.2. Executing OPT_MERGE pass (detect identical cells).
Finding identical cells in module `\adaptive_aero_control_top'.
Finding identical cells in module `\aero_csr_regs'.
<suppressed ~21 debug messages>
Finding identical cells in module `\aero_packet_codec'.
Finding identical cells in module `\aero_transaction_ctrl'.
<suppressed ~3 debug messages>
Removed a total of 8 cells.

5.10.3. Executing OPT_MUXTREE pass (detect dead branches in mux trees).
Running muxtree optimizer on module \adaptive_aero_control_top..
  Creating internal representation of mux trees.
  No muxes found in this module.
Running muxtree optimizer on module \aero_csr_regs..
  Creating internal representation of mux trees.
  Evaluating internal representation of mux trees.
  Analyzing evaluation results.
Running muxtree optimizer on module \aero_packet_codec..
  Creating internal representation of mux trees.
  Evaluating internal representation of mux trees.
  Analyzing evaluation results.
Running muxtree optimizer on module \aero_transaction_ctrl..
  Creating internal representation of mux trees.
  Evaluating internal representation of mux trees.
  Analyzing evaluation results.
    dead port 1/2 on $mux $procmux$288.
    dead port 2/2 on $mux $procmux$290.
    dead port 1/2 on $mux $procmux$293.
Removed 3 multiplexer ports.
<suppressed ~35 debug messages>

5.10.4. Executing OPT_REDUCE pass (consolidate $*mux and $reduce_* inputs).
  Optimizing cells in module \adaptive_aero_control_top.
  Optimizing cells in module \aero_csr_regs.
  Optimizing cells in module \aero_packet_codec.
  Optimizing cells in module \aero_transaction_ctrl.
Performed a total of 0 changes.

5.10.5. Executing OPT_MERGE pass (detect identical cells).
Finding identical cells in module `\adaptive_aero_control_top'.
Finding identical cells in module `\aero_csr_regs'.
Finding identical cells in module `\aero_packet_codec'.
Finding identical cells in module `\aero_transaction_ctrl'.
Removed a total of 0 cells.

5.10.6. Executing OPT_DFF pass (perform DFF optimizations).

5.10.7. Executing OPT_CLEAN pass (remove unused cells and wires).
Finding unused cells or wires in module \adaptive_aero_control_top..
Finding unused cells or wires in module \aero_csr_regs..
Finding unused cells or wires in module \aero_packet_codec..
Finding unused cells or wires in module \aero_transaction_ctrl..
Removed 0 unused cells and 11 unused wires.
<suppressed ~2 debug messages>

5.10.8. Executing OPT_EXPR pass (perform const folding).
Optimizing module adaptive_aero_control_top.
Optimizing module aero_csr_regs.
Optimizing module aero_packet_codec.
Optimizing module aero_transaction_ctrl.

5.10.9. Rerunning OPT passes. (Maybe there is more to do..)

5.10.10. Executing OPT_MUXTREE pass (detect dead branches in mux trees).
Running muxtree optimizer on module \adaptive_aero_control_top..
  Creating internal representation of mux trees.
  No muxes found in this module.
Running muxtree optimizer on module \aero_csr_regs..
  Creating internal representation of mux trees.
  Evaluating internal representation of mux trees.
  Analyzing evaluation results.
Running muxtree optimizer on module \aero_packet_codec..
  Creating internal representation of mux trees.
  Evaluating internal representation of mux trees.
  Analyzing evaluation results.
Running muxtree optimizer on module \aero_transaction_ctrl..
  Creating internal representation of mux trees.
  Evaluating internal representation of mux trees.
  Analyzing evaluation results.
Removed 0 multiplexer ports.
<suppressed ~35 debug messages>

5.10.11. Executing OPT_REDUCE pass (consolidate $*mux and $reduce_* inputs).
  Optimizing cells in module \adaptive_aero_control_top.
  Optimizing cells in module \aero_csr_regs.
  Optimizing cells in module \aero_packet_codec.
  Optimizing cells in module \aero_transaction_ctrl.
Performed a total of 0 changes.

5.10.12. Executing OPT_MERGE pass (detect identical cells).
Finding identical cells in module `\adaptive_aero_control_top'.
Finding identical cells in module `\aero_csr_regs'.
Finding identical cells in module `\aero_packet_codec'.
Finding identical cells in module `\aero_transaction_ctrl'.
Removed a total of 0 cells.

5.10.13. Executing OPT_DFF pass (perform DFF optimizations).

5.10.14. Executing OPT_CLEAN pass (remove unused cells and wires).
Finding unused cells or wires in module \adaptive_aero_control_top..
Finding unused cells or wires in module \aero_csr_regs..
Finding unused cells or wires in module \aero_packet_codec..
Finding unused cells or wires in module \aero_transaction_ctrl..

5.10.15. Executing OPT_EXPR pass (perform const folding).
Optimizing module adaptive_aero_control_top.
Optimizing module aero_csr_regs.
Optimizing module aero_packet_codec.
Optimizing module aero_transaction_ctrl.

5.10.16. Finished OPT passes. (There is nothing left to do.)

5.11. Executing FSM pass (extract and optimize FSM).

5.11.1. Executing FSM_DETECT pass (finding FSMs in design).
Not marking aero_transaction_ctrl.error_code_r as FSM state register:
    Register is connected to module port.
    Users of register don't seem to benefit from recoding.

5.11.2. Executing FSM_EXTRACT pass (extracting FSM from design).

5.11.3. Executing FSM_OPT pass (simple optimizations of FSMs).

5.11.4. Executing OPT_CLEAN pass (remove unused cells and wires).
Finding unused cells or wires in module \adaptive_aero_control_top..
Finding unused cells or wires in module \aero_csr_regs..
Finding unused cells or wires in module \aero_packet_codec..
Finding unused cells or wires in module \aero_transaction_ctrl..

5.11.5. Executing FSM_OPT pass (simple optimizations of FSMs).

5.11.6. Executing FSM_RECODE pass (re-assigning FSM state encoding).

5.11.7. Executing FSM_INFO pass (dumping all available information on FSM cells).

5.11.8. Executing FSM_MAP pass (mapping FSMs to basic logic).

5.12. Executing OPT pass (performing simple optimizations).

5.12.1. Executing OPT_EXPR pass (perform const folding).
Optimizing module adaptive_aero_control_top.
Optimizing module aero_csr_regs.
Optimizing module aero_packet_codec.
Optimizing module aero_transaction_ctrl.

5.12.2. Executing OPT_MERGE pass (detect identical cells).
Finding identical cells in module `\adaptive_aero_control_top'.
Finding identical cells in module `\aero_csr_regs'.
Finding identical cells in module `\aero_packet_codec'.
Finding identical cells in module `\aero_transaction_ctrl'.
Removed a total of 0 cells.

5.12.3. Executing OPT_MUXTREE pass (detect dead branches in mux trees).
Running muxtree optimizer on module \adaptive_aero_control_top..
  Creating internal representation of mux trees.
  No muxes found in this module.
Running muxtree optimizer on module \aero_csr_regs..
  Creating internal representation of mux trees.
  Evaluating internal representation of mux trees.
  Analyzing evaluation results.
Running muxtree optimizer on module \aero_packet_codec..
  Creating internal representation of mux trees.
  Evaluating internal representation of mux trees.
  Analyzing evaluation results.
Running muxtree optimizer on module \aero_transaction_ctrl..
  Creating internal representation of mux trees.
  Evaluating internal representation of mux trees.
  Analyzing evaluation results.
Removed 0 multiplexer ports.
<suppressed ~35 debug messages>

5.12.4. Executing OPT_REDUCE pass (consolidate $*mux and $reduce_* inputs).
  Optimizing cells in module \adaptive_aero_control_top.
  Optimizing cells in module \aero_csr_regs.
  Optimizing cells in module \aero_packet_codec.
  Optimizing cells in module \aero_transaction_ctrl.
Performed a total of 0 changes.

5.12.5. Executing OPT_MERGE pass (detect identical cells).
Finding identical cells in module `\adaptive_aero_control_top'.
Finding identical cells in module `\aero_csr_regs'.
Finding identical cells in module `\aero_packet_codec'.
Finding identical cells in module `\aero_transaction_ctrl'.
Removed a total of 0 cells.

5.12.6. Executing OPT_DFF pass (perform DFF optimizations).
Adding EN signal on $procdff$551 ($adff) from module aero_csr_regs (D = \reg_wdata, Q = \fallback_cmd_r).
Adding EN signal on $procdff$550 ($adff) from module aero_csr_regs (D = \reg_wdata, Q = \act_max_r).
Adding EN signal on $procdff$549 ($adff) from module aero_csr_regs (D = \reg_wdata, Q = \act_min_r).
Adding EN signal on $procdff$548 ($adff) from module aero_csr_regs (D = \reg_wdata, Q = \timeout_limit_r).
Adding EN signal on $procdff$547 ($adff) from module aero_csr_regs (D = \reg_wdata [2], Q = \arm_fallback_r).
Adding EN signal on $procdff$545 ($adff) from module aero_csr_regs (D = \reg_wdata [0], Q = \enable_r).
Adding EN signal on $procdff$543 ($adff) from module aero_packet_codec (D = $0\resp_valid_r[0:0], Q = \resp_valid_r).
Adding EN signal on $procdff$542 ($adff) from module aero_packet_codec (D = { 8'00000000 \resp_seq_in \resp_age_in \resp_status_in \resp_payload_in 64'0000000000000000000000000000000000000000000000000000000000000000 }, Q = \resp_out_r).
Adding EN signal on $procdff$541 ($adff) from module aero_packet_codec (D = \cmd_in [91:60], Q = \meta_payload_r).
Adding EN signal on $procdff$540 ($adff) from module aero_packet_codec (D = \cmd_in [107:92], Q = \velocity_r).
Adding EN signal on $procdff$539 ($adff) from module aero_packet_codec (D = \cmd_in [115:108], Q = \age_tag_r).
Adding EN signal on $procdff$538 ($adff) from module aero_packet_codec (D = \cmd_in [123:116], Q = \seq_num_r).
Adding EN signal on $procdff$537 ($adff) from module aero_packet_codec (D = \cmd_in [127:124], Q = \msg_type_r).
Setting constant 0-bit at position 0 on $auto$ff.cc:266:slice$574 ($adffe) from module aero_packet_codec.
Setting constant 0-bit at position 1 on $auto$ff.cc:266:slice$574 ($adffe) from module aero_packet_codec.
Setting constant 0-bit at position 2 on $auto$ff.cc:266:slice$574 ($adffe) from module aero_packet_codec.
Setting constant 0-bit at position 3 on $auto$ff.cc:266:slice$574 ($adffe) from module aero_packet_codec.
Setting constant 0-bit at position 4 on $auto$ff.cc:266:slice$574 ($adffe) from module aero_packet_codec.
Setting constant 0-bit at position 5 on $auto$ff.cc:266:slice$574 ($adffe) from module aero_packet_codec.
Setting constant 0-bit at position 6 on $auto$ff.cc:266:slice$574 ($adffe) from module aero_packet_codec.
Setting constant 0-bit at position 7 on $auto$ff.cc:266:slice$574 ($adffe) from module aero_packet_codec.
Setting constant 0-bit at position 8 on $auto$ff.cc:266:slice$574 ($adffe) from module aero_packet_codec.
Setting constant 0-bit at position 9 on $auto$ff.cc:266:slice$574 ($adffe) from module aero_packet_codec.
Setting constant 0-bit at position 10 on $auto$ff.cc:266:slice$574 ($adffe) from module aero_packet_codec.
Setting constant 0-bit at position 11 on $auto$ff.cc:266:slice$574 ($adffe) from module aero_packet_codec.
Setting constant 0-bit at position 12 on $auto$ff.cc:266:slice$574 ($adffe) from module aero_packet_codec.
Setting constant 0-bit at position 13 on $auto$ff.cc:266:slice$574 ($adffe) from module aero_packet_codec.
Setting constant 0-bit at position 14 on $auto$ff.cc:266:slice$574 ($adffe) from module aero_packet_codec.
Setting constant 0-bit at position 15 on $auto$ff.cc:266:slice$574 ($adffe) from module aero_packet_codec.
Setting constant 0-bit at position 16 on $auto$ff.cc:266:slice$574 ($adffe) from module aero_packet_codec.
Setting constant 0-bit at position 17 on $auto$ff.cc:266:slice$574 ($adffe) from module aero_packet_codec.
Setting constant 0-bit at position 18 on $auto$ff.cc:266:slice$574 ($adffe) from module aero_packet_codec.
Setting constant 0-bit at position 19 on $auto$ff.cc:266:slice$574 ($adffe) from module aero_packet_codec.
Setting constant 0-bit at position 20 on $auto$ff.cc:266:slice$574 ($adffe) from module aero_packet_codec.
Setting constant 0-bit at position 21 on $auto$ff.cc:266:slice$574 ($adffe) from module aero_packet_codec.
Setting constant 0-bit at position 22 on $auto$ff.cc:266:slice$574 ($adffe) from module aero_packet_codec.
Setting constant 0-bit at position 23 on $auto$ff.cc:266:slice$574 ($adffe) from module aero_packet_codec.
Setting constant 0-bit at position 24 on $auto$ff.cc:266:slice$574 ($adffe) from module aero_packet_codec.
Setting constant 0-bit at position 25 on $auto$ff.cc:266:slice$574 ($adffe) from module aero_packet_codec.
Setting constant 0-bit at position 26 on $auto$ff.cc:266:slice$574 ($adffe) from module aero_packet_codec.
Setting constant 0-bit at position 27 on $auto$ff.cc:266:slice$574 ($adffe) from module aero_packet_codec.
Setting constant 0-bit at position 28 on $auto$ff.cc:266:slice$574 ($adffe) from module aero_packet_codec.
Setting constant 0-bit at position 29 on $auto$ff.cc:266:slice$574 ($adffe) from module aero_packet_codec.
Setting constant 0-bit at position 30 on $auto$ff.cc:266:slice$574 ($adffe) from module aero_packet_codec.
Setting constant 0-bit at position 31 on $auto$ff.cc:266:slice$574 ($adffe) from module aero_packet_codec.
Setting constant 0-bit at position 32 on $auto$ff.cc:266:slice$574 ($adffe) from module aero_packet_codec.
Setting constant 0-bit at position 33 on $auto$ff.cc:266:slice$574 ($adffe) from module aero_packet_codec.
Setting constant 0-bit at position 34 on $auto$ff.cc:266:slice$574 ($adffe) from module aero_packet_codec.
Setting constant 0-bit at position 35 on $auto$ff.cc:266:slice$574 ($adffe) from module aero_packet_codec.
Setting constant 0-bit at position 36 on $auto$ff.cc:266:slice$574 ($adffe) from module aero_packet_codec.
Setting constant 0-bit at position 37 on $auto$ff.cc:266:slice$574 ($adffe) from module aero_packet_codec.
Setting constant 0-bit at position 38 on $auto$ff.cc:266:slice$574 ($adffe) from module aero_packet_codec.
Setting constant 0-bit at position 39 on $auto$ff.cc:266:slice$574 ($adffe) from module aero_packet_codec.
Setting constant 0-bit at position 40 on $auto$ff.cc:266:slice$574 ($adffe) from module aero_packet_codec.
Setting constant 0-bit at position 41 on $auto$ff.cc:266:slice$574 ($adffe) from module aero_packet_codec.
Setting constant 0-bit at position 42 on $auto$ff.cc:266:slice$574 ($adffe) from module aero_packet_codec.
Setting constant 0-bit at position 43 on $auto$ff.cc:266:slice$574 ($adffe) from module aero_packet_codec.
Setting constant 0-bit at position 44 on $auto$ff.cc:266:slice$574 ($adffe) from module aero_packet_codec.
Setting constant 0-bit at position 45 on $auto$ff.cc:266:slice$574 ($adffe) from module aero_packet_codec.
Setting constant 0-bit at position 46 on $auto$ff.cc:266:slice$574 ($adffe) from module aero_packet_codec.
Setting constant 0-bit at position 47 on $auto$ff.cc:266:slice$574 ($adffe) from module aero_packet_codec.
Setting constant 0-bit at position 48 on $auto$ff.cc:266:slice$574 ($adffe) from module aero_packet_codec.
Setting constant 0-bit at position 49 on $auto$ff.cc:266:slice$574 ($adffe) from module aero_packet_codec.
Setting constant 0-bit at position 50 on $auto$ff.cc:266:slice$574 ($adffe) from module aero_packet_codec.
Setting constant 0-bit at position 51 on $auto$ff.cc:266:slice$574 ($adffe) from module aero_packet_codec.
Setting constant 0-bit at position 52 on $auto$ff.cc:266:slice$574 ($adffe) from module aero_packet_codec.
Setting constant 0-bit at position 53 on $auto$ff.cc:266:slice$574 ($adffe) from module aero_packet_codec.
Setting constant 0-bit at position 54 on $auto$ff.cc:266:slice$574 ($adffe) from module aero_packet_codec.
Setting constant 0-bit at position 55 on $auto$ff.cc:266:slice$574 ($adffe) from module aero_packet_codec.
Setting constant 0-bit at position 56 on $auto$ff.cc:266:slice$574 ($adffe) from module aero_packet_codec.
Setting constant 0-bit at position 57 on $auto$ff.cc:266:slice$574 ($adffe) from module aero_packet_codec.
Setting constant 0-bit at position 58 on $auto$ff.cc:266:slice$574 ($adffe) from module aero_packet_codec.
Setting constant 0-bit at position 59 on $auto$ff.cc:266:slice$574 ($adffe) from module aero_packet_codec.
Setting constant 0-bit at position 60 on $auto$ff.cc:266:slice$574 ($adffe) from module aero_packet_codec.
Setting constant 0-bit at position 61 on $auto$ff.cc:266:slice$574 ($adffe) from module aero_packet_codec.
Setting constant 0-bit at position 62 on $auto$ff.cc:266:slice$574 ($adffe) from module aero_packet_codec.
Setting constant 0-bit at position 63 on $auto$ff.cc:266:slice$574 ($adffe) from module aero_packet_codec.
Setting constant 0-bit at position 120 on $auto$ff.cc:266:slice$574 ($adffe) from module aero_packet_codec.
Setting constant 0-bit at position 121 on $auto$ff.cc:266:slice$574 ($adffe) from module aero_packet_codec.
Setting constant 0-bit at position 122 on $auto$ff.cc:266:slice$574 ($adffe) from module aero_packet_codec.
Setting constant 0-bit at position 123 on $auto$ff.cc:266:slice$574 ($adffe) from module aero_packet_codec.
Setting constant 0-bit at position 124 on $auto$ff.cc:266:slice$574 ($adffe) from module aero_packet_codec.
Setting constant 0-bit at position 125 on $auto$ff.cc:266:slice$574 ($adffe) from module aero_packet_codec.
Setting constant 0-bit at position 126 on $auto$ff.cc:266:slice$574 ($adffe) from module aero_packet_codec.
Setting constant 0-bit at position 127 on $auto$ff.cc:266:slice$574 ($adffe) from module aero_packet_codec.
Adding EN signal on $procdff$530 ($adff) from module aero_transaction_ctrl (D = $0\outstanding_r[0:0], Q = \outstanding_r).
Adding EN signal on $procdff$528 ($adff) from module aero_transaction_ctrl (D = \seq_num, Q = \outstanding_seq_r).
Adding EN signal on $procdff$527 ($adff) from module aero_transaction_ctrl (D = $0\age_counter_r[31:0], Q = \age_counter_r).
Adding EN signal on $procdff$525 ($adff) from module aero_transaction_ctrl (D = \meta_payload, Q = \transport_req_payload_r).
Adding EN signal on $procdff$524 ($adff) from module aero_transaction_ctrl (D = { 4'0000 \msg_type [1:0] 2'00 }, Q = \transport_req_status_r).
Adding EN signal on $procdff$523 ($adff) from module aero_transaction_ctrl (D = \age_tag, Q = \transport_req_age_r).
Adding EN signal on $procdff$522 ($adff) from module aero_transaction_ctrl (D = \seq_num, Q = \transport_req_seq_r).
Adding EN signal on $procdff$521 ($adff) from module aero_transaction_ctrl (D = $0\actuator_valid_r[0:0], Q = \actuator_valid_r).
Adding EN signal on $procdff$520 ($adff) from module aero_transaction_ctrl (D = $0\actuator_cmd_r[31:0], Q = \actuator_cmd_r).
Adding EN signal on $procdff$519 ($adff) from module aero_transaction_ctrl (D = $0\error_code_r[31:0], Q = \error_code_r).
Adding EN signal on $procdff$518 ($adff) from module aero_transaction_ctrl (D = \age_tag, Q = \last_age_r).
Adding EN signal on $procdff$517 ($adff) from module aero_transaction_ctrl (D = \seq_num, Q = \last_seq_r).
Adding EN signal on $procdff$514 ($adff) from module aero_transaction_ctrl (D = $0\fallback_active_r[0:0], Q = \fallback_active_r).
Adding EN signal on $procdff$513 ($adff) from module aero_transaction_ctrl (D = $0\fault_latched_r[0:0], Q = \fault_latched_r).
Setting constant 0-bit at position 0 on $auto$ff.cc:266:slice$589 ($adffe) from module aero_transaction_ctrl.
Setting constant 0-bit at position 1 on $auto$ff.cc:266:slice$589 ($adffe) from module aero_transaction_ctrl.
Setting constant 0-bit at position 4 on $auto$ff.cc:266:slice$589 ($adffe) from module aero_transaction_ctrl.
Setting constant 0-bit at position 5 on $auto$ff.cc:266:slice$589 ($adffe) from module aero_transaction_ctrl.
Setting constant 0-bit at position 6 on $auto$ff.cc:266:slice$589 ($adffe) from module aero_transaction_ctrl.
Setting constant 0-bit at position 7 on $auto$ff.cc:266:slice$589 ($adffe) from module aero_transaction_ctrl.

5.12.7. Executing OPT_CLEAN pass (remove unused cells and wires).
Finding unused cells or wires in module \adaptive_aero_control_top..
Finding unused cells or wires in module \aero_csr_regs..
Finding unused cells or wires in module \aero_packet_codec..
Finding unused cells or wires in module \aero_transaction_ctrl..
Removed 25 unused cells and 25 unused wires.
<suppressed ~28 debug messages>

5.12.8. Executing OPT_EXPR pass (perform const folding).
Optimizing module adaptive_aero_control_top.
Optimizing module aero_csr_regs.
Optimizing module aero_packet_codec.
<suppressed ~1 debug messages>
Optimizing module aero_transaction_ctrl.
<suppressed ~7 debug messages>

5.12.9. Rerunning OPT passes. (Maybe there is more to do..)

5.12.10. Executing OPT_MUXTREE pass (detect dead branches in mux trees).
Running muxtree optimizer on module \adaptive_aero_control_top..
  Creating internal representation of mux trees.
  No muxes found in this module.
Running muxtree optimizer on module \aero_csr_regs..
  Creating internal representation of mux trees.
  Evaluating internal representation of mux trees.
  Analyzing evaluation results.
Running muxtree optimizer on module \aero_packet_codec..
  Creating internal representation of mux trees.
  Evaluating internal representation of mux trees.
  Analyzing evaluation results.
Running muxtree optimizer on module \aero_transaction_ctrl..
  Creating internal representation of mux trees.
  Evaluating internal representation of mux trees.
  Analyzing evaluation results.
Removed 0 multiplexer ports.
<suppressed ~16 debug messages>

5.12.11. Executing OPT_REDUCE pass (consolidate $*mux and $reduce_* inputs).
  Optimizing cells in module \adaptive_aero_control_top.
  Optimizing cells in module \aero_csr_regs.
  Optimizing cells in module \aero_packet_codec.
  Optimizing cells in module \aero_transaction_ctrl.
Performed a total of 0 changes.

5.12.12. Executing OPT_MERGE pass (detect identical cells).
Finding identical cells in module `\adaptive_aero_control_top'.
Finding identical cells in module `\aero_csr_regs'.
<suppressed ~3 debug messages>
Finding identical cells in module `\aero_packet_codec'.
Finding identical cells in module `\aero_transaction_ctrl'.
<suppressed ~18 debug messages>
Removed a total of 7 cells.

5.12.13. Executing OPT_DFF pass (perform DFF optimizations).

5.12.14. Executing OPT_CLEAN pass (remove unused cells and wires).
Finding unused cells or wires in module \adaptive_aero_control_top..
Finding unused cells or wires in module \aero_csr_regs..
Finding unused cells or wires in module \aero_packet_codec..
Finding unused cells or wires in module \aero_transaction_ctrl..
Removed 0 unused cells and 4 unused wires.
<suppressed ~2 debug messages>

5.12.15. Executing OPT_EXPR pass (perform const folding).
Optimizing module adaptive_aero_control_top.
Optimizing module aero_csr_regs.
Optimizing module aero_packet_codec.
Optimizing module aero_transaction_ctrl.

5.12.16. Rerunning OPT passes. (Maybe there is more to do..)

5.12.17. Executing OPT_MUXTREE pass (detect dead branches in mux trees).
Running muxtree optimizer on module \adaptive_aero_control_top..
  Creating internal representation of mux trees.
  No muxes found in this module.
Running muxtree optimizer on module \aero_csr_regs..
  Creating internal representation of mux trees.
  Evaluating internal representation of mux trees.
  Analyzing evaluation results.
Running muxtree optimizer on module \aero_packet_codec..
  Creating internal representation of mux trees.
  Evaluating internal representation of mux trees.
  Analyzing evaluation results.
Running muxtree optimizer on module \aero_transaction_ctrl..
  Creating internal representation of mux trees.
  Evaluating internal representation of mux trees.
  Analyzing evaluation results.
Removed 0 multiplexer ports.
<suppressed ~18 debug messages>

5.12.18. Executing OPT_REDUCE pass (consolidate $*mux and $reduce_* inputs).
  Optimizing cells in module \adaptive_aero_control_top.
  Optimizing cells in module \aero_csr_regs.
  Optimizing cells in module \aero_packet_codec.
  Optimizing cells in module \aero_transaction_ctrl.
Performed a total of 0 changes.

5.12.19. Executing OPT_MERGE pass (detect identical cells).
Finding identical cells in module `\adaptive_aero_control_top'.
Finding identical cells in module `\aero_csr_regs'.
Finding identical cells in module `\aero_packet_codec'.
Finding identical cells in module `\aero_transaction_ctrl'.
Removed a total of 0 cells.

5.12.20. Executing OPT_DFF pass (perform DFF optimizations).

5.12.21. Executing OPT_CLEAN pass (remove unused cells and wires).
Finding unused cells or wires in module \adaptive_aero_control_top..
Finding unused cells or wires in module \aero_csr_regs..
Finding unused cells or wires in module \aero_packet_codec..
Finding unused cells or wires in module \aero_transaction_ctrl..

5.12.22. Executing OPT_EXPR pass (perform const folding).
Optimizing module adaptive_aero_control_top.
Optimizing module aero_csr_regs.
Optimizing module aero_packet_codec.
Optimizing module aero_transaction_ctrl.

5.12.23. Finished OPT passes. (There is nothing left to do.)

5.13. Executing WREDUCE pass (reducing word size of cells).
Removed top 2 bits (of 8) from port B of cell aero_csr_regs.$procmux$450_CMP0 ($eq).
Removed top 3 bits (of 8) from port B of cell aero_csr_regs.$procmux$451_CMP0 ($eq).
Removed top 3 bits (of 8) from port B of cell aero_csr_regs.$procmux$452_CMP0 ($eq).
Removed top 3 bits (of 8) from port B of cell aero_csr_regs.$procmux$453_CMP0 ($eq).
Removed top 3 bits (of 8) from port B of cell aero_csr_regs.$procmux$454_CMP0 ($eq).
Removed top 4 bits (of 8) from port B of cell aero_csr_regs.$procmux$455_CMP0 ($eq).
Removed top 4 bits (of 8) from port B of cell aero_csr_regs.$procmux$456_CMP0 ($eq).
Removed top 5 bits (of 8) from port B of cell aero_csr_regs.$procmux$457_CMP0 ($eq).
Removed top 8 bits (of 128) from wire aero_packet_codec.resp_out_r.
Removed top 31 bits (of 32) from port B of cell aero_transaction_ctrl.$add$/root/chiploop-backend/backend/workflows/b5169f86-3621-4078-b1b6-536ed5391eb2/fpga/src/upstream/aero_transaction_ctrl.v:118$21 ($add).
Removed top 1 bits (of 3) from port B of cell aero_transaction_ctrl.$auto$opt_dff.cc:195:make_patterns_logic$610 ($ne).
Removed top 4 bits (of 8) from wire aero_transaction_ctrl.transport_req_status_r.

5.14. Executing PEEPOPT pass (run peephole optimizers).

5.15. Executing OPT_CLEAN pass (remove unused cells and wires).
Finding unused cells or wires in module \adaptive_aero_control_top..
Finding unused cells or wires in module \aero_csr_regs..
Finding unused cells or wires in module \aero_packet_codec..
Finding unused cells or wires in module \aero_transaction_ctrl..
Removed 0 unused cells and 2 unused wires.
<suppressed ~2 debug messages>

5.16. Executing SHARE pass (SAT-based resource sharing).

5.17. Executing TECHMAP pass (map to technology primitives).

5.17.1. Executing Verilog-2005 frontend: /usr/bin/../share/yosys/cmp2lut.v
Parsing Verilog input from `/usr/bin/../share/yosys/cmp2lut.v' to AST representation.
Generating RTLIL representation for module `\_90_lut_cmp_'.
Successfully finished Verilog frontend.

5.17.2. Continuing TECHMAP pass.
No more expansions possible.
<suppressed ~114 debug messages>

5.18. Executing OPT_EXPR pass (perform const folding).
Optimizing module adaptive_aero_control_top.
Optimizing module aero_csr_regs.
Optimizing module aero_packet_codec.
Optimizing module aero_transaction_ctrl.

5.19. Executing OPT_CLEAN pass (remove unused cells and wires).
Finding unused cells or wires in module \adaptive_aero_control_top..
Finding unused cells or wires in module \aero_csr_regs..
Finding unused cells or wires in module \aero_packet_codec..
Finding unused cells or wires in module \aero_transaction_ctrl..

5.20. Executing TECHMAP pass (map to technology primitives).

5.20.1. Executing Verilog-2005 frontend: /usr/bin/../share/yosys/mul2dsp.v
Parsing Verilog input from `/usr/bin/../share/yosys/mul2dsp.v' to AST representation.
Generating RTLIL representation for module `\_80_mul'.
Generating RTLIL representation for module `\_90_soft_mul'.
Successfully finished Verilog frontend.

5.20.2. Executing Verilog-2005 frontend: /usr/bin/../share/yosys/ecp5/dsp_map.v
Parsing Verilog input from `/usr/bin/../share/yosys/ecp5/dsp_map.v' to AST representation.
Generating RTLIL representation for module `\$__MUL18X18'.
Successfully finished Verilog frontend.

5.20.3. Continuing TECHMAP pass.
No more expansions possible.
<suppressed ~5 debug messages>

5.21. Executing ALUMACC pass (create $alu and $macc cells).
Extracting $alu and $macc cells in module adaptive_aero_control_top:
  created 0 $alu and 0 $macc cells.
Extracting $alu and $macc cells in module aero_csr_regs:
  created 0 $alu and 0 $macc cells.
Extracting $alu and $macc cells in module aero_packet_codec:
  created 0 $alu and 0 $macc cells.
Extracting $alu and $macc cells in module aero_transaction_ctrl:
  creating $macc model for $add$/root/chiploop-backend/backend/workflows/b5169f86-3621-4078-b1b6-536ed5391eb2/fpga/src/upstream/aero_transaction_ctrl.v:118$21 ($add).
  creating $alu model for $macc $add$/root/chiploop-backend/backend/workflows/b5169f86-3621-4078-b1b6-536ed5391eb2/fpga/src/upstream/aero_transaction_ctrl.v:118$21.
  creating $alu model for $ge$/root/chiploop-backend/backend/workflows/b5169f86-3621-4078-b1b6-536ed5391eb2/fpga/src/upstream/aero_transaction_ctrl.v:128$22 ($ge): new $alu
  creating $alu model for $gt$/root/chiploop-backend/backend/workflows/b5169f86-3621-4078-b1b6-536ed5391eb2/fpga/src/upstream/aero_transaction_ctrl.v:141$30 ($gt): new $alu
  creating $alu model for $le$/root/chiploop-backend/backend/workflows/b5169f86-3621-4078-b1b6-536ed5391eb2/fpga/src/upstream/aero_transaction_ctrl.v:137$27 ($le): new $alu
  creating $alu model for $lt$/root/chiploop-backend/backend/workflows/b5169f86-3621-4078-b1b6-536ed5391eb2/fpga/src/upstream/aero_transaction_ctrl.v:139$29 ($lt): new $alu
  creating $alu cell for $lt$/root/chiploop-backend/backend/workflows/b5169f86-3621-4078-b1b6-536ed5391eb2/fpga/src/upstream/aero_transaction_ctrl.v:139$29: $auto$alumacc.cc:485:replace_alu$621
  creating $alu cell for $le$/root/chiploop-backend/backend/workflows/b5169f86-3621-4078-b1b6-536ed5391eb2/fpga/src/upstream/aero_transaction_ctrl.v:137$27: $auto$alumacc.cc:485:replace_alu$626
  creating $alu cell for $gt$/root/chiploop-backend/backend/workflows/b5169f86-3621-4078-b1b6-536ed5391eb2/fpga/src/upstream/aero_transaction_ctrl.v:141$30: $auto$alumacc.cc:485:replace_alu$639
  creating $alu cell for $ge$/root/chiploop-backend/backend/workflows/b5169f86-3621-4078-b1b6-536ed5391eb2/fpga/src/upstream/aero_transaction_ctrl.v:128$22: $auto$alumacc.cc:485:replace_alu$650
  creating $alu cell for $add$/root/chiploop-backend/backend/workflows/b5169f86-3621-4078-b1b6-536ed5391eb2/fpga/src/upstream/aero_transaction_ctrl.v:118$21: $auto$alumacc.cc:485:replace_alu$663
  created 5 $alu and 0 $macc cells.

5.22. Executing OPT pass (performing simple optimizations).

5.22.1. Executing OPT_EXPR pass (perform const folding).
Optimizing module adaptive_aero_control_top.
Optimizing module aero_csr_regs.
Optimizing module aero_packet_codec.
Optimizing module aero_transaction_ctrl.
<suppressed ~2 debug messages>

5.22.2. Executing OPT_MERGE pass (detect identical cells).
Finding identical cells in module `\adaptive_aero_control_top'.
Finding identical cells in module `\aero_csr_regs'.
Finding identical cells in module `\aero_packet_codec'.
Finding identical cells in module `\aero_transaction_ctrl'.
Removed a total of 0 cells.

5.22.3. Executing OPT_MUXTREE pass (detect dead branches in mux trees).
Running muxtree optimizer on module \adaptive_aero_control_top..
  Creating internal representation of mux trees.
  No muxes found in this module.
Running muxtree optimizer on module \aero_csr_regs..
  Creating internal representation of mux trees.
  Evaluating internal representation of mux trees.
  Analyzing evaluation results.
Running muxtree optimizer on module \aero_packet_codec..
  Creating internal representation of mux trees.
  Evaluating internal representation of mux trees.
  Analyzing evaluation results.
Running muxtree optimizer on module \aero_transaction_ctrl..
  Creating internal representation of mux trees.
  Evaluating internal representation of mux trees.
  Analyzing evaluation results.
Removed 0 multiplexer ports.
<suppressed ~18 debug messages>

5.22.4. Executing OPT_REDUCE pass (consolidate $*mux and $reduce_* inputs).
  Optimizing cells in module \adaptive_aero_control_top.
  Optimizing cells in module \aero_csr_regs.
  Optimizing cells in module \aero_packet_codec.
  Optimizing cells in module \aero_transaction_ctrl.
Performed a total of 0 changes.

5.22.5. Executing OPT_MERGE pass (detect identical cells).
Finding identical cells in module `\adaptive_aero_control_top'.
Finding identical cells in module `\aero_csr_regs'.
Finding identical cells in module `\aero_packet_codec'.
Finding identical cells in module `\aero_transaction_ctrl'.
Removed a total of 0 cells.

5.22.6. Executing OPT_DFF pass (perform DFF optimizations).

5.22.7. Executing OPT_CLEAN pass (remove unused cells and wires).
Finding unused cells or wires in module \adaptive_aero_control_top..
Finding unused cells or wires in module \aero_csr_regs..
Finding unused cells or wires in module \aero_packet_codec..
Finding unused cells or wires in module \aero_transaction_ctrl..
Removed 2 unused cells and 6 unused wires.
<suppressed ~3 debug messages>

5.22.8. Executing OPT_EXPR pass (perform const folding).
Optimizing module adaptive_aero_control_top.
Optimizing module aero_csr_regs.
Optimizing module aero_packet_codec.
Optimizing module aero_transaction_ctrl.

5.22.9. Rerunning OPT passes. (Maybe there is more to do..)

5.22.10. Executing OPT_MUXTREE pass (detect dead branches in mux trees).
Running muxtree optimizer on module \adaptive_aero_control_top..
  Creating internal representation of mux trees.
  No muxes found in this module.
Running muxtree optimizer on module \aero_csr_regs..
  Creating internal representation of mux trees.
  Evaluating internal representation of mux trees.
  Analyzing evaluation results.
Running muxtree optimizer on module \aero_packet_codec..
  Creating internal representation of mux trees.
  Evaluating internal representation of mux trees.
  Analyzing evaluation results.
Running muxtree optimizer on module \aero_transaction_ctrl..
  Creating internal representation of mux trees.
  Evaluating internal representation of mux trees.
  Analyzing evaluation results.
Removed 0 multiplexer ports.
<suppressed ~18 debug messages>

5.22.11. Executing OPT_REDUCE pass (consolidate $*mux and $reduce_* inputs).
  Optimizing cells in module \adaptive_aero_control_top.
  Optimizing cells in module \aero_csr_regs.
  Optimizing cells in module \aero_packet_codec.
  Optimizing cells in module \aero_transaction_ctrl.
Performed a total of 0 changes.

5.22.12. Executing OPT_MERGE pass (detect identical cells).
Finding identical cells in module `\adaptive_aero_control_top'.
Finding identical cells in module `\aero_csr_regs'.
Finding identical cells in module `\aero_packet_codec'.
Finding identical cells in module `\aero_transaction_ctrl'.
Removed a total of 0 cells.

5.22.13. Executing OPT_DFF pass (perform DFF optimizations).

5.22.14. Executing OPT_CLEAN pass (remove unused cells and wires).
Finding unused cells or wires in module \adaptive_aero_control_top..
Finding unused cells or wires in module \aero_csr_regs..
Finding unused cells or wires in module \aero_packet_codec..
Finding unused cells or wires in module \aero_transaction_ctrl..

5.22.15. Executing OPT_EXPR pass (perform const folding).
Optimizing module adaptive_aero_control_top.
Optimizing module aero_csr_regs.
Optimizing module aero_packet_codec.
Optimizing module aero_transaction_ctrl.

5.22.16. Finished OPT passes. (There is nothing left to do.)

5.23. Executing MEMORY pass.

5.23.1. Executing OPT_MEM pass (optimize memories).
Performed a total of 0 transformations.

5.23.2. Executing OPT_MEM_PRIORITY pass (removing unnecessary memory write priority relations).
Performed a total of 0 transformations.

5.23.3. Executing OPT_MEM_FEEDBACK pass (finding memory read-to-write feedback paths).

5.23.4. Executing MEMORY_BMUX2ROM pass (converting muxes to ROMs).

5.23.5. Executing MEMORY_DFF pass (merging $dff cells to $memrd).

5.23.6. Executing OPT_CLEAN pass (remove unused cells and wires).
Finding unused cells or wires in module \adaptive_aero_control_top..
Finding unused cells or wires in module \aero_csr_regs..
Finding unused cells or wires in module \aero_packet_codec..
Finding unused cells or wires in module \aero_transaction_ctrl..

5.23.7. Executing MEMORY_SHARE pass (consolidating $memrd/$memwr cells).

5.23.8. Executing OPT_MEM_WIDEN pass (optimize memories where all ports are wide).
Performed a total of 0 transformations.

5.23.9. Executing OPT_CLEAN pass (remove unused cells and wires).
Finding unused cells or wires in module \adaptive_aero_control_top..
Finding unused cells or wires in module \aero_csr_regs..
Finding unused cells or wires in module \aero_packet_codec..
Finding unused cells or wires in module \aero_transaction_ctrl..

5.23.10. Executing MEMORY_COLLECT pass (generating $mem cells).

5.24. Executing OPT_CLEAN pass (remove unused cells and wires).
Finding unused cells or wires in module \adaptive_aero_control_top..
Finding unused cells or wires in module \aero_csr_regs..
Finding unused cells or wires in module \aero_packet_codec..
Finding unused cells or wires in module \aero_transaction_ctrl..

5.25. Executing MEMORY_LIBMAP pass (mapping memories to cells).

5.26. Executing TECHMAP pass (map to technology primitives).

5.26.1. Executing Verilog-2005 frontend: /usr/bin/../share/yosys/ecp5/lutrams_map.v
Parsing Verilog input from `/usr/bin/../share/yosys/ecp5/lutrams_map.v' to AST representation.
Generating RTLIL representation for module `\$__TRELLIS_DPR16X4_'.
Successfully finished Verilog frontend.

5.26.2. Executing Verilog-2005 frontend: /usr/bin/../share/yosys/ecp5/brams_map.v
Parsing Verilog input from `/usr/bin/../share/yosys/ecp5/brams_map.v' to AST representation.
Generating RTLIL representation for module `\$__ECP5_DP16KD_'.
Generating RTLIL representation for module `\$__ECP5_PDPW16KD_'.
Successfully finished Verilog frontend.

5.26.3. Continuing TECHMAP pass.
No more expansions possible.
<suppressed ~5 debug messages>

5.27. Executing OPT pass (performing simple optimizations).

5.27.1. Executing OPT_EXPR pass (perform const folding).
Optimizing module adaptive_aero_control_top.
Optimizing module aero_csr_regs.
Optimizing module aero_packet_codec.
<suppressed ~1 debug messages>
Optimizing module aero_transaction_ctrl.
<suppressed ~15 debug messages>

5.27.2. Executing OPT_MERGE pass (detect identical cells).
Finding identical cells in module `\adaptive_aero_control_top'.
Finding identical cells in module `\aero_csr_regs'.
Finding identical cells in module `\aero_packet_codec'.
Finding identical cells in module `\aero_transaction_ctrl'.
<suppressed ~3 debug messages>
Removed a total of 1 cells.

5.27.3. Executing OPT_DFF pass (perform DFF optimizations).

5.27.4. Executing OPT_CLEAN pass (remove unused cells and wires).
Finding unused cells or wires in module \adaptive_aero_control_top..
Finding unused cells or wires in module \aero_csr_regs..
Finding unused cells or wires in module \aero_packet_codec..
Finding unused cells or wires in module \aero_transaction_ctrl..
Removed 0 unused cells and 17 unused wires.
<suppressed ~2 debug messages>

5.27.5. Finished fast OPT passes.

5.28. Executing MEMORY_MAP pass (converting memories to logic and flip-flops).

5.29. Executing OPT pass (performing simple optimizations).

5.29.1. Executing OPT_EXPR pass (perform const folding).
Optimizing module adaptive_aero_control_top.
Optimizing module aero_csr_regs.
Optimizing module aero_packet_codec.
Optimizing module aero_transaction_ctrl.

5.29.2. Executing OPT_MERGE pass (detect identical cells).
Finding identical cells in module `\adaptive_aero_control_top'.
Finding identical cells in module `\aero_csr_regs'.
Finding identical cells in module `\aero_packet_codec'.
Finding identical cells in module `\aero_transaction_ctrl'.
Removed a total of 0 cells.

5.29.3. Executing OPT_MUXTREE pass (detect dead branches in mux trees).
Running muxtree optimizer on module \adaptive_aero_control_top..
  Creating internal representation of mux trees.
  No muxes found in this module.
Running muxtree optimizer on module \aero_csr_regs..
  Creating internal representation of mux trees.
  Evaluating internal representation of mux trees.
  Analyzing evaluation results.
Running muxtree optimizer on module \aero_packet_codec..
  Creating internal representation of mux trees.
  Evaluating internal representation of mux trees.
  Analyzing evaluation results.
Running muxtree optimizer on module \aero_transaction_ctrl..
  Creating internal representation of mux trees.
  Evaluating internal representation of mux trees.
  Analyzing evaluation results.
Removed 0 multiplexer ports.
<suppressed ~14 debug messages>

5.29.4. Executing OPT_REDUCE pass (consolidate $*mux and $reduce_* inputs).
  Optimizing cells in module \adaptive_aero_control_top.
  Optimizing cells in module \aero_csr_regs.
  Optimizing cells in module \aero_packet_codec.
  Optimizing cells in module \aero_transaction_ctrl.
    Consolidated identical input bits for $mux cell $procmux$401:
      Old ports: A=2, B=0, Y=$procmux$401_Y
      New ports: A=1'1, B=1'0, Y=$procmux$401_Y [1]
      New connections: { $procmux$401_Y [31:2] $procmux$401_Y [0] } = 31'0000000000000000000000000000000
  Optimizing cells in module \aero_transaction_ctrl.
    Consolidated identical input bits for $mux cell $procmux$404:
      Old ports: A=$procmux$401_Y, B=1, Y=$0\error_code_r[31:0]
      New ports: A={ $procmux$401_Y [1] 1'0 }, B=2'01, Y=$0\error_code_r[31:0] [1:0]
      New connections: $0\error_code_r[31:0] [31:2] = 30'000000000000000000000000000000
  Optimizing cells in module \aero_transaction_ctrl.
Performed a total of 2 changes.

5.29.5. Executing OPT_MERGE pass (detect identical cells).
Finding identical cells in module `\adaptive_aero_control_top'.
Finding identical cells in module `\aero_csr_regs'.
Finding identical cells in module `\aero_packet_codec'.
Finding identical cells in module `\aero_transaction_ctrl'.
<suppressed ~3 debug messages>
Removed a total of 1 cells.

5.29.6. Executing OPT_DFF pass (perform DFF optimizations).

5.29.7. Executing OPT_CLEAN pass (remove unused cells and wires).
Finding unused cells or wires in module \adaptive_aero_control_top..
Finding unused cells or wires in module \aero_csr_regs..
Finding unused cells or wires in module \aero_packet_codec..
Finding unused cells or wires in module \aero_transaction_ctrl..
Removed 0 unused cells and 1 unused wires.
<suppressed ~1 debug messages>

5.29.8. Executing OPT_EXPR pass (perform const folding).
Optimizing module adaptive_aero_control_top.
Optimizing module aero_csr_regs.
Optimizing module aero_packet_codec.
Optimizing module aero_transaction_ctrl.

5.29.9. Rerunning OPT passes. (Maybe there is more to do..)

5.29.10. Executing OPT_MUXTREE pass (detect dead branches in mux trees).
Running muxtree optimizer on module \adaptive_aero_control_top..
  Creating internal representation of mux trees.
  No muxes found in this module.
Running muxtree optimizer on module \aero_csr_regs..
  Creating internal representation of mux trees.
  Evaluating internal representation of mux trees.
  Analyzing evaluation results.
Running muxtree optimizer on module \aero_packet_codec..
  Creating internal representation of mux trees.
  Evaluating internal representation of mux trees.
  Analyzing evaluation results.
Running muxtree optimizer on module \aero_transaction_ctrl..
  Creating internal representation of mux trees.
  Evaluating internal representation of mux trees.
  Analyzing evaluation results.
Removed 0 multiplexer ports.
<suppressed ~14 debug messages>

5.29.11. Executing OPT_REDUCE pass (consolidate $*mux and $reduce_* inputs).
  Optimizing cells in module \adaptive_aero_control_top.
  Optimizing cells in module \aero_csr_regs.
  Optimizing cells in module \aero_packet_codec.
  Optimizing cells in module \aero_transaction_ctrl.
Performed a total of 0 changes.

5.29.12. Executing OPT_MERGE pass (detect identical cells).
Finding identical cells in module `\adaptive_aero_control_top'.
Finding identical cells in module `\aero_csr_regs'.
Finding identical cells in module `\aero_packet_codec'.
Finding identical cells in module `\aero_transaction_ctrl'.
Removed a total of 0 cells.

5.29.13. Executing OPT_DFF pass (perform DFF optimizations).
Setting constant 0-bit at position 2 on $auto$ff.cc:266:slice$598 ($adffe) from module aero_transaction_ctrl.
Setting constant 0-bit at position 3 on $auto$ff.cc:266:slice$598 ($adffe) from module aero_transaction_ctrl.
Setting constant 0-bit at position 4 on $auto$ff.cc:266:slice$598 ($adffe) from module aero_transaction_ctrl.
Setting constant 0-bit at position 5 on $auto$ff.cc:266:slice$598 ($adffe) from module aero_transaction_ctrl.
Setting constant 0-bit at position 6 on $auto$ff.cc:266:slice$598 ($adffe) from module aero_transaction_ctrl.
Setting constant 0-bit at position 7 on $auto$ff.cc:266:slice$598 ($adffe) from module aero_transaction_ctrl.
Setting constant 0-bit at position 8 on $auto$ff.cc:266:slice$598 ($adffe) from module aero_transaction_ctrl.
Setting constant 0-bit at position 9 on $auto$ff.cc:266:slice$598 ($adffe) from module aero_transaction_ctrl.
Setting constant 0-bit at position 10 on $auto$ff.cc:266:slice$598 ($adffe) from module aero_transaction_ctrl.
Setting constant 0-bit at position 11 on $auto$ff.cc:266:slice$598 ($adffe) from module aero_transaction_ctrl.
Setting constant 0-bit at position 12 on $auto$ff.cc:266:slice$598 ($adffe) from module aero_transaction_ctrl.
Setting constant 0-bit at position 13 on $auto$ff.cc:266:slice$598 ($adffe) from module aero_transaction_ctrl.
Setting constant 0-bit at position 14 on $auto$ff.cc:266:slice$598 ($adffe) from module aero_transaction_ctrl.
Setting constant 0-bit at position 15 on $auto$ff.cc:266:slice$598 ($adffe) from module aero_transaction_ctrl.
Setting constant 0-bit at position 16 on $auto$ff.cc:266:slice$598 ($adffe) from module aero_transaction_ctrl.
Setting constant 0-bit at position 17 on $auto$ff.cc:266:slice$598 ($adffe) from module aero_transaction_ctrl.
Setting constant 0-bit at position 18 on $auto$ff.cc:266:slice$598 ($adffe) from module aero_transaction_ctrl.
Setting constant 0-bit at position 19 on $auto$ff.cc:266:slice$598 ($adffe) from module aero_transaction_ctrl.
Setting constant 0-bit at position 20 on $auto$ff.cc:266:slice$598 ($adffe) from module aero_transaction_ctrl.
Setting constant 0-bit at position 21 on $auto$ff.cc:266:slice$598 ($adffe) from module aero_transaction_ctrl.
Setting constant 0-bit at position 22 on $auto$ff.cc:266:slice$598 ($adffe) from module aero_transaction_ctrl.
Setting constant 0-bit at position 23 on $auto$ff.cc:266:slice$598 ($adffe) from module aero_transaction_ctrl.
Setting constant 0-bit at position 24 on $auto$ff.cc:266:slice$598 ($adffe) from module aero_transaction_ctrl.
Setting constant 0-bit at position 25 on $auto$ff.cc:266:slice$598 ($adffe) from module aero_transaction_ctrl.
Setting constant 0-bit at position 26 on $auto$ff.cc:266:slice$598 ($adffe) from module aero_transaction_ctrl.
Setting constant 0-bit at position 27 on $auto$ff.cc:266:slice$598 ($adffe) from module aero_transaction_ctrl.
Setting constant 0-bit at position 28 on $auto$ff.cc:266:slice$598 ($adffe) from module aero_transaction_ctrl.
Setting constant 0-bit at position 29 on $auto$ff.cc:266:slice$598 ($adffe) from module aero_transaction_ctrl.
Setting constant 0-bit at position 30 on $auto$ff.cc:266:slice$598 ($adffe) from module aero_transaction_ctrl.
Setting constant 0-bit at position 31 on $auto$ff.cc:266:slice$598 ($adffe) from module aero_transaction_ctrl.

5.29.14. Executing OPT_CLEAN pass (remove unused cells and wires).
Finding unused cells or wires in module \adaptive_aero_control_top..
Finding unused cells or wires in module \aero_csr_regs..
Finding unused cells or wires in module \aero_packet_codec..
Finding unused cells or wires in module \aero_transaction_ctrl..

5.29.15. Executing OPT_EXPR pass (perform const folding).
Optimizing module adaptive_aero_control_top.
Optimizing module aero_csr_regs.
Optimizing module aero_packet_codec.
Optimizing module aero_transaction_ctrl.

5.29.16. Rerunning OPT passes. (Maybe there is more to do..)

5.29.17. Executing OPT_MUXTREE pass (detect dead branches in mux trees).
Running muxtree optimizer on module \adaptive_aero_control_top..
  Creating internal representation of mux trees.
  No muxes found in this module.
Running muxtree optimizer on module \aero_csr_regs..
  Creating internal representation of mux trees.
  Evaluating internal representation of mux trees.
  Analyzing evaluation results.
Running muxtree optimizer on module \aero_packet_codec..
  Creating internal representation of mux trees.
  Evaluating internal representation of mux trees.
  Analyzing evaluation results.
Running muxtree optimizer on module \aero_transaction_ctrl..
  Creating internal representation of mux trees.
  Evaluating internal representation of mux trees.
  Analyzing evaluation results.
Removed 0 multiplexer ports.
<suppressed ~14 debug messages>

5.29.18. Executing OPT_REDUCE pass (consolidate $*mux and $reduce_* inputs).
  Optimizing cells in module \adaptive_aero_control_top.
  Optimizing cells in module \aero_csr_regs.
  Optimizing cells in module \aero_packet_codec.
  Optimizing cells in module \aero_transaction_ctrl.
Performed a total of 0 changes.

5.29.19. Executing OPT_MERGE pass (detect identical cells).
Finding identical cells in module `\adaptive_aero_control_top'.
Finding identical cells in module `\aero_csr_regs'.
Finding identical cells in module `\aero_packet_codec'.
Finding identical cells in module `\aero_transaction_ctrl'.
Removed a total of 0 cells.

5.29.20. Executing OPT_DFF pass (perform DFF optimizations).

5.29.21. Executing OPT_CLEAN pass (remove unused cells and wires).
Finding unused cells or wires in module \adaptive_aero_control_top..
Finding unused cells or wires in module \aero_csr_regs..
Finding unused cells or wires in module \aero_packet_codec..
Finding unused cells or wires in module \aero_transaction_ctrl..

5.29.22. Executing OPT_EXPR pass (perform const folding).
Optimizing module adaptive_aero_control_top.
Optimizing module aero_csr_regs.
Optimizing module aero_packet_codec.
Optimizing module aero_transaction_ctrl.

5.29.23. Finished OPT passes. (There is nothing left to do.)

5.30. Executing TECHMAP pass (map to technology primitives).

5.30.1. Executing Verilog-2005 frontend: /usr/bin/../share/yosys/techmap.v
Parsing Verilog input from `/usr/bin/../share/yosys/techmap.v' to AST representation.
Generating RTLIL representation for module `\_90_simplemap_bool_ops'.
Generating RTLIL representation for module `\_90_simplemap_reduce_ops'.
Generating RTLIL representation for module `\_90_simplemap_logic_ops'.
Generating RTLIL representation for module `\_90_simplemap_compare_ops'.
Generating RTLIL representation for module `\_90_simplemap_various'.
Generating RTLIL representation for module `\_90_simplemap_registers'.
Generating RTLIL representation for module `\_90_shift_ops_shr_shl_sshl_sshr'.
Generating RTLIL representation for module `\_90_shift_shiftx'.
Generating RTLIL representation for module `\_90_fa'.
Generating RTLIL representation for module `\_90_lcu'.
Generating RTLIL representation for module `\_90_alu'.
Generating RTLIL representation for module `\_90_macc'.
Generating RTLIL representation for module `\_90_alumacc'.
Generating RTLIL representation for module `\$__div_mod_u'.
Generating RTLIL representation for module `\$__div_mod_trunc'.
Generating RTLIL representation for module `\_90_div'.
Generating RTLIL representation for module `\_90_mod'.
Generating RTLIL representation for module `\$__div_mod_floor'.
Generating RTLIL representation for module `\_90_divfloor'.
Generating RTLIL representation for module `\_90_modfloor'.
Generating RTLIL representation for module `\_90_pow'.
Generating RTLIL representation for module `\_90_pmux'.
Generating RTLIL representation for module `\_90_demux'.
Generating RTLIL representation for module `\_90_lut'.
Successfully finished Verilog frontend.

5.30.2. Executing Verilog-2005 frontend: /usr/bin/../share/yosys/ecp5/arith_map.v
Parsing Verilog input from `/usr/bin/../share/yosys/ecp5/arith_map.v' to AST representation.
Generating RTLIL representation for module `\_80_ecp5_alu'.
Successfully finished Verilog frontend.

5.30.3. Continuing TECHMAP pass.
Using extmapper simplemap for cells of type $not.
Using extmapper simplemap for cells of type $or.
Using extmapper simplemap for cells of type $reduce_or.
Using extmapper simplemap for cells of type $reduce_and.
Using extmapper simplemap for cells of type $logic_or.
Using extmapper simplemap for cells of type $logic_not.
Using extmapper simplemap for cells of type $mux.
Using extmapper simplemap for cells of type $logic_and.
Using template $paramod$6a42b6fefed750f8a1c58eab59479d960557103c\_80_ecp5_alu for cells of type $alu.
Using extmapper simplemap for cells of type $eq.
Using template $paramod$fbc7873bff55778c0b3173955b7e4bce1d9d6834\_80_ecp5_alu for cells of type $alu.
Using template $paramod$a1bc51c02ce12ac21eb18988e83292af48ed7d72\_80_ecp5_alu for cells of type $alu.
Using extmapper simplemap for cells of type $ne.
Using extmapper simplemap for cells of type $adffe.
Using extmapper simplemap for cells of type $reduce_bool.
Using extmapper simplemap for cells of type $adff.
Using extmapper simplemap for cells of type $xor.
Using extmapper simplemap for cells of type $pos.
Using template $paramod$80834bdd89ff0e27a02312429a7cc3a2e63489a8\_90_pmux for cells of type $pmux.
Using extmapper simplemap for cells of type $and.
No more expansions possible.
<suppressed ~597 debug messages>

5.31. Executing OPT pass (performing simple optimizations).

5.31.1. Executing OPT_EXPR pass (perform const folding).
Optimizing module adaptive_aero_control_top.
Optimizing module aero_csr_regs.
<suppressed ~273 debug messages>
Optimizing module aero_packet_codec.
Optimizing module aero_transaction_ctrl.
<suppressed ~225 debug messages>

5.31.2. Executing OPT_MERGE pass (detect identical cells).
Finding identical cells in module `\adaptive_aero_control_top'.
Finding identical cells in module `\aero_csr_regs'.
<suppressed ~141 debug messages>
Finding identical cells in module `\aero_packet_codec'.
<suppressed ~6 debug messages>
Finding identical cells in module `\aero_transaction_ctrl'.
<suppressed ~18 debug messages>
Removed a total of 55 cells.

5.31.3. Executing OPT_DFF pass (perform DFF optimizations).

5.31.4. Executing OPT_CLEAN pass (remove unused cells and wires).
Finding unused cells or wires in module \adaptive_aero_control_top..
Finding unused cells or wires in module \aero_csr_regs..
Finding unused cells or wires in module \aero_packet_codec..
Finding unused cells or wires in module \aero_transaction_ctrl..
Removed 315 unused cells and 572 unused wires.
<suppressed ~318 debug messages>

5.31.5. Finished fast OPT passes.

5.32. Executing OPT_CLEAN pass (remove unused cells and wires).
Finding unused cells or wires in module \adaptive_aero_control_top..
Finding unused cells or wires in module \aero_csr_regs..
Finding unused cells or wires in module \aero_packet_codec..
Finding unused cells or wires in module \aero_transaction_ctrl..

5.33. Executing DFFLEGALIZE pass (convert FFs to types supported by the target).

5.34. Executing TECHMAP pass (map to technology primitives).

5.34.1. Executing Verilog-2005 frontend: /usr/bin/../share/yosys/ecp5/cells_map.v
Parsing Verilog input from `/usr/bin/../share/yosys/ecp5/cells_map.v' to AST representation.
Generating RTLIL representation for module `\$_DFF_N_'.
Generating RTLIL representation for module `\$_DFF_P_'.
Generating RTLIL representation for module `\$_DFFE_NN_'.
Generating RTLIL representation for module `\$_DFFE_PN_'.
Generating RTLIL representation for module `\$_DFFE_NP_'.
Generating RTLIL representation for module `\$_DFFE_PP_'.
Generating RTLIL representation for module `\$_DFF_NP0_'.
Generating RTLIL representation for module `\$_DFF_NP1_'.
Generating RTLIL representation for module `\$_DFF_PP0_'.
Generating RTLIL representation for module `\$_DFF_PP1_'.
Generating RTLIL representation for module `\$_SDFF_NP0_'.
Generating RTLIL representation for module `\$_SDFF_NP1_'.
Generating RTLIL representation for module `\$_SDFF_PP0_'.
Generating RTLIL representation for module `\$_SDFF_PP1_'.
Generating RTLIL representation for module `\$_DFFE_NP0P_'.
Generating RTLIL representation for module `\$_DFFE_NP1P_'.
Generating RTLIL representation for module `\$_DFFE_PP0P_'.
Generating RTLIL representation for module `\$_DFFE_PP1P_'.
Generating RTLIL representation for module `\$_DFFE_NP0N_'.
Generating RTLIL representation for module `\$_DFFE_NP1N_'.
Generating RTLIL representation for module `\$_DFFE_PP0N_'.
Generating RTLIL representation for module `\$_DFFE_PP1N_'.
Generating RTLIL representation for module `\$_SDFFE_NP0P_'.
Generating RTLIL representation for module `\$_SDFFE_NP1P_'.
Generating RTLIL representation for module `\$_SDFFE_PP0P_'.
Generating RTLIL representation for module `\$_SDFFE_PP1P_'.
Generating RTLIL representation for module `\$_SDFFE_NP0N_'.
Generating RTLIL representation for module `\$_SDFFE_NP1N_'.
Generating RTLIL representation for module `\$_SDFFE_PP0N_'.
Generating RTLIL representation for module `\$_SDFFE_PP1N_'.
Generating RTLIL representation for module `\$_ALDFF_NP_'.
Generating RTLIL representation for module `\$_ALDFF_PP_'.
Generating RTLIL representation for module `\$_ALDFFE_NPN_'.
Generating RTLIL representation for module `\$_ALDFFE_NPP_'.
Generating RTLIL representation for module `\$_ALDFFE_PPN_'.
Generating RTLIL representation for module `\$_ALDFFE_PPP_'.
Generating RTLIL representation for module `\FD1P3AX'.
Generating RTLIL representation for module `\FD1P3AY'.
Generating RTLIL representation for module `\FD1P3BX'.
Generating RTLIL representation for module `\FD1P3DX'.
Generating RTLIL representation for module `\FD1P3IX'.
Generating RTLIL representation for module `\FD1P3JX'.
Generating RTLIL representation for module `\FD1S3AX'.
Generating RTLIL representation for module `\FD1S3AY'.
Generating RTLIL representation for module `\FD1S3BX'.
Generating RTLIL representation for module `\FD1S3DX'.
Generating RTLIL representation for module `\FD1S3IX'.
Generating RTLIL representation for module `\FD1S3JX'.
Generating RTLIL representation for module `\IFS1P3BX'.
Generating RTLIL representation for module `\IFS1P3DX'.
Generating RTLIL representation for module `\IFS1P3IX'.
Generating RTLIL representation for module `\IFS1P3JX'.
Generating RTLIL representation for module `\OFS1P3BX'.
Generating RTLIL representation for module `\OFS1P3DX'.
Generating RTLIL representation for module `\OFS1P3IX'.
Generating RTLIL representation for module `\OFS1P3JX'.
Generating RTLIL representation for module `\IB'.
Generating RTLIL representation for module `\IBPU'.
Generating RTLIL representation for module `\IBPD'.
Generating RTLIL representation for module `\OB'.
Generating RTLIL representation for module `\OBZ'.
Generating RTLIL representation for module `\OBZPU'.
Generating RTLIL representation for module `\OBZPD'.
Generating RTLIL representation for module `\OBCO'.
Generating RTLIL representation for module `\BB'.
Generating RTLIL representation for module `\BBPU'.
Generating RTLIL representation for module `\BBPD'.
Generating RTLIL representation for module `\ILVDS'.
Generating RTLIL representation for module `\OLVDS'.
Successfully finished Verilog frontend.

5.34.2. Continuing TECHMAP pass.
Using template \$_DFFE_PP0P_ for cells of type $_DFFE_PP0P_.
Using template \$_DFF_PP0_ for cells of type $_DFF_PP0_.
Using template \$_DFFE_PP1P_ for cells of type $_DFFE_PP1P_.
Using template \$_DFF_PP1_ for cells of type $_DFF_PP1_.
No more expansions possible.
<suppressed ~484 debug messages>

5.35. Executing OPT_EXPR pass (perform const folding).
Optimizing module adaptive_aero_control_top.
Optimizing module aero_csr_regs.
Optimizing module aero_packet_codec.
Optimizing module aero_transaction_ctrl.

5.36. Executing SIMPLEMAP pass (map simple cells to gate primitives).

5.37. Executing LATTICE_GSR pass (implement FF init values).
Handling GSR in adaptive_aero_control_top.
Handling GSR in aero_csr_regs.
Handling GSR in aero_packet_codec.
Handling GSR in aero_transaction_ctrl.

5.38. Executing ATTRMVCP pass (move or copy attributes).

5.39. Executing OPT_CLEAN pass (remove unused cells and wires).
Finding unused cells or wires in module \adaptive_aero_control_top..
Finding unused cells or wires in module \aero_csr_regs..
Finding unused cells or wires in module \aero_packet_codec..
Finding unused cells or wires in module \aero_transaction_ctrl..
Removed 0 unused cells and 2440 unused wires.
<suppressed ~3 debug messages>

5.40. Executing TECHMAP pass (map to technology primitives).

5.40.1. Executing Verilog-2005 frontend: /usr/bin/../share/yosys/ecp5/latches_map.v
Parsing Verilog input from `/usr/bin/../share/yosys/ecp5/latches_map.v' to AST representation.
Generating RTLIL representation for module `\$_DLATCH_N_'.
Generating RTLIL representation for module `\$_DLATCH_P_'.
Successfully finished Verilog frontend.

5.40.2. Continuing TECHMAP pass.
No more expansions possible.
<suppressed ~4 debug messages>

5.41. Executing ABC pass (technology mapping using ABC).

5.41.1. Extracting gate netlist of module `\adaptive_aero_control_top' to `<abc-temp-dir>/input.blif'..
Extracted 1 gates and 3 wires to a netlist network with 2 inputs and 1 outputs.

5.41.1.1. Executing ABC.
Running ABC command: "<yosys-exe-dir>/yosys-abc" -s -f <abc-temp-dir>/abc.script 2>&1
ABC: ABC command line: "source <abc-temp-dir>/abc.script".
ABC: 
ABC: + read_blif <abc-temp-dir>/input.blif 
ABC: + read_lut <abc-temp-dir>/lutdefs.txt 
ABC: + strash 
ABC: + &get -n 
ABC: + &fraig -x 
ABC: + &put 
ABC: + scorr 
ABC: Warning: The network is combinational (run "fraig" or "fraig_sweep").
ABC: + dc2 
ABC: + dretime 
ABC: + strash 
ABC: + dch -f 
ABC: + if 
ABC: + mfs2 
ABC: + dress <abc-temp-dir>/input.blif 
ABC: Total number of equiv classes                =       2.
ABC: Participating nodes from both networks       =       2.
ABC: Participating nodes from the first network   =       1. (  50.00 % of nodes)
ABC: Participating nodes from the second network  =       1. (  50.00 % of nodes)
ABC: Node pairs (any polarity)                    =       1. (  50.00 % of names can be moved)
ABC: Node pairs (same polarity)                   =       1. (  50.00 % of names can be moved)
ABC: Total runtime =     0.00 sec
ABC: + write_blif <abc-temp-dir>/output.blif 

5.41.1.2. Re-integrating ABC results.
ABC RESULTS:              $lut cells:        1
ABC RESULTS:        internal signals:        0
ABC RESULTS:           input signals:        2
ABC RESULTS:          output signals:        1
Removing temp directory.

5.41.2. Extracting gate netlist of module `\aero_csr_regs' to `<abc-temp-dir>/input.blif'..
Extracted 584 gates and 780 wires to a netlist network with 195 inputs and 201 outputs.

5.41.2.1. Executing ABC.
Running ABC command: "<yosys-exe-dir>/yosys-abc" -s -f <abc-temp-dir>/abc.script 2>&1
ABC: ABC command line: "source <abc-temp-dir>/abc.script".
ABC: 
ABC: + read_blif <abc-temp-dir>/input.blif 
ABC: + read_lut <abc-temp-dir>/lutdefs.txt 
ABC: + strash 
ABC: + &get -n 
ABC: + &fraig -x 
ABC: + &put 
ABC: + scorr 
ABC: Warning: The network is combinational (run "fraig" or "fraig_sweep").
ABC: + dc2 
ABC: + dretime 
ABC: + strash 
ABC: + dch -f 
ABC: + if 
ABC: + mfs2 
ABC: + dress <abc-temp-dir>/input.blif 
ABC: Total number of equiv classes                =     135.
ABC: Participating nodes from both networks       =     625.
ABC: Participating nodes from the first network   =     296. (  85.80 % of nodes)
ABC: Participating nodes from the second network  =     329. (  95.36 % of nodes)
ABC: Node pairs (any polarity)                    =     296. (  85.80 % of names can be moved)
ABC: Node pairs (same polarity)                   =     287. (  83.19 % of names can be moved)
ABC: Total runtime =     0.06 sec
ABC: + write_blif <abc-temp-dir>/output.blif 

5.41.2.2. Re-integrating ABC results.
ABC RESULTS:              $lut cells:      344
ABC RESULTS:        internal signals:      384
ABC RESULTS:           input signals:      195
ABC RESULTS:          output signals:      201
Removing temp directory.

5.41.3. Extracting gate netlist of module `\aero_packet_codec' to `<abc-temp-dir>/input.blif'..
Extracted 132 gates and 137 wires to a netlist network with 5 inputs and 130 outputs.

5.41.3.1. Executing ABC.
Running ABC command: "<yosys-exe-dir>/yosys-abc" -s -f <abc-temp-dir>/abc.script 2>&1
ABC: ABC command line: "source <abc-temp-dir>/abc.script".
ABC: 
ABC: + read_blif <abc-temp-dir>/input.blif 
ABC: + read_lut <abc-temp-dir>/lutdefs.txt 
ABC: + strash 
ABC: + &get -n 
ABC: + &fraig -x 
ABC: + &put 
ABC: + scorr 
ABC: Warning: The network is combinational (run "fraig" or "fraig_sweep").
ABC: + dc2 
ABC: + dretime 
ABC: + strash 
ABC: + dch -f 
ABC: + if 
ABC: + mfs2 
ABC: + dress <abc-temp-dir>/input.blif 
ABC: Total number of equiv classes                =       5.
ABC: Participating nodes from both networks       =     261.
ABC: Participating nodes from the first network   =     130. (  99.24 % of nodes)
ABC: Participating nodes from the second network  =     131. ( 100.00 % of nodes)
ABC: Node pairs (any polarity)                    =     130. (  99.24 % of names can be moved)
ABC: Node pairs (same polarity)                   =     130. (  99.24 % of names can be moved)
ABC: Total runtime =     0.01 sec
ABC: + write_blif <abc-temp-dir>/output.blif 

5.41.3.2. Re-integrating ABC results.
ABC RESULTS:              $lut cells:      130
ABC RESULTS:        internal signals:        2
ABC RESULTS:           input signals:        5
ABC RESULTS:          output signals:      130
Removing temp directory.

5.41.4. Extracting gate netlist of module `\aero_transaction_ctrl' to `<abc-temp-dir>/input.blif'..
Extracted 654 gates and 901 wires to a netlist network with 245 inputs and 233 outputs.

5.41.4.1. Executing ABC.
Running ABC command: "<yosys-exe-dir>/yosys-abc" -s -f <abc-temp-dir>/abc.script 2>&1
ABC: ABC command line: "source <abc-temp-dir>/abc.script".
ABC: 
ABC: + read_blif <abc-temp-dir>/input.blif 
ABC: + read_lut <abc-temp-dir>/lutdefs.txt 
ABC: + strash 
ABC: + &get -n 
ABC: + &fraig -x 
ABC: + &put 
ABC: + scorr 
ABC: Warning: The network is combinational (run "fraig" or "fraig_sweep").
ABC: + dc2 
ABC: + dretime 
ABC: + strash 
ABC: + dch -f 
ABC: + if 
ABC: + mfs2 
ABC: + dress <abc-temp-dir>/input.blif 
ABC: Total number of equiv classes                =     155.
ABC: Participating nodes from both networks       =     563.
ABC: Participating nodes from the first network   =     277. (  78.92 % of nodes)
ABC: Participating nodes from the second network  =     286. (  81.48 % of nodes)
ABC: Node pairs (any polarity)                    =     277. (  78.92 % of names can be moved)
ABC: Node pairs (same polarity)                   =     237. (  67.52 % of names can be moved)
ABC: Total runtime =     0.07 sec
ABC: + write_blif <abc-temp-dir>/output.blif 

5.41.4.2. Re-integrating ABC results.
ABC RESULTS:              $lut cells:      350
ABC RESULTS:        internal signals:      423
ABC RESULTS:           input signals:      245
ABC RESULTS:          output signals:      233
Removing temp directory.
Removed 0 unused cells and 1177 unused wires.

5.42. Executing TECHMAP pass (map to technology primitives).

5.42.1. Executing Verilog-2005 frontend: /usr/bin/../share/yosys/ecp5/cells_map.v
Parsing Verilog input from `/usr/bin/../share/yosys/ecp5/cells_map.v' to AST representation.
Generating RTLIL representation for module `\$_DFF_N_'.
Generating RTLIL representation for module `\$_DFF_P_'.
Generating RTLIL representation for module `\$_DFFE_NN_'.
Generating RTLIL representation for module `\$_DFFE_PN_'.
Generating RTLIL representation for module `\$_DFFE_NP_'.
Generating RTLIL representation for module `\$_DFFE_PP_'.
Generating RTLIL representation for module `\$_DFF_NP0_'.
Generating RTLIL representation for module `\$_DFF_NP1_'.
Generating RTLIL representation for module `\$_DFF_PP0_'.
Generating RTLIL representation for module `\$_DFF_PP1_'.
Generating RTLIL representation for module `\$_SDFF_NP0_'.
Generating RTLIL representation for module `\$_SDFF_NP1_'.
Generating RTLIL representation for module `\$_SDFF_PP0_'.
Generating RTLIL representation for module `\$_SDFF_PP1_'.
Generating RTLIL representation for module `\$_DFFE_NP0P_'.
Generating RTLIL representation for module `\$_DFFE_NP1P_'.
Generating RTLIL representation for module `\$_DFFE_PP0P_'.
Generating RTLIL representation for module `\$_DFFE_PP1P_'.
Generating RTLIL representation for module `\$_DFFE_NP0N_'.
Generating RTLIL representation for module `\$_DFFE_NP1N_'.
Generating RTLIL representation for module `\$_DFFE_PP0N_'.
Generating RTLIL representation for module `\$_DFFE_PP1N_'.
Generating RTLIL representation for module `\$_SDFFE_NP0P_'.
Generating RTLIL representation for module `\$_SDFFE_NP1P_'.
Generating RTLIL representation for module `\$_SDFFE_PP0P_'.
Generating RTLIL representation for module `\$_SDFFE_PP1P_'.
Generating RTLIL representation for module `\$_SDFFE_NP0N_'.
Generating RTLIL representation for module `\$_SDFFE_NP1N_'.
Generating RTLIL representation for module `\$_SDFFE_PP0N_'.
Generating RTLIL representation for module `\$_SDFFE_PP1N_'.
Generating RTLIL representation for module `\$_ALDFF_NP_'.
Generating RTLIL representation for module `\$_ALDFF_PP_'.
Generating RTLIL representation for module `\$_ALDFFE_NPN_'.
Generating RTLIL representation for module `\$_ALDFFE_NPP_'.
Generating RTLIL representation for module `\$_ALDFFE_PPN_'.
Generating RTLIL representation for module `\$_ALDFFE_PPP_'.
Generating RTLIL representation for module `\FD1P3AX'.
Generating RTLIL representation for module `\FD1P3AY'.
Generating RTLIL representation for module `\FD1P3BX'.
Generating RTLIL representation for module `\FD1P3DX'.
Generating RTLIL representation for module `\FD1P3IX'.
Generating RTLIL representation for module `\FD1P3JX'.
Generating RTLIL representation for module `\FD1S3AX'.
Generating RTLIL representation for module `\FD1S3AY'.
Generating RTLIL representation for module `\FD1S3BX'.
Generating RTLIL representation for module `\FD1S3DX'.
Generating RTLIL representation for module `\FD1S3IX'.
Generating RTLIL representation for module `\FD1S3JX'.
Generating RTLIL representation for module `\IFS1P3BX'.
Generating RTLIL representation for module `\IFS1P3DX'.
Generating RTLIL representation for module `\IFS1P3IX'.
Generating RTLIL representation for module `\IFS1P3JX'.
Generating RTLIL representation for module `\OFS1P3BX'.
Generating RTLIL representation for module `\OFS1P3DX'.
Generating RTLIL representation for module `\OFS1P3IX'.
Generating RTLIL representation for module `\OFS1P3JX'.
Generating RTLIL representation for module `\IB'.
Generating RTLIL representation for module `\IBPU'.
Generating RTLIL representation for module `\IBPD'.
Generating RTLIL representation for module `\OB'.
Generating RTLIL representation for module `\OBZ'.
Generating RTLIL representation for module `\OBZPU'.
Generating RTLIL representation for module `\OBZPD'.
Generating RTLIL representation for module `\OBCO'.
Generating RTLIL representation for module `\BB'.
Generating RTLIL representation for module `\BBPU'.
Generating RTLIL representation for module `\BBPD'.
Generating RTLIL representation for module `\ILVDS'.
Generating RTLIL representation for module `\OLVDS'.
Generating RTLIL representation for module `\$lut'.
Successfully finished Verilog frontend.

5.42.2. Continuing TECHMAP pass.
Using template $paramod\$lut\WIDTH=32'00000000000000000000000000000011\LUT=8'00010000 for cells of type $lut.
Using template $paramod\$lut\WIDTH=32'00000000000000000000000000000010\LUT=4'0100 for cells of type $lut.
Using template $paramod$56d36648044d0bf0f892c2050a60c21ad090a3b1\$lut for cells of type $lut.
Using template $paramod$2d07c1a6c53c7b878509360922c4fa5ebedc3011\$lut for cells of type $lut.
Using template $paramod\$lut\WIDTH=32'00000000000000000000000000000011\LUT=8'10010000 for cells of type $lut.
Using template $paramod$df196ed0a1da5c4a58c5e08a1dac304fd3fccaab\$lut for cells of type $lut.
Using template $paramod$ba05b8a1a425003df083aea0e69541f5cbdc68f2\$lut for cells of type $lut.
Using template $paramod$571404c0889eaf57f492cb5e37f8acb5df5852f9\$lut for cells of type $lut.
Using template $paramod\$lut\WIDTH=32'00000000000000000000000000000011\LUT=8'11100000 for cells of type $lut.
Using template $paramod$2382b0dd4cb27fd4312681c40a6dd179c2a7a26a\$lut for cells of type $lut.
Using template $paramod\$lut\WIDTH=32'00000000000000000000000000000010\LUT=4'1000 for cells of type $lut.
Using template $paramod$43779580bfffd5d5a9f321249a174febf1dac288\$lut for cells of type $lut.
Using template $paramod$b4f85a6321a00b090afc4e21d68e7b99eb94d149\$lut for cells of type $lut.
Using template $paramod$b431bfd938e35871dd0b7668e1503c7e8b9d491c\$lut for cells of type $lut.
Using template $paramod\$lut\WIDTH=32'00000000000000000000000000000011\LUT=8'01011100 for cells of type $lut.
Using template $paramod$e9c77024ca501b890c641f9c0b10e27242db8730\$lut for cells of type $lut.
Using template $paramod\$lut\WIDTH=32'00000000000000000000000000000001\LUT=2'01 for cells of type $lut.
Using template $paramod\$lut\WIDTH=32'00000000000000000000000000000010\LUT=4'1011 for cells of type $lut.
Using template $paramod\$lut\WIDTH=32'00000000000000000000000000000011\LUT=8'01000000 for cells of type $lut.
Using template $paramod\$lut\WIDTH=32'00000000000000000000000000000010\LUT=4'1110 for cells of type $lut.
Using template $paramod\$lut\WIDTH=32'00000000000000000000000000000011\LUT=8'10101100 for cells of type $lut.
Using template $paramod$e6d292e8a120b103bbc95c1207cef4ffaf5bbea9\$lut for cells of type $lut.
Using template $paramod$e49f6e3576ef1a6d2f58c54414dbb786af8cc869\$lut for cells of type $lut.
Using template $paramod$c7fe5b42dfef201b6f7027bb7715f8c06a63472d\$lut for cells of type $lut.
Using template $paramod$a61f0f2206ea462b9577d0ad4c4c84b4aaa8e852\$lut for cells of type $lut.
Using template $paramod$d0e9ab339b441ade30cbbad4222a8ce1e219f138\$lut for cells of type $lut.
Using template $paramod$e053a22d78e6bd5ea33183ea69976f0db741be0e\$lut for cells of type $lut.
Using template $paramod\$lut\WIDTH=32'00000000000000000000000000000010\LUT=4'0001 for cells of type $lut.
Using template $paramod\$lut\WIDTH=32'00000000000000000000000000000011\LUT=8'00001011 for cells of type $lut.
Using template $paramod$6f94ed872e6e996ae21b7b60ade8b217c03dc294\$lut for cells of type $lut.
Using template $paramod\$lut\WIDTH=32'00000000000000000000000000000010\LUT=4'0111 for cells of type $lut.
Using template $paramod$658b9ed803f0d3d335616d3858b53e0a2522f1e8\$lut for cells of type $lut.
Using template $paramod$272652f6c6fbe9a75eff76e45cc7e2788835518b\$lut for cells of type $lut.
Using template $paramod$6e238df02989b317f10820a22773676e71120644\$lut for cells of type $lut.
Using template $paramod$8ed92e7843cb22ca2c42f03247c267b9da05e8af\$lut for cells of type $lut.
Using template $paramod\$lut\WIDTH=32'00000000000000000000000000000011\LUT=8'00000001 for cells of type $lut.
Using template $paramod$3317a82e02b38021f7fe5cead1f0632aa738a786\$lut for cells of type $lut.
Using template $paramod\$lut\WIDTH=32'00000000000000000000000000000011\LUT=8'10000000 for cells of type $lut.
Using template $paramod$ac6fd02ae68c8a0de57536eaec5ffb74f1ae8570\$lut for cells of type $lut.
Using template $paramod$9f2f146893d269900bb68ba0244b254b88c2c459\$lut for cells of type $lut.
Using template $paramod$e0876cc500bffa897dacec4e8d9c9ca60d68ebda\$lut for cells of type $lut.
Using template $paramod$66342a8d2b02f3e2e484223947327fcdfbccfe7f\$lut for cells of type $lut.
Using template $paramod$70584433677bebb1f97d6827c9ba85513c8c682b\$lut for cells of type $lut.
Using template $paramod$d25c5ed7cce01a2a4804202e877356eeec4db6a1\$lut for cells of type $lut.
Using template $paramod$e1e655b0741f25587598c8ae155d3a4107a2bf4f\$lut for cells of type $lut.
Using template $paramod$d35161d1d7976dcc02e7c7d51172431be85143b4\$lut for cells of type $lut.
Using template $paramod$ef02ea28c4f9766a22068d6502e87f79cf2d9131\$lut for cells of type $lut.
Using template $paramod$a15fd389a2f54cb7b94707b25934d226e68d9e2e\$lut for cells of type $lut.
No more expansions possible.
<suppressed ~1520 debug messages>

5.43. Executing OPT_LUT_INS pass (discard unused LUT inputs).
Optimizing LUTs in adaptive_aero_control_top.
Optimizing LUTs in aero_csr_regs.
  Optimizing lut $abc$4833$auto$blifparse.cc:525:parse_blif$4923.genblk1.genblk1.genblk1.genblk1.genblk1.genblk1.lut2 (4 -> 0)
  Optimizing lut $abc$4833$auto$blifparse.cc:525:parse_blif$4928.genblk1.genblk1.genblk1.genblk1.genblk1.genblk1.lut2 (4 -> 0)
  Optimizing lut $abc$4833$auto$blifparse.cc:525:parse_blif$4998.genblk1.genblk1.genblk1.genblk1.genblk1.genblk1.lut2 (4 -> 0)
  Optimizing lut $abc$4833$auto$blifparse.cc:525:parse_blif$5003.genblk1.genblk1.genblk1.genblk1.genblk1.genblk1.lut2 (4 -> 0)
  Optimizing lut $abc$4833$auto$blifparse.cc:525:parse_blif$5013.genblk1.genblk1.genblk1.genblk1.genblk1.genblk1.lut2 (4 -> 0)
  Optimizing lut $abc$4833$auto$blifparse.cc:525:parse_blif$4938.genblk1.genblk1.genblk1.genblk1.genblk1.genblk1.lut1 (4 -> 0)
  Optimizing lut $abc$4833$auto$blifparse.cc:525:parse_blif$4938.genblk1.genblk1.genblk1.genblk1.genblk1.genblk1.lut2 (4 -> 0)
  Optimizing lut $abc$4833$auto$blifparse.cc:525:parse_blif$4943.genblk1.genblk1.genblk1.genblk1.genblk1.genblk1.lut2 (4 -> 0)
  Optimizing lut $abc$4833$auto$blifparse.cc:525:parse_blif$4953.genblk1.genblk1.genblk1.genblk1.genblk1.genblk1.lut2 (4 -> 0)
  Optimizing lut $abc$4833$auto$blifparse.cc:525:parse_blif$4958.genblk1.genblk1.genblk1.genblk1.genblk1.genblk1.lut2 (4 -> 0)
  Optimizing lut $abc$4833$auto$blifparse.cc:525:parse_blif$4968.genblk1.genblk1.genblk1.genblk1.genblk1.genblk1.lut2 (4 -> 0)
  Optimizing lut $abc$4833$auto$blifparse.cc:525:parse_blif$4983.genblk1.genblk1.genblk1.genblk1.genblk1.genblk1.lut2 (4 -> 0)
  Optimizing lut $abc$4833$auto$blifparse.cc:525:parse_blif$4973.genblk1.genblk1.genblk1.genblk1.genblk1.genblk1.lut1 (4 -> 0)
  Optimizing lut $abc$4833$auto$blifparse.cc:525:parse_blif$4973.genblk1.genblk1.genblk1.genblk1.genblk1.genblk1.lut2 (4 -> 0)
  Optimizing lut $abc$4833$auto$blifparse.cc:525:parse_blif$4988.genblk1.genblk1.genblk1.genblk1.genblk1.genblk1.lut1 (4 -> 0)
  Optimizing lut $abc$4833$auto$blifparse.cc:525:parse_blif$4988.genblk1.genblk1.genblk1.genblk1.genblk1.genblk1.lut2 (4 -> 0)
  Optimizing lut $abc$4833$auto$blifparse.cc:525:parse_blif$5008.genblk1.genblk1.genblk1.genblk1.genblk1.genblk1.lut2 (4 -> 0)
  Optimizing lut $abc$4833$auto$blifparse.cc:525:parse_blif$4993.genblk1.genblk1.genblk1.genblk1.genblk1.genblk1.lut2 (4 -> 0)
  Optimizing lut $abc$4833$auto$blifparse.cc:525:parse_blif$4978.genblk1.genblk1.genblk1.genblk1.genblk1.genblk1.lut2 (4 -> 0)
  Optimizing lut $abc$4833$auto$blifparse.cc:525:parse_blif$4963.genblk1.genblk1.genblk1.genblk1.genblk1.genblk1.lut2 (4 -> 0)
  Optimizing lut $abc$4833$auto$blifparse.cc:525:parse_blif$4948.genblk1.genblk1.genblk1.genblk1.genblk1.genblk1.lut2 (4 -> 0)
  Optimizing lut $abc$4833$auto$blifparse.cc:525:parse_blif$4933.genblk1.genblk1.genblk1.genblk1.genblk1.genblk1.lut2 (4 -> 0)
  Optimizing lut $abc$4833$auto$blifparse.cc:525:parse_blif$4918.genblk1.genblk1.genblk1.genblk1.genblk1.genblk1.lut2 (4 -> 0)
  Optimizing lut $abc$4833$auto$blifparse.cc:525:parse_blif$4867.genblk1.genblk1.genblk1.genblk1.genblk1.genblk1.lut2 (4 -> 2)
  Optimizing lut $abc$4833$auto$blifparse.cc:525:parse_blif$4867.genblk1.genblk1.genblk1.genblk1.genblk1.genblk1.lut3 (4 -> 2)
  Optimizing lut $abc$4833$auto$blifparse.cc:525:parse_blif$4873.genblk1.genblk1.genblk1.genblk1.genblk1.genblk1.lut2 (4 -> 2)
  Optimizing lut $abc$4833$auto$blifparse.cc:525:parse_blif$4873.genblk1.genblk1.genblk1.genblk1.genblk1.genblk1.lut3 (4 -> 2)
  Optimizing lut $abc$4833$auto$blifparse.cc:525:parse_blif$4875.genblk1.genblk1.genblk1.genblk1.genblk1.genblk1.lut1 (4 -> 0)
  Optimizing lut $abc$4833$auto$blifparse.cc:525:parse_blif$4875.genblk1.genblk1.genblk1.genblk1.genblk1.genblk1.lut2 (4 -> 2)
  Optimizing lut $abc$4833$auto$blifparse.cc:525:parse_blif$4875.genblk1.genblk1.genblk1.genblk1.genblk1.genblk1.lut3 (4 -> 2)
  Optimizing lut $abc$4833$auto$blifparse.cc:525:parse_blif$4908.genblk1.genblk1.genblk1.genblk1.genblk1.genblk1.lut2 (4 -> 0)
  Optimizing lut $abc$4833$auto$blifparse.cc:525:parse_blif$4887.genblk1.genblk1.genblk1.genblk1.genblk1.genblk1.lut2 (4 -> 3)
  Optimizing lut $abc$4833$auto$blifparse.cc:525:parse_blif$4898.genblk1.genblk1.genblk1.genblk1.genblk1.genblk1.lut2 (4 -> 0)
  Optimizing lut $abc$4833$auto$blifparse.cc:525:parse_blif$4913.genblk1.genblk1.genblk1.genblk1.genblk1.genblk1.lut2 (4 -> 0)
  Optimizing lut $abc$4833$auto$blifparse.cc:525:parse_blif$4893.genblk1.genblk1.genblk1.genblk1.genblk1.genblk1.lut2 (4 -> 3)
  Optimizing lut $abc$4833$auto$blifparse.cc:525:parse_blif$4903.genblk1.genblk1.genblk1.genblk1.genblk1.genblk1.lut2 (4 -> 0)
  Optimizing lut $abc$4833$auto$blifparse.cc:525:parse_blif$4850.genblk1.genblk1.genblk1.genblk1.genblk1.genblk1.lut1 (4 -> 3)
  Optimizing lut $abc$4833$auto$blifparse.cc:525:parse_blif$4850.genblk1.genblk1.genblk1.genblk1.genblk1.genblk1.lut2 (4 -> 3)
  Optimizing lut $abc$4833$auto$blifparse.cc:525:parse_blif$4868.genblk1.genblk1.genblk1.genblk1.genblk1.genblk1.lut1 (4 -> 0)
  Optimizing lut $abc$4833$auto$blifparse.cc:525:parse_blif$4868.genblk1.genblk1.genblk1.genblk1.genblk1.genblk1.lut2 (4 -> 2)
  Optimizing lut $abc$4833$auto$blifparse.cc:525:parse_blif$4868.genblk1.genblk1.genblk1.genblk1.genblk1.genblk1.lut3 (4 -> 2)
  Optimizing lut $abc$4833$auto$blifparse.cc:525:parse_blif$4857.genblk1.genblk1.genblk1.genblk1.genblk1.genblk1.genblk1.lut2 (4 -> 0)
  Optimizing lut $abc$4833$auto$blifparse.cc:525:parse_blif$4857.genblk1.genblk1.genblk1.genblk1.genblk1.genblk1.genblk1.lut3 (4 -> 0)
  Optimizing lut $abc$4833$auto$blifparse.cc:525:parse_blif$4857.genblk1.genblk1.genblk1.genblk1.genblk1.genblk1.genblk1.lut4 (4 -> 0)
  Optimizing lut $abc$4833$auto$blifparse.cc:525:parse_blif$4857.genblk1.genblk1.genblk1.genblk1.genblk1.genblk1.genblk1.lut5 (4 -> 1)
  Optimizing lut $abc$4833$auto$blifparse.cc:525:parse_blif$4857.genblk1.genblk1.genblk1.genblk1.genblk1.genblk1.genblk1.lut6 (4 -> 2)
  Optimizing lut $abc$4833$auto$blifparse.cc:525:parse_blif$4857.genblk1.genblk1.genblk1.genblk1.genblk1.genblk1.genblk1.lut7 (4 -> 3)
  Optimizing lut $abc$4833$auto$blifparse.cc:525:parse_blif$4869.genblk1.genblk1.genblk1.genblk1.genblk1.genblk1.lut1 (4 -> 0)
  Optimizing lut $abc$4833$auto$blifparse.cc:525:parse_blif$4869.genblk1.genblk1.genblk1.genblk1.genblk1.genblk1.lut2 (4 -> 2)
  Optimizing lut $abc$4833$auto$blifparse.cc:525:parse_blif$4869.genblk1.genblk1.genblk1.genblk1.genblk1.genblk1.lut3 (4 -> 2)
  Optimizing lut $abc$4833$auto$blifparse.cc:525:parse_blif$4874.genblk1.genblk1.genblk1.genblk1.genblk1.genblk1.lut1 (4 -> 0)
  Optimizing lut $abc$4833$auto$blifparse.cc:525:parse_blif$4874.genblk1.genblk1.genblk1.genblk1.genblk1.genblk1.lut2 (4 -> 2)
  Optimizing lut $abc$4833$auto$blifparse.cc:525:parse_blif$4874.genblk1.genblk1.genblk1.genblk1.genblk1.genblk1.lut3 (4 -> 2)
  Optimizing lut $abc$4833$auto$blifparse.cc:525:parse_blif$4863.genblk1.genblk1.genblk1.genblk1.genblk1.genblk1.genblk1.lut2 (4 -> 0)
  Optimizing lut $abc$4833$auto$blifparse.cc:525:parse_blif$4863.genblk1.genblk1.genblk1.genblk1.genblk1.genblk1.genblk1.lut3 (4 -> 0)
  Optimizing lut $abc$4833$auto$blifparse.cc:525:parse_blif$4863.genblk1.genblk1.genblk1.genblk1.genblk1.genblk1.genblk1.lut4 (4 -> 0)
  Optimizing lut $abc$4833$auto$blifparse.cc:525:parse_blif$4863.genblk1.genblk1.genblk1.genblk1.genblk1.genblk1.genblk1.lut5 (4 -> 1)
  Optimizing lut $abc$4833$auto$blifparse.cc:525:parse_blif$4863.genblk1.genblk1.genblk1.genblk1.genblk1.genblk1.genblk1.lut6 (4 -> 2)
  Optimizing lut $abc$4833$auto$blifparse.cc:525:parse_blif$4863.genblk1.genblk1.genblk1.genblk1.genblk1.genblk1.genblk1.lut7 (4 -> 3)
  Optimizing lut $abc$4833$auto$blifparse.cc:525:parse_blif$4846.genblk1.genblk1.genblk1.genblk1.genblk1.lut0 (4 -> 0)
  Optimizing lut $abc$4833$auto$blifparse.cc:525:parse_blif$4848.genblk1.genblk1.genblk1.genblk1.genblk1.lut0 (4 -> 0)
  Optimizing lut $abc$4833$auto$blifparse.cc:525:parse_blif$4849.genblk1.genblk1.genblk1.genblk1.genblk1.lut0 (4 -> 0)
  Optimizing lut $abc$4833$auto$blifparse.cc:525:parse_blif$4850.genblk1.genblk1.genblk1.genblk1.genblk1.genblk1.lut0 (4 -> 3)
  Optimizing lut $abc$4833$auto$blifparse.cc:525:parse_blif$4863.genblk1.genblk1.genblk1.genblk1.genblk1.genblk1.genblk1.lut1 (4 -> 0)
  Optimizing lut $abc$4833$auto$blifparse.cc:525:parse_blif$4852.genblk1.genblk1.genblk1.genblk1.genblk1.lut0 (4 -> 0)
  Optimizing lut $abc$4833$auto$blifparse.cc:525:parse_blif$4854.genblk1.genblk1.genblk1.genblk1.genblk1.lut0 (4 -> 0)
  Optimizing lut $abc$4833$auto$blifparse.cc:525:parse_blif$4857.genblk1.genblk1.genblk1.genblk1.genblk1.genblk1.genblk1.lut1 (4 -> 0)
  Optimizing lut $abc$4833$auto$blifparse.cc:525:parse_blif$4857.genblk1.genblk1.genblk1.genblk1.genblk1.genblk1.genblk1.lut0 (4 -> 0)
  Optimizing lut $abc$4833$auto$blifparse.cc:525:parse_blif$4858.genblk1.genblk1.genblk1.genblk1.genblk1.lut0 (4 -> 0)
  Optimizing lut $abc$4833$auto$blifparse.cc:525:parse_blif$4859.genblk1.genblk1.genblk1.genblk1.genblk1.lut0 (4 -> 0)
  Optimizing lut $abc$4833$auto$blifparse.cc:525:parse_blif$4860.genblk1.genblk1.genblk1.genblk1.genblk1.lut0 (4 -> 0)
  Optimizing lut $abc$4833$auto$blifparse.cc:525:parse_blif$4863.genblk1.genblk1.genblk1.genblk1.genblk1.genblk1.genblk1.lut0 (4 -> 0)
  Optimizing lut $abc$4833$auto$blifparse.cc:525:parse_blif$4864.genblk1.genblk1.genblk1.genblk1.genblk1.lut0 (4 -> 0)
  Optimizing lut $abc$4833$auto$blifparse.cc:525:parse_blif$4865.genblk1.genblk1.genblk1.genblk1.genblk1.lut0 (4 -> 0)
  Optimizing lut $abc$4833$auto$blifparse.cc:525:parse_blif$4867.genblk1.genblk1.genblk1.genblk1.genblk1.genblk1.lut1 (4 -> 0)
  Optimizing lut $abc$4833$auto$blifparse.cc:525:parse_blif$4867.genblk1.genblk1.genblk1.genblk1.genblk1.genblk1.lut0 (4 -> 0)
  Optimizing lut $abc$4833$auto$blifparse.cc:525:parse_blif$4868.genblk1.genblk1.genblk1.genblk1.genblk1.genblk1.lut0 (4 -> 0)
  Optimizing lut $abc$4833$auto$blifparse.cc:525:parse_blif$4869.genblk1.genblk1.genblk1.genblk1.genblk1.genblk1.lut0 (4 -> 0)
  Optimizing lut $abc$4833$auto$blifparse.cc:525:parse_blif$4871.genblk1.genblk1.genblk1.genblk1.genblk1.lut0 (4 -> 0)
  Optimizing lut $abc$4833$auto$blifparse.cc:525:parse_blif$4873.genblk1.genblk1.genblk1.genblk1.genblk1.genblk1.lut1 (4 -> 0)
  Optimizing lut $abc$4833$auto$blifparse.cc:525:parse_blif$4873.genblk1.genblk1.genblk1.genblk1.genblk1.genblk1.lut0 (4 -> 0)
  Optimizing lut $abc$4833$auto$blifparse.cc:525:parse_blif$4874.genblk1.genblk1.genblk1.genblk1.genblk1.genblk1.lut0 (4 -> 0)
  Optimizing lut $abc$4833$auto$blifparse.cc:525:parse_blif$4875.genblk1.genblk1.genblk1.genblk1.genblk1.genblk1.lut0 (4 -> 0)
  Optimizing lut $abc$4833$auto$blifparse.cc:525:parse_blif$4876.genblk1.genblk1.genblk1.genblk1.genblk1.lut0 (4 -> 0)
  Optimizing lut $abc$4833$auto$blifparse.cc:525:parse_blif$4877.genblk1.genblk1.genblk1.genblk1.genblk1.lut0 (4 -> 0)
  Optimizing lut $abc$4833$auto$blifparse.cc:525:parse_blif$4893.genblk1.genblk1.genblk1.genblk1.genblk1.genblk1.lut1 (4 -> 3)
  Optimizing lut $abc$4833$auto$blifparse.cc:525:parse_blif$4881.genblk1.genblk1.genblk1.genblk1.genblk1.lut0 (4 -> 0)
  Optimizing lut $abc$4833$auto$blifparse.cc:525:parse_blif$4882.genblk1.genblk1.genblk1.genblk1.genblk1.lut0 (4 -> 0)
  Optimizing lut $abc$4833$auto$blifparse.cc:525:parse_blif$4883.genblk1.genblk1.genblk1.genblk1.genblk1.lut0 (4 -> 0)
  Optimizing lut $abc$4833$auto$blifparse.cc:525:parse_blif$4887.genblk1.genblk1.genblk1.genblk1.genblk1.genblk1.lut0 (4 -> 3)
  Optimizing lut $abc$4833$auto$blifparse.cc:525:parse_blif$4888.genblk1.genblk1.genblk1.genblk1.genblk1.lut0 (4 -> 0)
  Optimizing lut $abc$4833$auto$blifparse.cc:525:parse_blif$4889.genblk1.genblk1.genblk1.genblk1.genblk1.lut0 (4 -> 0)
  Optimizing lut $abc$4833$auto$blifparse.cc:525:parse_blif$4893.genblk1.genblk1.genblk1.genblk1.genblk1.genblk1.lut0 (4 -> 3)
  Optimizing lut $abc$4833$auto$blifparse.cc:525:parse_blif$4894.genblk1.genblk1.genblk1.genblk1.genblk1.lut0 (4 -> 0)
  Optimizing lut $abc$4833$auto$blifparse.cc:525:parse_blif$4898.genblk1.genblk1.genblk1.genblk1.genblk1.genblk1.lut1 (4 -> 0)
  Optimizing lut $abc$4833$auto$blifparse.cc:525:parse_blif$4898.genblk1.genblk1.genblk1.genblk1.genblk1.genblk1.lut0 (4 -> 0)
  Optimizing lut $abc$4833$auto$blifparse.cc:525:parse_blif$4903.genblk1.genblk1.genblk1.genblk1.genblk1.genblk1.lut1 (4 -> 0)
  Optimizing lut $abc$4833$auto$blifparse.cc:525:parse_blif$4903.genblk1.genblk1.genblk1.genblk1.genblk1.genblk1.lut0 (4 -> 0)
  Optimizing lut $abc$4833$auto$blifparse.cc:525:parse_blif$4908.genblk1.genblk1.genblk1.genblk1.genblk1.genblk1.lut1 (4 -> 0)
  Optimizing lut $abc$4833$auto$blifparse.cc:525:parse_blif$4908.genblk1.genblk1.genblk1.genblk1.genblk1.genblk1.lut0 (4 -> 0)
  Optimizing lut $abc$4833$auto$blifparse.cc:525:parse_blif$4887.genblk1.genblk1.genblk1.genblk1.genblk1.genblk1.lut1 (4 -> 3)
  Optimizing lut $abc$4833$auto$blifparse.cc:525:parse_blif$4913.genblk1.genblk1.genblk1.genblk1.genblk1.genblk1.lut1 (4 -> 0)
  Optimizing lut $abc$4833$auto$blifparse.cc:525:parse_blif$4913.genblk1.genblk1.genblk1.genblk1.genblk1.genblk1.lut0 (4 -> 0)
  Optimizing lut $abc$4833$auto$blifparse.cc:525:parse_blif$4918.genblk1.genblk1.genblk1.genblk1.genblk1.genblk1.lut1 (4 -> 0)
  Optimizing lut $abc$4833$auto$blifparse.cc:525:parse_blif$4918.genblk1.genblk1.genblk1.genblk1.genblk1.genblk1.lut0 (4 -> 0)
  Optimizing lut $abc$4833$auto$blifparse.cc:525:parse_blif$4923.genblk1.genblk1.genblk1.genblk1.genblk1.genblk1.lut1 (4 -> 0)
  Optimizing lut $abc$4833$auto$blifparse.cc:525:parse_blif$4923.genblk1.genblk1.genblk1.genblk1.genblk1.genblk1.lut0 (4 -> 0)
  Optimizing lut $abc$4833$auto$blifparse.cc:525:parse_blif$4928.genblk1.genblk1.genblk1.genblk1.genblk1.genblk1.lut1 (4 -> 0)
  Optimizing lut $abc$4833$auto$blifparse.cc:525:parse_blif$4928.genblk1.genblk1.genblk1.genblk1.genblk1.genblk1.lut0 (4 -> 0)
  Optimizing lut $abc$4833$auto$blifparse.cc:525:parse_blif$4998.genblk1.genblk1.genblk1.genblk1.genblk1.genblk1.lut1 (4 -> 0)
  Optimizing lut $abc$4833$auto$blifparse.cc:525:parse_blif$4933.genblk1.genblk1.genblk1.genblk1.genblk1.genblk1.lut0 (4 -> 0)
  Optimizing lut $abc$4833$auto$blifparse.cc:525:parse_blif$5003.genblk1.genblk1.genblk1.genblk1.genblk1.genblk1.lut1 (4 -> 0)
  Optimizing lut $abc$4833$auto$blifparse.cc:525:parse_blif$4938.genblk1.genblk1.genblk1.genblk1.genblk1.genblk1.lut0 (4 -> 0)
  Optimizing lut $abc$4833$auto$blifparse.cc:525:parse_blif$4933.genblk1.genblk1.genblk1.genblk1.genblk1.genblk1.lut1 (4 -> 0)
  Optimizing lut $abc$4833$auto$blifparse.cc:525:parse_blif$4943.genblk1.genblk1.genblk1.genblk1.genblk1.genblk1.lut0 (4 -> 0)
  Optimizing lut $abc$4833$auto$blifparse.cc:525:parse_blif$4948.genblk1.genblk1.genblk1.genblk1.genblk1.genblk1.lut1 (4 -> 0)
  Optimizing lut $abc$4833$auto$blifparse.cc:525:parse_blif$4948.genblk1.genblk1.genblk1.genblk1.genblk1.genblk1.lut0 (4 -> 0)
  Optimizing lut $abc$4833$auto$blifparse.cc:525:parse_blif$4953.genblk1.genblk1.genblk1.genblk1.genblk1.genblk1.lut1 (4 -> 0)
  Optimizing lut $abc$4833$auto$blifparse.cc:525:parse_blif$4953.genblk1.genblk1.genblk1.genblk1.genblk1.genblk1.lut0 (4 -> 0)
  Optimizing lut $abc$4833$auto$blifparse.cc:525:parse_blif$4958.genblk1.genblk1.genblk1.genblk1.genblk1.genblk1.lut1 (4 -> 0)
  Optimizing lut $abc$4833$auto$blifparse.cc:525:parse_blif$4958.genblk1.genblk1.genblk1.genblk1.genblk1.genblk1.lut0 (4 -> 0)
  Optimizing lut $abc$4833$auto$blifparse.cc:525:parse_blif$4963.genblk1.genblk1.genblk1.genblk1.genblk1.genblk1.lut0 (4 -> 0)
  Optimizing lut $abc$4833$auto$blifparse.cc:525:parse_blif$4968.genblk1.genblk1.genblk1.genblk1.genblk1.genblk1.lut0 (4 -> 0)
  Optimizing lut $abc$4833$auto$blifparse.cc:525:parse_blif$4963.genblk1.genblk1.genblk1.genblk1.genblk1.genblk1.lut1 (4 -> 0)
  Optimizing lut $abc$4833$auto$blifparse.cc:525:parse_blif$4983.genblk1.genblk1.genblk1.genblk1.genblk1.genblk1.lut1 (4 -> 0)
  Optimizing lut $abc$4833$auto$blifparse.cc:525:parse_blif$4973.genblk1.genblk1.genblk1.genblk1.genblk1.genblk1.lut0 (4 -> 0)
  Optimizing lut $abc$4833$auto$blifparse.cc:525:parse_blif$4978.genblk1.genblk1.genblk1.genblk1.genblk1.genblk1.lut1 (4 -> 0)
  Optimizing lut $abc$4833$auto$blifparse.cc:525:parse_blif$4978.genblk1.genblk1.genblk1.genblk1.genblk1.genblk1.lut0 (4 -> 0)
  Optimizing lut $abc$4833$auto$blifparse.cc:525:parse_blif$4968.genblk1.genblk1.genblk1.genblk1.genblk1.genblk1.lut1 (4 -> 0)
  Optimizing lut $abc$4833$auto$blifparse.cc:525:parse_blif$4983.genblk1.genblk1.genblk1.genblk1.genblk1.genblk1.lut0 (4 -> 0)
  Optimizing lut $abc$4833$auto$blifparse.cc:525:parse_blif$4988.genblk1.genblk1.genblk1.genblk1.genblk1.genblk1.lut0 (4 -> 0)
  Optimizing lut $abc$4833$auto$blifparse.cc:525:parse_blif$4993.genblk1.genblk1.genblk1.genblk1.genblk1.genblk1.lut0 (4 -> 0)
  Optimizing lut $abc$4833$auto$blifparse.cc:525:parse_blif$4998.genblk1.genblk1.genblk1.genblk1.genblk1.genblk1.lut0 (4 -> 0)
  Optimizing lut $abc$4833$auto$blifparse.cc:525:parse_blif$4993.genblk1.genblk1.genblk1.genblk1.genblk1.genblk1.lut1 (4 -> 0)
  Optimizing lut $abc$4833$auto$blifparse.cc:525:parse_blif$5003.genblk1.genblk1.genblk1.genblk1.genblk1.genblk1.lut0 (4 -> 0)
  Optimizing lut $abc$4833$auto$blifparse.cc:525:parse_blif$5008.genblk1.genblk1.genblk1.genblk1.genblk1.genblk1.lut1 (4 -> 0)
  Optimizing lut $abc$4833$auto$blifparse.cc:525:parse_blif$5008.genblk1.genblk1.genblk1.genblk1.genblk1.genblk1.lut0 (4 -> 0)
  Optimizing lut $abc$4833$auto$blifparse.cc:525:parse_blif$5013.genblk1.genblk1.genblk1.genblk1.genblk1.genblk1.lut1 (4 -> 0)
  Optimizing lut $abc$4833$auto$blifparse.cc:525:parse_blif$5013.genblk1.genblk1.genblk1.genblk1.genblk1.genblk1.lut0 (4 -> 0)
  Optimizing lut $abc$4833$auto$blifparse.cc:525:parse_blif$4943.genblk1.genblk1.genblk1.genblk1.genblk1.genblk1.lut1 (4 -> 0)
Optimizing LUTs in aero_packet_codec.
Optimizing LUTs in aero_transaction_ctrl.
  Optimizing lut $abc$5309$auto$blifparse.cc:525:parse_blif$5394.genblk1.genblk1.genblk1.genblk1.genblk1.genblk1.lut2 (4 -> 0)
  Optimizing lut $abc$5309$auto$blifparse.cc:525:parse_blif$5436.genblk1.genblk1.genblk1.genblk1.genblk1.genblk1.lut2 (4 -> 2)
  Optimizing lut $abc$5309$auto$blifparse.cc:525:parse_blif$5436.genblk1.genblk1.genblk1.genblk1.genblk1.genblk1.lut3 (4 -> 3)
  Optimizing lut $abc$5309$auto$blifparse.cc:525:parse_blif$5438.genblk1.genblk1.genblk1.genblk1.genblk1.genblk1.lut1 (4 -> 0)
  Optimizing lut $abc$5309$auto$blifparse.cc:525:parse_blif$5438.genblk1.genblk1.genblk1.genblk1.genblk1.genblk1.lut2 (4 -> 2)
  Optimizing lut $abc$5309$auto$blifparse.cc:525:parse_blif$5438.genblk1.genblk1.genblk1.genblk1.genblk1.genblk1.lut3 (4 -> 3)
  Optimizing lut $abc$5309$auto$blifparse.cc:525:parse_blif$5439.genblk1.genblk1.genblk1.genblk1.genblk1.lut1 (4 -> 3)
  Optimizing lut $abc$5309$auto$blifparse.cc:525:parse_blif$5431.genblk1.genblk1.genblk1.genblk1.genblk1.genblk1.lut2 (4 -> 2)
  Optimizing lut $abc$5309$auto$blifparse.cc:525:parse_blif$5431.genblk1.genblk1.genblk1.genblk1.genblk1.genblk1.lut3 (4 -> 3)
  Optimizing lut $abc$5309$auto$blifparse.cc:525:parse_blif$5429.genblk1.genblk1.genblk1.genblk1.genblk1.genblk1.lut1 (4 -> 0)
  Optimizing lut $abc$5309$auto$blifparse.cc:525:parse_blif$5429.genblk1.genblk1.genblk1.genblk1.genblk1.genblk1.lut2 (4 -> 2)
  Optimizing lut $abc$5309$auto$blifparse.cc:525:parse_blif$5429.genblk1.genblk1.genblk1.genblk1.genblk1.genblk1.lut3 (4 -> 3)
  Optimizing lut $abc$5309$auto$blifparse.cc:525:parse_blif$5430.genblk1.genblk1.genblk1.genblk1.genblk1.lut1 (4 -> 3)
  Optimizing lut $abc$5309$auto$blifparse.cc:525:parse_blif$5433.genblk1.genblk1.genblk1.genblk1.genblk1.genblk1.lut1 (4 -> 0)
  Optimizing lut $abc$5309$auto$blifparse.cc:525:parse_blif$5433.genblk1.genblk1.genblk1.genblk1.genblk1.genblk1.lut2 (4 -> 2)
  Optimizing lut $abc$5309$auto$blifparse.cc:525:parse_blif$5433.genblk1.genblk1.genblk1.genblk1.genblk1.genblk1.lut3 (4 -> 3)
  Optimizing lut $abc$5309$auto$blifparse.cc:525:parse_blif$5434.genblk1.genblk1.genblk1.genblk1.genblk1.lut1 (4 -> 3)
  Optimizing lut $abc$5309$auto$blifparse.cc:525:parse_blif$5419.genblk1.genblk1.genblk1.genblk1.genblk1.genblk1.lut2 (4 -> 2)
  Optimizing lut $abc$5309$auto$blifparse.cc:525:parse_blif$5419.genblk1.genblk1.genblk1.genblk1.genblk1.genblk1.lut3 (4 -> 3)
  Optimizing lut $abc$5309$auto$blifparse.cc:525:parse_blif$5420.genblk1.genblk1.genblk1.genblk1.genblk1.lut1 (4 -> 3)
  Optimizing lut $abc$5309$auto$blifparse.cc:525:parse_blif$5409.genblk1.genblk1.genblk1.genblk1.genblk1.genblk1.lut2 (4 -> 2)
  Optimizing lut $abc$5309$auto$blifparse.cc:525:parse_blif$5409.genblk1.genblk1.genblk1.genblk1.genblk1.genblk1.lut3 (4 -> 3)
  Optimizing lut $abc$5309$auto$blifparse.cc:525:parse_blif$5410.genblk1.genblk1.genblk1.genblk1.genblk1.lut1 (4 -> 3)
  Optimizing lut $abc$5309$auto$blifparse.cc:525:parse_blif$5497.genblk1.genblk1.genblk1.genblk1.genblk1.lut1 (4 -> 3)
  Optimizing lut $abc$5309$auto$blifparse.cc:525:parse_blif$5492.genblk1.genblk1.genblk1.genblk1.genblk1.lut1 (4 -> 3)
  Optimizing lut $abc$5309$auto$blifparse.cc:525:parse_blif$5432.genblk1.genblk1.genblk1.genblk1.genblk1.lut1 (4 -> 3)
  Optimizing lut $abc$5309$auto$blifparse.cc:525:parse_blif$5427.genblk1.genblk1.genblk1.genblk1.genblk1.genblk1.lut1 (4 -> 0)
  Optimizing lut $abc$5309$auto$blifparse.cc:525:parse_blif$5427.genblk1.genblk1.genblk1.genblk1.genblk1.genblk1.lut2 (4 -> 2)
  Optimizing lut $abc$5309$auto$blifparse.cc:525:parse_blif$5427.genblk1.genblk1.genblk1.genblk1.genblk1.genblk1.lut3 (4 -> 3)
  Optimizing lut $abc$5309$auto$blifparse.cc:525:parse_blif$5428.genblk1.genblk1.genblk1.genblk1.genblk1.lut1 (4 -> 3)
  Optimizing lut $abc$5309$auto$blifparse.cc:525:parse_blif$5417.genblk1.genblk1.genblk1.genblk1.genblk1.genblk1.lut2 (4 -> 2)
  Optimizing lut $abc$5309$auto$blifparse.cc:525:parse_blif$5417.genblk1.genblk1.genblk1.genblk1.genblk1.genblk1.lut3 (4 -> 3)
  Optimizing lut $abc$5309$auto$blifparse.cc:525:parse_blif$5418.genblk1.genblk1.genblk1.genblk1.genblk1.lut1 (4 -> 3)
  Optimizing lut $abc$5309$auto$blifparse.cc:525:parse_blif$5406.genblk1.genblk1.genblk1.genblk1.genblk1.genblk1.lut2 (4 -> 2)
  Optimizing lut $abc$5309$auto$blifparse.cc:525:parse_blif$5406.genblk1.genblk1.genblk1.genblk1.genblk1.genblk1.lut3 (4 -> 3)
  Optimizing lut $abc$5309$auto$blifparse.cc:525:parse_blif$5408.genblk1.genblk1.genblk1.genblk1.genblk1.lut1 (4 -> 3)
  Optimizing lut $abc$5309$auto$blifparse.cc:525:parse_blif$5532.genblk1.genblk1.genblk1.genblk1.genblk1.lut1 (4 -> 3)
  Optimizing lut $abc$5309$auto$blifparse.cc:525:parse_blif$5352.genblk1.genblk1.genblk1.genblk1.genblk1.lut0 (4 -> 0)
  Optimizing lut $abc$5309$auto$blifparse.cc:525:parse_blif$5417.genblk1.genblk1.genblk1.genblk1.genblk1.genblk1.lut1 (4 -> 0)
  Optimizing lut $abc$5309$auto$blifparse.cc:525:parse_blif$5406.genblk1.genblk1.genblk1.genblk1.genblk1.genblk1.lut1 (4 -> 0)
  Optimizing lut $abc$5309$auto$blifparse.cc:525:parse_blif$5437.genblk1.genblk1.genblk1.genblk1.genblk1.lut1 (4 -> 3)
  Optimizing lut $abc$5309$auto$blifparse.cc:525:parse_blif$5526.genblk1.genblk1.genblk1.genblk1.genblk1.lut1 (4 -> 3)
  Optimizing lut $abc$5309$auto$blifparse.cc:525:parse_blif$5514.genblk1.genblk1.genblk1.genblk1.genblk1.lut1 (4 -> 3)
  Optimizing lut $abc$5309$auto$blifparse.cc:525:parse_blif$5512.genblk1.genblk1.genblk1.genblk1.genblk1.lut1 (4 -> 3)
  Optimizing lut $abc$5309$auto$blifparse.cc:525:parse_blif$5516.genblk1.genblk1.genblk1.genblk1.genblk1.lut1 (4 -> 3)
  Optimizing lut $abc$5309$auto$blifparse.cc:525:parse_blif$5524.genblk1.genblk1.genblk1.genblk1.genblk1.lut1 (4 -> 3)
  Optimizing lut $abc$5309$auto$blifparse.cc:525:parse_blif$5394.genblk1.genblk1.genblk1.genblk1.genblk1.genblk1.lut0 (4 -> 0)
  Optimizing lut $abc$5309$auto$blifparse.cc:525:parse_blif$5409.genblk1.genblk1.genblk1.genblk1.genblk1.genblk1.lut1 (4 -> 0)
  Optimizing lut $abc$5309$auto$blifparse.cc:525:parse_blif$5406.genblk1.genblk1.genblk1.genblk1.genblk1.genblk1.lut0 (4 -> 0)
  Optimizing lut $abc$5309$auto$blifparse.cc:525:parse_blif$5408.genblk1.genblk1.genblk1.genblk1.genblk1.lut0 (4 -> 2)
  Optimizing lut $abc$5309$auto$blifparse.cc:525:parse_blif$5409.genblk1.genblk1.genblk1.genblk1.genblk1.genblk1.lut0 (4 -> 0)
  Optimizing lut $abc$5309$auto$blifparse.cc:525:parse_blif$5410.genblk1.genblk1.genblk1.genblk1.genblk1.lut0 (4 -> 2)
  Optimizing lut $abc$5309$auto$blifparse.cc:525:parse_blif$5417.genblk1.genblk1.genblk1.genblk1.genblk1.genblk1.lut0 (4 -> 0)
  Optimizing lut $abc$5309$auto$blifparse.cc:525:parse_blif$5418.genblk1.genblk1.genblk1.genblk1.genblk1.lut0 (4 -> 2)
  Optimizing lut $abc$5309$auto$blifparse.cc:525:parse_blif$5419.genblk1.genblk1.genblk1.genblk1.genblk1.genblk1.lut0 (4 -> 0)
  Optimizing lut $abc$5309$auto$blifparse.cc:525:parse_blif$5420.genblk1.genblk1.genblk1.genblk1.genblk1.lut0 (4 -> 2)
  Optimizing lut $abc$5309$auto$blifparse.cc:525:parse_blif$5419.genblk1.genblk1.genblk1.genblk1.genblk1.genblk1.lut1 (4 -> 0)
  Optimizing lut $abc$5309$auto$blifparse.cc:525:parse_blif$5431.genblk1.genblk1.genblk1.genblk1.genblk1.genblk1.lut1 (4 -> 0)
  Optimizing lut $abc$5309$auto$blifparse.cc:525:parse_blif$5427.genblk1.genblk1.genblk1.genblk1.genblk1.genblk1.lut0 (4 -> 0)
  Optimizing lut $abc$5309$auto$blifparse.cc:525:parse_blif$5428.genblk1.genblk1.genblk1.genblk1.genblk1.lut0 (4 -> 2)
  Optimizing lut $abc$5309$auto$blifparse.cc:525:parse_blif$5429.genblk1.genblk1.genblk1.genblk1.genblk1.genblk1.lut0 (4 -> 0)
  Optimizing lut $abc$5309$auto$blifparse.cc:525:parse_blif$5430.genblk1.genblk1.genblk1.genblk1.genblk1.lut0 (4 -> 2)
  Optimizing lut $abc$5309$auto$blifparse.cc:525:parse_blif$5431.genblk1.genblk1.genblk1.genblk1.genblk1.genblk1.lut0 (4 -> 0)
  Optimizing lut $abc$5309$auto$blifparse.cc:525:parse_blif$5432.genblk1.genblk1.genblk1.genblk1.genblk1.lut0 (4 -> 2)
  Optimizing lut $abc$5309$auto$blifparse.cc:525:parse_blif$5433.genblk1.genblk1.genblk1.genblk1.genblk1.genblk1.lut0 (4 -> 0)
  Optimizing lut $abc$5309$auto$blifparse.cc:525:parse_blif$5434.genblk1.genblk1.genblk1.genblk1.genblk1.lut0 (4 -> 2)
  Optimizing lut $abc$5309$auto$blifparse.cc:525:parse_blif$5436.genblk1.genblk1.genblk1.genblk1.genblk1.genblk1.lut1 (4 -> 0)
  Optimizing lut $abc$5309$auto$blifparse.cc:525:parse_blif$5436.genblk1.genblk1.genblk1.genblk1.genblk1.genblk1.lut0 (4 -> 0)
  Optimizing lut $abc$5309$auto$blifparse.cc:525:parse_blif$5437.genblk1.genblk1.genblk1.genblk1.genblk1.lut0 (4 -> 2)
  Optimizing lut $abc$5309$auto$blifparse.cc:525:parse_blif$5438.genblk1.genblk1.genblk1.genblk1.genblk1.genblk1.lut0 (4 -> 0)
  Optimizing lut $abc$5309$auto$blifparse.cc:525:parse_blif$5439.genblk1.genblk1.genblk1.genblk1.genblk1.lut0 (4 -> 2)
  Optimizing lut $abc$5309$auto$blifparse.cc:525:parse_blif$5394.genblk1.genblk1.genblk1.genblk1.genblk1.genblk1.lut1 (4 -> 0)
  Optimizing lut $abc$5309$auto$blifparse.cc:525:parse_blif$5492.genblk1.genblk1.genblk1.genblk1.genblk1.lut0 (4 -> 1)
  Optimizing lut $abc$5309$auto$blifparse.cc:525:parse_blif$5495.genblk1.genblk1.genblk1.genblk1.genblk1.lut1 (4 -> 3)
  Optimizing lut $abc$5309$auto$blifparse.cc:525:parse_blif$5495.genblk1.genblk1.genblk1.genblk1.genblk1.lut0 (4 -> 1)
  Optimizing lut $abc$5309$auto$blifparse.cc:525:parse_blif$5497.genblk1.genblk1.genblk1.genblk1.genblk1.lut0 (4 -> 1)
  Optimizing lut $abc$5309$auto$blifparse.cc:525:parse_blif$5499.genblk1.genblk1.genblk1.genblk1.genblk1.lut1 (4 -> 3)
  Optimizing lut $abc$5309$auto$blifparse.cc:525:parse_blif$5499.genblk1.genblk1.genblk1.genblk1.genblk1.lut0 (4 -> 1)
  Optimizing lut $abc$5309$auto$blifparse.cc:525:parse_blif$5504.genblk1.genblk1.genblk1.genblk1.genblk1.lut1 (4 -> 3)
  Optimizing lut $abc$5309$auto$blifparse.cc:525:parse_blif$5504.genblk1.genblk1.genblk1.genblk1.genblk1.lut0 (4 -> 1)
  Optimizing lut $abc$5309$auto$blifparse.cc:525:parse_blif$5506.genblk1.genblk1.genblk1.genblk1.genblk1.lut1 (4 -> 3)
  Optimizing lut $abc$5309$auto$blifparse.cc:525:parse_blif$5506.genblk1.genblk1.genblk1.genblk1.genblk1.lut0 (4 -> 1)
  Optimizing lut $abc$5309$auto$blifparse.cc:525:parse_blif$5508.genblk1.genblk1.genblk1.genblk1.genblk1.lut1 (4 -> 3)
  Optimizing lut $abc$5309$auto$blifparse.cc:525:parse_blif$5508.genblk1.genblk1.genblk1.genblk1.genblk1.lut0 (4 -> 1)
  Optimizing lut $abc$5309$auto$blifparse.cc:525:parse_blif$5510.genblk1.genblk1.genblk1.genblk1.genblk1.lut1 (4 -> 3)
  Optimizing lut $abc$5309$auto$blifparse.cc:525:parse_blif$5510.genblk1.genblk1.genblk1.genblk1.genblk1.lut0 (4 -> 1)
  Optimizing lut $abc$5309$auto$blifparse.cc:525:parse_blif$5512.genblk1.genblk1.genblk1.genblk1.genblk1.lut0 (4 -> 1)
  Optimizing lut $abc$5309$auto$blifparse.cc:525:parse_blif$5514.genblk1.genblk1.genblk1.genblk1.genblk1.lut0 (4 -> 1)
  Optimizing lut $abc$5309$auto$blifparse.cc:525:parse_blif$5516.genblk1.genblk1.genblk1.genblk1.genblk1.lut0 (4 -> 1)
  Optimizing lut $abc$5309$auto$blifparse.cc:525:parse_blif$5518.genblk1.genblk1.genblk1.genblk1.genblk1.lut1 (4 -> 3)
  Optimizing lut $abc$5309$auto$blifparse.cc:525:parse_blif$5518.genblk1.genblk1.genblk1.genblk1.genblk1.lut0 (4 -> 1)
  Optimizing lut $abc$5309$auto$blifparse.cc:525:parse_blif$5520.genblk1.genblk1.genblk1.genblk1.genblk1.lut1 (4 -> 3)
  Optimizing lut $abc$5309$auto$blifparse.cc:525:parse_blif$5520.genblk1.genblk1.genblk1.genblk1.genblk1.lut0 (4 -> 1)
  Optimizing lut $abc$5309$auto$blifparse.cc:525:parse_blif$5522.genblk1.genblk1.genblk1.genblk1.genblk1.lut1 (4 -> 3)
  Optimizing lut $abc$5309$auto$blifparse.cc:525:parse_blif$5522.genblk1.genblk1.genblk1.genblk1.genblk1.lut0 (4 -> 1)
  Optimizing lut $abc$5309$auto$blifparse.cc:525:parse_blif$5524.genblk1.genblk1.genblk1.genblk1.genblk1.lut0 (4 -> 1)
  Optimizing lut $abc$5309$auto$blifparse.cc:525:parse_blif$5526.genblk1.genblk1.genblk1.genblk1.genblk1.lut0 (4 -> 1)
  Optimizing lut $abc$5309$auto$blifparse.cc:525:parse_blif$5528.genblk1.genblk1.genblk1.genblk1.genblk1.lut0 (4 -> 1)
  Optimizing lut $abc$5309$auto$blifparse.cc:525:parse_blif$5530.genblk1.genblk1.genblk1.genblk1.genblk1.lut0 (4 -> 1)
  Optimizing lut $abc$5309$auto$blifparse.cc:525:parse_blif$5532.genblk1.genblk1.genblk1.genblk1.genblk1.lut0 (4 -> 1)
  Optimizing lut $abc$5309$auto$blifparse.cc:525:parse_blif$5534.genblk1.genblk1.genblk1.genblk1.genblk1.lut1 (4 -> 3)
  Optimizing lut $abc$5309$auto$blifparse.cc:525:parse_blif$5534.genblk1.genblk1.genblk1.genblk1.genblk1.lut0 (4 -> 1)
  Optimizing lut $abc$5309$auto$blifparse.cc:525:parse_blif$5530.genblk1.genblk1.genblk1.genblk1.genblk1.lut1 (4 -> 3)
  Optimizing lut $abc$5309$auto$blifparse.cc:525:parse_blif$5528.genblk1.genblk1.genblk1.genblk1.genblk1.lut1 (4 -> 3)
Removed 0 unused cells and 1812 unused wires.

5.44. Executing AUTONAME pass.
Renamed 2 objects in module adaptive_aero_control_top (2 iterations).
Renamed 6315 objects in module aero_csr_regs (32 iterations).
Renamed 816 objects in module aero_packet_codec (8 iterations).
Renamed 9978 objects in module aero_transaction_ctrl (41 iterations).
<suppressed ~2734 debug messages>

5.45. Executing HIERARCHY pass (managing design hierarchy).

5.45.1. Analyzing design hierarchy..
Top module:  \adaptive_aero_control_top
Used module:     \aero_csr_regs
Used module:     \aero_packet_codec
Used module:     \aero_transaction_ctrl

5.45.2. Analyzing design hierarchy..
Top module:  \adaptive_aero_control_top
Used module:     \aero_csr_regs
Used module:     \aero_packet_codec
Used module:     \aero_transaction_ctrl
Removed 0 unused modules.

5.46. Printing statistics.

=== adaptive_aero_control_top ===

   Number of wires:                 48
   Number of wire bits:            875
   Number of public wires:          48
   Number of public wire bits:     875
   Number of memories:               0
   Number of memory bits:            0
   Number of processes:              0
   Number of cells:                  4
     LUT4                            1
     aero_csr_regs                   1
     aero_packet_codec               1
     aero_transaction_ctrl           1

=== aero_csr_regs ===

   Number of wires:                501
   Number of wire bits:           1050
   Number of public wires:         501
   Number of public wire bits:    1050
   Number of memories:               0
   Number of memory bits:            0
   Number of processes:              0
   Number of cells:                771
     L6MUX21                        39
     LUT4                          476
     PFUMX                          93
     TRELLIS_FF                    163

=== aero_packet_codec ===

   Number of wires:                155
   Number of wire bits:            706
   Number of public wires:         155
   Number of public wire bits:     706
   Number of memories:               0
   Number of memory bits:            0
   Number of processes:              0
   Number of cells:                256
     LUT4                          130
     TRELLIS_FF                    126

=== aero_transaction_ctrl ===

   Number of wires:                441
   Number of wire bits:           1584
   Number of public wires:         441
   Number of public wire bits:    1584
   Number of memories:               0
   Number of memory bits:            0
   Number of processes:              0
   Number of cells:                717
     CCU2C                          68
     L6MUX21                        17
     LUT4                          437
     PFUMX                          71
     TRELLIS_FF                    124

=== design hierarchy ===

   adaptive_aero_control_top         1
     aero_csr_regs                   1
     aero_packet_codec               1
     aero_transaction_ctrl           1

   Number of wires:               1145
   Number of wire bits:           4215
   Number of public wires:        1145
   Number of public wire bits:    4215
   Number of memories:               0
   Number of memory bits:            0
   Number of processes:              0
   Number of cells:               1745
     CCU2C                          68
     L6MUX21                        56
     LUT4                         1044
     PFUMX                         164
     TRELLIS_FF                    413

5.47. Executing CHECK pass (checking for obvious problems).
Checking module adaptive_aero_control_top...
Checking module aero_csr_regs...
Checking module aero_packet_codec...
Checking module aero_transaction_ctrl...
Found and reported 0 problems.

5.48. Executing JSON backend.

End of script. Logfile hash: 959b2fb5ed, CPU: user 2.06s system 0.04s, MEM: 182.65 MB peak
Yosys 0.33 (git sha1 2584903a060)
Time spent: 30% 1x abc (0 sec), 14% 21x read_verilog (0 sec), ...