
 /----------------------------------------------------------------------------\
 |                                                                            |
 |  yosys -- Yosys Open SYnthesis Suite                                       |
 |                                                                            |
 |  Copyright (C) 2012 - 2020  Claire Xenia Wolf <claire@yosyshq.com>         |
 |                                                                            |
 |  Permission to use, copy, modify, and/or distribute this software for any  |
 |  purpose with or without fee is hereby granted, provided that the above    |
 |  copyright notice and this permission notice appear in all copies.         |
 |                                                                            |
 |  THE SOFTWARE IS PROVIDED "AS IS" AND THE AUTHOR DISCLAIMS ALL WARRANTIES  |
 |  WITH REGARD TO THIS SOFTWARE INCLUDING ALL IMPLIED WARRANTIES OF          |
 |  MERCHANTABILITY AND FITNESS. IN NO EVENT SHALL THE AUTHOR BE LIABLE FOR   |
 |  ANY SPECIAL, DIRECT, INDIRECT, OR CONSEQUENTIAL DAMAGES OR ANY DAMAGES    |
 |  WHATSOEVER RESULTING FROM LOSS OF USE, DATA OR PROFITS, WHETHER IN AN     |
 |  ACTION OF CONTRACT, NEGLIGENCE OR OTHER TORTIOUS ACTION, ARISING OUT OF   |
 |  OR IN CONNECTION WITH THE USE OR PERFORMANCE OF THIS SOFTWARE.            |
 |                                                                            |
 \----------------------------------------------------------------------------/

 Yosys 0.33 (git sha1 2584903a060)


-- Executing script file `synth.ys' --

1. Executing Verilog-2005 frontend: /root/chiploop-backend/backend/workflows/11ef0a71-eb09-426d-9e7f-8e35ba118b9c/fpga/src/fpga/target_explorer/interface_adapter/adaptive_aero_control_top_spi_fpga_top.sv
Parsing SystemVerilog input from `/root/chiploop-backend/backend/workflows/11ef0a71-eb09-426d-9e7f-8e35ba118b9c/fpga/src/fpga/target_explorer/interface_adapter/adaptive_aero_control_top_spi_fpga_top.sv' to AST representation.
Generating RTLIL representation for module `\adaptive_aero_control_top_spi_fpga_top'.
Successfully finished Verilog frontend.

2. Executing Verilog-2005 frontend: /root/chiploop-backend/backend/workflows/11ef0a71-eb09-426d-9e7f-8e35ba118b9c/fpga/src/upstream/adaptive_aero_control_top.v
Parsing SystemVerilog input from `/root/chiploop-backend/backend/workflows/11ef0a71-eb09-426d-9e7f-8e35ba118b9c/fpga/src/upstream/adaptive_aero_control_top.v' to AST representation.
Generating RTLIL representation for module `\adaptive_aero_control_top'.
Successfully finished Verilog frontend.

3. Executing HIERARCHY pass (managing design hierarchy).

3.1. Analyzing design hierarchy..
Top module:  \adaptive_aero_control_top_spi_fpga_top
Used module:     \adaptive_aero_control_top

3.2. Analyzing design hierarchy..
Top module:  \adaptive_aero_control_top_spi_fpga_top
Used module:     \adaptive_aero_control_top
Removed 0 unused modules.

4. Executing PROC pass (convert processes to netlists).

4.1. Executing PROC_CLEAN pass (remove empty switches from decision trees).
Cleaned up 0 empty switches.

4.2. Executing PROC_RMDEAD pass (remove dead branches from decision trees).
Marked 7 switch rules as full_case in process $proc$/root/chiploop-backend/backend/workflows/11ef0a71-eb09-426d-9e7f-8e35ba118b9c/fpga/src/upstream/adaptive_aero_control_top.v:235$58 in module adaptive_aero_control_top.
Marked 1 switch rules as full_case in process $proc$/root/chiploop-backend/backend/workflows/11ef0a71-eb09-426d-9e7f-8e35ba118b9c/fpga/src/upstream/adaptive_aero_control_top.v:212$57 in module adaptive_aero_control_top.
Marked 1 switch rules as full_case in process $proc$/root/chiploop-backend/backend/workflows/11ef0a71-eb09-426d-9e7f-8e35ba118b9c/fpga/src/fpga/target_explorer/interface_adapter/adaptive_aero_control_top_spi_fpga_top.sv:59$5 in module adaptive_aero_control_top_spi_fpga_top.
Marked 1 switch rules as full_case in process $proc$/root/chiploop-backend/backend/workflows/11ef0a71-eb09-426d-9e7f-8e35ba118b9c/fpga/src/fpga/target_explorer/interface_adapter/adaptive_aero_control_top_spi_fpga_top.sv:50$2 in module adaptive_aero_control_top_spi_fpga_top.
Marked 1 switch rules as full_case in process $proc$/root/chiploop-backend/backend/workflows/11ef0a71-eb09-426d-9e7f-8e35ba118b9c/fpga/src/fpga/target_explorer/interface_adapter/adaptive_aero_control_top_spi_fpga_top.sv:46$1 in module adaptive_aero_control_top_spi_fpga_top.
Removed a total of 0 dead cases.

4.3. Executing PROC_PRUNE pass (remove redundant assignments in processes).
Removed 14 redundant assignments.
Promoted 3 assignments to connections.

4.4. Executing PROC_INIT pass (extract init attributes).

4.5. Executing PROC_ARST pass (detect async resets in processes).
Found async reset \rst_n in `\adaptive_aero_control_top.$proc$/root/chiploop-backend/backend/workflows/11ef0a71-eb09-426d-9e7f-8e35ba118b9c/fpga/src/upstream/adaptive_aero_control_top.v:235$58'.
Found async reset \reset_n in `\adaptive_aero_control_top_spi_fpga_top.$proc$/root/chiploop-backend/backend/workflows/11ef0a71-eb09-426d-9e7f-8e35ba118b9c/fpga/src/fpga/target_explorer/interface_adapter/adaptive_aero_control_top_spi_fpga_top.sv:59$5'.
Found async reset \spi_cs_n in `\adaptive_aero_control_top_spi_fpga_top.$proc$/root/chiploop-backend/backend/workflows/11ef0a71-eb09-426d-9e7f-8e35ba118b9c/fpga/src/fpga/target_explorer/interface_adapter/adaptive_aero_control_top_spi_fpga_top.sv:46$1'.

4.6. Executing PROC_ROM pass (convert switches to ROMs).
Converted 0 switches.
<suppressed ~24 debug messages>

4.7. Executing PROC_MUX pass (convert decision trees to multiplexers).
Creating decoders for process `\adaptive_aero_control_top.$proc$/root/chiploop-backend/backend/workflows/11ef0a71-eb09-426d-9e7f-8e35ba118b9c/fpga/src/upstream/adaptive_aero_control_top.v:235$58'.
     1/40: $0\irq_reg[0:0]
     2/40: $0\status_reg[7:0] [3]
     3/40: $0\status_reg[7:0] [2]
     4/40: $0\status_reg[7:0] [5]
     5/40: $0\status_reg[7:0] [7]
     6/40: $0\status_reg[7:0] [1]
     7/40: $0\status_reg[7:0] [0]
     8/40: $0\status_reg[7:0] [4]
     9/40: $0\status_reg[7:0] [6]
    10/40: $0\rsp_ready_reg[0:0]
    11/40: $0\ctrl_reg[7:0] [7:4]
    12/40: $0\ctrl_reg[7:0] [3:0]
    13/40: $0\speed_sync[31:0]
    14/40: $0\cycle_count[31:0]
    15/40: $0\rsp_data_q[127:0]
    16/40: $0\req_data_reg[127:0]
    17/40: $0\req_valid_reg[0:0]
    18/40: $0\last_cmd_reg[31:0]
    19/40: $0\final_cmd_reg[31:0]
    20/40: $0\timeout_watchdog[31:0]
    21/40: $0\outstanding_launch[31:0]
    22/40: $0\outstanding_valid[0:0]
    23/40: $0\outstanding_seq[15:0]
    24/40: $0\seq_counter[15:0]
    25/40: $0\state[1:0]
    26/40: $0\req_last_reg[31:0]
    27/40: $0\rsp_last_reg[31:0]
    28/40: $0\actuator_valid_reg[0:0]
    29/40: $0\fault_counter[31:0]
    30/40: $0\stale_counter[31:0]
    31/40: $0\timeout_counter[31:0]
    32/40: $0\rsp_rej_counter[31:0]
    33/40: $0\rsp_ok_counter[31:0]
    34/40: $0\req_counter[31:0]
    35/40: $0\seq_seed_reg[31:0]
    36/40: $0\rate_limit_reg[31:0]
    37/40: $0\clamp_max_reg[31:0]
    38/40: $0\clamp_min_reg[31:0]
    39/40: $0\timeout_cfg_reg[31:0]
    40/40: $0\req_pending[0:0]
Creating decoders for process `\adaptive_aero_control_top.$proc$/root/chiploop-backend/backend/workflows/11ef0a71-eb09-426d-9e7f-8e35ba118b9c/fpga/src/upstream/adaptive_aero_control_top.v:212$57'.
     1/1: $1\cfg_rdata_r[31:0]
Creating decoders for process `\adaptive_aero_control_top_spi_fpga_top.$proc$/root/chiploop-backend/backend/workflows/11ef0a71-eb09-426d-9e7f-8e35ba118b9c/fpga/src/fpga/target_explorer/interface_adapter/adaptive_aero_control_top_spi_fpga_top.sv:0$9'.
Creating decoders for process `\adaptive_aero_control_top_spi_fpga_top.$proc$/root/chiploop-backend/backend/workflows/11ef0a71-eb09-426d-9e7f-8e35ba118b9c/fpga/src/fpga/target_explorer/interface_adapter/adaptive_aero_control_top_spi_fpga_top.sv:59$5'.
     1/5: $0\tx_snapshot[196:0]
     2/5: $0\spi_cs_prev[0:0]
     3/5: $0\spi_cs_sync[0:0]
     4/5: $0\spi_cs_meta[0:0]
     5/5: $0\rx_active[203:0]
Creating decoders for process `\adaptive_aero_control_top_spi_fpga_top.$proc$/root/chiploop-backend/backend/workflows/11ef0a71-eb09-426d-9e7f-8e35ba118b9c/fpga/src/fpga/target_explorer/interface_adapter/adaptive_aero_control_top_spi_fpga_top.sv:50$2'.
     1/2: $0\tx_shift[196:0]
     2/2: $0\rx_shift[203:0]
Creating decoders for process `\adaptive_aero_control_top_spi_fpga_top.$proc$/root/chiploop-backend/backend/workflows/11ef0a71-eb09-426d-9e7f-8e35ba118b9c/fpga/src/fpga/target_explorer/interface_adapter/adaptive_aero_control_top_spi_fpga_top.sv:46$1'.
     1/1: $0\spi_active[0:0]

4.8. Executing PROC_DLATCH pass (convert process syncs to latches).
No latch inferred for signal `\adaptive_aero_control_top.\cfg_ready_r' from process `\adaptive_aero_control_top.$proc$/root/chiploop-backend/backend/workflows/11ef0a71-eb09-426d-9e7f-8e35ba118b9c/fpga/src/upstream/adaptive_aero_control_top.v:212$57'.
No latch inferred for signal `\adaptive_aero_control_top.\cfg_rdata_r' from process `\adaptive_aero_control_top.$proc$/root/chiploop-backend/backend/workflows/11ef0a71-eb09-426d-9e7f-8e35ba118b9c/fpga/src/upstream/adaptive_aero_control_top.v:212$57'.
No latch inferred for signal `\adaptive_aero_control_top_spi_fpga_top.\spi_miso' from process `\adaptive_aero_control_top_spi_fpga_top.$proc$/root/chiploop-backend/backend/workflows/11ef0a71-eb09-426d-9e7f-8e35ba118b9c/fpga/src/fpga/target_explorer/interface_adapter/adaptive_aero_control_top_spi_fpga_top.sv:0$9'.

4.9. Executing PROC_DFF pass (convert process syncs to FFs).
Creating register for signal `\adaptive_aero_control_top.\ctrl_reg' using process `\adaptive_aero_control_top.$proc$/root/chiploop-backend/backend/workflows/11ef0a71-eb09-426d-9e7f-8e35ba118b9c/fpga/src/upstream/adaptive_aero_control_top.v:235$58'.
  created $adff cell `$procdff$576' with positive edge clock and negative level reset.
Creating register for signal `\adaptive_aero_control_top.\timeout_cfg_reg' using process `\adaptive_aero_control_top.$proc$/root/chiploop-backend/backend/workflows/11ef0a71-eb09-426d-9e7f-8e35ba118b9c/fpga/src/upstream/adaptive_aero_control_top.v:235$58'.
  created $adff cell `$procdff$577' with positive edge clock and negative level reset.
Creating register for signal `\adaptive_aero_control_top.\clamp_min_reg' using process `\adaptive_aero_control_top.$proc$/root/chiploop-backend/backend/workflows/11ef0a71-eb09-426d-9e7f-8e35ba118b9c/fpga/src/upstream/adaptive_aero_control_top.v:235$58'.
  created $adff cell `$procdff$578' with positive edge clock and negative level reset.
Creating register for signal `\adaptive_aero_control_top.\clamp_max_reg' using process `\adaptive_aero_control_top.$proc$/root/chiploop-backend/backend/workflows/11ef0a71-eb09-426d-9e7f-8e35ba118b9c/fpga/src/upstream/adaptive_aero_control_top.v:235$58'.
  created $adff cell `$procdff$579' with positive edge clock and negative level reset.
Creating register for signal `\adaptive_aero_control_top.\rate_limit_reg' using process `\adaptive_aero_control_top.$proc$/root/chiploop-backend/backend/workflows/11ef0a71-eb09-426d-9e7f-8e35ba118b9c/fpga/src/upstream/adaptive_aero_control_top.v:235$58'.
  created $adff cell `$procdff$580' with positive edge clock and negative level reset.
Creating register for signal `\adaptive_aero_control_top.\seq_seed_reg' using process `\adaptive_aero_control_top.$proc$/root/chiploop-backend/backend/workflows/11ef0a71-eb09-426d-9e7f-8e35ba118b9c/fpga/src/upstream/adaptive_aero_control_top.v:235$58'.
  created $adff cell `$procdff$581' with positive edge clock and negative level reset.
Creating register for signal `\adaptive_aero_control_top.\req_counter' using process `\adaptive_aero_control_top.$proc$/root/chiploop-backend/backend/workflows/11ef0a71-eb09-426d-9e7f-8e35ba118b9c/fpga/src/upstream/adaptive_aero_control_top.v:235$58'.
  created $adff cell `$procdff$582' with positive edge clock and negative level reset.
Creating register for signal `\adaptive_aero_control_top.\rsp_ok_counter' using process `\adaptive_aero_control_top.$proc$/root/chiploop-backend/backend/workflows/11ef0a71-eb09-426d-9e7f-8e35ba118b9c/fpga/src/upstream/adaptive_aero_control_top.v:235$58'.
  created $adff cell `$procdff$583' with positive edge clock and negative level reset.
Creating register for signal `\adaptive_aero_control_top.\rsp_rej_counter' using process `\adaptive_aero_control_top.$proc$/root/chiploop-backend/backend/workflows/11ef0a71-eb09-426d-9e7f-8e35ba118b9c/fpga/src/upstream/adaptive_aero_control_top.v:235$58'.
  created $adff cell `$procdff$584' with positive edge clock and negative level reset.
Creating register for signal `\adaptive_aero_control_top.\timeout_counter' using process `\adaptive_aero_control_top.$proc$/root/chiploop-backend/backend/workflows/11ef0a71-eb09-426d-9e7f-8e35ba118b9c/fpga/src/upstream/adaptive_aero_control_top.v:235$58'.
  created $adff cell `$procdff$585' with positive edge clock and negative level reset.
Creating register for signal `\adaptive_aero_control_top.\stale_counter' using process `\adaptive_aero_control_top.$proc$/root/chiploop-backend/backend/workflows/11ef0a71-eb09-426d-9e7f-8e35ba118b9c/fpga/src/upstream/adaptive_aero_control_top.v:235$58'.
  created $adff cell `$procdff$586' with positive edge clock and negative level reset.
Creating register for signal `\adaptive_aero_control_top.\fault_counter' using process `\adaptive_aero_control_top.$proc$/root/chiploop-backend/backend/workflows/11ef0a71-eb09-426d-9e7f-8e35ba118b9c/fpga/src/upstream/adaptive_aero_control_top.v:235$58'.
  created $adff cell `$procdff$587' with positive edge clock and negative level reset.
Creating register for signal `\adaptive_aero_control_top.\status_reg' using process `\adaptive_aero_control_top.$proc$/root/chiploop-backend/backend/workflows/11ef0a71-eb09-426d-9e7f-8e35ba118b9c/fpga/src/upstream/adaptive_aero_control_top.v:235$58'.
  created $adff cell `$procdff$588' with positive edge clock and negative level reset.
Creating register for signal `\adaptive_aero_control_top.\rsp_last_reg' using process `\adaptive_aero_control_top.$proc$/root/chiploop-backend/backend/workflows/11ef0a71-eb09-426d-9e7f-8e35ba118b9c/fpga/src/upstream/adaptive_aero_control_top.v:235$58'.
  created $adff cell `$procdff$589' with positive edge clock and negative level reset.
Creating register for signal `\adaptive_aero_control_top.\req_last_reg' using process `\adaptive_aero_control_top.$proc$/root/chiploop-backend/backend/workflows/11ef0a71-eb09-426d-9e7f-8e35ba118b9c/fpga/src/upstream/adaptive_aero_control_top.v:235$58'.
  created $adff cell `$procdff$590' with positive edge clock and negative level reset.
Creating register for signal `\adaptive_aero_control_top.\state' using process `\adaptive_aero_control_top.$proc$/root/chiploop-backend/backend/workflows/11ef0a71-eb09-426d-9e7f-8e35ba118b9c/fpga/src/upstream/adaptive_aero_control_top.v:235$58'.
  created $adff cell `$procdff$591' with positive edge clock and negative level reset.
Creating register for signal `\adaptive_aero_control_top.\seq_counter' using process `\adaptive_aero_control_top.$proc$/root/chiploop-backend/backend/workflows/11ef0a71-eb09-426d-9e7f-8e35ba118b9c/fpga/src/upstream/adaptive_aero_control_top.v:235$58'.
  created $adff cell `$procdff$592' with positive edge clock and negative level reset.
Creating register for signal `\adaptive_aero_control_top.\outstanding_seq' using process `\adaptive_aero_control_top.$proc$/root/chiploop-backend/backend/workflows/11ef0a71-eb09-426d-9e7f-8e35ba118b9c/fpga/src/upstream/adaptive_aero_control_top.v:235$58'.
  created $adff cell `$procdff$593' with positive edge clock and negative level reset.
Creating register for signal `\adaptive_aero_control_top.\outstanding_valid' using process `\adaptive_aero_control_top.$proc$/root/chiploop-backend/backend/workflows/11ef0a71-eb09-426d-9e7f-8e35ba118b9c/fpga/src/upstream/adaptive_aero_control_top.v:235$58'.
  created $adff cell `$procdff$594' with positive edge clock and negative level reset.
Creating register for signal `\adaptive_aero_control_top.\outstanding_launch' using process `\adaptive_aero_control_top.$proc$/root/chiploop-backend/backend/workflows/11ef0a71-eb09-426d-9e7f-8e35ba118b9c/fpga/src/upstream/adaptive_aero_control_top.v:235$58'.
  created $adff cell `$procdff$595' with positive edge clock and negative level reset.
Creating register for signal `\adaptive_aero_control_top.\cycle_count' using process `\adaptive_aero_control_top.$proc$/root/chiploop-backend/backend/workflows/11ef0a71-eb09-426d-9e7f-8e35ba118b9c/fpga/src/upstream/adaptive_aero_control_top.v:235$58'.
  created $adff cell `$procdff$596' with positive edge clock and negative level reset.
Creating register for signal `\adaptive_aero_control_top.\timeout_watchdog' using process `\adaptive_aero_control_top.$proc$/root/chiploop-backend/backend/workflows/11ef0a71-eb09-426d-9e7f-8e35ba118b9c/fpga/src/upstream/adaptive_aero_control_top.v:235$58'.
  created $adff cell `$procdff$597' with positive edge clock and negative level reset.
Creating register for signal `\adaptive_aero_control_top.\speed_sync' using process `\adaptive_aero_control_top.$proc$/root/chiploop-backend/backend/workflows/11ef0a71-eb09-426d-9e7f-8e35ba118b9c/fpga/src/upstream/adaptive_aero_control_top.v:235$58'.
  created $adff cell `$procdff$598' with positive edge clock and negative level reset.
Creating register for signal `\adaptive_aero_control_top.\final_cmd_reg' using process `\adaptive_aero_control_top.$proc$/root/chiploop-backend/backend/workflows/11ef0a71-eb09-426d-9e7f-8e35ba118b9c/fpga/src/upstream/adaptive_aero_control_top.v:235$58'.
  created $adff cell `$procdff$599' with positive edge clock and negative level reset.
Creating register for signal `\adaptive_aero_control_top.\last_cmd_reg' using process `\adaptive_aero_control_top.$proc$/root/chiploop-backend/backend/workflows/11ef0a71-eb09-426d-9e7f-8e35ba118b9c/fpga/src/upstream/adaptive_aero_control_top.v:235$58'.
  created $adff cell `$procdff$600' with positive edge clock and negative level reset.
Creating register for signal `\adaptive_aero_control_top.\req_pending' using process `\adaptive_aero_control_top.$proc$/root/chiploop-backend/backend/workflows/11ef0a71-eb09-426d-9e7f-8e35ba118b9c/fpga/src/upstream/adaptive_aero_control_top.v:235$58'.
  created $adff cell `$procdff$601' with positive edge clock and negative level reset.
Creating register for signal `\adaptive_aero_control_top.\req_valid_reg' using process `\adaptive_aero_control_top.$proc$/root/chiploop-backend/backend/workflows/11ef0a71-eb09-426d-9e7f-8e35ba118b9c/fpga/src/upstream/adaptive_aero_control_top.v:235$58'.
  created $adff cell `$procdff$602' with positive edge clock and negative level reset.
Creating register for signal `\adaptive_aero_control_top.\rsp_ready_reg' using process `\adaptive_aero_control_top.$proc$/root/chiploop-backend/backend/workflows/11ef0a71-eb09-426d-9e7f-8e35ba118b9c/fpga/src/upstream/adaptive_aero_control_top.v:235$58'.
  created $adff cell `$procdff$603' with positive edge clock and negative level reset.
Creating register for signal `\adaptive_aero_control_top.\actuator_valid_reg' using process `\adaptive_aero_control_top.$proc$/root/chiploop-backend/backend/workflows/11ef0a71-eb09-426d-9e7f-8e35ba118b9c/fpga/src/upstream/adaptive_aero_control_top.v:235$58'.
  created $adff cell `$procdff$604' with positive edge clock and negative level reset.
Creating register for signal `\adaptive_aero_control_top.\irq_reg' using process `\adaptive_aero_control_top.$proc$/root/chiploop-backend/backend/workflows/11ef0a71-eb09-426d-9e7f-8e35ba118b9c/fpga/src/upstream/adaptive_aero_control_top.v:235$58'.
  created $adff cell `$procdff$605' with positive edge clock and negative level reset.
Creating register for signal `\adaptive_aero_control_top.\req_data_reg' using process `\adaptive_aero_control_top.$proc$/root/chiploop-backend/backend/workflows/11ef0a71-eb09-426d-9e7f-8e35ba118b9c/fpga/src/upstream/adaptive_aero_control_top.v:235$58'.
  created $adff cell `$procdff$606' with positive edge clock and negative level reset.
Creating register for signal `\adaptive_aero_control_top.\rsp_data_q' using process `\adaptive_aero_control_top.$proc$/root/chiploop-backend/backend/workflows/11ef0a71-eb09-426d-9e7f-8e35ba118b9c/fpga/src/upstream/adaptive_aero_control_top.v:235$58'.
  created $adff cell `$procdff$607' with positive edge clock and negative level reset.
Creating register for signal `\adaptive_aero_control_top_spi_fpga_top.\rx_active' using process `\adaptive_aero_control_top_spi_fpga_top.$proc$/root/chiploop-backend/backend/workflows/11ef0a71-eb09-426d-9e7f-8e35ba118b9c/fpga/src/fpga/target_explorer/interface_adapter/adaptive_aero_control_top_spi_fpga_top.sv:59$5'.
  created $adff cell `$procdff$608' with positive edge clock and negative level reset.
Creating register for signal `\adaptive_aero_control_top_spi_fpga_top.\tx_snapshot' using process `\adaptive_aero_control_top_spi_fpga_top.$proc$/root/chiploop-backend/backend/workflows/11ef0a71-eb09-426d-9e7f-8e35ba118b9c/fpga/src/fpga/target_explorer/interface_adapter/adaptive_aero_control_top_spi_fpga_top.sv:59$5'.
  created $adff cell `$procdff$609' with positive edge clock and negative level reset.
Creating register for signal `\adaptive_aero_control_top_spi_fpga_top.\spi_cs_meta' using process `\adaptive_aero_control_top_spi_fpga_top.$proc$/root/chiploop-backend/backend/workflows/11ef0a71-eb09-426d-9e7f-8e35ba118b9c/fpga/src/fpga/target_explorer/interface_adapter/adaptive_aero_control_top_spi_fpga_top.sv:59$5'.
  created $adff cell `$procdff$610' with positive edge clock and negative level reset.
Creating register for signal `\adaptive_aero_control_top_spi_fpga_top.\spi_cs_sync' using process `\adaptive_aero_control_top_spi_fpga_top.$proc$/root/chiploop-backend/backend/workflows/11ef0a71-eb09-426d-9e7f-8e35ba118b9c/fpga/src/fpga/target_explorer/interface_adapter/adaptive_aero_control_top_spi_fpga_top.sv:59$5'.
  created $adff cell `$procdff$611' with positive edge clock and negative level reset.
Creating register for signal `\adaptive_aero_control_top_spi_fpga_top.\spi_cs_prev' using process `\adaptive_aero_control_top_spi_fpga_top.$proc$/root/chiploop-backend/backend/workflows/11ef0a71-eb09-426d-9e7f-8e35ba118b9c/fpga/src/fpga/target_explorer/interface_adapter/adaptive_aero_control_top_spi_fpga_top.sv:59$5'.
  created $adff cell `$procdff$612' with positive edge clock and negative level reset.
Creating register for signal `\adaptive_aero_control_top_spi_fpga_top.\rx_shift' using process `\adaptive_aero_control_top_spi_fpga_top.$proc$/root/chiploop-backend/backend/workflows/11ef0a71-eb09-426d-9e7f-8e35ba118b9c/fpga/src/fpga/target_explorer/interface_adapter/adaptive_aero_control_top_spi_fpga_top.sv:50$2'.
  created $dff cell `$procdff$613' with positive edge clock.
Creating register for signal `\adaptive_aero_control_top_spi_fpga_top.\tx_shift' using process `\adaptive_aero_control_top_spi_fpga_top.$proc$/root/chiploop-backend/backend/workflows/11ef0a71-eb09-426d-9e7f-8e35ba118b9c/fpga/src/fpga/target_explorer/interface_adapter/adaptive_aero_control_top_spi_fpga_top.sv:50$2'.
  created $dff cell `$procdff$614' with positive edge clock.
Creating register for signal `\adaptive_aero_control_top_spi_fpga_top.\spi_active' using process `\adaptive_aero_control_top_spi_fpga_top.$proc$/root/chiploop-backend/backend/workflows/11ef0a71-eb09-426d-9e7f-8e35ba118b9c/fpga/src/fpga/target_explorer/interface_adapter/adaptive_aero_control_top_spi_fpga_top.sv:46$1'.
  created $adff cell `$procdff$615' with positive edge clock and positive level reset.

4.10. Executing PROC_MEMWR pass (convert process memory writes to cells).

4.11. Executing PROC_CLEAN pass (remove empty switches from decision trees).
Found and cleaned up 20 empty switches in `\adaptive_aero_control_top.$proc$/root/chiploop-backend/backend/workflows/11ef0a71-eb09-426d-9e7f-8e35ba118b9c/fpga/src/upstream/adaptive_aero_control_top.v:235$58'.
Removing empty process `adaptive_aero_control_top.$proc$/root/chiploop-backend/backend/workflows/11ef0a71-eb09-426d-9e7f-8e35ba118b9c/fpga/src/upstream/adaptive_aero_control_top.v:235$58'.
Found and cleaned up 1 empty switch in `\adaptive_aero_control_top.$proc$/root/chiploop-backend/backend/workflows/11ef0a71-eb09-426d-9e7f-8e35ba118b9c/fpga/src/upstream/adaptive_aero_control_top.v:212$57'.
Removing empty process `adaptive_aero_control_top.$proc$/root/chiploop-backend/backend/workflows/11ef0a71-eb09-426d-9e7f-8e35ba118b9c/fpga/src/upstream/adaptive_aero_control_top.v:212$57'.
Removing empty process `adaptive_aero_control_top_spi_fpga_top.$proc$/root/chiploop-backend/backend/workflows/11ef0a71-eb09-426d-9e7f-8e35ba118b9c/fpga/src/fpga/target_explorer/interface_adapter/adaptive_aero_control_top_spi_fpga_top.sv:0$9'.
Found and cleaned up 1 empty switch in `\adaptive_aero_control_top_spi_fpga_top.$proc$/root/chiploop-backend/backend/workflows/11ef0a71-eb09-426d-9e7f-8e35ba118b9c/fpga/src/fpga/target_explorer/interface_adapter/adaptive_aero_control_top_spi_fpga_top.sv:59$5'.
Removing empty process `adaptive_aero_control_top_spi_fpga_top.$proc$/root/chiploop-backend/backend/workflows/11ef0a71-eb09-426d-9e7f-8e35ba118b9c/fpga/src/fpga/target_explorer/interface_adapter/adaptive_aero_control_top_spi_fpga_top.sv:59$5'.
Found and cleaned up 2 empty switches in `\adaptive_aero_control_top_spi_fpga_top.$proc$/root/chiploop-backend/backend/workflows/11ef0a71-eb09-426d-9e7f-8e35ba118b9c/fpga/src/fpga/target_explorer/interface_adapter/adaptive_aero_control_top_spi_fpga_top.sv:50$2'.
Removing empty process `adaptive_aero_control_top_spi_fpga_top.$proc$/root/chiploop-backend/backend/workflows/11ef0a71-eb09-426d-9e7f-8e35ba118b9c/fpga/src/fpga/target_explorer/interface_adapter/adaptive_aero_control_top_spi_fpga_top.sv:50$2'.
Removing empty process `adaptive_aero_control_top_spi_fpga_top.$proc$/root/chiploop-backend/backend/workflows/11ef0a71-eb09-426d-9e7f-8e35ba118b9c/fpga/src/fpga/target_explorer/interface_adapter/adaptive_aero_control_top_spi_fpga_top.sv:46$1'.
Cleaned up 24 empty switches.

4.12. Executing OPT_EXPR pass (perform const folding).
Optimizing module adaptive_aero_control_top.
<suppressed ~58 debug messages>
Optimizing module adaptive_aero_control_top_spi_fpga_top.
<suppressed ~3 debug messages>

5. Executing OPT pass (performing simple optimizations).

5.1. Executing OPT_EXPR pass (perform const folding).
Optimizing module adaptive_aero_control_top.
Optimizing module adaptive_aero_control_top_spi_fpga_top.

5.2. Executing OPT_MERGE pass (detect identical cells).
Finding identical cells in module `\adaptive_aero_control_top'.
<suppressed ~81 debug messages>
Finding identical cells in module `\adaptive_aero_control_top_spi_fpga_top'.
Removed a total of 27 cells.

5.3. Executing OPT_MUXTREE pass (detect dead branches in mux trees).
Running muxtree optimizer on module \adaptive_aero_control_top..
  Creating internal representation of mux trees.
  Evaluating internal representation of mux trees.
      Replacing known input bits on port B of cell $procmux$376: { 8'00000000 \ctrl_reg [0] \ctrl_reg [6] \ctrl_reg [7] \ctrl_reg [5] $logic_and$/root/chiploop-backend/backend/workflows/11ef0a71-eb09-426d-9e7f-8e35ba118b9c/fpga/src/upstream/adaptive_aero_control_top.v:166$13_Y \outstanding_valid 2'00 \seq_counter } -> { 9'000000001 \ctrl_reg [6] \ctrl_reg [7] \ctrl_reg [5] $logic_and$/root/chiploop-backend/backend/workflows/11ef0a71-eb09-426d-9e7f-8e35ba118b9c/fpga/src/upstream/adaptive_aero_control_top.v:166$13_Y \outstanding_valid 2'00 \seq_counter }
      Replacing known input bits on port B of cell $procmux$281: { \clamp_max_reg [15:0] \rate_limit_reg [15:0] \timeout_cfg_reg [15:0] \clamp_min_reg [15:0] \veh_speed_mps \seq_counter [12:0] \ctrl_reg [3:1] \ctrl_reg 8'10100101 } -> { \clamp_max_reg [15:0] \rate_limit_reg [15:0] \timeout_cfg_reg [15:0] \clamp_min_reg [15:0] \veh_speed_mps \seq_counter [12:0] \ctrl_reg [3:1] \ctrl_reg [7:1] 9'110100101 }
  Analyzing evaluation results.
    dead port 1/2 on $mux $ternary$/root/chiploop-backend/backend/workflows/11ef0a71-eb09-426d-9e7f-8e35ba118b9c/fpga/src/upstream/adaptive_aero_control_top.v:197$41.
    dead port 2/2 on $mux $ternary$/root/chiploop-backend/backend/workflows/11ef0a71-eb09-426d-9e7f-8e35ba118b9c/fpga/src/upstream/adaptive_aero_control_top.v:197$41.
Running muxtree optimizer on module \adaptive_aero_control_top_spi_fpga_top..
  Creating internal representation of mux trees.
  Evaluating internal representation of mux trees.
  Analyzing evaluation results.
Removed 2 multiplexer ports.
<suppressed ~64 debug messages>

5.4. Executing OPT_REDUCE pass (consolidate $*mux and $reduce_* inputs).
  Optimizing cells in module \adaptive_aero_control_top.
  Optimizing cells in module \adaptive_aero_control_top_spi_fpga_top.
Performed a total of 0 changes.

5.5. Executing OPT_MERGE pass (detect identical cells).
Finding identical cells in module `\adaptive_aero_control_top'.
Finding identical cells in module `\adaptive_aero_control_top_spi_fpga_top'.
Removed a total of 0 cells.

5.6. Executing OPT_DFF pass (perform DFF optimizations).
Adding EN signal on $procdff$582 ($adff) from module adaptive_aero_control_top (D = $procmux$511_Y, Q = \req_counter).
Adding EN signal on $procdff$583 ($adff) from module adaptive_aero_control_top (D = $procmux$493_Y, Q = \rsp_ok_counter).
Adding EN signal on $procdff$580 ($adff) from module adaptive_aero_control_top (D = \cfg_wdata, Q = \rate_limit_reg).
Adding EN signal on $procdff$584 ($adff) from module adaptive_aero_control_top (D = $procmux$472_Y, Q = \rsp_rej_counter).
Adding EN signal on $procdff$585 ($adff) from module adaptive_aero_control_top (D = $procmux$451_Y, Q = \timeout_counter).
Adding EN signal on $procdff$586 ($adff) from module adaptive_aero_control_top (D = $procmux$433_Y, Q = \stale_counter).
Adding EN signal on $procdff$581 ($adff) from module adaptive_aero_control_top (D = \cfg_wdata, Q = \seq_seed_reg).
Adding EN signal on $procdff$587 ($adff) from module adaptive_aero_control_top (D = $procmux$410_Y, Q = \fault_counter).
Adding EN signal on $procdff$588 ($adff) from module adaptive_aero_control_top (D = $procmux$215_Y, Q = \status_reg [0]).
Adding EN signal on $procdff$589 ($adff) from module adaptive_aero_control_top (D = { 8'00000000 \model_rsp_data [15:0] \model_rsp_data [23:16] }, Q = \rsp_last_reg).
Adding EN signal on $procdff$590 ($adff) from module adaptive_aero_control_top (D = { 9'000000001 \ctrl_reg [6] \ctrl_reg [7] \ctrl_reg [5] $logic_and$/root/chiploop-backend/backend/workflows/11ef0a71-eb09-426d-9e7f-8e35ba118b9c/fpga/src/upstream/adaptive_aero_control_top.v:166$13_Y \outstanding_valid 2'00 \seq_counter }, Q = \req_last_reg).
Adding EN signal on $procdff$593 ($adff) from module adaptive_aero_control_top (D = \seq_counter, Q = \outstanding_seq).
Adding EN signal on $procdff$594 ($adff) from module adaptive_aero_control_top (D = $procmux$348_Y, Q = \outstanding_valid).
Adding EN signal on $procdff$595 ($adff) from module adaptive_aero_control_top (D = \cycle_count, Q = \outstanding_launch).
Adding EN signal on $procdff$597 ($adff) from module adaptive_aero_control_top (D = $procmux$328_Y, Q = \timeout_watchdog).
Adding EN signal on $procdff$601 ($adff) from module adaptive_aero_control_top (D = $procmux$545_Y, Q = \req_pending).
Adding EN signal on $procdff$602 ($adff) from module adaptive_aero_control_top (D = $procmux$291_Y, Q = \req_valid_reg).
Adding EN signal on $procdff$604 ($adff) from module adaptive_aero_control_top (D = $procmux$392_Y, Q = \actuator_valid_reg).
Adding EN signal on $procdff$605 ($adff) from module adaptive_aero_control_top (D = $procmux$101_Y, Q = \irq_reg).
Adding EN signal on $procdff$606 ($adff) from module adaptive_aero_control_top (D = { \clamp_max_reg [15:0] \rate_limit_reg [15:0] \timeout_cfg_reg [15:0] \clamp_min_reg [15:0] \veh_speed_mps \seq_counter [12:0] \ctrl_reg [3:1] \ctrl_reg [7:1] 9'110100101 }, Q = \req_data_reg).
Adding EN signal on $procdff$607 ($adff) from module adaptive_aero_control_top (D = \model_rsp_data, Q = \rsp_data_q).
Adding EN signal on $procdff$576 ($adff) from module adaptive_aero_control_top (D = \cfg_wdata [7:4], Q = \ctrl_reg [7:4]).
Adding EN signal on $procdff$576 ($adff) from module adaptive_aero_control_top (D = \cfg_wdata [3:0], Q = \ctrl_reg [3:0]).
Adding EN signal on $procdff$577 ($adff) from module adaptive_aero_control_top (D = \cfg_wdata, Q = \timeout_cfg_reg).
Adding EN signal on $procdff$578 ($adff) from module adaptive_aero_control_top (D = \cfg_wdata, Q = \clamp_min_reg).
Adding EN signal on $procdff$579 ($adff) from module adaptive_aero_control_top (D = \cfg_wdata, Q = \clamp_max_reg).
Setting constant 0-bit at position 1 on $auto$ff.cc:266:slice$684 ($adffe) from module adaptive_aero_control_top.
Setting constant 0-bit at position 3 on $auto$ff.cc:266:slice$684 ($adffe) from module adaptive_aero_control_top.
Setting constant 0-bit at position 4 on $auto$ff.cc:266:slice$684 ($adffe) from module adaptive_aero_control_top.
Setting constant 0-bit at position 6 on $auto$ff.cc:266:slice$684 ($adffe) from module adaptive_aero_control_top.
Setting constant 0-bit at position 16 on $auto$ff.cc:266:slice$653 ($adffe) from module adaptive_aero_control_top.
Setting constant 0-bit at position 17 on $auto$ff.cc:266:slice$653 ($adffe) from module adaptive_aero_control_top.
Setting constant 0-bit at position 24 on $auto$ff.cc:266:slice$653 ($adffe) from module adaptive_aero_control_top.
Setting constant 0-bit at position 25 on $auto$ff.cc:266:slice$653 ($adffe) from module adaptive_aero_control_top.
Setting constant 0-bit at position 26 on $auto$ff.cc:266:slice$653 ($adffe) from module adaptive_aero_control_top.
Setting constant 0-bit at position 27 on $auto$ff.cc:266:slice$653 ($adffe) from module adaptive_aero_control_top.
Setting constant 0-bit at position 28 on $auto$ff.cc:266:slice$653 ($adffe) from module adaptive_aero_control_top.
Setting constant 0-bit at position 29 on $auto$ff.cc:266:slice$653 ($adffe) from module adaptive_aero_control_top.
Setting constant 0-bit at position 30 on $auto$ff.cc:266:slice$653 ($adffe) from module adaptive_aero_control_top.
Setting constant 0-bit at position 31 on $auto$ff.cc:266:slice$653 ($adffe) from module adaptive_aero_control_top.
Setting constant 0-bit at position 24 on $auto$ff.cc:266:slice$650 ($adffe) from module adaptive_aero_control_top.
Setting constant 0-bit at position 25 on $auto$ff.cc:266:slice$650 ($adffe) from module adaptive_aero_control_top.
Setting constant 0-bit at position 26 on $auto$ff.cc:266:slice$650 ($adffe) from module adaptive_aero_control_top.
Setting constant 0-bit at position 27 on $auto$ff.cc:266:slice$650 ($adffe) from module adaptive_aero_control_top.
Setting constant 0-bit at position 28 on $auto$ff.cc:266:slice$650 ($adffe) from module adaptive_aero_control_top.
Setting constant 0-bit at position 29 on $auto$ff.cc:266:slice$650 ($adffe) from module adaptive_aero_control_top.
Setting constant 0-bit at position 30 on $auto$ff.cc:266:slice$650 ($adffe) from module adaptive_aero_control_top.
Setting constant 0-bit at position 31 on $auto$ff.cc:266:slice$650 ($adffe) from module adaptive_aero_control_top.
Adding EN signal on $procdff$608 ($adff) from module adaptive_aero_control_top_spi_fpga_top (D = \rx_shift, Q = \rx_active).
Adding EN signal on $procdff$613 ($dff) from module adaptive_aero_control_top_spi_fpga_top (D = { \rx_shift [202:0] \spi_mosi }, Q = \rx_shift).
Adding EN signal on $procdff$614 ($dff) from module adaptive_aero_control_top_spi_fpga_top (D = $procmux$570_Y, Q = \tx_shift).

5.7. Executing OPT_CLEAN pass (remove unused cells and wires).
Finding unused cells or wires in module \adaptive_aero_control_top..
Finding unused cells or wires in module \adaptive_aero_control_top_spi_fpga_top..
Removed 49 unused cells and 290 unused wires.
<suppressed ~57 debug messages>

5.8. Executing OPT_EXPR pass (perform const folding).
Optimizing module adaptive_aero_control_top.
<suppressed ~1 debug messages>
Optimizing module adaptive_aero_control_top_spi_fpga_top.

5.9. Rerunning OPT passes. (Maybe there is more to do..)

5.10. Executing OPT_MUXTREE pass (detect dead branches in mux trees).
Running muxtree optimizer on module \adaptive_aero_control_top..
  Creating internal representation of mux trees.
  Evaluating internal representation of mux trees.
  Analyzing evaluation results.
Running muxtree optimizer on module \adaptive_aero_control_top_spi_fpga_top..
  Creating internal representation of mux trees.
  Evaluating internal representation of mux trees.
  Analyzing evaluation results.
Removed 0 multiplexer ports.
<suppressed ~48 debug messages>

5.11. Executing OPT_REDUCE pass (consolidate $*mux and $reduce_* inputs).
  Optimizing cells in module \adaptive_aero_control_top.
  Optimizing cells in module \adaptive_aero_control_top_spi_fpga_top.
Performed a total of 0 changes.

5.12. Executing OPT_MERGE pass (detect identical cells).
Finding identical cells in module `\adaptive_aero_control_top'.
<suppressed ~15 debug messages>
Finding identical cells in module `\adaptive_aero_control_top_spi_fpga_top'.
Removed a total of 5 cells.

5.13. Executing OPT_DFF pass (perform DFF optimizations).

5.14. Executing OPT_CLEAN pass (remove unused cells and wires).
Finding unused cells or wires in module \adaptive_aero_control_top..
Finding unused cells or wires in module \adaptive_aero_control_top_spi_fpga_top..
Removed 0 unused cells and 7 unused wires.
<suppressed ~3 debug messages>

5.15. Executing OPT_EXPR pass (perform const folding).
Optimizing module adaptive_aero_control_top.
Optimizing module adaptive_aero_control_top_spi_fpga_top.

5.16. Rerunning OPT passes. (Maybe there is more to do..)

5.17. Executing OPT_MUXTREE pass (detect dead branches in mux trees).
Running muxtree optimizer on module \adaptive_aero_control_top..
  Creating internal representation of mux trees.
  Evaluating internal representation of mux trees.
  Analyzing evaluation results.
Running muxtree optimizer on module \adaptive_aero_control_top_spi_fpga_top..
  Creating internal representation of mux trees.
  Evaluating internal representation of mux trees.
  Analyzing evaluation results.
Removed 0 multiplexer ports.
<suppressed ~49 debug messages>

5.18. Executing OPT_REDUCE pass (consolidate $*mux and $reduce_* inputs).
  Optimizing cells in module \adaptive_aero_control_top.
  Optimizing cells in module \adaptive_aero_control_top_spi_fpga_top.
Performed a total of 0 changes.

5.19. Executing OPT_MERGE pass (detect identical cells).
Finding identical cells in module `\adaptive_aero_control_top'.
Finding identical cells in module `\adaptive_aero_control_top_spi_fpga_top'.
Removed a total of 0 cells.

5.20. Executing OPT_DFF pass (perform DFF optimizations).

5.21. Executing OPT_CLEAN pass (remove unused cells and wires).
Finding unused cells or wires in module \adaptive_aero_control_top..
Finding unused cells or wires in module \adaptive_aero_control_top_spi_fpga_top..

5.22. Executing OPT_EXPR pass (perform const folding).
Optimizing module adaptive_aero_control_top.
Optimizing module adaptive_aero_control_top_spi_fpga_top.

5.23. Finished OPT passes. (There is nothing left to do.)

6. Executing FSM pass (extract and optimize FSM).

6.1. Executing FSM_DETECT pass (finding FSMs in design).
Found FSM state register adaptive_aero_control_top.state.

6.2. Executing FSM_EXTRACT pass (extracting FSM from design).
Extracting FSM `\state' from module `\adaptive_aero_control_top'.
  found $adff cell for state register: $procdff$591
  root of input selection tree: $0\state[1:0]
  found reset state: 2'00 (from async reset)
  found ctrl input: \ctrl_reg [0]
  found state code: 2'11
  found ctrl input: \model_rsp_valid
  found ctrl input: \timeout_expired_now
  found ctrl input: $logic_and$/root/chiploop-backend/backend/workflows/11ef0a71-eb09-426d-9e7f-8e35ba118b9c/fpga/src/upstream/adaptive_aero_control_top.v:325$65_Y
  found state code: 2'01
  found ctrl input: \rsp_good
  found state code: 2'10
  found ctrl output: $eq$/root/chiploop-backend/backend/workflows/11ef0a71-eb09-426d-9e7f-8e35ba118b9c/fpga/src/upstream/adaptive_aero_control_top.v:402$92_Y
  ctrl inputs: { $logic_and$/root/chiploop-backend/backend/workflows/11ef0a71-eb09-426d-9e7f-8e35ba118b9c/fpga/src/upstream/adaptive_aero_control_top.v:325$65_Y \rsp_good \timeout_expired_now \ctrl_reg [0] \model_rsp_valid }
  ctrl outputs: { $eq$/root/chiploop-backend/backend/workflows/11ef0a71-eb09-426d-9e7f-8e35ba118b9c/fpga/src/upstream/adaptive_aero_control_top.v:402$92_Y $0\state[1:0] }
  transition:       2'00 5'---0- ->       2'11 3'011
  transition:       2'00 5'0-010 ->       2'00 3'000
  transition:       2'00 5'1-010 ->       2'01 3'001
  transition:       2'00 5'--110 ->       2'11 3'011
  transition:       2'00 5'00011 ->       2'00 3'000
  transition:       2'00 5'10011 ->       2'01 3'001
  transition:       2'00 5'-0111 ->       2'11 3'011
  transition:       2'00 5'-1-11 ->       2'10 3'010
  transition:       2'10 5'---0- ->       2'11 3'011
  transition:       2'10 5'0-010 ->       2'10 3'010
  transition:       2'10 5'1-010 ->       2'01 3'001
  transition:       2'10 5'--110 ->       2'11 3'011
  transition:       2'10 5'00011 ->       2'10 3'010
  transition:       2'10 5'10011 ->       2'01 3'001
  transition:       2'10 5'-0111 ->       2'11 3'011
  transition:       2'10 5'-1-11 ->       2'10 3'010
  transition:       2'01 5'---0- ->       2'11 3'011
  transition:       2'01 5'0-010 ->       2'01 3'001
  transition:       2'01 5'1-010 ->       2'01 3'001
  transition:       2'01 5'--110 ->       2'11 3'011
  transition:       2'01 5'00011 ->       2'01 3'001
  transition:       2'01 5'10011 ->       2'01 3'001
  transition:       2'01 5'-0111 ->       2'11 3'011
  transition:       2'01 5'-1-11 ->       2'10 3'010
  transition:       2'11 5'---0- ->       2'11 3'111
  transition:       2'11 5'0-010 ->       2'11 3'111
  transition:       2'11 5'1-010 ->       2'01 3'101
  transition:       2'11 5'--110 ->       2'11 3'111
  transition:       2'11 5'00011 ->       2'11 3'111
  transition:       2'11 5'10011 ->       2'01 3'101
  transition:       2'11 5'-0111 ->       2'11 3'111
  transition:       2'11 5'-1-11 ->       2'10 3'110

6.3. Executing FSM_OPT pass (simple optimizations of FSMs).
Optimizing FSM `$fsm$\state$711' from module `\adaptive_aero_control_top'.
  Merging pattern 5'0-010 and 5'1-010 from group (2 2 3'001).
  Merging pattern 5'1-010 and 5'0-010 from group (2 2 3'001).
  Merging pattern 5'00011 and 5'10011 from group (2 2 3'001).
  Merging pattern 5'10011 and 5'00011 from group (2 2 3'001).

6.4. Executing OPT_CLEAN pass (remove unused cells and wires).
Finding unused cells or wires in module \adaptive_aero_control_top..
Finding unused cells or wires in module \adaptive_aero_control_top_spi_fpga_top..
Removed 7 unused cells and 7 unused wires.
<suppressed ~8 debug messages>

6.5. Executing FSM_OPT pass (simple optimizations of FSMs).
Optimizing FSM `$fsm$\state$711' from module `\adaptive_aero_control_top'.
  Removing unused output signal $0\state[1:0] [0].
  Removing unused output signal $0\state[1:0] [1].

6.6. Executing FSM_RECODE pass (re-assigning FSM state encoding).
Recoding FSM `$fsm$\state$711' from module `\adaptive_aero_control_top' using `auto' encoding:
  mapping auto encoding to `one-hot` for this FSM.
  00 -> ---1
  10 -> --1-
  01 -> -1--
  11 -> 1---

6.7. Executing FSM_INFO pass (dumping all available information on FSM cells).

FSM `$fsm$\state$711' from module `adaptive_aero_control_top':
-------------------------------------

  Information on FSM $fsm$\state$711 (\state):

  Number of input signals:    5
  Number of output signals:   1
  Number of state bits:       4

  Input signals:
    0: \model_rsp_valid
    1: \ctrl_reg [0]
    2: \timeout_expired_now
    3: \rsp_good
    4: $logic_and$/root/chiploop-backend/backend/workflows/11ef0a71-eb09-426d-9e7f-8e35ba118b9c/fpga/src/upstream/adaptive_aero_control_top.v:325$65_Y

  Output signals:
    0: $eq$/root/chiploop-backend/backend/workflows/11ef0a71-eb09-426d-9e7f-8e35ba118b9c/fpga/src/upstream/adaptive_aero_control_top.v:402$92_Y

  State encoding:
    0:     4'---1  <RESET STATE>
    1:     4'--1-
    2:     4'-1--
    3:     4'1---

  Transition Table (state_in, ctrl_in, state_out, ctrl_out):
      0:     0 5'0-010   ->     0 1'0
      1:     0 5'00011   ->     0 1'0
      2:     0 5'-1-11   ->     1 1'0
      3:     0 5'1-010   ->     2 1'0
      4:     0 5'10011   ->     2 1'0
      5:     0 5'--110   ->     3 1'0
      6:     0 5'-0111   ->     3 1'0
      7:     0 5'---0-   ->     3 1'0
      8:     1 5'0-010   ->     1 1'0
      9:     1 5'00011   ->     1 1'0
     10:     1 5'-1-11   ->     1 1'0
     11:     1 5'1-010   ->     2 1'0
     12:     1 5'10011   ->     2 1'0
     13:     1 5'--110   ->     3 1'0
     14:     1 5'-0111   ->     3 1'0
     15:     1 5'---0-   ->     3 1'0
     16:     2 5'-1-11   ->     1 1'0
     17:     2 5'--010   ->     2 1'0
     18:     2 5'-0011   ->     2 1'0
     19:     2 5'--110   ->     3 1'0
     20:     2 5'-0111   ->     3 1'0
     21:     2 5'---0-   ->     3 1'0
     22:     3 5'-1-11   ->     1 1'1
     23:     3 5'1-010   ->     2 1'1
     24:     3 5'10011   ->     2 1'1
     25:     3 5'0-010   ->     3 1'1
     26:     3 5'--110   ->     3 1'1
     27:     3 5'00011   ->     3 1'1
     28:     3 5'-0111   ->     3 1'1
     29:     3 5'---0-   ->     3 1'1

-------------------------------------

6.8. Executing FSM_MAP pass (mapping FSMs to basic logic).
Mapping FSM `$fsm$\state$711' from module `\adaptive_aero_control_top'.

7. Executing OPT pass (performing simple optimizations).

7.1. Executing OPT_EXPR pass (perform const folding).
Optimizing module adaptive_aero_control_top.
<suppressed ~1 debug messages>
Optimizing module adaptive_aero_control_top_spi_fpga_top.

7.2. Executing OPT_MERGE pass (detect identical cells).
Finding identical cells in module `\adaptive_aero_control_top'.
<suppressed ~12 debug messages>
Finding identical cells in module `\adaptive_aero_control_top_spi_fpga_top'.
Removed a total of 4 cells.

7.3. Executing OPT_MUXTREE pass (detect dead branches in mux trees).
Running muxtree optimizer on module \adaptive_aero_control_top..
  Creating internal representation of mux trees.
  Evaluating internal representation of mux trees.
  Analyzing evaluation results.
Running muxtree optimizer on module \adaptive_aero_control_top_spi_fpga_top..
  Creating internal representation of mux trees.
  Evaluating internal representation of mux trees.
  Analyzing evaluation results.
Removed 0 multiplexer ports.
<suppressed ~47 debug messages>

7.4. Executing OPT_REDUCE pass (consolidate $*mux and $reduce_* inputs).
  Optimizing cells in module \adaptive_aero_control_top.
  Optimizing cells in module \adaptive_aero_control_top_spi_fpga_top.
Performed a total of 0 changes.

7.5. Executing OPT_MERGE pass (detect identical cells).
Finding identical cells in module `\adaptive_aero_control_top'.
Finding identical cells in module `\adaptive_aero_control_top_spi_fpga_top'.
Removed a total of 0 cells.

7.6. Executing OPT_DFF pass (perform DFF optimizations).

7.7. Executing OPT_CLEAN pass (remove unused cells and wires).
Finding unused cells or wires in module \adaptive_aero_control_top..
Finding unused cells or wires in module \adaptive_aero_control_top_spi_fpga_top..
Removed 0 unused cells and 8 unused wires.
<suppressed ~1 debug messages>

7.8. Executing OPT_EXPR pass (perform const folding).
Optimizing module adaptive_aero_control_top.
Optimizing module adaptive_aero_control_top_spi_fpga_top.

7.9. Rerunning OPT passes. (Maybe there is more to do..)

7.10. Executing OPT_MUXTREE pass (detect dead branches in mux trees).
Running muxtree optimizer on module \adaptive_aero_control_top..
  Creating internal representation of mux trees.
  Evaluating internal representation of mux trees.
  Analyzing evaluation results.
Running muxtree optimizer on module \adaptive_aero_control_top_spi_fpga_top..
  Creating internal representation of mux trees.
  Evaluating internal representation of mux trees.
  Analyzing evaluation results.
Removed 0 multiplexer ports.
<suppressed ~47 debug messages>

7.11. Executing OPT_REDUCE pass (consolidate $*mux and $reduce_* inputs).
  Optimizing cells in module \adaptive_aero_control_top.
  Optimizing cells in module \adaptive_aero_control_top_spi_fpga_top.
Performed a total of 0 changes.

7.12. Executing OPT_MERGE pass (detect identical cells).
Finding identical cells in module `\adaptive_aero_control_top'.
Finding identical cells in module `\adaptive_aero_control_top_spi_fpga_top'.
Removed a total of 0 cells.

7.13. Executing OPT_DFF pass (perform DFF optimizations).

7.14. Executing OPT_CLEAN pass (remove unused cells and wires).
Finding unused cells or wires in module \adaptive_aero_control_top..
Finding unused cells or wires in module \adaptive_aero_control_top_spi_fpga_top..

7.15. Executing OPT_EXPR pass (perform const folding).
Optimizing module adaptive_aero_control_top.
Optimizing module adaptive_aero_control_top_spi_fpga_top.

7.16. Finished OPT passes. (There is nothing left to do.)

8. Executing MEMORY pass.

8.1. Executing OPT_MEM pass (optimize memories).
Performed a total of 0 transformations.

8.2. Executing OPT_MEM_PRIORITY pass (removing unnecessary memory write priority relations).
Performed a total of 0 transformations.

8.3. Executing OPT_MEM_FEEDBACK pass (finding memory read-to-write feedback paths).

8.4. Executing MEMORY_BMUX2ROM pass (converting muxes to ROMs).

8.5. Executing MEMORY_DFF pass (merging $dff cells to $memrd).

8.6. Executing OPT_CLEAN pass (remove unused cells and wires).
Finding unused cells or wires in module \adaptive_aero_control_top..
Finding unused cells or wires in module \adaptive_aero_control_top_spi_fpga_top..

8.7. Executing MEMORY_SHARE pass (consolidating $memrd/$memwr cells).

8.8. Executing OPT_MEM_WIDEN pass (optimize memories where all ports are wide).
Performed a total of 0 transformations.

8.9. Executing OPT_CLEAN pass (remove unused cells and wires).
Finding unused cells or wires in module \adaptive_aero_control_top..
Finding unused cells or wires in module \adaptive_aero_control_top_spi_fpga_top..

8.10. Executing MEMORY_COLLECT pass (generating $mem cells).

8.11. Executing MEMORY_MAP pass (converting memories to logic and flip-flops).

9. Executing OPT pass (performing simple optimizations).

9.1. Executing OPT_EXPR pass (perform const folding).
Optimizing module adaptive_aero_control_top.
Optimizing module adaptive_aero_control_top_spi_fpga_top.

9.2. Executing OPT_MERGE pass (detect identical cells).
Finding identical cells in module `\adaptive_aero_control_top'.
Finding identical cells in module `\adaptive_aero_control_top_spi_fpga_top'.
Removed a total of 0 cells.

9.3. Executing OPT_MUXTREE pass (detect dead branches in mux trees).
Running muxtree optimizer on module \adaptive_aero_control_top..
  Creating internal representation of mux trees.
  Evaluating internal representation of mux trees.
  Analyzing evaluation results.
Running muxtree optimizer on module \adaptive_aero_control_top_spi_fpga_top..
  Creating internal representation of mux trees.
  Evaluating internal representation of mux trees.
  Analyzing evaluation results.
Removed 0 multiplexer ports.
<suppressed ~47 debug messages>

9.4. Executing OPT_REDUCE pass (consolidate $*mux and $reduce_* inputs).
  Optimizing cells in module \adaptive_aero_control_top.
  Optimizing cells in module \adaptive_aero_control_top_spi_fpga_top.
Performed a total of 0 changes.

9.5. Executing OPT_MERGE pass (detect identical cells).
Finding identical cells in module `\adaptive_aero_control_top'.
Finding identical cells in module `\adaptive_aero_control_top_spi_fpga_top'.
Removed a total of 0 cells.

9.6. Executing OPT_DFF pass (perform DFF optimizations).

9.7. Executing OPT_CLEAN pass (remove unused cells and wires).
Finding unused cells or wires in module \adaptive_aero_control_top..
Finding unused cells or wires in module \adaptive_aero_control_top_spi_fpga_top..

9.8. Executing OPT_EXPR pass (perform const folding).
Optimizing module adaptive_aero_control_top.
Optimizing module adaptive_aero_control_top_spi_fpga_top.

9.9. Finished OPT passes. (There is nothing left to do.)

10. Executing CHECK pass (checking for obvious problems).
Checking module adaptive_aero_control_top...
Checking module adaptive_aero_control_top_spi_fpga_top...
Found and reported 0 problems.

11. Executing SYNTH pass.

11.1. Executing HIERARCHY pass (managing design hierarchy).

11.1.1. Analyzing design hierarchy..
Top module:  \adaptive_aero_control_top_spi_fpga_top
Used module:     \adaptive_aero_control_top

11.1.2. Analyzing design hierarchy..
Top module:  \adaptive_aero_control_top_spi_fpga_top
Used module:     \adaptive_aero_control_top
Removed 0 unused modules.

11.2. Executing PROC pass (convert processes to netlists).

11.2.1. Executing PROC_CLEAN pass (remove empty switches from decision trees).
Cleaned up 0 empty switches.

11.2.2. Executing PROC_RMDEAD pass (remove dead branches from decision trees).
Removed a total of 0 dead cases.

11.2.3. Executing PROC_PRUNE pass (remove redundant assignments in processes).
Removed 0 redundant assignments.
Promoted 0 assignments to connections.

11.2.4. Executing PROC_INIT pass (extract init attributes).

11.2.5. Executing PROC_ARST pass (detect async resets in processes).

11.2.6. Executing PROC_ROM pass (convert switches to ROMs).
Converted 0 switches.

11.2.7. Executing PROC_MUX pass (convert decision trees to multiplexers).

11.2.8. Executing PROC_DLATCH pass (convert process syncs to latches).

11.2.9. Executing PROC_DFF pass (convert process syncs to FFs).

11.2.10. Executing PROC_MEMWR pass (convert process memory writes to cells).

11.2.11. Executing PROC_CLEAN pass (remove empty switches from decision trees).
Cleaned up 0 empty switches.

11.2.12. Executing OPT_EXPR pass (perform const folding).
Optimizing module adaptive_aero_control_top.
Optimizing module adaptive_aero_control_top_spi_fpga_top.

11.3. Executing OPT_EXPR pass (perform const folding).
Optimizing module adaptive_aero_control_top.
Optimizing module adaptive_aero_control_top_spi_fpga_top.

11.4. Executing OPT_CLEAN pass (remove unused cells and wires).
Finding unused cells or wires in module \adaptive_aero_control_top..
Finding unused cells or wires in module \adaptive_aero_control_top_spi_fpga_top..

11.5. Executing CHECK pass (checking for obvious problems).
Checking module adaptive_aero_control_top...
Checking module adaptive_aero_control_top_spi_fpga_top...
Found and reported 0 problems.

11.6. Executing OPT pass (performing simple optimizations).

11.6.1. Executing OPT_EXPR pass (perform const folding).
Optimizing module adaptive_aero_control_top.
Optimizing module adaptive_aero_control_top_spi_fpga_top.

11.6.2. Executing OPT_MERGE pass (detect identical cells).
Finding identical cells in module `\adaptive_aero_control_top'.
Finding identical cells in module `\adaptive_aero_control_top_spi_fpga_top'.
Removed a total of 0 cells.

11.6.3. Executing OPT_MUXTREE pass (detect dead branches in mux trees).
Running muxtree optimizer on module \adaptive_aero_control_top..
  Creating internal representation of mux trees.
  Evaluating internal representation of mux trees.
  Analyzing evaluation results.
Running muxtree optimizer on module \adaptive_aero_control_top_spi_fpga_top..
  Creating internal representation of mux trees.
  Evaluating internal representation of mux trees.
  Analyzing evaluation results.
Removed 0 multiplexer ports.
<suppressed ~47 debug messages>

11.6.4. Executing OPT_REDUCE pass (consolidate $*mux and $reduce_* inputs).
  Optimizing cells in module \adaptive_aero_control_top.
  Optimizing cells in module \adaptive_aero_control_top_spi_fpga_top.
Performed a total of 0 changes.

11.6.5. Executing OPT_MERGE pass (detect identical cells).
Finding identical cells in module `\adaptive_aero_control_top'.
Finding identical cells in module `\adaptive_aero_control_top_spi_fpga_top'.
Removed a total of 0 cells.

11.6.6. Executing OPT_DFF pass (perform DFF optimizations).

11.6.7. Executing OPT_CLEAN pass (remove unused cells and wires).
Finding unused cells or wires in module \adaptive_aero_control_top..
Finding unused cells or wires in module \adaptive_aero_control_top_spi_fpga_top..

11.6.8. Executing OPT_EXPR pass (perform const folding).
Optimizing module adaptive_aero_control_top.
Optimizing module adaptive_aero_control_top_spi_fpga_top.

11.6.9. Finished OPT passes. (There is nothing left to do.)

11.7. Executing FSM pass (extract and optimize FSM).

11.7.1. Executing FSM_DETECT pass (finding FSMs in design).

11.7.2. Executing FSM_EXTRACT pass (extracting FSM from design).

11.7.3. Executing FSM_OPT pass (simple optimizations of FSMs).

11.7.4. Executing OPT_CLEAN pass (remove unused cells and wires).
Finding unused cells or wires in module \adaptive_aero_control_top..
Finding unused cells or wires in module \adaptive_aero_control_top_spi_fpga_top..

11.7.5. Executing FSM_OPT pass (simple optimizations of FSMs).

11.7.6. Executing FSM_RECODE pass (re-assigning FSM state encoding).

11.7.7. Executing FSM_INFO pass (dumping all available information on FSM cells).

11.7.8. Executing FSM_MAP pass (mapping FSMs to basic logic).

11.8. Executing OPT pass (performing simple optimizations).

11.8.1. Executing OPT_EXPR pass (perform const folding).
Optimizing module adaptive_aero_control_top.
Optimizing module adaptive_aero_control_top_spi_fpga_top.

11.8.2. Executing OPT_MERGE pass (detect identical cells).
Finding identical cells in module `\adaptive_aero_control_top'.
Finding identical cells in module `\adaptive_aero_control_top_spi_fpga_top'.
Removed a total of 0 cells.

11.8.3. Executing OPT_MUXTREE pass (detect dead branches in mux trees).
Running muxtree optimizer on module \adaptive_aero_control_top..
  Creating internal representation of mux trees.
  Evaluating internal representation of mux trees.
  Analyzing evaluation results.
Running muxtree optimizer on module \adaptive_aero_control_top_spi_fpga_top..
  Creating internal representation of mux trees.
  Evaluating internal representation of mux trees.
  Analyzing evaluation results.
Removed 0 multiplexer ports.
<suppressed ~47 debug messages>

11.8.4. Executing OPT_REDUCE pass (consolidate $*mux and $reduce_* inputs).
  Optimizing cells in module \adaptive_aero_control_top.
  Optimizing cells in module \adaptive_aero_control_top_spi_fpga_top.
Performed a total of 0 changes.

11.8.5. Executing OPT_MERGE pass (detect identical cells).
Finding identical cells in module `\adaptive_aero_control_top'.
Finding identical cells in module `\adaptive_aero_control_top_spi_fpga_top'.
Removed a total of 0 cells.

11.8.6. Executing OPT_DFF pass (perform DFF optimizations).

11.8.7. Executing OPT_CLEAN pass (remove unused cells and wires).
Finding unused cells or wires in module \adaptive_aero_control_top..
Finding unused cells or wires in module \adaptive_aero_control_top_spi_fpga_top..

11.8.8. Executing OPT_EXPR pass (perform const folding).
Optimizing module adaptive_aero_control_top.
Optimizing module adaptive_aero_control_top_spi_fpga_top.

11.8.9. Finished OPT passes. (There is nothing left to do.)

11.9. Executing WREDUCE pass (reducing word size of cells).
Removed top 2 bits (of 4) from port B of cell adaptive_aero_control_top.$auto$fsm_map.cc:77:implement_pattern_cache$752 ($eq).
Removed top 2 bits (of 4) from port B of cell adaptive_aero_control_top.$auto$fsm_map.cc:77:implement_pattern_cache$747 ($eq).
Removed top 27 bits (of 32) from port B of cell adaptive_aero_control_top.$ge$/root/chiploop-backend/backend/workflows/11ef0a71-eb09-426d-9e7f-8e35ba118b9c/fpga/src/upstream/adaptive_aero_control_top.v:166$11 ($ge).
Removed top 26 bits (of 32) from port B of cell adaptive_aero_control_top.$le$/root/chiploop-backend/backend/workflows/11ef0a71-eb09-426d-9e7f-8e35ba118b9c/fpga/src/upstream/adaptive_aero_control_top.v:166$12 ($le).
Removed top 16 bits (of 32) from port B of cell adaptive_aero_control_top.$ge$/root/chiploop-backend/backend/workflows/11ef0a71-eb09-426d-9e7f-8e35ba118b9c/fpga/src/upstream/adaptive_aero_control_top.v:173$18 ($ge).
Removed top 16 bits (of 32) from port B of cell adaptive_aero_control_top.$le$/root/chiploop-backend/backend/workflows/11ef0a71-eb09-426d-9e7f-8e35ba118b9c/fpga/src/upstream/adaptive_aero_control_top.v:177$27 ($le).
Removed top 16 bits (of 32) from mux cell adaptive_aero_control_top.$ternary$/root/chiploop-backend/backend/workflows/11ef0a71-eb09-426d-9e7f-8e35ba118b9c/fpga/src/upstream/adaptive_aero_control_top.v:184$37 ($mux).
Removed top 16 bits (of 32) from port B of cell adaptive_aero_control_top.$gt$/root/chiploop-backend/backend/workflows/11ef0a71-eb09-426d-9e7f-8e35ba118b9c/fpga/src/upstream/adaptive_aero_control_top.v:207$50 ($gt).
Removed top 16 bits (of 32) from port B of cell adaptive_aero_control_top.$add$/root/chiploop-backend/backend/workflows/11ef0a71-eb09-426d-9e7f-8e35ba118b9c/fpga/src/upstream/adaptive_aero_control_top.v:208$53 ($add).
Removed top 16 bits (of 32) from port B of cell adaptive_aero_control_top.$sub$/root/chiploop-backend/backend/workflows/11ef0a71-eb09-426d-9e7f-8e35ba118b9c/fpga/src/upstream/adaptive_aero_control_top.v:209$54 ($sub).
Removed top 2 bits (of 4) from port B of cell adaptive_aero_control_top.$auto$opt_dff.cc:195:make_patterns_logic$661 ($ne).
Removed top 31 bits (of 32) from port B of cell adaptive_aero_control_top.$add$/root/chiploop-backend/backend/workflows/11ef0a71-eb09-426d-9e7f-8e35ba118b9c/fpga/src/upstream/adaptive_aero_control_top.v:270$60 ($add).
Removed top 31 bits (of 32) from port B of cell adaptive_aero_control_top.$add$/root/chiploop-backend/backend/workflows/11ef0a71-eb09-426d-9e7f-8e35ba118b9c/fpga/src/upstream/adaptive_aero_control_top.v:333$67 ($add).
Removed top 15 bits (of 16) from port B of cell adaptive_aero_control_top.$add$/root/chiploop-backend/backend/workflows/11ef0a71-eb09-426d-9e7f-8e35ba118b9c/fpga/src/upstream/adaptive_aero_control_top.v:335$69 ($add).
Removed top 31 bits (of 32) from port B of cell adaptive_aero_control_top.$add$/root/chiploop-backend/backend/workflows/11ef0a71-eb09-426d-9e7f-8e35ba118b9c/fpga/src/upstream/adaptive_aero_control_top.v:344$70 ($add).
Removed top 31 bits (of 32) from port B of cell adaptive_aero_control_top.$add$/root/chiploop-backend/backend/workflows/11ef0a71-eb09-426d-9e7f-8e35ba118b9c/fpga/src/upstream/adaptive_aero_control_top.v:351$72 ($add).
Removed top 31 bits (of 32) from port B of cell adaptive_aero_control_top.$add$/root/chiploop-backend/backend/workflows/11ef0a71-eb09-426d-9e7f-8e35ba118b9c/fpga/src/upstream/adaptive_aero_control_top.v:361$75 ($add).
Removed top 31 bits (of 32) from port B of cell adaptive_aero_control_top.$add$/root/chiploop-backend/backend/workflows/11ef0a71-eb09-426d-9e7f-8e35ba118b9c/fpga/src/upstream/adaptive_aero_control_top.v:369$78 ($add).
Removed top 31 bits (of 32) from port B of cell adaptive_aero_control_top.$add$/root/chiploop-backend/backend/workflows/11ef0a71-eb09-426d-9e7f-8e35ba118b9c/fpga/src/upstream/adaptive_aero_control_top.v:372$82 ($add).
Removed top 31 bits (of 32) from port B of cell adaptive_aero_control_top.$add$/root/chiploop-backend/backend/workflows/11ef0a71-eb09-426d-9e7f-8e35ba118b9c/fpga/src/upstream/adaptive_aero_control_top.v:399$90 ($add).
Removed top 1 bits (of 3) from port B of cell adaptive_aero_control_top.$auto$opt_dff.cc:195:make_patterns_logic$646 ($ne).
Removed top 2 bits (of 8) from port B of cell adaptive_aero_control_top.$procmux$552_CMP0 ($eq).
Removed top 2 bits (of 8) from port B of cell adaptive_aero_control_top.$procmux$553_CMP0 ($eq).
Removed top 2 bits (of 8) from port B of cell adaptive_aero_control_top.$procmux$554_CMP0 ($eq).
Removed top 2 bits (of 8) from port B of cell adaptive_aero_control_top.$procmux$555_CMP0 ($eq).
Removed top 2 bits (of 8) from port B of cell adaptive_aero_control_top.$procmux$556_CMP0 ($eq).
Removed top 2 bits (of 8) from port B of cell adaptive_aero_control_top.$procmux$557_CMP0 ($eq).
Removed top 2 bits (of 8) from port B of cell adaptive_aero_control_top.$procmux$558_CMP0 ($eq).
Removed top 3 bits (of 8) from port B of cell adaptive_aero_control_top.$procmux$559_CMP0 ($eq).
Removed top 3 bits (of 8) from port B of cell adaptive_aero_control_top.$procmux$560_CMP0 ($eq).
Removed top 3 bits (of 8) from port B of cell adaptive_aero_control_top.$procmux$561_CMP0 ($eq).
Removed top 3 bits (of 8) from port B of cell adaptive_aero_control_top.$procmux$562_CMP0 ($eq).
Removed top 4 bits (of 8) from port B of cell adaptive_aero_control_top.$procmux$563_CMP0 ($eq).
Removed top 4 bits (of 8) from port B of cell adaptive_aero_control_top.$procmux$564_CMP0 ($eq).
Removed top 5 bits (of 8) from port B of cell adaptive_aero_control_top.$procmux$565_CMP0 ($eq).
Removed top 1 bits (of 3) from port B of cell adaptive_aero_control_top.$auto$fsm_map.cc:77:implement_pattern_cache$741 ($eq).
Removed top 3 bits (of 5) from port B of cell adaptive_aero_control_top.$auto$fsm_map.cc:77:implement_pattern_cache$758 ($eq).
Removed top 1 bits (of 3) from port B of cell adaptive_aero_control_top.$auto$opt_dff.cc:195:make_patterns_logic$663 ($ne).
Removed top 2 bits (of 3) from port B of cell adaptive_aero_control_top.$auto$opt_dff.cc:195:make_patterns_logic$677 ($ne).
Removed top 2 bits (of 3) from port B of cell adaptive_aero_control_top.$auto$opt_dff.cc:195:make_patterns_logic$680 ($ne).
Removed top 1 bits (of 2) from port B of cell adaptive_aero_control_top.$auto$opt_dff.cc:195:make_patterns_logic$683 ($ne).
Removed top 1 bits (of 4) from port B of cell adaptive_aero_control_top.$auto$fsm_map.cc:77:implement_pattern_cache$762 ($eq).
Removed top 16 bits (of 32) from wire adaptive_aero_control_top.$ternary$/root/chiploop-backend/backend/workflows/11ef0a71-eb09-426d-9e7f-8e35ba118b9c/fpga/src/upstream/adaptive_aero_control_top.v:184$37_Y.
Removed top 8 bits (of 32) from wire adaptive_aero_control_top.req_last_reg.
Removed top 17 bits (of 32) from wire adaptive_aero_control_top.rsp_last_reg.
Removed top 16 bits (of 32) from wire adaptive_aero_control_top.rsp_meta_word.
Removed top 16 bits (of 32) from wire adaptive_aero_control_top.stale_thresh.
Removed top 1 bits (of 8) from wire adaptive_aero_control_top.status_reg.
Removed top 16 bits (of 32) from wire adaptive_aero_control_top.timeout_thresh.

11.10. Executing PEEPOPT pass (run peephole optimizers).

11.11. Executing OPT_CLEAN pass (remove unused cells and wires).
Finding unused cells or wires in module \adaptive_aero_control_top..
Finding unused cells or wires in module \adaptive_aero_control_top_spi_fpga_top..
Removed 0 unused cells and 5 unused wires.
<suppressed ~1 debug messages>

11.12. Executing ALUMACC pass (create $alu and $macc cells).
Extracting $alu and $macc cells in module adaptive_aero_control_top:
  creating $macc model for $add$/root/chiploop-backend/backend/workflows/11ef0a71-eb09-426d-9e7f-8e35ba118b9c/fpga/src/upstream/adaptive_aero_control_top.v:208$53 ($add).
  creating $macc model for $add$/root/chiploop-backend/backend/workflows/11ef0a71-eb09-426d-9e7f-8e35ba118b9c/fpga/src/upstream/adaptive_aero_control_top.v:270$60 ($add).
  creating $macc model for $add$/root/chiploop-backend/backend/workflows/11ef0a71-eb09-426d-9e7f-8e35ba118b9c/fpga/src/upstream/adaptive_aero_control_top.v:333$67 ($add).
  creating $macc model for $add$/root/chiploop-backend/backend/workflows/11ef0a71-eb09-426d-9e7f-8e35ba118b9c/fpga/src/upstream/adaptive_aero_control_top.v:335$69 ($add).
  creating $macc model for $add$/root/chiploop-backend/backend/workflows/11ef0a71-eb09-426d-9e7f-8e35ba118b9c/fpga/src/upstream/adaptive_aero_control_top.v:344$70 ($add).
  creating $macc model for $add$/root/chiploop-backend/backend/workflows/11ef0a71-eb09-426d-9e7f-8e35ba118b9c/fpga/src/upstream/adaptive_aero_control_top.v:351$72 ($add).
  creating $macc model for $add$/root/chiploop-backend/backend/workflows/11ef0a71-eb09-426d-9e7f-8e35ba118b9c/fpga/src/upstream/adaptive_aero_control_top.v:361$75 ($add).
  creating $macc model for $add$/root/chiploop-backend/backend/workflows/11ef0a71-eb09-426d-9e7f-8e35ba118b9c/fpga/src/upstream/adaptive_aero_control_top.v:369$78 ($add).
  creating $macc model for $add$/root/chiploop-backend/backend/workflows/11ef0a71-eb09-426d-9e7f-8e35ba118b9c/fpga/src/upstream/adaptive_aero_control_top.v:372$82 ($add).
  creating $macc model for $add$/root/chiploop-backend/backend/workflows/11ef0a71-eb09-426d-9e7f-8e35ba118b9c/fpga/src/upstream/adaptive_aero_control_top.v:399$90 ($add).
  creating $macc model for $sub$/root/chiploop-backend/backend/workflows/11ef0a71-eb09-426d-9e7f-8e35ba118b9c/fpga/src/upstream/adaptive_aero_control_top.v:196$39 ($sub).
  creating $macc model for $sub$/root/chiploop-backend/backend/workflows/11ef0a71-eb09-426d-9e7f-8e35ba118b9c/fpga/src/upstream/adaptive_aero_control_top.v:206$47 ($sub).
  creating $macc model for $sub$/root/chiploop-backend/backend/workflows/11ef0a71-eb09-426d-9e7f-8e35ba118b9c/fpga/src/upstream/adaptive_aero_control_top.v:206$48 ($sub).
  creating $macc model for $sub$/root/chiploop-backend/backend/workflows/11ef0a71-eb09-426d-9e7f-8e35ba118b9c/fpga/src/upstream/adaptive_aero_control_top.v:209$54 ($sub).
  creating $alu model for $macc $sub$/root/chiploop-backend/backend/workflows/11ef0a71-eb09-426d-9e7f-8e35ba118b9c/fpga/src/upstream/adaptive_aero_control_top.v:209$54.
  creating $alu model for $macc $sub$/root/chiploop-backend/backend/workflows/11ef0a71-eb09-426d-9e7f-8e35ba118b9c/fpga/src/upstream/adaptive_aero_control_top.v:206$48.
  creating $alu model for $macc $sub$/root/chiploop-backend/backend/workflows/11ef0a71-eb09-426d-9e7f-8e35ba118b9c/fpga/src/upstream/adaptive_aero_control_top.v:206$47.
  creating $alu model for $macc $sub$/root/chiploop-backend/backend/workflows/11ef0a71-eb09-426d-9e7f-8e35ba118b9c/fpga/src/upstream/adaptive_aero_control_top.v:196$39.
  creating $alu model for $macc $add$/root/chiploop-backend/backend/workflows/11ef0a71-eb09-426d-9e7f-8e35ba118b9c/fpga/src/upstream/adaptive_aero_control_top.v:399$90.
  creating $alu model for $macc $add$/root/chiploop-backend/backend/workflows/11ef0a71-eb09-426d-9e7f-8e35ba118b9c/fpga/src/upstream/adaptive_aero_control_top.v:372$82.
  creating $alu model for $macc $add$/root/chiploop-backend/backend/workflows/11ef0a71-eb09-426d-9e7f-8e35ba118b9c/fpga/src/upstream/adaptive_aero_control_top.v:369$78.
  creating $alu model for $macc $add$/root/chiploop-backend/backend/workflows/11ef0a71-eb09-426d-9e7f-8e35ba118b9c/fpga/src/upstream/adaptive_aero_control_top.v:361$75.
  creating $alu model for $macc $add$/root/chiploop-backend/backend/workflows/11ef0a71-eb09-426d-9e7f-8e35ba118b9c/fpga/src/upstream/adaptive_aero_control_top.v:351$72.
  creating $alu model for $macc $add$/root/chiploop-backend/backend/workflows/11ef0a71-eb09-426d-9e7f-8e35ba118b9c/fpga/src/upstream/adaptive_aero_control_top.v:344$70.
  creating $alu model for $macc $add$/root/chiploop-backend/backend/workflows/11ef0a71-eb09-426d-9e7f-8e35ba118b9c/fpga/src/upstream/adaptive_aero_control_top.v:335$69.
  creating $alu model for $macc $add$/root/chiploop-backend/backend/workflows/11ef0a71-eb09-426d-9e7f-8e35ba118b9c/fpga/src/upstream/adaptive_aero_control_top.v:333$67.
  creating $alu model for $macc $add$/root/chiploop-backend/backend/workflows/11ef0a71-eb09-426d-9e7f-8e35ba118b9c/fpga/src/upstream/adaptive_aero_control_top.v:270$60.
  creating $alu model for $macc $add$/root/chiploop-backend/backend/workflows/11ef0a71-eb09-426d-9e7f-8e35ba118b9c/fpga/src/upstream/adaptive_aero_control_top.v:208$53.
  creating $alu model for $ge$/root/chiploop-backend/backend/workflows/11ef0a71-eb09-426d-9e7f-8e35ba118b9c/fpga/src/upstream/adaptive_aero_control_top.v:166$11 ($ge): new $alu
  creating $alu model for $ge$/root/chiploop-backend/backend/workflows/11ef0a71-eb09-426d-9e7f-8e35ba118b9c/fpga/src/upstream/adaptive_aero_control_top.v:173$18 ($ge): new $alu
  creating $alu model for $ge$/root/chiploop-backend/backend/workflows/11ef0a71-eb09-426d-9e7f-8e35ba118b9c/fpga/src/upstream/adaptive_aero_control_top.v:208$52 ($ge): merged with $sub$/root/chiploop-backend/backend/workflows/11ef0a71-eb09-426d-9e7f-8e35ba118b9c/fpga/src/upstream/adaptive_aero_control_top.v:206$47.
  creating $alu model for $gt$/root/chiploop-backend/backend/workflows/11ef0a71-eb09-426d-9e7f-8e35ba118b9c/fpga/src/upstream/adaptive_aero_control_top.v:203$43 ($gt): new $alu
  creating $alu model for $gt$/root/chiploop-backend/backend/workflows/11ef0a71-eb09-426d-9e7f-8e35ba118b9c/fpga/src/upstream/adaptive_aero_control_top.v:207$50 ($gt): new $alu
  creating $alu model for $le$/root/chiploop-backend/backend/workflows/11ef0a71-eb09-426d-9e7f-8e35ba118b9c/fpga/src/upstream/adaptive_aero_control_top.v:166$12 ($le): new $alu
  creating $alu model for $le$/root/chiploop-backend/backend/workflows/11ef0a71-eb09-426d-9e7f-8e35ba118b9c/fpga/src/upstream/adaptive_aero_control_top.v:177$27 ($le): new $alu
  creating $alu model for $lt$/root/chiploop-backend/backend/workflows/11ef0a71-eb09-426d-9e7f-8e35ba118b9c/fpga/src/upstream/adaptive_aero_control_top.v:202$42 ($lt): new $alu
  creating $alu cell for $lt$/root/chiploop-backend/backend/workflows/11ef0a71-eb09-426d-9e7f-8e35ba118b9c/fpga/src/upstream/adaptive_aero_control_top.v:202$42: $auto$alumacc.cc:485:replace_alu$780
  creating $alu cell for $le$/root/chiploop-backend/backend/workflows/11ef0a71-eb09-426d-9e7f-8e35ba118b9c/fpga/src/upstream/adaptive_aero_control_top.v:177$27: $auto$alumacc.cc:485:replace_alu$785
  creating $alu cell for $le$/root/chiploop-backend/backend/workflows/11ef0a71-eb09-426d-9e7f-8e35ba118b9c/fpga/src/upstream/adaptive_aero_control_top.v:166$12: $auto$alumacc.cc:485:replace_alu$798
  creating $alu cell for $gt$/root/chiploop-backend/backend/workflows/11ef0a71-eb09-426d-9e7f-8e35ba118b9c/fpga/src/upstream/adaptive_aero_control_top.v:207$50: $auto$alumacc.cc:485:replace_alu$811
  creating $alu cell for $gt$/root/chiploop-backend/backend/workflows/11ef0a71-eb09-426d-9e7f-8e35ba118b9c/fpga/src/upstream/adaptive_aero_control_top.v:203$43: $auto$alumacc.cc:485:replace_alu$816
  creating $alu cell for $ge$/root/chiploop-backend/backend/workflows/11ef0a71-eb09-426d-9e7f-8e35ba118b9c/fpga/src/upstream/adaptive_aero_control_top.v:173$18: $auto$alumacc.cc:485:replace_alu$827
  creating $alu cell for $ge$/root/chiploop-backend/backend/workflows/11ef0a71-eb09-426d-9e7f-8e35ba118b9c/fpga/src/upstream/adaptive_aero_control_top.v:166$11: $auto$alumacc.cc:485:replace_alu$836
  creating $alu cell for $add$/root/chiploop-backend/backend/workflows/11ef0a71-eb09-426d-9e7f-8e35ba118b9c/fpga/src/upstream/adaptive_aero_control_top.v:208$53: $auto$alumacc.cc:485:replace_alu$845
  creating $alu cell for $add$/root/chiploop-backend/backend/workflows/11ef0a71-eb09-426d-9e7f-8e35ba118b9c/fpga/src/upstream/adaptive_aero_control_top.v:270$60: $auto$alumacc.cc:485:replace_alu$848
  creating $alu cell for $add$/root/chiploop-backend/backend/workflows/11ef0a71-eb09-426d-9e7f-8e35ba118b9c/fpga/src/upstream/adaptive_aero_control_top.v:333$67: $auto$alumacc.cc:485:replace_alu$851
  creating $alu cell for $add$/root/chiploop-backend/backend/workflows/11ef0a71-eb09-426d-9e7f-8e35ba118b9c/fpga/src/upstream/adaptive_aero_control_top.v:335$69: $auto$alumacc.cc:485:replace_alu$854
  creating $alu cell for $add$/root/chiploop-backend/backend/workflows/11ef0a71-eb09-426d-9e7f-8e35ba118b9c/fpga/src/upstream/adaptive_aero_control_top.v:344$70: $auto$alumacc.cc:485:replace_alu$857
  creating $alu cell for $add$/root/chiploop-backend/backend/workflows/11ef0a71-eb09-426d-9e7f-8e35ba118b9c/fpga/src/upstream/adaptive_aero_control_top.v:351$72: $auto$alumacc.cc:485:replace_alu$860
  creating $alu cell for $add$/root/chiploop-backend/backend/workflows/11ef0a71-eb09-426d-9e7f-8e35ba118b9c/fpga/src/upstream/adaptive_aero_control_top.v:361$75: $auto$alumacc.cc:485:replace_alu$863
  creating $alu cell for $add$/root/chiploop-backend/backend/workflows/11ef0a71-eb09-426d-9e7f-8e35ba118b9c/fpga/src/upstream/adaptive_aero_control_top.v:369$78: $auto$alumacc.cc:485:replace_alu$866
  creating $alu cell for $add$/root/chiploop-backend/backend/workflows/11ef0a71-eb09-426d-9e7f-8e35ba118b9c/fpga/src/upstream/adaptive_aero_control_top.v:372$82: $auto$alumacc.cc:485:replace_alu$869
  creating $alu cell for $add$/root/chiploop-backend/backend/workflows/11ef0a71-eb09-426d-9e7f-8e35ba118b9c/fpga/src/upstream/adaptive_aero_control_top.v:399$90: $auto$alumacc.cc:485:replace_alu$872
  creating $alu cell for $sub$/root/chiploop-backend/backend/workflows/11ef0a71-eb09-426d-9e7f-8e35ba118b9c/fpga/src/upstream/adaptive_aero_control_top.v:196$39: $auto$alumacc.cc:485:replace_alu$875
  creating $alu cell for $sub$/root/chiploop-backend/backend/workflows/11ef0a71-eb09-426d-9e7f-8e35ba118b9c/fpga/src/upstream/adaptive_aero_control_top.v:206$47, $ge$/root/chiploop-backend/backend/workflows/11ef0a71-eb09-426d-9e7f-8e35ba118b9c/fpga/src/upstream/adaptive_aero_control_top.v:208$52: $auto$alumacc.cc:485:replace_alu$878
  creating $alu cell for $sub$/root/chiploop-backend/backend/workflows/11ef0a71-eb09-426d-9e7f-8e35ba118b9c/fpga/src/upstream/adaptive_aero_control_top.v:206$48: $auto$alumacc.cc:485:replace_alu$891
  creating $alu cell for $sub$/root/chiploop-backend/backend/workflows/11ef0a71-eb09-426d-9e7f-8e35ba118b9c/fpga/src/upstream/adaptive_aero_control_top.v:209$54: $auto$alumacc.cc:485:replace_alu$894
  created 21 $alu and 0 $macc cells.
Extracting $alu and $macc cells in module adaptive_aero_control_top_spi_fpga_top:
  created 0 $alu and 0 $macc cells.

11.13. Executing SHARE pass (SAT-based resource sharing).

11.14. Executing OPT pass (performing simple optimizations).

11.14.1. Executing OPT_EXPR pass (perform const folding).
Optimizing module adaptive_aero_control_top.
<suppressed ~2 debug messages>
Optimizing module adaptive_aero_control_top_spi_fpga_top.

11.14.2. Executing OPT_MERGE pass (detect identical cells).
Finding identical cells in module `\adaptive_aero_control_top'.
Finding identical cells in module `\adaptive_aero_control_top_spi_fpga_top'.
Removed a total of 0 cells.

11.14.3. Executing OPT_MUXTREE pass (detect dead branches in mux trees).
Running muxtree optimizer on module \adaptive_aero_control_top..
  Creating internal representation of mux trees.
  Evaluating internal representation of mux trees.
  Analyzing evaluation results.
Running muxtree optimizer on module \adaptive_aero_control_top_spi_fpga_top..
  Creating internal representation of mux trees.
  Evaluating internal representation of mux trees.
  Analyzing evaluation results.
Removed 0 multiplexer ports.
<suppressed ~47 debug messages>

11.14.4. Executing OPT_REDUCE pass (consolidate $*mux and $reduce_* inputs).
  Optimizing cells in module \adaptive_aero_control_top.
  Optimizing cells in module \adaptive_aero_control_top_spi_fpga_top.
Performed a total of 0 changes.

11.14.5. Executing OPT_MERGE pass (detect identical cells).
Finding identical cells in module `\adaptive_aero_control_top'.
Finding identical cells in module `\adaptive_aero_control_top_spi_fpga_top'.
Removed a total of 0 cells.

11.14.6. Executing OPT_DFF pass (perform DFF optimizations).

11.14.7. Executing OPT_CLEAN pass (remove unused cells and wires).
Finding unused cells or wires in module \adaptive_aero_control_top..
Finding unused cells or wires in module \adaptive_aero_control_top_spi_fpga_top..
Removed 2 unused cells and 10 unused wires.
<suppressed ~3 debug messages>

11.14.8. Executing OPT_EXPR pass (perform const folding).
Optimizing module adaptive_aero_control_top.
Optimizing module adaptive_aero_control_top_spi_fpga_top.

11.14.9. Rerunning OPT passes. (Maybe there is more to do..)

11.14.10. Executing OPT_MUXTREE pass (detect dead branches in mux trees).
Running muxtree optimizer on module \adaptive_aero_control_top..
  Creating internal representation of mux trees.
  Evaluating internal representation of mux trees.
  Analyzing evaluation results.
Running muxtree optimizer on module \adaptive_aero_control_top_spi_fpga_top..
  Creating internal representation of mux trees.
  Evaluating internal representation of mux trees.
  Analyzing evaluation results.
Removed 0 multiplexer ports.
<suppressed ~47 debug messages>

11.14.11. Executing OPT_REDUCE pass (consolidate $*mux and $reduce_* inputs).
  Optimizing cells in module \adaptive_aero_control_top.
  Optimizing cells in module \adaptive_aero_control_top_spi_fpga_top.
Performed a total of 0 changes.

11.14.12. Executing OPT_MERGE pass (detect identical cells).
Finding identical cells in module `\adaptive_aero_control_top'.
Finding identical cells in module `\adaptive_aero_control_top_spi_fpga_top'.
Removed a total of 0 cells.

11.14.13. Executing OPT_DFF pass (perform DFF optimizations).

11.14.14. Executing OPT_CLEAN pass (remove unused cells and wires).
Finding unused cells or wires in module \adaptive_aero_control_top..
Finding unused cells or wires in module \adaptive_aero_control_top_spi_fpga_top..

11.14.15. Executing OPT_EXPR pass (perform const folding).
Optimizing module adaptive_aero_control_top.
Optimizing module adaptive_aero_control_top_spi_fpga_top.

11.14.16. Finished OPT passes. (There is nothing left to do.)

11.15. Executing MEMORY pass.

11.15.1. Executing OPT_MEM pass (optimize memories).
Performed a total of 0 transformations.

11.15.2. Executing OPT_MEM_PRIORITY pass (removing unnecessary memory write priority relations).
Performed a total of 0 transformations.

11.15.3. Executing OPT_MEM_FEEDBACK pass (finding memory read-to-write feedback paths).

11.15.4. Executing MEMORY_BMUX2ROM pass (converting muxes to ROMs).

11.15.5. Executing MEMORY_DFF pass (merging $dff cells to $memrd).

11.15.6. Executing OPT_CLEAN pass (remove unused cells and wires).
Finding unused cells or wires in module \adaptive_aero_control_top..
Finding unused cells or wires in module \adaptive_aero_control_top_spi_fpga_top..

11.15.7. Executing MEMORY_SHARE pass (consolidating $memrd/$memwr cells).

11.15.8. Executing OPT_MEM_WIDEN pass (optimize memories where all ports are wide).
Performed a total of 0 transformations.

11.15.9. Executing OPT_CLEAN pass (remove unused cells and wires).
Finding unused cells or wires in module \adaptive_aero_control_top..
Finding unused cells or wires in module \adaptive_aero_control_top_spi_fpga_top..

11.15.10. Executing MEMORY_COLLECT pass (generating $mem cells).

11.16. Executing OPT_CLEAN pass (remove unused cells and wires).
Finding unused cells or wires in module \adaptive_aero_control_top..
Finding unused cells or wires in module \adaptive_aero_control_top_spi_fpga_top..

11.17. Executing OPT pass (performing simple optimizations).

11.17.1. Executing OPT_EXPR pass (perform const folding).
Optimizing module adaptive_aero_control_top.
<suppressed ~42 debug messages>
Optimizing module adaptive_aero_control_top_spi_fpga_top.

11.17.2. Executing OPT_MERGE pass (detect identical cells).
Finding identical cells in module `\adaptive_aero_control_top'.
Finding identical cells in module `\adaptive_aero_control_top_spi_fpga_top'.
Removed a total of 0 cells.

11.17.3. Executing OPT_DFF pass (perform DFF optimizations).
Setting constant 0-bit at position 0 on $auto$ff.cc:266:slice$640 ($adffe) from module adaptive_aero_control_top.

11.17.4. Executing OPT_CLEAN pass (remove unused cells and wires).
Finding unused cells or wires in module \adaptive_aero_control_top..
Finding unused cells or wires in module \adaptive_aero_control_top_spi_fpga_top..
Removed 7 unused cells and 24 unused wires.
<suppressed ~8 debug messages>

11.17.5. Rerunning OPT passes. (Removed registers in this run.)

11.17.6. Executing OPT_EXPR pass (perform const folding).
Optimizing module adaptive_aero_control_top.
<suppressed ~2 debug messages>
Optimizing module adaptive_aero_control_top_spi_fpga_top.

11.17.7. Executing OPT_MERGE pass (detect identical cells).
Finding identical cells in module `\adaptive_aero_control_top'.
Finding identical cells in module `\adaptive_aero_control_top_spi_fpga_top'.
Removed a total of 0 cells.

11.17.8. Executing OPT_DFF pass (perform DFF optimizations).

11.17.9. Executing OPT_CLEAN pass (remove unused cells and wires).
Finding unused cells or wires in module \adaptive_aero_control_top..
Finding unused cells or wires in module \adaptive_aero_control_top_spi_fpga_top..

11.17.10. Finished fast OPT passes.

11.18. Executing MEMORY_MAP pass (converting memories to logic and flip-flops).

11.19. Executing OPT pass (performing simple optimizations).

11.19.1. Executing OPT_EXPR pass (perform const folding).
Optimizing module adaptive_aero_control_top.
Optimizing module adaptive_aero_control_top_spi_fpga_top.

11.19.2. Executing OPT_MERGE pass (detect identical cells).
Finding identical cells in module `\adaptive_aero_control_top'.
Finding identical cells in module `\adaptive_aero_control_top_spi_fpga_top'.
Removed a total of 0 cells.

11.19.3. Executing OPT_MUXTREE pass (detect dead branches in mux trees).
Running muxtree optimizer on module \adaptive_aero_control_top..
  Creating internal representation of mux trees.
  Evaluating internal representation of mux trees.
  Analyzing evaluation results.
Running muxtree optimizer on module \adaptive_aero_control_top_spi_fpga_top..
  Creating internal representation of mux trees.
  Evaluating internal representation of mux trees.
  Analyzing evaluation results.
Removed 0 multiplexer ports.
<suppressed ~41 debug messages>

11.19.4. Executing OPT_REDUCE pass (consolidate $*mux and $reduce_* inputs).
  Optimizing cells in module \adaptive_aero_control_top.
  Optimizing cells in module \adaptive_aero_control_top_spi_fpga_top.
    Consolidated identical input bits for $mux cell $procmux$570:
      Old ports: A={ \tx_snapshot [195:0] 1'0 }, B={ \tx_shift [195:0] 1'0 }, Y=$procmux$570_Y
      New ports: A=\tx_snapshot [195:0], B=\tx_shift [195:0], Y=$procmux$570_Y [196:1]
      New connections: $procmux$570_Y [0] = 1'0
  Optimizing cells in module \adaptive_aero_control_top_spi_fpga_top.
Performed a total of 1 changes.

11.19.5. Executing OPT_MERGE pass (detect identical cells).
Finding identical cells in module `\adaptive_aero_control_top'.
Finding identical cells in module `\adaptive_aero_control_top_spi_fpga_top'.
Removed a total of 0 cells.

11.19.6. Executing OPT_SHARE pass.
    Found cells that share an operand and can be merged by moving the $mux $ternary$/root/chiploop-backend/backend/workflows/11ef0a71-eb09-426d-9e7f-8e35ba118b9c/fpga/src/upstream/adaptive_aero_control_top.v:208$55 in front of them:
        $auto$alumacc.cc:485:replace_alu$845
        $auto$alumacc.cc:485:replace_alu$894

11.19.7. Executing OPT_DFF pass (perform DFF optimizations).

11.19.8. Executing OPT_CLEAN pass (remove unused cells and wires).
Finding unused cells or wires in module \adaptive_aero_control_top..
Finding unused cells or wires in module \adaptive_aero_control_top_spi_fpga_top..
Removed 0 unused cells and 6 unused wires.
<suppressed ~1 debug messages>

11.19.9. Executing OPT_EXPR pass (perform const folding).
Optimizing module adaptive_aero_control_top.
<suppressed ~1 debug messages>
Optimizing module adaptive_aero_control_top_spi_fpga_top.

11.19.10. Rerunning OPT passes. (Maybe there is more to do..)

11.19.11. Executing OPT_MUXTREE pass (detect dead branches in mux trees).
Running muxtree optimizer on module \adaptive_aero_control_top..
  Creating internal representation of mux trees.
  Evaluating internal representation of mux trees.
  Analyzing evaluation results.
Running muxtree optimizer on module \adaptive_aero_control_top_spi_fpga_top..
  Creating internal representation of mux trees.
  Evaluating internal representation of mux trees.
  Analyzing evaluation results.
Removed 0 multiplexer ports.
<suppressed ~42 debug messages>

11.19.12. Executing OPT_REDUCE pass (consolidate $*mux and $reduce_* inputs).
  Optimizing cells in module \adaptive_aero_control_top.
  Optimizing cells in module \adaptive_aero_control_top_spi_fpga_top.
Performed a total of 0 changes.

11.19.13. Executing OPT_MERGE pass (detect identical cells).
Finding identical cells in module `\adaptive_aero_control_top'.
Finding identical cells in module `\adaptive_aero_control_top_spi_fpga_top'.
Removed a total of 0 cells.

11.19.14. Executing OPT_SHARE pass.

11.19.15. Executing OPT_DFF pass (perform DFF optimizations).
Setting constant 0-bit at position 0 on $auto$ff.cc:266:slice$710 ($dffe) from module adaptive_aero_control_top_spi_fpga_top.

11.19.16. Executing OPT_CLEAN pass (remove unused cells and wires).
Finding unused cells or wires in module \adaptive_aero_control_top..
Finding unused cells or wires in module \adaptive_aero_control_top_spi_fpga_top..
Removed 0 unused cells and 1 unused wires.
<suppressed ~1 debug messages>

11.19.17. Executing OPT_EXPR pass (perform const folding).
Optimizing module adaptive_aero_control_top.
Optimizing module adaptive_aero_control_top_spi_fpga_top.

11.19.18. Rerunning OPT passes. (Maybe there is more to do..)

11.19.19. Executing OPT_MUXTREE pass (detect dead branches in mux trees).
Running muxtree optimizer on module \adaptive_aero_control_top..
  Creating internal representation of mux trees.
  Evaluating internal representation of mux trees.
  Analyzing evaluation results.
Running muxtree optimizer on module \adaptive_aero_control_top_spi_fpga_top..
  Creating internal representation of mux trees.
  Evaluating internal representation of mux trees.
  Analyzing evaluation results.
Removed 0 multiplexer ports.
<suppressed ~42 debug messages>

11.19.20. Executing OPT_REDUCE pass (consolidate $*mux and $reduce_* inputs).
  Optimizing cells in module \adaptive_aero_control_top.
  Optimizing cells in module \adaptive_aero_control_top_spi_fpga_top.
Performed a total of 0 changes.

11.19.21. Executing OPT_MERGE pass (detect identical cells).
Finding identical cells in module `\adaptive_aero_control_top'.
Finding identical cells in module `\adaptive_aero_control_top_spi_fpga_top'.
Removed a total of 0 cells.

11.19.22. Executing OPT_SHARE pass.

11.19.23. Executing OPT_DFF pass (perform DFF optimizations).
Adding SRST signal on $auto$ff.cc:266:slice$910 ($dffe) from module adaptive_aero_control_top_spi_fpga_top (D = \tx_snapshot [0], Q = \tx_shift [1], rval = 1'0).

11.19.24. Executing OPT_CLEAN pass (remove unused cells and wires).
Finding unused cells or wires in module \adaptive_aero_control_top..
Finding unused cells or wires in module \adaptive_aero_control_top_spi_fpga_top..

11.19.25. Executing OPT_EXPR pass (perform const folding).
Optimizing module adaptive_aero_control_top.
Optimizing module adaptive_aero_control_top_spi_fpga_top.

11.19.26. Rerunning OPT passes. (Maybe there is more to do..)

11.19.27. Executing OPT_MUXTREE pass (detect dead branches in mux trees).
Running muxtree optimizer on module \adaptive_aero_control_top..
  Creating internal representation of mux trees.
  Evaluating internal representation of mux trees.
  Analyzing evaluation results.
Running muxtree optimizer on module \adaptive_aero_control_top_spi_fpga_top..
  Creating internal representation of mux trees.
  Evaluating internal representation of mux trees.
  Analyzing evaluation results.
Removed 0 multiplexer ports.
<suppressed ~42 debug messages>

11.19.28. Executing OPT_REDUCE pass (consolidate $*mux and $reduce_* inputs).
  Optimizing cells in module \adaptive_aero_control_top.
  Optimizing cells in module \adaptive_aero_control_top_spi_fpga_top.
Performed a total of 0 changes.

11.19.29. Executing OPT_MERGE pass (detect identical cells).
Finding identical cells in module `\adaptive_aero_control_top'.
Finding identical cells in module `\adaptive_aero_control_top_spi_fpga_top'.
Removed a total of 0 cells.

11.19.30. Executing OPT_SHARE pass.

11.19.31. Executing OPT_DFF pass (perform DFF optimizations).

11.19.32. Executing OPT_CLEAN pass (remove unused cells and wires).
Finding unused cells or wires in module \adaptive_aero_control_top..
Finding unused cells or wires in module \adaptive_aero_control_top_spi_fpga_top..

11.19.33. Executing OPT_EXPR pass (perform const folding).
Optimizing module adaptive_aero_control_top.
Optimizing module adaptive_aero_control_top_spi_fpga_top.

11.19.34. Finished OPT passes. (There is nothing left to do.)

11.20. Executing TECHMAP pass (map to technology primitives).

11.20.1. Executing Verilog-2005 frontend: /usr/bin/../share/yosys/techmap.v
Parsing Verilog input from `/usr/bin/../share/yosys/techmap.v' to AST representation.
Generating RTLIL representation for module `\_90_simplemap_bool_ops'.
Generating RTLIL representation for module `\_90_simplemap_reduce_ops'.
Generating RTLIL representation for module `\_90_simplemap_logic_ops'.
Generating RTLIL representation for module `\_90_simplemap_compare_ops'.
Generating RTLIL representation for module `\_90_simplemap_various'.
Generating RTLIL representation for module `\_90_simplemap_registers'.
Generating RTLIL representation for module `\_90_shift_ops_shr_shl_sshl_sshr'.
Generating RTLIL representation for module `\_90_shift_shiftx'.
Generating RTLIL representation for module `\_90_fa'.
Generating RTLIL representation for module `\_90_lcu'.
Generating RTLIL representation for module `\_90_alu'.
Generating RTLIL representation for module `\_90_macc'.
Generating RTLIL representation for module `\_90_alumacc'.
Generating RTLIL representation for module `\$__div_mod_u'.
Generating RTLIL representation for module `\$__div_mod_trunc'.
Generating RTLIL representation for module `\_90_div'.
Generating RTLIL representation for module `\_90_mod'.
Generating RTLIL representation for module `\$__div_mod_floor'.
Generating RTLIL representation for module `\_90_divfloor'.
Generating RTLIL representation for module `\_90_modfloor'.
Generating RTLIL representation for module `\_90_pow'.
Generating RTLIL representation for module `\_90_pmux'.
Generating RTLIL representation for module `\_90_demux'.
Generating RTLIL representation for module `\_90_lut'.
Successfully finished Verilog frontend.

11.20.2. Continuing TECHMAP pass.
Using extmapper simplemap for cells of type $logic_not.
Using extmapper simplemap for cells of type $logic_and.
Using extmapper simplemap for cells of type $mux.
Using extmapper simplemap for cells of type $sdffce.
Using extmapper simplemap for cells of type $adffe.
Using extmapper simplemap for cells of type $dffe.
Using extmapper simplemap for cells of type $adff.
Using extmapper simplemap for cells of type $reduce_and.
Using extmapper simplemap for cells of type $and.
Using extmapper simplemap for cells of type $eq.
Using extmapper simplemap for cells of type $reduce_or.
Using template $paramod$fbc7873bff55778c0b3173955b7e4bce1d9d6834\_90_alu for cells of type $alu.
Using template $paramod$2bd81f420048247ff6903399c560fe0f8bd48ccc\_90_alu for cells of type $alu.
Using extmapper simplemap for cells of type $ne.
Using template $paramod$b0777dc865134c8525a4aa84de8cfa938974cad1\_90_alu for cells of type $alu.
Using extmapper simplemap for cells of type $reduce_bool.
Using template $paramod$8c43a4b340292425d0e15ee12ac6b01ca30bc5f3\_90_alu for cells of type $alu.
Running "alumacc" on wrapper $extern:wrap:$neg:A_SIGNED=0:A_WIDTH=32:Y_WIDTH=32:394426c56d1a028ba8fdd5469b163e04011def47.
Using template $extern:wrap:$neg:A_SIGNED=0:A_WIDTH=32:Y_WIDTH=32:394426c56d1a028ba8fdd5469b163e04011def47 for cells of type $extern:wrap:$neg:A_SIGNED=0:A_WIDTH=32:Y_WIDTH=32:394426c56d1a028ba8fdd5469b163e04011def47.
Using template $paramod$6a42b6fefed750f8a1c58eab59479d960557103c\_90_alu for cells of type $alu.
Using template $paramod$2af30114e9bd4ccb04dad757b3f0a8f6bf0615b0\_90_alu for cells of type $alu.
Using extmapper simplemap for cells of type $logic_or.
Using extmapper simplemap for cells of type $or.
Using extmapper simplemap for cells of type $not.
Using template $paramod$7f1d45a92d0221fa6c256845bf4513df30042923\_90_pmux for cells of type $pmux.
Using extmapper simplemap for cells of type $xor.
Using template $paramod\_90_lcu\WIDTH=32'00000000000000000000000000100000 for cells of type $lcu.
Using extmapper simplemap for cells of type $pos.
Using template $paramod\_90_lcu\WIDTH=32'00000000000000000000000000011101 for cells of type $lcu.
Using template $paramod$c6baa65225090ac0a120feab1b920965244aa496\_90_alu for cells of type $alu.
Using template $paramod\_90_lcu\WIDTH=32'00000000000000000000000000010000 for cells of type $lcu.
No more expansions possible.
<suppressed ~4029 debug messages>

11.21. Executing OPT pass (performing simple optimizations).

11.21.1. Executing OPT_EXPR pass (perform const folding).
Optimizing module adaptive_aero_control_top.
<suppressed ~3421 debug messages>
Optimizing module adaptive_aero_control_top_spi_fpga_top.

11.21.2. Executing OPT_MERGE pass (detect identical cells).
Finding identical cells in module `\adaptive_aero_control_top'.
<suppressed ~2004 debug messages>
Finding identical cells in module `\adaptive_aero_control_top_spi_fpga_top'.
Removed a total of 668 cells.

11.21.3. Executing OPT_DFF pass (perform DFF optimizations).

11.21.4. Executing OPT_CLEAN pass (remove unused cells and wires).
Finding unused cells or wires in module \adaptive_aero_control_top..
Finding unused cells or wires in module \adaptive_aero_control_top_spi_fpga_top..
Removed 653 unused cells and 2312 unused wires.
<suppressed ~654 debug messages>

11.21.5. Finished fast OPT passes.

11.22. Executing ABC pass (technology mapping using ABC).

11.22.1. Extracting gate netlist of module `\adaptive_aero_control_top' to `<abc-temp-dir>/input.blif'..
Extracted 6175 gates and 6861 wires to a netlist network with 684 inputs and 398 outputs.

11.22.1.1. Executing ABC.
Running ABC command: "<yosys-exe-dir>/yosys-abc" -s -f <abc-temp-dir>/abc.script 2>&1
ABC: ABC command line: "source <abc-temp-dir>/abc.script".
ABC: 
ABC: + read_blif <abc-temp-dir>/input.blif 
ABC: + read_library <abc-temp-dir>/stdcells.genlib 
ABC: Entered genlib library with 13 gates from file "<abc-temp-dir>/stdcells.genlib".
ABC: + strash 
ABC: + dretime 
ABC: + map 
ABC: + write_blif <abc-temp-dir>/output.blif 

11.22.1.2. Re-integrating ABC results.
ABC RESULTS:              XNOR cells:       43
ABC RESULTS:             ORNOT cells:      169
ABC RESULTS:               NOR cells:      103
ABC RESULTS:               MUX cells:     1592
ABC RESULTS:               NOT cells:      277
ABC RESULTS:                OR cells:      724
ABC RESULTS:              NAND cells:      256
ABC RESULTS:            ANDNOT cells:     1751
ABC RESULTS:               AND cells:      152
ABC RESULTS:               XOR cells:      613
ABC RESULTS:        internal signals:     5779
ABC RESULTS:           input signals:      684
ABC RESULTS:          output signals:      398
Removing temp directory.

11.22.2. Extracting gate netlist of module `\adaptive_aero_control_top_spi_fpga_top' to `<abc-temp-dir>/input.blif'..
Extracted 198 gates and 593 wires to a netlist network with 395 inputs and 197 outputs.

11.22.2.1. Executing ABC.
Running ABC command: "<yosys-exe-dir>/yosys-abc" -s -f <abc-temp-dir>/abc.script 2>&1
ABC: ABC command line: "source <abc-temp-dir>/abc.script".
ABC: 
ABC: + read_blif <abc-temp-dir>/input.blif 
ABC: + read_library <abc-temp-dir>/stdcells.genlib 
ABC: Entered genlib library with 13 gates from file "<abc-temp-dir>/stdcells.genlib".
ABC: + strash 
ABC: + dretime 
ABC: + map 
ABC: + write_blif <abc-temp-dir>/output.blif 

11.22.2.2. Re-integrating ABC results.
ABC RESULTS:            ANDNOT cells:        1
ABC RESULTS:               MUX cells:      196
ABC RESULTS:        internal signals:        1
ABC RESULTS:           input signals:      395
ABC RESULTS:          output signals:      197
Removing temp directory.

11.23. Executing OPT pass (performing simple optimizations).

11.23.1. Executing OPT_EXPR pass (perform const folding).
Optimizing module adaptive_aero_control_top.
<suppressed ~721 debug messages>
Optimizing module adaptive_aero_control_top_spi_fpga_top.

11.23.2. Executing OPT_MERGE pass (detect identical cells).
Finding identical cells in module `\adaptive_aero_control_top'.
Finding identical cells in module `\adaptive_aero_control_top_spi_fpga_top'.
Removed a total of 0 cells.

11.23.3. Executing OPT_DFF pass (perform DFF optimizations).

11.23.4. Executing OPT_CLEAN pass (remove unused cells and wires).
Finding unused cells or wires in module \adaptive_aero_control_top..
Finding unused cells or wires in module \adaptive_aero_control_top_spi_fpga_top..
Removed 0 unused cells and 2928 unused wires.
<suppressed ~11 debug messages>

11.23.5. Finished fast OPT passes.

11.24. Executing HIERARCHY pass (managing design hierarchy).

11.24.1. Analyzing design hierarchy..
Top module:  \adaptive_aero_control_top_spi_fpga_top
Used module:     \adaptive_aero_control_top

11.24.2. Analyzing design hierarchy..
Top module:  \adaptive_aero_control_top_spi_fpga_top
Used module:     \adaptive_aero_control_top
Removed 0 unused modules.

11.25. Printing statistics.

=== adaptive_aero_control_top ===

   Number of wires:               5428
   Number of wire bits:           7809
   Number of public wires:          79
   Number of public wire bits:    1649
   Number of memories:               0
   Number of memory bits:            0
   Number of processes:              0
   Number of cells:               6375
     $_ANDNOT_                    1751
     $_AND_                        152
     $_DFFE_PN0P_                  540
     $_DFFE_PN1P_                   34
     $_DFF_PN0_                    121
     $_MUX_                       1592
     $_NAND_                       256
     $_NOR_                        103
     $_NOT_                        277
     $_ORNOT_                      169
     $_OR_                         724
     $_XNOR_                        43
     $_XOR_                        613

=== adaptive_aero_control_top_spi_fpga_top ===

   Number of wires:                228
   Number of wire bits:           1607
   Number of public wires:          32
   Number of public wire bits:    1411
   Number of memories:               0
   Number of memory bits:            0
   Number of processes:              0
   Number of cells:               1003
     $_ANDNOT_                       1
     $_DFFE_PN0P_                  204
     $_DFFE_PN_                    399
     $_DFF_PN0_                    197
     $_DFF_PN1_                      3
     $_DFF_PP0_                      1
     $_MUX_                        196
     $_SDFFCE_PP0N_                  1
     adaptive_aero_control_top       1

=== design hierarchy ===

   adaptive_aero_control_top_spi_fpga_top      1
     adaptive_aero_control_top       1

   Number of wires:               5656
   Number of wire bits:           9416
   Number of public wires:         111
   Number of public wire bits:    3060
   Number of memories:               0
   Number of memory bits:            0
   Number of processes:              0
   Number of cells:               7377
     $_ANDNOT_                    1752
     $_AND_                        152
     $_DFFE_PN0P_                  744
     $_DFFE_PN1P_                   34
     $_DFFE_PN_                    399
     $_DFF_PN0_                    318
     $_DFF_PN1_                      3
     $_DFF_PP0_                      1
     $_MUX_                       1788
     $_NAND_                       256
     $_NOR_                        103
     $_NOT_                        277
     $_ORNOT_                      169
     $_OR_                         724
     $_SDFFCE_PP0N_                  1
     $_XNOR_                        43
     $_XOR_                        613

11.26. Executing CHECK pass (checking for obvious problems).
Checking module adaptive_aero_control_top...
Checking module adaptive_aero_control_top_spi_fpga_top...
Found and reported 0 problems.

12. Printing statistics.

=== adaptive_aero_control_top ===

   Number of wires:               5428
   Number of wire bits:           7809
   Number of public wires:          79
   Number of public wire bits:    1649
   Number of memories:               0
   Number of memory bits:            0
   Number of processes:              0
   Number of cells:               6375
     $_ANDNOT_                    1751
     $_AND_                        152
     $_DFFE_PN0P_                  540
     $_DFFE_PN1P_                   34
     $_DFF_PN0_                    121
     $_MUX_                       1592
     $_NAND_                       256
     $_NOR_                        103
     $_NOT_                        277
     $_ORNOT_                      169
     $_OR_                         724
     $_XNOR_                        43
     $_XOR_                        613

=== adaptive_aero_control_top_spi_fpga_top ===

   Number of wires:                228
   Number of wire bits:           1607
   Number of public wires:          32
   Number of public wire bits:    1411
   Number of memories:               0
   Number of memory bits:            0
   Number of processes:              0
   Number of cells:               1003
     $_ANDNOT_                       1
     $_DFFE_PN0P_                  204
     $_DFFE_PN_                    399
     $_DFF_PN0_                    197
     $_DFF_PN1_                      3
     $_DFF_PP0_                      1
     $_MUX_                        196
     $_SDFFCE_PP0N_                  1
     adaptive_aero_control_top       1

=== design hierarchy ===

   adaptive_aero_control_top_spi_fpga_top      1
     adaptive_aero_control_top       1

   Number of wires:               5656
   Number of wire bits:           9416
   Number of public wires:         111
   Number of public wire bits:    3060
   Number of memories:               0
   Number of memory bits:            0
   Number of processes:              0
   Number of cells:               7377
     $_ANDNOT_                    1752
     $_AND_                        152
     $_DFFE_PN0P_                  744
     $_DFFE_PN1P_                   34
     $_DFFE_PN_                    399
     $_DFF_PN0_                    318
     $_DFF_PN1_                      3
     $_DFF_PP0_                      1
     $_MUX_                       1788
     $_NAND_                       256
     $_NOR_                        103
     $_NOT_                        277
     $_ORNOT_                      169
     $_OR_                         724
     $_SDFFCE_PP0N_                  1
     $_XNOR_                        43
     $_XOR_                        613

End of script. Logfile hash: 0a512d255b, CPU: user 5.16s system 0.07s, MEM: 288.32 MB peak
Yosys 0.33 (git sha1 2584903a060)
Time spent: 25% 34x opt_expr (1 sec), 16% 30x opt_clean (0 sec), ...
